year,session_id,utt_id,reason,lab_path,lab_bytes,wav_path,wav_exists
2020,SDRW2000000027,SDRW2000000027.1.1.339,no_textgrid_after_beam10_retry40,D:\20_AUDIO\03_wav\individual\2020\SDRW2000000027\SDRW2000000027.1.1.339.lab,40,D:\20_AUDIO\03_wav\individual\2020\SDRW2000000027\SDRW2000000027.1.1.339.wav,True
2020,SDRW2000000038,SDRW2000000038.1.1.23,no_textgrid_after_beam10_retry40,D:\20_AUDIO\03_wav\individual\2020\SDRW2000000038\SDRW2000000038.1.1.23.lab,26,D:\20_AUDIO\03_wav\individual\2020\SDRW2000000038\SDRW2000000038.1.1.23.wav,True
2020,SDRW2000000045,SDRW2000000045.1.1.220,no_textgrid_after_beam10_retry40,D:\20_AUDIO\03_wav\individual\2020\SDRW2000000045\SDRW2000000045.1.1.220.lab,65,D:\20_AUDIO\03_wav\individual\2020\SDRW2000000045\SDRW2000000045.1.1.220.wav,True
2020,SDRW2000000057,SDRW2000000057.1.1.70,no_textgrid_after_beam10_retry40,D:\20_AUDIO\03_wav\individual\2020\SDRW2000000057\SDRW2000000057.1.1.70.lab,15,D:\20_AUDIO\03_wav\individual\2020\SDRW2000000057\SDRW2000000057.1.1.70.wav,True
2020,SDRW2000000064,SDRW2000000064.1.1.359,no_textgrid_after_beam10_retry40,D:\20_AUDIO\03_wav\individual\2020\SDRW2000000064\SDRW2000000064.1.1.359.lab,50,D:\20_AUDIO\03_wav\individual\2020\SDRW2000000064\SDRW2000000064.1.1.359.wav,True
2020,SDRW2000000071,SDRW2000000071.1.1.24,no_textgrid_after_beam10_retry40,D:\20_AUDIO\03_wav\individual\2020\SDRW2000000071\SDRW2000000071.1.1.24.lab,37,D:\20_AUDIO\03_wav\individual\2020\SDRW2000000071\SDRW2000000071.1.1.24.wav,True
2020,SDRW2000000094,SDRW2000000094.1.1.186,no_textgrid_after_beam10_retry40,D:\20_AUDIO\03_wav\individual\2020\SDRW2000000094\SDRW2000000094.1.1.186.lab,72,D:\20_AUDIO\03_wav\individual\2020\SDRW2000000094\SDRW2000000094.1.1.186.wav,True
2020,SDRW2000000101,SDRW2000000101.1.1.373,no_textgrid_after_beam10_retry40,D:\20_AUDIO\03_wav\individual\2020\SDRW2000000101\SDRW2000000101.1.1.373.lab,53,D:\20_AUDIO\03_wav\individual\2020\SDRW2000000101\SDRW2000000101.1.1.373.wav,True
2020,SDRW2000000108,SDRW2000000108.1.1.101,no_textgrid_after_beam10_retry40,D:\20_AUDIO\03_wav\individual\2020\SDRW2000000108\SDRW2000000108.1.1.101.lab,40,D:\20_AUDIO\03_wav\individual\2020\SDRW2000000108\SDRW2000000108.1.1.101.wav,True
2020,SDRW2000000108,SDRW2000000108.1.1.104,no_textgrid_after_beam10_retry40,D:\20_AUDIO\03_wav\individual\2020\SDRW2000000108\SDRW2000000108.1.1.104.lab,45,D:\20_AUDIO\03_wav\individual\2020\SDRW2000000108\SDRW2000000108.1.1.104.wav,True
2020,SDRW2000000108,SDRW2000000108.1.1.107,no_textgrid_after_beam10_retry40,D:\20_AUDIO\03_wav\individual\2020\SDRW2000000108\SDRW2000000108.1.1.107.lab,46,D:\20_AUDIO\03_wav\individual\2020\SDRW2000000108\SDRW2000000108.1.1.107.wav,True
2020,SDRW2000000108,SDRW2000000108.1.1.108,no_textgrid_after_beam10_retry40,D:\20_AUDIO\03_wav\individual\2020\SDRW2000000108\SDRW2000000108.1.1.108.lab,48,D:\20_AUDIO\03_wav\individual\2020\SDRW2000000108\SDRW2000000108.1.1.108.wav,True
2020,SDRW2000000108,SDRW2000000108.1.1.115,no_textgrid_after_beam10_retry40,D:\20_AUDIO\03_wav\individual\2020\SDRW2000000108\SDRW2000000108.1.1.115.lab,46,D:\20_AUDIO\03_wav\individual\2020\SDRW2000000108\SDRW2000000108.1.1.115.wav,True
2020,SDRW2000000108,SDRW2000000108.1.1.117,no_textgrid_after_beam10_retry40,D:\20_AUDIO\03_wav\individual\2020\SDRW2000000108\SDRW2000000108.1.1.117.lab,69,D:\20_AUDIO\03_wav\individual\2020\SDRW2000000108\SDRW2000000108.1.1.117.wav,True
2020,SDRW2000000108,SDRW2000000108.1.1.127,no_textgrid_after_beam10_retry40,D:\20_AUDIO\03_wav\individual\2020\SDRW2000000108\SDRW2000000108.1.1.127.lab,43,D:\20_AUDIO\03_wav\individual\2020\SDRW2000000108\SDRW2000000108.1.1.127.wav,True
2020,SDRW2000000108,SDRW2000000108.1.1.134,no_textgrid_after_beam10_retry40,D:\20_AUDIO\03_wav\individual\2020\SDRW2000000108\SDRW2000000108.1.1.134.lab,49,D:\20_AUDIO\03_wav\individual\2020\SDRW2000000108\SDRW2000000108.1.1.134.wav,True
2020,SDRW2000000108,SDRW2000000108.1.1.140,no_textgrid_after_beam10_retry40,D:\20_AUDIO\03_wav\individual\2020\SDRW2000000108\SDRW2000000108.1.1.140.lab,29,D:\20_AUDIO\03_wav\individual\2020\SDRW2000000108\SDRW2000000108.1.1.140.wav,True
2020,SDRW2000000108,SDRW2000000108.1.1.142,no_textgrid_after_beam10_retry40,D:\20_AUDIO\03_wav\individual\2020\SDRW2000000108\SDRW2000000108.1.1.142.lab,44,D:\20_AUDIO\03_wav\individual\2020\SDRW2000000108\SDRW2000000108.1.1.142.wav,True
2020,SDRW2000000108,SDRW2000000108.1.1.146,no_textgrid_after_beam10_retry40,D:\20_AUDIO\03_wav\individual\2020\SDRW2000000108\SDRW2000000108.1.1.146.lab,42,D:\20_AUDIO\03_wav\individual\2020\SDRW2000000108\SDRW2000000108.1.1.146.wav,True
2020,SDRW2000000108,SDRW2000000108.1.1.153,no_textgrid_after_beam10_retry40,D:\20_AUDIO\03_wav\individual\2020\SDRW2000000108\SDRW2000000108.1.1.153.lab,69,D:\20_AUDIO\03_wav\individual\2020\SDRW2000000108\SDRW2000000108.1.1.153.wav,True
2020,SDRW2000000108,SDRW2000000108.1.1.156,no_textgrid_after_beam10_retry40,D:\20_AUDIO\03_wav\individual\2020\SDRW2000000108\SDRW2000000108.1.1.156.lab,36,D:\20_AUDIO\03_wav\individual\2020\SDRW2000000108\SDRW2000000108.1.1.156.wav,True
2020,SDRW2000000108,SDRW2000000108.1.1.158,no_textgrid_after_beam10_retry40,D:\20_AUDIO\03_wav\individual\2020\SDRW2000000108\SDRW2000000108.1.1.158.lab,46,D:\20_AUDIO\03_wav\individual\2020\SDRW2000000108\SDRW2000000108.1.1.158.wav,True
2020,SDRW2000000108,SDRW2000000108.1.1.16,no_textgrid_after_beam10_retry40,D:\20_AUDIO\03_wav\individual\2020\SDRW2000000108\SDRW2000000108.1.1.16.lab,40,D:\20_AUDIO\03_wav\individual\2020\SDRW2000000108\SDRW2000000108.1.1.16.wav,True
2020,SDRW2000000108,SDRW2000000108.1.1.163,no_textgrid_after_beam10_retry40,D:\20_AUDIO\03_wav\individual\2020\SDRW2000000108\SDRW2000000108.1.1.163.lab,60,D:\20_AUDIO\03_wav\individual\2020\SDRW2000000108\SDRW2000000108.1.1.163.wav,True
2020,SDRW2000000108,SDRW2000000108.1.1.170,no_textgrid_after_beam10_retry40,D:\20_AUDIO\03_wav\individual\2020\SDRW2000000108\SDRW2000000108.1.1.170.lab,35,D:\20_AUDIO\03_wav\individual\2020\SDRW2000000108\SDRW2000000108.1.1.170.wav,True
2020,SDRW2000000108,SDRW2000000108.1.1.177,no_textgrid_after_beam10_retry40,D:\20_AUDIO\03_wav\individual\2020\SDRW2000000108\SDRW2000000108.1.1.177.lab,35,D:\20_AUDIO\03_wav\individual\2020\SDRW2000000108\SDRW2000000108.1.1.177.wav,True
2020,SDRW2000000108,SDRW2000000108.1.1.180,no_textgrid_after_beam10_retry40,D:\20_AUDIO\03_wav\individual\2020\SDRW2000000108\SDRW2000000108.1.1.180.lab,52,D:\20_AUDIO\03_wav\individual\2020\SDRW2000000108\SDRW2000000108.1.1.180.wav,True
2020,SDRW2000000108,SDRW2000000108.1.1.186,no_textgrid_after_beam10_retry40,D:\20_AUDIO\03_wav\individual\2020\SDRW2000000108\SDRW2000000108.1.1.186.lab,35,D:\20_AUDIO\03_wav\individual\2020\SDRW2000000108\SDRW2000000108.1.1.186.wav,True
2020,SDRW2000000108,SDRW2000000108.1.1.19,no_textgrid_after_beam10_retry40,D:\20_AUDIO\03_wav\individual\2020\SDRW2000000108\SDRW2000000108.1.1.19.lab,43,D:\20_AUDIO\03_wav\individual\2020\SDRW2000000108\SDRW2000000108.1.1.19.wav,True
2020,SDRW2000000108,SDRW2000000108.1.1.196,no_textgrid_after_beam10_retry40,D:\20_AUDIO\03_wav\individual\2020\SDRW2000000108\SDRW2000000108.1.1.196.lab,34,D:\20_AUDIO\03_wav\individual\2020\SDRW2000000108\SDRW2000000108.1.1.196.wav,True
2020,SDRW2000000108,SDRW2000000108.1.1.198,no_textgrid_after_beam10_retry40,D:\20_AUDIO\03_wav\individual\2020\SDRW2000000108\SDRW2000000108.1.1.198.lab,49,D:\20_AUDIO\03_wav\individual\2020\SDRW2000000108\SDRW2000000108.1.1.198.wav,True
2020,SDRW2000000108,SDRW2000000108.1.1.200,no_textgrid_after_beam10_retry40,D:\20_AUDIO\03_wav\individual\2020\SDRW2000000108\SDRW2000000108.1.1.200.lab,39,D:\20_AUDIO\03_wav\individual\2020\SDRW2000000108\SDRW2000000108.1.1.200.wav,True
2020,SDRW2000000108,SDRW2000000108.1.1.203,no_textgrid_after_beam10_retry40,D:\20_AUDIO\03_wav\individual\2020\SDRW2000000108\SDRW2000000108.1.1.203.lab,51,D:\20_AUDIO\03_wav\individual\2020\SDRW2000000108\SDRW2000000108.1.1.203.wav,True
2020,SDRW2000000108,SDRW2000000108.1.1.211,no_textgrid_after_beam10_retry40,D:\20_AUDIO\03_wav\individual\2020\SDRW2000000108\SDRW2000000108.1.1.211.lab,41,D:\20_AUDIO\03_wav\individual\2020\SDRW2000000108\SDRW2000000108.1.1.211.wav,True
2020,SDRW2000000108,SDRW2000000108.1.1.218,no_textgrid_after_beam10_retry40,D:\20_AUDIO\03_wav\individual\2020\SDRW2000000108\SDRW2000000108.1.1.218.lab,56,D:\20_AUDIO\03_wav\individual\2020\SDRW2000000108\SDRW2000000108.1.1.218.wav,True
2020,SDRW2000000108,SDRW2000000108.1.1.22,no_textgrid_after_beam10_retry40,D:\20_AUDIO\03_wav\individual\2020\SDRW2000000108\SDRW2000000108.1.1.22.lab,29,D:\20_AUDIO\03_wav\individual\2020\SDRW2000000108\SDRW2000000108.1.1.22.wav,True
2020,SDRW2000000108,SDRW2000000108.1.1.230,no_textgrid_after_beam10_retry40,D:\20_AUDIO\03_wav\individual\2020\SDRW2000000108\SDRW2000000108.1.1.230.lab,67,D:\20_AUDIO\03_wav\individual\2020\SDRW2000000108\SDRW2000000108.1.1.230.wav,True
2020,SDRW2000000108,SDRW2000000108.1.1.24,no_textgrid_after_beam10_retry40,D:\20_AUDIO\03_wav\individual\2020\SDRW2000000108\SDRW2000000108.1.1.24.lab,78,D:\20_AUDIO\03_wav\individual\2020\SDRW2000000108\SDRW2000000108.1.1.24.wav,True
2020,SDRW2000000108,SDRW2000000108.1.1.241,no_textgrid_after_beam10_retry40,D:\20_AUDIO\03_wav\individual\2020\SDRW2000000108\SDRW2000000108.1.1.241.lab,46,D:\20_AUDIO\03_wav\individual\2020\SDRW2000000108\SDRW2000000108.1.1.241.wav,True
2020,SDRW2000000108,SDRW2000000108.1.1.31,no_textgrid_after_beam10_retry40,D:\20_AUDIO\03_wav\individual\2020\SDRW2000000108\SDRW2000000108.1.1.31.lab,49,D:\20_AUDIO\03_wav\individual\2020\SDRW2000000108\SDRW2000000108.1.1.31.wav,True
2020,SDRW2000000108,SDRW2000000108.1.1.36,no_textgrid_after_beam10_retry40,D:\20_AUDIO\03_wav\individual\2020\SDRW2000000108\SDRW2000000108.1.1.36.lab,40,D:\20_AUDIO\03_wav\individual\2020\SDRW2000000108\SDRW2000000108.1.1.36.wav,True
2020,SDRW2000000108,SDRW2000000108.1.1.48,no_textgrid_after_beam10_retry40,D:\20_AUDIO\03_wav\individual\2020\SDRW2000000108\SDRW2000000108.1.1.48.lab,30,D:\20_AUDIO\03_wav\individual\2020\SDRW2000000108\SDRW2000000108.1.1.48.wav,True
2020,SDRW2000000108,SDRW2000000108.1.1.52,no_textgrid_after_beam10_retry40,D:\20_AUDIO\03_wav\individual\2020\SDRW2000000108\SDRW2000000108.1.1.52.lab,37,D:\20_AUDIO\03_wav\individual\2020\SDRW2000000108\SDRW2000000108.1.1.52.wav,True
2020,SDRW2000000108,SDRW2000000108.1.1.61,no_textgrid_after_beam10_retry40,D:\20_AUDIO\03_wav\individual\2020\SDRW2000000108\SDRW2000000108.1.1.61.lab,46,D:\20_AUDIO\03_wav\individual\2020\SDRW2000000108\SDRW2000000108.1.1.61.wav,True
2020,SDRW2000000108,SDRW2000000108.1.1.91,no_textgrid_after_beam10_retry40,D:\20_AUDIO\03_wav\individual\2020\SDRW2000000108\SDRW2000000108.1.1.91.lab,46,D:\20_AUDIO\03_wav\individual\2020\SDRW2000000108\SDRW2000000108.1.1.91.wav,True
2020,SDRW2000000108,SDRW2000000108.1.1.93,no_textgrid_after_beam10_retry40,D:\20_AUDIO\03_wav\individual\2020\SDRW2000000108\SDRW2000000108.1.1.93.lab,50,D:\20_AUDIO\03_wav\individual\2020\SDRW2000000108\SDRW2000000108.1.1.93.wav,True
2020,SDRW2000000109,SDRW2000000109.1.1.149,no_textgrid_after_beam10_retry40,D:\20_AUDIO\03_wav\individual\2020\SDRW2000000109\SDRW2000000109.1.1.149.lab,17,D:\20_AUDIO\03_wav\individual\2020\SDRW2000000109\SDRW2000000109.1.1.149.wav,True
2020,SDRW2000000113,SDRW2000000113.1.1.178,no_textgrid_after_beam10_retry40,D:\20_AUDIO\03_wav\individual\2020\SDRW2000000113\SDRW2000000113.1.1.178.lab,73,D:\20_AUDIO\03_wav\individual\2020\SDRW2000000113\SDRW2000000113.1.1.178.wav,True
2020,SDRW2000000113,SDRW2000000113.1.1.69,no_textgrid_after_beam10_retry40,D:\20_AUDIO\03_wav\individual\2020\SDRW2000000113\SDRW2000000113.1.1.69.lab,70,D:\20_AUDIO\03_wav\individual\2020\SDRW2000000113\SDRW2000000113.1.1.69.wav,True
2020,SDRW2000000115,SDRW2000000115.1.1.149,no_textgrid_after_beam10_retry40,D:\20_AUDIO\03_wav\individual\2020\SDRW2000000115\SDRW2000000115.1.1.149.lab,27,D:\20_AUDIO\03_wav\individual\2020\SDRW2000000115\SDRW2000000115.1.1.149.wav,True
2020,SDRW2000000115,SDRW2000000115.1.1.251,no_textgrid_after_beam10_retry40,D:\20_AUDIO\03_wav\individual\2020\SDRW2000000115\SDRW2000000115.1.1.251.lab,33,D:\20_AUDIO\03_wav\individual\2020\SDRW2000000115\SDRW2000000115.1.1.251.wav,True
2020,SDRW2000000120,SDRW2000000120.1.1.296,no_textgrid_after_beam10_retry40,D:\20_AUDIO\03_wav\individual\2020\SDRW2000000120\SDRW2000000120.1.1.296.lab,23,D:\20_AUDIO\03_wav\individual\2020\SDRW2000000120\SDRW2000000120.1.1.296.wav,True
2020,SDRW2000000136,SDRW2000000136.1.1.401,no_textgrid_after_beam10_retry40,D:\20_AUDIO\03_wav\individual\2020\SDRW2000000136\SDRW2000000136.1.1.401.lab,26,D:\20_AUDIO\03_wav\individual\2020\SDRW2000000136\SDRW2000000136.1.1.401.wav,True
2020,SDRW2000000159,SDRW2000000159.1.1.102,no_textgrid_after_beam10_retry40,D:\20_AUDIO\03_wav\individual\2020\SDRW2000000159\SDRW2000000159.1.1.102.lab,57,D:\20_AUDIO\03_wav\individual\2020\SDRW2000000159\SDRW2000000159.1.1.102.wav,True
2020,SDRW2000000159,SDRW2000000159.1.1.105,no_textgrid_after_beam10_retry40,D:\20_AUDIO\03_wav\individual\2020\SDRW2000000159\SDRW2000000159.1.1.105.lab,49,D:\20_AUDIO\03_wav\individual\2020\SDRW2000000159\SDRW2000000159.1.1.105.wav,True
2020,SDRW2000000159,SDRW2000000159.1.1.108,no_textgrid_after_beam10_retry40,D:\20_AUDIO\03_wav\individual\2020\SDRW2000000159\SDRW2000000159.1.1.108.lab,44,D:\20_AUDIO\03_wav\individual\2020\SDRW2000000159\SDRW2000000159.1.1.108.wav,True
2020,SDRW2000000159,SDRW2000000159.1.1.110,no_textgrid_after_beam10_retry40,D:\20_AUDIO\03_wav\individual\2020\SDRW2000000159\SDRW2000000159.1.1.110.lab,62,D:\20_AUDIO\03_wav\individual\2020\SDRW2000000159\SDRW2000000159.1.1.110.wav,True
2020,SDRW2000000159,SDRW2000000159.1.1.115,no_textgrid_after_beam10_retry40,D:\20_AUDIO\03_wav\individual\2020\SDRW2000000159\SDRW2000000159.1.1.115.lab,16,D:\20_AUDIO\03_wav\individual\2020\SDRW2000000159\SDRW2000000159.1.1.115.wav,True
2020,SDRW2000000159,SDRW2000000159.1.1.144,no_textgrid_after_beam10_retry40,D:\20_AUDIO\03_wav\individual\2020\SDRW2000000159\SDRW2000000159.1.1.144.lab,53,D:\20_AUDIO\03_wav\individual\2020\SDRW2000000159\SDRW2000000159.1.1.144.wav,True
2020,SDRW2000000159,SDRW2000000159.1.1.145,no_textgrid_after_beam10_retry40,D:\20_AUDIO\03_wav\individual\2020\SDRW2000000159\SDRW2000000159.1.1.145.lab,48,D:\20_AUDIO\03_wav\individual\2020\SDRW2000000159\SDRW2000000159.1.1.145.wav,True
2020,SDRW2000000159,SDRW2000000159.1.1.148,no_textgrid_after_beam10_retry40,D:\20_AUDIO\03_wav\individual\2020\SDRW2000000159\SDRW2000000159.1.1.148.lab,58,D:\20_AUDIO\03_wav\individual\2020\SDRW2000000159\SDRW2000000159.1.1.148.wav,True
2020,SDRW2000000159,SDRW2000000159.1.1.150,no_textgrid_after_beam10_retry40,D:\20_AUDIO\03_wav\individual\2020\SDRW2000000159\SDRW2000000159.1.1.150.lab,53,D:\20_AUDIO\03_wav\individual\2020\SDRW2000000159\SDRW2000000159.1.1.150.wav,True
2020,SDRW2000000159,SDRW2000000159.1.1.152,no_textgrid_after_beam10_retry40,D:\20_AUDIO\03_wav\individual\2020\SDRW2000000159\SDRW2000000159.1.1.152.lab,63,D:\20_AUDIO\03_wav\individual\2020\SDRW2000000159\SDRW2000000159.1.1.152.wav,True
2020,SDRW2000000159,SDRW2000000159.1.1.157,no_textgrid_after_beam10_retry40,D:\20_AUDIO\03_wav\individual\2020\SDRW2000000159\SDRW2000000159.1.1.157.lab,60,D:\20_AUDIO\03_wav\individual\2020\SDRW2000000159\SDRW2000000159.1.1.157.wav,True
2020,SDRW2000000159,SDRW2000000159.1.1.160,no_textgrid_after_beam10_retry40,D:\20_AUDIO\03_wav\individual\2020\SDRW2000000159\SDRW2000000159.1.1.160.lab,67,D:\20_AUDIO\03_wav\individual\2020\SDRW2000000159\SDRW2000000159.1.1.160.wav,True
2020,SDRW2000000159,SDRW2000000159.1.1.171,no_textgrid_after_beam10_retry40,D:\20_AUDIO\03_wav\individual\2020\SDRW2000000159\SDRW2000000159.1.1.171.lab,50,D:\20_AUDIO\03_wav\individual\2020\SDRW2000000159\SDRW2000000159.1.1.171.wav,True
2020,SDRW2000000159,SDRW2000000159.1.1.173,no_textgrid_after_beam10_retry40,D:\20_AUDIO\03_wav\individual\2020\SDRW2000000159\SDRW2000000159.1.1.173.lab,42,D:\20_AUDIO\03_wav\individual\2020\SDRW2000000159\SDRW2000000159.1.1.173.wav,True
2020,SDRW2000000159,SDRW2000000159.1.1.180,no_textgrid_after_beam10_retry40,D:\20_AUDIO\03_wav\individual\2020\SDRW2000000159\SDRW2000000159.1.1.180.lab,37,D:\20_AUDIO\03_wav\individual\2020\SDRW2000000159\SDRW2000000159.1.1.180.wav,True
2020,SDRW2000000159,SDRW2000000159.1.1.181,no_textgrid_after_beam10_retry40,D:\20_AUDIO\03_wav\individual\2020\SDRW2000000159\SDRW2000000159.1.1.181.lab,27,D:\20_AUDIO\03_wav\individual\2020\SDRW2000000159\SDRW2000000159.1.1.181.wav,True
2020,SDRW2000000159,SDRW2000000159.1.1.185,no_textgrid_after_beam10_retry40,D:\20_AUDIO\03_wav\individual\2020\SDRW2000000159\SDRW2000000159.1.1.185.lab,57,D:\20_AUDIO\03_wav\individual\2020\SDRW2000000159\SDRW2000000159.1.1.185.wav,True
2020,SDRW2000000159,SDRW2000000159.1.1.187,no_textgrid_after_beam10_retry40,D:\20_AUDIO\03_wav\individual\2020\SDRW2000000159\SDRW2000000159.1.1.187.lab,62,D:\20_AUDIO\03_wav\individual\2020\SDRW2000000159\SDRW2000000159.1.1.187.wav,True
2020,SDRW2000000159,SDRW2000000159.1.1.192,no_textgrid_after_beam10_retry40,D:\20_AUDIO\03_wav\individual\2020\SDRW2000000159\SDRW2000000159.1.1.192.lab,84,D:\20_AUDIO\03_wav\individual\2020\SDRW2000000159\SDRW2000000159.1.1.192.wav,True
2020,SDRW2000000159,SDRW2000000159.1.1.194,no_textgrid_after_beam10_retry40,D:\20_AUDIO\03_wav\individual\2020\SDRW2000000159\SDRW2000000159.1.1.194.lab,49,D:\20_AUDIO\03_wav\individual\2020\SDRW2000000159\SDRW2000000159.1.1.194.wav,True
2020,SDRW2000000159,SDRW2000000159.1.1.200,no_textgrid_after_beam10_retry40,D:\20_AUDIO\03_wav\individual\2020\SDRW2000000159\SDRW2000000159.1.1.200.lab,77,D:\20_AUDIO\03_wav\individual\2020\SDRW2000000159\SDRW2000000159.1.1.200.wav,True
2020,SDRW2000000159,SDRW2000000159.1.1.202,no_textgrid_after_beam10_retry40,D:\20_AUDIO\03_wav\individual\2020\SDRW2000000159\SDRW2000000159.1.1.202.lab,52,D:\20_AUDIO\03_wav\individual\2020\SDRW2000000159\SDRW2000000159.1.1.202.wav,True
2020,SDRW2000000159,SDRW2000000159.1.1.209,no_textgrid_after_beam10_retry40,D:\20_AUDIO\03_wav\individual\2020\SDRW2000000159\SDRW2000000159.1.1.209.lab,52,D:\20_AUDIO\03_wav\individual\2020\SDRW2000000159\SDRW2000000159.1.1.209.wav,True
2020,SDRW2000000159,SDRW2000000159.1.1.214,no_textgrid_after_beam10_retry40,D:\20_AUDIO\03_wav\individual\2020\SDRW2000000159\SDRW2000000159.1.1.214.lab,39,D:\20_AUDIO\03_wav\individual\2020\SDRW2000000159\SDRW2000000159.1.1.214.wav,True
2020,SDRW2000000159,SDRW2000000159.1.1.217,no_textgrid_after_beam10_retry40,D:\20_AUDIO\03_wav\individual\2020\SDRW2000000159\SDRW2000000159.1.1.217.lab,51,D:\20_AUDIO\03_wav\individual\2020\SDRW2000000159\SDRW2000000159.1.1.217.wav,True
2020,SDRW2000000159,SDRW2000000159.1.1.218,no_textgrid_after_beam10_retry40,D:\20_AUDIO\03_wav\individual\2020\SDRW2000000159\SDRW2000000159.1.1.218.lab,71,D:\20_AUDIO\03_wav\individual\2020\SDRW2000000159\SDRW2000000159.1.1.218.wav,True
2020,SDRW2000000159,SDRW2000000159.1.1.221,no_textgrid_after_beam10_retry40,D:\20_AUDIO\03_wav\individual\2020\SDRW2000000159\SDRW2000000159.1.1.221.lab,43,D:\20_AUDIO\03_wav\individual\2020\SDRW2000000159\SDRW2000000159.1.1.221.wav,True
2020,SDRW2000000159,SDRW2000000159.1.1.225,no_textgrid_after_beam10_retry40,D:\20_AUDIO\03_wav\individual\2020\SDRW2000000159\SDRW2000000159.1.1.225.lab,35,D:\20_AUDIO\03_wav\individual\2020\SDRW2000000159\SDRW2000000159.1.1.225.wav,True
2020,SDRW2000000159,SDRW2000000159.1.1.232,no_textgrid_after_beam10_retry40,D:\20_AUDIO\03_wav\individual\2020\SDRW2000000159\SDRW2000000159.1.1.232.lab,59,D:\20_AUDIO\03_wav\individual\2020\SDRW2000000159\SDRW2000000159.1.1.232.wav,True
2020,SDRW2000000159,SDRW2000000159.1.1.233,no_textgrid_after_beam10_retry40,D:\20_AUDIO\03_wav\individual\2020\SDRW2000000159\SDRW2000000159.1.1.233.lab,53,D:\20_AUDIO\03_wav\individual\2020\SDRW2000000159\SDRW2000000159.1.1.233.wav,True
2020,SDRW2000000159,SDRW2000000159.1.1.238,no_textgrid_after_beam10_retry40,D:\20_AUDIO\03_wav\individual\2020\SDRW2000000159\SDRW2000000159.1.1.238.lab,23,D:\20_AUDIO\03_wav\individual\2020\SDRW2000000159\SDRW2000000159.1.1.238.wav,True
2020,SDRW2000000159,SDRW2000000159.1.1.244,no_textgrid_after_beam10_retry40,D:\20_AUDIO\03_wav\individual\2020\SDRW2000000159\SDRW2000000159.1.1.244.lab,28,D:\20_AUDIO\03_wav\individual\2020\SDRW2000000159\SDRW2000000159.1.1.244.wav,True
2020,SDRW2000000159,SDRW2000000159.1.1.245,no_textgrid_after_beam10_retry40,D:\20_AUDIO\03_wav\individual\2020\SDRW2000000159\SDRW2000000159.1.1.245.lab,52,D:\20_AUDIO\03_wav\individual\2020\SDRW2000000159\SDRW2000000159.1.1.245.wav,True
2020,SDRW2000000159,SDRW2000000159.1.1.249,no_textgrid_after_beam10_retry40,D:\20_AUDIO\03_wav\individual\2020\SDRW2000000159\SDRW2000000159.1.1.249.lab,63,D:\20_AUDIO\03_wav\individual\2020\SDRW2000000159\SDRW2000000159.1.1.249.wav,True
2020,SDRW2000000159,SDRW2000000159.1.1.253,no_textgrid_after_beam10_retry40,D:\20_AUDIO\03_wav\individual\2020\SDRW2000000159\SDRW2000000159.1.1.253.lab,49,D:\20_AUDIO\03_wav\individual\2020\SDRW2000000159\SDRW2000000159.1.1.253.wav,True
2020,SDRW2000000159,SDRW2000000159.1.1.255,no_textgrid_after_beam10_retry40,D:\20_AUDIO\03_wav\individual\2020\SDRW2000000159\SDRW2000000159.1.1.255.lab,57,D:\20_AUDIO\03_wav\individual\2020\SDRW2000000159\SDRW2000000159.1.1.255.wav,True
2020,SDRW2000000159,SDRW2000000159.1.1.259,no_textgrid_after_beam10_retry40,D:\20_AUDIO\03_wav\individual\2020\SDRW2000000159\SDRW2000000159.1.1.259.lab,48,D:\20_AUDIO\03_wav\individual\2020\SDRW2000000159\SDRW2000000159.1.1.259.wav,True
2020,SDRW2000000159,SDRW2000000159.1.1.261,no_textgrid_after_beam10_retry40,D:\20_AUDIO\03_wav\individual\2020\SDRW2000000159\SDRW2000000159.1.1.261.lab,32,D:\20_AUDIO\03_wav\individual\2020\SDRW2000000159\SDRW2000000159.1.1.261.wav,True
2020,SDRW2000000159,SDRW2000000159.1.1.265,no_textgrid_after_beam10_retry40,D:\20_AUDIO\03_wav\individual\2020\SDRW2000000159\SDRW2000000159.1.1.265.lab,49,D:\20_AUDIO\03_wav\individual\2020\SDRW2000000159\SDRW2000000159.1.1.265.wav,True
2020,SDRW2000000159,SDRW2000000159.1.1.268,no_textgrid_after_beam10_retry40,D:\20_AUDIO\03_wav\individual\2020\SDRW2000000159\SDRW2000000159.1.1.268.lab,41,D:\20_AUDIO\03_wav\individual\2020\SDRW2000000159\SDRW2000000159.1.1.268.wav,True
2020,SDRW2000000159,SDRW2000000159.1.1.275,no_textgrid_after_beam10_retry40,D:\20_AUDIO\03_wav\individual\2020\SDRW2000000159\SDRW2000000159.1.1.275.lab,46,D:\20_AUDIO\03_wav\individual\2020\SDRW2000000159\SDRW2000000159.1.1.275.wav,True
2020,SDRW2000000159,SDRW2000000159.1.1.279,no_textgrid_after_beam10_retry40,D:\20_AUDIO\03_wav\individual\2020\SDRW2000000159\SDRW2000000159.1.1.279.lab,44,D:\20_AUDIO\03_wav\individual\2020\SDRW2000000159\SDRW2000000159.1.1.279.wav,True
2020,SDRW2000000159,SDRW2000000159.1.1.285,no_textgrid_after_beam10_retry40,D:\20_AUDIO\03_wav\individual\2020\SDRW2000000159\SDRW2000000159.1.1.285.lab,71,D:\20_AUDIO\03_wav\individual\2020\SDRW2000000159\SDRW2000000159.1.1.285.wav,True
2020,SDRW2000000159,SDRW2000000159.1.1.287,no_textgrid_after_beam10_retry40,D:\20_AUDIO\03_wav\individual\2020\SDRW2000000159\SDRW2000000159.1.1.287.lab,65,D:\20_AUDIO\03_wav\individual\2020\SDRW2000000159\SDRW2000000159.1.1.287.wav,True
2020,SDRW2000000159,SDRW2000000159.1.1.291,no_textgrid_after_beam10_retry40,D:\20_AUDIO\03_wav\individual\2020\SDRW2000000159\SDRW2000000159.1.1.291.lab,30,D:\20_AUDIO\03_wav\individual\2020\SDRW2000000159\SDRW2000000159.1.1.291.wav,True
2020,SDRW2000000159,SDRW2000000159.1.1.297,no_textgrid_after_beam10_retry40,D:\20_AUDIO\03_wav\individual\2020\SDRW2000000159\SDRW2000000159.1.1.297.lab,35,D:\20_AUDIO\03_wav\individual\2020\SDRW2000000159\SDRW2000000159.1.1.297.wav,True
2020,SDRW2000000159,SDRW2000000159.1.1.304,no_textgrid_after_beam10_retry40,D:\20_AUDIO\03_wav\individual\2020\SDRW2000000159\SDRW2000000159.1.1.304.lab,60,D:\20_AUDIO\03_wav\individual\2020\SDRW2000000159\SDRW2000000159.1.1.304.wav,True
2020,SDRW2000000159,SDRW2000000159.1.1.317,no_textgrid_after_beam10_retry40,D:\20_AUDIO\03_wav\individual\2020\SDRW2000000159\SDRW2000000159.1.1.317.lab,59,D:\20_AUDIO\03_wav\individual\2020\SDRW2000000159\SDRW2000000159.1.1.317.wav,True
2020,SDRW2000000159,SDRW2000000159.1.1.320,no_textgrid_after_beam10_retry40,D:\20_AUDIO\03_wav\individual\2020\SDRW2000000159\SDRW2000000159.1.1.320.lab,30,D:\20_AUDIO\03_wav\individual\2020\SDRW2000000159\SDRW2000000159.1.1.320.wav,True
2020,SDRW2000000159,SDRW2000000159.1.1.327,no_textgrid_after_beam10_retry40,D:\20_AUDIO\03_wav\individual\2020\SDRW2000000159\SDRW2000000159.1.1.327.lab,67,D:\20_AUDIO\03_wav\individual\2020\SDRW2000000159\SDRW2000000159.1.1.327.wav,True
2020,SDRW2000000159,SDRW2000000159.1.1.329,no_textgrid_after_beam10_retry40,D:\20_AUDIO\03_wav\individual\2020\SDRW2000000159\SDRW2000000159.1.1.329.lab,38,D:\20_AUDIO\03_wav\individual\2020\SDRW2000000159\SDRW2000000159.1.1.329.wav,True
2020,SDRW2000000159,SDRW2000000159.1.1.338,no_textgrid_after_beam10_retry40,D:\20_AUDIO\03_wav\individual\2020\SDRW2000000159\SDRW2000000159.1.1.338.lab,69,D:\20_AUDIO\03_wav\individual\2020\SDRW2000000159\SDRW2000000159.1.1.338.wav,True
2020,SDRW2000000159,SDRW2000000159.1.1.344,no_textgrid_after_beam10_retry40,D:\20_AUDIO\03_wav\individual\2020\SDRW2000000159\SDRW2000000159.1.1.344.lab,55,D:\20_AUDIO\03_wav\individual\2020\SDRW2000000159\SDRW2000000159.1.1.344.wav,True
2020,SDRW2000000159,SDRW2000000159.1.1.350,no_textgrid_after_beam10_retry40,D:\20_AUDIO\03_wav\individual\2020\SDRW2000000159\SDRW2000000159.1.1.350.lab,49,D:\20_AUDIO\03_wav\individual\2020\SDRW2000000159\SDRW2000000159.1.1.350.wav,True
2020,SDRW2000000159,SDRW2000000159.1.1.353,no_textgrid_after_beam10_retry40,D:\20_AUDIO\03_wav\individual\2020\SDRW2000000159\SDRW2000000159.1.1.353.lab,74,D:\20_AUDIO\03_wav\individual\2020\SDRW2000000159\SDRW2000000159.1.1.353.wav,True
2020,SDRW2000000159,SDRW2000000159.1.1.357,no_textgrid_after_beam10_retry40,D:\20_AUDIO\03_wav\individual\2020\SDRW2000000159\SDRW2000000159.1.1.357.lab,31,D:\20_AUDIO\03_wav\individual\2020\SDRW2000000159\SDRW2000000159.1.1.357.wav,True
2020,SDRW2000000159,SDRW2000000159.1.1.360,no_textgrid_after_beam10_retry40,D:\20_AUDIO\03_wav\individual\2020\SDRW2000000159\SDRW2000000159.1.1.360.lab,50,D:\20_AUDIO\03_wav\individual\2020\SDRW2000000159\SDRW2000000159.1.1.360.wav,True
2020,SDRW2000000159,SDRW2000000159.1.1.361,no_textgrid_after_beam10_retry40,D:\20_AUDIO\03_wav\individual\2020\SDRW2000000159\SDRW2000000159.1.1.361.lab,28,D:\20_AUDIO\03_wav\individual\2020\SDRW2000000159\SDRW2000000159.1.1.361.wav,True
2020,SDRW2000000159,SDRW2000000159.1.1.367,no_textgrid_after_beam10_retry40,D:\20_AUDIO\03_wav\individual\2020\SDRW2000000159\SDRW2000000159.1.1.367.lab,51,D:\20_AUDIO\03_wav\individual\2020\SDRW2000000159\SDRW2000000159.1.1.367.wav,True
2020,SDRW2000000159,SDRW2000000159.1.1.369,no_textgrid_after_beam10_retry40,D:\20_AUDIO\03_wav\individual\2020\SDRW2000000159\SDRW2000000159.1.1.369.lab,54,D:\20_AUDIO\03_wav\individual\2020\SDRW2000000159\SDRW2000000159.1.1.369.wav,True
2020,SDRW2000000159,SDRW2000000159.1.1.371,no_textgrid_after_beam10_retry40,D:\20_AUDIO\03_wav\individual\2020\SDRW2000000159\SDRW2000000159.1.1.371.lab,42,D:\20_AUDIO\03_wav\individual\2020\SDRW2000000159\SDRW2000000159.1.1.371.wav,True
2020,SDRW2000000159,SDRW2000000159.1.1.383,no_textgrid_after_beam10_retry40,D:\20_AUDIO\03_wav\individual\2020\SDRW2000000159\SDRW2000000159.1.1.383.lab,50,D:\20_AUDIO\03_wav\individual\2020\SDRW2000000159\SDRW2000000159.1.1.383.wav,True
2020,SDRW2000000159,SDRW2000000159.1.1.396,no_textgrid_after_beam10_retry40,D:\20_AUDIO\03_wav\individual\2020\SDRW2000000159\SDRW2000000159.1.1.396.lab,37,D:\20_AUDIO\03_wav\individual\2020\SDRW2000000159\SDRW2000000159.1.1.396.wav,True
2020,SDRW2000000159,SDRW2000000159.1.1.398,no_textgrid_after_beam10_retry40,D:\20_AUDIO\03_wav\individual\2020\SDRW2000000159\SDRW2000000159.1.1.398.lab,39,D:\20_AUDIO\03_wav\individual\2020\SDRW2000000159\SDRW2000000159.1.1.398.wav,True
2020,SDRW2000000159,SDRW2000000159.1.1.410,no_textgrid_after_beam10_retry40,D:\20_AUDIO\03_wav\individual\2020\SDRW2000000159\SDRW2000000159.1.1.410.lab,54,D:\20_AUDIO\03_wav\individual\2020\SDRW2000000159\SDRW2000000159.1.1.410.wav,True
2020,SDRW2000000159,SDRW2000000159.1.1.415,no_textgrid_after_beam10_retry40,D:\20_AUDIO\03_wav\individual\2020\SDRW2000000159\SDRW2000000159.1.1.415.lab,43,D:\20_AUDIO\03_wav\individual\2020\SDRW2000000159\SDRW2000000159.1.1.415.wav,True
2020,SDRW2000000161,SDRW2000000161.1.1.224,no_textgrid_after_beam10_retry40,D:\20_AUDIO\03_wav\individual\2020\SDRW2000000161\SDRW2000000161.1.1.224.lab,58,D:\20_AUDIO\03_wav\individual\2020\SDRW2000000161\SDRW2000000161.1.1.224.wav,True
2020,SDRW2000000161,SDRW2000000161.1.1.447,no_textgrid_after_beam10_retry40,D:\20_AUDIO\03_wav\individual\2020\SDRW2000000161\SDRW2000000161.1.1.447.lab,42,D:\20_AUDIO\03_wav\individual\2020\SDRW2000000161\SDRW2000000161.1.1.447.wav,True
2020,SDRW2000000161,SDRW2000000161.1.1.448,no_textgrid_after_beam10_retry40,D:\20_AUDIO\03_wav\individual\2020\SDRW2000000161\SDRW2000000161.1.1.448.lab,36,D:\20_AUDIO\03_wav\individual\2020\SDRW2000000161\SDRW2000000161.1.1.448.wav,True
2020,SDRW2000000180,SDRW2000000180.1.1.67,no_textgrid_after_beam10_retry40,D:\20_AUDIO\03_wav\individual\2020\SDRW2000000180\SDRW2000000180.1.1.67.lab,69,D:\20_AUDIO\03_wav\individual\2020\SDRW2000000180\SDRW2000000180.1.1.67.wav,True
2020,SDRW2000000181,SDRW2000000181.1.1.179,no_textgrid_after_beam10_retry40,D:\20_AUDIO\03_wav\individual\2020\SDRW2000000181\SDRW2000000181.1.1.179.lab,37,D:\20_AUDIO\03_wav\individual\2020\SDRW2000000181\SDRW2000000181.1.1.179.wav,True
2020,SDRW2000000181,SDRW2000000181.1.1.291,no_textgrid_after_beam10_retry40,D:\20_AUDIO\03_wav\individual\2020\SDRW2000000181\SDRW2000000181.1.1.291.lab,78,D:\20_AUDIO\03_wav\individual\2020\SDRW2000000181\SDRW2000000181.1.1.291.wav,True
2020,SDRW2000000181,SDRW2000000181.1.1.414,no_textgrid_after_beam10_retry40,D:\20_AUDIO\03_wav\individual\2020\SDRW2000000181\SDRW2000000181.1.1.414.lab,49,D:\20_AUDIO\03_wav\individual\2020\SDRW2000000181\SDRW2000000181.1.1.414.wav,True
2020,SDRW2000000189,SDRW2000000189.1.1.1,no_textgrid_after_beam10_retry40,D:\20_AUDIO\03_wav\individual\2020\SDRW2000000189\SDRW2000000189.1.1.1.lab,50,D:\20_AUDIO\03_wav\individual\2020\SDRW2000000189\SDRW2000000189.1.1.1.wav,True
2020,SDRW2000000189,SDRW2000000189.1.1.103,no_textgrid_after_beam10_retry40,D:\20_AUDIO\03_wav\individual\2020\SDRW2000000189\SDRW2000000189.1.1.103.lab,23,D:\20_AUDIO\03_wav\individual\2020\SDRW2000000189\SDRW2000000189.1.1.103.wav,True
2020,SDRW2000000189,SDRW2000000189.1.1.110,no_textgrid_after_beam10_retry40,D:\20_AUDIO\03_wav\individual\2020\SDRW2000000189\SDRW2000000189.1.1.110.lab,43,D:\20_AUDIO\03_wav\individual\2020\SDRW2000000189\SDRW2000000189.1.1.110.wav,True
2020,SDRW2000000189,SDRW2000000189.1.1.113,no_textgrid_after_beam10_retry40,D:\20_AUDIO\03_wav\individual\2020\SDRW2000000189\SDRW2000000189.1.1.113.lab,39,D:\20_AUDIO\03_wav\individual\2020\SDRW2000000189\SDRW2000000189.1.1.113.wav,True
2020,SDRW2000000189,SDRW2000000189.1.1.116,no_textgrid_after_beam10_retry40,D:\20_AUDIO\03_wav\individual\2020\SDRW2000000189\SDRW2000000189.1.1.116.lab,47,D:\20_AUDIO\03_wav\individual\2020\SDRW2000000189\SDRW2000000189.1.1.116.wav,True
2020,SDRW2000000189,SDRW2000000189.1.1.118,no_textgrid_after_beam10_retry40,D:\20_AUDIO\03_wav\individual\2020\SDRW2000000189\SDRW2000000189.1.1.118.lab,29,D:\20_AUDIO\03_wav\individual\2020\SDRW2000000189\SDRW2000000189.1.1.118.wav,True
2020,SDRW2000000189,SDRW2000000189.1.1.12,no_textgrid_after_beam10_retry40,D:\20_AUDIO\03_wav\individual\2020\SDRW2000000189\SDRW2000000189.1.1.12.lab,32,D:\20_AUDIO\03_wav\individual\2020\SDRW2000000189\SDRW2000000189.1.1.12.wav,True
2020,SDRW2000000189,SDRW2000000189.1.1.129,no_textgrid_after_beam10_retry40,D:\20_AUDIO\03_wav\individual\2020\SDRW2000000189\SDRW2000000189.1.1.129.lab,25,D:\20_AUDIO\03_wav\individual\2020\SDRW2000000189\SDRW2000000189.1.1.129.wav,True
2020,SDRW2000000189,SDRW2000000189.1.1.13,no_textgrid_after_beam10_retry40,D:\20_AUDIO\03_wav\individual\2020\SDRW2000000189\SDRW2000000189.1.1.13.lab,47,D:\20_AUDIO\03_wav\individual\2020\SDRW2000000189\SDRW2000000189.1.1.13.wav,True
2020,SDRW2000000189,SDRW2000000189.1.1.130,no_textgrid_after_beam10_retry40,D:\20_AUDIO\03_wav\individual\2020\SDRW2000000189\SDRW2000000189.1.1.130.lab,35,D:\20_AUDIO\03_wav\individual\2020\SDRW2000000189\SDRW2000000189.1.1.130.wav,True
2020,SDRW2000000189,SDRW2000000189.1.1.135,no_textgrid_after_beam10_retry40,D:\20_AUDIO\03_wav\individual\2020\SDRW2000000189\SDRW2000000189.1.1.135.lab,91,D:\20_AUDIO\03_wav\individual\2020\SDRW2000000189\SDRW2000000189.1.1.135.wav,True
2020,SDRW2000000189,SDRW2000000189.1.1.139,no_textgrid_after_beam10_retry40,D:\20_AUDIO\03_wav\individual\2020\SDRW2000000189\SDRW2000000189.1.1.139.lab,42,D:\20_AUDIO\03_wav\individual\2020\SDRW2000000189\SDRW2000000189.1.1.139.wav,True
2020,SDRW2000000189,SDRW2000000189.1.1.141,no_textgrid_after_beam10_retry40,D:\20_AUDIO\03_wav\individual\2020\SDRW2000000189\SDRW2000000189.1.1.141.lab,22,D:\20_AUDIO\03_wav\individual\2020\SDRW2000000189\SDRW2000000189.1.1.141.wav,True
2020,SDRW2000000189,SDRW2000000189.1.1.143,no_textgrid_after_beam10_retry40,D:\20_AUDIO\03_wav\individual\2020\SDRW2000000189\SDRW2000000189.1.1.143.lab,30,D:\20_AUDIO\03_wav\individual\2020\SDRW2000000189\SDRW2000000189.1.1.143.wav,True
2020,SDRW2000000189,SDRW2000000189.1.1.145,no_textgrid_after_beam10_retry40,D:\20_AUDIO\03_wav\individual\2020\SDRW2000000189\SDRW2000000189.1.1.145.lab,62,D:\20_AUDIO\03_wav\individual\2020\SDRW2000000189\SDRW2000000189.1.1.145.wav,True
2020,SDRW2000000189,SDRW2000000189.1.1.146,no_textgrid_after_beam10_retry40,D:\20_AUDIO\03_wav\individual\2020\SDRW2000000189\SDRW2000000189.1.1.146.lab,33,D:\20_AUDIO\03_wav\individual\2020\SDRW2000000189\SDRW2000000189.1.1.146.wav,True
2020,SDRW2000000189,SDRW2000000189.1.1.152,no_textgrid_after_beam10_retry40,D:\20_AUDIO\03_wav\individual\2020\SDRW2000000189\SDRW2000000189.1.1.152.lab,80,D:\20_AUDIO\03_wav\individual\2020\SDRW2000000189\SDRW2000000189.1.1.152.wav,True
2020,SDRW2000000189,SDRW2000000189.1.1.154,no_textgrid_after_beam10_retry40,D:\20_AUDIO\03_wav\individual\2020\SDRW2000000189\SDRW2000000189.1.1.154.lab,33,D:\20_AUDIO\03_wav\individual\2020\SDRW2000000189\SDRW2000000189.1.1.154.wav,True
2020,SDRW2000000189,SDRW2000000189.1.1.156,no_textgrid_after_beam10_retry40,D:\20_AUDIO\03_wav\individual\2020\SDRW2000000189\SDRW2000000189.1.1.156.lab,68,D:\20_AUDIO\03_wav\individual\2020\SDRW2000000189\SDRW2000000189.1.1.156.wav,True
2020,SDRW2000000189,SDRW2000000189.1.1.157,no_textgrid_after_beam10_retry40,D:\20_AUDIO\03_wav\individual\2020\SDRW2000000189\SDRW2000000189.1.1.157.lab,68,D:\20_AUDIO\03_wav\individual\2020\SDRW2000000189\SDRW2000000189.1.1.157.wav,True
2020,SDRW2000000189,SDRW2000000189.1.1.161,no_textgrid_after_beam10_retry40,D:\20_AUDIO\03_wav\individual\2020\SDRW2000000189\SDRW2000000189.1.1.161.lab,38,D:\20_AUDIO\03_wav\individual\2020\SDRW2000000189\SDRW2000000189.1.1.161.wav,True
2020,SDRW2000000189,SDRW2000000189.1.1.173,no_textgrid_after_beam10_retry40,D:\20_AUDIO\03_wav\individual\2020\SDRW2000000189\SDRW2000000189.1.1.173.lab,68,D:\20_AUDIO\03_wav\individual\2020\SDRW2000000189\SDRW2000000189.1.1.173.wav,True
2020,SDRW2000000189,SDRW2000000189.1.1.176,no_textgrid_after_beam10_retry40,D:\20_AUDIO\03_wav\individual\2020\SDRW2000000189\SDRW2000000189.1.1.176.lab,43,D:\20_AUDIO\03_wav\individual\2020\SDRW2000000189\SDRW2000000189.1.1.176.wav,True
2020,SDRW2000000189,SDRW2000000189.1.1.178,no_textgrid_after_beam10_retry40,D:\20_AUDIO\03_wav\individual\2020\SDRW2000000189\SDRW2000000189.1.1.178.lab,63,D:\20_AUDIO\03_wav\individual\2020\SDRW2000000189\SDRW2000000189.1.1.178.wav,True
2020,SDRW2000000189,SDRW2000000189.1.1.191,no_textgrid_after_beam10_retry40,D:\20_AUDIO\03_wav\individual\2020\SDRW2000000189\SDRW2000000189.1.1.191.lab,26,D:\20_AUDIO\03_wav\individual\2020\SDRW2000000189\SDRW2000000189.1.1.191.wav,True
2020,SDRW2000000189,SDRW2000000189.1.1.195,no_textgrid_after_beam10_retry40,D:\20_AUDIO\03_wav\individual\2020\SDRW2000000189\SDRW2000000189.1.1.195.lab,106,D:\20_AUDIO\03_wav\individual\2020\SDRW2000000189\SDRW2000000189.1.1.195.wav,True
2020,SDRW2000000189,SDRW2000000189.1.1.196,no_textgrid_after_beam10_retry40,D:\20_AUDIO\03_wav\individual\2020\SDRW2000000189\SDRW2000000189.1.1.196.lab,69,D:\20_AUDIO\03_wav\individual\2020\SDRW2000000189\SDRW2000000189.1.1.196.wav,True
2020,SDRW2000000189,SDRW2000000189.1.1.2,no_textgrid_after_beam10_retry40,D:\20_AUDIO\03_wav\individual\2020\SDRW2000000189\SDRW2000000189.1.1.2.lab,60,D:\20_AUDIO\03_wav\individual\2020\SDRW2000000189\SDRW2000000189.1.1.2.wav,True
2020,SDRW2000000189,SDRW2000000189.1.1.200,no_textgrid_after_beam10_retry40,D:\20_AUDIO\03_wav\individual\2020\SDRW2000000189\SDRW2000000189.1.1.200.lab,29,D:\20_AUDIO\03_wav\individual\2020\SDRW2000000189\SDRW2000000189.1.1.200.wav,True
2020,SDRW2000000189,SDRW2000000189.1.1.202,no_textgrid_after_beam10_retry40,D:\20_AUDIO\03_wav\individual\2020\SDRW2000000189\SDRW2000000189.1.1.202.lab,68,D:\20_AUDIO\03_wav\individual\2020\SDRW2000000189\SDRW2000000189.1.1.202.wav,True
2020,SDRW2000000189,SDRW2000000189.1.1.207,no_textgrid_after_beam10_retry40,D:\20_AUDIO\03_wav\individual\2020\SDRW2000000189\SDRW2000000189.1.1.207.lab,46,D:\20_AUDIO\03_wav\individual\2020\SDRW2000000189\SDRW2000000189.1.1.207.wav,True
2020,SDRW2000000189,SDRW2000000189.1.1.209,no_textgrid_after_beam10_retry40,D:\20_AUDIO\03_wav\individual\2020\SDRW2000000189\SDRW2000000189.1.1.209.lab,30,D:\20_AUDIO\03_wav\individual\2020\SDRW2000000189\SDRW2000000189.1.1.209.wav,True
2020,SDRW2000000189,SDRW2000000189.1.1.214,no_textgrid_after_beam10_retry40,D:\20_AUDIO\03_wav\individual\2020\SDRW2000000189\SDRW2000000189.1.1.214.lab,101,D:\20_AUDIO\03_wav\individual\2020\SDRW2000000189\SDRW2000000189.1.1.214.wav,True
2020,SDRW2000000189,SDRW2000000189.1.1.215,no_textgrid_after_beam10_retry40,D:\20_AUDIO\03_wav\individual\2020\SDRW2000000189\SDRW2000000189.1.1.215.lab,56,D:\20_AUDIO\03_wav\individual\2020\SDRW2000000189\SDRW2000000189.1.1.215.wav,True
2020,SDRW2000000189,SDRW2000000189.1.1.216,no_textgrid_after_beam10_retry40,D:\20_AUDIO\03_wav\individual\2020\SDRW2000000189\SDRW2000000189.1.1.216.lab,53,D:\20_AUDIO\03_wav\individual\2020\SDRW2000000189\SDRW2000000189.1.1.216.wav,True
2020,SDRW2000000189,SDRW2000000189.1.1.218,no_textgrid_after_beam10_retry40,D:\20_AUDIO\03_wav\individual\2020\SDRW2000000189\SDRW2000000189.1.1.218.lab,89,D:\20_AUDIO\03_wav\individual\2020\SDRW2000000189\SDRW2000000189.1.1.218.wav,True
2020,SDRW2000000189,SDRW2000000189.1.1.221,no_textgrid_after_beam10_retry40,D:\20_AUDIO\03_wav\individual\2020\SDRW2000000189\SDRW2000000189.1.1.221.lab,62,D:\20_AUDIO\03_wav\individual\2020\SDRW2000000189\SDRW2000000189.1.1.221.wav,True
2020,SDRW2000000189,SDRW2000000189.1.1.222,no_textgrid_after_beam10_retry40,D:\20_AUDIO\03_wav\individual\2020\SDRW2000000189\SDRW2000000189.1.1.222.lab,43,D:\20_AUDIO\03_wav\individual\2020\SDRW2000000189\SDRW2000000189.1.1.222.wav,True
2020,SDRW2000000189,SDRW2000000189.1.1.235,no_textgrid_after_beam10_retry40,D:\20_AUDIO\03_wav\individual\2020\SDRW2000000189\SDRW2000000189.1.1.235.lab,73,D:\20_AUDIO\03_wav\individual\2020\SDRW2000000189\SDRW2000000189.1.1.235.wav,True
2020,SDRW2000000189,SDRW2000000189.1.1.239,no_textgrid_after_beam10_retry40,D:\20_AUDIO\03_wav\individual\2020\SDRW2000000189\SDRW2000000189.1.1.239.lab,85,D:\20_AUDIO\03_wav\individual\2020\SDRW2000000189\SDRW2000000189.1.1.239.wav,True
2020,SDRW2000000189,SDRW2000000189.1.1.24,no_textgrid_after_beam10_retry40,D:\20_AUDIO\03_wav\individual\2020\SDRW2000000189\SDRW2000000189.1.1.24.lab,42,D:\20_AUDIO\03_wav\individual\2020\SDRW2000000189\SDRW2000000189.1.1.24.wav,True
2020,SDRW2000000189,SDRW2000000189.1.1.242,no_textgrid_after_beam10_retry40,D:\20_AUDIO\03_wav\individual\2020\SDRW2000000189\SDRW2000000189.1.1.242.lab,52,D:\20_AUDIO\03_wav\individual\2020\SDRW2000000189\SDRW2000000189.1.1.242.wav,True
2020,SDRW2000000189,SDRW2000000189.1.1.244,no_textgrid_after_beam10_retry40,D:\20_AUDIO\03_wav\individual\2020\SDRW2000000189\SDRW2000000189.1.1.244.lab,43,D:\20_AUDIO\03_wav\individual\2020\SDRW2000000189\SDRW2000000189.1.1.244.wav,True
2020,SDRW2000000189,SDRW2000000189.1.1.246,no_textgrid_after_beam10_retry40,D:\20_AUDIO\03_wav\individual\2020\SDRW2000000189\SDRW2000000189.1.1.246.lab,63,D:\20_AUDIO\03_wav\individual\2020\SDRW2000000189\SDRW2000000189.1.1.246.wav,True
2020,SDRW2000000189,SDRW2000000189.1.1.251,no_textgrid_after_beam10_retry40,D:\20_AUDIO\03_wav\individual\2020\SDRW2000000189\SDRW2000000189.1.1.251.lab,72,D:\20_AUDIO\03_wav\individual\2020\SDRW2000000189\SDRW2000000189.1.1.251.wav,True
2020,SDRW2000000189,SDRW2000000189.1.1.255,no_textgrid_after_beam10_retry40,D:\20_AUDIO\03_wav\individual\2020\SDRW2000000189\SDRW2000000189.1.1.255.lab,103,D:\20_AUDIO\03_wav\individual\2020\SDRW2000000189\SDRW2000000189.1.1.255.wav,True
2020,SDRW2000000189,SDRW2000000189.1.1.256,no_textgrid_after_beam10_retry40,D:\20_AUDIO\03_wav\individual\2020\SDRW2000000189\SDRW2000000189.1.1.256.lab,56,D:\20_AUDIO\03_wav\individual\2020\SDRW2000000189\SDRW2000000189.1.1.256.wav,True
2020,SDRW2000000189,SDRW2000000189.1.1.257,no_textgrid_after_beam10_retry40,D:\20_AUDIO\03_wav\individual\2020\SDRW2000000189\SDRW2000000189.1.1.257.lab,39,D:\20_AUDIO\03_wav\individual\2020\SDRW2000000189\SDRW2000000189.1.1.257.wav,True
2020,SDRW2000000189,SDRW2000000189.1.1.26,no_textgrid_after_beam10_retry40,D:\20_AUDIO\03_wav\individual\2020\SDRW2000000189\SDRW2000000189.1.1.26.lab,44,D:\20_AUDIO\03_wav\individual\2020\SDRW2000000189\SDRW2000000189.1.1.26.wav,True
2020,SDRW2000000189,SDRW2000000189.1.1.260,no_textgrid_after_beam10_retry40,D:\20_AUDIO\03_wav\individual\2020\SDRW2000000189\SDRW2000000189.1.1.260.lab,76,D:\20_AUDIO\03_wav\individual\2020\SDRW2000000189\SDRW2000000189.1.1.260.wav,True
2020,SDRW2000000189,SDRW2000000189.1.1.263,no_textgrid_after_beam10_retry40,D:\20_AUDIO\03_wav\individual\2020\SDRW2000000189\SDRW2000000189.1.1.263.lab,40,D:\20_AUDIO\03_wav\individual\2020\SDRW2000000189\SDRW2000000189.1.1.263.wav,True
2020,SDRW2000000189,SDRW2000000189.1.1.268,no_textgrid_after_beam10_retry40,D:\20_AUDIO\03_wav\individual\2020\SDRW2000000189\SDRW2000000189.1.1.268.lab,80,D:\20_AUDIO\03_wav\individual\2020\SDRW2000000189\SDRW2000000189.1.1.268.wav,True
2020,SDRW2000000189,SDRW2000000189.1.1.27,no_textgrid_after_beam10_retry40,D:\20_AUDIO\03_wav\individual\2020\SDRW2000000189\SDRW2000000189.1.1.27.lab,49,D:\20_AUDIO\03_wav\individual\2020\SDRW2000000189\SDRW2000000189.1.1.27.wav,True
2020,SDRW2000000189,SDRW2000000189.1.1.271,no_textgrid_after_beam10_retry40,D:\20_AUDIO\03_wav\individual\2020\SDRW2000000189\SDRW2000000189.1.1.271.lab,56,D:\20_AUDIO\03_wav\individual\2020\SDRW2000000189\SDRW2000000189.1.1.271.wav,True
2020,SDRW2000000189,SDRW2000000189.1.1.276,no_textgrid_after_beam10_retry40,D:\20_AUDIO\03_wav\individual\2020\SDRW2000000189\SDRW2000000189.1.1.276.lab,39,D:\20_AUDIO\03_wav\individual\2020\SDRW2000000189\SDRW2000000189.1.1.276.wav,True
2020,SDRW2000000189,SDRW2000000189.1.1.278,no_textgrid_after_beam10_retry40,D:\20_AUDIO\03_wav\individual\2020\SDRW2000000189\SDRW2000000189.1.1.278.lab,72,D:\20_AUDIO\03_wav\individual\2020\SDRW2000000189\SDRW2000000189.1.1.278.wav,True
2020,SDRW2000000189,SDRW2000000189.1.1.286,no_textgrid_after_beam10_retry40,D:\20_AUDIO\03_wav\individual\2020\SDRW2000000189\SDRW2000000189.1.1.286.lab,95,D:\20_AUDIO\03_wav\individual\2020\SDRW2000000189\SDRW2000000189.1.1.286.wav,True
2020,SDRW2000000189,SDRW2000000189.1.1.29,no_textgrid_after_beam10_retry40,D:\20_AUDIO\03_wav\individual\2020\SDRW2000000189\SDRW2000000189.1.1.29.lab,53,D:\20_AUDIO\03_wav\individual\2020\SDRW2000000189\SDRW2000000189.1.1.29.wav,True
2020,SDRW2000000189,SDRW2000000189.1.1.291,no_textgrid_after_beam10_retry40,D:\20_AUDIO\03_wav\individual\2020\SDRW2000000189\SDRW2000000189.1.1.291.lab,44,D:\20_AUDIO\03_wav\individual\2020\SDRW2000000189\SDRW2000000189.1.1.291.wav,True
2020,SDRW2000000189,SDRW2000000189.1.1.292,no_textgrid_after_beam10_retry40,D:\20_AUDIO\03_wav\individual\2020\SDRW2000000189\SDRW2000000189.1.1.292.lab,60,D:\20_AUDIO\03_wav\individual\2020\SDRW2000000189\SDRW2000000189.1.1.292.wav,True
2020,SDRW2000000189,SDRW2000000189.1.1.296,no_textgrid_after_beam10_retry40,D:\20_AUDIO\03_wav\individual\2020\SDRW2000000189\SDRW2000000189.1.1.296.lab,62,D:\20_AUDIO\03_wav\individual\2020\SDRW2000000189\SDRW2000000189.1.1.296.wav,True
2020,SDRW2000000189,SDRW2000000189.1.1.297,no_textgrid_after_beam10_retry40,D:\20_AUDIO\03_wav\individual\2020\SDRW2000000189\SDRW2000000189.1.1.297.lab,112,D:\20_AUDIO\03_wav\individual\2020\SDRW2000000189\SDRW2000000189.1.1.297.wav,True
2020,SDRW2000000189,SDRW2000000189.1.1.298,no_textgrid_after_beam10_retry40,D:\20_AUDIO\03_wav\individual\2020\SDRW2000000189\SDRW2000000189.1.1.298.lab,23,D:\20_AUDIO\03_wav\individual\2020\SDRW2000000189\SDRW2000000189.1.1.298.wav,True
2020,SDRW2000000189,SDRW2000000189.1.1.304,no_textgrid_after_beam10_retry40,D:\20_AUDIO\03_wav\individual\2020\SDRW2000000189\SDRW2000000189.1.1.304.lab,92,D:\20_AUDIO\03_wav\individual\2020\SDRW2000000189\SDRW2000000189.1.1.304.wav,True
2020,SDRW2000000189,SDRW2000000189.1.1.305,no_textgrid_after_beam10_retry40,D:\20_AUDIO\03_wav\individual\2020\SDRW2000000189\SDRW2000000189.1.1.305.lab,100,D:\20_AUDIO\03_wav\individual\2020\SDRW2000000189\SDRW2000000189.1.1.305.wav,True
2020,SDRW2000000189,SDRW2000000189.1.1.308,no_textgrid_after_beam10_retry40,D:\20_AUDIO\03_wav\individual\2020\SDRW2000000189\SDRW2000000189.1.1.308.lab,51,D:\20_AUDIO\03_wav\individual\2020\SDRW2000000189\SDRW2000000189.1.1.308.wav,True
2020,SDRW2000000189,SDRW2000000189.1.1.314,no_textgrid_after_beam10_retry40,D:\20_AUDIO\03_wav\individual\2020\SDRW2000000189\SDRW2000000189.1.1.314.lab,36,D:\20_AUDIO\03_wav\individual\2020\SDRW2000000189\SDRW2000000189.1.1.314.wav,True
2020,SDRW2000000189,SDRW2000000189.1.1.323,no_textgrid_after_beam10_retry40,D:\20_AUDIO\03_wav\individual\2020\SDRW2000000189\SDRW2000000189.1.1.323.lab,57,D:\20_AUDIO\03_wav\individual\2020\SDRW2000000189\SDRW2000000189.1.1.323.wav,True
2020,SDRW2000000189,SDRW2000000189.1.1.329,no_textgrid_after_beam10_retry40,D:\20_AUDIO\03_wav\individual\2020\SDRW2000000189\SDRW2000000189.1.1.329.lab,56,D:\20_AUDIO\03_wav\individual\2020\SDRW2000000189\SDRW2000000189.1.1.329.wav,True
2020,SDRW2000000189,SDRW2000000189.1.1.330,no_textgrid_after_beam10_retry40,D:\20_AUDIO\03_wav\individual\2020\SDRW2000000189\SDRW2000000189.1.1.330.lab,43,D:\20_AUDIO\03_wav\individual\2020\SDRW2000000189\SDRW2000000189.1.1.330.wav,True
2020,SDRW2000000189,SDRW2000000189.1.1.336,no_textgrid_after_beam10_retry40,D:\20_AUDIO\03_wav\individual\2020\SDRW2000000189\SDRW2000000189.1.1.336.lab,73,D:\20_AUDIO\03_wav\individual\2020\SDRW2000000189\SDRW2000000189.1.1.336.wav,True
2020,SDRW2000000189,SDRW2000000189.1.1.338,no_textgrid_after_beam10_retry40,D:\20_AUDIO\03_wav\individual\2020\SDRW2000000189\SDRW2000000189.1.1.338.lab,79,D:\20_AUDIO\03_wav\individual\2020\SDRW2000000189\SDRW2000000189.1.1.338.wav,True
2020,SDRW2000000189,SDRW2000000189.1.1.342,no_textgrid_after_beam10_retry40,D:\20_AUDIO\03_wav\individual\2020\SDRW2000000189\SDRW2000000189.1.1.342.lab,74,D:\20_AUDIO\03_wav\individual\2020\SDRW2000000189\SDRW2000000189.1.1.342.wav,True
2020,SDRW2000000189,SDRW2000000189.1.1.347,no_textgrid_after_beam10_retry40,D:\20_AUDIO\03_wav\individual\2020\SDRW2000000189\SDRW2000000189.1.1.347.lab,43,D:\20_AUDIO\03_wav\individual\2020\SDRW2000000189\SDRW2000000189.1.1.347.wav,True
2020,SDRW2000000189,SDRW2000000189.1.1.348,no_textgrid_after_beam10_retry40,D:\20_AUDIO\03_wav\individual\2020\SDRW2000000189\SDRW2000000189.1.1.348.lab,63,D:\20_AUDIO\03_wav\individual\2020\SDRW2000000189\SDRW2000000189.1.1.348.wav,True
2020,SDRW2000000189,SDRW2000000189.1.1.350,no_textgrid_after_beam10_retry40,D:\20_AUDIO\03_wav\individual\2020\SDRW2000000189\SDRW2000000189.1.1.350.lab,29,D:\20_AUDIO\03_wav\individual\2020\SDRW2000000189\SDRW2000000189.1.1.350.wav,True
2020,SDRW2000000189,SDRW2000000189.1.1.352,no_textgrid_after_beam10_retry40,D:\20_AUDIO\03_wav\individual\2020\SDRW2000000189\SDRW2000000189.1.1.352.lab,42,D:\20_AUDIO\03_wav\individual\2020\SDRW2000000189\SDRW2000000189.1.1.352.wav,True
2020,SDRW2000000189,SDRW2000000189.1.1.360,no_textgrid_after_beam10_retry40,D:\20_AUDIO\03_wav\individual\2020\SDRW2000000189\SDRW2000000189.1.1.360.lab,81,D:\20_AUDIO\03_wav\individual\2020\SDRW2000000189\SDRW2000000189.1.1.360.wav,True
2020,SDRW2000000189,SDRW2000000189.1.1.362,no_textgrid_after_beam10_retry40,D:\20_AUDIO\03_wav\individual\2020\SDRW2000000189\SDRW2000000189.1.1.362.lab,53,D:\20_AUDIO\03_wav\individual\2020\SDRW2000000189\SDRW2000000189.1.1.362.wav,True
2020,SDRW2000000189,SDRW2000000189.1.1.376,no_textgrid_after_beam10_retry40,D:\20_AUDIO\03_wav\individual\2020\SDRW2000000189\SDRW2000000189.1.1.376.lab,108,D:\20_AUDIO\03_wav\individual\2020\SDRW2000000189\SDRW2000000189.1.1.376.wav,True
2020,SDRW2000000189,SDRW2000000189.1.1.378,no_textgrid_after_beam10_retry40,D:\20_AUDIO\03_wav\individual\2020\SDRW2000000189\SDRW2000000189.1.1.378.lab,58,D:\20_AUDIO\03_wav\individual\2020\SDRW2000000189\SDRW2000000189.1.1.378.wav,True
2020,SDRW2000000189,SDRW2000000189.1.1.382,no_textgrid_after_beam10_retry40,D:\20_AUDIO\03_wav\individual\2020\SDRW2000000189\SDRW2000000189.1.1.382.lab,87,D:\20_AUDIO\03_wav\individual\2020\SDRW2000000189\SDRW2000000189.1.1.382.wav,True
2020,SDRW2000000189,SDRW2000000189.1.1.383,no_textgrid_after_beam10_retry40,D:\20_AUDIO\03_wav\individual\2020\SDRW2000000189\SDRW2000000189.1.1.383.lab,16,D:\20_AUDIO\03_wav\individual\2020\SDRW2000000189\SDRW2000000189.1.1.383.wav,True
2020,SDRW2000000189,SDRW2000000189.1.1.393,no_textgrid_after_beam10_retry40,D:\20_AUDIO\03_wav\individual\2020\SDRW2000000189\SDRW2000000189.1.1.393.lab,56,D:\20_AUDIO\03_wav\individual\2020\SDRW2000000189\SDRW2000000189.1.1.393.wav,True
2020,SDRW2000000189,SDRW2000000189.1.1.397,no_textgrid_after_beam10_retry40,D:\20_AUDIO\03_wav\individual\2020\SDRW2000000189\SDRW2000000189.1.1.397.lab,125,D:\20_AUDIO\03_wav\individual\2020\SDRW2000000189\SDRW2000000189.1.1.397.wav,True
2020,SDRW2000000189,SDRW2000000189.1.1.398,no_textgrid_after_beam10_retry40,D:\20_AUDIO\03_wav\individual\2020\SDRW2000000189\SDRW2000000189.1.1.398.lab,63,D:\20_AUDIO\03_wav\individual\2020\SDRW2000000189\SDRW2000000189.1.1.398.wav,True
2020,SDRW2000000189,SDRW2000000189.1.1.4,no_textgrid_after_beam10_retry40,D:\20_AUDIO\03_wav\individual\2020\SDRW2000000189\SDRW2000000189.1.1.4.lab,59,D:\20_AUDIO\03_wav\individual\2020\SDRW2000000189\SDRW2000000189.1.1.4.wav,True
2020,SDRW2000000189,SDRW2000000189.1.1.410,no_textgrid_after_beam10_retry40,D:\20_AUDIO\03_wav\individual\2020\SDRW2000000189\SDRW2000000189.1.1.410.lab,26,D:\20_AUDIO\03_wav\individual\2020\SDRW2000000189\SDRW2000000189.1.1.410.wav,True
2020,SDRW2000000189,SDRW2000000189.1.1.411,no_textgrid_after_beam10_retry40,D:\20_AUDIO\03_wav\individual\2020\SDRW2000000189\SDRW2000000189.1.1.411.lab,48,D:\20_AUDIO\03_wav\individual\2020\SDRW2000000189\SDRW2000000189.1.1.411.wav,True
2020,SDRW2000000189,SDRW2000000189.1.1.42,no_textgrid_after_beam10_retry40,D:\20_AUDIO\03_wav\individual\2020\SDRW2000000189\SDRW2000000189.1.1.42.lab,106,D:\20_AUDIO\03_wav\individual\2020\SDRW2000000189\SDRW2000000189.1.1.42.wav,True
2020,SDRW2000000189,SDRW2000000189.1.1.44,no_textgrid_after_beam10_retry40,D:\20_AUDIO\03_wav\individual\2020\SDRW2000000189\SDRW2000000189.1.1.44.lab,82,D:\20_AUDIO\03_wav\individual\2020\SDRW2000000189\SDRW2000000189.1.1.44.wav,True
2020,SDRW2000000189,SDRW2000000189.1.1.46,no_textgrid_after_beam10_retry40,D:\20_AUDIO\03_wav\individual\2020\SDRW2000000189\SDRW2000000189.1.1.46.lab,19,D:\20_AUDIO\03_wav\individual\2020\SDRW2000000189\SDRW2000000189.1.1.46.wav,True
2020,SDRW2000000189,SDRW2000000189.1.1.50,no_textgrid_after_beam10_retry40,D:\20_AUDIO\03_wav\individual\2020\SDRW2000000189\SDRW2000000189.1.1.50.lab,37,D:\20_AUDIO\03_wav\individual\2020\SDRW2000000189\SDRW2000000189.1.1.50.wav,True
2020,SDRW2000000189,SDRW2000000189.1.1.53,no_textgrid_after_beam10_retry40,D:\20_AUDIO\03_wav\individual\2020\SDRW2000000189\SDRW2000000189.1.1.53.lab,127,D:\20_AUDIO\03_wav\individual\2020\SDRW2000000189\SDRW2000000189.1.1.53.wav,True
2020,SDRW2000000189,SDRW2000000189.1.1.54,no_textgrid_after_beam10_retry40,D:\20_AUDIO\03_wav\individual\2020\SDRW2000000189\SDRW2000000189.1.1.54.lab,34,D:\20_AUDIO\03_wav\individual\2020\SDRW2000000189\SDRW2000000189.1.1.54.wav,True
2020,SDRW2000000189,SDRW2000000189.1.1.58,no_textgrid_after_beam10_retry40,D:\20_AUDIO\03_wav\individual\2020\SDRW2000000189\SDRW2000000189.1.1.58.lab,77,D:\20_AUDIO\03_wav\individual\2020\SDRW2000000189\SDRW2000000189.1.1.58.wav,True
2020,SDRW2000000189,SDRW2000000189.1.1.60,no_textgrid_after_beam10_retry40,D:\20_AUDIO\03_wav\individual\2020\SDRW2000000189\SDRW2000000189.1.1.60.lab,83,D:\20_AUDIO\03_wav\individual\2020\SDRW2000000189\SDRW2000000189.1.1.60.wav,True
2020,SDRW2000000189,SDRW2000000189.1.1.68,no_textgrid_after_beam10_retry40,D:\20_AUDIO\03_wav\individual\2020\SDRW2000000189\SDRW2000000189.1.1.68.lab,53,D:\20_AUDIO\03_wav\individual\2020\SDRW2000000189\SDRW2000000189.1.1.68.wav,True
2020,SDRW2000000189,SDRW2000000189.1.1.7,no_textgrid_after_beam10_retry40,D:\20_AUDIO\03_wav\individual\2020\SDRW2000000189\SDRW2000000189.1.1.7.lab,55,D:\20_AUDIO\03_wav\individual\2020\SDRW2000000189\SDRW2000000189.1.1.7.wav,True
2020,SDRW2000000189,SDRW2000000189.1.1.70,no_textgrid_after_beam10_retry40,D:\20_AUDIO\03_wav\individual\2020\SDRW2000000189\SDRW2000000189.1.1.70.lab,60,D:\20_AUDIO\03_wav\individual\2020\SDRW2000000189\SDRW2000000189.1.1.70.wav,True
2020,SDRW2000000189,SDRW2000000189.1.1.75,no_textgrid_after_beam10_retry40,D:\20_AUDIO\03_wav\individual\2020\SDRW2000000189\SDRW2000000189.1.1.75.lab,111,D:\20_AUDIO\03_wav\individual\2020\SDRW2000000189\SDRW2000000189.1.1.75.wav,True
2020,SDRW2000000189,SDRW2000000189.1.1.78,no_textgrid_after_beam10_retry40,D:\20_AUDIO\03_wav\individual\2020\SDRW2000000189\SDRW2000000189.1.1.78.lab,93,D:\20_AUDIO\03_wav\individual\2020\SDRW2000000189\SDRW2000000189.1.1.78.wav,True
2020,SDRW2000000189,SDRW2000000189.1.1.79,no_textgrid_after_beam10_retry40,D:\20_AUDIO\03_wav\individual\2020\SDRW2000000189\SDRW2000000189.1.1.79.lab,53,D:\20_AUDIO\03_wav\individual\2020\SDRW2000000189\SDRW2000000189.1.1.79.wav,True
2020,SDRW2000000189,SDRW2000000189.1.1.86,no_textgrid_after_beam10_retry40,D:\20_AUDIO\03_wav\individual\2020\SDRW2000000189\SDRW2000000189.1.1.86.lab,53,D:\20_AUDIO\03_wav\individual\2020\SDRW2000000189\SDRW2000000189.1.1.86.wav,True
2020,SDRW2000000189,SDRW2000000189.1.1.89,no_textgrid_after_beam10_retry40,D:\20_AUDIO\03_wav\individual\2020\SDRW2000000189\SDRW2000000189.1.1.89.lab,68,D:\20_AUDIO\03_wav\individual\2020\SDRW2000000189\SDRW2000000189.1.1.89.wav,True
2020,SDRW2000000189,SDRW2000000189.1.1.97,no_textgrid_after_beam10_retry40,D:\20_AUDIO\03_wav\individual\2020\SDRW2000000189\SDRW2000000189.1.1.97.lab,47,D:\20_AUDIO\03_wav\individual\2020\SDRW2000000189\SDRW2000000189.1.1.97.wav,True
2020,SDRW2000000194,SDRW2000000194.1.1.214,no_textgrid_after_beam10_retry40,D:\20_AUDIO\03_wav\individual\2020\SDRW2000000194\SDRW2000000194.1.1.214.lab,20,D:\20_AUDIO\03_wav\individual\2020\SDRW2000000194\SDRW2000000194.1.1.214.wav,True
2020,SDRW2000000197,SDRW2000000197.1.1.100,no_textgrid_after_beam10_retry40,D:\20_AUDIO\03_wav\individual\2020\SDRW2000000197\SDRW2000000197.1.1.100.lab,65,D:\20_AUDIO\03_wav\individual\2020\SDRW2000000197\SDRW2000000197.1.1.100.wav,True
2020,SDRW2000000197,SDRW2000000197.1.1.101,no_textgrid_after_beam10_retry40,D:\20_AUDIO\03_wav\individual\2020\SDRW2000000197\SDRW2000000197.1.1.101.lab,49,D:\20_AUDIO\03_wav\individual\2020\SDRW2000000197\SDRW2000000197.1.1.101.wav,True
2020,SDRW2000000197,SDRW2000000197.1.1.111,no_textgrid_after_beam10_retry40,D:\20_AUDIO\03_wav\individual\2020\SDRW2000000197\SDRW2000000197.1.1.111.lab,51,D:\20_AUDIO\03_wav\individual\2020\SDRW2000000197\SDRW2000000197.1.1.111.wav,True
2020,SDRW2000000197,SDRW2000000197.1.1.114,no_textgrid_after_beam10_retry40,D:\20_AUDIO\03_wav\individual\2020\SDRW2000000197\SDRW2000000197.1.1.114.lab,50,D:\20_AUDIO\03_wav\individual\2020\SDRW2000000197\SDRW2000000197.1.1.114.wav,True
2020,SDRW2000000197,SDRW2000000197.1.1.115,no_textgrid_after_beam10_retry40,D:\20_AUDIO\03_wav\individual\2020\SDRW2000000197\SDRW2000000197.1.1.115.lab,55,D:\20_AUDIO\03_wav\individual\2020\SDRW2000000197\SDRW2000000197.1.1.115.wav,True
2020,SDRW2000000197,SDRW2000000197.1.1.119,no_textgrid_after_beam10_retry40,D:\20_AUDIO\03_wav\individual\2020\SDRW2000000197\SDRW2000000197.1.1.119.lab,53,D:\20_AUDIO\03_wav\individual\2020\SDRW2000000197\SDRW2000000197.1.1.119.wav,True
2020,SDRW2000000197,SDRW2000000197.1.1.122,no_textgrid_after_beam10_retry40,D:\20_AUDIO\03_wav\individual\2020\SDRW2000000197\SDRW2000000197.1.1.122.lab,25,D:\20_AUDIO\03_wav\individual\2020\SDRW2000000197\SDRW2000000197.1.1.122.wav,True
2020,SDRW2000000197,SDRW2000000197.1.1.127,no_textgrid_after_beam10_retry40,D:\20_AUDIO\03_wav\individual\2020\SDRW2000000197\SDRW2000000197.1.1.127.lab,32,D:\20_AUDIO\03_wav\individual\2020\SDRW2000000197\SDRW2000000197.1.1.127.wav,True
2020,SDRW2000000197,SDRW2000000197.1.1.13,no_textgrid_after_beam10_retry40,D:\20_AUDIO\03_wav\individual\2020\SDRW2000000197\SDRW2000000197.1.1.13.lab,40,D:\20_AUDIO\03_wav\individual\2020\SDRW2000000197\SDRW2000000197.1.1.13.wav,True
2020,SDRW2000000197,SDRW2000000197.1.1.133,no_textgrid_after_beam10_retry40,D:\20_AUDIO\03_wav\individual\2020\SDRW2000000197\SDRW2000000197.1.1.133.lab,43,D:\20_AUDIO\03_wav\individual\2020\SDRW2000000197\SDRW2000000197.1.1.133.wav,True
2020,SDRW2000000197,SDRW2000000197.1.1.135,no_textgrid_after_beam10_retry40,D:\20_AUDIO\03_wav\individual\2020\SDRW2000000197\SDRW2000000197.1.1.135.lab,53,D:\20_AUDIO\03_wav\individual\2020\SDRW2000000197\SDRW2000000197.1.1.135.wav,True
2020,SDRW2000000197,SDRW2000000197.1.1.138,no_textgrid_after_beam10_retry40,D:\20_AUDIO\03_wav\individual\2020\SDRW2000000197\SDRW2000000197.1.1.138.lab,67,D:\20_AUDIO\03_wav\individual\2020\SDRW2000000197\SDRW2000000197.1.1.138.wav,True
2020,SDRW2000000197,SDRW2000000197.1.1.142,no_textgrid_after_beam10_retry40,D:\20_AUDIO\03_wav\individual\2020\SDRW2000000197\SDRW2000000197.1.1.142.lab,32,D:\20_AUDIO\03_wav\individual\2020\SDRW2000000197\SDRW2000000197.1.1.142.wav,True
2020,SDRW2000000197,SDRW2000000197.1.1.143,no_textgrid_after_beam10_retry40,D:\20_AUDIO\03_wav\individual\2020\SDRW2000000197\SDRW2000000197.1.1.143.lab,45,D:\20_AUDIO\03_wav\individual\2020\SDRW2000000197\SDRW2000000197.1.1.143.wav,True
2020,SDRW2000000197,SDRW2000000197.1.1.158,no_textgrid_after_beam10_retry40,D:\20_AUDIO\03_wav\individual\2020\SDRW2000000197\SDRW2000000197.1.1.158.lab,52,D:\20_AUDIO\03_wav\individual\2020\SDRW2000000197\SDRW2000000197.1.1.158.wav,True
2020,SDRW2000000197,SDRW2000000197.1.1.16,no_textgrid_after_beam10_retry40,D:\20_AUDIO\03_wav\individual\2020\SDRW2000000197\SDRW2000000197.1.1.16.lab,26,D:\20_AUDIO\03_wav\individual\2020\SDRW2000000197\SDRW2000000197.1.1.16.wav,True
2020,SDRW2000000197,SDRW2000000197.1.1.162,no_textgrid_after_beam10_retry40,D:\20_AUDIO\03_wav\individual\2020\SDRW2000000197\SDRW2000000197.1.1.162.lab,29,D:\20_AUDIO\03_wav\individual\2020\SDRW2000000197\SDRW2000000197.1.1.162.wav,True
2020,SDRW2000000197,SDRW2000000197.1.1.166,no_textgrid_after_beam10_retry40,D:\20_AUDIO\03_wav\individual\2020\SDRW2000000197\SDRW2000000197.1.1.166.lab,39,D:\20_AUDIO\03_wav\individual\2020\SDRW2000000197\SDRW2000000197.1.1.166.wav,True
2020,SDRW2000000197,SDRW2000000197.1.1.17,no_textgrid_after_beam10_retry40,D:\20_AUDIO\03_wav\individual\2020\SDRW2000000197\SDRW2000000197.1.1.17.lab,50,D:\20_AUDIO\03_wav\individual\2020\SDRW2000000197\SDRW2000000197.1.1.17.wav,True
2020,SDRW2000000197,SDRW2000000197.1.1.174,no_textgrid_after_beam10_retry40,D:\20_AUDIO\03_wav\individual\2020\SDRW2000000197\SDRW2000000197.1.1.174.lab,26,D:\20_AUDIO\03_wav\individual\2020\SDRW2000000197\SDRW2000000197.1.1.174.wav,True
2020,SDRW2000000197,SDRW2000000197.1.1.184,no_textgrid_after_beam10_retry40,D:\20_AUDIO\03_wav\individual\2020\SDRW2000000197\SDRW2000000197.1.1.184.lab,33,D:\20_AUDIO\03_wav\individual\2020\SDRW2000000197\SDRW2000000197.1.1.184.wav,True
2020,SDRW2000000197,SDRW2000000197.1.1.185,no_textgrid_after_beam10_retry40,D:\20_AUDIO\03_wav\individual\2020\SDRW2000000197\SDRW2000000197.1.1.185.lab,60,D:\20_AUDIO\03_wav\individual\2020\SDRW2000000197\SDRW2000000197.1.1.185.wav,True
2020,SDRW2000000197,SDRW2000000197.1.1.191,no_textgrid_after_beam10_retry40,D:\20_AUDIO\03_wav\individual\2020\SDRW2000000197\SDRW2000000197.1.1.191.lab,44,D:\20_AUDIO\03_wav\individual\2020\SDRW2000000197\SDRW2000000197.1.1.191.wav,True
2020,SDRW2000000197,SDRW2000000197.1.1.192,no_textgrid_after_beam10_retry40,D:\20_AUDIO\03_wav\individual\2020\SDRW2000000197\SDRW2000000197.1.1.192.lab,45,D:\20_AUDIO\03_wav\individual\2020\SDRW2000000197\SDRW2000000197.1.1.192.wav,True
2020,SDRW2000000197,SDRW2000000197.1.1.197,no_textgrid_after_beam10_retry40,D:\20_AUDIO\03_wav\individual\2020\SDRW2000000197\SDRW2000000197.1.1.197.lab,39,D:\20_AUDIO\03_wav\individual\2020\SDRW2000000197\SDRW2000000197.1.1.197.wav,True
2020,SDRW2000000197,SDRW2000000197.1.1.204,no_textgrid_after_beam10_retry40,D:\20_AUDIO\03_wav\individual\2020\SDRW2000000197\SDRW2000000197.1.1.204.lab,25,D:\20_AUDIO\03_wav\individual\2020\SDRW2000000197\SDRW2000000197.1.1.204.wav,True
2020,SDRW2000000197,SDRW2000000197.1.1.21,no_textgrid_after_beam10_retry40,D:\20_AUDIO\03_wav\individual\2020\SDRW2000000197\SDRW2000000197.1.1.21.lab,33,D:\20_AUDIO\03_wav\individual\2020\SDRW2000000197\SDRW2000000197.1.1.21.wav,True
2020,SDRW2000000197,SDRW2000000197.1.1.210,no_textgrid_after_beam10_retry40,D:\20_AUDIO\03_wav\individual\2020\SDRW2000000197\SDRW2000000197.1.1.210.lab,33,D:\20_AUDIO\03_wav\individual\2020\SDRW2000000197\SDRW2000000197.1.1.210.wav,True
2020,SDRW2000000197,SDRW2000000197.1.1.216,no_textgrid_after_beam10_retry40,D:\20_AUDIO\03_wav\individual\2020\SDRW2000000197\SDRW2000000197.1.1.216.lab,26,D:\20_AUDIO\03_wav\individual\2020\SDRW2000000197\SDRW2000000197.1.1.216.wav,True
2020,SDRW2000000197,SDRW2000000197.1.1.22,no_textgrid_after_beam10_retry40,D:\20_AUDIO\03_wav\individual\2020\SDRW2000000197\SDRW2000000197.1.1.22.lab,72,D:\20_AUDIO\03_wav\individual\2020\SDRW2000000197\SDRW2000000197.1.1.22.wav,True
2020,SDRW2000000197,SDRW2000000197.1.1.222,no_textgrid_after_beam10_retry40,D:\20_AUDIO\03_wav\individual\2020\SDRW2000000197\SDRW2000000197.1.1.222.lab,41,D:\20_AUDIO\03_wav\individual\2020\SDRW2000000197\SDRW2000000197.1.1.222.wav,True
2020,SDRW2000000197,SDRW2000000197.1.1.225,no_textgrid_after_beam10_retry40,D:\20_AUDIO\03_wav\individual\2020\SDRW2000000197\SDRW2000000197.1.1.225.lab,26,D:\20_AUDIO\03_wav\individual\2020\SDRW2000000197\SDRW2000000197.1.1.225.wav,True
2020,SDRW2000000197,SDRW2000000197.1.1.229,no_textgrid_after_beam10_retry40,D:\20_AUDIO\03_wav\individual\2020\SDRW2000000197\SDRW2000000197.1.1.229.lab,78,D:\20_AUDIO\03_wav\individual\2020\SDRW2000000197\SDRW2000000197.1.1.229.wav,True
2020,SDRW2000000197,SDRW2000000197.1.1.23,no_textgrid_after_beam10_retry40,D:\20_AUDIO\03_wav\individual\2020\SDRW2000000197\SDRW2000000197.1.1.23.lab,80,D:\20_AUDIO\03_wav\individual\2020\SDRW2000000197\SDRW2000000197.1.1.23.wav,True
2020,SDRW2000000197,SDRW2000000197.1.1.230,no_textgrid_after_beam10_retry40,D:\20_AUDIO\03_wav\individual\2020\SDRW2000000197\SDRW2000000197.1.1.230.lab,56,D:\20_AUDIO\03_wav\individual\2020\SDRW2000000197\SDRW2000000197.1.1.230.wav,True
2020,SDRW2000000197,SDRW2000000197.1.1.233,no_textgrid_after_beam10_retry40,D:\20_AUDIO\03_wav\individual\2020\SDRW2000000197\SDRW2000000197.1.1.233.lab,59,D:\20_AUDIO\03_wav\individual\2020\SDRW2000000197\SDRW2000000197.1.1.233.wav,True
2020,SDRW2000000197,SDRW2000000197.1.1.237,no_textgrid_after_beam10_retry40,D:\20_AUDIO\03_wav\individual\2020\SDRW2000000197\SDRW2000000197.1.1.237.lab,25,D:\20_AUDIO\03_wav\individual\2020\SDRW2000000197\SDRW2000000197.1.1.237.wav,True
2020,SDRW2000000197,SDRW2000000197.1.1.240,no_textgrid_after_beam10_retry40,D:\20_AUDIO\03_wav\individual\2020\SDRW2000000197\SDRW2000000197.1.1.240.lab,62,D:\20_AUDIO\03_wav\individual\2020\SDRW2000000197\SDRW2000000197.1.1.240.wav,True
2020,SDRW2000000197,SDRW2000000197.1.1.244,no_textgrid_after_beam10_retry40,D:\20_AUDIO\03_wav\individual\2020\SDRW2000000197\SDRW2000000197.1.1.244.lab,51,D:\20_AUDIO\03_wav\individual\2020\SDRW2000000197\SDRW2000000197.1.1.244.wav,True
2020,SDRW2000000197,SDRW2000000197.1.1.247,no_textgrid_after_beam10_retry40,D:\20_AUDIO\03_wav\individual\2020\SDRW2000000197\SDRW2000000197.1.1.247.lab,44,D:\20_AUDIO\03_wav\individual\2020\SDRW2000000197\SDRW2000000197.1.1.247.wav,True
2020,SDRW2000000197,SDRW2000000197.1.1.248,no_textgrid_after_beam10_retry40,D:\20_AUDIO\03_wav\individual\2020\SDRW2000000197\SDRW2000000197.1.1.248.lab,73,D:\20_AUDIO\03_wav\individual\2020\SDRW2000000197\SDRW2000000197.1.1.248.wav,True
2020,SDRW2000000197,SDRW2000000197.1.1.251,no_textgrid_after_beam10_retry40,D:\20_AUDIO\03_wav\individual\2020\SDRW2000000197\SDRW2000000197.1.1.251.lab,30,D:\20_AUDIO\03_wav\individual\2020\SDRW2000000197\SDRW2000000197.1.1.251.wav,True
2020,SDRW2000000197,SDRW2000000197.1.1.252,no_textgrid_after_beam10_retry40,D:\20_AUDIO\03_wav\individual\2020\SDRW2000000197\SDRW2000000197.1.1.252.lab,52,D:\20_AUDIO\03_wav\individual\2020\SDRW2000000197\SDRW2000000197.1.1.252.wav,True
2020,SDRW2000000197,SDRW2000000197.1.1.259,no_textgrid_after_beam10_retry40,D:\20_AUDIO\03_wav\individual\2020\SDRW2000000197\SDRW2000000197.1.1.259.lab,56,D:\20_AUDIO\03_wav\individual\2020\SDRW2000000197\SDRW2000000197.1.1.259.wav,True
2020,SDRW2000000197,SDRW2000000197.1.1.262,no_textgrid_after_beam10_retry40,D:\20_AUDIO\03_wav\individual\2020\SDRW2000000197\SDRW2000000197.1.1.262.lab,37,D:\20_AUDIO\03_wav\individual\2020\SDRW2000000197\SDRW2000000197.1.1.262.wav,True
2020,SDRW2000000197,SDRW2000000197.1.1.268,no_textgrid_after_beam10_retry40,D:\20_AUDIO\03_wav\individual\2020\SDRW2000000197\SDRW2000000197.1.1.268.lab,47,D:\20_AUDIO\03_wav\individual\2020\SDRW2000000197\SDRW2000000197.1.1.268.wav,True
2020,SDRW2000000197,SDRW2000000197.1.1.269,no_textgrid_after_beam10_retry40,D:\20_AUDIO\03_wav\individual\2020\SDRW2000000197\SDRW2000000197.1.1.269.lab,52,D:\20_AUDIO\03_wav\individual\2020\SDRW2000000197\SDRW2000000197.1.1.269.wav,True
2020,SDRW2000000197,SDRW2000000197.1.1.272,no_textgrid_after_beam10_retry40,D:\20_AUDIO\03_wav\individual\2020\SDRW2000000197\SDRW2000000197.1.1.272.lab,84,D:\20_AUDIO\03_wav\individual\2020\SDRW2000000197\SDRW2000000197.1.1.272.wav,True
2020,SDRW2000000197,SDRW2000000197.1.1.275,no_textgrid_after_beam10_retry40,D:\20_AUDIO\03_wav\individual\2020\SDRW2000000197\SDRW2000000197.1.1.275.lab,40,D:\20_AUDIO\03_wav\individual\2020\SDRW2000000197\SDRW2000000197.1.1.275.wav,True
2020,SDRW2000000197,SDRW2000000197.1.1.28,no_textgrid_after_beam10_retry40,D:\20_AUDIO\03_wav\individual\2020\SDRW2000000197\SDRW2000000197.1.1.28.lab,61,D:\20_AUDIO\03_wav\individual\2020\SDRW2000000197\SDRW2000000197.1.1.28.wav,True
2020,SDRW2000000197,SDRW2000000197.1.1.285,no_textgrid_after_beam10_retry40,D:\20_AUDIO\03_wav\individual\2020\SDRW2000000197\SDRW2000000197.1.1.285.lab,39,D:\20_AUDIO\03_wav\individual\2020\SDRW2000000197\SDRW2000000197.1.1.285.wav,True
2020,SDRW2000000197,SDRW2000000197.1.1.294,no_textgrid_after_beam10_retry40,D:\20_AUDIO\03_wav\individual\2020\SDRW2000000197\SDRW2000000197.1.1.294.lab,46,D:\20_AUDIO\03_wav\individual\2020\SDRW2000000197\SDRW2000000197.1.1.294.wav,True
2020,SDRW2000000197,SDRW2000000197.1.1.297,no_textgrid_after_beam10_retry40,D:\20_AUDIO\03_wav\individual\2020\SDRW2000000197\SDRW2000000197.1.1.297.lab,40,D:\20_AUDIO\03_wav\individual\2020\SDRW2000000197\SDRW2000000197.1.1.297.wav,True
2020,SDRW2000000197,SDRW2000000197.1.1.301,no_textgrid_after_beam10_retry40,D:\20_AUDIO\03_wav\individual\2020\SDRW2000000197\SDRW2000000197.1.1.301.lab,59,D:\20_AUDIO\03_wav\individual\2020\SDRW2000000197\SDRW2000000197.1.1.301.wav,True
2020,SDRW2000000197,SDRW2000000197.1.1.304,no_textgrid_after_beam10_retry40,D:\20_AUDIO\03_wav\individual\2020\SDRW2000000197\SDRW2000000197.1.1.304.lab,29,D:\20_AUDIO\03_wav\individual\2020\SDRW2000000197\SDRW2000000197.1.1.304.wav,True
2020,SDRW2000000197,SDRW2000000197.1.1.31,no_textgrid_after_beam10_retry40,D:\20_AUDIO\03_wav\individual\2020\SDRW2000000197\SDRW2000000197.1.1.31.lab,52,D:\20_AUDIO\03_wav\individual\2020\SDRW2000000197\SDRW2000000197.1.1.31.wav,True
2020,SDRW2000000197,SDRW2000000197.1.1.311,no_textgrid_after_beam10_retry40,D:\20_AUDIO\03_wav\individual\2020\SDRW2000000197\SDRW2000000197.1.1.311.lab,64,D:\20_AUDIO\03_wav\individual\2020\SDRW2000000197\SDRW2000000197.1.1.311.wav,True
2020,SDRW2000000197,SDRW2000000197.1.1.317,no_textgrid_after_beam10_retry40,D:\20_AUDIO\03_wav\individual\2020\SDRW2000000197\SDRW2000000197.1.1.317.lab,37,D:\20_AUDIO\03_wav\individual\2020\SDRW2000000197\SDRW2000000197.1.1.317.wav,True
2020,SDRW2000000197,SDRW2000000197.1.1.325,no_textgrid_after_beam10_retry40,D:\20_AUDIO\03_wav\individual\2020\SDRW2000000197\SDRW2000000197.1.1.325.lab,78,D:\20_AUDIO\03_wav\individual\2020\SDRW2000000197\SDRW2000000197.1.1.325.wav,True
2020,SDRW2000000197,SDRW2000000197.1.1.329,no_textgrid_after_beam10_retry40,D:\20_AUDIO\03_wav\individual\2020\SDRW2000000197\SDRW2000000197.1.1.329.lab,42,D:\20_AUDIO\03_wav\individual\2020\SDRW2000000197\SDRW2000000197.1.1.329.wav,True
2020,SDRW2000000197,SDRW2000000197.1.1.332,no_textgrid_after_beam10_retry40,D:\20_AUDIO\03_wav\individual\2020\SDRW2000000197\SDRW2000000197.1.1.332.lab,45,D:\20_AUDIO\03_wav\individual\2020\SDRW2000000197\SDRW2000000197.1.1.332.wav,True
2020,SDRW2000000197,SDRW2000000197.1.1.336,no_textgrid_after_beam10_retry40,D:\20_AUDIO\03_wav\individual\2020\SDRW2000000197\SDRW2000000197.1.1.336.lab,32,D:\20_AUDIO\03_wav\individual\2020\SDRW2000000197\SDRW2000000197.1.1.336.wav,True
2020,SDRW2000000197,SDRW2000000197.1.1.340,no_textgrid_after_beam10_retry40,D:\20_AUDIO\03_wav\individual\2020\SDRW2000000197\SDRW2000000197.1.1.340.lab,35,D:\20_AUDIO\03_wav\individual\2020\SDRW2000000197\SDRW2000000197.1.1.340.wav,True
2020,SDRW2000000197,SDRW2000000197.1.1.341,no_textgrid_after_beam10_retry40,D:\20_AUDIO\03_wav\individual\2020\SDRW2000000197\SDRW2000000197.1.1.341.lab,70,D:\20_AUDIO\03_wav\individual\2020\SDRW2000000197\SDRW2000000197.1.1.341.wav,True
2020,SDRW2000000197,SDRW2000000197.1.1.350,no_textgrid_after_beam10_retry40,D:\20_AUDIO\03_wav\individual\2020\SDRW2000000197\SDRW2000000197.1.1.350.lab,63,D:\20_AUDIO\03_wav\individual\2020\SDRW2000000197\SDRW2000000197.1.1.350.wav,True
2020,SDRW2000000197,SDRW2000000197.1.1.356,no_textgrid_after_beam10_retry40,D:\20_AUDIO\03_wav\individual\2020\SDRW2000000197\SDRW2000000197.1.1.356.lab,68,D:\20_AUDIO\03_wav\individual\2020\SDRW2000000197\SDRW2000000197.1.1.356.wav,True
2020,SDRW2000000197,SDRW2000000197.1.1.358,no_textgrid_after_beam10_retry40,D:\20_AUDIO\03_wav\individual\2020\SDRW2000000197\SDRW2000000197.1.1.358.lab,46,D:\20_AUDIO\03_wav\individual\2020\SDRW2000000197\SDRW2000000197.1.1.358.wav,True
2020,SDRW2000000197,SDRW2000000197.1.1.361,no_textgrid_after_beam10_retry40,D:\20_AUDIO\03_wav\individual\2020\SDRW2000000197\SDRW2000000197.1.1.361.lab,39,D:\20_AUDIO\03_wav\individual\2020\SDRW2000000197\SDRW2000000197.1.1.361.wav,True
2020,SDRW2000000197,SDRW2000000197.1.1.367,no_textgrid_after_beam10_retry40,D:\20_AUDIO\03_wav\individual\2020\SDRW2000000197\SDRW2000000197.1.1.367.lab,71,D:\20_AUDIO\03_wav\individual\2020\SDRW2000000197\SDRW2000000197.1.1.367.wav,True
2020,SDRW2000000197,SDRW2000000197.1.1.378,no_textgrid_after_beam10_retry40,D:\20_AUDIO\03_wav\individual\2020\SDRW2000000197\SDRW2000000197.1.1.378.lab,49,D:\20_AUDIO\03_wav\individual\2020\SDRW2000000197\SDRW2000000197.1.1.378.wav,True
2020,SDRW2000000197,SDRW2000000197.1.1.380,no_textgrid_after_beam10_retry40,D:\20_AUDIO\03_wav\individual\2020\SDRW2000000197\SDRW2000000197.1.1.380.lab,46,D:\20_AUDIO\03_wav\individual\2020\SDRW2000000197\SDRW2000000197.1.1.380.wav,True
2020,SDRW2000000197,SDRW2000000197.1.1.384,no_textgrid_after_beam10_retry40,D:\20_AUDIO\03_wav\individual\2020\SDRW2000000197\SDRW2000000197.1.1.384.lab,47,D:\20_AUDIO\03_wav\individual\2020\SDRW2000000197\SDRW2000000197.1.1.384.wav,True
2020,SDRW2000000197,SDRW2000000197.1.1.386,no_textgrid_after_beam10_retry40,D:\20_AUDIO\03_wav\individual\2020\SDRW2000000197\SDRW2000000197.1.1.386.lab,39,D:\20_AUDIO\03_wav\individual\2020\SDRW2000000197\SDRW2000000197.1.1.386.wav,True
2020,SDRW2000000197,SDRW2000000197.1.1.389,no_textgrid_after_beam10_retry40,D:\20_AUDIO\03_wav\individual\2020\SDRW2000000197\SDRW2000000197.1.1.389.lab,53,D:\20_AUDIO\03_wav\individual\2020\SDRW2000000197\SDRW2000000197.1.1.389.wav,True
2020,SDRW2000000197,SDRW2000000197.1.1.39,no_textgrid_after_beam10_retry40,D:\20_AUDIO\03_wav\individual\2020\SDRW2000000197\SDRW2000000197.1.1.39.lab,17,D:\20_AUDIO\03_wav\individual\2020\SDRW2000000197\SDRW2000000197.1.1.39.wav,True
2020,SDRW2000000197,SDRW2000000197.1.1.392,no_textgrid_after_beam10_retry40,D:\20_AUDIO\03_wav\individual\2020\SDRW2000000197\SDRW2000000197.1.1.392.lab,47,D:\20_AUDIO\03_wav\individual\2020\SDRW2000000197\SDRW2000000197.1.1.392.wav,True
2020,SDRW2000000197,SDRW2000000197.1.1.396,no_textgrid_after_beam10_retry40,D:\20_AUDIO\03_wav\individual\2020\SDRW2000000197\SDRW2000000197.1.1.396.lab,57,D:\20_AUDIO\03_wav\individual\2020\SDRW2000000197\SDRW2000000197.1.1.396.wav,True
2020,SDRW2000000197,SDRW2000000197.1.1.400,no_textgrid_after_beam10_retry40,D:\20_AUDIO\03_wav\individual\2020\SDRW2000000197\SDRW2000000197.1.1.400.lab,61,D:\20_AUDIO\03_wav\individual\2020\SDRW2000000197\SDRW2000000197.1.1.400.wav,True
2020,SDRW2000000197,SDRW2000000197.1.1.406,no_textgrid_after_beam10_retry40,D:\20_AUDIO\03_wav\individual\2020\SDRW2000000197\SDRW2000000197.1.1.406.lab,59,D:\20_AUDIO\03_wav\individual\2020\SDRW2000000197\SDRW2000000197.1.1.406.wav,True
2020,SDRW2000000197,SDRW2000000197.1.1.409,no_textgrid_after_beam10_retry40,D:\20_AUDIO\03_wav\individual\2020\SDRW2000000197\SDRW2000000197.1.1.409.lab,25,D:\20_AUDIO\03_wav\individual\2020\SDRW2000000197\SDRW2000000197.1.1.409.wav,True
2020,SDRW2000000197,SDRW2000000197.1.1.41,no_textgrid_after_beam10_retry40,D:\20_AUDIO\03_wav\individual\2020\SDRW2000000197\SDRW2000000197.1.1.41.lab,42,D:\20_AUDIO\03_wav\individual\2020\SDRW2000000197\SDRW2000000197.1.1.41.wav,True
2020,SDRW2000000197,SDRW2000000197.1.1.43,no_textgrid_after_beam10_retry40,D:\20_AUDIO\03_wav\individual\2020\SDRW2000000197\SDRW2000000197.1.1.43.lab,52,D:\20_AUDIO\03_wav\individual\2020\SDRW2000000197\SDRW2000000197.1.1.43.wav,True
2020,SDRW2000000197,SDRW2000000197.1.1.48,no_textgrid_after_beam10_retry40,D:\20_AUDIO\03_wav\individual\2020\SDRW2000000197\SDRW2000000197.1.1.48.lab,49,D:\20_AUDIO\03_wav\individual\2020\SDRW2000000197\SDRW2000000197.1.1.48.wav,True
2020,SDRW2000000197,SDRW2000000197.1.1.55,no_textgrid_after_beam10_retry40,D:\20_AUDIO\03_wav\individual\2020\SDRW2000000197\SDRW2000000197.1.1.55.lab,72,D:\20_AUDIO\03_wav\individual\2020\SDRW2000000197\SDRW2000000197.1.1.55.wav,True
2020,SDRW2000000197,SDRW2000000197.1.1.56,no_textgrid_after_beam10_retry40,D:\20_AUDIO\03_wav\individual\2020\SDRW2000000197\SDRW2000000197.1.1.56.lab,57,D:\20_AUDIO\03_wav\individual\2020\SDRW2000000197\SDRW2000000197.1.1.56.wav,True
2020,SDRW2000000197,SDRW2000000197.1.1.61,no_textgrid_after_beam10_retry40,D:\20_AUDIO\03_wav\individual\2020\SDRW2000000197\SDRW2000000197.1.1.61.lab,56,D:\20_AUDIO\03_wav\individual\2020\SDRW2000000197\SDRW2000000197.1.1.61.wav,True
2020,SDRW2000000197,SDRW2000000197.1.1.62,no_textgrid_after_beam10_retry40,D:\20_AUDIO\03_wav\individual\2020\SDRW2000000197\SDRW2000000197.1.1.62.lab,43,D:\20_AUDIO\03_wav\individual\2020\SDRW2000000197\SDRW2000000197.1.1.62.wav,True
2020,SDRW2000000197,SDRW2000000197.1.1.64,no_textgrid_after_beam10_retry40,D:\20_AUDIO\03_wav\individual\2020\SDRW2000000197\SDRW2000000197.1.1.64.lab,66,D:\20_AUDIO\03_wav\individual\2020\SDRW2000000197\SDRW2000000197.1.1.64.wav,True
2020,SDRW2000000197,SDRW2000000197.1.1.7,no_textgrid_after_beam10_retry40,D:\20_AUDIO\03_wav\individual\2020\SDRW2000000197\SDRW2000000197.1.1.7.lab,49,D:\20_AUDIO\03_wav\individual\2020\SDRW2000000197\SDRW2000000197.1.1.7.wav,True
2020,SDRW2000000197,SDRW2000000197.1.1.70,no_textgrid_after_beam10_retry40,D:\20_AUDIO\03_wav\individual\2020\SDRW2000000197\SDRW2000000197.1.1.70.lab,30,D:\20_AUDIO\03_wav\individual\2020\SDRW2000000197\SDRW2000000197.1.1.70.wav,True
2020,SDRW2000000197,SDRW2000000197.1.1.74,no_textgrid_after_beam10_retry40,D:\20_AUDIO\03_wav\individual\2020\SDRW2000000197\SDRW2000000197.1.1.74.lab,50,D:\20_AUDIO\03_wav\individual\2020\SDRW2000000197\SDRW2000000197.1.1.74.wav,True
2020,SDRW2000000197,SDRW2000000197.1.1.77,no_textgrid_after_beam10_retry40,D:\20_AUDIO\03_wav\individual\2020\SDRW2000000197\SDRW2000000197.1.1.77.lab,54,D:\20_AUDIO\03_wav\individual\2020\SDRW2000000197\SDRW2000000197.1.1.77.wav,True
2020,SDRW2000000197,SDRW2000000197.1.1.9,no_textgrid_after_beam10_retry40,D:\20_AUDIO\03_wav\individual\2020\SDRW2000000197\SDRW2000000197.1.1.9.lab,51,D:\20_AUDIO\03_wav\individual\2020\SDRW2000000197\SDRW2000000197.1.1.9.wav,True
2020,SDRW2000000197,SDRW2000000197.1.1.94,no_textgrid_after_beam10_retry40,D:\20_AUDIO\03_wav\individual\2020\SDRW2000000197\SDRW2000000197.1.1.94.lab,78,D:\20_AUDIO\03_wav\individual\2020\SDRW2000000197\SDRW2000000197.1.1.94.wav,True
2020,SDRW2000000197,SDRW2000000197.1.1.95,no_textgrid_after_beam10_retry40,D:\20_AUDIO\03_wav\individual\2020\SDRW2000000197\SDRW2000000197.1.1.95.lab,56,D:\20_AUDIO\03_wav\individual\2020\SDRW2000000197\SDRW2000000197.1.1.95.wav,True
2020,SDRW2000000257,SDRW2000000257.1.1.11,no_textgrid_after_beam10_retry40,D:\20_AUDIO\03_wav\individual\2020\SDRW2000000257\SDRW2000000257.1.1.11.lab,9,D:\20_AUDIO\03_wav\individual\2020\SDRW2000000257\SDRW2000000257.1.1.11.wav,True
2020,SDRW2000000257,SDRW2000000257.1.1.135,no_textgrid_after_beam10_retry40,D:\20_AUDIO\03_wav\individual\2020\SDRW2000000257\SDRW2000000257.1.1.135.lab,36,D:\20_AUDIO\03_wav\individual\2020\SDRW2000000257\SDRW2000000257.1.1.135.wav,True
2020,SDRW2000000257,SDRW2000000257.1.1.137,no_textgrid_after_beam10_retry40,D:\20_AUDIO\03_wav\individual\2020\SDRW2000000257\SDRW2000000257.1.1.137.lab,20,D:\20_AUDIO\03_wav\individual\2020\SDRW2000000257\SDRW2000000257.1.1.137.wav,True
2020,SDRW2000000257,SDRW2000000257.1.1.138,no_textgrid_after_beam10_retry40,D:\20_AUDIO\03_wav\individual\2020\SDRW2000000257\SDRW2000000257.1.1.138.lab,34,D:\20_AUDIO\03_wav\individual\2020\SDRW2000000257\SDRW2000000257.1.1.138.wav,True
2020,SDRW2000000257,SDRW2000000257.1.1.139,no_textgrid_after_beam10_retry40,D:\20_AUDIO\03_wav\individual\2020\SDRW2000000257\SDRW2000000257.1.1.139.lab,45,D:\20_AUDIO\03_wav\individual\2020\SDRW2000000257\SDRW2000000257.1.1.139.wav,True
2020,SDRW2000000257,SDRW2000000257.1.1.14,no_textgrid_after_beam10_retry40,D:\20_AUDIO\03_wav\individual\2020\SDRW2000000257\SDRW2000000257.1.1.14.lab,26,D:\20_AUDIO\03_wav\individual\2020\SDRW2000000257\SDRW2000000257.1.1.14.wav,True
2020,SDRW2000000257,SDRW2000000257.1.1.141,no_textgrid_after_beam10_retry40,D:\20_AUDIO\03_wav\individual\2020\SDRW2000000257\SDRW2000000257.1.1.141.lab,12,D:\20_AUDIO\03_wav\individual\2020\SDRW2000000257\SDRW2000000257.1.1.141.wav,True
2020,SDRW2000000257,SDRW2000000257.1.1.144,no_textgrid_after_beam10_retry40,D:\20_AUDIO\03_wav\individual\2020\SDRW2000000257\SDRW2000000257.1.1.144.lab,59,D:\20_AUDIO\03_wav\individual\2020\SDRW2000000257\SDRW2000000257.1.1.144.wav,True
2020,SDRW2000000257,SDRW2000000257.1.1.145,no_textgrid_after_beam10_retry40,D:\20_AUDIO\03_wav\individual\2020\SDRW2000000257\SDRW2000000257.1.1.145.lab,61,D:\20_AUDIO\03_wav\individual\2020\SDRW2000000257\SDRW2000000257.1.1.145.wav,True
2020,SDRW2000000257,SDRW2000000257.1.1.146,no_textgrid_after_beam10_retry40,D:\20_AUDIO\03_wav\individual\2020\SDRW2000000257\SDRW2000000257.1.1.146.lab,29,D:\20_AUDIO\03_wav\individual\2020\SDRW2000000257\SDRW2000000257.1.1.146.wav,True
2020,SDRW2000000257,SDRW2000000257.1.1.147,no_textgrid_after_beam10_retry40,D:\20_AUDIO\03_wav\individual\2020\SDRW2000000257\SDRW2000000257.1.1.147.lab,43,D:\20_AUDIO\03_wav\individual\2020\SDRW2000000257\SDRW2000000257.1.1.147.wav,True
2020,SDRW2000000257,SDRW2000000257.1.1.149,no_textgrid_after_beam10_retry40,D:\20_AUDIO\03_wav\individual\2020\SDRW2000000257\SDRW2000000257.1.1.149.lab,43,D:\20_AUDIO\03_wav\individual\2020\SDRW2000000257\SDRW2000000257.1.1.149.wav,True
2020,SDRW2000000257,SDRW2000000257.1.1.15,no_textgrid_after_beam10_retry40,D:\20_AUDIO\03_wav\individual\2020\SDRW2000000257\SDRW2000000257.1.1.15.lab,29,D:\20_AUDIO\03_wav\individual\2020\SDRW2000000257\SDRW2000000257.1.1.15.wav,True
2020,SDRW2000000257,SDRW2000000257.1.1.150,no_textgrid_after_beam10_retry40,D:\20_AUDIO\03_wav\individual\2020\SDRW2000000257\SDRW2000000257.1.1.150.lab,13,D:\20_AUDIO\03_wav\individual\2020\SDRW2000000257\SDRW2000000257.1.1.150.wav,True
2020,SDRW2000000257,SDRW2000000257.1.1.151,no_textgrid_after_beam10_retry40,D:\20_AUDIO\03_wav\individual\2020\SDRW2000000257\SDRW2000000257.1.1.151.lab,29,D:\20_AUDIO\03_wav\individual\2020\SDRW2000000257\SDRW2000000257.1.1.151.wav,True
2020,SDRW2000000257,SDRW2000000257.1.1.152,no_textgrid_after_beam10_retry40,D:\20_AUDIO\03_wav\individual\2020\SDRW2000000257\SDRW2000000257.1.1.152.lab,29,D:\20_AUDIO\03_wav\individual\2020\SDRW2000000257\SDRW2000000257.1.1.152.wav,True
2020,SDRW2000000257,SDRW2000000257.1.1.153,no_textgrid_after_beam10_retry40,D:\20_AUDIO\03_wav\individual\2020\SDRW2000000257\SDRW2000000257.1.1.153.lab,23,D:\20_AUDIO\03_wav\individual\2020\SDRW2000000257\SDRW2000000257.1.1.153.wav,True
2020,SDRW2000000257,SDRW2000000257.1.1.154,no_textgrid_after_beam10_retry40,D:\20_AUDIO\03_wav\individual\2020\SDRW2000000257\SDRW2000000257.1.1.154.lab,38,D:\20_AUDIO\03_wav\individual\2020\SDRW2000000257\SDRW2000000257.1.1.154.wav,True
2020,SDRW2000000257,SDRW2000000257.1.1.155,no_textgrid_after_beam10_retry40,D:\20_AUDIO\03_wav\individual\2020\SDRW2000000257\SDRW2000000257.1.1.155.lab,33,D:\20_AUDIO\03_wav\individual\2020\SDRW2000000257\SDRW2000000257.1.1.155.wav,True
2020,SDRW2000000257,SDRW2000000257.1.1.156,no_textgrid_after_beam10_retry40,D:\20_AUDIO\03_wav\individual\2020\SDRW2000000257\SDRW2000000257.1.1.156.lab,29,D:\20_AUDIO\03_wav\individual\2020\SDRW2000000257\SDRW2000000257.1.1.156.wav,True
2020,SDRW2000000257,SDRW2000000257.1.1.157,no_textgrid_after_beam10_retry40,D:\20_AUDIO\03_wav\individual\2020\SDRW2000000257\SDRW2000000257.1.1.157.lab,55,D:\20_AUDIO\03_wav\individual\2020\SDRW2000000257\SDRW2000000257.1.1.157.wav,True
2020,SDRW2000000257,SDRW2000000257.1.1.158,no_textgrid_after_beam10_retry40,D:\20_AUDIO\03_wav\individual\2020\SDRW2000000257\SDRW2000000257.1.1.158.lab,30,D:\20_AUDIO\03_wav\individual\2020\SDRW2000000257\SDRW2000000257.1.1.158.wav,True
2020,SDRW2000000257,SDRW2000000257.1.1.159,no_textgrid_after_beam10_retry40,D:\20_AUDIO\03_wav\individual\2020\SDRW2000000257\SDRW2000000257.1.1.159.lab,59,D:\20_AUDIO\03_wav\individual\2020\SDRW2000000257\SDRW2000000257.1.1.159.wav,True
2020,SDRW2000000257,SDRW2000000257.1.1.16,no_textgrid_after_beam10_retry40,D:\20_AUDIO\03_wav\individual\2020\SDRW2000000257\SDRW2000000257.1.1.16.lab,12,D:\20_AUDIO\03_wav\individual\2020\SDRW2000000257\SDRW2000000257.1.1.16.wav,True
2020,SDRW2000000257,SDRW2000000257.1.1.161,no_textgrid_after_beam10_retry40,D:\20_AUDIO\03_wav\individual\2020\SDRW2000000257\SDRW2000000257.1.1.161.lab,54,D:\20_AUDIO\03_wav\individual\2020\SDRW2000000257\SDRW2000000257.1.1.161.wav,True
2020,SDRW2000000257,SDRW2000000257.1.1.162,no_textgrid_after_beam10_retry40,D:\20_AUDIO\03_wav\individual\2020\SDRW2000000257\SDRW2000000257.1.1.162.lab,26,D:\20_AUDIO\03_wav\individual\2020\SDRW2000000257\SDRW2000000257.1.1.162.wav,True
2020,SDRW2000000257,SDRW2000000257.1.1.163,no_textgrid_after_beam10_retry40,D:\20_AUDIO\03_wav\individual\2020\SDRW2000000257\SDRW2000000257.1.1.163.lab,22,D:\20_AUDIO\03_wav\individual\2020\SDRW2000000257\SDRW2000000257.1.1.163.wav,True
2020,SDRW2000000257,SDRW2000000257.1.1.164,no_textgrid_after_beam10_retry40,D:\20_AUDIO\03_wav\individual\2020\SDRW2000000257\SDRW2000000257.1.1.164.lab,36,D:\20_AUDIO\03_wav\individual\2020\SDRW2000000257\SDRW2000000257.1.1.164.wav,True
2020,SDRW2000000257,SDRW2000000257.1.1.166,no_textgrid_after_beam10_retry40,D:\20_AUDIO\03_wav\individual\2020\SDRW2000000257\SDRW2000000257.1.1.166.lab,68,D:\20_AUDIO\03_wav\individual\2020\SDRW2000000257\SDRW2000000257.1.1.166.wav,True
2020,SDRW2000000257,SDRW2000000257.1.1.17,no_textgrid_after_beam10_retry40,D:\20_AUDIO\03_wav\individual\2020\SDRW2000000257\SDRW2000000257.1.1.17.lab,12,D:\20_AUDIO\03_wav\individual\2020\SDRW2000000257\SDRW2000000257.1.1.17.wav,True
2020,SDRW2000000257,SDRW2000000257.1.1.18,no_textgrid_after_beam10_retry40,D:\20_AUDIO\03_wav\individual\2020\SDRW2000000257\SDRW2000000257.1.1.18.lab,30,D:\20_AUDIO\03_wav\individual\2020\SDRW2000000257\SDRW2000000257.1.1.18.wav,True
2020,SDRW2000000257,SDRW2000000257.1.1.19,no_textgrid_after_beam10_retry40,D:\20_AUDIO\03_wav\individual\2020\SDRW2000000257\SDRW2000000257.1.1.19.lab,39,D:\20_AUDIO\03_wav\individual\2020\SDRW2000000257\SDRW2000000257.1.1.19.wav,True
2020,SDRW2000000257,SDRW2000000257.1.1.192,no_textgrid_after_beam10_retry40,D:\20_AUDIO\03_wav\individual\2020\SDRW2000000257\SDRW2000000257.1.1.192.lab,49,D:\20_AUDIO\03_wav\individual\2020\SDRW2000000257\SDRW2000000257.1.1.192.wav,True
2020,SDRW2000000257,SDRW2000000257.1.1.193,no_textgrid_after_beam10_retry40,D:\20_AUDIO\03_wav\individual\2020\SDRW2000000257\SDRW2000000257.1.1.193.lab,47,D:\20_AUDIO\03_wav\individual\2020\SDRW2000000257\SDRW2000000257.1.1.193.wav,True
2020,SDRW2000000257,SDRW2000000257.1.1.194,no_textgrid_after_beam10_retry40,D:\20_AUDIO\03_wav\individual\2020\SDRW2000000257\SDRW2000000257.1.1.194.lab,21,D:\20_AUDIO\03_wav\individual\2020\SDRW2000000257\SDRW2000000257.1.1.194.wav,True
2020,SDRW2000000257,SDRW2000000257.1.1.195,no_textgrid_after_beam10_retry40,D:\20_AUDIO\03_wav\individual\2020\SDRW2000000257\SDRW2000000257.1.1.195.lab,56,D:\20_AUDIO\03_wav\individual\2020\SDRW2000000257\SDRW2000000257.1.1.195.wav,True
2020,SDRW2000000257,SDRW2000000257.1.1.196,no_textgrid_after_beam10_retry40,D:\20_AUDIO\03_wav\individual\2020\SDRW2000000257\SDRW2000000257.1.1.196.lab,29,D:\20_AUDIO\03_wav\individual\2020\SDRW2000000257\SDRW2000000257.1.1.196.wav,True
2020,SDRW2000000257,SDRW2000000257.1.1.197,no_textgrid_after_beam10_retry40,D:\20_AUDIO\03_wav\individual\2020\SDRW2000000257\SDRW2000000257.1.1.197.lab,47,D:\20_AUDIO\03_wav\individual\2020\SDRW2000000257\SDRW2000000257.1.1.197.wav,True
2020,SDRW2000000257,SDRW2000000257.1.1.199,no_textgrid_after_beam10_retry40,D:\20_AUDIO\03_wav\individual\2020\SDRW2000000257\SDRW2000000257.1.1.199.lab,41,D:\20_AUDIO\03_wav\individual\2020\SDRW2000000257\SDRW2000000257.1.1.199.wav,True
2020,SDRW2000000257,SDRW2000000257.1.1.20,no_textgrid_after_beam10_retry40,D:\20_AUDIO\03_wav\individual\2020\SDRW2000000257\SDRW2000000257.1.1.20.lab,26,D:\20_AUDIO\03_wav\individual\2020\SDRW2000000257\SDRW2000000257.1.1.20.wav,True
2020,SDRW2000000257,SDRW2000000257.1.1.200,no_textgrid_after_beam10_retry40,D:\20_AUDIO\03_wav\individual\2020\SDRW2000000257\SDRW2000000257.1.1.200.lab,37,D:\20_AUDIO\03_wav\individual\2020\SDRW2000000257\SDRW2000000257.1.1.200.wav,True
2020,SDRW2000000257,SDRW2000000257.1.1.201,no_textgrid_after_beam10_retry40,D:\20_AUDIO\03_wav\individual\2020\SDRW2000000257\SDRW2000000257.1.1.201.lab,19,D:\20_AUDIO\03_wav\individual\2020\SDRW2000000257\SDRW2000000257.1.1.201.wav,True
2020,SDRW2000000257,SDRW2000000257.1.1.202,no_textgrid_after_beam10_retry40,D:\20_AUDIO\03_wav\individual\2020\SDRW2000000257\SDRW2000000257.1.1.202.lab,45,D:\20_AUDIO\03_wav\individual\2020\SDRW2000000257\SDRW2000000257.1.1.202.wav,True
2020,SDRW2000000257,SDRW2000000257.1.1.203,no_textgrid_after_beam10_retry40,D:\20_AUDIO\03_wav\individual\2020\SDRW2000000257\SDRW2000000257.1.1.203.lab,52,D:\20_AUDIO\03_wav\individual\2020\SDRW2000000257\SDRW2000000257.1.1.203.wav,True
2020,SDRW2000000257,SDRW2000000257.1.1.206,no_textgrid_after_beam10_retry40,D:\20_AUDIO\03_wav\individual\2020\SDRW2000000257\SDRW2000000257.1.1.206.lab,26,D:\20_AUDIO\03_wav\individual\2020\SDRW2000000257\SDRW2000000257.1.1.206.wav,True
2020,SDRW2000000257,SDRW2000000257.1.1.207,no_textgrid_after_beam10_retry40,D:\20_AUDIO\03_wav\individual\2020\SDRW2000000257\SDRW2000000257.1.1.207.lab,36,D:\20_AUDIO\03_wav\individual\2020\SDRW2000000257\SDRW2000000257.1.1.207.wav,True
2020,SDRW2000000257,SDRW2000000257.1.1.208,no_textgrid_after_beam10_retry40,D:\20_AUDIO\03_wav\individual\2020\SDRW2000000257\SDRW2000000257.1.1.208.lab,12,D:\20_AUDIO\03_wav\individual\2020\SDRW2000000257\SDRW2000000257.1.1.208.wav,True
2020,SDRW2000000257,SDRW2000000257.1.1.21,no_textgrid_after_beam10_retry40,D:\20_AUDIO\03_wav\individual\2020\SDRW2000000257\SDRW2000000257.1.1.21.lab,12,D:\20_AUDIO\03_wav\individual\2020\SDRW2000000257\SDRW2000000257.1.1.21.wav,True
2020,SDRW2000000257,SDRW2000000257.1.1.210,no_textgrid_after_beam10_retry40,D:\20_AUDIO\03_wav\individual\2020\SDRW2000000257\SDRW2000000257.1.1.210.lab,36,D:\20_AUDIO\03_wav\individual\2020\SDRW2000000257\SDRW2000000257.1.1.210.wav,True
2020,SDRW2000000257,SDRW2000000257.1.1.211,no_textgrid_after_beam10_retry40,D:\20_AUDIO\03_wav\individual\2020\SDRW2000000257\SDRW2000000257.1.1.211.lab,33,D:\20_AUDIO\03_wav\individual\2020\SDRW2000000257\SDRW2000000257.1.1.211.wav,True
2020,SDRW2000000257,SDRW2000000257.1.1.212,no_textgrid_after_beam10_retry40,D:\20_AUDIO\03_wav\individual\2020\SDRW2000000257\SDRW2000000257.1.1.212.lab,55,D:\20_AUDIO\03_wav\individual\2020\SDRW2000000257\SDRW2000000257.1.1.212.wav,True
2020,SDRW2000000257,SDRW2000000257.1.1.213,no_textgrid_after_beam10_retry40,D:\20_AUDIO\03_wav\individual\2020\SDRW2000000257\SDRW2000000257.1.1.213.lab,35,D:\20_AUDIO\03_wav\individual\2020\SDRW2000000257\SDRW2000000257.1.1.213.wav,True
2020,SDRW2000000257,SDRW2000000257.1.1.214,no_textgrid_after_beam10_retry40,D:\20_AUDIO\03_wav\individual\2020\SDRW2000000257\SDRW2000000257.1.1.214.lab,24,D:\20_AUDIO\03_wav\individual\2020\SDRW2000000257\SDRW2000000257.1.1.214.wav,True
2020,SDRW2000000257,SDRW2000000257.1.1.215,no_textgrid_after_beam10_retry40,D:\20_AUDIO\03_wav\individual\2020\SDRW2000000257\SDRW2000000257.1.1.215.lab,36,D:\20_AUDIO\03_wav\individual\2020\SDRW2000000257\SDRW2000000257.1.1.215.wav,True
2020,SDRW2000000257,SDRW2000000257.1.1.216,no_textgrid_after_beam10_retry40,D:\20_AUDIO\03_wav\individual\2020\SDRW2000000257\SDRW2000000257.1.1.216.lab,46,D:\20_AUDIO\03_wav\individual\2020\SDRW2000000257\SDRW2000000257.1.1.216.wav,True
2020,SDRW2000000257,SDRW2000000257.1.1.217,no_textgrid_after_beam10_retry40,D:\20_AUDIO\03_wav\individual\2020\SDRW2000000257\SDRW2000000257.1.1.217.lab,42,D:\20_AUDIO\03_wav\individual\2020\SDRW2000000257\SDRW2000000257.1.1.217.wav,True
2020,SDRW2000000257,SDRW2000000257.1.1.218,no_textgrid_after_beam10_retry40,D:\20_AUDIO\03_wav\individual\2020\SDRW2000000257\SDRW2000000257.1.1.218.lab,35,D:\20_AUDIO\03_wav\individual\2020\SDRW2000000257\SDRW2000000257.1.1.218.wav,True
2020,SDRW2000000257,SDRW2000000257.1.1.219,no_textgrid_after_beam10_retry40,D:\20_AUDIO\03_wav\individual\2020\SDRW2000000257\SDRW2000000257.1.1.219.lab,45,D:\20_AUDIO\03_wav\individual\2020\SDRW2000000257\SDRW2000000257.1.1.219.wav,True
2020,SDRW2000000257,SDRW2000000257.1.1.22,no_textgrid_after_beam10_retry40,D:\20_AUDIO\03_wav\individual\2020\SDRW2000000257\SDRW2000000257.1.1.22.lab,20,D:\20_AUDIO\03_wav\individual\2020\SDRW2000000257\SDRW2000000257.1.1.22.wav,True
2020,SDRW2000000257,SDRW2000000257.1.1.220,no_textgrid_after_beam10_retry40,D:\20_AUDIO\03_wav\individual\2020\SDRW2000000257\SDRW2000000257.1.1.220.lab,30,D:\20_AUDIO\03_wav\individual\2020\SDRW2000000257\SDRW2000000257.1.1.220.wav,True
2020,SDRW2000000257,SDRW2000000257.1.1.221,no_textgrid_after_beam10_retry40,D:\20_AUDIO\03_wav\individual\2020\SDRW2000000257\SDRW2000000257.1.1.221.lab,55,D:\20_AUDIO\03_wav\individual\2020\SDRW2000000257\SDRW2000000257.1.1.221.wav,True
2020,SDRW2000000257,SDRW2000000257.1.1.222,no_textgrid_after_beam10_retry40,D:\20_AUDIO\03_wav\individual\2020\SDRW2000000257\SDRW2000000257.1.1.222.lab,9,D:\20_AUDIO\03_wav\individual\2020\SDRW2000000257\SDRW2000000257.1.1.222.wav,True
2020,SDRW2000000257,SDRW2000000257.1.1.223,no_textgrid_after_beam10_retry40,D:\20_AUDIO\03_wav\individual\2020\SDRW2000000257\SDRW2000000257.1.1.223.lab,49,D:\20_AUDIO\03_wav\individual\2020\SDRW2000000257\SDRW2000000257.1.1.223.wav,True
2020,SDRW2000000257,SDRW2000000257.1.1.224,no_textgrid_after_beam10_retry40,D:\20_AUDIO\03_wav\individual\2020\SDRW2000000257\SDRW2000000257.1.1.224.lab,43,D:\20_AUDIO\03_wav\individual\2020\SDRW2000000257\SDRW2000000257.1.1.224.wav,True
2020,SDRW2000000257,SDRW2000000257.1.1.225,no_textgrid_after_beam10_retry40,D:\20_AUDIO\03_wav\individual\2020\SDRW2000000257\SDRW2000000257.1.1.225.lab,75,D:\20_AUDIO\03_wav\individual\2020\SDRW2000000257\SDRW2000000257.1.1.225.wav,True
2020,SDRW2000000257,SDRW2000000257.1.1.226,no_textgrid_after_beam10_retry40,D:\20_AUDIO\03_wav\individual\2020\SDRW2000000257\SDRW2000000257.1.1.226.lab,55,D:\20_AUDIO\03_wav\individual\2020\SDRW2000000257\SDRW2000000257.1.1.226.wav,True
2020,SDRW2000000257,SDRW2000000257.1.1.227,no_textgrid_after_beam10_retry40,D:\20_AUDIO\03_wav\individual\2020\SDRW2000000257\SDRW2000000257.1.1.227.lab,33,D:\20_AUDIO\03_wav\individual\2020\SDRW2000000257\SDRW2000000257.1.1.227.wav,True
2020,SDRW2000000257,SDRW2000000257.1.1.23,no_textgrid_after_beam10_retry40,D:\20_AUDIO\03_wav\individual\2020\SDRW2000000257\SDRW2000000257.1.1.23.lab,16,D:\20_AUDIO\03_wav\individual\2020\SDRW2000000257\SDRW2000000257.1.1.23.wav,True
2020,SDRW2000000257,SDRW2000000257.1.1.230,no_textgrid_after_beam10_retry40,D:\20_AUDIO\03_wav\individual\2020\SDRW2000000257\SDRW2000000257.1.1.230.lab,46,D:\20_AUDIO\03_wav\individual\2020\SDRW2000000257\SDRW2000000257.1.1.230.wav,True
2020,SDRW2000000257,SDRW2000000257.1.1.231,no_textgrid_after_beam10_retry40,D:\20_AUDIO\03_wav\individual\2020\SDRW2000000257\SDRW2000000257.1.1.231.lab,16,D:\20_AUDIO\03_wav\individual\2020\SDRW2000000257\SDRW2000000257.1.1.231.wav,True
2020,SDRW2000000257,SDRW2000000257.1.1.232,no_textgrid_after_beam10_retry40,D:\20_AUDIO\03_wav\individual\2020\SDRW2000000257\SDRW2000000257.1.1.232.lab,49,D:\20_AUDIO\03_wav\individual\2020\SDRW2000000257\SDRW2000000257.1.1.232.wav,True
2020,SDRW2000000257,SDRW2000000257.1.1.233,no_textgrid_after_beam10_retry40,D:\20_AUDIO\03_wav\individual\2020\SDRW2000000257\SDRW2000000257.1.1.233.lab,26,D:\20_AUDIO\03_wav\individual\2020\SDRW2000000257\SDRW2000000257.1.1.233.wav,True
2020,SDRW2000000257,SDRW2000000257.1.1.234,no_textgrid_after_beam10_retry40,D:\20_AUDIO\03_wav\individual\2020\SDRW2000000257\SDRW2000000257.1.1.234.lab,19,D:\20_AUDIO\03_wav\individual\2020\SDRW2000000257\SDRW2000000257.1.1.234.wav,True
2020,SDRW2000000257,SDRW2000000257.1.1.235,no_textgrid_after_beam10_retry40,D:\20_AUDIO\03_wav\individual\2020\SDRW2000000257\SDRW2000000257.1.1.235.lab,35,D:\20_AUDIO\03_wav\individual\2020\SDRW2000000257\SDRW2000000257.1.1.235.wav,True
2020,SDRW2000000257,SDRW2000000257.1.1.236,no_textgrid_after_beam10_retry40,D:\20_AUDIO\03_wav\individual\2020\SDRW2000000257\SDRW2000000257.1.1.236.lab,22,D:\20_AUDIO\03_wav\individual\2020\SDRW2000000257\SDRW2000000257.1.1.236.wav,True
2020,SDRW2000000257,SDRW2000000257.1.1.237,no_textgrid_after_beam10_retry40,D:\20_AUDIO\03_wav\individual\2020\SDRW2000000257\SDRW2000000257.1.1.237.lab,27,D:\20_AUDIO\03_wav\individual\2020\SDRW2000000257\SDRW2000000257.1.1.237.wav,True
2020,SDRW2000000257,SDRW2000000257.1.1.238,no_textgrid_after_beam10_retry40,D:\20_AUDIO\03_wav\individual\2020\SDRW2000000257\SDRW2000000257.1.1.238.lab,65,D:\20_AUDIO\03_wav\individual\2020\SDRW2000000257\SDRW2000000257.1.1.238.wav,True
2020,SDRW2000000257,SDRW2000000257.1.1.239,no_textgrid_after_beam10_retry40,D:\20_AUDIO\03_wav\individual\2020\SDRW2000000257\SDRW2000000257.1.1.239.lab,12,D:\20_AUDIO\03_wav\individual\2020\SDRW2000000257\SDRW2000000257.1.1.239.wav,True
2020,SDRW2000000257,SDRW2000000257.1.1.24,no_textgrid_after_beam10_retry40,D:\20_AUDIO\03_wav\individual\2020\SDRW2000000257\SDRW2000000257.1.1.24.lab,9,D:\20_AUDIO\03_wav\individual\2020\SDRW2000000257\SDRW2000000257.1.1.24.wav,True
2020,SDRW2000000257,SDRW2000000257.1.1.241,no_textgrid_after_beam10_retry40,D:\20_AUDIO\03_wav\individual\2020\SDRW2000000257\SDRW2000000257.1.1.241.lab,17,D:\20_AUDIO\03_wav\individual\2020\SDRW2000000257\SDRW2000000257.1.1.241.wav,True
2020,SDRW2000000257,SDRW2000000257.1.1.242,no_textgrid_after_beam10_retry40,D:\20_AUDIO\03_wav\individual\2020\SDRW2000000257\SDRW2000000257.1.1.242.lab,23,D:\20_AUDIO\03_wav\individual\2020\SDRW2000000257\SDRW2000000257.1.1.242.wav,True
2020,SDRW2000000257,SDRW2000000257.1.1.243,no_textgrid_after_beam10_retry40,D:\20_AUDIO\03_wav\individual\2020\SDRW2000000257\SDRW2000000257.1.1.243.lab,66,D:\20_AUDIO\03_wav\individual\2020\SDRW2000000257\SDRW2000000257.1.1.243.wav,True
2020,SDRW2000000257,SDRW2000000257.1.1.244,no_textgrid_after_beam10_retry40,D:\20_AUDIO\03_wav\individual\2020\SDRW2000000257\SDRW2000000257.1.1.244.lab,25,D:\20_AUDIO\03_wav\individual\2020\SDRW2000000257\SDRW2000000257.1.1.244.wav,True
2020,SDRW2000000257,SDRW2000000257.1.1.247,no_textgrid_after_beam10_retry40,D:\20_AUDIO\03_wav\individual\2020\SDRW2000000257\SDRW2000000257.1.1.247.lab,71,D:\20_AUDIO\03_wav\individual\2020\SDRW2000000257\SDRW2000000257.1.1.247.wav,True
2020,SDRW2000000257,SDRW2000000257.1.1.25,no_textgrid_after_beam10_retry40,D:\20_AUDIO\03_wav\individual\2020\SDRW2000000257\SDRW2000000257.1.1.25.lab,49,D:\20_AUDIO\03_wav\individual\2020\SDRW2000000257\SDRW2000000257.1.1.25.wav,True
2020,SDRW2000000257,SDRW2000000257.1.1.26,no_textgrid_after_beam10_retry40,D:\20_AUDIO\03_wav\individual\2020\SDRW2000000257\SDRW2000000257.1.1.26.lab,71,D:\20_AUDIO\03_wav\individual\2020\SDRW2000000257\SDRW2000000257.1.1.26.wav,True
2020,SDRW2000000257,SDRW2000000257.1.1.27,no_textgrid_after_beam10_retry40,D:\20_AUDIO\03_wav\individual\2020\SDRW2000000257\SDRW2000000257.1.1.27.lab,58,D:\20_AUDIO\03_wav\individual\2020\SDRW2000000257\SDRW2000000257.1.1.27.wav,True
2020,SDRW2000000257,SDRW2000000257.1.1.28,no_textgrid_after_beam10_retry40,D:\20_AUDIO\03_wav\individual\2020\SDRW2000000257\SDRW2000000257.1.1.28.lab,28,D:\20_AUDIO\03_wav\individual\2020\SDRW2000000257\SDRW2000000257.1.1.28.wav,True
2020,SDRW2000000257,SDRW2000000257.1.1.283,no_textgrid_after_beam10_retry40,D:\20_AUDIO\03_wav\individual\2020\SDRW2000000257\SDRW2000000257.1.1.283.lab,39,D:\20_AUDIO\03_wav\individual\2020\SDRW2000000257\SDRW2000000257.1.1.283.wav,True
2020,SDRW2000000257,SDRW2000000257.1.1.284,no_textgrid_after_beam10_retry40,D:\20_AUDIO\03_wav\individual\2020\SDRW2000000257\SDRW2000000257.1.1.284.lab,62,D:\20_AUDIO\03_wav\individual\2020\SDRW2000000257\SDRW2000000257.1.1.284.wav,True
2020,SDRW2000000257,SDRW2000000257.1.1.285,no_textgrid_after_beam10_retry40,D:\20_AUDIO\03_wav\individual\2020\SDRW2000000257\SDRW2000000257.1.1.285.lab,52,D:\20_AUDIO\03_wav\individual\2020\SDRW2000000257\SDRW2000000257.1.1.285.wav,True
2020,SDRW2000000257,SDRW2000000257.1.1.286,no_textgrid_after_beam10_retry40,D:\20_AUDIO\03_wav\individual\2020\SDRW2000000257\SDRW2000000257.1.1.286.lab,40,D:\20_AUDIO\03_wav\individual\2020\SDRW2000000257\SDRW2000000257.1.1.286.wav,True
2020,SDRW2000000257,SDRW2000000257.1.1.287,no_textgrid_after_beam10_retry40,D:\20_AUDIO\03_wav\individual\2020\SDRW2000000257\SDRW2000000257.1.1.287.lab,29,D:\20_AUDIO\03_wav\individual\2020\SDRW2000000257\SDRW2000000257.1.1.287.wav,True
2020,SDRW2000000257,SDRW2000000257.1.1.288,no_textgrid_after_beam10_retry40,D:\20_AUDIO\03_wav\individual\2020\SDRW2000000257\SDRW2000000257.1.1.288.lab,33,D:\20_AUDIO\03_wav\individual\2020\SDRW2000000257\SDRW2000000257.1.1.288.wav,True
2020,SDRW2000000257,SDRW2000000257.1.1.289,no_textgrid_after_beam10_retry40,D:\20_AUDIO\03_wav\individual\2020\SDRW2000000257\SDRW2000000257.1.1.289.lab,26,D:\20_AUDIO\03_wav\individual\2020\SDRW2000000257\SDRW2000000257.1.1.289.wav,True
2020,SDRW2000000257,SDRW2000000257.1.1.29,no_textgrid_after_beam10_retry40,D:\20_AUDIO\03_wav\individual\2020\SDRW2000000257\SDRW2000000257.1.1.29.lab,22,D:\20_AUDIO\03_wav\individual\2020\SDRW2000000257\SDRW2000000257.1.1.29.wav,True
2020,SDRW2000000257,SDRW2000000257.1.1.290,no_textgrid_after_beam10_retry40,D:\20_AUDIO\03_wav\individual\2020\SDRW2000000257\SDRW2000000257.1.1.290.lab,20,D:\20_AUDIO\03_wav\individual\2020\SDRW2000000257\SDRW2000000257.1.1.290.wav,True
2020,SDRW2000000257,SDRW2000000257.1.1.292,no_textgrid_after_beam10_retry40,D:\20_AUDIO\03_wav\individual\2020\SDRW2000000257\SDRW2000000257.1.1.292.lab,13,D:\20_AUDIO\03_wav\individual\2020\SDRW2000000257\SDRW2000000257.1.1.292.wav,True
2020,SDRW2000000257,SDRW2000000257.1.1.293,no_textgrid_after_beam10_retry40,D:\20_AUDIO\03_wav\individual\2020\SDRW2000000257\SDRW2000000257.1.1.293.lab,46,D:\20_AUDIO\03_wav\individual\2020\SDRW2000000257\SDRW2000000257.1.1.293.wav,True
2020,SDRW2000000257,SDRW2000000257.1.1.294,no_textgrid_after_beam10_retry40,D:\20_AUDIO\03_wav\individual\2020\SDRW2000000257\SDRW2000000257.1.1.294.lab,60,D:\20_AUDIO\03_wav\individual\2020\SDRW2000000257\SDRW2000000257.1.1.294.wav,True
2020,SDRW2000000257,SDRW2000000257.1.1.295,no_textgrid_after_beam10_retry40,D:\20_AUDIO\03_wav\individual\2020\SDRW2000000257\SDRW2000000257.1.1.295.lab,25,D:\20_AUDIO\03_wav\individual\2020\SDRW2000000257\SDRW2000000257.1.1.295.wav,True
2020,SDRW2000000257,SDRW2000000257.1.1.296,no_textgrid_after_beam10_retry40,D:\20_AUDIO\03_wav\individual\2020\SDRW2000000257\SDRW2000000257.1.1.296.lab,35,D:\20_AUDIO\03_wav\individual\2020\SDRW2000000257\SDRW2000000257.1.1.296.wav,True
2020,SDRW2000000257,SDRW2000000257.1.1.297,no_textgrid_after_beam10_retry40,D:\20_AUDIO\03_wav\individual\2020\SDRW2000000257\SDRW2000000257.1.1.297.lab,13,D:\20_AUDIO\03_wav\individual\2020\SDRW2000000257\SDRW2000000257.1.1.297.wav,True
2020,SDRW2000000257,SDRW2000000257.1.1.299,no_textgrid_after_beam10_retry40,D:\20_AUDIO\03_wav\individual\2020\SDRW2000000257\SDRW2000000257.1.1.299.lab,13,D:\20_AUDIO\03_wav\individual\2020\SDRW2000000257\SDRW2000000257.1.1.299.wav,True
2020,SDRW2000000257,SDRW2000000257.1.1.30,no_textgrid_after_beam10_retry40,D:\20_AUDIO\03_wav\individual\2020\SDRW2000000257\SDRW2000000257.1.1.30.lab,25,D:\20_AUDIO\03_wav\individual\2020\SDRW2000000257\SDRW2000000257.1.1.30.wav,True
2020,SDRW2000000257,SDRW2000000257.1.1.300,no_textgrid_after_beam10_retry40,D:\20_AUDIO\03_wav\individual\2020\SDRW2000000257\SDRW2000000257.1.1.300.lab,16,D:\20_AUDIO\03_wav\individual\2020\SDRW2000000257\SDRW2000000257.1.1.300.wav,True
2020,SDRW2000000257,SDRW2000000257.1.1.301,no_textgrid_after_beam10_retry40,D:\20_AUDIO\03_wav\individual\2020\SDRW2000000257\SDRW2000000257.1.1.301.lab,19,D:\20_AUDIO\03_wav\individual\2020\SDRW2000000257\SDRW2000000257.1.1.301.wav,True
2020,SDRW2000000257,SDRW2000000257.1.1.302,no_textgrid_after_beam10_retry40,D:\20_AUDIO\03_wav\individual\2020\SDRW2000000257\SDRW2000000257.1.1.302.lab,51,D:\20_AUDIO\03_wav\individual\2020\SDRW2000000257\SDRW2000000257.1.1.302.wav,True
2020,SDRW2000000257,SDRW2000000257.1.1.303,no_textgrid_after_beam10_retry40,D:\20_AUDIO\03_wav\individual\2020\SDRW2000000257\SDRW2000000257.1.1.303.lab,75,D:\20_AUDIO\03_wav\individual\2020\SDRW2000000257\SDRW2000000257.1.1.303.wav,True
2020,SDRW2000000257,SDRW2000000257.1.1.304,no_textgrid_after_beam10_retry40,D:\20_AUDIO\03_wav\individual\2020\SDRW2000000257\SDRW2000000257.1.1.304.lab,23,D:\20_AUDIO\03_wav\individual\2020\SDRW2000000257\SDRW2000000257.1.1.304.wav,True
2020,SDRW2000000257,SDRW2000000257.1.1.306,no_textgrid_after_beam10_retry40,D:\20_AUDIO\03_wav\individual\2020\SDRW2000000257\SDRW2000000257.1.1.306.lab,47,D:\20_AUDIO\03_wav\individual\2020\SDRW2000000257\SDRW2000000257.1.1.306.wav,True
2020,SDRW2000000257,SDRW2000000257.1.1.32,no_textgrid_after_beam10_retry40,D:\20_AUDIO\03_wav\individual\2020\SDRW2000000257\SDRW2000000257.1.1.32.lab,32,D:\20_AUDIO\03_wav\individual\2020\SDRW2000000257\SDRW2000000257.1.1.32.wav,True
2020,SDRW2000000257,SDRW2000000257.1.1.33,no_textgrid_after_beam10_retry40,D:\20_AUDIO\03_wav\individual\2020\SDRW2000000257\SDRW2000000257.1.1.33.lab,56,D:\20_AUDIO\03_wav\individual\2020\SDRW2000000257\SDRW2000000257.1.1.33.wav,True
2020,SDRW2000000257,SDRW2000000257.1.1.334,no_textgrid_after_beam10_retry40,D:\20_AUDIO\03_wav\individual\2020\SDRW2000000257\SDRW2000000257.1.1.334.lab,19,D:\20_AUDIO\03_wav\individual\2020\SDRW2000000257\SDRW2000000257.1.1.334.wav,True
2020,SDRW2000000257,SDRW2000000257.1.1.336,no_textgrid_after_beam10_retry40,D:\20_AUDIO\03_wav\individual\2020\SDRW2000000257\SDRW2000000257.1.1.336.lab,29,D:\20_AUDIO\03_wav\individual\2020\SDRW2000000257\SDRW2000000257.1.1.336.wav,True
2020,SDRW2000000257,SDRW2000000257.1.1.337,no_textgrid_after_beam10_retry40,D:\20_AUDIO\03_wav\individual\2020\SDRW2000000257\SDRW2000000257.1.1.337.lab,32,D:\20_AUDIO\03_wav\individual\2020\SDRW2000000257\SDRW2000000257.1.1.337.wav,True
2020,SDRW2000000257,SDRW2000000257.1.1.338,no_textgrid_after_beam10_retry40,D:\20_AUDIO\03_wav\individual\2020\SDRW2000000257\SDRW2000000257.1.1.338.lab,19,D:\20_AUDIO\03_wav\individual\2020\SDRW2000000257\SDRW2000000257.1.1.338.wav,True
2020,SDRW2000000257,SDRW2000000257.1.1.339,no_textgrid_after_beam10_retry40,D:\20_AUDIO\03_wav\individual\2020\SDRW2000000257\SDRW2000000257.1.1.339.lab,19,D:\20_AUDIO\03_wav\individual\2020\SDRW2000000257\SDRW2000000257.1.1.339.wav,True
2020,SDRW2000000257,SDRW2000000257.1.1.34,no_textgrid_after_beam10_retry40,D:\20_AUDIO\03_wav\individual\2020\SDRW2000000257\SDRW2000000257.1.1.34.lab,20,D:\20_AUDIO\03_wav\individual\2020\SDRW2000000257\SDRW2000000257.1.1.34.wav,True
2020,SDRW2000000257,SDRW2000000257.1.1.340,no_textgrid_after_beam10_retry40,D:\20_AUDIO\03_wav\individual\2020\SDRW2000000257\SDRW2000000257.1.1.340.lab,54,D:\20_AUDIO\03_wav\individual\2020\SDRW2000000257\SDRW2000000257.1.1.340.wav,True
2020,SDRW2000000257,SDRW2000000257.1.1.341,no_textgrid_after_beam10_retry40,D:\20_AUDIO\03_wav\individual\2020\SDRW2000000257\SDRW2000000257.1.1.341.lab,26,D:\20_AUDIO\03_wav\individual\2020\SDRW2000000257\SDRW2000000257.1.1.341.wav,True
2020,SDRW2000000257,SDRW2000000257.1.1.342,no_textgrid_after_beam10_retry40,D:\20_AUDIO\03_wav\individual\2020\SDRW2000000257\SDRW2000000257.1.1.342.lab,61,D:\20_AUDIO\03_wav\individual\2020\SDRW2000000257\SDRW2000000257.1.1.342.wav,True
2020,SDRW2000000257,SDRW2000000257.1.1.343,no_textgrid_after_beam10_retry40,D:\20_AUDIO\03_wav\individual\2020\SDRW2000000257\SDRW2000000257.1.1.343.lab,20,D:\20_AUDIO\03_wav\individual\2020\SDRW2000000257\SDRW2000000257.1.1.343.wav,True
2020,SDRW2000000257,SDRW2000000257.1.1.344,no_textgrid_after_beam10_retry40,D:\20_AUDIO\03_wav\individual\2020\SDRW2000000257\SDRW2000000257.1.1.344.lab,32,D:\20_AUDIO\03_wav\individual\2020\SDRW2000000257\SDRW2000000257.1.1.344.wav,True
2020,SDRW2000000257,SDRW2000000257.1.1.345,no_textgrid_after_beam10_retry40,D:\20_AUDIO\03_wav\individual\2020\SDRW2000000257\SDRW2000000257.1.1.345.lab,60,D:\20_AUDIO\03_wav\individual\2020\SDRW2000000257\SDRW2000000257.1.1.345.wav,True
2020,SDRW2000000257,SDRW2000000257.1.1.346,no_textgrid_after_beam10_retry40,D:\20_AUDIO\03_wav\individual\2020\SDRW2000000257\SDRW2000000257.1.1.346.lab,44,D:\20_AUDIO\03_wav\individual\2020\SDRW2000000257\SDRW2000000257.1.1.346.wav,True
2020,SDRW2000000257,SDRW2000000257.1.1.347,no_textgrid_after_beam10_retry40,D:\20_AUDIO\03_wav\individual\2020\SDRW2000000257\SDRW2000000257.1.1.347.lab,23,D:\20_AUDIO\03_wav\individual\2020\SDRW2000000257\SDRW2000000257.1.1.347.wav,True
2020,SDRW2000000257,SDRW2000000257.1.1.348,no_textgrid_after_beam10_retry40,D:\20_AUDIO\03_wav\individual\2020\SDRW2000000257\SDRW2000000257.1.1.348.lab,33,D:\20_AUDIO\03_wav\individual\2020\SDRW2000000257\SDRW2000000257.1.1.348.wav,True
2020,SDRW2000000257,SDRW2000000257.1.1.349,no_textgrid_after_beam10_retry40,D:\20_AUDIO\03_wav\individual\2020\SDRW2000000257\SDRW2000000257.1.1.349.lab,33,D:\20_AUDIO\03_wav\individual\2020\SDRW2000000257\SDRW2000000257.1.1.349.wav,True
2020,SDRW2000000257,SDRW2000000257.1.1.35,no_textgrid_after_beam10_retry40,D:\20_AUDIO\03_wav\individual\2020\SDRW2000000257\SDRW2000000257.1.1.35.lab,39,D:\20_AUDIO\03_wav\individual\2020\SDRW2000000257\SDRW2000000257.1.1.35.wav,True
2020,SDRW2000000257,SDRW2000000257.1.1.350,no_textgrid_after_beam10_retry40,D:\20_AUDIO\03_wav\individual\2020\SDRW2000000257\SDRW2000000257.1.1.350.lab,23,D:\20_AUDIO\03_wav\individual\2020\SDRW2000000257\SDRW2000000257.1.1.350.wav,True
2020,SDRW2000000257,SDRW2000000257.1.1.351,no_textgrid_after_beam10_retry40,D:\20_AUDIO\03_wav\individual\2020\SDRW2000000257\SDRW2000000257.1.1.351.lab,46,D:\20_AUDIO\03_wav\individual\2020\SDRW2000000257\SDRW2000000257.1.1.351.wav,True
2020,SDRW2000000257,SDRW2000000257.1.1.352,no_textgrid_after_beam10_retry40,D:\20_AUDIO\03_wav\individual\2020\SDRW2000000257\SDRW2000000257.1.1.352.lab,32,D:\20_AUDIO\03_wav\individual\2020\SDRW2000000257\SDRW2000000257.1.1.352.wav,True
2020,SDRW2000000257,SDRW2000000257.1.1.354,no_textgrid_after_beam10_retry40,D:\20_AUDIO\03_wav\individual\2020\SDRW2000000257\SDRW2000000257.1.1.354.lab,20,D:\20_AUDIO\03_wav\individual\2020\SDRW2000000257\SDRW2000000257.1.1.354.wav,True
2020,SDRW2000000257,SDRW2000000257.1.1.355,no_textgrid_after_beam10_retry40,D:\20_AUDIO\03_wav\individual\2020\SDRW2000000257\SDRW2000000257.1.1.355.lab,51,D:\20_AUDIO\03_wav\individual\2020\SDRW2000000257\SDRW2000000257.1.1.355.wav,True
2020,SDRW2000000257,SDRW2000000257.1.1.356,no_textgrid_after_beam10_retry40,D:\20_AUDIO\03_wav\individual\2020\SDRW2000000257\SDRW2000000257.1.1.356.lab,49,D:\20_AUDIO\03_wav\individual\2020\SDRW2000000257\SDRW2000000257.1.1.356.wav,True
2020,SDRW2000000257,SDRW2000000257.1.1.357,no_textgrid_after_beam10_retry40,D:\20_AUDIO\03_wav\individual\2020\SDRW2000000257\SDRW2000000257.1.1.357.lab,45,D:\20_AUDIO\03_wav\individual\2020\SDRW2000000257\SDRW2000000257.1.1.357.wav,True
2020,SDRW2000000257,SDRW2000000257.1.1.37,no_textgrid_after_beam10_retry40,D:\20_AUDIO\03_wav\individual\2020\SDRW2000000257\SDRW2000000257.1.1.37.lab,31,D:\20_AUDIO\03_wav\individual\2020\SDRW2000000257\SDRW2000000257.1.1.37.wav,True
2020,SDRW2000000257,SDRW2000000257.1.1.39,no_textgrid_after_beam10_retry40,D:\20_AUDIO\03_wav\individual\2020\SDRW2000000257\SDRW2000000257.1.1.39.lab,65,D:\20_AUDIO\03_wav\individual\2020\SDRW2000000257\SDRW2000000257.1.1.39.wav,True
2020,SDRW2000000257,SDRW2000000257.1.1.395,no_textgrid_after_beam10_retry40,D:\20_AUDIO\03_wav\individual\2020\SDRW2000000257\SDRW2000000257.1.1.395.lab,39,D:\20_AUDIO\03_wav\individual\2020\SDRW2000000257\SDRW2000000257.1.1.395.wav,True
2020,SDRW2000000257,SDRW2000000257.1.1.396,no_textgrid_after_beam10_retry40,D:\20_AUDIO\03_wav\individual\2020\SDRW2000000257\SDRW2000000257.1.1.396.lab,57,D:\20_AUDIO\03_wav\individual\2020\SDRW2000000257\SDRW2000000257.1.1.396.wav,True
2020,SDRW2000000257,SDRW2000000257.1.1.397,no_textgrid_after_beam10_retry40,D:\20_AUDIO\03_wav\individual\2020\SDRW2000000257\SDRW2000000257.1.1.397.lab,44,D:\20_AUDIO\03_wav\individual\2020\SDRW2000000257\SDRW2000000257.1.1.397.wav,True
2020,SDRW2000000257,SDRW2000000257.1.1.398,no_textgrid_after_beam10_retry40,D:\20_AUDIO\03_wav\individual\2020\SDRW2000000257\SDRW2000000257.1.1.398.lab,36,D:\20_AUDIO\03_wav\individual\2020\SDRW2000000257\SDRW2000000257.1.1.398.wav,True
2020,SDRW2000000257,SDRW2000000257.1.1.399,no_textgrid_after_beam10_retry40,D:\20_AUDIO\03_wav\individual\2020\SDRW2000000257\SDRW2000000257.1.1.399.lab,13,D:\20_AUDIO\03_wav\individual\2020\SDRW2000000257\SDRW2000000257.1.1.399.wav,True
2020,SDRW2000000257,SDRW2000000257.1.1.400,no_textgrid_after_beam10_retry40,D:\20_AUDIO\03_wav\individual\2020\SDRW2000000257\SDRW2000000257.1.1.400.lab,15,D:\20_AUDIO\03_wav\individual\2020\SDRW2000000257\SDRW2000000257.1.1.400.wav,True
2020,SDRW2000000257,SDRW2000000257.1.1.401,no_textgrid_after_beam10_retry40,D:\20_AUDIO\03_wav\individual\2020\SDRW2000000257\SDRW2000000257.1.1.401.lab,32,D:\20_AUDIO\03_wav\individual\2020\SDRW2000000257\SDRW2000000257.1.1.401.wav,True
2020,SDRW2000000257,SDRW2000000257.1.1.402,no_textgrid_after_beam10_retry40,D:\20_AUDIO\03_wav\individual\2020\SDRW2000000257\SDRW2000000257.1.1.402.lab,42,D:\20_AUDIO\03_wav\individual\2020\SDRW2000000257\SDRW2000000257.1.1.402.wav,True
2020,SDRW2000000257,SDRW2000000257.1.1.403,no_textgrid_after_beam10_retry40,D:\20_AUDIO\03_wav\individual\2020\SDRW2000000257\SDRW2000000257.1.1.403.lab,41,D:\20_AUDIO\03_wav\individual\2020\SDRW2000000257\SDRW2000000257.1.1.403.wav,True
2020,SDRW2000000257,SDRW2000000257.1.1.404,no_textgrid_after_beam10_retry40,D:\20_AUDIO\03_wav\individual\2020\SDRW2000000257\SDRW2000000257.1.1.404.lab,19,D:\20_AUDIO\03_wav\individual\2020\SDRW2000000257\SDRW2000000257.1.1.404.wav,True
2020,SDRW2000000257,SDRW2000000257.1.1.405,no_textgrid_after_beam10_retry40,D:\20_AUDIO\03_wav\individual\2020\SDRW2000000257\SDRW2000000257.1.1.405.lab,16,D:\20_AUDIO\03_wav\individual\2020\SDRW2000000257\SDRW2000000257.1.1.405.wav,True
2020,SDRW2000000257,SDRW2000000257.1.1.406,no_textgrid_after_beam10_retry40,D:\20_AUDIO\03_wav\individual\2020\SDRW2000000257\SDRW2000000257.1.1.406.lab,28,D:\20_AUDIO\03_wav\individual\2020\SDRW2000000257\SDRW2000000257.1.1.406.wav,True
2020,SDRW2000000257,SDRW2000000257.1.1.407,no_textgrid_after_beam10_retry40,D:\20_AUDIO\03_wav\individual\2020\SDRW2000000257\SDRW2000000257.1.1.407.lab,23,D:\20_AUDIO\03_wav\individual\2020\SDRW2000000257\SDRW2000000257.1.1.407.wav,True
2020,SDRW2000000257,SDRW2000000257.1.1.408,no_textgrid_after_beam10_retry40,D:\20_AUDIO\03_wav\individual\2020\SDRW2000000257\SDRW2000000257.1.1.408.lab,36,D:\20_AUDIO\03_wav\individual\2020\SDRW2000000257\SDRW2000000257.1.1.408.wav,True
2020,SDRW2000000257,SDRW2000000257.1.1.410,no_textgrid_after_beam10_retry40,D:\20_AUDIO\03_wav\individual\2020\SDRW2000000257\SDRW2000000257.1.1.410.lab,49,D:\20_AUDIO\03_wav\individual\2020\SDRW2000000257\SDRW2000000257.1.1.410.wav,True
2020,SDRW2000000257,SDRW2000000257.1.1.412,no_textgrid_after_beam10_retry40,D:\20_AUDIO\03_wav\individual\2020\SDRW2000000257\SDRW2000000257.1.1.412.lab,19,D:\20_AUDIO\03_wav\individual\2020\SDRW2000000257\SDRW2000000257.1.1.412.wav,True
2020,SDRW2000000257,SDRW2000000257.1.1.413,no_textgrid_after_beam10_retry40,D:\20_AUDIO\03_wav\individual\2020\SDRW2000000257\SDRW2000000257.1.1.413.lab,36,D:\20_AUDIO\03_wav\individual\2020\SDRW2000000257\SDRW2000000257.1.1.413.wav,True
2020,SDRW2000000257,SDRW2000000257.1.1.414,no_textgrid_after_beam10_retry40,D:\20_AUDIO\03_wav\individual\2020\SDRW2000000257\SDRW2000000257.1.1.414.lab,16,D:\20_AUDIO\03_wav\individual\2020\SDRW2000000257\SDRW2000000257.1.1.414.wav,True
2020,SDRW2000000257,SDRW2000000257.1.1.415,no_textgrid_after_beam10_retry40,D:\20_AUDIO\03_wav\individual\2020\SDRW2000000257\SDRW2000000257.1.1.415.lab,46,D:\20_AUDIO\03_wav\individual\2020\SDRW2000000257\SDRW2000000257.1.1.415.wav,True
2020,SDRW2000000257,SDRW2000000257.1.1.416,no_textgrid_after_beam10_retry40,D:\20_AUDIO\03_wav\individual\2020\SDRW2000000257\SDRW2000000257.1.1.416.lab,18,D:\20_AUDIO\03_wav\individual\2020\SDRW2000000257\SDRW2000000257.1.1.416.wav,True
2020,SDRW2000000257,SDRW2000000257.1.1.417,no_textgrid_after_beam10_retry40,D:\20_AUDIO\03_wav\individual\2020\SDRW2000000257\SDRW2000000257.1.1.417.lab,36,D:\20_AUDIO\03_wav\individual\2020\SDRW2000000257\SDRW2000000257.1.1.417.wav,True
2020,SDRW2000000257,SDRW2000000257.1.1.418,no_textgrid_after_beam10_retry40,D:\20_AUDIO\03_wav\individual\2020\SDRW2000000257\SDRW2000000257.1.1.418.lab,29,D:\20_AUDIO\03_wav\individual\2020\SDRW2000000257\SDRW2000000257.1.1.418.wav,True
2020,SDRW2000000257,SDRW2000000257.1.1.419,no_textgrid_after_beam10_retry40,D:\20_AUDIO\03_wav\individual\2020\SDRW2000000257\SDRW2000000257.1.1.419.lab,40,D:\20_AUDIO\03_wav\individual\2020\SDRW2000000257\SDRW2000000257.1.1.419.wav,True
2020,SDRW2000000257,SDRW2000000257.1.1.420,no_textgrid_after_beam10_retry40,D:\20_AUDIO\03_wav\individual\2020\SDRW2000000257\SDRW2000000257.1.1.420.lab,25,D:\20_AUDIO\03_wav\individual\2020\SDRW2000000257\SDRW2000000257.1.1.420.wav,True
2020,SDRW2000000257,SDRW2000000257.1.1.421,no_textgrid_after_beam10_retry40,D:\20_AUDIO\03_wav\individual\2020\SDRW2000000257\SDRW2000000257.1.1.421.lab,34,D:\20_AUDIO\03_wav\individual\2020\SDRW2000000257\SDRW2000000257.1.1.421.wav,True
2020,SDRW2000000257,SDRW2000000257.1.1.424,no_textgrid_after_beam10_retry40,D:\20_AUDIO\03_wav\individual\2020\SDRW2000000257\SDRW2000000257.1.1.424.lab,32,D:\20_AUDIO\03_wav\individual\2020\SDRW2000000257\SDRW2000000257.1.1.424.wav,True
2020,SDRW2000000257,SDRW2000000257.1.1.425,no_textgrid_after_beam10_retry40,D:\20_AUDIO\03_wav\individual\2020\SDRW2000000257\SDRW2000000257.1.1.425.lab,45,D:\20_AUDIO\03_wav\individual\2020\SDRW2000000257\SDRW2000000257.1.1.425.wav,True
2020,SDRW2000000257,SDRW2000000257.1.1.426,no_textgrid_after_beam10_retry40,D:\20_AUDIO\03_wav\individual\2020\SDRW2000000257\SDRW2000000257.1.1.426.lab,43,D:\20_AUDIO\03_wav\individual\2020\SDRW2000000257\SDRW2000000257.1.1.426.wav,True
2020,SDRW2000000257,SDRW2000000257.1.1.427,no_textgrid_after_beam10_retry40,D:\20_AUDIO\03_wav\individual\2020\SDRW2000000257\SDRW2000000257.1.1.427.lab,23,D:\20_AUDIO\03_wav\individual\2020\SDRW2000000257\SDRW2000000257.1.1.427.wav,True
2020,SDRW2000000257,SDRW2000000257.1.1.429,no_textgrid_after_beam10_retry40,D:\20_AUDIO\03_wav\individual\2020\SDRW2000000257\SDRW2000000257.1.1.429.lab,26,D:\20_AUDIO\03_wav\individual\2020\SDRW2000000257\SDRW2000000257.1.1.429.wav,True
2020,SDRW2000000257,SDRW2000000257.1.1.430,no_textgrid_after_beam10_retry40,D:\20_AUDIO\03_wav\individual\2020\SDRW2000000257\SDRW2000000257.1.1.430.lab,16,D:\20_AUDIO\03_wav\individual\2020\SDRW2000000257\SDRW2000000257.1.1.430.wav,True
2020,SDRW2000000257,SDRW2000000257.1.1.431,no_textgrid_after_beam10_retry40,D:\20_AUDIO\03_wav\individual\2020\SDRW2000000257\SDRW2000000257.1.1.431.lab,65,D:\20_AUDIO\03_wav\individual\2020\SDRW2000000257\SDRW2000000257.1.1.431.wav,True
2020,SDRW2000000257,SDRW2000000257.1.1.5,no_textgrid_after_beam10_retry40,D:\20_AUDIO\03_wav\individual\2020\SDRW2000000257\SDRW2000000257.1.1.5.lab,18,D:\20_AUDIO\03_wav\individual\2020\SDRW2000000257\SDRW2000000257.1.1.5.wav,True
2020,SDRW2000000257,SDRW2000000257.1.1.6,no_textgrid_after_beam10_retry40,D:\20_AUDIO\03_wav\individual\2020\SDRW2000000257\SDRW2000000257.1.1.6.lab,53,D:\20_AUDIO\03_wav\individual\2020\SDRW2000000257\SDRW2000000257.1.1.6.wav,True
2020,SDRW2000000257,SDRW2000000257.1.1.64,no_textgrid_after_beam10_retry40,D:\20_AUDIO\03_wav\individual\2020\SDRW2000000257\SDRW2000000257.1.1.64.lab,59,D:\20_AUDIO\03_wav\individual\2020\SDRW2000000257\SDRW2000000257.1.1.64.wav,True
2020,SDRW2000000257,SDRW2000000257.1.1.65,no_textgrid_after_beam10_retry40,D:\20_AUDIO\03_wav\individual\2020\SDRW2000000257\SDRW2000000257.1.1.65.lab,19,D:\20_AUDIO\03_wav\individual\2020\SDRW2000000257\SDRW2000000257.1.1.65.wav,True
2020,SDRW2000000257,SDRW2000000257.1.1.66,no_textgrid_after_beam10_retry40,D:\20_AUDIO\03_wav\individual\2020\SDRW2000000257\SDRW2000000257.1.1.66.lab,40,D:\20_AUDIO\03_wav\individual\2020\SDRW2000000257\SDRW2000000257.1.1.66.wav,True
2020,SDRW2000000257,SDRW2000000257.1.1.67,no_textgrid_after_beam10_retry40,D:\20_AUDIO\03_wav\individual\2020\SDRW2000000257\SDRW2000000257.1.1.67.lab,16,D:\20_AUDIO\03_wav\individual\2020\SDRW2000000257\SDRW2000000257.1.1.67.wav,True
2020,SDRW2000000257,SDRW2000000257.1.1.68,no_textgrid_after_beam10_retry40,D:\20_AUDIO\03_wav\individual\2020\SDRW2000000257\SDRW2000000257.1.1.68.lab,35,D:\20_AUDIO\03_wav\individual\2020\SDRW2000000257\SDRW2000000257.1.1.68.wav,True
2020,SDRW2000000257,SDRW2000000257.1.1.7,no_textgrid_after_beam10_retry40,D:\20_AUDIO\03_wav\individual\2020\SDRW2000000257\SDRW2000000257.1.1.7.lab,29,D:\20_AUDIO\03_wav\individual\2020\SDRW2000000257\SDRW2000000257.1.1.7.wav,True
2020,SDRW2000000257,SDRW2000000257.1.1.70,no_textgrid_after_beam10_retry40,D:\20_AUDIO\03_wav\individual\2020\SDRW2000000257\SDRW2000000257.1.1.70.lab,68,D:\20_AUDIO\03_wav\individual\2020\SDRW2000000257\SDRW2000000257.1.1.70.wav,True
2020,SDRW2000000257,SDRW2000000257.1.1.71,no_textgrid_after_beam10_retry40,D:\20_AUDIO\03_wav\individual\2020\SDRW2000000257\SDRW2000000257.1.1.71.lab,39,D:\20_AUDIO\03_wav\individual\2020\SDRW2000000257\SDRW2000000257.1.1.71.wav,True
2020,SDRW2000000257,SDRW2000000257.1.1.72,no_textgrid_after_beam10_retry40,D:\20_AUDIO\03_wav\individual\2020\SDRW2000000257\SDRW2000000257.1.1.72.lab,41,D:\20_AUDIO\03_wav\individual\2020\SDRW2000000257\SDRW2000000257.1.1.72.wav,True
2020,SDRW2000000257,SDRW2000000257.1.1.73,no_textgrid_after_beam10_retry40,D:\20_AUDIO\03_wav\individual\2020\SDRW2000000257\SDRW2000000257.1.1.73.lab,13,D:\20_AUDIO\03_wav\individual\2020\SDRW2000000257\SDRW2000000257.1.1.73.wav,True
2020,SDRW2000000257,SDRW2000000257.1.1.74,no_textgrid_after_beam10_retry40,D:\20_AUDIO\03_wav\individual\2020\SDRW2000000257\SDRW2000000257.1.1.74.lab,19,D:\20_AUDIO\03_wav\individual\2020\SDRW2000000257\SDRW2000000257.1.1.74.wav,True
2020,SDRW2000000257,SDRW2000000257.1.1.76,no_textgrid_after_beam10_retry40,D:\20_AUDIO\03_wav\individual\2020\SDRW2000000257\SDRW2000000257.1.1.76.lab,29,D:\20_AUDIO\03_wav\individual\2020\SDRW2000000257\SDRW2000000257.1.1.76.wav,True
2020,SDRW2000000257,SDRW2000000257.1.1.77,no_textgrid_after_beam10_retry40,D:\20_AUDIO\03_wav\individual\2020\SDRW2000000257\SDRW2000000257.1.1.77.lab,47,D:\20_AUDIO\03_wav\individual\2020\SDRW2000000257\SDRW2000000257.1.1.77.wav,True
2020,SDRW2000000257,SDRW2000000257.1.1.78,no_textgrid_after_beam10_retry40,D:\20_AUDIO\03_wav\individual\2020\SDRW2000000257\SDRW2000000257.1.1.78.lab,19,D:\20_AUDIO\03_wav\individual\2020\SDRW2000000257\SDRW2000000257.1.1.78.wav,True
2020,SDRW2000000257,SDRW2000000257.1.1.79,no_textgrid_after_beam10_retry40,D:\20_AUDIO\03_wav\individual\2020\SDRW2000000257\SDRW2000000257.1.1.79.lab,29,D:\20_AUDIO\03_wav\individual\2020\SDRW2000000257\SDRW2000000257.1.1.79.wav,True
2020,SDRW2000000257,SDRW2000000257.1.1.8,no_textgrid_after_beam10_retry40,D:\20_AUDIO\03_wav\individual\2020\SDRW2000000257\SDRW2000000257.1.1.8.lab,46,D:\20_AUDIO\03_wav\individual\2020\SDRW2000000257\SDRW2000000257.1.1.8.wav,True
2020,SDRW2000000257,SDRW2000000257.1.1.80,no_textgrid_after_beam10_retry40,D:\20_AUDIO\03_wav\individual\2020\SDRW2000000257\SDRW2000000257.1.1.80.lab,26,D:\20_AUDIO\03_wav\individual\2020\SDRW2000000257\SDRW2000000257.1.1.80.wav,True
2020,SDRW2000000257,SDRW2000000257.1.1.81,no_textgrid_after_beam10_retry40,D:\20_AUDIO\03_wav\individual\2020\SDRW2000000257\SDRW2000000257.1.1.81.lab,19,D:\20_AUDIO\03_wav\individual\2020\SDRW2000000257\SDRW2000000257.1.1.81.wav,True
2020,SDRW2000000257,SDRW2000000257.1.1.83,no_textgrid_after_beam10_retry40,D:\20_AUDIO\03_wav\individual\2020\SDRW2000000257\SDRW2000000257.1.1.83.lab,26,D:\20_AUDIO\03_wav\individual\2020\SDRW2000000257\SDRW2000000257.1.1.83.wav,True
2020,SDRW2000000257,SDRW2000000257.1.1.84,no_textgrid_after_beam10_retry40,D:\20_AUDIO\03_wav\individual\2020\SDRW2000000257\SDRW2000000257.1.1.84.lab,26,D:\20_AUDIO\03_wav\individual\2020\SDRW2000000257\SDRW2000000257.1.1.84.wav,True
2020,SDRW2000000257,SDRW2000000257.1.1.85,no_textgrid_after_beam10_retry40,D:\20_AUDIO\03_wav\individual\2020\SDRW2000000257\SDRW2000000257.1.1.85.lab,66,D:\20_AUDIO\03_wav\individual\2020\SDRW2000000257\SDRW2000000257.1.1.85.wav,True
2020,SDRW2000000257,SDRW2000000257.1.1.86,no_textgrid_after_beam10_retry40,D:\20_AUDIO\03_wav\individual\2020\SDRW2000000257\SDRW2000000257.1.1.86.lab,81,D:\20_AUDIO\03_wav\individual\2020\SDRW2000000257\SDRW2000000257.1.1.86.wav,True
2020,SDRW2000000257,SDRW2000000257.1.1.87,no_textgrid_after_beam10_retry40,D:\20_AUDIO\03_wav\individual\2020\SDRW2000000257\SDRW2000000257.1.1.87.lab,67,D:\20_AUDIO\03_wav\individual\2020\SDRW2000000257\SDRW2000000257.1.1.87.wav,True
2020,SDRW2000000257,SDRW2000000257.1.1.89,no_textgrid_after_beam10_retry40,D:\20_AUDIO\03_wav\individual\2020\SDRW2000000257\SDRW2000000257.1.1.89.lab,40,D:\20_AUDIO\03_wav\individual\2020\SDRW2000000257\SDRW2000000257.1.1.89.wav,True
2020,SDRW2000000257,SDRW2000000257.1.1.9,no_textgrid_after_beam10_retry40,D:\20_AUDIO\03_wav\individual\2020\SDRW2000000257\SDRW2000000257.1.1.9.lab,32,D:\20_AUDIO\03_wav\individual\2020\SDRW2000000257\SDRW2000000257.1.1.9.wav,True
2020,SDRW2000000257,SDRW2000000257.1.1.90,no_textgrid_after_beam10_retry40,D:\20_AUDIO\03_wav\individual\2020\SDRW2000000257\SDRW2000000257.1.1.90.lab,26,D:\20_AUDIO\03_wav\individual\2020\SDRW2000000257\SDRW2000000257.1.1.90.wav,True
2020,SDRW2000000257,SDRW2000000257.1.1.91,no_textgrid_after_beam10_retry40,D:\20_AUDIO\03_wav\individual\2020\SDRW2000000257\SDRW2000000257.1.1.91.lab,33,D:\20_AUDIO\03_wav\individual\2020\SDRW2000000257\SDRW2000000257.1.1.91.wav,True
2020,SDRW2000000257,SDRW2000000257.1.1.92,no_textgrid_after_beam10_retry40,D:\20_AUDIO\03_wav\individual\2020\SDRW2000000257\SDRW2000000257.1.1.92.lab,44,D:\20_AUDIO\03_wav\individual\2020\SDRW2000000257\SDRW2000000257.1.1.92.wav,True
2020,SDRW2000000257,SDRW2000000257.1.1.93,no_textgrid_after_beam10_retry40,D:\20_AUDIO\03_wav\individual\2020\SDRW2000000257\SDRW2000000257.1.1.93.lab,39,D:\20_AUDIO\03_wav\individual\2020\SDRW2000000257\SDRW2000000257.1.1.93.wav,True
2020,SDRW2000000257,SDRW2000000257.1.1.94,no_textgrid_after_beam10_retry40,D:\20_AUDIO\03_wav\individual\2020\SDRW2000000257\SDRW2000000257.1.1.94.lab,34,D:\20_AUDIO\03_wav\individual\2020\SDRW2000000257\SDRW2000000257.1.1.94.wav,True
2020,SDRW2000000257,SDRW2000000257.1.1.96,no_textgrid_after_beam10_retry40,D:\20_AUDIO\03_wav\individual\2020\SDRW2000000257\SDRW2000000257.1.1.96.lab,52,D:\20_AUDIO\03_wav\individual\2020\SDRW2000000257\SDRW2000000257.1.1.96.wav,True
2020,SDRW2000000257,SDRW2000000257.1.1.97,no_textgrid_after_beam10_retry40,D:\20_AUDIO\03_wav\individual\2020\SDRW2000000257\SDRW2000000257.1.1.97.lab,25,D:\20_AUDIO\03_wav\individual\2020\SDRW2000000257\SDRW2000000257.1.1.97.wav,True
2020,SDRW2000000285,SDRW2000000285.1.1.101,no_textgrid_after_beam10_retry40,D:\20_AUDIO\03_wav\individual\2020\SDRW2000000285\SDRW2000000285.1.1.101.lab,43,D:\20_AUDIO\03_wav\individual\2020\SDRW2000000285\SDRW2000000285.1.1.101.wav,True
2020,SDRW2000000309,SDRW2000000309.1.1.81,no_textgrid_after_beam10_retry40,D:\20_AUDIO\03_wav\individual\2020\SDRW2000000309\SDRW2000000309.1.1.81.lab,46,D:\20_AUDIO\03_wav\individual\2020\SDRW2000000309\SDRW2000000309.1.1.81.wav,True
2020,SDRW2000000311,SDRW2000000311.1.1.164,no_textgrid_after_beam10_retry40,D:\20_AUDIO\03_wav\individual\2020\SDRW2000000311\SDRW2000000311.1.1.164.lab,90,D:\20_AUDIO\03_wav\individual\2020\SDRW2000000311\SDRW2000000311.1.1.164.wav,True
2020,SDRW2000000311,SDRW2000000311.1.1.167,no_textgrid_after_beam10_retry40,D:\20_AUDIO\03_wav\individual\2020\SDRW2000000311\SDRW2000000311.1.1.167.lab,54,D:\20_AUDIO\03_wav\individual\2020\SDRW2000000311\SDRW2000000311.1.1.167.wav,True
2020,SDRW2000000311,SDRW2000000311.1.1.170,no_textgrid_after_beam10_retry40,D:\20_AUDIO\03_wav\individual\2020\SDRW2000000311\SDRW2000000311.1.1.170.lab,51,D:\20_AUDIO\03_wav\individual\2020\SDRW2000000311\SDRW2000000311.1.1.170.wav,True
2020,SDRW2000000311,SDRW2000000311.1.1.176,no_textgrid_after_beam10_retry40,D:\20_AUDIO\03_wav\individual\2020\SDRW2000000311\SDRW2000000311.1.1.176.lab,29,D:\20_AUDIO\03_wav\individual\2020\SDRW2000000311\SDRW2000000311.1.1.176.wav,True
2020,SDRW2000000311,SDRW2000000311.1.1.179,no_textgrid_after_beam10_retry40,D:\20_AUDIO\03_wav\individual\2020\SDRW2000000311\SDRW2000000311.1.1.179.lab,51,D:\20_AUDIO\03_wav\individual\2020\SDRW2000000311\SDRW2000000311.1.1.179.wav,True
2020,SDRW2000000311,SDRW2000000311.1.1.189,no_textgrid_after_beam10_retry40,D:\20_AUDIO\03_wav\individual\2020\SDRW2000000311\SDRW2000000311.1.1.189.lab,54,D:\20_AUDIO\03_wav\individual\2020\SDRW2000000311\SDRW2000000311.1.1.189.wav,True
2020,SDRW2000000311,SDRW2000000311.1.1.193,no_textgrid_after_beam10_retry40,D:\20_AUDIO\03_wav\individual\2020\SDRW2000000311\SDRW2000000311.1.1.193.lab,76,D:\20_AUDIO\03_wav\individual\2020\SDRW2000000311\SDRW2000000311.1.1.193.wav,True
2020,SDRW2000000311,SDRW2000000311.1.1.194,no_textgrid_after_beam10_retry40,D:\20_AUDIO\03_wav\individual\2020\SDRW2000000311\SDRW2000000311.1.1.194.lab,40,D:\20_AUDIO\03_wav\individual\2020\SDRW2000000311\SDRW2000000311.1.1.194.wav,True
2020,SDRW2000000311,SDRW2000000311.1.1.197,no_textgrid_after_beam10_retry40,D:\20_AUDIO\03_wav\individual\2020\SDRW2000000311\SDRW2000000311.1.1.197.lab,37,D:\20_AUDIO\03_wav\individual\2020\SDRW2000000311\SDRW2000000311.1.1.197.wav,True
2020,SDRW2000000311,SDRW2000000311.1.1.200,no_textgrid_after_beam10_retry40,D:\20_AUDIO\03_wav\individual\2020\SDRW2000000311\SDRW2000000311.1.1.200.lab,80,D:\20_AUDIO\03_wav\individual\2020\SDRW2000000311\SDRW2000000311.1.1.200.wav,True
2020,SDRW2000000311,SDRW2000000311.1.1.202,no_textgrid_after_beam10_retry40,D:\20_AUDIO\03_wav\individual\2020\SDRW2000000311\SDRW2000000311.1.1.202.lab,70,D:\20_AUDIO\03_wav\individual\2020\SDRW2000000311\SDRW2000000311.1.1.202.wav,True
2020,SDRW2000000311,SDRW2000000311.1.1.204,no_textgrid_after_beam10_retry40,D:\20_AUDIO\03_wav\individual\2020\SDRW2000000311\SDRW2000000311.1.1.204.lab,42,D:\20_AUDIO\03_wav\individual\2020\SDRW2000000311\SDRW2000000311.1.1.204.wav,True
2020,SDRW2000000311,SDRW2000000311.1.1.206,no_textgrid_after_beam10_retry40,D:\20_AUDIO\03_wav\individual\2020\SDRW2000000311\SDRW2000000311.1.1.206.lab,32,D:\20_AUDIO\03_wav\individual\2020\SDRW2000000311\SDRW2000000311.1.1.206.wav,True
2020,SDRW2000000311,SDRW2000000311.1.1.212,no_textgrid_after_beam10_retry40,D:\20_AUDIO\03_wav\individual\2020\SDRW2000000311\SDRW2000000311.1.1.212.lab,86,D:\20_AUDIO\03_wav\individual\2020\SDRW2000000311\SDRW2000000311.1.1.212.wav,True
2020,SDRW2000000311,SDRW2000000311.1.1.233,no_textgrid_after_beam10_retry40,D:\20_AUDIO\03_wav\individual\2020\SDRW2000000311\SDRW2000000311.1.1.233.lab,54,D:\20_AUDIO\03_wav\individual\2020\SDRW2000000311\SDRW2000000311.1.1.233.wav,True
2020,SDRW2000000311,SDRW2000000311.1.1.234,no_textgrid_after_beam10_retry40,D:\20_AUDIO\03_wav\individual\2020\SDRW2000000311\SDRW2000000311.1.1.234.lab,65,D:\20_AUDIO\03_wav\individual\2020\SDRW2000000311\SDRW2000000311.1.1.234.wav,True
2020,SDRW2000000313,SDRW2000000313.1.1.101,no_textgrid_after_beam10_retry40,D:\20_AUDIO\03_wav\individual\2020\SDRW2000000313\SDRW2000000313.1.1.101.lab,35,D:\20_AUDIO\03_wav\individual\2020\SDRW2000000313\SDRW2000000313.1.1.101.wav,True
2020,SDRW2000000313,SDRW2000000313.1.1.120,no_textgrid_after_beam10_retry40,D:\20_AUDIO\03_wav\individual\2020\SDRW2000000313\SDRW2000000313.1.1.120.lab,41,D:\20_AUDIO\03_wav\individual\2020\SDRW2000000313\SDRW2000000313.1.1.120.wav,True
2020,SDRW2000000313,SDRW2000000313.1.1.123,no_textgrid_after_beam10_retry40,D:\20_AUDIO\03_wav\individual\2020\SDRW2000000313\SDRW2000000313.1.1.123.lab,50,D:\20_AUDIO\03_wav\individual\2020\SDRW2000000313\SDRW2000000313.1.1.123.wav,True
2020,SDRW2000000313,SDRW2000000313.1.1.125,no_textgrid_after_beam10_retry40,D:\20_AUDIO\03_wav\individual\2020\SDRW2000000313\SDRW2000000313.1.1.125.lab,48,D:\20_AUDIO\03_wav\individual\2020\SDRW2000000313\SDRW2000000313.1.1.125.wav,True
2020,SDRW2000000313,SDRW2000000313.1.1.130,no_textgrid_after_beam10_retry40,D:\20_AUDIO\03_wav\individual\2020\SDRW2000000313\SDRW2000000313.1.1.130.lab,33,D:\20_AUDIO\03_wav\individual\2020\SDRW2000000313\SDRW2000000313.1.1.130.wav,True
2020,SDRW2000000313,SDRW2000000313.1.1.134,no_textgrid_after_beam10_retry40,D:\20_AUDIO\03_wav\individual\2020\SDRW2000000313\SDRW2000000313.1.1.134.lab,82,D:\20_AUDIO\03_wav\individual\2020\SDRW2000000313\SDRW2000000313.1.1.134.wav,True
2020,SDRW2000000313,SDRW2000000313.1.1.139,no_textgrid_after_beam10_retry40,D:\20_AUDIO\03_wav\individual\2020\SDRW2000000313\SDRW2000000313.1.1.139.lab,57,D:\20_AUDIO\03_wav\individual\2020\SDRW2000000313\SDRW2000000313.1.1.139.wav,True
2020,SDRW2000000313,SDRW2000000313.1.1.141,no_textgrid_after_beam10_retry40,D:\20_AUDIO\03_wav\individual\2020\SDRW2000000313\SDRW2000000313.1.1.141.lab,30,D:\20_AUDIO\03_wav\individual\2020\SDRW2000000313\SDRW2000000313.1.1.141.wav,True
2020,SDRW2000000313,SDRW2000000313.1.1.146,no_textgrid_after_beam10_retry40,D:\20_AUDIO\03_wav\individual\2020\SDRW2000000313\SDRW2000000313.1.1.146.lab,36,D:\20_AUDIO\03_wav\individual\2020\SDRW2000000313\SDRW2000000313.1.1.146.wav,True
2020,SDRW2000000313,SDRW2000000313.1.1.165,no_textgrid_after_beam10_retry40,D:\20_AUDIO\03_wav\individual\2020\SDRW2000000313\SDRW2000000313.1.1.165.lab,81,D:\20_AUDIO\03_wav\individual\2020\SDRW2000000313\SDRW2000000313.1.1.165.wav,True
2020,SDRW2000000313,SDRW2000000313.1.1.173,no_textgrid_after_beam10_retry40,D:\20_AUDIO\03_wav\individual\2020\SDRW2000000313\SDRW2000000313.1.1.173.lab,45,D:\20_AUDIO\03_wav\individual\2020\SDRW2000000313\SDRW2000000313.1.1.173.wav,True
2020,SDRW2000000313,SDRW2000000313.1.1.175,no_textgrid_after_beam10_retry40,D:\20_AUDIO\03_wav\individual\2020\SDRW2000000313\SDRW2000000313.1.1.175.lab,65,D:\20_AUDIO\03_wav\individual\2020\SDRW2000000313\SDRW2000000313.1.1.175.wav,True
2020,SDRW2000000313,SDRW2000000313.1.1.177,no_textgrid_after_beam10_retry40,D:\20_AUDIO\03_wav\individual\2020\SDRW2000000313\SDRW2000000313.1.1.177.lab,59,D:\20_AUDIO\03_wav\individual\2020\SDRW2000000313\SDRW2000000313.1.1.177.wav,True
2020,SDRW2000000313,SDRW2000000313.1.1.184,no_textgrid_after_beam10_retry40,D:\20_AUDIO\03_wav\individual\2020\SDRW2000000313\SDRW2000000313.1.1.184.lab,77,D:\20_AUDIO\03_wav\individual\2020\SDRW2000000313\SDRW2000000313.1.1.184.wav,True
2020,SDRW2000000313,SDRW2000000313.1.1.186,no_textgrid_after_beam10_retry40,D:\20_AUDIO\03_wav\individual\2020\SDRW2000000313\SDRW2000000313.1.1.186.lab,28,D:\20_AUDIO\03_wav\individual\2020\SDRW2000000313\SDRW2000000313.1.1.186.wav,True
2020,SDRW2000000313,SDRW2000000313.1.1.37,no_textgrid_after_beam10_retry40,D:\20_AUDIO\03_wav\individual\2020\SDRW2000000313\SDRW2000000313.1.1.37.lab,42,D:\20_AUDIO\03_wav\individual\2020\SDRW2000000313\SDRW2000000313.1.1.37.wav,True
2020,SDRW2000000313,SDRW2000000313.1.1.39,no_textgrid_after_beam10_retry40,D:\20_AUDIO\03_wav\individual\2020\SDRW2000000313\SDRW2000000313.1.1.39.lab,38,D:\20_AUDIO\03_wav\individual\2020\SDRW2000000313\SDRW2000000313.1.1.39.wav,True
2020,SDRW2000000313,SDRW2000000313.1.1.42,no_textgrid_after_beam10_retry40,D:\20_AUDIO\03_wav\individual\2020\SDRW2000000313\SDRW2000000313.1.1.42.lab,64,D:\20_AUDIO\03_wav\individual\2020\SDRW2000000313\SDRW2000000313.1.1.42.wav,True
2020,SDRW2000000313,SDRW2000000313.1.1.43,no_textgrid_after_beam10_retry40,D:\20_AUDIO\03_wav\individual\2020\SDRW2000000313\SDRW2000000313.1.1.43.lab,40,D:\20_AUDIO\03_wav\individual\2020\SDRW2000000313\SDRW2000000313.1.1.43.wav,True
2020,SDRW2000000313,SDRW2000000313.1.1.45,no_textgrid_after_beam10_retry40,D:\20_AUDIO\03_wav\individual\2020\SDRW2000000313\SDRW2000000313.1.1.45.lab,59,D:\20_AUDIO\03_wav\individual\2020\SDRW2000000313\SDRW2000000313.1.1.45.wav,True
2020,SDRW2000000313,SDRW2000000313.1.1.62,no_textgrid_after_beam10_retry40,D:\20_AUDIO\03_wav\individual\2020\SDRW2000000313\SDRW2000000313.1.1.62.lab,28,D:\20_AUDIO\03_wav\individual\2020\SDRW2000000313\SDRW2000000313.1.1.62.wav,True
2020,SDRW2000000313,SDRW2000000313.1.1.66,no_textgrid_after_beam10_retry40,D:\20_AUDIO\03_wav\individual\2020\SDRW2000000313\SDRW2000000313.1.1.66.lab,65,D:\20_AUDIO\03_wav\individual\2020\SDRW2000000313\SDRW2000000313.1.1.66.wav,True
2020,SDRW2000000313,SDRW2000000313.1.1.72,no_textgrid_after_beam10_retry40,D:\20_AUDIO\03_wav\individual\2020\SDRW2000000313\SDRW2000000313.1.1.72.lab,56,D:\20_AUDIO\03_wav\individual\2020\SDRW2000000313\SDRW2000000313.1.1.72.wav,True
2020,SDRW2000000313,SDRW2000000313.1.1.81,no_textgrid_after_beam10_retry40,D:\20_AUDIO\03_wav\individual\2020\SDRW2000000313\SDRW2000000313.1.1.81.lab,62,D:\20_AUDIO\03_wav\individual\2020\SDRW2000000313\SDRW2000000313.1.1.81.wav,True
2020,SDRW2000000313,SDRW2000000313.1.1.86,no_textgrid_after_beam10_retry40,D:\20_AUDIO\03_wav\individual\2020\SDRW2000000313\SDRW2000000313.1.1.86.lab,37,D:\20_AUDIO\03_wav\individual\2020\SDRW2000000313\SDRW2000000313.1.1.86.wav,True
2020,SDRW2000000313,SDRW2000000313.1.1.87,no_textgrid_after_beam10_retry40,D:\20_AUDIO\03_wav\individual\2020\SDRW2000000313\SDRW2000000313.1.1.87.lab,34,D:\20_AUDIO\03_wav\individual\2020\SDRW2000000313\SDRW2000000313.1.1.87.wav,True
2020,SDRW2000000313,SDRW2000000313.1.1.90,no_textgrid_after_beam10_retry40,D:\20_AUDIO\03_wav\individual\2020\SDRW2000000313\SDRW2000000313.1.1.90.lab,54,D:\20_AUDIO\03_wav\individual\2020\SDRW2000000313\SDRW2000000313.1.1.90.wav,True
2020,SDRW2000000336,SDRW2000000336.1.1.86,no_textgrid_after_beam10_retry40,D:\20_AUDIO\03_wav\individual\2020\SDRW2000000336\SDRW2000000336.1.1.86.lab,41,D:\20_AUDIO\03_wav\individual\2020\SDRW2000000336\SDRW2000000336.1.1.86.wav,True
2020,SDRW2000000340,SDRW2000000340.1.1.173,no_textgrid_after_beam10_retry40,D:\20_AUDIO\03_wav\individual\2020\SDRW2000000340\SDRW2000000340.1.1.173.lab,42,D:\20_AUDIO\03_wav\individual\2020\SDRW2000000340\SDRW2000000340.1.1.173.wav,True
2020,SDRW2000000340,SDRW2000000340.1.1.179,no_textgrid_after_beam10_retry40,D:\20_AUDIO\03_wav\individual\2020\SDRW2000000340\SDRW2000000340.1.1.179.lab,46,D:\20_AUDIO\03_wav\individual\2020\SDRW2000000340\SDRW2000000340.1.1.179.wav,True
2020,SDRW2000000340,SDRW2000000340.1.1.185,no_textgrid_after_beam10_retry40,D:\20_AUDIO\03_wav\individual\2020\SDRW2000000340\SDRW2000000340.1.1.185.lab,42,D:\20_AUDIO\03_wav\individual\2020\SDRW2000000340\SDRW2000000340.1.1.185.wav,True
2020,SDRW2000000340,SDRW2000000340.1.1.188,no_textgrid_after_beam10_retry40,D:\20_AUDIO\03_wav\individual\2020\SDRW2000000340\SDRW2000000340.1.1.188.lab,50,D:\20_AUDIO\03_wav\individual\2020\SDRW2000000340\SDRW2000000340.1.1.188.wav,True
2020,SDRW2000000340,SDRW2000000340.1.1.22,no_textgrid_after_beam10_retry40,D:\20_AUDIO\03_wav\individual\2020\SDRW2000000340\SDRW2000000340.1.1.22.lab,48,D:\20_AUDIO\03_wav\individual\2020\SDRW2000000340\SDRW2000000340.1.1.22.wav,True
2020,SDRW2000000340,SDRW2000000340.1.1.25,no_textgrid_after_beam10_retry40,D:\20_AUDIO\03_wav\individual\2020\SDRW2000000340\SDRW2000000340.1.1.25.lab,55,D:\20_AUDIO\03_wav\individual\2020\SDRW2000000340\SDRW2000000340.1.1.25.wav,True
2020,SDRW2000000340,SDRW2000000340.1.1.31,no_textgrid_after_beam10_retry40,D:\20_AUDIO\03_wav\individual\2020\SDRW2000000340\SDRW2000000340.1.1.31.lab,39,D:\20_AUDIO\03_wav\individual\2020\SDRW2000000340\SDRW2000000340.1.1.31.wav,True
2020,SDRW2000000340,SDRW2000000340.1.1.336,no_textgrid_after_beam10_retry40,D:\20_AUDIO\03_wav\individual\2020\SDRW2000000340\SDRW2000000340.1.1.336.lab,70,D:\20_AUDIO\03_wav\individual\2020\SDRW2000000340\SDRW2000000340.1.1.336.wav,True
2020,SDRW2000000340,SDRW2000000340.1.1.357,no_textgrid_after_beam10_retry40,D:\20_AUDIO\03_wav\individual\2020\SDRW2000000340\SDRW2000000340.1.1.357.lab,78,D:\20_AUDIO\03_wav\individual\2020\SDRW2000000340\SDRW2000000340.1.1.357.wav,True
2020,SDRW2000000340,SDRW2000000340.1.1.42,no_textgrid_after_beam10_retry40,D:\20_AUDIO\03_wav\individual\2020\SDRW2000000340\SDRW2000000340.1.1.42.lab,31,D:\20_AUDIO\03_wav\individual\2020\SDRW2000000340\SDRW2000000340.1.1.42.wav,True
2020,SDRW2000000340,SDRW2000000340.1.1.44,no_textgrid_after_beam10_retry40,D:\20_AUDIO\03_wav\individual\2020\SDRW2000000340\SDRW2000000340.1.1.44.lab,62,D:\20_AUDIO\03_wav\individual\2020\SDRW2000000340\SDRW2000000340.1.1.44.wav,True
2020,SDRW2000000340,SDRW2000000340.1.1.58,no_textgrid_after_beam10_retry40,D:\20_AUDIO\03_wav\individual\2020\SDRW2000000340\SDRW2000000340.1.1.58.lab,49,D:\20_AUDIO\03_wav\individual\2020\SDRW2000000340\SDRW2000000340.1.1.58.wav,True
2020,SDRW2000000340,SDRW2000000340.1.1.9,no_textgrid_after_beam10_retry40,D:\20_AUDIO\03_wav\individual\2020\SDRW2000000340\SDRW2000000340.1.1.9.lab,45,D:\20_AUDIO\03_wav\individual\2020\SDRW2000000340\SDRW2000000340.1.1.9.wav,True
2020,SDRW2000000350,SDRW2000000350.1.1.35,no_textgrid_after_beam10_retry40,D:\20_AUDIO\03_wav\individual\2020\SDRW2000000350\SDRW2000000350.1.1.35.lab,32,D:\20_AUDIO\03_wav\individual\2020\SDRW2000000350\SDRW2000000350.1.1.35.wav,True
2020,SDRW2000000354,SDRW2000000354.1.1.167,no_textgrid_after_beam10_retry40,D:\20_AUDIO\03_wav\individual\2020\SDRW2000000354\SDRW2000000354.1.1.167.lab,51,D:\20_AUDIO\03_wav\individual\2020\SDRW2000000354\SDRW2000000354.1.1.167.wav,True
2020,SDRW2000000354,SDRW2000000354.1.1.301,no_textgrid_after_beam10_retry40,D:\20_AUDIO\03_wav\individual\2020\SDRW2000000354\SDRW2000000354.1.1.301.lab,33,D:\20_AUDIO\03_wav\individual\2020\SDRW2000000354\SDRW2000000354.1.1.301.wav,True
2020,SDRW2000000397,SDRW2000000397.1.1.69,no_textgrid_after_beam10_retry40,D:\20_AUDIO\03_wav\individual\2020\SDRW2000000397\SDRW2000000397.1.1.69.lab,15,D:\20_AUDIO\03_wav\individual\2020\SDRW2000000397\SDRW2000000397.1.1.69.wav,True
2020,SDRW2000000397,SDRW2000000397.1.1.93,no_textgrid_after_beam10_retry40,D:\20_AUDIO\03_wav\individual\2020\SDRW2000000397\SDRW2000000397.1.1.93.lab,96,D:\20_AUDIO\03_wav\individual\2020\SDRW2000000397\SDRW2000000397.1.1.93.wav,True
2020,SDRW2000000467,SDRW2000000467.1.1.331,no_textgrid_after_beam10_retry40,D:\20_AUDIO\03_wav\individual\2020\SDRW2000000467\SDRW2000000467.1.1.331.lab,79,D:\20_AUDIO\03_wav\individual\2020\SDRW2000000467\SDRW2000000467.1.1.331.wav,True
2020,SDRW2000000467,SDRW2000000467.1.1.337,no_textgrid_after_beam10_retry40,D:\20_AUDIO\03_wav\individual\2020\SDRW2000000467\SDRW2000000467.1.1.337.lab,52,D:\20_AUDIO\03_wav\individual\2020\SDRW2000000467\SDRW2000000467.1.1.337.wav,True
2020,SDRW2000000506,SDRW2000000506.1.1.209,no_textgrid_after_beam10_retry40,D:\20_AUDIO\03_wav\individual\2020\SDRW2000000506\SDRW2000000506.1.1.209.lab,63,D:\20_AUDIO\03_wav\individual\2020\SDRW2000000506\SDRW2000000506.1.1.209.wav,True
2020,SDRW2000000509,SDRW2000000509.1.1.207,no_textgrid_after_beam10_retry40,D:\20_AUDIO\03_wav\individual\2020\SDRW2000000509\SDRW2000000509.1.1.207.lab,42,D:\20_AUDIO\03_wav\individual\2020\SDRW2000000509\SDRW2000000509.1.1.207.wav,True
2020,SDRW2000000509,SDRW2000000509.1.1.252,no_textgrid_after_beam10_retry40,D:\20_AUDIO\03_wav\individual\2020\SDRW2000000509\SDRW2000000509.1.1.252.lab,32,D:\20_AUDIO\03_wav\individual\2020\SDRW2000000509\SDRW2000000509.1.1.252.wav,True
2020,SDRW2000000511,SDRW2000000511.1.1.328,no_textgrid_after_beam10_retry40,D:\20_AUDIO\03_wav\individual\2020\SDRW2000000511\SDRW2000000511.1.1.328.lab,19,D:\20_AUDIO\03_wav\individual\2020\SDRW2000000511\SDRW2000000511.1.1.328.wav,True
2020,SDRW2000000514,SDRW2000000514.1.1.167,no_textgrid_after_beam10_retry40,D:\20_AUDIO\03_wav\individual\2020\SDRW2000000514\SDRW2000000514.1.1.167.lab,33,D:\20_AUDIO\03_wav\individual\2020\SDRW2000000514\SDRW2000000514.1.1.167.wav,True
2020,SDRW2000000514,SDRW2000000514.1.1.169,no_textgrid_after_beam10_retry40,D:\20_AUDIO\03_wav\individual\2020\SDRW2000000514\SDRW2000000514.1.1.169.lab,97,D:\20_AUDIO\03_wav\individual\2020\SDRW2000000514\SDRW2000000514.1.1.169.wav,True
2020,SDRW2000000514,SDRW2000000514.1.1.176,no_textgrid_after_beam10_retry40,D:\20_AUDIO\03_wav\individual\2020\SDRW2000000514\SDRW2000000514.1.1.176.lab,34,D:\20_AUDIO\03_wav\individual\2020\SDRW2000000514\SDRW2000000514.1.1.176.wav,True
2020,SDRW2000000514,SDRW2000000514.1.1.181,no_textgrid_after_beam10_retry40,D:\20_AUDIO\03_wav\individual\2020\SDRW2000000514\SDRW2000000514.1.1.181.lab,27,D:\20_AUDIO\03_wav\individual\2020\SDRW2000000514\SDRW2000000514.1.1.181.wav,True
2020,SDRW2000000514,SDRW2000000514.1.1.182,no_textgrid_after_beam10_retry40,D:\20_AUDIO\03_wav\individual\2020\SDRW2000000514\SDRW2000000514.1.1.182.lab,40,D:\20_AUDIO\03_wav\individual\2020\SDRW2000000514\SDRW2000000514.1.1.182.wav,True
2020,SDRW2000000514,SDRW2000000514.1.1.184,no_textgrid_after_beam10_retry40,D:\20_AUDIO\03_wav\individual\2020\SDRW2000000514\SDRW2000000514.1.1.184.lab,33,D:\20_AUDIO\03_wav\individual\2020\SDRW2000000514\SDRW2000000514.1.1.184.wav,True
2020,SDRW2000000514,SDRW2000000514.1.1.185,no_textgrid_after_beam10_retry40,D:\20_AUDIO\03_wav\individual\2020\SDRW2000000514\SDRW2000000514.1.1.185.lab,34,D:\20_AUDIO\03_wav\individual\2020\SDRW2000000514\SDRW2000000514.1.1.185.wav,True
2020,SDRW2000000514,SDRW2000000514.1.1.186,no_textgrid_after_beam10_retry40,D:\20_AUDIO\03_wav\individual\2020\SDRW2000000514\SDRW2000000514.1.1.186.lab,63,D:\20_AUDIO\03_wav\individual\2020\SDRW2000000514\SDRW2000000514.1.1.186.wav,True
2020,SDRW2000000514,SDRW2000000514.1.1.196,no_textgrid_after_beam10_retry40,D:\20_AUDIO\03_wav\individual\2020\SDRW2000000514\SDRW2000000514.1.1.196.lab,47,D:\20_AUDIO\03_wav\individual\2020\SDRW2000000514\SDRW2000000514.1.1.196.wav,True
2020,SDRW2000000514,SDRW2000000514.1.1.201,no_textgrid_after_beam10_retry40,D:\20_AUDIO\03_wav\individual\2020\SDRW2000000514\SDRW2000000514.1.1.201.lab,68,D:\20_AUDIO\03_wav\individual\2020\SDRW2000000514\SDRW2000000514.1.1.201.wav,True
2020,SDRW2000000514,SDRW2000000514.1.1.209,no_textgrid_after_beam10_retry40,D:\20_AUDIO\03_wav\individual\2020\SDRW2000000514\SDRW2000000514.1.1.209.lab,99,D:\20_AUDIO\03_wav\individual\2020\SDRW2000000514\SDRW2000000514.1.1.209.wav,True
2020,SDRW2000000514,SDRW2000000514.1.1.223,no_textgrid_after_beam10_retry40,D:\20_AUDIO\03_wav\individual\2020\SDRW2000000514\SDRW2000000514.1.1.223.lab,50,D:\20_AUDIO\03_wav\individual\2020\SDRW2000000514\SDRW2000000514.1.1.223.wav,True
2020,SDRW2000000514,SDRW2000000514.1.1.227,no_textgrid_after_beam10_retry40,D:\20_AUDIO\03_wav\individual\2020\SDRW2000000514\SDRW2000000514.1.1.227.lab,47,D:\20_AUDIO\03_wav\individual\2020\SDRW2000000514\SDRW2000000514.1.1.227.wav,True
2020,SDRW2000000514,SDRW2000000514.1.1.237,no_textgrid_after_beam10_retry40,D:\20_AUDIO\03_wav\individual\2020\SDRW2000000514\SDRW2000000514.1.1.237.lab,29,D:\20_AUDIO\03_wav\individual\2020\SDRW2000000514\SDRW2000000514.1.1.237.wav,True
2020,SDRW2000000514,SDRW2000000514.1.1.241,no_textgrid_after_beam10_retry40,D:\20_AUDIO\03_wav\individual\2020\SDRW2000000514\SDRW2000000514.1.1.241.lab,53,D:\20_AUDIO\03_wav\individual\2020\SDRW2000000514\SDRW2000000514.1.1.241.wav,True
2020,SDRW2000000514,SDRW2000000514.1.1.244,no_textgrid_after_beam10_retry40,D:\20_AUDIO\03_wav\individual\2020\SDRW2000000514\SDRW2000000514.1.1.244.lab,75,D:\20_AUDIO\03_wav\individual\2020\SDRW2000000514\SDRW2000000514.1.1.244.wav,True
2020,SDRW2000000514,SDRW2000000514.1.1.255,no_textgrid_after_beam10_retry40,D:\20_AUDIO\03_wav\individual\2020\SDRW2000000514\SDRW2000000514.1.1.255.lab,59,D:\20_AUDIO\03_wav\individual\2020\SDRW2000000514\SDRW2000000514.1.1.255.wav,True
2020,SDRW2000000514,SDRW2000000514.1.1.264,no_textgrid_after_beam10_retry40,D:\20_AUDIO\03_wav\individual\2020\SDRW2000000514\SDRW2000000514.1.1.264.lab,85,D:\20_AUDIO\03_wav\individual\2020\SDRW2000000514\SDRW2000000514.1.1.264.wav,True
2020,SDRW2000000514,SDRW2000000514.1.1.274,no_textgrid_after_beam10_retry40,D:\20_AUDIO\03_wav\individual\2020\SDRW2000000514\SDRW2000000514.1.1.274.lab,44,D:\20_AUDIO\03_wav\individual\2020\SDRW2000000514\SDRW2000000514.1.1.274.wav,True
2020,SDRW2000000514,SDRW2000000514.1.1.275,no_textgrid_after_beam10_retry40,D:\20_AUDIO\03_wav\individual\2020\SDRW2000000514\SDRW2000000514.1.1.275.lab,98,D:\20_AUDIO\03_wav\individual\2020\SDRW2000000514\SDRW2000000514.1.1.275.wav,True
2020,SDRW2000000514,SDRW2000000514.1.1.283,no_textgrid_after_beam10_retry40,D:\20_AUDIO\03_wav\individual\2020\SDRW2000000514\SDRW2000000514.1.1.283.lab,58,D:\20_AUDIO\03_wav\individual\2020\SDRW2000000514\SDRW2000000514.1.1.283.wav,True
2020,SDRW2000000514,SDRW2000000514.1.1.284,no_textgrid_after_beam10_retry40,D:\20_AUDIO\03_wav\individual\2020\SDRW2000000514\SDRW2000000514.1.1.284.lab,65,D:\20_AUDIO\03_wav\individual\2020\SDRW2000000514\SDRW2000000514.1.1.284.wav,True
2020,SDRW2000000514,SDRW2000000514.1.1.292,no_textgrid_after_beam10_retry40,D:\20_AUDIO\03_wav\individual\2020\SDRW2000000514\SDRW2000000514.1.1.292.lab,66,D:\20_AUDIO\03_wav\individual\2020\SDRW2000000514\SDRW2000000514.1.1.292.wav,True
2020,SDRW2000000514,SDRW2000000514.1.1.295,no_textgrid_after_beam10_retry40,D:\20_AUDIO\03_wav\individual\2020\SDRW2000000514\SDRW2000000514.1.1.295.lab,34,D:\20_AUDIO\03_wav\individual\2020\SDRW2000000514\SDRW2000000514.1.1.295.wav,True
2020,SDRW2000000514,SDRW2000000514.1.1.297,no_textgrid_after_beam10_retry40,D:\20_AUDIO\03_wav\individual\2020\SDRW2000000514\SDRW2000000514.1.1.297.lab,83,D:\20_AUDIO\03_wav\individual\2020\SDRW2000000514\SDRW2000000514.1.1.297.wav,True
2020,SDRW2000000514,SDRW2000000514.1.1.298,no_textgrid_after_beam10_retry40,D:\20_AUDIO\03_wav\individual\2020\SDRW2000000514\SDRW2000000514.1.1.298.lab,47,D:\20_AUDIO\03_wav\individual\2020\SDRW2000000514\SDRW2000000514.1.1.298.wav,True
2020,SDRW2000000514,SDRW2000000514.1.1.300,no_textgrid_after_beam10_retry40,D:\20_AUDIO\03_wav\individual\2020\SDRW2000000514\SDRW2000000514.1.1.300.lab,76,D:\20_AUDIO\03_wav\individual\2020\SDRW2000000514\SDRW2000000514.1.1.300.wav,True
2020,SDRW2000000514,SDRW2000000514.1.1.301,no_textgrid_after_beam10_retry40,D:\20_AUDIO\03_wav\individual\2020\SDRW2000000514\SDRW2000000514.1.1.301.lab,27,D:\20_AUDIO\03_wav\individual\2020\SDRW2000000514\SDRW2000000514.1.1.301.wav,True
2020,SDRW2000000514,SDRW2000000514.1.1.302,no_textgrid_after_beam10_retry40,D:\20_AUDIO\03_wav\individual\2020\SDRW2000000514\SDRW2000000514.1.1.302.lab,33,D:\20_AUDIO\03_wav\individual\2020\SDRW2000000514\SDRW2000000514.1.1.302.wav,True
2020,SDRW2000000514,SDRW2000000514.1.1.304,no_textgrid_after_beam10_retry40,D:\20_AUDIO\03_wav\individual\2020\SDRW2000000514\SDRW2000000514.1.1.304.lab,52,D:\20_AUDIO\03_wav\individual\2020\SDRW2000000514\SDRW2000000514.1.1.304.wav,True
2020,SDRW2000000514,SDRW2000000514.1.1.309,no_textgrid_after_beam10_retry40,D:\20_AUDIO\03_wav\individual\2020\SDRW2000000514\SDRW2000000514.1.1.309.lab,37,D:\20_AUDIO\03_wav\individual\2020\SDRW2000000514\SDRW2000000514.1.1.309.wav,True
2020,SDRW2000000521,SDRW2000000521.1.1.385,no_textgrid_after_beam10_retry40,D:\20_AUDIO\03_wav\individual\2020\SDRW2000000521\SDRW2000000521.1.1.385.lab,36,D:\20_AUDIO\03_wav\individual\2020\SDRW2000000521\SDRW2000000521.1.1.385.wav,True
2020,SDRW2000000541,SDRW2000000541.1.1.162,no_textgrid_after_beam10_retry40,D:\20_AUDIO\03_wav\individual\2020\SDRW2000000541\SDRW2000000541.1.1.162.lab,37,D:\20_AUDIO\03_wav\individual\2020\SDRW2000000541\SDRW2000000541.1.1.162.wav,True
2020,SDRW2000000541,SDRW2000000541.1.1.25,no_textgrid_after_beam10_retry40,D:\20_AUDIO\03_wav\individual\2020\SDRW2000000541\SDRW2000000541.1.1.25.lab,40,D:\20_AUDIO\03_wav\individual\2020\SDRW2000000541\SDRW2000000541.1.1.25.wav,True
2020,SDRW2000000541,SDRW2000000541.1.1.87,no_textgrid_after_beam10_retry40,D:\20_AUDIO\03_wav\individual\2020\SDRW2000000541\SDRW2000000541.1.1.87.lab,56,D:\20_AUDIO\03_wav\individual\2020\SDRW2000000541\SDRW2000000541.1.1.87.wav,True
2020,SDRW2000000551,SDRW2000000551.1.1.167,no_textgrid_after_beam10_retry40,D:\20_AUDIO\03_wav\individual\2020\SDRW2000000551\SDRW2000000551.1.1.167.lab,92,D:\20_AUDIO\03_wav\individual\2020\SDRW2000000551\SDRW2000000551.1.1.167.wav,True
2020,SDRW2000000581,SDRW2000000581.1.1.374,no_textgrid_after_beam10_retry40,D:\20_AUDIO\03_wav\individual\2020\SDRW2000000581\SDRW2000000581.1.1.374.lab,52,D:\20_AUDIO\03_wav\individual\2020\SDRW2000000581\SDRW2000000581.1.1.374.wav,True
2020,SDRW2000000592,SDRW2000000592.1.1.170,no_textgrid_after_beam10_retry40,D:\20_AUDIO\03_wav\individual\2020\SDRW2000000592\SDRW2000000592.1.1.170.lab,42,D:\20_AUDIO\03_wav\individual\2020\SDRW2000000592\SDRW2000000592.1.1.170.wav,True
2020,SDRW2000000593,SDRW2000000593.1.1.124,no_textgrid_after_beam10_retry40,D:\20_AUDIO\03_wav\individual\2020\SDRW2000000593\SDRW2000000593.1.1.124.lab,79,D:\20_AUDIO\03_wav\individual\2020\SDRW2000000593\SDRW2000000593.1.1.124.wav,True
2020,SDRW2000000597,SDRW2000000597.1.1.274,no_textgrid_after_beam10_retry40,D:\20_AUDIO\03_wav\individual\2020\SDRW2000000597\SDRW2000000597.1.1.274.lab,49,D:\20_AUDIO\03_wav\individual\2020\SDRW2000000597\SDRW2000000597.1.1.274.wav,True
2020,SDRW2000000601,SDRW2000000601.1.1.21,no_textgrid_after_beam10_retry40,D:\20_AUDIO\03_wav\individual\2020\SDRW2000000601\SDRW2000000601.1.1.21.lab,34,D:\20_AUDIO\03_wav\individual\2020\SDRW2000000601\SDRW2000000601.1.1.21.wav,True
2020,SDRW2000000605,SDRW2000000605.1.1.352,no_textgrid_after_beam10_retry40,D:\20_AUDIO\03_wav\individual\2020\SDRW2000000605\SDRW2000000605.1.1.352.lab,9,D:\20_AUDIO\03_wav\individual\2020\SDRW2000000605\SDRW2000000605.1.1.352.wav,True
2020,SDRW2000000633,SDRW2000000633.1.1.175,no_textgrid_after_beam10_retry40,D:\20_AUDIO\03_wav\individual\2020\SDRW2000000633\SDRW2000000633.1.1.175.lab,123,D:\20_AUDIO\03_wav\individual\2020\SDRW2000000633\SDRW2000000633.1.1.175.wav,True
2020,SDRW2000000648,SDRW2000000648.1.1.305,no_textgrid_after_beam10_retry40,D:\20_AUDIO\03_wav\individual\2020\SDRW2000000648\SDRW2000000648.1.1.305.lab,58,D:\20_AUDIO\03_wav\individual\2020\SDRW2000000648\SDRW2000000648.1.1.305.wav,True
2020,SDRW2000000665,SDRW2000000665.1.1.20,no_textgrid_after_beam10_retry40,D:\20_AUDIO\03_wav\individual\2020\SDRW2000000665\SDRW2000000665.1.1.20.lab,75,D:\20_AUDIO\03_wav\individual\2020\SDRW2000000665\SDRW2000000665.1.1.20.wav,True
2020,SDRW2000000683,SDRW2000000683.1.1.172,no_textgrid_after_beam10_retry40,D:\20_AUDIO\03_wav\individual\2020\SDRW2000000683\SDRW2000000683.1.1.172.lab,100,D:\20_AUDIO\03_wav\individual\2020\SDRW2000000683\SDRW2000000683.1.1.172.wav,True
2020,SDRW2000000684,SDRW2000000684.1.1.239,no_textgrid_after_beam10_retry40,D:\20_AUDIO\03_wav\individual\2020\SDRW2000000684\SDRW2000000684.1.1.239.lab,30,D:\20_AUDIO\03_wav\individual\2020\SDRW2000000684\SDRW2000000684.1.1.239.wav,True
2020,SDRW2000000720,SDRW2000000720.1.1.328,no_textgrid_after_beam10_retry40,D:\20_AUDIO\03_wav\individual\2020\SDRW2000000720\SDRW2000000720.1.1.328.lab,41,D:\20_AUDIO\03_wav\individual\2020\SDRW2000000720\SDRW2000000720.1.1.328.wav,True
2020,SDRW2000000750,SDRW2000000750.1.1.118,no_textgrid_after_beam10_retry40,D:\20_AUDIO\03_wav\individual\2020\SDRW2000000750\SDRW2000000750.1.1.118.lab,29,D:\20_AUDIO\03_wav\individual\2020\SDRW2000000750\SDRW2000000750.1.1.118.wav,True
2020,SDRW2000000783,SDRW2000000783.1.1.8,no_textgrid_after_beam10_retry40,D:\20_AUDIO\03_wav\individual\2020\SDRW2000000783\SDRW2000000783.1.1.8.lab,42,D:\20_AUDIO\03_wav\individual\2020\SDRW2000000783\SDRW2000000783.1.1.8.wav,True
2020,SDRW2000000822,SDRW2000000822.1.1.146,no_textgrid_after_beam10_retry40,D:\20_AUDIO\03_wav\individual\2020\SDRW2000000822\SDRW2000000822.1.1.146.lab,47,D:\20_AUDIO\03_wav\individual\2020\SDRW2000000822\SDRW2000000822.1.1.146.wav,True
2020,SDRW2000000827,SDRW2000000827.1.1.110,no_textgrid_after_beam10_retry40,D:\20_AUDIO\03_wav\individual\2020\SDRW2000000827\SDRW2000000827.1.1.110.lab,27,D:\20_AUDIO\03_wav\individual\2020\SDRW2000000827\SDRW2000000827.1.1.110.wav,True
2020,SDRW2000000827,SDRW2000000827.1.1.179,no_textgrid_after_beam10_retry40,D:\20_AUDIO\03_wav\individual\2020\SDRW2000000827\SDRW2000000827.1.1.179.lab,46,D:\20_AUDIO\03_wav\individual\2020\SDRW2000000827\SDRW2000000827.1.1.179.wav,True
2020,SDRW2000000829,SDRW2000000829.1.1.171,no_textgrid_after_beam10_retry40,D:\20_AUDIO\03_wav\individual\2020\SDRW2000000829\SDRW2000000829.1.1.171.lab,32,D:\20_AUDIO\03_wav\individual\2020\SDRW2000000829\SDRW2000000829.1.1.171.wav,True
2020,SDRW2000000843,SDRW2000000843.1.1.34,no_textgrid_after_beam10_retry40,D:\20_AUDIO\03_wav\individual\2020\SDRW2000000843\SDRW2000000843.1.1.34.lab,92,D:\20_AUDIO\03_wav\individual\2020\SDRW2000000843\SDRW2000000843.1.1.34.wav,True
2020,SDRW2000000855,SDRW2000000855.1.1.46,no_textgrid_after_beam10_retry40,D:\20_AUDIO\03_wav\individual\2020\SDRW2000000855\SDRW2000000855.1.1.46.lab,31,D:\20_AUDIO\03_wav\individual\2020\SDRW2000000855\SDRW2000000855.1.1.46.wav,True
2020,SDRW2000000860,SDRW2000000860.1.1.305,no_textgrid_after_beam10_retry40,D:\20_AUDIO\03_wav\individual\2020\SDRW2000000860\SDRW2000000860.1.1.305.lab,31,D:\20_AUDIO\03_wav\individual\2020\SDRW2000000860\SDRW2000000860.1.1.305.wav,True
2020,SDRW2000000865,SDRW2000000865.1.1.73,no_textgrid_after_beam10_retry40,D:\20_AUDIO\03_wav\individual\2020\SDRW2000000865\SDRW2000000865.1.1.73.lab,167,D:\20_AUDIO\03_wav\individual\2020\SDRW2000000865\SDRW2000000865.1.1.73.wav,True
2020,SDRW2000000876,SDRW2000000876.1.1.61,no_textgrid_after_beam10_retry40,D:\20_AUDIO\03_wav\individual\2020\SDRW2000000876\SDRW2000000876.1.1.61.lab,44,D:\20_AUDIO\03_wav\individual\2020\SDRW2000000876\SDRW2000000876.1.1.61.wav,True
2020,SDRW2000000876,SDRW2000000876.1.1.64,no_textgrid_after_beam10_retry40,D:\20_AUDIO\03_wav\individual\2020\SDRW2000000876\SDRW2000000876.1.1.64.lab,65,D:\20_AUDIO\03_wav\individual\2020\SDRW2000000876\SDRW2000000876.1.1.64.wav,True
2020,SDRW2000000876,SDRW2000000876.1.1.66,no_textgrid_after_beam10_retry40,D:\20_AUDIO\03_wav\individual\2020\SDRW2000000876\SDRW2000000876.1.1.66.lab,36,D:\20_AUDIO\03_wav\individual\2020\SDRW2000000876\SDRW2000000876.1.1.66.wav,True
2020,SDRW2000000904,SDRW2000000904.1.1.33,no_textgrid_after_beam10_retry40,D:\20_AUDIO\03_wav\individual\2020\SDRW2000000904\SDRW2000000904.1.1.33.lab,88,D:\20_AUDIO\03_wav\individual\2020\SDRW2000000904\SDRW2000000904.1.1.33.wav,True
2020,SDRW2000000906,SDRW2000000906.1.1.314,no_textgrid_after_beam10_retry40,D:\20_AUDIO\03_wav\individual\2020\SDRW2000000906\SDRW2000000906.1.1.314.lab,38,D:\20_AUDIO\03_wav\individual\2020\SDRW2000000906\SDRW2000000906.1.1.314.wav,True
2020,SDRW2000000906,SDRW2000000906.1.1.47,no_textgrid_after_beam10_retry40,D:\20_AUDIO\03_wav\individual\2020\SDRW2000000906\SDRW2000000906.1.1.47.lab,49,D:\20_AUDIO\03_wav\individual\2020\SDRW2000000906\SDRW2000000906.1.1.47.wav,True
2020,SDRW2000000914,SDRW2000000914.1.1.18,no_textgrid_after_beam10_retry40,D:\20_AUDIO\03_wav\individual\2020\SDRW2000000914\SDRW2000000914.1.1.18.lab,31,D:\20_AUDIO\03_wav\individual\2020\SDRW2000000914\SDRW2000000914.1.1.18.wav,True
2020,SDRW2000000915,SDRW2000000915.1.1.56,no_textgrid_after_beam10_retry40,D:\20_AUDIO\03_wav\individual\2020\SDRW2000000915\SDRW2000000915.1.1.56.lab,56,D:\20_AUDIO\03_wav\individual\2020\SDRW2000000915\SDRW2000000915.1.1.56.wav,True
2020,SDRW2000000916,SDRW2000000916.1.1.26,no_textgrid_after_beam10_retry40,D:\20_AUDIO\03_wav\individual\2020\SDRW2000000916\SDRW2000000916.1.1.26.lab,52,D:\20_AUDIO\03_wav\individual\2020\SDRW2000000916\SDRW2000000916.1.1.26.wav,True
2020,SDRW2000000925,SDRW2000000925.1.1.156,no_textgrid_after_beam10_retry40,D:\20_AUDIO\03_wav\individual\2020\SDRW2000000925\SDRW2000000925.1.1.156.lab,33,D:\20_AUDIO\03_wav\individual\2020\SDRW2000000925\SDRW2000000925.1.1.156.wav,True
2020,SDRW2000000925,SDRW2000000925.1.1.161,no_textgrid_after_beam10_retry40,D:\20_AUDIO\03_wav\individual\2020\SDRW2000000925\SDRW2000000925.1.1.161.lab,63,D:\20_AUDIO\03_wav\individual\2020\SDRW2000000925\SDRW2000000925.1.1.161.wav,True
2020,SDRW2000000943,SDRW2000000943.1.1.317,no_textgrid_after_beam10_retry40,D:\20_AUDIO\03_wav\individual\2020\SDRW2000000943\SDRW2000000943.1.1.317.lab,58,D:\20_AUDIO\03_wav\individual\2020\SDRW2000000943\SDRW2000000943.1.1.317.wav,True
2020,SDRW2000000952,SDRW2000000952.1.1.186,no_textgrid_after_beam10_retry40,D:\20_AUDIO\03_wav\individual\2020\SDRW2000000952\SDRW2000000952.1.1.186.lab,80,D:\20_AUDIO\03_wav\individual\2020\SDRW2000000952\SDRW2000000952.1.1.186.wav,True
2020,SDRW2000000960,SDRW2000000960.1.1.127,no_textgrid_after_beam10_retry40,D:\20_AUDIO\03_wav\individual\2020\SDRW2000000960\SDRW2000000960.1.1.127.lab,73,D:\20_AUDIO\03_wav\individual\2020\SDRW2000000960\SDRW2000000960.1.1.127.wav,True
2020,SDRW2000000966,SDRW2000000966.1.1.100,no_textgrid_after_beam10_retry40,D:\20_AUDIO\03_wav\individual\2020\SDRW2000000966\SDRW2000000966.1.1.100.lab,46,D:\20_AUDIO\03_wav\individual\2020\SDRW2000000966\SDRW2000000966.1.1.100.wav,True
2020,SDRW2000000970,SDRW2000000970.1.1.403,no_textgrid_after_beam10_retry40,D:\20_AUDIO\03_wav\individual\2020\SDRW2000000970\SDRW2000000970.1.1.403.lab,44,D:\20_AUDIO\03_wav\individual\2020\SDRW2000000970\SDRW2000000970.1.1.403.wav,True
2020,SDRW2000000971,SDRW2000000971.1.1.286,no_textgrid_after_beam10_retry40,D:\20_AUDIO\03_wav\individual\2020\SDRW2000000971\SDRW2000000971.1.1.286.lab,66,D:\20_AUDIO\03_wav\individual\2020\SDRW2000000971\SDRW2000000971.1.1.286.wav,True
2020,SDRW2000000978,SDRW2000000978.1.1.288,no_textgrid_after_beam10_retry40,D:\20_AUDIO\03_wav\individual\2020\SDRW2000000978\SDRW2000000978.1.1.288.lab,60,D:\20_AUDIO\03_wav\individual\2020\SDRW2000000978\SDRW2000000978.1.1.288.wav,True
2020,SDRW2000000978,SDRW2000000978.1.1.292,no_textgrid_after_beam10_retry40,D:\20_AUDIO\03_wav\individual\2020\SDRW2000000978\SDRW2000000978.1.1.292.lab,57,D:\20_AUDIO\03_wav\individual\2020\SDRW2000000978\SDRW2000000978.1.1.292.wav,True
2020,SDRW2000000978,SDRW2000000978.1.1.297,no_textgrid_after_beam10_retry40,D:\20_AUDIO\03_wav\individual\2020\SDRW2000000978\SDRW2000000978.1.1.297.lab,75,D:\20_AUDIO\03_wav\individual\2020\SDRW2000000978\SDRW2000000978.1.1.297.wav,True
2020,SDRW2000000978,SDRW2000000978.1.1.301,no_textgrid_after_beam10_retry40,D:\20_AUDIO\03_wav\individual\2020\SDRW2000000978\SDRW2000000978.1.1.301.lab,89,D:\20_AUDIO\03_wav\individual\2020\SDRW2000000978\SDRW2000000978.1.1.301.wav,True
2020,SDRW2000000978,SDRW2000000978.1.1.304,no_textgrid_after_beam10_retry40,D:\20_AUDIO\03_wav\individual\2020\SDRW2000000978\SDRW2000000978.1.1.304.lab,77,D:\20_AUDIO\03_wav\individual\2020\SDRW2000000978\SDRW2000000978.1.1.304.wav,True
2020,SDRW2000000978,SDRW2000000978.1.1.353,no_textgrid_after_beam10_retry40,D:\20_AUDIO\03_wav\individual\2020\SDRW2000000978\SDRW2000000978.1.1.353.lab,70,D:\20_AUDIO\03_wav\individual\2020\SDRW2000000978\SDRW2000000978.1.1.353.wav,True
2020,SDRW2000000978,SDRW2000000978.1.1.357,no_textgrid_after_beam10_retry40,D:\20_AUDIO\03_wav\individual\2020\SDRW2000000978\SDRW2000000978.1.1.357.lab,44,D:\20_AUDIO\03_wav\individual\2020\SDRW2000000978\SDRW2000000978.1.1.357.wav,True
2020,SDRW2000000978,SDRW2000000978.1.1.362,no_textgrid_after_beam10_retry40,D:\20_AUDIO\03_wav\individual\2020\SDRW2000000978\SDRW2000000978.1.1.362.lab,41,D:\20_AUDIO\03_wav\individual\2020\SDRW2000000978\SDRW2000000978.1.1.362.wav,True
2020,SDRW2000000978,SDRW2000000978.1.1.365,no_textgrid_after_beam10_retry40,D:\20_AUDIO\03_wav\individual\2020\SDRW2000000978\SDRW2000000978.1.1.365.lab,38,D:\20_AUDIO\03_wav\individual\2020\SDRW2000000978\SDRW2000000978.1.1.365.wav,True
2020,SDRW2000000978,SDRW2000000978.1.1.367,no_textgrid_after_beam10_retry40,D:\20_AUDIO\03_wav\individual\2020\SDRW2000000978\SDRW2000000978.1.1.367.lab,53,D:\20_AUDIO\03_wav\individual\2020\SDRW2000000978\SDRW2000000978.1.1.367.wav,True
2020,SDRW2000000978,SDRW2000000978.1.1.370,no_textgrid_after_beam10_retry40,D:\20_AUDIO\03_wav\individual\2020\SDRW2000000978\SDRW2000000978.1.1.370.lab,58,D:\20_AUDIO\03_wav\individual\2020\SDRW2000000978\SDRW2000000978.1.1.370.wav,True
2020,SDRW2000000978,SDRW2000000978.1.1.373,no_textgrid_after_beam10_retry40,D:\20_AUDIO\03_wav\individual\2020\SDRW2000000978\SDRW2000000978.1.1.373.lab,51,D:\20_AUDIO\03_wav\individual\2020\SDRW2000000978\SDRW2000000978.1.1.373.wav,True
2020,SDRW2000000978,SDRW2000000978.1.1.380,no_textgrid_after_beam10_retry40,D:\20_AUDIO\03_wav\individual\2020\SDRW2000000978\SDRW2000000978.1.1.380.lab,25,D:\20_AUDIO\03_wav\individual\2020\SDRW2000000978\SDRW2000000978.1.1.380.wav,True
2020,SDRW2000000978,SDRW2000000978.1.1.382,no_textgrid_after_beam10_retry40,D:\20_AUDIO\03_wav\individual\2020\SDRW2000000978\SDRW2000000978.1.1.382.lab,33,D:\20_AUDIO\03_wav\individual\2020\SDRW2000000978\SDRW2000000978.1.1.382.wav,True
2020,SDRW2000000979,SDRW2000000979.1.1.334,no_textgrid_after_beam10_retry40,D:\20_AUDIO\03_wav\individual\2020\SDRW2000000979\SDRW2000000979.1.1.334.lab,58,D:\20_AUDIO\03_wav\individual\2020\SDRW2000000979\SDRW2000000979.1.1.334.wav,True
2020,SDRW2000000987,SDRW2000000987.1.1.90,no_textgrid_after_beam10_retry40,D:\20_AUDIO\03_wav\individual\2020\SDRW2000000987\SDRW2000000987.1.1.90.lab,41,D:\20_AUDIO\03_wav\individual\2020\SDRW2000000987\SDRW2000000987.1.1.90.wav,True
2020,SDRW2000000989,SDRW2000000989.1.1.395,no_textgrid_after_beam10_retry40,D:\20_AUDIO\03_wav\individual\2020\SDRW2000000989\SDRW2000000989.1.1.395.lab,71,D:\20_AUDIO\03_wav\individual\2020\SDRW2000000989\SDRW2000000989.1.1.395.wav,True
2020,SDRW2000001008,SDRW2000001008.1.1.285,no_textgrid_after_beam10_retry40,D:\20_AUDIO\03_wav\individual\2020\SDRW2000001008\SDRW2000001008.1.1.285.lab,80,D:\20_AUDIO\03_wav\individual\2020\SDRW2000001008\SDRW2000001008.1.1.285.wav,True
2020,SDRW2000001011,SDRW2000001011.1.1.157,no_textgrid_after_beam10_retry40,D:\20_AUDIO\03_wav\individual\2020\SDRW2000001011\SDRW2000001011.1.1.157.lab,62,D:\20_AUDIO\03_wav\individual\2020\SDRW2000001011\SDRW2000001011.1.1.157.wav,True
2020,SDRW2000001021,SDRW2000001021.1.1.404,no_textgrid_after_beam10_retry40,D:\20_AUDIO\03_wav\individual\2020\SDRW2000001021\SDRW2000001021.1.1.404.lab,79,D:\20_AUDIO\03_wav\individual\2020\SDRW2000001021\SDRW2000001021.1.1.404.wav,True
2020,SDRW2000001032,SDRW2000001032.1.1.331,no_textgrid_after_beam10_retry40,D:\20_AUDIO\03_wav\individual\2020\SDRW2000001032\SDRW2000001032.1.1.331.lab,74,D:\20_AUDIO\03_wav\individual\2020\SDRW2000001032\SDRW2000001032.1.1.331.wav,True
2020,SDRW2000001045,SDRW2000001045.1.1.133,no_textgrid_after_beam10_retry40,D:\20_AUDIO\03_wav\individual\2020\SDRW2000001045\SDRW2000001045.1.1.133.lab,52,D:\20_AUDIO\03_wav\individual\2020\SDRW2000001045\SDRW2000001045.1.1.133.wav,True
2020,SDRW2000001045,SDRW2000001045.1.1.135,no_textgrid_after_beam10_retry40,D:\20_AUDIO\03_wav\individual\2020\SDRW2000001045\SDRW2000001045.1.1.135.lab,31,D:\20_AUDIO\03_wav\individual\2020\SDRW2000001045\SDRW2000001045.1.1.135.wav,True
2020,SDRW2000001045,SDRW2000001045.1.1.140,no_textgrid_after_beam10_retry40,D:\20_AUDIO\03_wav\individual\2020\SDRW2000001045\SDRW2000001045.1.1.140.lab,23,D:\20_AUDIO\03_wav\individual\2020\SDRW2000001045\SDRW2000001045.1.1.140.wav,True
2020,SDRW2000001045,SDRW2000001045.1.1.143,no_textgrid_after_beam10_retry40,D:\20_AUDIO\03_wav\individual\2020\SDRW2000001045\SDRW2000001045.1.1.143.lab,32,D:\20_AUDIO\03_wav\individual\2020\SDRW2000001045\SDRW2000001045.1.1.143.wav,True
2020,SDRW2000001063,SDRW2000001063.1.1.219,no_textgrid_after_beam10_retry40,D:\20_AUDIO\03_wav\individual\2020\SDRW2000001063\SDRW2000001063.1.1.219.lab,63,D:\20_AUDIO\03_wav\individual\2020\SDRW2000001063\SDRW2000001063.1.1.219.wav,True
2020,SDRW2000001068,SDRW2000001068.1.1.310,no_textgrid_after_beam10_retry40,D:\20_AUDIO\03_wav\individual\2020\SDRW2000001068\SDRW2000001068.1.1.310.lab,66,D:\20_AUDIO\03_wav\individual\2020\SDRW2000001068\SDRW2000001068.1.1.310.wav,True
2020,SDRW2000001069,SDRW2000001069.1.1.365,no_textgrid_after_beam10_retry40,D:\20_AUDIO\03_wav\individual\2020\SDRW2000001069\SDRW2000001069.1.1.365.lab,32,D:\20_AUDIO\03_wav\individual\2020\SDRW2000001069\SDRW2000001069.1.1.365.wav,True
2020,SDRW2000001097,SDRW2000001097.1.1.10,no_textgrid_after_beam10_retry40,D:\20_AUDIO\03_wav\individual\2020\SDRW2000001097\SDRW2000001097.1.1.10.lab,85,D:\20_AUDIO\03_wav\individual\2020\SDRW2000001097\SDRW2000001097.1.1.10.wav,True
2020,SDRW2000001097,SDRW2000001097.1.1.100,no_textgrid_after_beam10_retry40,D:\20_AUDIO\03_wav\individual\2020\SDRW2000001097\SDRW2000001097.1.1.100.lab,138,D:\20_AUDIO\03_wav\individual\2020\SDRW2000001097\SDRW2000001097.1.1.100.wav,True
2020,SDRW2000001097,SDRW2000001097.1.1.101,no_textgrid_after_beam10_retry40,D:\20_AUDIO\03_wav\individual\2020\SDRW2000001097\SDRW2000001097.1.1.101.lab,38,D:\20_AUDIO\03_wav\individual\2020\SDRW2000001097\SDRW2000001097.1.1.101.wav,True
2020,SDRW2000001097,SDRW2000001097.1.1.105,no_textgrid_after_beam10_retry40,D:\20_AUDIO\03_wav\individual\2020\SDRW2000001097\SDRW2000001097.1.1.105.lab,65,D:\20_AUDIO\03_wav\individual\2020\SDRW2000001097\SDRW2000001097.1.1.105.wav,True
2020,SDRW2000001097,SDRW2000001097.1.1.106,no_textgrid_after_beam10_retry40,D:\20_AUDIO\03_wav\individual\2020\SDRW2000001097\SDRW2000001097.1.1.106.lab,46,D:\20_AUDIO\03_wav\individual\2020\SDRW2000001097\SDRW2000001097.1.1.106.wav,True
2020,SDRW2000001097,SDRW2000001097.1.1.107,no_textgrid_after_beam10_retry40,D:\20_AUDIO\03_wav\individual\2020\SDRW2000001097\SDRW2000001097.1.1.107.lab,64,D:\20_AUDIO\03_wav\individual\2020\SDRW2000001097\SDRW2000001097.1.1.107.wav,True
2020,SDRW2000001097,SDRW2000001097.1.1.12,no_textgrid_after_beam10_retry40,D:\20_AUDIO\03_wav\individual\2020\SDRW2000001097\SDRW2000001097.1.1.12.lab,115,D:\20_AUDIO\03_wav\individual\2020\SDRW2000001097\SDRW2000001097.1.1.12.wav,True
2020,SDRW2000001097,SDRW2000001097.1.1.124,no_textgrid_after_beam10_retry40,D:\20_AUDIO\03_wav\individual\2020\SDRW2000001097\SDRW2000001097.1.1.124.lab,63,D:\20_AUDIO\03_wav\individual\2020\SDRW2000001097\SDRW2000001097.1.1.124.wav,True
2020,SDRW2000001097,SDRW2000001097.1.1.125,no_textgrid_after_beam10_retry40,D:\20_AUDIO\03_wav\individual\2020\SDRW2000001097\SDRW2000001097.1.1.125.lab,77,D:\20_AUDIO\03_wav\individual\2020\SDRW2000001097\SDRW2000001097.1.1.125.wav,True
2020,SDRW2000001097,SDRW2000001097.1.1.126,no_textgrid_after_beam10_retry40,D:\20_AUDIO\03_wav\individual\2020\SDRW2000001097\SDRW2000001097.1.1.126.lab,48,D:\20_AUDIO\03_wav\individual\2020\SDRW2000001097\SDRW2000001097.1.1.126.wav,True
2020,SDRW2000001097,SDRW2000001097.1.1.136,no_textgrid_after_beam10_retry40,D:\20_AUDIO\03_wav\individual\2020\SDRW2000001097\SDRW2000001097.1.1.136.lab,63,D:\20_AUDIO\03_wav\individual\2020\SDRW2000001097\SDRW2000001097.1.1.136.wav,True
2020,SDRW2000001097,SDRW2000001097.1.1.137,no_textgrid_after_beam10_retry40,D:\20_AUDIO\03_wav\individual\2020\SDRW2000001097\SDRW2000001097.1.1.137.lab,92,D:\20_AUDIO\03_wav\individual\2020\SDRW2000001097\SDRW2000001097.1.1.137.wav,True
2020,SDRW2000001097,SDRW2000001097.1.1.139,no_textgrid_after_beam10_retry40,D:\20_AUDIO\03_wav\individual\2020\SDRW2000001097\SDRW2000001097.1.1.139.lab,110,D:\20_AUDIO\03_wav\individual\2020\SDRW2000001097\SDRW2000001097.1.1.139.wav,True
2020,SDRW2000001097,SDRW2000001097.1.1.14,no_textgrid_after_beam10_retry40,D:\20_AUDIO\03_wav\individual\2020\SDRW2000001097\SDRW2000001097.1.1.14.lab,86,D:\20_AUDIO\03_wav\individual\2020\SDRW2000001097\SDRW2000001097.1.1.14.wav,True
2020,SDRW2000001097,SDRW2000001097.1.1.140,no_textgrid_after_beam10_retry40,D:\20_AUDIO\03_wav\individual\2020\SDRW2000001097\SDRW2000001097.1.1.140.lab,26,D:\20_AUDIO\03_wav\individual\2020\SDRW2000001097\SDRW2000001097.1.1.140.wav,True
2020,SDRW2000001097,SDRW2000001097.1.1.150,no_textgrid_after_beam10_retry40,D:\20_AUDIO\03_wav\individual\2020\SDRW2000001097\SDRW2000001097.1.1.150.lab,68,D:\20_AUDIO\03_wav\individual\2020\SDRW2000001097\SDRW2000001097.1.1.150.wav,True
2020,SDRW2000001097,SDRW2000001097.1.1.158,no_textgrid_after_beam10_retry40,D:\20_AUDIO\03_wav\individual\2020\SDRW2000001097\SDRW2000001097.1.1.158.lab,62,D:\20_AUDIO\03_wav\individual\2020\SDRW2000001097\SDRW2000001097.1.1.158.wav,True
2020,SDRW2000001097,SDRW2000001097.1.1.172,no_textgrid_after_beam10_retry40,D:\20_AUDIO\03_wav\individual\2020\SDRW2000001097\SDRW2000001097.1.1.172.lab,62,D:\20_AUDIO\03_wav\individual\2020\SDRW2000001097\SDRW2000001097.1.1.172.wav,True
2020,SDRW2000001097,SDRW2000001097.1.1.174,no_textgrid_after_beam10_retry40,D:\20_AUDIO\03_wav\individual\2020\SDRW2000001097\SDRW2000001097.1.1.174.lab,57,D:\20_AUDIO\03_wav\individual\2020\SDRW2000001097\SDRW2000001097.1.1.174.wav,True
2020,SDRW2000001097,SDRW2000001097.1.1.176,no_textgrid_after_beam10_retry40,D:\20_AUDIO\03_wav\individual\2020\SDRW2000001097\SDRW2000001097.1.1.176.lab,85,D:\20_AUDIO\03_wav\individual\2020\SDRW2000001097\SDRW2000001097.1.1.176.wav,True
2020,SDRW2000001097,SDRW2000001097.1.1.178,no_textgrid_after_beam10_retry40,D:\20_AUDIO\03_wav\individual\2020\SDRW2000001097\SDRW2000001097.1.1.178.lab,46,D:\20_AUDIO\03_wav\individual\2020\SDRW2000001097\SDRW2000001097.1.1.178.wav,True
2020,SDRW2000001097,SDRW2000001097.1.1.179,no_textgrid_after_beam10_retry40,D:\20_AUDIO\03_wav\individual\2020\SDRW2000001097\SDRW2000001097.1.1.179.lab,73,D:\20_AUDIO\03_wav\individual\2020\SDRW2000001097\SDRW2000001097.1.1.179.wav,True
2020,SDRW2000001097,SDRW2000001097.1.1.188,no_textgrid_after_beam10_retry40,D:\20_AUDIO\03_wav\individual\2020\SDRW2000001097\SDRW2000001097.1.1.188.lab,53,D:\20_AUDIO\03_wav\individual\2020\SDRW2000001097\SDRW2000001097.1.1.188.wav,True
2020,SDRW2000001097,SDRW2000001097.1.1.191,no_textgrid_after_beam10_retry40,D:\20_AUDIO\03_wav\individual\2020\SDRW2000001097\SDRW2000001097.1.1.191.lab,25,D:\20_AUDIO\03_wav\individual\2020\SDRW2000001097\SDRW2000001097.1.1.191.wav,True
2020,SDRW2000001097,SDRW2000001097.1.1.192,no_textgrid_after_beam10_retry40,D:\20_AUDIO\03_wav\individual\2020\SDRW2000001097\SDRW2000001097.1.1.192.lab,60,D:\20_AUDIO\03_wav\individual\2020\SDRW2000001097\SDRW2000001097.1.1.192.wav,True
2020,SDRW2000001097,SDRW2000001097.1.1.210,no_textgrid_after_beam10_retry40,D:\20_AUDIO\03_wav\individual\2020\SDRW2000001097\SDRW2000001097.1.1.210.lab,87,D:\20_AUDIO\03_wav\individual\2020\SDRW2000001097\SDRW2000001097.1.1.210.wav,True
2020,SDRW2000001097,SDRW2000001097.1.1.217,no_textgrid_after_beam10_retry40,D:\20_AUDIO\03_wav\individual\2020\SDRW2000001097\SDRW2000001097.1.1.217.lab,76,D:\20_AUDIO\03_wav\individual\2020\SDRW2000001097\SDRW2000001097.1.1.217.wav,True
2020,SDRW2000001097,SDRW2000001097.1.1.228,no_textgrid_after_beam10_retry40,D:\20_AUDIO\03_wav\individual\2020\SDRW2000001097\SDRW2000001097.1.1.228.lab,87,D:\20_AUDIO\03_wav\individual\2020\SDRW2000001097\SDRW2000001097.1.1.228.wav,True
2020,SDRW2000001097,SDRW2000001097.1.1.23,no_textgrid_after_beam10_retry40,D:\20_AUDIO\03_wav\individual\2020\SDRW2000001097\SDRW2000001097.1.1.23.lab,43,D:\20_AUDIO\03_wav\individual\2020\SDRW2000001097\SDRW2000001097.1.1.23.wav,True
2020,SDRW2000001097,SDRW2000001097.1.1.231,no_textgrid_after_beam10_retry40,D:\20_AUDIO\03_wav\individual\2020\SDRW2000001097\SDRW2000001097.1.1.231.lab,88,D:\20_AUDIO\03_wav\individual\2020\SDRW2000001097\SDRW2000001097.1.1.231.wav,True
2020,SDRW2000001097,SDRW2000001097.1.1.234,no_textgrid_after_beam10_retry40,D:\20_AUDIO\03_wav\individual\2020\SDRW2000001097\SDRW2000001097.1.1.234.lab,75,D:\20_AUDIO\03_wav\individual\2020\SDRW2000001097\SDRW2000001097.1.1.234.wav,True
2020,SDRW2000001097,SDRW2000001097.1.1.236,no_textgrid_after_beam10_retry40,D:\20_AUDIO\03_wav\individual\2020\SDRW2000001097\SDRW2000001097.1.1.236.lab,49,D:\20_AUDIO\03_wav\individual\2020\SDRW2000001097\SDRW2000001097.1.1.236.wav,True
2020,SDRW2000001097,SDRW2000001097.1.1.238,no_textgrid_after_beam10_retry40,D:\20_AUDIO\03_wav\individual\2020\SDRW2000001097\SDRW2000001097.1.1.238.lab,39,D:\20_AUDIO\03_wav\individual\2020\SDRW2000001097\SDRW2000001097.1.1.238.wav,True
2020,SDRW2000001097,SDRW2000001097.1.1.240,no_textgrid_after_beam10_retry40,D:\20_AUDIO\03_wav\individual\2020\SDRW2000001097\SDRW2000001097.1.1.240.lab,86,D:\20_AUDIO\03_wav\individual\2020\SDRW2000001097\SDRW2000001097.1.1.240.wav,True
2020,SDRW2000001097,SDRW2000001097.1.1.242,no_textgrid_after_beam10_retry40,D:\20_AUDIO\03_wav\individual\2020\SDRW2000001097\SDRW2000001097.1.1.242.lab,41,D:\20_AUDIO\03_wav\individual\2020\SDRW2000001097\SDRW2000001097.1.1.242.wav,True
2020,SDRW2000001097,SDRW2000001097.1.1.245,no_textgrid_after_beam10_retry40,D:\20_AUDIO\03_wav\individual\2020\SDRW2000001097\SDRW2000001097.1.1.245.lab,49,D:\20_AUDIO\03_wav\individual\2020\SDRW2000001097\SDRW2000001097.1.1.245.wav,True
2020,SDRW2000001097,SDRW2000001097.1.1.247,no_textgrid_after_beam10_retry40,D:\20_AUDIO\03_wav\individual\2020\SDRW2000001097\SDRW2000001097.1.1.247.lab,55,D:\20_AUDIO\03_wav\individual\2020\SDRW2000001097\SDRW2000001097.1.1.247.wav,True
2020,SDRW2000001097,SDRW2000001097.1.1.249,no_textgrid_after_beam10_retry40,D:\20_AUDIO\03_wav\individual\2020\SDRW2000001097\SDRW2000001097.1.1.249.lab,37,D:\20_AUDIO\03_wav\individual\2020\SDRW2000001097\SDRW2000001097.1.1.249.wav,True
2020,SDRW2000001097,SDRW2000001097.1.1.251,no_textgrid_after_beam10_retry40,D:\20_AUDIO\03_wav\individual\2020\SDRW2000001097\SDRW2000001097.1.1.251.lab,95,D:\20_AUDIO\03_wav\individual\2020\SDRW2000001097\SDRW2000001097.1.1.251.wav,True
2020,SDRW2000001097,SDRW2000001097.1.1.253,no_textgrid_after_beam10_retry40,D:\20_AUDIO\03_wav\individual\2020\SDRW2000001097\SDRW2000001097.1.1.253.lab,72,D:\20_AUDIO\03_wav\individual\2020\SDRW2000001097\SDRW2000001097.1.1.253.wav,True
2020,SDRW2000001097,SDRW2000001097.1.1.255,no_textgrid_after_beam10_retry40,D:\20_AUDIO\03_wav\individual\2020\SDRW2000001097\SDRW2000001097.1.1.255.lab,43,D:\20_AUDIO\03_wav\individual\2020\SDRW2000001097\SDRW2000001097.1.1.255.wav,True
2020,SDRW2000001097,SDRW2000001097.1.1.260,no_textgrid_after_beam10_retry40,D:\20_AUDIO\03_wav\individual\2020\SDRW2000001097\SDRW2000001097.1.1.260.lab,71,D:\20_AUDIO\03_wav\individual\2020\SDRW2000001097\SDRW2000001097.1.1.260.wav,True
2020,SDRW2000001097,SDRW2000001097.1.1.267,no_textgrid_after_beam10_retry40,D:\20_AUDIO\03_wav\individual\2020\SDRW2000001097\SDRW2000001097.1.1.267.lab,44,D:\20_AUDIO\03_wav\individual\2020\SDRW2000001097\SDRW2000001097.1.1.267.wav,True
2020,SDRW2000001097,SDRW2000001097.1.1.271,no_textgrid_after_beam10_retry40,D:\20_AUDIO\03_wav\individual\2020\SDRW2000001097\SDRW2000001097.1.1.271.lab,48,D:\20_AUDIO\03_wav\individual\2020\SDRW2000001097\SDRW2000001097.1.1.271.wav,True
2020,SDRW2000001097,SDRW2000001097.1.1.278,no_textgrid_after_beam10_retry40,D:\20_AUDIO\03_wav\individual\2020\SDRW2000001097\SDRW2000001097.1.1.278.lab,49,D:\20_AUDIO\03_wav\individual\2020\SDRW2000001097\SDRW2000001097.1.1.278.wav,True
2020,SDRW2000001097,SDRW2000001097.1.1.282,no_textgrid_after_beam10_retry40,D:\20_AUDIO\03_wav\individual\2020\SDRW2000001097\SDRW2000001097.1.1.282.lab,56,D:\20_AUDIO\03_wav\individual\2020\SDRW2000001097\SDRW2000001097.1.1.282.wav,True
2020,SDRW2000001097,SDRW2000001097.1.1.284,no_textgrid_after_beam10_retry40,D:\20_AUDIO\03_wav\individual\2020\SDRW2000001097\SDRW2000001097.1.1.284.lab,76,D:\20_AUDIO\03_wav\individual\2020\SDRW2000001097\SDRW2000001097.1.1.284.wav,True
2020,SDRW2000001097,SDRW2000001097.1.1.29,no_textgrid_after_beam10_retry40,D:\20_AUDIO\03_wav\individual\2020\SDRW2000001097\SDRW2000001097.1.1.29.lab,40,D:\20_AUDIO\03_wav\individual\2020\SDRW2000001097\SDRW2000001097.1.1.29.wav,True
2020,SDRW2000001097,SDRW2000001097.1.1.291,no_textgrid_after_beam10_retry40,D:\20_AUDIO\03_wav\individual\2020\SDRW2000001097\SDRW2000001097.1.1.291.lab,55,D:\20_AUDIO\03_wav\individual\2020\SDRW2000001097\SDRW2000001097.1.1.291.wav,True
2020,SDRW2000001097,SDRW2000001097.1.1.296,no_textgrid_after_beam10_retry40,D:\20_AUDIO\03_wav\individual\2020\SDRW2000001097\SDRW2000001097.1.1.296.lab,46,D:\20_AUDIO\03_wav\individual\2020\SDRW2000001097\SDRW2000001097.1.1.296.wav,True
2020,SDRW2000001097,SDRW2000001097.1.1.297,no_textgrid_after_beam10_retry40,D:\20_AUDIO\03_wav\individual\2020\SDRW2000001097\SDRW2000001097.1.1.297.lab,39,D:\20_AUDIO\03_wav\individual\2020\SDRW2000001097\SDRW2000001097.1.1.297.wav,True
2020,SDRW2000001097,SDRW2000001097.1.1.313,no_textgrid_after_beam10_retry40,D:\20_AUDIO\03_wav\individual\2020\SDRW2000001097\SDRW2000001097.1.1.313.lab,43,D:\20_AUDIO\03_wav\individual\2020\SDRW2000001097\SDRW2000001097.1.1.313.wav,True
2020,SDRW2000001097,SDRW2000001097.1.1.315,no_textgrid_after_beam10_retry40,D:\20_AUDIO\03_wav\individual\2020\SDRW2000001097\SDRW2000001097.1.1.315.lab,104,D:\20_AUDIO\03_wav\individual\2020\SDRW2000001097\SDRW2000001097.1.1.315.wav,True
2020,SDRW2000001097,SDRW2000001097.1.1.316,no_textgrid_after_beam10_retry40,D:\20_AUDIO\03_wav\individual\2020\SDRW2000001097\SDRW2000001097.1.1.316.lab,105,D:\20_AUDIO\03_wav\individual\2020\SDRW2000001097\SDRW2000001097.1.1.316.wav,True
2020,SDRW2000001097,SDRW2000001097.1.1.319,no_textgrid_after_beam10_retry40,D:\20_AUDIO\03_wav\individual\2020\SDRW2000001097\SDRW2000001097.1.1.319.lab,79,D:\20_AUDIO\03_wav\individual\2020\SDRW2000001097\SDRW2000001097.1.1.319.wav,True
2020,SDRW2000001097,SDRW2000001097.1.1.32,no_textgrid_after_beam10_retry40,D:\20_AUDIO\03_wav\individual\2020\SDRW2000001097\SDRW2000001097.1.1.32.lab,71,D:\20_AUDIO\03_wav\individual\2020\SDRW2000001097\SDRW2000001097.1.1.32.wav,True
2020,SDRW2000001097,SDRW2000001097.1.1.323,no_textgrid_after_beam10_retry40,D:\20_AUDIO\03_wav\individual\2020\SDRW2000001097\SDRW2000001097.1.1.323.lab,77,D:\20_AUDIO\03_wav\individual\2020\SDRW2000001097\SDRW2000001097.1.1.323.wav,True
2020,SDRW2000001097,SDRW2000001097.1.1.328,no_textgrid_after_beam10_retry40,D:\20_AUDIO\03_wav\individual\2020\SDRW2000001097\SDRW2000001097.1.1.328.lab,74,D:\20_AUDIO\03_wav\individual\2020\SDRW2000001097\SDRW2000001097.1.1.328.wav,True
2020,SDRW2000001097,SDRW2000001097.1.1.331,no_textgrid_after_beam10_retry40,D:\20_AUDIO\03_wav\individual\2020\SDRW2000001097\SDRW2000001097.1.1.331.lab,55,D:\20_AUDIO\03_wav\individual\2020\SDRW2000001097\SDRW2000001097.1.1.331.wav,True
2020,SDRW2000001097,SDRW2000001097.1.1.339,no_textgrid_after_beam10_retry40,D:\20_AUDIO\03_wav\individual\2020\SDRW2000001097\SDRW2000001097.1.1.339.lab,33,D:\20_AUDIO\03_wav\individual\2020\SDRW2000001097\SDRW2000001097.1.1.339.wav,True
2020,SDRW2000001097,SDRW2000001097.1.1.343,no_textgrid_after_beam10_retry40,D:\20_AUDIO\03_wav\individual\2020\SDRW2000001097\SDRW2000001097.1.1.343.lab,65,D:\20_AUDIO\03_wav\individual\2020\SDRW2000001097\SDRW2000001097.1.1.343.wav,True
2020,SDRW2000001097,SDRW2000001097.1.1.345,no_textgrid_after_beam10_retry40,D:\20_AUDIO\03_wav\individual\2020\SDRW2000001097\SDRW2000001097.1.1.345.lab,47,D:\20_AUDIO\03_wav\individual\2020\SDRW2000001097\SDRW2000001097.1.1.345.wav,True
2020,SDRW2000001097,SDRW2000001097.1.1.346,no_textgrid_after_beam10_retry40,D:\20_AUDIO\03_wav\individual\2020\SDRW2000001097\SDRW2000001097.1.1.346.lab,75,D:\20_AUDIO\03_wav\individual\2020\SDRW2000001097\SDRW2000001097.1.1.346.wav,True
2020,SDRW2000001097,SDRW2000001097.1.1.350,no_textgrid_after_beam10_retry40,D:\20_AUDIO\03_wav\individual\2020\SDRW2000001097\SDRW2000001097.1.1.350.lab,38,D:\20_AUDIO\03_wav\individual\2020\SDRW2000001097\SDRW2000001097.1.1.350.wav,True
2020,SDRW2000001097,SDRW2000001097.1.1.351,no_textgrid_after_beam10_retry40,D:\20_AUDIO\03_wav\individual\2020\SDRW2000001097\SDRW2000001097.1.1.351.lab,112,D:\20_AUDIO\03_wav\individual\2020\SDRW2000001097\SDRW2000001097.1.1.351.wav,True
2020,SDRW2000001097,SDRW2000001097.1.1.357,no_textgrid_after_beam10_retry40,D:\20_AUDIO\03_wav\individual\2020\SDRW2000001097\SDRW2000001097.1.1.357.lab,68,D:\20_AUDIO\03_wav\individual\2020\SDRW2000001097\SDRW2000001097.1.1.357.wav,True
2020,SDRW2000001097,SDRW2000001097.1.1.358,no_textgrid_after_beam10_retry40,D:\20_AUDIO\03_wav\individual\2020\SDRW2000001097\SDRW2000001097.1.1.358.lab,107,D:\20_AUDIO\03_wav\individual\2020\SDRW2000001097\SDRW2000001097.1.1.358.wav,True
2020,SDRW2000001097,SDRW2000001097.1.1.360,no_textgrid_after_beam10_retry40,D:\20_AUDIO\03_wav\individual\2020\SDRW2000001097\SDRW2000001097.1.1.360.lab,78,D:\20_AUDIO\03_wav\individual\2020\SDRW2000001097\SDRW2000001097.1.1.360.wav,True
2020,SDRW2000001097,SDRW2000001097.1.1.363,no_textgrid_after_beam10_retry40,D:\20_AUDIO\03_wav\individual\2020\SDRW2000001097\SDRW2000001097.1.1.363.lab,22,D:\20_AUDIO\03_wav\individual\2020\SDRW2000001097\SDRW2000001097.1.1.363.wav,True
2020,SDRW2000001097,SDRW2000001097.1.1.369,no_textgrid_after_beam10_retry40,D:\20_AUDIO\03_wav\individual\2020\SDRW2000001097\SDRW2000001097.1.1.369.lab,97,D:\20_AUDIO\03_wav\individual\2020\SDRW2000001097\SDRW2000001097.1.1.369.wav,True
2020,SDRW2000001097,SDRW2000001097.1.1.41,no_textgrid_after_beam10_retry40,D:\20_AUDIO\03_wav\individual\2020\SDRW2000001097\SDRW2000001097.1.1.41.lab,30,D:\20_AUDIO\03_wav\individual\2020\SDRW2000001097\SDRW2000001097.1.1.41.wav,True
2020,SDRW2000001097,SDRW2000001097.1.1.45,no_textgrid_after_beam10_retry40,D:\20_AUDIO\03_wav\individual\2020\SDRW2000001097\SDRW2000001097.1.1.45.lab,69,D:\20_AUDIO\03_wav\individual\2020\SDRW2000001097\SDRW2000001097.1.1.45.wav,True
2020,SDRW2000001097,SDRW2000001097.1.1.50,no_textgrid_after_beam10_retry40,D:\20_AUDIO\03_wav\individual\2020\SDRW2000001097\SDRW2000001097.1.1.50.lab,63,D:\20_AUDIO\03_wav\individual\2020\SDRW2000001097\SDRW2000001097.1.1.50.wav,True
2020,SDRW2000001097,SDRW2000001097.1.1.63,no_textgrid_after_beam10_retry40,D:\20_AUDIO\03_wav\individual\2020\SDRW2000001097\SDRW2000001097.1.1.63.lab,79,D:\20_AUDIO\03_wav\individual\2020\SDRW2000001097\SDRW2000001097.1.1.63.wav,True
2020,SDRW2000001097,SDRW2000001097.1.1.66,no_textgrid_after_beam10_retry40,D:\20_AUDIO\03_wav\individual\2020\SDRW2000001097\SDRW2000001097.1.1.66.lab,49,D:\20_AUDIO\03_wav\individual\2020\SDRW2000001097\SDRW2000001097.1.1.66.wav,True
2020,SDRW2000001097,SDRW2000001097.1.1.67,no_textgrid_after_beam10_retry40,D:\20_AUDIO\03_wav\individual\2020\SDRW2000001097\SDRW2000001097.1.1.67.lab,53,D:\20_AUDIO\03_wav\individual\2020\SDRW2000001097\SDRW2000001097.1.1.67.wav,True
2020,SDRW2000001097,SDRW2000001097.1.1.72,no_textgrid_after_beam10_retry40,D:\20_AUDIO\03_wav\individual\2020\SDRW2000001097\SDRW2000001097.1.1.72.lab,55,D:\20_AUDIO\03_wav\individual\2020\SDRW2000001097\SDRW2000001097.1.1.72.wav,True
2020,SDRW2000001097,SDRW2000001097.1.1.73,no_textgrid_after_beam10_retry40,D:\20_AUDIO\03_wav\individual\2020\SDRW2000001097\SDRW2000001097.1.1.73.lab,96,D:\20_AUDIO\03_wav\individual\2020\SDRW2000001097\SDRW2000001097.1.1.73.wav,True
2020,SDRW2000001097,SDRW2000001097.1.1.75,no_textgrid_after_beam10_retry40,D:\20_AUDIO\03_wav\individual\2020\SDRW2000001097\SDRW2000001097.1.1.75.lab,48,D:\20_AUDIO\03_wav\individual\2020\SDRW2000001097\SDRW2000001097.1.1.75.wav,True
2020,SDRW2000001097,SDRW2000001097.1.1.76,no_textgrid_after_beam10_retry40,D:\20_AUDIO\03_wav\individual\2020\SDRW2000001097\SDRW2000001097.1.1.76.lab,45,D:\20_AUDIO\03_wav\individual\2020\SDRW2000001097\SDRW2000001097.1.1.76.wav,True
2020,SDRW2000001097,SDRW2000001097.1.1.87,no_textgrid_after_beam10_retry40,D:\20_AUDIO\03_wav\individual\2020\SDRW2000001097\SDRW2000001097.1.1.87.lab,82,D:\20_AUDIO\03_wav\individual\2020\SDRW2000001097\SDRW2000001097.1.1.87.wav,True
2020,SDRW2000001097,SDRW2000001097.1.1.94,no_textgrid_after_beam10_retry40,D:\20_AUDIO\03_wav\individual\2020\SDRW2000001097\SDRW2000001097.1.1.94.lab,52,D:\20_AUDIO\03_wav\individual\2020\SDRW2000001097\SDRW2000001097.1.1.94.wav,True
2020,SDRW2000001097,SDRW2000001097.1.1.99,no_textgrid_after_beam10_retry40,D:\20_AUDIO\03_wav\individual\2020\SDRW2000001097\SDRW2000001097.1.1.99.lab,62,D:\20_AUDIO\03_wav\individual\2020\SDRW2000001097\SDRW2000001097.1.1.99.wav,True
2020,SDRW2000001100,SDRW2000001100.1.1.101,no_textgrid_after_beam10_retry40,D:\20_AUDIO\03_wav\individual\2020\SDRW2000001100\SDRW2000001100.1.1.101.lab,67,D:\20_AUDIO\03_wav\individual\2020\SDRW2000001100\SDRW2000001100.1.1.101.wav,True
2020,SDRW2000001100,SDRW2000001100.1.1.102,no_textgrid_after_beam10_retry40,D:\20_AUDIO\03_wav\individual\2020\SDRW2000001100\SDRW2000001100.1.1.102.lab,50,D:\20_AUDIO\03_wav\individual\2020\SDRW2000001100\SDRW2000001100.1.1.102.wav,True
2020,SDRW2000001100,SDRW2000001100.1.1.104,no_textgrid_after_beam10_retry40,D:\20_AUDIO\03_wav\individual\2020\SDRW2000001100\SDRW2000001100.1.1.104.lab,44,D:\20_AUDIO\03_wav\individual\2020\SDRW2000001100\SDRW2000001100.1.1.104.wav,True
2020,SDRW2000001100,SDRW2000001100.1.1.107,no_textgrid_after_beam10_retry40,D:\20_AUDIO\03_wav\individual\2020\SDRW2000001100\SDRW2000001100.1.1.107.lab,100,D:\20_AUDIO\03_wav\individual\2020\SDRW2000001100\SDRW2000001100.1.1.107.wav,True
2020,SDRW2000001100,SDRW2000001100.1.1.109,no_textgrid_after_beam10_retry40,D:\20_AUDIO\03_wav\individual\2020\SDRW2000001100\SDRW2000001100.1.1.109.lab,45,D:\20_AUDIO\03_wav\individual\2020\SDRW2000001100\SDRW2000001100.1.1.109.wav,True
2020,SDRW2000001100,SDRW2000001100.1.1.112,no_textgrid_after_beam10_retry40,D:\20_AUDIO\03_wav\individual\2020\SDRW2000001100\SDRW2000001100.1.1.112.lab,61,D:\20_AUDIO\03_wav\individual\2020\SDRW2000001100\SDRW2000001100.1.1.112.wav,True
2020,SDRW2000001100,SDRW2000001100.1.1.114,no_textgrid_after_beam10_retry40,D:\20_AUDIO\03_wav\individual\2020\SDRW2000001100\SDRW2000001100.1.1.114.lab,46,D:\20_AUDIO\03_wav\individual\2020\SDRW2000001100\SDRW2000001100.1.1.114.wav,True
2020,SDRW2000001100,SDRW2000001100.1.1.119,no_textgrid_after_beam10_retry40,D:\20_AUDIO\03_wav\individual\2020\SDRW2000001100\SDRW2000001100.1.1.119.lab,65,D:\20_AUDIO\03_wav\individual\2020\SDRW2000001100\SDRW2000001100.1.1.119.wav,True
2020,SDRW2000001100,SDRW2000001100.1.1.122,no_textgrid_after_beam10_retry40,D:\20_AUDIO\03_wav\individual\2020\SDRW2000001100\SDRW2000001100.1.1.122.lab,67,D:\20_AUDIO\03_wav\individual\2020\SDRW2000001100\SDRW2000001100.1.1.122.wav,True
2020,SDRW2000001100,SDRW2000001100.1.1.128,no_textgrid_after_beam10_retry40,D:\20_AUDIO\03_wav\individual\2020\SDRW2000001100\SDRW2000001100.1.1.128.lab,76,D:\20_AUDIO\03_wav\individual\2020\SDRW2000001100\SDRW2000001100.1.1.128.wav,True
2020,SDRW2000001100,SDRW2000001100.1.1.131,no_textgrid_after_beam10_retry40,D:\20_AUDIO\03_wav\individual\2020\SDRW2000001100\SDRW2000001100.1.1.131.lab,66,D:\20_AUDIO\03_wav\individual\2020\SDRW2000001100\SDRW2000001100.1.1.131.wav,True
2020,SDRW2000001100,SDRW2000001100.1.1.133,no_textgrid_after_beam10_retry40,D:\20_AUDIO\03_wav\individual\2020\SDRW2000001100\SDRW2000001100.1.1.133.lab,64,D:\20_AUDIO\03_wav\individual\2020\SDRW2000001100\SDRW2000001100.1.1.133.wav,True
2020,SDRW2000001100,SDRW2000001100.1.1.134,no_textgrid_after_beam10_retry40,D:\20_AUDIO\03_wav\individual\2020\SDRW2000001100\SDRW2000001100.1.1.134.lab,74,D:\20_AUDIO\03_wav\individual\2020\SDRW2000001100\SDRW2000001100.1.1.134.wav,True
2020,SDRW2000001100,SDRW2000001100.1.1.14,no_textgrid_after_beam10_retry40,D:\20_AUDIO\03_wav\individual\2020\SDRW2000001100\SDRW2000001100.1.1.14.lab,48,D:\20_AUDIO\03_wav\individual\2020\SDRW2000001100\SDRW2000001100.1.1.14.wav,True
2020,SDRW2000001100,SDRW2000001100.1.1.141,no_textgrid_after_beam10_retry40,D:\20_AUDIO\03_wav\individual\2020\SDRW2000001100\SDRW2000001100.1.1.141.lab,39,D:\20_AUDIO\03_wav\individual\2020\SDRW2000001100\SDRW2000001100.1.1.141.wav,True
2020,SDRW2000001100,SDRW2000001100.1.1.143,no_textgrid_after_beam10_retry40,D:\20_AUDIO\03_wav\individual\2020\SDRW2000001100\SDRW2000001100.1.1.143.lab,75,D:\20_AUDIO\03_wav\individual\2020\SDRW2000001100\SDRW2000001100.1.1.143.wav,True
2020,SDRW2000001100,SDRW2000001100.1.1.151,no_textgrid_after_beam10_retry40,D:\20_AUDIO\03_wav\individual\2020\SDRW2000001100\SDRW2000001100.1.1.151.lab,50,D:\20_AUDIO\03_wav\individual\2020\SDRW2000001100\SDRW2000001100.1.1.151.wav,True
2020,SDRW2000001100,SDRW2000001100.1.1.156,no_textgrid_after_beam10_retry40,D:\20_AUDIO\03_wav\individual\2020\SDRW2000001100\SDRW2000001100.1.1.156.lab,33,D:\20_AUDIO\03_wav\individual\2020\SDRW2000001100\SDRW2000001100.1.1.156.wav,True
2020,SDRW2000001100,SDRW2000001100.1.1.164,no_textgrid_after_beam10_retry40,D:\20_AUDIO\03_wav\individual\2020\SDRW2000001100\SDRW2000001100.1.1.164.lab,49,D:\20_AUDIO\03_wav\individual\2020\SDRW2000001100\SDRW2000001100.1.1.164.wav,True
2020,SDRW2000001100,SDRW2000001100.1.1.167,no_textgrid_after_beam10_retry40,D:\20_AUDIO\03_wav\individual\2020\SDRW2000001100\SDRW2000001100.1.1.167.lab,79,D:\20_AUDIO\03_wav\individual\2020\SDRW2000001100\SDRW2000001100.1.1.167.wav,True
2020,SDRW2000001100,SDRW2000001100.1.1.17,no_textgrid_after_beam10_retry40,D:\20_AUDIO\03_wav\individual\2020\SDRW2000001100\SDRW2000001100.1.1.17.lab,75,D:\20_AUDIO\03_wav\individual\2020\SDRW2000001100\SDRW2000001100.1.1.17.wav,True
2020,SDRW2000001100,SDRW2000001100.1.1.175,no_textgrid_after_beam10_retry40,D:\20_AUDIO\03_wav\individual\2020\SDRW2000001100\SDRW2000001100.1.1.175.lab,118,D:\20_AUDIO\03_wav\individual\2020\SDRW2000001100\SDRW2000001100.1.1.175.wav,True
2020,SDRW2000001100,SDRW2000001100.1.1.182,no_textgrid_after_beam10_retry40,D:\20_AUDIO\03_wav\individual\2020\SDRW2000001100\SDRW2000001100.1.1.182.lab,73,D:\20_AUDIO\03_wav\individual\2020\SDRW2000001100\SDRW2000001100.1.1.182.wav,True
2020,SDRW2000001100,SDRW2000001100.1.1.185,no_textgrid_after_beam10_retry40,D:\20_AUDIO\03_wav\individual\2020\SDRW2000001100\SDRW2000001100.1.1.185.lab,23,D:\20_AUDIO\03_wav\individual\2020\SDRW2000001100\SDRW2000001100.1.1.185.wav,True
2020,SDRW2000001100,SDRW2000001100.1.1.186,no_textgrid_after_beam10_retry40,D:\20_AUDIO\03_wav\individual\2020\SDRW2000001100\SDRW2000001100.1.1.186.lab,72,D:\20_AUDIO\03_wav\individual\2020\SDRW2000001100\SDRW2000001100.1.1.186.wav,True
2020,SDRW2000001100,SDRW2000001100.1.1.188,no_textgrid_after_beam10_retry40,D:\20_AUDIO\03_wav\individual\2020\SDRW2000001100\SDRW2000001100.1.1.188.lab,46,D:\20_AUDIO\03_wav\individual\2020\SDRW2000001100\SDRW2000001100.1.1.188.wav,True
2020,SDRW2000001100,SDRW2000001100.1.1.194,no_textgrid_after_beam10_retry40,D:\20_AUDIO\03_wav\individual\2020\SDRW2000001100\SDRW2000001100.1.1.194.lab,81,D:\20_AUDIO\03_wav\individual\2020\SDRW2000001100\SDRW2000001100.1.1.194.wav,True
2020,SDRW2000001100,SDRW2000001100.1.1.202,no_textgrid_after_beam10_retry40,D:\20_AUDIO\03_wav\individual\2020\SDRW2000001100\SDRW2000001100.1.1.202.lab,46,D:\20_AUDIO\03_wav\individual\2020\SDRW2000001100\SDRW2000001100.1.1.202.wav,True
2020,SDRW2000001100,SDRW2000001100.1.1.209,no_textgrid_after_beam10_retry40,D:\20_AUDIO\03_wav\individual\2020\SDRW2000001100\SDRW2000001100.1.1.209.lab,71,D:\20_AUDIO\03_wav\individual\2020\SDRW2000001100\SDRW2000001100.1.1.209.wav,True
2020,SDRW2000001100,SDRW2000001100.1.1.210,no_textgrid_after_beam10_retry40,D:\20_AUDIO\03_wav\individual\2020\SDRW2000001100\SDRW2000001100.1.1.210.lab,79,D:\20_AUDIO\03_wav\individual\2020\SDRW2000001100\SDRW2000001100.1.1.210.wav,True
2020,SDRW2000001100,SDRW2000001100.1.1.219,no_textgrid_after_beam10_retry40,D:\20_AUDIO\03_wav\individual\2020\SDRW2000001100\SDRW2000001100.1.1.219.lab,85,D:\20_AUDIO\03_wav\individual\2020\SDRW2000001100\SDRW2000001100.1.1.219.wav,True
2020,SDRW2000001100,SDRW2000001100.1.1.226,no_textgrid_after_beam10_retry40,D:\20_AUDIO\03_wav\individual\2020\SDRW2000001100\SDRW2000001100.1.1.226.lab,50,D:\20_AUDIO\03_wav\individual\2020\SDRW2000001100\SDRW2000001100.1.1.226.wav,True
2020,SDRW2000001100,SDRW2000001100.1.1.229,no_textgrid_after_beam10_retry40,D:\20_AUDIO\03_wav\individual\2020\SDRW2000001100\SDRW2000001100.1.1.229.lab,50,D:\20_AUDIO\03_wav\individual\2020\SDRW2000001100\SDRW2000001100.1.1.229.wav,True
2020,SDRW2000001100,SDRW2000001100.1.1.232,no_textgrid_after_beam10_retry40,D:\20_AUDIO\03_wav\individual\2020\SDRW2000001100\SDRW2000001100.1.1.232.lab,49,D:\20_AUDIO\03_wav\individual\2020\SDRW2000001100\SDRW2000001100.1.1.232.wav,True
2020,SDRW2000001100,SDRW2000001100.1.1.235,no_textgrid_after_beam10_retry40,D:\20_AUDIO\03_wav\individual\2020\SDRW2000001100\SDRW2000001100.1.1.235.lab,62,D:\20_AUDIO\03_wav\individual\2020\SDRW2000001100\SDRW2000001100.1.1.235.wav,True
2020,SDRW2000001100,SDRW2000001100.1.1.239,no_textgrid_after_beam10_retry40,D:\20_AUDIO\03_wav\individual\2020\SDRW2000001100\SDRW2000001100.1.1.239.lab,51,D:\20_AUDIO\03_wav\individual\2020\SDRW2000001100\SDRW2000001100.1.1.239.wav,True
2020,SDRW2000001100,SDRW2000001100.1.1.240,no_textgrid_after_beam10_retry40,D:\20_AUDIO\03_wav\individual\2020\SDRW2000001100\SDRW2000001100.1.1.240.lab,59,D:\20_AUDIO\03_wav\individual\2020\SDRW2000001100\SDRW2000001100.1.1.240.wav,True
2020,SDRW2000001100,SDRW2000001100.1.1.242,no_textgrid_after_beam10_retry40,D:\20_AUDIO\03_wav\individual\2020\SDRW2000001100\SDRW2000001100.1.1.242.lab,109,D:\20_AUDIO\03_wav\individual\2020\SDRW2000001100\SDRW2000001100.1.1.242.wav,True
2020,SDRW2000001100,SDRW2000001100.1.1.247,no_textgrid_after_beam10_retry40,D:\20_AUDIO\03_wav\individual\2020\SDRW2000001100\SDRW2000001100.1.1.247.lab,54,D:\20_AUDIO\03_wav\individual\2020\SDRW2000001100\SDRW2000001100.1.1.247.wav,True
2020,SDRW2000001100,SDRW2000001100.1.1.255,no_textgrid_after_beam10_retry40,D:\20_AUDIO\03_wav\individual\2020\SDRW2000001100\SDRW2000001100.1.1.255.lab,49,D:\20_AUDIO\03_wav\individual\2020\SDRW2000001100\SDRW2000001100.1.1.255.wav,True
2020,SDRW2000001100,SDRW2000001100.1.1.259,no_textgrid_after_beam10_retry40,D:\20_AUDIO\03_wav\individual\2020\SDRW2000001100\SDRW2000001100.1.1.259.lab,35,D:\20_AUDIO\03_wav\individual\2020\SDRW2000001100\SDRW2000001100.1.1.259.wav,True
2020,SDRW2000001100,SDRW2000001100.1.1.262,no_textgrid_after_beam10_retry40,D:\20_AUDIO\03_wav\individual\2020\SDRW2000001100\SDRW2000001100.1.1.262.lab,32,D:\20_AUDIO\03_wav\individual\2020\SDRW2000001100\SDRW2000001100.1.1.262.wav,True
2020,SDRW2000001100,SDRW2000001100.1.1.266,no_textgrid_after_beam10_retry40,D:\20_AUDIO\03_wav\individual\2020\SDRW2000001100\SDRW2000001100.1.1.266.lab,44,D:\20_AUDIO\03_wav\individual\2020\SDRW2000001100\SDRW2000001100.1.1.266.wav,True
2020,SDRW2000001100,SDRW2000001100.1.1.269,no_textgrid_after_beam10_retry40,D:\20_AUDIO\03_wav\individual\2020\SDRW2000001100\SDRW2000001100.1.1.269.lab,25,D:\20_AUDIO\03_wav\individual\2020\SDRW2000001100\SDRW2000001100.1.1.269.wav,True
2020,SDRW2000001100,SDRW2000001100.1.1.276,no_textgrid_after_beam10_retry40,D:\20_AUDIO\03_wav\individual\2020\SDRW2000001100\SDRW2000001100.1.1.276.lab,54,D:\20_AUDIO\03_wav\individual\2020\SDRW2000001100\SDRW2000001100.1.1.276.wav,True
2020,SDRW2000001100,SDRW2000001100.1.1.282,no_textgrid_after_beam10_retry40,D:\20_AUDIO\03_wav\individual\2020\SDRW2000001100\SDRW2000001100.1.1.282.lab,46,D:\20_AUDIO\03_wav\individual\2020\SDRW2000001100\SDRW2000001100.1.1.282.wav,True
2020,SDRW2000001100,SDRW2000001100.1.1.283,no_textgrid_after_beam10_retry40,D:\20_AUDIO\03_wav\individual\2020\SDRW2000001100\SDRW2000001100.1.1.283.lab,60,D:\20_AUDIO\03_wav\individual\2020\SDRW2000001100\SDRW2000001100.1.1.283.wav,True
2020,SDRW2000001100,SDRW2000001100.1.1.284,no_textgrid_after_beam10_retry40,D:\20_AUDIO\03_wav\individual\2020\SDRW2000001100\SDRW2000001100.1.1.284.lab,66,D:\20_AUDIO\03_wav\individual\2020\SDRW2000001100\SDRW2000001100.1.1.284.wav,True
2020,SDRW2000001100,SDRW2000001100.1.1.286,no_textgrid_after_beam10_retry40,D:\20_AUDIO\03_wav\individual\2020\SDRW2000001100\SDRW2000001100.1.1.286.lab,81,D:\20_AUDIO\03_wav\individual\2020\SDRW2000001100\SDRW2000001100.1.1.286.wav,True
2020,SDRW2000001100,SDRW2000001100.1.1.289,no_textgrid_after_beam10_retry40,D:\20_AUDIO\03_wav\individual\2020\SDRW2000001100\SDRW2000001100.1.1.289.lab,77,D:\20_AUDIO\03_wav\individual\2020\SDRW2000001100\SDRW2000001100.1.1.289.wav,True
2020,SDRW2000001100,SDRW2000001100.1.1.29,no_textgrid_after_beam10_retry40,D:\20_AUDIO\03_wav\individual\2020\SDRW2000001100\SDRW2000001100.1.1.29.lab,58,D:\20_AUDIO\03_wav\individual\2020\SDRW2000001100\SDRW2000001100.1.1.29.wav,True
2020,SDRW2000001100,SDRW2000001100.1.1.291,no_textgrid_after_beam10_retry40,D:\20_AUDIO\03_wav\individual\2020\SDRW2000001100\SDRW2000001100.1.1.291.lab,54,D:\20_AUDIO\03_wav\individual\2020\SDRW2000001100\SDRW2000001100.1.1.291.wav,True
2020,SDRW2000001100,SDRW2000001100.1.1.292,no_textgrid_after_beam10_retry40,D:\20_AUDIO\03_wav\individual\2020\SDRW2000001100\SDRW2000001100.1.1.292.lab,80,D:\20_AUDIO\03_wav\individual\2020\SDRW2000001100\SDRW2000001100.1.1.292.wav,True
2020,SDRW2000001100,SDRW2000001100.1.1.297,no_textgrid_after_beam10_retry40,D:\20_AUDIO\03_wav\individual\2020\SDRW2000001100\SDRW2000001100.1.1.297.lab,102,D:\20_AUDIO\03_wav\individual\2020\SDRW2000001100\SDRW2000001100.1.1.297.wav,True
2020,SDRW2000001100,SDRW2000001100.1.1.299,no_textgrid_after_beam10_retry40,D:\20_AUDIO\03_wav\individual\2020\SDRW2000001100\SDRW2000001100.1.1.299.lab,76,D:\20_AUDIO\03_wav\individual\2020\SDRW2000001100\SDRW2000001100.1.1.299.wav,True
2020,SDRW2000001100,SDRW2000001100.1.1.30,no_textgrid_after_beam10_retry40,D:\20_AUDIO\03_wav\individual\2020\SDRW2000001100\SDRW2000001100.1.1.30.lab,46,D:\20_AUDIO\03_wav\individual\2020\SDRW2000001100\SDRW2000001100.1.1.30.wav,True
2020,SDRW2000001100,SDRW2000001100.1.1.305,no_textgrid_after_beam10_retry40,D:\20_AUDIO\03_wav\individual\2020\SDRW2000001100\SDRW2000001100.1.1.305.lab,73,D:\20_AUDIO\03_wav\individual\2020\SDRW2000001100\SDRW2000001100.1.1.305.wav,True
2020,SDRW2000001100,SDRW2000001100.1.1.309,no_textgrid_after_beam10_retry40,D:\20_AUDIO\03_wav\individual\2020\SDRW2000001100\SDRW2000001100.1.1.309.lab,49,D:\20_AUDIO\03_wav\individual\2020\SDRW2000001100\SDRW2000001100.1.1.309.wav,True
2020,SDRW2000001100,SDRW2000001100.1.1.310,no_textgrid_after_beam10_retry40,D:\20_AUDIO\03_wav\individual\2020\SDRW2000001100\SDRW2000001100.1.1.310.lab,89,D:\20_AUDIO\03_wav\individual\2020\SDRW2000001100\SDRW2000001100.1.1.310.wav,True
2020,SDRW2000001100,SDRW2000001100.1.1.312,no_textgrid_after_beam10_retry40,D:\20_AUDIO\03_wav\individual\2020\SDRW2000001100\SDRW2000001100.1.1.312.lab,43,D:\20_AUDIO\03_wav\individual\2020\SDRW2000001100\SDRW2000001100.1.1.312.wav,True
2020,SDRW2000001100,SDRW2000001100.1.1.320,no_textgrid_after_beam10_retry40,D:\20_AUDIO\03_wav\individual\2020\SDRW2000001100\SDRW2000001100.1.1.320.lab,66,D:\20_AUDIO\03_wav\individual\2020\SDRW2000001100\SDRW2000001100.1.1.320.wav,True
2020,SDRW2000001100,SDRW2000001100.1.1.323,no_textgrid_after_beam10_retry40,D:\20_AUDIO\03_wav\individual\2020\SDRW2000001100\SDRW2000001100.1.1.323.lab,46,D:\20_AUDIO\03_wav\individual\2020\SDRW2000001100\SDRW2000001100.1.1.323.wav,True
2020,SDRW2000001100,SDRW2000001100.1.1.329,no_textgrid_after_beam10_retry40,D:\20_AUDIO\03_wav\individual\2020\SDRW2000001100\SDRW2000001100.1.1.329.lab,57,D:\20_AUDIO\03_wav\individual\2020\SDRW2000001100\SDRW2000001100.1.1.329.wav,True
2020,SDRW2000001100,SDRW2000001100.1.1.334,no_textgrid_after_beam10_retry40,D:\20_AUDIO\03_wav\individual\2020\SDRW2000001100\SDRW2000001100.1.1.334.lab,66,D:\20_AUDIO\03_wav\individual\2020\SDRW2000001100\SDRW2000001100.1.1.334.wav,True
2020,SDRW2000001100,SDRW2000001100.1.1.343,no_textgrid_after_beam10_retry40,D:\20_AUDIO\03_wav\individual\2020\SDRW2000001100\SDRW2000001100.1.1.343.lab,89,D:\20_AUDIO\03_wav\individual\2020\SDRW2000001100\SDRW2000001100.1.1.343.wav,True
2020,SDRW2000001100,SDRW2000001100.1.1.37,no_textgrid_after_beam10_retry40,D:\20_AUDIO\03_wav\individual\2020\SDRW2000001100\SDRW2000001100.1.1.37.lab,120,D:\20_AUDIO\03_wav\individual\2020\SDRW2000001100\SDRW2000001100.1.1.37.wav,True
2020,SDRW2000001100,SDRW2000001100.1.1.42,no_textgrid_after_beam10_retry40,D:\20_AUDIO\03_wav\individual\2020\SDRW2000001100\SDRW2000001100.1.1.42.lab,39,D:\20_AUDIO\03_wav\individual\2020\SDRW2000001100\SDRW2000001100.1.1.42.wav,True
2020,SDRW2000001100,SDRW2000001100.1.1.43,no_textgrid_after_beam10_retry40,D:\20_AUDIO\03_wav\individual\2020\SDRW2000001100\SDRW2000001100.1.1.43.lab,115,D:\20_AUDIO\03_wav\individual\2020\SDRW2000001100\SDRW2000001100.1.1.43.wav,True
2020,SDRW2000001100,SDRW2000001100.1.1.46,no_textgrid_after_beam10_retry40,D:\20_AUDIO\03_wav\individual\2020\SDRW2000001100\SDRW2000001100.1.1.46.lab,46,D:\20_AUDIO\03_wav\individual\2020\SDRW2000001100\SDRW2000001100.1.1.46.wav,True
2020,SDRW2000001100,SDRW2000001100.1.1.50,no_textgrid_after_beam10_retry40,D:\20_AUDIO\03_wav\individual\2020\SDRW2000001100\SDRW2000001100.1.1.50.lab,59,D:\20_AUDIO\03_wav\individual\2020\SDRW2000001100\SDRW2000001100.1.1.50.wav,True
2020,SDRW2000001100,SDRW2000001100.1.1.54,no_textgrid_after_beam10_retry40,D:\20_AUDIO\03_wav\individual\2020\SDRW2000001100\SDRW2000001100.1.1.54.lab,28,D:\20_AUDIO\03_wav\individual\2020\SDRW2000001100\SDRW2000001100.1.1.54.wav,True
2020,SDRW2000001100,SDRW2000001100.1.1.62,no_textgrid_after_beam10_retry40,D:\20_AUDIO\03_wav\individual\2020\SDRW2000001100\SDRW2000001100.1.1.62.lab,112,D:\20_AUDIO\03_wav\individual\2020\SDRW2000001100\SDRW2000001100.1.1.62.wav,True
2020,SDRW2000001100,SDRW2000001100.1.1.64,no_textgrid_after_beam10_retry40,D:\20_AUDIO\03_wav\individual\2020\SDRW2000001100\SDRW2000001100.1.1.64.lab,94,D:\20_AUDIO\03_wav\individual\2020\SDRW2000001100\SDRW2000001100.1.1.64.wav,True
2020,SDRW2000001100,SDRW2000001100.1.1.66,no_textgrid_after_beam10_retry40,D:\20_AUDIO\03_wav\individual\2020\SDRW2000001100\SDRW2000001100.1.1.66.lab,46,D:\20_AUDIO\03_wav\individual\2020\SDRW2000001100\SDRW2000001100.1.1.66.wav,True
2020,SDRW2000001100,SDRW2000001100.1.1.68,no_textgrid_after_beam10_retry40,D:\20_AUDIO\03_wav\individual\2020\SDRW2000001100\SDRW2000001100.1.1.68.lab,54,D:\20_AUDIO\03_wav\individual\2020\SDRW2000001100\SDRW2000001100.1.1.68.wav,True
2020,SDRW2000001100,SDRW2000001100.1.1.74,no_textgrid_after_beam10_retry40,D:\20_AUDIO\03_wav\individual\2020\SDRW2000001100\SDRW2000001100.1.1.74.lab,47,D:\20_AUDIO\03_wav\individual\2020\SDRW2000001100\SDRW2000001100.1.1.74.wav,True
2020,SDRW2000001100,SDRW2000001100.1.1.80,no_textgrid_after_beam10_retry40,D:\20_AUDIO\03_wav\individual\2020\SDRW2000001100\SDRW2000001100.1.1.80.lab,60,D:\20_AUDIO\03_wav\individual\2020\SDRW2000001100\SDRW2000001100.1.1.80.wav,True
2020,SDRW2000001100,SDRW2000001100.1.1.83,no_textgrid_after_beam10_retry40,D:\20_AUDIO\03_wav\individual\2020\SDRW2000001100\SDRW2000001100.1.1.83.lab,56,D:\20_AUDIO\03_wav\individual\2020\SDRW2000001100\SDRW2000001100.1.1.83.wav,True
2020,SDRW2000001100,SDRW2000001100.1.1.90,no_textgrid_after_beam10_retry40,D:\20_AUDIO\03_wav\individual\2020\SDRW2000001100\SDRW2000001100.1.1.90.lab,42,D:\20_AUDIO\03_wav\individual\2020\SDRW2000001100\SDRW2000001100.1.1.90.wav,True
2020,SDRW2000001100,SDRW2000001100.1.1.91,no_textgrid_after_beam10_retry40,D:\20_AUDIO\03_wav\individual\2020\SDRW2000001100\SDRW2000001100.1.1.91.lab,67,D:\20_AUDIO\03_wav\individual\2020\SDRW2000001100\SDRW2000001100.1.1.91.wav,True
2020,SDRW2000001100,SDRW2000001100.1.1.92,no_textgrid_after_beam10_retry40,D:\20_AUDIO\03_wav\individual\2020\SDRW2000001100\SDRW2000001100.1.1.92.lab,65,D:\20_AUDIO\03_wav\individual\2020\SDRW2000001100\SDRW2000001100.1.1.92.wav,True
2020,SDRW2000001105,SDRW2000001105.1.1.100,no_textgrid_after_beam10_retry40,D:\20_AUDIO\03_wav\individual\2020\SDRW2000001105\SDRW2000001105.1.1.100.lab,60,D:\20_AUDIO\03_wav\individual\2020\SDRW2000001105\SDRW2000001105.1.1.100.wav,True
2020,SDRW2000001105,SDRW2000001105.1.1.102,no_textgrid_after_beam10_retry40,D:\20_AUDIO\03_wav\individual\2020\SDRW2000001105\SDRW2000001105.1.1.102.lab,35,D:\20_AUDIO\03_wav\individual\2020\SDRW2000001105\SDRW2000001105.1.1.102.wav,True
2020,SDRW2000001105,SDRW2000001105.1.1.104,no_textgrid_after_beam10_retry40,D:\20_AUDIO\03_wav\individual\2020\SDRW2000001105\SDRW2000001105.1.1.104.lab,54,D:\20_AUDIO\03_wav\individual\2020\SDRW2000001105\SDRW2000001105.1.1.104.wav,True
2020,SDRW2000001105,SDRW2000001105.1.1.109,no_textgrid_after_beam10_retry40,D:\20_AUDIO\03_wav\individual\2020\SDRW2000001105\SDRW2000001105.1.1.109.lab,38,D:\20_AUDIO\03_wav\individual\2020\SDRW2000001105\SDRW2000001105.1.1.109.wav,True
2020,SDRW2000001105,SDRW2000001105.1.1.113,no_textgrid_after_beam10_retry40,D:\20_AUDIO\03_wav\individual\2020\SDRW2000001105\SDRW2000001105.1.1.113.lab,35,D:\20_AUDIO\03_wav\individual\2020\SDRW2000001105\SDRW2000001105.1.1.113.wav,True
2020,SDRW2000001105,SDRW2000001105.1.1.119,no_textgrid_after_beam10_retry40,D:\20_AUDIO\03_wav\individual\2020\SDRW2000001105\SDRW2000001105.1.1.119.lab,48,D:\20_AUDIO\03_wav\individual\2020\SDRW2000001105\SDRW2000001105.1.1.119.wav,True
2020,SDRW2000001105,SDRW2000001105.1.1.144,no_textgrid_after_beam10_retry40,D:\20_AUDIO\03_wav\individual\2020\SDRW2000001105\SDRW2000001105.1.1.144.lab,43,D:\20_AUDIO\03_wav\individual\2020\SDRW2000001105\SDRW2000001105.1.1.144.wav,True
2020,SDRW2000001105,SDRW2000001105.1.1.156,no_textgrid_after_beam10_retry40,D:\20_AUDIO\03_wav\individual\2020\SDRW2000001105\SDRW2000001105.1.1.156.lab,40,D:\20_AUDIO\03_wav\individual\2020\SDRW2000001105\SDRW2000001105.1.1.156.wav,True
2020,SDRW2000001105,SDRW2000001105.1.1.164,no_textgrid_after_beam10_retry40,D:\20_AUDIO\03_wav\individual\2020\SDRW2000001105\SDRW2000001105.1.1.164.lab,63,D:\20_AUDIO\03_wav\individual\2020\SDRW2000001105\SDRW2000001105.1.1.164.wav,True
2020,SDRW2000001105,SDRW2000001105.1.1.165,no_textgrid_after_beam10_retry40,D:\20_AUDIO\03_wav\individual\2020\SDRW2000001105\SDRW2000001105.1.1.165.lab,36,D:\20_AUDIO\03_wav\individual\2020\SDRW2000001105\SDRW2000001105.1.1.165.wav,True
2020,SDRW2000001105,SDRW2000001105.1.1.174,no_textgrid_after_beam10_retry40,D:\20_AUDIO\03_wav\individual\2020\SDRW2000001105\SDRW2000001105.1.1.174.lab,39,D:\20_AUDIO\03_wav\individual\2020\SDRW2000001105\SDRW2000001105.1.1.174.wav,True
2020,SDRW2000001105,SDRW2000001105.1.1.182,no_textgrid_after_beam10_retry40,D:\20_AUDIO\03_wav\individual\2020\SDRW2000001105\SDRW2000001105.1.1.182.lab,26,D:\20_AUDIO\03_wav\individual\2020\SDRW2000001105\SDRW2000001105.1.1.182.wav,True
2020,SDRW2000001105,SDRW2000001105.1.1.194,no_textgrid_after_beam10_retry40,D:\20_AUDIO\03_wav\individual\2020\SDRW2000001105\SDRW2000001105.1.1.194.lab,71,D:\20_AUDIO\03_wav\individual\2020\SDRW2000001105\SDRW2000001105.1.1.194.wav,True
2020,SDRW2000001105,SDRW2000001105.1.1.203,no_textgrid_after_beam10_retry40,D:\20_AUDIO\03_wav\individual\2020\SDRW2000001105\SDRW2000001105.1.1.203.lab,54,D:\20_AUDIO\03_wav\individual\2020\SDRW2000001105\SDRW2000001105.1.1.203.wav,True
2020,SDRW2000001105,SDRW2000001105.1.1.210,no_textgrid_after_beam10_retry40,D:\20_AUDIO\03_wav\individual\2020\SDRW2000001105\SDRW2000001105.1.1.210.lab,80,D:\20_AUDIO\03_wav\individual\2020\SDRW2000001105\SDRW2000001105.1.1.210.wav,True
2020,SDRW2000001105,SDRW2000001105.1.1.212,no_textgrid_after_beam10_retry40,D:\20_AUDIO\03_wav\individual\2020\SDRW2000001105\SDRW2000001105.1.1.212.lab,51,D:\20_AUDIO\03_wav\individual\2020\SDRW2000001105\SDRW2000001105.1.1.212.wav,True
2020,SDRW2000001105,SDRW2000001105.1.1.213,no_textgrid_after_beam10_retry40,D:\20_AUDIO\03_wav\individual\2020\SDRW2000001105\SDRW2000001105.1.1.213.lab,48,D:\20_AUDIO\03_wav\individual\2020\SDRW2000001105\SDRW2000001105.1.1.213.wav,True
2020,SDRW2000001105,SDRW2000001105.1.1.226,no_textgrid_after_beam10_retry40,D:\20_AUDIO\03_wav\individual\2020\SDRW2000001105\SDRW2000001105.1.1.226.lab,112,D:\20_AUDIO\03_wav\individual\2020\SDRW2000001105\SDRW2000001105.1.1.226.wav,True
2020,SDRW2000001105,SDRW2000001105.1.1.231,no_textgrid_after_beam10_retry40,D:\20_AUDIO\03_wav\individual\2020\SDRW2000001105\SDRW2000001105.1.1.231.lab,61,D:\20_AUDIO\03_wav\individual\2020\SDRW2000001105\SDRW2000001105.1.1.231.wav,True
2020,SDRW2000001105,SDRW2000001105.1.1.232,no_textgrid_after_beam10_retry40,D:\20_AUDIO\03_wav\individual\2020\SDRW2000001105\SDRW2000001105.1.1.232.lab,30,D:\20_AUDIO\03_wav\individual\2020\SDRW2000001105\SDRW2000001105.1.1.232.wav,True
2020,SDRW2000001105,SDRW2000001105.1.1.239,no_textgrid_after_beam10_retry40,D:\20_AUDIO\03_wav\individual\2020\SDRW2000001105\SDRW2000001105.1.1.239.lab,56,D:\20_AUDIO\03_wav\individual\2020\SDRW2000001105\SDRW2000001105.1.1.239.wav,True
2020,SDRW2000001105,SDRW2000001105.1.1.243,no_textgrid_after_beam10_retry40,D:\20_AUDIO\03_wav\individual\2020\SDRW2000001105\SDRW2000001105.1.1.243.lab,39,D:\20_AUDIO\03_wav\individual\2020\SDRW2000001105\SDRW2000001105.1.1.243.wav,True
2020,SDRW2000001105,SDRW2000001105.1.1.244,no_textgrid_after_beam10_retry40,D:\20_AUDIO\03_wav\individual\2020\SDRW2000001105\SDRW2000001105.1.1.244.lab,59,D:\20_AUDIO\03_wav\individual\2020\SDRW2000001105\SDRW2000001105.1.1.244.wav,True
2020,SDRW2000001105,SDRW2000001105.1.1.245,no_textgrid_after_beam10_retry40,D:\20_AUDIO\03_wav\individual\2020\SDRW2000001105\SDRW2000001105.1.1.245.lab,37,D:\20_AUDIO\03_wav\individual\2020\SDRW2000001105\SDRW2000001105.1.1.245.wav,True
2020,SDRW2000001105,SDRW2000001105.1.1.247,no_textgrid_after_beam10_retry40,D:\20_AUDIO\03_wav\individual\2020\SDRW2000001105\SDRW2000001105.1.1.247.lab,37,D:\20_AUDIO\03_wav\individual\2020\SDRW2000001105\SDRW2000001105.1.1.247.wav,True
2020,SDRW2000001105,SDRW2000001105.1.1.249,no_textgrid_after_beam10_retry40,D:\20_AUDIO\03_wav\individual\2020\SDRW2000001105\SDRW2000001105.1.1.249.lab,26,D:\20_AUDIO\03_wav\individual\2020\SDRW2000001105\SDRW2000001105.1.1.249.wav,True
2020,SDRW2000001105,SDRW2000001105.1.1.30,no_textgrid_after_beam10_retry40,D:\20_AUDIO\03_wav\individual\2020\SDRW2000001105\SDRW2000001105.1.1.30.lab,33,D:\20_AUDIO\03_wav\individual\2020\SDRW2000001105\SDRW2000001105.1.1.30.wav,True
2020,SDRW2000001105,SDRW2000001105.1.1.32,no_textgrid_after_beam10_retry40,D:\20_AUDIO\03_wav\individual\2020\SDRW2000001105\SDRW2000001105.1.1.32.lab,49,D:\20_AUDIO\03_wav\individual\2020\SDRW2000001105\SDRW2000001105.1.1.32.wav,True
2020,SDRW2000001105,SDRW2000001105.1.1.40,no_textgrid_after_beam10_retry40,D:\20_AUDIO\03_wav\individual\2020\SDRW2000001105\SDRW2000001105.1.1.40.lab,50,D:\20_AUDIO\03_wav\individual\2020\SDRW2000001105\SDRW2000001105.1.1.40.wav,True
2020,SDRW2000001105,SDRW2000001105.1.1.48,no_textgrid_after_beam10_retry40,D:\20_AUDIO\03_wav\individual\2020\SDRW2000001105\SDRW2000001105.1.1.48.lab,45,D:\20_AUDIO\03_wav\individual\2020\SDRW2000001105\SDRW2000001105.1.1.48.wav,True
2020,SDRW2000001105,SDRW2000001105.1.1.52,no_textgrid_after_beam10_retry40,D:\20_AUDIO\03_wav\individual\2020\SDRW2000001105\SDRW2000001105.1.1.52.lab,39,D:\20_AUDIO\03_wav\individual\2020\SDRW2000001105\SDRW2000001105.1.1.52.wav,True
2020,SDRW2000001105,SDRW2000001105.1.1.54,no_textgrid_after_beam10_retry40,D:\20_AUDIO\03_wav\individual\2020\SDRW2000001105\SDRW2000001105.1.1.54.lab,28,D:\20_AUDIO\03_wav\individual\2020\SDRW2000001105\SDRW2000001105.1.1.54.wav,True
2020,SDRW2000001105,SDRW2000001105.1.1.57,no_textgrid_after_beam10_retry40,D:\20_AUDIO\03_wav\individual\2020\SDRW2000001105\SDRW2000001105.1.1.57.lab,38,D:\20_AUDIO\03_wav\individual\2020\SDRW2000001105\SDRW2000001105.1.1.57.wav,True
2020,SDRW2000001105,SDRW2000001105.1.1.60,no_textgrid_after_beam10_retry40,D:\20_AUDIO\03_wav\individual\2020\SDRW2000001105\SDRW2000001105.1.1.60.lab,37,D:\20_AUDIO\03_wav\individual\2020\SDRW2000001105\SDRW2000001105.1.1.60.wav,True
2020,SDRW2000001105,SDRW2000001105.1.1.63,no_textgrid_after_beam10_retry40,D:\20_AUDIO\03_wav\individual\2020\SDRW2000001105\SDRW2000001105.1.1.63.lab,60,D:\20_AUDIO\03_wav\individual\2020\SDRW2000001105\SDRW2000001105.1.1.63.wav,True
2020,SDRW2000001105,SDRW2000001105.1.1.66,no_textgrid_after_beam10_retry40,D:\20_AUDIO\03_wav\individual\2020\SDRW2000001105\SDRW2000001105.1.1.66.lab,58,D:\20_AUDIO\03_wav\individual\2020\SDRW2000001105\SDRW2000001105.1.1.66.wav,True
2020,SDRW2000001105,SDRW2000001105.1.1.67,no_textgrid_after_beam10_retry40,D:\20_AUDIO\03_wav\individual\2020\SDRW2000001105\SDRW2000001105.1.1.67.lab,43,D:\20_AUDIO\03_wav\individual\2020\SDRW2000001105\SDRW2000001105.1.1.67.wav,True
2020,SDRW2000001105,SDRW2000001105.1.1.71,no_textgrid_after_beam10_retry40,D:\20_AUDIO\03_wav\individual\2020\SDRW2000001105\SDRW2000001105.1.1.71.lab,95,D:\20_AUDIO\03_wav\individual\2020\SDRW2000001105\SDRW2000001105.1.1.71.wav,True
2020,SDRW2000001105,SDRW2000001105.1.1.73,no_textgrid_after_beam10_retry40,D:\20_AUDIO\03_wav\individual\2020\SDRW2000001105\SDRW2000001105.1.1.73.lab,64,D:\20_AUDIO\03_wav\individual\2020\SDRW2000001105\SDRW2000001105.1.1.73.wav,True
2020,SDRW2000001105,SDRW2000001105.1.1.74,no_textgrid_after_beam10_retry40,D:\20_AUDIO\03_wav\individual\2020\SDRW2000001105\SDRW2000001105.1.1.74.lab,45,D:\20_AUDIO\03_wav\individual\2020\SDRW2000001105\SDRW2000001105.1.1.74.wav,True
2020,SDRW2000001105,SDRW2000001105.1.1.76,no_textgrid_after_beam10_retry40,D:\20_AUDIO\03_wav\individual\2020\SDRW2000001105\SDRW2000001105.1.1.76.lab,37,D:\20_AUDIO\03_wav\individual\2020\SDRW2000001105\SDRW2000001105.1.1.76.wav,True
2020,SDRW2000001105,SDRW2000001105.1.1.99,no_textgrid_after_beam10_retry40,D:\20_AUDIO\03_wav\individual\2020\SDRW2000001105\SDRW2000001105.1.1.99.lab,40,D:\20_AUDIO\03_wav\individual\2020\SDRW2000001105\SDRW2000001105.1.1.99.wav,True
2020,SDRW2000001108,SDRW2000001108.1.1.212,no_textgrid_after_beam10_retry40,D:\20_AUDIO\03_wav\individual\2020\SDRW2000001108\SDRW2000001108.1.1.212.lab,50,D:\20_AUDIO\03_wav\individual\2020\SDRW2000001108\SDRW2000001108.1.1.212.wav,True
2020,SDRW2000001108,SDRW2000001108.1.1.224,no_textgrid_after_beam10_retry40,D:\20_AUDIO\03_wav\individual\2020\SDRW2000001108\SDRW2000001108.1.1.224.lab,84,D:\20_AUDIO\03_wav\individual\2020\SDRW2000001108\SDRW2000001108.1.1.224.wav,True
2020,SDRW2000001108,SDRW2000001108.1.1.225,no_textgrid_after_beam10_retry40,D:\20_AUDIO\03_wav\individual\2020\SDRW2000001108\SDRW2000001108.1.1.225.lab,54,D:\20_AUDIO\03_wav\individual\2020\SDRW2000001108\SDRW2000001108.1.1.225.wav,True
2020,SDRW2000001108,SDRW2000001108.1.1.229,no_textgrid_after_beam10_retry40,D:\20_AUDIO\03_wav\individual\2020\SDRW2000001108\SDRW2000001108.1.1.229.lab,51,D:\20_AUDIO\03_wav\individual\2020\SDRW2000001108\SDRW2000001108.1.1.229.wav,True
2020,SDRW2000001108,SDRW2000001108.1.1.232,no_textgrid_after_beam10_retry40,D:\20_AUDIO\03_wav\individual\2020\SDRW2000001108\SDRW2000001108.1.1.232.lab,33,D:\20_AUDIO\03_wav\individual\2020\SDRW2000001108\SDRW2000001108.1.1.232.wav,True
2020,SDRW2000001108,SDRW2000001108.1.1.238,no_textgrid_after_beam10_retry40,D:\20_AUDIO\03_wav\individual\2020\SDRW2000001108\SDRW2000001108.1.1.238.lab,105,D:\20_AUDIO\03_wav\individual\2020\SDRW2000001108\SDRW2000001108.1.1.238.wav,True
2020,SDRW2000001108,SDRW2000001108.1.1.241,no_textgrid_after_beam10_retry40,D:\20_AUDIO\03_wav\individual\2020\SDRW2000001108\SDRW2000001108.1.1.241.lab,81,D:\20_AUDIO\03_wav\individual\2020\SDRW2000001108\SDRW2000001108.1.1.241.wav,True
2020,SDRW2000001108,SDRW2000001108.1.1.244,no_textgrid_after_beam10_retry40,D:\20_AUDIO\03_wav\individual\2020\SDRW2000001108\SDRW2000001108.1.1.244.lab,36,D:\20_AUDIO\03_wav\individual\2020\SDRW2000001108\SDRW2000001108.1.1.244.wav,True
2020,SDRW2000001108,SDRW2000001108.1.1.248,no_textgrid_after_beam10_retry40,D:\20_AUDIO\03_wav\individual\2020\SDRW2000001108\SDRW2000001108.1.1.248.lab,42,D:\20_AUDIO\03_wav\individual\2020\SDRW2000001108\SDRW2000001108.1.1.248.wav,True
2020,SDRW2000001108,SDRW2000001108.1.1.255,no_textgrid_after_beam10_retry40,D:\20_AUDIO\03_wav\individual\2020\SDRW2000001108\SDRW2000001108.1.1.255.lab,44,D:\20_AUDIO\03_wav\individual\2020\SDRW2000001108\SDRW2000001108.1.1.255.wav,True
2020,SDRW2000001108,SDRW2000001108.1.1.257,no_textgrid_after_beam10_retry40,D:\20_AUDIO\03_wav\individual\2020\SDRW2000001108\SDRW2000001108.1.1.257.lab,52,D:\20_AUDIO\03_wav\individual\2020\SDRW2000001108\SDRW2000001108.1.1.257.wav,True
2020,SDRW2000001108,SDRW2000001108.1.1.258,no_textgrid_after_beam10_retry40,D:\20_AUDIO\03_wav\individual\2020\SDRW2000001108\SDRW2000001108.1.1.258.lab,25,D:\20_AUDIO\03_wav\individual\2020\SDRW2000001108\SDRW2000001108.1.1.258.wav,True
2020,SDRW2000001108,SDRW2000001108.1.1.266,no_textgrid_after_beam10_retry40,D:\20_AUDIO\03_wav\individual\2020\SDRW2000001108\SDRW2000001108.1.1.266.lab,39,D:\20_AUDIO\03_wav\individual\2020\SDRW2000001108\SDRW2000001108.1.1.266.wav,True
2020,SDRW2000001108,SDRW2000001108.1.1.270,no_textgrid_after_beam10_retry40,D:\20_AUDIO\03_wav\individual\2020\SDRW2000001108\SDRW2000001108.1.1.270.lab,39,D:\20_AUDIO\03_wav\individual\2020\SDRW2000001108\SDRW2000001108.1.1.270.wav,True
2020,SDRW2000001112,SDRW2000001112.1.1.101,no_textgrid_after_beam10_retry40,D:\20_AUDIO\03_wav\individual\2020\SDRW2000001112\SDRW2000001112.1.1.101.lab,47,D:\20_AUDIO\03_wav\individual\2020\SDRW2000001112\SDRW2000001112.1.1.101.wav,True
2020,SDRW2000001112,SDRW2000001112.1.1.102,no_textgrid_after_beam10_retry40,D:\20_AUDIO\03_wav\individual\2020\SDRW2000001112\SDRW2000001112.1.1.102.lab,67,D:\20_AUDIO\03_wav\individual\2020\SDRW2000001112\SDRW2000001112.1.1.102.wav,True
2020,SDRW2000001112,SDRW2000001112.1.1.106,no_textgrid_after_beam10_retry40,D:\20_AUDIO\03_wav\individual\2020\SDRW2000001112\SDRW2000001112.1.1.106.lab,37,D:\20_AUDIO\03_wav\individual\2020\SDRW2000001112\SDRW2000001112.1.1.106.wav,True
2020,SDRW2000001112,SDRW2000001112.1.1.117,no_textgrid_after_beam10_retry40,D:\20_AUDIO\03_wav\individual\2020\SDRW2000001112\SDRW2000001112.1.1.117.lab,86,D:\20_AUDIO\03_wav\individual\2020\SDRW2000001112\SDRW2000001112.1.1.117.wav,True
2020,SDRW2000001112,SDRW2000001112.1.1.119,no_textgrid_after_beam10_retry40,D:\20_AUDIO\03_wav\individual\2020\SDRW2000001112\SDRW2000001112.1.1.119.lab,70,D:\20_AUDIO\03_wav\individual\2020\SDRW2000001112\SDRW2000001112.1.1.119.wav,True
2020,SDRW2000001112,SDRW2000001112.1.1.122,no_textgrid_after_beam10_retry40,D:\20_AUDIO\03_wav\individual\2020\SDRW2000001112\SDRW2000001112.1.1.122.lab,39,D:\20_AUDIO\03_wav\individual\2020\SDRW2000001112\SDRW2000001112.1.1.122.wav,True
2020,SDRW2000001112,SDRW2000001112.1.1.123,no_textgrid_after_beam10_retry40,D:\20_AUDIO\03_wav\individual\2020\SDRW2000001112\SDRW2000001112.1.1.123.lab,86,D:\20_AUDIO\03_wav\individual\2020\SDRW2000001112\SDRW2000001112.1.1.123.wav,True
2020,SDRW2000001112,SDRW2000001112.1.1.126,no_textgrid_after_beam10_retry40,D:\20_AUDIO\03_wav\individual\2020\SDRW2000001112\SDRW2000001112.1.1.126.lab,67,D:\20_AUDIO\03_wav\individual\2020\SDRW2000001112\SDRW2000001112.1.1.126.wav,True
2020,SDRW2000001112,SDRW2000001112.1.1.128,no_textgrid_after_beam10_retry40,D:\20_AUDIO\03_wav\individual\2020\SDRW2000001112\SDRW2000001112.1.1.128.lab,69,D:\20_AUDIO\03_wav\individual\2020\SDRW2000001112\SDRW2000001112.1.1.128.wav,True
2020,SDRW2000001112,SDRW2000001112.1.1.131,no_textgrid_after_beam10_retry40,D:\20_AUDIO\03_wav\individual\2020\SDRW2000001112\SDRW2000001112.1.1.131.lab,92,D:\20_AUDIO\03_wav\individual\2020\SDRW2000001112\SDRW2000001112.1.1.131.wav,True
2020,SDRW2000001112,SDRW2000001112.1.1.134,no_textgrid_after_beam10_retry40,D:\20_AUDIO\03_wav\individual\2020\SDRW2000001112\SDRW2000001112.1.1.134.lab,79,D:\20_AUDIO\03_wav\individual\2020\SDRW2000001112\SDRW2000001112.1.1.134.wav,True
2020,SDRW2000001112,SDRW2000001112.1.1.151,no_textgrid_after_beam10_retry40,D:\20_AUDIO\03_wav\individual\2020\SDRW2000001112\SDRW2000001112.1.1.151.lab,40,D:\20_AUDIO\03_wav\individual\2020\SDRW2000001112\SDRW2000001112.1.1.151.wav,True
2020,SDRW2000001112,SDRW2000001112.1.1.162,no_textgrid_after_beam10_retry40,D:\20_AUDIO\03_wav\individual\2020\SDRW2000001112\SDRW2000001112.1.1.162.lab,59,D:\20_AUDIO\03_wav\individual\2020\SDRW2000001112\SDRW2000001112.1.1.162.wav,True
2020,SDRW2000001112,SDRW2000001112.1.1.171,no_textgrid_after_beam10_retry40,D:\20_AUDIO\03_wav\individual\2020\SDRW2000001112\SDRW2000001112.1.1.171.lab,56,D:\20_AUDIO\03_wav\individual\2020\SDRW2000001112\SDRW2000001112.1.1.171.wav,True
2020,SDRW2000001112,SDRW2000001112.1.1.174,no_textgrid_after_beam10_retry40,D:\20_AUDIO\03_wav\individual\2020\SDRW2000001112\SDRW2000001112.1.1.174.lab,72,D:\20_AUDIO\03_wav\individual\2020\SDRW2000001112\SDRW2000001112.1.1.174.wav,True
2020,SDRW2000001112,SDRW2000001112.1.1.176,no_textgrid_after_beam10_retry40,D:\20_AUDIO\03_wav\individual\2020\SDRW2000001112\SDRW2000001112.1.1.176.lab,44,D:\20_AUDIO\03_wav\individual\2020\SDRW2000001112\SDRW2000001112.1.1.176.wav,True
2020,SDRW2000001112,SDRW2000001112.1.1.179,no_textgrid_after_beam10_retry40,D:\20_AUDIO\03_wav\individual\2020\SDRW2000001112\SDRW2000001112.1.1.179.lab,52,D:\20_AUDIO\03_wav\individual\2020\SDRW2000001112\SDRW2000001112.1.1.179.wav,True
2020,SDRW2000001112,SDRW2000001112.1.1.182,no_textgrid_after_beam10_retry40,D:\20_AUDIO\03_wav\individual\2020\SDRW2000001112\SDRW2000001112.1.1.182.lab,57,D:\20_AUDIO\03_wav\individual\2020\SDRW2000001112\SDRW2000001112.1.1.182.wav,True
2020,SDRW2000001112,SDRW2000001112.1.1.186,no_textgrid_after_beam10_retry40,D:\20_AUDIO\03_wav\individual\2020\SDRW2000001112\SDRW2000001112.1.1.186.lab,80,D:\20_AUDIO\03_wav\individual\2020\SDRW2000001112\SDRW2000001112.1.1.186.wav,True
2020,SDRW2000001112,SDRW2000001112.1.1.189,no_textgrid_after_beam10_retry40,D:\20_AUDIO\03_wav\individual\2020\SDRW2000001112\SDRW2000001112.1.1.189.lab,45,D:\20_AUDIO\03_wav\individual\2020\SDRW2000001112\SDRW2000001112.1.1.189.wav,True
2020,SDRW2000001112,SDRW2000001112.1.1.192,no_textgrid_after_beam10_retry40,D:\20_AUDIO\03_wav\individual\2020\SDRW2000001112\SDRW2000001112.1.1.192.lab,65,D:\20_AUDIO\03_wav\individual\2020\SDRW2000001112\SDRW2000001112.1.1.192.wav,True
2020,SDRW2000001112,SDRW2000001112.1.1.195,no_textgrid_after_beam10_retry40,D:\20_AUDIO\03_wav\individual\2020\SDRW2000001112\SDRW2000001112.1.1.195.lab,40,D:\20_AUDIO\03_wav\individual\2020\SDRW2000001112\SDRW2000001112.1.1.195.wav,True
2020,SDRW2000001112,SDRW2000001112.1.1.201,no_textgrid_after_beam10_retry40,D:\20_AUDIO\03_wav\individual\2020\SDRW2000001112\SDRW2000001112.1.1.201.lab,66,D:\20_AUDIO\03_wav\individual\2020\SDRW2000001112\SDRW2000001112.1.1.201.wav,True
2020,SDRW2000001112,SDRW2000001112.1.1.215,no_textgrid_after_beam10_retry40,D:\20_AUDIO\03_wav\individual\2020\SDRW2000001112\SDRW2000001112.1.1.215.lab,40,D:\20_AUDIO\03_wav\individual\2020\SDRW2000001112\SDRW2000001112.1.1.215.wav,True
2020,SDRW2000001112,SDRW2000001112.1.1.219,no_textgrid_after_beam10_retry40,D:\20_AUDIO\03_wav\individual\2020\SDRW2000001112\SDRW2000001112.1.1.219.lab,46,D:\20_AUDIO\03_wav\individual\2020\SDRW2000001112\SDRW2000001112.1.1.219.wav,True
2020,SDRW2000001112,SDRW2000001112.1.1.233,no_textgrid_after_beam10_retry40,D:\20_AUDIO\03_wav\individual\2020\SDRW2000001112\SDRW2000001112.1.1.233.lab,54,D:\20_AUDIO\03_wav\individual\2020\SDRW2000001112\SDRW2000001112.1.1.233.wav,True
2020,SDRW2000001112,SDRW2000001112.1.1.236,no_textgrid_after_beam10_retry40,D:\20_AUDIO\03_wav\individual\2020\SDRW2000001112\SDRW2000001112.1.1.236.lab,60,D:\20_AUDIO\03_wav\individual\2020\SDRW2000001112\SDRW2000001112.1.1.236.wav,True
2020,SDRW2000001112,SDRW2000001112.1.1.240,no_textgrid_after_beam10_retry40,D:\20_AUDIO\03_wav\individual\2020\SDRW2000001112\SDRW2000001112.1.1.240.lab,65,D:\20_AUDIO\03_wav\individual\2020\SDRW2000001112\SDRW2000001112.1.1.240.wav,True
2020,SDRW2000001112,SDRW2000001112.1.1.260,no_textgrid_after_beam10_retry40,D:\20_AUDIO\03_wav\individual\2020\SDRW2000001112\SDRW2000001112.1.1.260.lab,60,D:\20_AUDIO\03_wav\individual\2020\SDRW2000001112\SDRW2000001112.1.1.260.wav,True
2020,SDRW2000001112,SDRW2000001112.1.1.266,no_textgrid_after_beam10_retry40,D:\20_AUDIO\03_wav\individual\2020\SDRW2000001112\SDRW2000001112.1.1.266.lab,38,D:\20_AUDIO\03_wav\individual\2020\SDRW2000001112\SDRW2000001112.1.1.266.wav,True
2020,SDRW2000001112,SDRW2000001112.1.1.268,no_textgrid_after_beam10_retry40,D:\20_AUDIO\03_wav\individual\2020\SDRW2000001112\SDRW2000001112.1.1.268.lab,68,D:\20_AUDIO\03_wav\individual\2020\SDRW2000001112\SDRW2000001112.1.1.268.wav,True
2020,SDRW2000001112,SDRW2000001112.1.1.271,no_textgrid_after_beam10_retry40,D:\20_AUDIO\03_wav\individual\2020\SDRW2000001112\SDRW2000001112.1.1.271.lab,47,D:\20_AUDIO\03_wav\individual\2020\SDRW2000001112\SDRW2000001112.1.1.271.wav,True
2020,SDRW2000001112,SDRW2000001112.1.1.273,no_textgrid_after_beam10_retry40,D:\20_AUDIO\03_wav\individual\2020\SDRW2000001112\SDRW2000001112.1.1.273.lab,72,D:\20_AUDIO\03_wav\individual\2020\SDRW2000001112\SDRW2000001112.1.1.273.wav,True
2020,SDRW2000001112,SDRW2000001112.1.1.276,no_textgrid_after_beam10_retry40,D:\20_AUDIO\03_wav\individual\2020\SDRW2000001112\SDRW2000001112.1.1.276.lab,63,D:\20_AUDIO\03_wav\individual\2020\SDRW2000001112\SDRW2000001112.1.1.276.wav,True
2020,SDRW2000001112,SDRW2000001112.1.1.281,no_textgrid_after_beam10_retry40,D:\20_AUDIO\03_wav\individual\2020\SDRW2000001112\SDRW2000001112.1.1.281.lab,68,D:\20_AUDIO\03_wav\individual\2020\SDRW2000001112\SDRW2000001112.1.1.281.wav,True
2020,SDRW2000001112,SDRW2000001112.1.1.318,no_textgrid_after_beam10_retry40,D:\20_AUDIO\03_wav\individual\2020\SDRW2000001112\SDRW2000001112.1.1.318.lab,59,D:\20_AUDIO\03_wav\individual\2020\SDRW2000001112\SDRW2000001112.1.1.318.wav,True
2020,SDRW2000001112,SDRW2000001112.1.1.320,no_textgrid_after_beam10_retry40,D:\20_AUDIO\03_wav\individual\2020\SDRW2000001112\SDRW2000001112.1.1.320.lab,74,D:\20_AUDIO\03_wav\individual\2020\SDRW2000001112\SDRW2000001112.1.1.320.wav,True
2020,SDRW2000001112,SDRW2000001112.1.1.323,no_textgrid_after_beam10_retry40,D:\20_AUDIO\03_wav\individual\2020\SDRW2000001112\SDRW2000001112.1.1.323.lab,37,D:\20_AUDIO\03_wav\individual\2020\SDRW2000001112\SDRW2000001112.1.1.323.wav,True
2020,SDRW2000001112,SDRW2000001112.1.1.325,no_textgrid_after_beam10_retry40,D:\20_AUDIO\03_wav\individual\2020\SDRW2000001112\SDRW2000001112.1.1.325.lab,65,D:\20_AUDIO\03_wav\individual\2020\SDRW2000001112\SDRW2000001112.1.1.325.wav,True
2020,SDRW2000001112,SDRW2000001112.1.1.330,no_textgrid_after_beam10_retry40,D:\20_AUDIO\03_wav\individual\2020\SDRW2000001112\SDRW2000001112.1.1.330.lab,47,D:\20_AUDIO\03_wav\individual\2020\SDRW2000001112\SDRW2000001112.1.1.330.wav,True
2020,SDRW2000001112,SDRW2000001112.1.1.333,no_textgrid_after_beam10_retry40,D:\20_AUDIO\03_wav\individual\2020\SDRW2000001112\SDRW2000001112.1.1.333.lab,118,D:\20_AUDIO\03_wav\individual\2020\SDRW2000001112\SDRW2000001112.1.1.333.wav,True
2020,SDRW2000001112,SDRW2000001112.1.1.337,no_textgrid_after_beam10_retry40,D:\20_AUDIO\03_wav\individual\2020\SDRW2000001112\SDRW2000001112.1.1.337.lab,73,D:\20_AUDIO\03_wav\individual\2020\SDRW2000001112\SDRW2000001112.1.1.337.wav,True
2020,SDRW2000001112,SDRW2000001112.1.1.340,no_textgrid_after_beam10_retry40,D:\20_AUDIO\03_wav\individual\2020\SDRW2000001112\SDRW2000001112.1.1.340.lab,34,D:\20_AUDIO\03_wav\individual\2020\SDRW2000001112\SDRW2000001112.1.1.340.wav,True
2020,SDRW2000001112,SDRW2000001112.1.1.346,no_textgrid_after_beam10_retry40,D:\20_AUDIO\03_wav\individual\2020\SDRW2000001112\SDRW2000001112.1.1.346.lab,71,D:\20_AUDIO\03_wav\individual\2020\SDRW2000001112\SDRW2000001112.1.1.346.wav,True
2020,SDRW2000001112,SDRW2000001112.1.1.352,no_textgrid_after_beam10_retry40,D:\20_AUDIO\03_wav\individual\2020\SDRW2000001112\SDRW2000001112.1.1.352.lab,39,D:\20_AUDIO\03_wav\individual\2020\SDRW2000001112\SDRW2000001112.1.1.352.wav,True
2020,SDRW2000001112,SDRW2000001112.1.1.358,no_textgrid_after_beam10_retry40,D:\20_AUDIO\03_wav\individual\2020\SDRW2000001112\SDRW2000001112.1.1.358.lab,64,D:\20_AUDIO\03_wav\individual\2020\SDRW2000001112\SDRW2000001112.1.1.358.wav,True
2020,SDRW2000001112,SDRW2000001112.1.1.361,no_textgrid_after_beam10_retry40,D:\20_AUDIO\03_wav\individual\2020\SDRW2000001112\SDRW2000001112.1.1.361.lab,33,D:\20_AUDIO\03_wav\individual\2020\SDRW2000001112\SDRW2000001112.1.1.361.wav,True
2020,SDRW2000001112,SDRW2000001112.1.1.373,no_textgrid_after_beam10_retry40,D:\20_AUDIO\03_wav\individual\2020\SDRW2000001112\SDRW2000001112.1.1.373.lab,46,D:\20_AUDIO\03_wav\individual\2020\SDRW2000001112\SDRW2000001112.1.1.373.wav,True
2020,SDRW2000001112,SDRW2000001112.1.1.377,no_textgrid_after_beam10_retry40,D:\20_AUDIO\03_wav\individual\2020\SDRW2000001112\SDRW2000001112.1.1.377.lab,47,D:\20_AUDIO\03_wav\individual\2020\SDRW2000001112\SDRW2000001112.1.1.377.wav,True
2020,SDRW2000001112,SDRW2000001112.1.1.382,no_textgrid_after_beam10_retry40,D:\20_AUDIO\03_wav\individual\2020\SDRW2000001112\SDRW2000001112.1.1.382.lab,55,D:\20_AUDIO\03_wav\individual\2020\SDRW2000001112\SDRW2000001112.1.1.382.wav,True
2020,SDRW2000001112,SDRW2000001112.1.1.385,no_textgrid_after_beam10_retry40,D:\20_AUDIO\03_wav\individual\2020\SDRW2000001112\SDRW2000001112.1.1.385.lab,56,D:\20_AUDIO\03_wav\individual\2020\SDRW2000001112\SDRW2000001112.1.1.385.wav,True
2020,SDRW2000001112,SDRW2000001112.1.1.47,no_textgrid_after_beam10_retry40,D:\20_AUDIO\03_wav\individual\2020\SDRW2000001112\SDRW2000001112.1.1.47.lab,72,D:\20_AUDIO\03_wav\individual\2020\SDRW2000001112\SDRW2000001112.1.1.47.wav,True
2020,SDRW2000001112,SDRW2000001112.1.1.53,no_textgrid_after_beam10_retry40,D:\20_AUDIO\03_wav\individual\2020\SDRW2000001112\SDRW2000001112.1.1.53.lab,57,D:\20_AUDIO\03_wav\individual\2020\SDRW2000001112\SDRW2000001112.1.1.53.wav,True
2020,SDRW2000001112,SDRW2000001112.1.1.56,no_textgrid_after_beam10_retry40,D:\20_AUDIO\03_wav\individual\2020\SDRW2000001112\SDRW2000001112.1.1.56.lab,54,D:\20_AUDIO\03_wav\individual\2020\SDRW2000001112\SDRW2000001112.1.1.56.wav,True
2020,SDRW2000001112,SDRW2000001112.1.1.58,no_textgrid_after_beam10_retry40,D:\20_AUDIO\03_wav\individual\2020\SDRW2000001112\SDRW2000001112.1.1.58.lab,61,D:\20_AUDIO\03_wav\individual\2020\SDRW2000001112\SDRW2000001112.1.1.58.wav,True
2020,SDRW2000001112,SDRW2000001112.1.1.60,no_textgrid_after_beam10_retry40,D:\20_AUDIO\03_wav\individual\2020\SDRW2000001112\SDRW2000001112.1.1.60.lab,58,D:\20_AUDIO\03_wav\individual\2020\SDRW2000001112\SDRW2000001112.1.1.60.wav,True
2020,SDRW2000001112,SDRW2000001112.1.1.64,no_textgrid_after_beam10_retry40,D:\20_AUDIO\03_wav\individual\2020\SDRW2000001112\SDRW2000001112.1.1.64.lab,59,D:\20_AUDIO\03_wav\individual\2020\SDRW2000001112\SDRW2000001112.1.1.64.wav,True
2020,SDRW2000001112,SDRW2000001112.1.1.68,no_textgrid_after_beam10_retry40,D:\20_AUDIO\03_wav\individual\2020\SDRW2000001112\SDRW2000001112.1.1.68.lab,46,D:\20_AUDIO\03_wav\individual\2020\SDRW2000001112\SDRW2000001112.1.1.68.wav,True
2020,SDRW2000001112,SDRW2000001112.1.1.73,no_textgrid_after_beam10_retry40,D:\20_AUDIO\03_wav\individual\2020\SDRW2000001112\SDRW2000001112.1.1.73.lab,52,D:\20_AUDIO\03_wav\individual\2020\SDRW2000001112\SDRW2000001112.1.1.73.wav,True
2020,SDRW2000001112,SDRW2000001112.1.1.74,no_textgrid_after_beam10_retry40,D:\20_AUDIO\03_wav\individual\2020\SDRW2000001112\SDRW2000001112.1.1.74.lab,92,D:\20_AUDIO\03_wav\individual\2020\SDRW2000001112\SDRW2000001112.1.1.74.wav,True
2020,SDRW2000001112,SDRW2000001112.1.1.78,no_textgrid_after_beam10_retry40,D:\20_AUDIO\03_wav\individual\2020\SDRW2000001112\SDRW2000001112.1.1.78.lab,95,D:\20_AUDIO\03_wav\individual\2020\SDRW2000001112\SDRW2000001112.1.1.78.wav,True
2020,SDRW2000001112,SDRW2000001112.1.1.83,no_textgrid_after_beam10_retry40,D:\20_AUDIO\03_wav\individual\2020\SDRW2000001112\SDRW2000001112.1.1.83.lab,96,D:\20_AUDIO\03_wav\individual\2020\SDRW2000001112\SDRW2000001112.1.1.83.wav,True
2020,SDRW2000001112,SDRW2000001112.1.1.92,no_textgrid_after_beam10_retry40,D:\20_AUDIO\03_wav\individual\2020\SDRW2000001112\SDRW2000001112.1.1.92.lab,55,D:\20_AUDIO\03_wav\individual\2020\SDRW2000001112\SDRW2000001112.1.1.92.wav,True
2020,SDRW2000001112,SDRW2000001112.1.1.95,no_textgrid_after_beam10_retry40,D:\20_AUDIO\03_wav\individual\2020\SDRW2000001112\SDRW2000001112.1.1.95.lab,34,D:\20_AUDIO\03_wav\individual\2020\SDRW2000001112\SDRW2000001112.1.1.95.wav,True
2020,SDRW2000001113,SDRW2000001113.1.1.101,no_textgrid_after_beam10_retry40,D:\20_AUDIO\03_wav\individual\2020\SDRW2000001113\SDRW2000001113.1.1.101.lab,39,D:\20_AUDIO\03_wav\individual\2020\SDRW2000001113\SDRW2000001113.1.1.101.wav,True
2020,SDRW2000001113,SDRW2000001113.1.1.115,no_textgrid_after_beam10_retry40,D:\20_AUDIO\03_wav\individual\2020\SDRW2000001113\SDRW2000001113.1.1.115.lab,82,D:\20_AUDIO\03_wav\individual\2020\SDRW2000001113\SDRW2000001113.1.1.115.wav,True
2020,SDRW2000001113,SDRW2000001113.1.1.118,no_textgrid_after_beam10_retry40,D:\20_AUDIO\03_wav\individual\2020\SDRW2000001113\SDRW2000001113.1.1.118.lab,59,D:\20_AUDIO\03_wav\individual\2020\SDRW2000001113\SDRW2000001113.1.1.118.wav,True
2020,SDRW2000001113,SDRW2000001113.1.1.126,no_textgrid_after_beam10_retry40,D:\20_AUDIO\03_wav\individual\2020\SDRW2000001113\SDRW2000001113.1.1.126.lab,52,D:\20_AUDIO\03_wav\individual\2020\SDRW2000001113\SDRW2000001113.1.1.126.wav,True
2020,SDRW2000001113,SDRW2000001113.1.1.127,no_textgrid_after_beam10_retry40,D:\20_AUDIO\03_wav\individual\2020\SDRW2000001113\SDRW2000001113.1.1.127.lab,84,D:\20_AUDIO\03_wav\individual\2020\SDRW2000001113\SDRW2000001113.1.1.127.wav,True
2020,SDRW2000001113,SDRW2000001113.1.1.129,no_textgrid_after_beam10_retry40,D:\20_AUDIO\03_wav\individual\2020\SDRW2000001113\SDRW2000001113.1.1.129.lab,39,D:\20_AUDIO\03_wav\individual\2020\SDRW2000001113\SDRW2000001113.1.1.129.wav,True
2020,SDRW2000001113,SDRW2000001113.1.1.131,no_textgrid_after_beam10_retry40,D:\20_AUDIO\03_wav\individual\2020\SDRW2000001113\SDRW2000001113.1.1.131.lab,25,D:\20_AUDIO\03_wav\individual\2020\SDRW2000001113\SDRW2000001113.1.1.131.wav,True
2020,SDRW2000001113,SDRW2000001113.1.1.141,no_textgrid_after_beam10_retry40,D:\20_AUDIO\03_wav\individual\2020\SDRW2000001113\SDRW2000001113.1.1.141.lab,27,D:\20_AUDIO\03_wav\individual\2020\SDRW2000001113\SDRW2000001113.1.1.141.wav,True
2020,SDRW2000001113,SDRW2000001113.1.1.146,no_textgrid_after_beam10_retry40,D:\20_AUDIO\03_wav\individual\2020\SDRW2000001113\SDRW2000001113.1.1.146.lab,65,D:\20_AUDIO\03_wav\individual\2020\SDRW2000001113\SDRW2000001113.1.1.146.wav,True
2020,SDRW2000001113,SDRW2000001113.1.1.148,no_textgrid_after_beam10_retry40,D:\20_AUDIO\03_wav\individual\2020\SDRW2000001113\SDRW2000001113.1.1.148.lab,49,D:\20_AUDIO\03_wav\individual\2020\SDRW2000001113\SDRW2000001113.1.1.148.wav,True
2020,SDRW2000001113,SDRW2000001113.1.1.15,no_textgrid_after_beam10_retry40,D:\20_AUDIO\03_wav\individual\2020\SDRW2000001113\SDRW2000001113.1.1.15.lab,26,D:\20_AUDIO\03_wav\individual\2020\SDRW2000001113\SDRW2000001113.1.1.15.wav,True
2020,SDRW2000001113,SDRW2000001113.1.1.151,no_textgrid_after_beam10_retry40,D:\20_AUDIO\03_wav\individual\2020\SDRW2000001113\SDRW2000001113.1.1.151.lab,33,D:\20_AUDIO\03_wav\individual\2020\SDRW2000001113\SDRW2000001113.1.1.151.wav,True
2020,SDRW2000001113,SDRW2000001113.1.1.153,no_textgrid_after_beam10_retry40,D:\20_AUDIO\03_wav\individual\2020\SDRW2000001113\SDRW2000001113.1.1.153.lab,49,D:\20_AUDIO\03_wav\individual\2020\SDRW2000001113\SDRW2000001113.1.1.153.wav,True
2020,SDRW2000001113,SDRW2000001113.1.1.170,no_textgrid_after_beam10_retry40,D:\20_AUDIO\03_wav\individual\2020\SDRW2000001113\SDRW2000001113.1.1.170.lab,47,D:\20_AUDIO\03_wav\individual\2020\SDRW2000001113\SDRW2000001113.1.1.170.wav,True
2020,SDRW2000001113,SDRW2000001113.1.1.176,no_textgrid_after_beam10_retry40,D:\20_AUDIO\03_wav\individual\2020\SDRW2000001113\SDRW2000001113.1.1.176.lab,61,D:\20_AUDIO\03_wav\individual\2020\SDRW2000001113\SDRW2000001113.1.1.176.wav,True
2020,SDRW2000001113,SDRW2000001113.1.1.183,no_textgrid_after_beam10_retry40,D:\20_AUDIO\03_wav\individual\2020\SDRW2000001113\SDRW2000001113.1.1.183.lab,41,D:\20_AUDIO\03_wav\individual\2020\SDRW2000001113\SDRW2000001113.1.1.183.wav,True
2020,SDRW2000001113,SDRW2000001113.1.1.184,no_textgrid_after_beam10_retry40,D:\20_AUDIO\03_wav\individual\2020\SDRW2000001113\SDRW2000001113.1.1.184.lab,69,D:\20_AUDIO\03_wav\individual\2020\SDRW2000001113\SDRW2000001113.1.1.184.wav,True
2020,SDRW2000001113,SDRW2000001113.1.1.189,no_textgrid_after_beam10_retry40,D:\20_AUDIO\03_wav\individual\2020\SDRW2000001113\SDRW2000001113.1.1.189.lab,40,D:\20_AUDIO\03_wav\individual\2020\SDRW2000001113\SDRW2000001113.1.1.189.wav,True
2020,SDRW2000001113,SDRW2000001113.1.1.192,no_textgrid_after_beam10_retry40,D:\20_AUDIO\03_wav\individual\2020\SDRW2000001113\SDRW2000001113.1.1.192.lab,60,D:\20_AUDIO\03_wav\individual\2020\SDRW2000001113\SDRW2000001113.1.1.192.wav,True
2020,SDRW2000001113,SDRW2000001113.1.1.195,no_textgrid_after_beam10_retry40,D:\20_AUDIO\03_wav\individual\2020\SDRW2000001113\SDRW2000001113.1.1.195.lab,37,D:\20_AUDIO\03_wav\individual\2020\SDRW2000001113\SDRW2000001113.1.1.195.wav,True
2020,SDRW2000001113,SDRW2000001113.1.1.197,no_textgrid_after_beam10_retry40,D:\20_AUDIO\03_wav\individual\2020\SDRW2000001113\SDRW2000001113.1.1.197.lab,54,D:\20_AUDIO\03_wav\individual\2020\SDRW2000001113\SDRW2000001113.1.1.197.wav,True
2020,SDRW2000001113,SDRW2000001113.1.1.202,no_textgrid_after_beam10_retry40,D:\20_AUDIO\03_wav\individual\2020\SDRW2000001113\SDRW2000001113.1.1.202.lab,41,D:\20_AUDIO\03_wav\individual\2020\SDRW2000001113\SDRW2000001113.1.1.202.wav,True
2020,SDRW2000001113,SDRW2000001113.1.1.205,no_textgrid_after_beam10_retry40,D:\20_AUDIO\03_wav\individual\2020\SDRW2000001113\SDRW2000001113.1.1.205.lab,52,D:\20_AUDIO\03_wav\individual\2020\SDRW2000001113\SDRW2000001113.1.1.205.wav,True
2020,SDRW2000001113,SDRW2000001113.1.1.212,no_textgrid_after_beam10_retry40,D:\20_AUDIO\03_wav\individual\2020\SDRW2000001113\SDRW2000001113.1.1.212.lab,42,D:\20_AUDIO\03_wav\individual\2020\SDRW2000001113\SDRW2000001113.1.1.212.wav,True
2020,SDRW2000001113,SDRW2000001113.1.1.218,no_textgrid_after_beam10_retry40,D:\20_AUDIO\03_wav\individual\2020\SDRW2000001113\SDRW2000001113.1.1.218.lab,62,D:\20_AUDIO\03_wav\individual\2020\SDRW2000001113\SDRW2000001113.1.1.218.wav,True
2020,SDRW2000001113,SDRW2000001113.1.1.222,no_textgrid_after_beam10_retry40,D:\20_AUDIO\03_wav\individual\2020\SDRW2000001113\SDRW2000001113.1.1.222.lab,91,D:\20_AUDIO\03_wav\individual\2020\SDRW2000001113\SDRW2000001113.1.1.222.wav,True
2020,SDRW2000001113,SDRW2000001113.1.1.229,no_textgrid_after_beam10_retry40,D:\20_AUDIO\03_wav\individual\2020\SDRW2000001113\SDRW2000001113.1.1.229.lab,36,D:\20_AUDIO\03_wav\individual\2020\SDRW2000001113\SDRW2000001113.1.1.229.wav,True
2020,SDRW2000001113,SDRW2000001113.1.1.230,no_textgrid_after_beam10_retry40,D:\20_AUDIO\03_wav\individual\2020\SDRW2000001113\SDRW2000001113.1.1.230.lab,53,D:\20_AUDIO\03_wav\individual\2020\SDRW2000001113\SDRW2000001113.1.1.230.wav,True
2020,SDRW2000001113,SDRW2000001113.1.1.237,no_textgrid_after_beam10_retry40,D:\20_AUDIO\03_wav\individual\2020\SDRW2000001113\SDRW2000001113.1.1.237.lab,49,D:\20_AUDIO\03_wav\individual\2020\SDRW2000001113\SDRW2000001113.1.1.237.wav,True
2020,SDRW2000001113,SDRW2000001113.1.1.240,no_textgrid_after_beam10_retry40,D:\20_AUDIO\03_wav\individual\2020\SDRW2000001113\SDRW2000001113.1.1.240.lab,86,D:\20_AUDIO\03_wav\individual\2020\SDRW2000001113\SDRW2000001113.1.1.240.wav,True
2020,SDRW2000001113,SDRW2000001113.1.1.244,no_textgrid_after_beam10_retry40,D:\20_AUDIO\03_wav\individual\2020\SDRW2000001113\SDRW2000001113.1.1.244.lab,57,D:\20_AUDIO\03_wav\individual\2020\SDRW2000001113\SDRW2000001113.1.1.244.wav,True
2020,SDRW2000001113,SDRW2000001113.1.1.247,no_textgrid_after_beam10_retry40,D:\20_AUDIO\03_wav\individual\2020\SDRW2000001113\SDRW2000001113.1.1.247.lab,70,D:\20_AUDIO\03_wav\individual\2020\SDRW2000001113\SDRW2000001113.1.1.247.wav,True
2020,SDRW2000001113,SDRW2000001113.1.1.252,no_textgrid_after_beam10_retry40,D:\20_AUDIO\03_wav\individual\2020\SDRW2000001113\SDRW2000001113.1.1.252.lab,44,D:\20_AUDIO\03_wav\individual\2020\SDRW2000001113\SDRW2000001113.1.1.252.wav,True
2020,SDRW2000001113,SDRW2000001113.1.1.26,no_textgrid_after_beam10_retry40,D:\20_AUDIO\03_wav\individual\2020\SDRW2000001113\SDRW2000001113.1.1.26.lab,34,D:\20_AUDIO\03_wav\individual\2020\SDRW2000001113\SDRW2000001113.1.1.26.wav,True
2020,SDRW2000001113,SDRW2000001113.1.1.273,no_textgrid_after_beam10_retry40,D:\20_AUDIO\03_wav\individual\2020\SDRW2000001113\SDRW2000001113.1.1.273.lab,39,D:\20_AUDIO\03_wav\individual\2020\SDRW2000001113\SDRW2000001113.1.1.273.wav,True
2020,SDRW2000001113,SDRW2000001113.1.1.275,no_textgrid_after_beam10_retry40,D:\20_AUDIO\03_wav\individual\2020\SDRW2000001113\SDRW2000001113.1.1.275.lab,78,D:\20_AUDIO\03_wav\individual\2020\SDRW2000001113\SDRW2000001113.1.1.275.wav,True
2020,SDRW2000001113,SDRW2000001113.1.1.279,no_textgrid_after_beam10_retry40,D:\20_AUDIO\03_wav\individual\2020\SDRW2000001113\SDRW2000001113.1.1.279.lab,77,D:\20_AUDIO\03_wav\individual\2020\SDRW2000001113\SDRW2000001113.1.1.279.wav,True
2020,SDRW2000001113,SDRW2000001113.1.1.282,no_textgrid_after_beam10_retry40,D:\20_AUDIO\03_wav\individual\2020\SDRW2000001113\SDRW2000001113.1.1.282.lab,67,D:\20_AUDIO\03_wav\individual\2020\SDRW2000001113\SDRW2000001113.1.1.282.wav,True
2020,SDRW2000001113,SDRW2000001113.1.1.284,no_textgrid_after_beam10_retry40,D:\20_AUDIO\03_wav\individual\2020\SDRW2000001113\SDRW2000001113.1.1.284.lab,79,D:\20_AUDIO\03_wav\individual\2020\SDRW2000001113\SDRW2000001113.1.1.284.wav,True
2020,SDRW2000001113,SDRW2000001113.1.1.287,no_textgrid_after_beam10_retry40,D:\20_AUDIO\03_wav\individual\2020\SDRW2000001113\SDRW2000001113.1.1.287.lab,74,D:\20_AUDIO\03_wav\individual\2020\SDRW2000001113\SDRW2000001113.1.1.287.wav,True
2020,SDRW2000001113,SDRW2000001113.1.1.291,no_textgrid_after_beam10_retry40,D:\20_AUDIO\03_wav\individual\2020\SDRW2000001113\SDRW2000001113.1.1.291.lab,53,D:\20_AUDIO\03_wav\individual\2020\SDRW2000001113\SDRW2000001113.1.1.291.wav,True
2020,SDRW2000001113,SDRW2000001113.1.1.295,no_textgrid_after_beam10_retry40,D:\20_AUDIO\03_wav\individual\2020\SDRW2000001113\SDRW2000001113.1.1.295.lab,69,D:\20_AUDIO\03_wav\individual\2020\SDRW2000001113\SDRW2000001113.1.1.295.wav,True
2020,SDRW2000001113,SDRW2000001113.1.1.306,no_textgrid_after_beam10_retry40,D:\20_AUDIO\03_wav\individual\2020\SDRW2000001113\SDRW2000001113.1.1.306.lab,69,D:\20_AUDIO\03_wav\individual\2020\SDRW2000001113\SDRW2000001113.1.1.306.wav,True
2020,SDRW2000001113,SDRW2000001113.1.1.308,no_textgrid_after_beam10_retry40,D:\20_AUDIO\03_wav\individual\2020\SDRW2000001113\SDRW2000001113.1.1.308.lab,51,D:\20_AUDIO\03_wav\individual\2020\SDRW2000001113\SDRW2000001113.1.1.308.wav,True
2020,SDRW2000001113,SDRW2000001113.1.1.310,no_textgrid_after_beam10_retry40,D:\20_AUDIO\03_wav\individual\2020\SDRW2000001113\SDRW2000001113.1.1.310.lab,36,D:\20_AUDIO\03_wav\individual\2020\SDRW2000001113\SDRW2000001113.1.1.310.wav,True
2020,SDRW2000001113,SDRW2000001113.1.1.313,no_textgrid_after_beam10_retry40,D:\20_AUDIO\03_wav\individual\2020\SDRW2000001113\SDRW2000001113.1.1.313.lab,32,D:\20_AUDIO\03_wav\individual\2020\SDRW2000001113\SDRW2000001113.1.1.313.wav,True
2020,SDRW2000001113,SDRW2000001113.1.1.315,no_textgrid_after_beam10_retry40,D:\20_AUDIO\03_wav\individual\2020\SDRW2000001113\SDRW2000001113.1.1.315.lab,60,D:\20_AUDIO\03_wav\individual\2020\SDRW2000001113\SDRW2000001113.1.1.315.wav,True
2020,SDRW2000001113,SDRW2000001113.1.1.321,no_textgrid_after_beam10_retry40,D:\20_AUDIO\03_wav\individual\2020\SDRW2000001113\SDRW2000001113.1.1.321.lab,51,D:\20_AUDIO\03_wav\individual\2020\SDRW2000001113\SDRW2000001113.1.1.321.wav,True
2020,SDRW2000001113,SDRW2000001113.1.1.327,no_textgrid_after_beam10_retry40,D:\20_AUDIO\03_wav\individual\2020\SDRW2000001113\SDRW2000001113.1.1.327.lab,92,D:\20_AUDIO\03_wav\individual\2020\SDRW2000001113\SDRW2000001113.1.1.327.wav,True
2020,SDRW2000001113,SDRW2000001113.1.1.332,no_textgrid_after_beam10_retry40,D:\20_AUDIO\03_wav\individual\2020\SDRW2000001113\SDRW2000001113.1.1.332.lab,49,D:\20_AUDIO\03_wav\individual\2020\SDRW2000001113\SDRW2000001113.1.1.332.wav,True
2020,SDRW2000001113,SDRW2000001113.1.1.335,no_textgrid_after_beam10_retry40,D:\20_AUDIO\03_wav\individual\2020\SDRW2000001113\SDRW2000001113.1.1.335.lab,82,D:\20_AUDIO\03_wav\individual\2020\SDRW2000001113\SDRW2000001113.1.1.335.wav,True
2020,SDRW2000001113,SDRW2000001113.1.1.339,no_textgrid_after_beam10_retry40,D:\20_AUDIO\03_wav\individual\2020\SDRW2000001113\SDRW2000001113.1.1.339.lab,68,D:\20_AUDIO\03_wav\individual\2020\SDRW2000001113\SDRW2000001113.1.1.339.wav,True
2020,SDRW2000001113,SDRW2000001113.1.1.349,no_textgrid_after_beam10_retry40,D:\20_AUDIO\03_wav\individual\2020\SDRW2000001113\SDRW2000001113.1.1.349.lab,156,D:\20_AUDIO\03_wav\individual\2020\SDRW2000001113\SDRW2000001113.1.1.349.wav,True
2020,SDRW2000001113,SDRW2000001113.1.1.353,no_textgrid_after_beam10_retry40,D:\20_AUDIO\03_wav\individual\2020\SDRW2000001113\SDRW2000001113.1.1.353.lab,57,D:\20_AUDIO\03_wav\individual\2020\SDRW2000001113\SDRW2000001113.1.1.353.wav,True
2020,SDRW2000001113,SDRW2000001113.1.1.354,no_textgrid_after_beam10_retry40,D:\20_AUDIO\03_wav\individual\2020\SDRW2000001113\SDRW2000001113.1.1.354.lab,79,D:\20_AUDIO\03_wav\individual\2020\SDRW2000001113\SDRW2000001113.1.1.354.wav,True
2020,SDRW2000001113,SDRW2000001113.1.1.357,no_textgrid_after_beam10_retry40,D:\20_AUDIO\03_wav\individual\2020\SDRW2000001113\SDRW2000001113.1.1.357.lab,50,D:\20_AUDIO\03_wav\individual\2020\SDRW2000001113\SDRW2000001113.1.1.357.wav,True
2020,SDRW2000001113,SDRW2000001113.1.1.358,no_textgrid_after_beam10_retry40,D:\20_AUDIO\03_wav\individual\2020\SDRW2000001113\SDRW2000001113.1.1.358.lab,65,D:\20_AUDIO\03_wav\individual\2020\SDRW2000001113\SDRW2000001113.1.1.358.wav,True
2020,SDRW2000001113,SDRW2000001113.1.1.377,no_textgrid_after_beam10_retry40,D:\20_AUDIO\03_wav\individual\2020\SDRW2000001113\SDRW2000001113.1.1.377.lab,112,D:\20_AUDIO\03_wav\individual\2020\SDRW2000001113\SDRW2000001113.1.1.377.wav,True
2020,SDRW2000001113,SDRW2000001113.1.1.38,no_textgrid_after_beam10_retry40,D:\20_AUDIO\03_wav\individual\2020\SDRW2000001113\SDRW2000001113.1.1.38.lab,26,D:\20_AUDIO\03_wav\individual\2020\SDRW2000001113\SDRW2000001113.1.1.38.wav,True
2020,SDRW2000001113,SDRW2000001113.1.1.383,no_textgrid_after_beam10_retry40,D:\20_AUDIO\03_wav\individual\2020\SDRW2000001113\SDRW2000001113.1.1.383.lab,40,D:\20_AUDIO\03_wav\individual\2020\SDRW2000001113\SDRW2000001113.1.1.383.wav,True
2020,SDRW2000001113,SDRW2000001113.1.1.402,no_textgrid_after_beam10_retry40,D:\20_AUDIO\03_wav\individual\2020\SDRW2000001113\SDRW2000001113.1.1.402.lab,37,D:\20_AUDIO\03_wav\individual\2020\SDRW2000001113\SDRW2000001113.1.1.402.wav,True
2020,SDRW2000001113,SDRW2000001113.1.1.413,no_textgrid_after_beam10_retry40,D:\20_AUDIO\03_wav\individual\2020\SDRW2000001113\SDRW2000001113.1.1.413.lab,19,D:\20_AUDIO\03_wav\individual\2020\SDRW2000001113\SDRW2000001113.1.1.413.wav,True
2020,SDRW2000001113,SDRW2000001113.1.1.42,no_textgrid_after_beam10_retry40,D:\20_AUDIO\03_wav\individual\2020\SDRW2000001113\SDRW2000001113.1.1.42.lab,39,D:\20_AUDIO\03_wav\individual\2020\SDRW2000001113\SDRW2000001113.1.1.42.wav,True
2020,SDRW2000001113,SDRW2000001113.1.1.426,no_textgrid_after_beam10_retry40,D:\20_AUDIO\03_wav\individual\2020\SDRW2000001113\SDRW2000001113.1.1.426.lab,77,D:\20_AUDIO\03_wav\individual\2020\SDRW2000001113\SDRW2000001113.1.1.426.wav,True
2020,SDRW2000001113,SDRW2000001113.1.1.427,no_textgrid_after_beam10_retry40,D:\20_AUDIO\03_wav\individual\2020\SDRW2000001113\SDRW2000001113.1.1.427.lab,59,D:\20_AUDIO\03_wav\individual\2020\SDRW2000001113\SDRW2000001113.1.1.427.wav,True
2020,SDRW2000001113,SDRW2000001113.1.1.43,no_textgrid_after_beam10_retry40,D:\20_AUDIO\03_wav\individual\2020\SDRW2000001113\SDRW2000001113.1.1.43.lab,64,D:\20_AUDIO\03_wav\individual\2020\SDRW2000001113\SDRW2000001113.1.1.43.wav,True
2020,SDRW2000001113,SDRW2000001113.1.1.431,no_textgrid_after_beam10_retry40,D:\20_AUDIO\03_wav\individual\2020\SDRW2000001113\SDRW2000001113.1.1.431.lab,49,D:\20_AUDIO\03_wav\individual\2020\SDRW2000001113\SDRW2000001113.1.1.431.wav,True
2020,SDRW2000001113,SDRW2000001113.1.1.432,no_textgrid_after_beam10_retry40,D:\20_AUDIO\03_wav\individual\2020\SDRW2000001113\SDRW2000001113.1.1.432.lab,102,D:\20_AUDIO\03_wav\individual\2020\SDRW2000001113\SDRW2000001113.1.1.432.wav,True
2020,SDRW2000001113,SDRW2000001113.1.1.444,no_textgrid_after_beam10_retry40,D:\20_AUDIO\03_wav\individual\2020\SDRW2000001113\SDRW2000001113.1.1.444.lab,40,D:\20_AUDIO\03_wav\individual\2020\SDRW2000001113\SDRW2000001113.1.1.444.wav,True
2020,SDRW2000001113,SDRW2000001113.1.1.455,no_textgrid_after_beam10_retry40,D:\20_AUDIO\03_wav\individual\2020\SDRW2000001113\SDRW2000001113.1.1.455.lab,40,D:\20_AUDIO\03_wav\individual\2020\SDRW2000001113\SDRW2000001113.1.1.455.wav,True
2020,SDRW2000001113,SDRW2000001113.1.1.461,no_textgrid_after_beam10_retry40,D:\20_AUDIO\03_wav\individual\2020\SDRW2000001113\SDRW2000001113.1.1.461.lab,35,D:\20_AUDIO\03_wav\individual\2020\SDRW2000001113\SDRW2000001113.1.1.461.wav,True
2020,SDRW2000001113,SDRW2000001113.1.1.462,no_textgrid_after_beam10_retry40,D:\20_AUDIO\03_wav\individual\2020\SDRW2000001113\SDRW2000001113.1.1.462.lab,76,D:\20_AUDIO\03_wav\individual\2020\SDRW2000001113\SDRW2000001113.1.1.462.wav,True
2020,SDRW2000001113,SDRW2000001113.1.1.60,no_textgrid_after_beam10_retry40,D:\20_AUDIO\03_wav\individual\2020\SDRW2000001113\SDRW2000001113.1.1.60.lab,45,D:\20_AUDIO\03_wav\individual\2020\SDRW2000001113\SDRW2000001113.1.1.60.wav,True
2020,SDRW2000001113,SDRW2000001113.1.1.62,no_textgrid_after_beam10_retry40,D:\20_AUDIO\03_wav\individual\2020\SDRW2000001113\SDRW2000001113.1.1.62.lab,55,D:\20_AUDIO\03_wav\individual\2020\SDRW2000001113\SDRW2000001113.1.1.62.wav,True
2020,SDRW2000001113,SDRW2000001113.1.1.8,no_textgrid_after_beam10_retry40,D:\20_AUDIO\03_wav\individual\2020\SDRW2000001113\SDRW2000001113.1.1.8.lab,38,D:\20_AUDIO\03_wav\individual\2020\SDRW2000001113\SDRW2000001113.1.1.8.wav,True
2020,SDRW2000001113,SDRW2000001113.1.1.94,no_textgrid_after_beam10_retry40,D:\20_AUDIO\03_wav\individual\2020\SDRW2000001113\SDRW2000001113.1.1.94.lab,47,D:\20_AUDIO\03_wav\individual\2020\SDRW2000001113\SDRW2000001113.1.1.94.wav,True
2020,SDRW2000001115,SDRW2000001115.1.1.10,no_textgrid_after_beam10_retry40,D:\20_AUDIO\03_wav\individual\2020\SDRW2000001115\SDRW2000001115.1.1.10.lab,19,D:\20_AUDIO\03_wav\individual\2020\SDRW2000001115\SDRW2000001115.1.1.10.wav,True
2020,SDRW2000001115,SDRW2000001115.1.1.106,no_textgrid_after_beam10_retry40,D:\20_AUDIO\03_wav\individual\2020\SDRW2000001115\SDRW2000001115.1.1.106.lab,49,D:\20_AUDIO\03_wav\individual\2020\SDRW2000001115\SDRW2000001115.1.1.106.wav,True
2020,SDRW2000001115,SDRW2000001115.1.1.108,no_textgrid_after_beam10_retry40,D:\20_AUDIO\03_wav\individual\2020\SDRW2000001115\SDRW2000001115.1.1.108.lab,32,D:\20_AUDIO\03_wav\individual\2020\SDRW2000001115\SDRW2000001115.1.1.108.wav,True
2020,SDRW2000001115,SDRW2000001115.1.1.11,no_textgrid_after_beam10_retry40,D:\20_AUDIO\03_wav\individual\2020\SDRW2000001115\SDRW2000001115.1.1.11.lab,55,D:\20_AUDIO\03_wav\individual\2020\SDRW2000001115\SDRW2000001115.1.1.11.wav,True
2020,SDRW2000001115,SDRW2000001115.1.1.110,no_textgrid_after_beam10_retry40,D:\20_AUDIO\03_wav\individual\2020\SDRW2000001115\SDRW2000001115.1.1.110.lab,75,D:\20_AUDIO\03_wav\individual\2020\SDRW2000001115\SDRW2000001115.1.1.110.wav,True
2020,SDRW2000001115,SDRW2000001115.1.1.115,no_textgrid_after_beam10_retry40,D:\20_AUDIO\03_wav\individual\2020\SDRW2000001115\SDRW2000001115.1.1.115.lab,20,D:\20_AUDIO\03_wav\individual\2020\SDRW2000001115\SDRW2000001115.1.1.115.wav,True
2020,SDRW2000001115,SDRW2000001115.1.1.117,no_textgrid_after_beam10_retry40,D:\20_AUDIO\03_wav\individual\2020\SDRW2000001115\SDRW2000001115.1.1.117.lab,76,D:\20_AUDIO\03_wav\individual\2020\SDRW2000001115\SDRW2000001115.1.1.117.wav,True
2020,SDRW2000001115,SDRW2000001115.1.1.119,no_textgrid_after_beam10_retry40,D:\20_AUDIO\03_wav\individual\2020\SDRW2000001115\SDRW2000001115.1.1.119.lab,40,D:\20_AUDIO\03_wav\individual\2020\SDRW2000001115\SDRW2000001115.1.1.119.wav,True
2020,SDRW2000001115,SDRW2000001115.1.1.132,no_textgrid_after_beam10_retry40,D:\20_AUDIO\03_wav\individual\2020\SDRW2000001115\SDRW2000001115.1.1.132.lab,95,D:\20_AUDIO\03_wav\individual\2020\SDRW2000001115\SDRW2000001115.1.1.132.wav,True
2020,SDRW2000001115,SDRW2000001115.1.1.135,no_textgrid_after_beam10_retry40,D:\20_AUDIO\03_wav\individual\2020\SDRW2000001115\SDRW2000001115.1.1.135.lab,119,D:\20_AUDIO\03_wav\individual\2020\SDRW2000001115\SDRW2000001115.1.1.135.wav,True
2020,SDRW2000001115,SDRW2000001115.1.1.136,no_textgrid_after_beam10_retry40,D:\20_AUDIO\03_wav\individual\2020\SDRW2000001115\SDRW2000001115.1.1.136.lab,68,D:\20_AUDIO\03_wav\individual\2020\SDRW2000001115\SDRW2000001115.1.1.136.wav,True
2020,SDRW2000001115,SDRW2000001115.1.1.139,no_textgrid_after_beam10_retry40,D:\20_AUDIO\03_wav\individual\2020\SDRW2000001115\SDRW2000001115.1.1.139.lab,33,D:\20_AUDIO\03_wav\individual\2020\SDRW2000001115\SDRW2000001115.1.1.139.wav,True
2020,SDRW2000001115,SDRW2000001115.1.1.14,no_textgrid_after_beam10_retry40,D:\20_AUDIO\03_wav\individual\2020\SDRW2000001115\SDRW2000001115.1.1.14.lab,61,D:\20_AUDIO\03_wav\individual\2020\SDRW2000001115\SDRW2000001115.1.1.14.wav,True
2020,SDRW2000001115,SDRW2000001115.1.1.143,no_textgrid_after_beam10_retry40,D:\20_AUDIO\03_wav\individual\2020\SDRW2000001115\SDRW2000001115.1.1.143.lab,42,D:\20_AUDIO\03_wav\individual\2020\SDRW2000001115\SDRW2000001115.1.1.143.wav,True
2020,SDRW2000001115,SDRW2000001115.1.1.147,no_textgrid_after_beam10_retry40,D:\20_AUDIO\03_wav\individual\2020\SDRW2000001115\SDRW2000001115.1.1.147.lab,61,D:\20_AUDIO\03_wav\individual\2020\SDRW2000001115\SDRW2000001115.1.1.147.wav,True
2020,SDRW2000001115,SDRW2000001115.1.1.154,no_textgrid_after_beam10_retry40,D:\20_AUDIO\03_wav\individual\2020\SDRW2000001115\SDRW2000001115.1.1.154.lab,67,D:\20_AUDIO\03_wav\individual\2020\SDRW2000001115\SDRW2000001115.1.1.154.wav,True
2020,SDRW2000001115,SDRW2000001115.1.1.155,no_textgrid_after_beam10_retry40,D:\20_AUDIO\03_wav\individual\2020\SDRW2000001115\SDRW2000001115.1.1.155.lab,49,D:\20_AUDIO\03_wav\individual\2020\SDRW2000001115\SDRW2000001115.1.1.155.wav,True
2020,SDRW2000001115,SDRW2000001115.1.1.157,no_textgrid_after_beam10_retry40,D:\20_AUDIO\03_wav\individual\2020\SDRW2000001115\SDRW2000001115.1.1.157.lab,56,D:\20_AUDIO\03_wav\individual\2020\SDRW2000001115\SDRW2000001115.1.1.157.wav,True
2020,SDRW2000001115,SDRW2000001115.1.1.158,no_textgrid_after_beam10_retry40,D:\20_AUDIO\03_wav\individual\2020\SDRW2000001115\SDRW2000001115.1.1.158.lab,57,D:\20_AUDIO\03_wav\individual\2020\SDRW2000001115\SDRW2000001115.1.1.158.wav,True
2020,SDRW2000001115,SDRW2000001115.1.1.161,no_textgrid_after_beam10_retry40,D:\20_AUDIO\03_wav\individual\2020\SDRW2000001115\SDRW2000001115.1.1.161.lab,62,D:\20_AUDIO\03_wav\individual\2020\SDRW2000001115\SDRW2000001115.1.1.161.wav,True
2020,SDRW2000001115,SDRW2000001115.1.1.17,no_textgrid_after_beam10_retry40,D:\20_AUDIO\03_wav\individual\2020\SDRW2000001115\SDRW2000001115.1.1.17.lab,114,D:\20_AUDIO\03_wav\individual\2020\SDRW2000001115\SDRW2000001115.1.1.17.wav,True
2020,SDRW2000001115,SDRW2000001115.1.1.170,no_textgrid_after_beam10_retry40,D:\20_AUDIO\03_wav\individual\2020\SDRW2000001115\SDRW2000001115.1.1.170.lab,64,D:\20_AUDIO\03_wav\individual\2020\SDRW2000001115\SDRW2000001115.1.1.170.wav,True
2020,SDRW2000001115,SDRW2000001115.1.1.172,no_textgrid_after_beam10_retry40,D:\20_AUDIO\03_wav\individual\2020\SDRW2000001115\SDRW2000001115.1.1.172.lab,65,D:\20_AUDIO\03_wav\individual\2020\SDRW2000001115\SDRW2000001115.1.1.172.wav,True
2020,SDRW2000001115,SDRW2000001115.1.1.180,no_textgrid_after_beam10_retry40,D:\20_AUDIO\03_wav\individual\2020\SDRW2000001115\SDRW2000001115.1.1.180.lab,41,D:\20_AUDIO\03_wav\individual\2020\SDRW2000001115\SDRW2000001115.1.1.180.wav,True
2020,SDRW2000001115,SDRW2000001115.1.1.185,no_textgrid_after_beam10_retry40,D:\20_AUDIO\03_wav\individual\2020\SDRW2000001115\SDRW2000001115.1.1.185.lab,62,D:\20_AUDIO\03_wav\individual\2020\SDRW2000001115\SDRW2000001115.1.1.185.wav,True
2020,SDRW2000001115,SDRW2000001115.1.1.186,no_textgrid_after_beam10_retry40,D:\20_AUDIO\03_wav\individual\2020\SDRW2000001115\SDRW2000001115.1.1.186.lab,34,D:\20_AUDIO\03_wav\individual\2020\SDRW2000001115\SDRW2000001115.1.1.186.wav,True
2020,SDRW2000001115,SDRW2000001115.1.1.188,no_textgrid_after_beam10_retry40,D:\20_AUDIO\03_wav\individual\2020\SDRW2000001115\SDRW2000001115.1.1.188.lab,73,D:\20_AUDIO\03_wav\individual\2020\SDRW2000001115\SDRW2000001115.1.1.188.wav,True
2020,SDRW2000001115,SDRW2000001115.1.1.194,no_textgrid_after_beam10_retry40,D:\20_AUDIO\03_wav\individual\2020\SDRW2000001115\SDRW2000001115.1.1.194.lab,72,D:\20_AUDIO\03_wav\individual\2020\SDRW2000001115\SDRW2000001115.1.1.194.wav,True
2020,SDRW2000001115,SDRW2000001115.1.1.196,no_textgrid_after_beam10_retry40,D:\20_AUDIO\03_wav\individual\2020\SDRW2000001115\SDRW2000001115.1.1.196.lab,37,D:\20_AUDIO\03_wav\individual\2020\SDRW2000001115\SDRW2000001115.1.1.196.wav,True
2020,SDRW2000001115,SDRW2000001115.1.1.197,no_textgrid_after_beam10_retry40,D:\20_AUDIO\03_wav\individual\2020\SDRW2000001115\SDRW2000001115.1.1.197.lab,42,D:\20_AUDIO\03_wav\individual\2020\SDRW2000001115\SDRW2000001115.1.1.197.wav,True
2020,SDRW2000001115,SDRW2000001115.1.1.199,no_textgrid_after_beam10_retry40,D:\20_AUDIO\03_wav\individual\2020\SDRW2000001115\SDRW2000001115.1.1.199.lab,62,D:\20_AUDIO\03_wav\individual\2020\SDRW2000001115\SDRW2000001115.1.1.199.wav,True
2020,SDRW2000001115,SDRW2000001115.1.1.200,no_textgrid_after_beam10_retry40,D:\20_AUDIO\03_wav\individual\2020\SDRW2000001115\SDRW2000001115.1.1.200.lab,36,D:\20_AUDIO\03_wav\individual\2020\SDRW2000001115\SDRW2000001115.1.1.200.wav,True
2020,SDRW2000001115,SDRW2000001115.1.1.212,no_textgrid_after_beam10_retry40,D:\20_AUDIO\03_wav\individual\2020\SDRW2000001115\SDRW2000001115.1.1.212.lab,64,D:\20_AUDIO\03_wav\individual\2020\SDRW2000001115\SDRW2000001115.1.1.212.wav,True
2020,SDRW2000001115,SDRW2000001115.1.1.214,no_textgrid_after_beam10_retry40,D:\20_AUDIO\03_wav\individual\2020\SDRW2000001115\SDRW2000001115.1.1.214.lab,43,D:\20_AUDIO\03_wav\individual\2020\SDRW2000001115\SDRW2000001115.1.1.214.wav,True
2020,SDRW2000001115,SDRW2000001115.1.1.216,no_textgrid_after_beam10_retry40,D:\20_AUDIO\03_wav\individual\2020\SDRW2000001115\SDRW2000001115.1.1.216.lab,43,D:\20_AUDIO\03_wav\individual\2020\SDRW2000001115\SDRW2000001115.1.1.216.wav,True
2020,SDRW2000001115,SDRW2000001115.1.1.217,no_textgrid_after_beam10_retry40,D:\20_AUDIO\03_wav\individual\2020\SDRW2000001115\SDRW2000001115.1.1.217.lab,46,D:\20_AUDIO\03_wav\individual\2020\SDRW2000001115\SDRW2000001115.1.1.217.wav,True
2020,SDRW2000001115,SDRW2000001115.1.1.219,no_textgrid_after_beam10_retry40,D:\20_AUDIO\03_wav\individual\2020\SDRW2000001115\SDRW2000001115.1.1.219.lab,26,D:\20_AUDIO\03_wav\individual\2020\SDRW2000001115\SDRW2000001115.1.1.219.wav,True
2020,SDRW2000001115,SDRW2000001115.1.1.220,no_textgrid_after_beam10_retry40,D:\20_AUDIO\03_wav\individual\2020\SDRW2000001115\SDRW2000001115.1.1.220.lab,89,D:\20_AUDIO\03_wav\individual\2020\SDRW2000001115\SDRW2000001115.1.1.220.wav,True
2020,SDRW2000001115,SDRW2000001115.1.1.230,no_textgrid_after_beam10_retry40,D:\20_AUDIO\03_wav\individual\2020\SDRW2000001115\SDRW2000001115.1.1.230.lab,61,D:\20_AUDIO\03_wav\individual\2020\SDRW2000001115\SDRW2000001115.1.1.230.wav,True
2020,SDRW2000001115,SDRW2000001115.1.1.233,no_textgrid_after_beam10_retry40,D:\20_AUDIO\03_wav\individual\2020\SDRW2000001115\SDRW2000001115.1.1.233.lab,37,D:\20_AUDIO\03_wav\individual\2020\SDRW2000001115\SDRW2000001115.1.1.233.wav,True
2020,SDRW2000001115,SDRW2000001115.1.1.238,no_textgrid_after_beam10_retry40,D:\20_AUDIO\03_wav\individual\2020\SDRW2000001115\SDRW2000001115.1.1.238.lab,43,D:\20_AUDIO\03_wav\individual\2020\SDRW2000001115\SDRW2000001115.1.1.238.wav,True
2020,SDRW2000001115,SDRW2000001115.1.1.24,no_textgrid_after_beam10_retry40,D:\20_AUDIO\03_wav\individual\2020\SDRW2000001115\SDRW2000001115.1.1.24.lab,65,D:\20_AUDIO\03_wav\individual\2020\SDRW2000001115\SDRW2000001115.1.1.24.wav,True
2020,SDRW2000001115,SDRW2000001115.1.1.248,no_textgrid_after_beam10_retry40,D:\20_AUDIO\03_wav\individual\2020\SDRW2000001115\SDRW2000001115.1.1.248.lab,46,D:\20_AUDIO\03_wav\individual\2020\SDRW2000001115\SDRW2000001115.1.1.248.wav,True
2020,SDRW2000001115,SDRW2000001115.1.1.249,no_textgrid_after_beam10_retry40,D:\20_AUDIO\03_wav\individual\2020\SDRW2000001115\SDRW2000001115.1.1.249.lab,55,D:\20_AUDIO\03_wav\individual\2020\SDRW2000001115\SDRW2000001115.1.1.249.wav,True
2020,SDRW2000001115,SDRW2000001115.1.1.252,no_textgrid_after_beam10_retry40,D:\20_AUDIO\03_wav\individual\2020\SDRW2000001115\SDRW2000001115.1.1.252.lab,64,D:\20_AUDIO\03_wav\individual\2020\SDRW2000001115\SDRW2000001115.1.1.252.wav,True
2020,SDRW2000001115,SDRW2000001115.1.1.258,no_textgrid_after_beam10_retry40,D:\20_AUDIO\03_wav\individual\2020\SDRW2000001115\SDRW2000001115.1.1.258.lab,30,D:\20_AUDIO\03_wav\individual\2020\SDRW2000001115\SDRW2000001115.1.1.258.wav,True
2020,SDRW2000001115,SDRW2000001115.1.1.261,no_textgrid_after_beam10_retry40,D:\20_AUDIO\03_wav\individual\2020\SDRW2000001115\SDRW2000001115.1.1.261.lab,54,D:\20_AUDIO\03_wav\individual\2020\SDRW2000001115\SDRW2000001115.1.1.261.wav,True
2020,SDRW2000001115,SDRW2000001115.1.1.262,no_textgrid_after_beam10_retry40,D:\20_AUDIO\03_wav\individual\2020\SDRW2000001115\SDRW2000001115.1.1.262.lab,61,D:\20_AUDIO\03_wav\individual\2020\SDRW2000001115\SDRW2000001115.1.1.262.wav,True
2020,SDRW2000001115,SDRW2000001115.1.1.264,no_textgrid_after_beam10_retry40,D:\20_AUDIO\03_wav\individual\2020\SDRW2000001115\SDRW2000001115.1.1.264.lab,38,D:\20_AUDIO\03_wav\individual\2020\SDRW2000001115\SDRW2000001115.1.1.264.wav,True
2020,SDRW2000001115,SDRW2000001115.1.1.272,no_textgrid_after_beam10_retry40,D:\20_AUDIO\03_wav\individual\2020\SDRW2000001115\SDRW2000001115.1.1.272.lab,46,D:\20_AUDIO\03_wav\individual\2020\SDRW2000001115\SDRW2000001115.1.1.272.wav,True
2020,SDRW2000001115,SDRW2000001115.1.1.28,no_textgrid_after_beam10_retry40,D:\20_AUDIO\03_wav\individual\2020\SDRW2000001115\SDRW2000001115.1.1.28.lab,29,D:\20_AUDIO\03_wav\individual\2020\SDRW2000001115\SDRW2000001115.1.1.28.wav,True
2020,SDRW2000001115,SDRW2000001115.1.1.281,no_textgrid_after_beam10_retry40,D:\20_AUDIO\03_wav\individual\2020\SDRW2000001115\SDRW2000001115.1.1.281.lab,105,D:\20_AUDIO\03_wav\individual\2020\SDRW2000001115\SDRW2000001115.1.1.281.wav,True
2020,SDRW2000001115,SDRW2000001115.1.1.284,no_textgrid_after_beam10_retry40,D:\20_AUDIO\03_wav\individual\2020\SDRW2000001115\SDRW2000001115.1.1.284.lab,54,D:\20_AUDIO\03_wav\individual\2020\SDRW2000001115\SDRW2000001115.1.1.284.wav,True
2020,SDRW2000001115,SDRW2000001115.1.1.287,no_textgrid_after_beam10_retry40,D:\20_AUDIO\03_wav\individual\2020\SDRW2000001115\SDRW2000001115.1.1.287.lab,56,D:\20_AUDIO\03_wav\individual\2020\SDRW2000001115\SDRW2000001115.1.1.287.wav,True
2020,SDRW2000001115,SDRW2000001115.1.1.291,no_textgrid_after_beam10_retry40,D:\20_AUDIO\03_wav\individual\2020\SDRW2000001115\SDRW2000001115.1.1.291.lab,36,D:\20_AUDIO\03_wav\individual\2020\SDRW2000001115\SDRW2000001115.1.1.291.wav,True
2020,SDRW2000001115,SDRW2000001115.1.1.294,no_textgrid_after_beam10_retry40,D:\20_AUDIO\03_wav\individual\2020\SDRW2000001115\SDRW2000001115.1.1.294.lab,72,D:\20_AUDIO\03_wav\individual\2020\SDRW2000001115\SDRW2000001115.1.1.294.wav,True
2020,SDRW2000001115,SDRW2000001115.1.1.297,no_textgrid_after_beam10_retry40,D:\20_AUDIO\03_wav\individual\2020\SDRW2000001115\SDRW2000001115.1.1.297.lab,68,D:\20_AUDIO\03_wav\individual\2020\SDRW2000001115\SDRW2000001115.1.1.297.wav,True
2020,SDRW2000001115,SDRW2000001115.1.1.3,no_textgrid_after_beam10_retry40,D:\20_AUDIO\03_wav\individual\2020\SDRW2000001115\SDRW2000001115.1.1.3.lab,51,D:\20_AUDIO\03_wav\individual\2020\SDRW2000001115\SDRW2000001115.1.1.3.wav,True
2020,SDRW2000001115,SDRW2000001115.1.1.301,no_textgrid_after_beam10_retry40,D:\20_AUDIO\03_wav\individual\2020\SDRW2000001115\SDRW2000001115.1.1.301.lab,33,D:\20_AUDIO\03_wav\individual\2020\SDRW2000001115\SDRW2000001115.1.1.301.wav,True
2020,SDRW2000001115,SDRW2000001115.1.1.307,no_textgrid_after_beam10_retry40,D:\20_AUDIO\03_wav\individual\2020\SDRW2000001115\SDRW2000001115.1.1.307.lab,70,D:\20_AUDIO\03_wav\individual\2020\SDRW2000001115\SDRW2000001115.1.1.307.wav,True
2020,SDRW2000001115,SDRW2000001115.1.1.309,no_textgrid_after_beam10_retry40,D:\20_AUDIO\03_wav\individual\2020\SDRW2000001115\SDRW2000001115.1.1.309.lab,90,D:\20_AUDIO\03_wav\individual\2020\SDRW2000001115\SDRW2000001115.1.1.309.wav,True
2020,SDRW2000001115,SDRW2000001115.1.1.317,no_textgrid_after_beam10_retry40,D:\20_AUDIO\03_wav\individual\2020\SDRW2000001115\SDRW2000001115.1.1.317.lab,77,D:\20_AUDIO\03_wav\individual\2020\SDRW2000001115\SDRW2000001115.1.1.317.wav,True
2020,SDRW2000001115,SDRW2000001115.1.1.318,no_textgrid_after_beam10_retry40,D:\20_AUDIO\03_wav\individual\2020\SDRW2000001115\SDRW2000001115.1.1.318.lab,72,D:\20_AUDIO\03_wav\individual\2020\SDRW2000001115\SDRW2000001115.1.1.318.wav,True
2020,SDRW2000001115,SDRW2000001115.1.1.32,no_textgrid_after_beam10_retry40,D:\20_AUDIO\03_wav\individual\2020\SDRW2000001115\SDRW2000001115.1.1.32.lab,47,D:\20_AUDIO\03_wav\individual\2020\SDRW2000001115\SDRW2000001115.1.1.32.wav,True
2020,SDRW2000001115,SDRW2000001115.1.1.321,no_textgrid_after_beam10_retry40,D:\20_AUDIO\03_wav\individual\2020\SDRW2000001115\SDRW2000001115.1.1.321.lab,36,D:\20_AUDIO\03_wav\individual\2020\SDRW2000001115\SDRW2000001115.1.1.321.wav,True
2020,SDRW2000001115,SDRW2000001115.1.1.330,no_textgrid_after_beam10_retry40,D:\20_AUDIO\03_wav\individual\2020\SDRW2000001115\SDRW2000001115.1.1.330.lab,48,D:\20_AUDIO\03_wav\individual\2020\SDRW2000001115\SDRW2000001115.1.1.330.wav,True
2020,SDRW2000001115,SDRW2000001115.1.1.336,no_textgrid_after_beam10_retry40,D:\20_AUDIO\03_wav\individual\2020\SDRW2000001115\SDRW2000001115.1.1.336.lab,58,D:\20_AUDIO\03_wav\individual\2020\SDRW2000001115\SDRW2000001115.1.1.336.wav,True
2020,SDRW2000001115,SDRW2000001115.1.1.339,no_textgrid_after_beam10_retry40,D:\20_AUDIO\03_wav\individual\2020\SDRW2000001115\SDRW2000001115.1.1.339.lab,44,D:\20_AUDIO\03_wav\individual\2020\SDRW2000001115\SDRW2000001115.1.1.339.wav,True
2020,SDRW2000001115,SDRW2000001115.1.1.34,no_textgrid_after_beam10_retry40,D:\20_AUDIO\03_wav\individual\2020\SDRW2000001115\SDRW2000001115.1.1.34.lab,43,D:\20_AUDIO\03_wav\individual\2020\SDRW2000001115\SDRW2000001115.1.1.34.wav,True
2020,SDRW2000001115,SDRW2000001115.1.1.344,no_textgrid_after_beam10_retry40,D:\20_AUDIO\03_wav\individual\2020\SDRW2000001115\SDRW2000001115.1.1.344.lab,28,D:\20_AUDIO\03_wav\individual\2020\SDRW2000001115\SDRW2000001115.1.1.344.wav,True
2020,SDRW2000001115,SDRW2000001115.1.1.345,no_textgrid_after_beam10_retry40,D:\20_AUDIO\03_wav\individual\2020\SDRW2000001115\SDRW2000001115.1.1.345.lab,73,D:\20_AUDIO\03_wav\individual\2020\SDRW2000001115\SDRW2000001115.1.1.345.wav,True
2020,SDRW2000001115,SDRW2000001115.1.1.346,no_textgrid_after_beam10_retry40,D:\20_AUDIO\03_wav\individual\2020\SDRW2000001115\SDRW2000001115.1.1.346.lab,32,D:\20_AUDIO\03_wav\individual\2020\SDRW2000001115\SDRW2000001115.1.1.346.wav,True
2020,SDRW2000001115,SDRW2000001115.1.1.348,no_textgrid_after_beam10_retry40,D:\20_AUDIO\03_wav\individual\2020\SDRW2000001115\SDRW2000001115.1.1.348.lab,44,D:\20_AUDIO\03_wav\individual\2020\SDRW2000001115\SDRW2000001115.1.1.348.wav,True
2020,SDRW2000001115,SDRW2000001115.1.1.350,no_textgrid_after_beam10_retry40,D:\20_AUDIO\03_wav\individual\2020\SDRW2000001115\SDRW2000001115.1.1.350.lab,65,D:\20_AUDIO\03_wav\individual\2020\SDRW2000001115\SDRW2000001115.1.1.350.wav,True
2020,SDRW2000001115,SDRW2000001115.1.1.352,no_textgrid_after_beam10_retry40,D:\20_AUDIO\03_wav\individual\2020\SDRW2000001115\SDRW2000001115.1.1.352.lab,38,D:\20_AUDIO\03_wav\individual\2020\SDRW2000001115\SDRW2000001115.1.1.352.wav,True
2020,SDRW2000001115,SDRW2000001115.1.1.354,no_textgrid_after_beam10_retry40,D:\20_AUDIO\03_wav\individual\2020\SDRW2000001115\SDRW2000001115.1.1.354.lab,78,D:\20_AUDIO\03_wav\individual\2020\SDRW2000001115\SDRW2000001115.1.1.354.wav,True
2020,SDRW2000001115,SDRW2000001115.1.1.36,no_textgrid_after_beam10_retry40,D:\20_AUDIO\03_wav\individual\2020\SDRW2000001115\SDRW2000001115.1.1.36.lab,67,D:\20_AUDIO\03_wav\individual\2020\SDRW2000001115\SDRW2000001115.1.1.36.wav,True
2020,SDRW2000001115,SDRW2000001115.1.1.360,no_textgrid_after_beam10_retry40,D:\20_AUDIO\03_wav\individual\2020\SDRW2000001115\SDRW2000001115.1.1.360.lab,82,D:\20_AUDIO\03_wav\individual\2020\SDRW2000001115\SDRW2000001115.1.1.360.wav,True
2020,SDRW2000001115,SDRW2000001115.1.1.363,no_textgrid_after_beam10_retry40,D:\20_AUDIO\03_wav\individual\2020\SDRW2000001115\SDRW2000001115.1.1.363.lab,35,D:\20_AUDIO\03_wav\individual\2020\SDRW2000001115\SDRW2000001115.1.1.363.wav,True
2020,SDRW2000001115,SDRW2000001115.1.1.364,no_textgrid_after_beam10_retry40,D:\20_AUDIO\03_wav\individual\2020\SDRW2000001115\SDRW2000001115.1.1.364.lab,39,D:\20_AUDIO\03_wav\individual\2020\SDRW2000001115\SDRW2000001115.1.1.364.wav,True
2020,SDRW2000001115,SDRW2000001115.1.1.368,no_textgrid_after_beam10_retry40,D:\20_AUDIO\03_wav\individual\2020\SDRW2000001115\SDRW2000001115.1.1.368.lab,29,D:\20_AUDIO\03_wav\individual\2020\SDRW2000001115\SDRW2000001115.1.1.368.wav,True
2020,SDRW2000001115,SDRW2000001115.1.1.373,no_textgrid_after_beam10_retry40,D:\20_AUDIO\03_wav\individual\2020\SDRW2000001115\SDRW2000001115.1.1.373.lab,76,D:\20_AUDIO\03_wav\individual\2020\SDRW2000001115\SDRW2000001115.1.1.373.wav,True
2020,SDRW2000001115,SDRW2000001115.1.1.374,no_textgrid_after_beam10_retry40,D:\20_AUDIO\03_wav\individual\2020\SDRW2000001115\SDRW2000001115.1.1.374.lab,47,D:\20_AUDIO\03_wav\individual\2020\SDRW2000001115\SDRW2000001115.1.1.374.wav,True
2020,SDRW2000001115,SDRW2000001115.1.1.38,no_textgrid_after_beam10_retry40,D:\20_AUDIO\03_wav\individual\2020\SDRW2000001115\SDRW2000001115.1.1.38.lab,60,D:\20_AUDIO\03_wav\individual\2020\SDRW2000001115\SDRW2000001115.1.1.38.wav,True
2020,SDRW2000001115,SDRW2000001115.1.1.380,no_textgrid_after_beam10_retry40,D:\20_AUDIO\03_wav\individual\2020\SDRW2000001115\SDRW2000001115.1.1.380.lab,50,D:\20_AUDIO\03_wav\individual\2020\SDRW2000001115\SDRW2000001115.1.1.380.wav,True
2020,SDRW2000001115,SDRW2000001115.1.1.383,no_textgrid_after_beam10_retry40,D:\20_AUDIO\03_wav\individual\2020\SDRW2000001115\SDRW2000001115.1.1.383.lab,33,D:\20_AUDIO\03_wav\individual\2020\SDRW2000001115\SDRW2000001115.1.1.383.wav,True
2020,SDRW2000001115,SDRW2000001115.1.1.385,no_textgrid_after_beam10_retry40,D:\20_AUDIO\03_wav\individual\2020\SDRW2000001115\SDRW2000001115.1.1.385.lab,47,D:\20_AUDIO\03_wav\individual\2020\SDRW2000001115\SDRW2000001115.1.1.385.wav,True
2020,SDRW2000001115,SDRW2000001115.1.1.386,no_textgrid_after_beam10_retry40,D:\20_AUDIO\03_wav\individual\2020\SDRW2000001115\SDRW2000001115.1.1.386.lab,60,D:\20_AUDIO\03_wav\individual\2020\SDRW2000001115\SDRW2000001115.1.1.386.wav,True
2020,SDRW2000001115,SDRW2000001115.1.1.392,no_textgrid_after_beam10_retry40,D:\20_AUDIO\03_wav\individual\2020\SDRW2000001115\SDRW2000001115.1.1.392.lab,93,D:\20_AUDIO\03_wav\individual\2020\SDRW2000001115\SDRW2000001115.1.1.392.wav,True
2020,SDRW2000001115,SDRW2000001115.1.1.395,no_textgrid_after_beam10_retry40,D:\20_AUDIO\03_wav\individual\2020\SDRW2000001115\SDRW2000001115.1.1.395.lab,72,D:\20_AUDIO\03_wav\individual\2020\SDRW2000001115\SDRW2000001115.1.1.395.wav,True
2020,SDRW2000001115,SDRW2000001115.1.1.396,no_textgrid_after_beam10_retry40,D:\20_AUDIO\03_wav\individual\2020\SDRW2000001115\SDRW2000001115.1.1.396.lab,36,D:\20_AUDIO\03_wav\individual\2020\SDRW2000001115\SDRW2000001115.1.1.396.wav,True
2020,SDRW2000001115,SDRW2000001115.1.1.40,no_textgrid_after_beam10_retry40,D:\20_AUDIO\03_wav\individual\2020\SDRW2000001115\SDRW2000001115.1.1.40.lab,34,D:\20_AUDIO\03_wav\individual\2020\SDRW2000001115\SDRW2000001115.1.1.40.wav,True
2020,SDRW2000001115,SDRW2000001115.1.1.407,no_textgrid_after_beam10_retry40,D:\20_AUDIO\03_wav\individual\2020\SDRW2000001115\SDRW2000001115.1.1.407.lab,95,D:\20_AUDIO\03_wav\individual\2020\SDRW2000001115\SDRW2000001115.1.1.407.wav,True
2020,SDRW2000001115,SDRW2000001115.1.1.408,no_textgrid_after_beam10_retry40,D:\20_AUDIO\03_wav\individual\2020\SDRW2000001115\SDRW2000001115.1.1.408.lab,25,D:\20_AUDIO\03_wav\individual\2020\SDRW2000001115\SDRW2000001115.1.1.408.wav,True
2020,SDRW2000001115,SDRW2000001115.1.1.41,no_textgrid_after_beam10_retry40,D:\20_AUDIO\03_wav\individual\2020\SDRW2000001115\SDRW2000001115.1.1.41.lab,62,D:\20_AUDIO\03_wav\individual\2020\SDRW2000001115\SDRW2000001115.1.1.41.wav,True
2020,SDRW2000001115,SDRW2000001115.1.1.410,no_textgrid_after_beam10_retry40,D:\20_AUDIO\03_wav\individual\2020\SDRW2000001115\SDRW2000001115.1.1.410.lab,20,D:\20_AUDIO\03_wav\individual\2020\SDRW2000001115\SDRW2000001115.1.1.410.wav,True
2020,SDRW2000001115,SDRW2000001115.1.1.411,no_textgrid_after_beam10_retry40,D:\20_AUDIO\03_wav\individual\2020\SDRW2000001115\SDRW2000001115.1.1.411.lab,39,D:\20_AUDIO\03_wav\individual\2020\SDRW2000001115\SDRW2000001115.1.1.411.wav,True
2020,SDRW2000001115,SDRW2000001115.1.1.412,no_textgrid_after_beam10_retry40,D:\20_AUDIO\03_wav\individual\2020\SDRW2000001115\SDRW2000001115.1.1.412.lab,50,D:\20_AUDIO\03_wav\individual\2020\SDRW2000001115\SDRW2000001115.1.1.412.wav,True
2020,SDRW2000001115,SDRW2000001115.1.1.48,no_textgrid_after_beam10_retry40,D:\20_AUDIO\03_wav\individual\2020\SDRW2000001115\SDRW2000001115.1.1.48.lab,82,D:\20_AUDIO\03_wav\individual\2020\SDRW2000001115\SDRW2000001115.1.1.48.wav,True
2020,SDRW2000001115,SDRW2000001115.1.1.53,no_textgrid_after_beam10_retry40,D:\20_AUDIO\03_wav\individual\2020\SDRW2000001115\SDRW2000001115.1.1.53.lab,28,D:\20_AUDIO\03_wav\individual\2020\SDRW2000001115\SDRW2000001115.1.1.53.wav,True
2020,SDRW2000001115,SDRW2000001115.1.1.58,no_textgrid_after_beam10_retry40,D:\20_AUDIO\03_wav\individual\2020\SDRW2000001115\SDRW2000001115.1.1.58.lab,39,D:\20_AUDIO\03_wav\individual\2020\SDRW2000001115\SDRW2000001115.1.1.58.wav,True
2020,SDRW2000001115,SDRW2000001115.1.1.62,no_textgrid_after_beam10_retry40,D:\20_AUDIO\03_wav\individual\2020\SDRW2000001115\SDRW2000001115.1.1.62.lab,54,D:\20_AUDIO\03_wav\individual\2020\SDRW2000001115\SDRW2000001115.1.1.62.wav,True
2020,SDRW2000001115,SDRW2000001115.1.1.66,no_textgrid_after_beam10_retry40,D:\20_AUDIO\03_wav\individual\2020\SDRW2000001115\SDRW2000001115.1.1.66.lab,77,D:\20_AUDIO\03_wav\individual\2020\SDRW2000001115\SDRW2000001115.1.1.66.wav,True
2020,SDRW2000001115,SDRW2000001115.1.1.7,no_textgrid_after_beam10_retry40,D:\20_AUDIO\03_wav\individual\2020\SDRW2000001115\SDRW2000001115.1.1.7.lab,53,D:\20_AUDIO\03_wav\individual\2020\SDRW2000001115\SDRW2000001115.1.1.7.wav,True
2020,SDRW2000001115,SDRW2000001115.1.1.71,no_textgrid_after_beam10_retry40,D:\20_AUDIO\03_wav\individual\2020\SDRW2000001115\SDRW2000001115.1.1.71.lab,54,D:\20_AUDIO\03_wav\individual\2020\SDRW2000001115\SDRW2000001115.1.1.71.wav,True
2020,SDRW2000001115,SDRW2000001115.1.1.84,no_textgrid_after_beam10_retry40,D:\20_AUDIO\03_wav\individual\2020\SDRW2000001115\SDRW2000001115.1.1.84.lab,53,D:\20_AUDIO\03_wav\individual\2020\SDRW2000001115\SDRW2000001115.1.1.84.wav,True
2020,SDRW2000001115,SDRW2000001115.1.1.96,no_textgrid_after_beam10_retry40,D:\20_AUDIO\03_wav\individual\2020\SDRW2000001115\SDRW2000001115.1.1.96.lab,40,D:\20_AUDIO\03_wav\individual\2020\SDRW2000001115\SDRW2000001115.1.1.96.wav,True
2020,SDRW2000001115,SDRW2000001115.1.1.97,no_textgrid_after_beam10_retry40,D:\20_AUDIO\03_wav\individual\2020\SDRW2000001115\SDRW2000001115.1.1.97.lab,58,D:\20_AUDIO\03_wav\individual\2020\SDRW2000001115\SDRW2000001115.1.1.97.wav,True
2020,SDRW2000001115,SDRW2000001115.1.1.99,no_textgrid_after_beam10_retry40,D:\20_AUDIO\03_wav\individual\2020\SDRW2000001115\SDRW2000001115.1.1.99.lab,36,D:\20_AUDIO\03_wav\individual\2020\SDRW2000001115\SDRW2000001115.1.1.99.wav,True
2020,SDRW2000001117,SDRW2000001117.1.1.164,no_textgrid_after_beam10_retry40,D:\20_AUDIO\03_wav\individual\2020\SDRW2000001117\SDRW2000001117.1.1.164.lab,73,D:\20_AUDIO\03_wav\individual\2020\SDRW2000001117\SDRW2000001117.1.1.164.wav,True
2020,SDRW2000001117,SDRW2000001117.1.1.167,no_textgrid_after_beam10_retry40,D:\20_AUDIO\03_wav\individual\2020\SDRW2000001117\SDRW2000001117.1.1.167.lab,98,D:\20_AUDIO\03_wav\individual\2020\SDRW2000001117\SDRW2000001117.1.1.167.wav,True
2020,SDRW2000001117,SDRW2000001117.1.1.174,no_textgrid_after_beam10_retry40,D:\20_AUDIO\03_wav\individual\2020\SDRW2000001117\SDRW2000001117.1.1.174.lab,80,D:\20_AUDIO\03_wav\individual\2020\SDRW2000001117\SDRW2000001117.1.1.174.wav,True
2020,SDRW2000001117,SDRW2000001117.1.1.177,no_textgrid_after_beam10_retry40,D:\20_AUDIO\03_wav\individual\2020\SDRW2000001117\SDRW2000001117.1.1.177.lab,77,D:\20_AUDIO\03_wav\individual\2020\SDRW2000001117\SDRW2000001117.1.1.177.wav,True
2020,SDRW2000001117,SDRW2000001117.1.1.183,no_textgrid_after_beam10_retry40,D:\20_AUDIO\03_wav\individual\2020\SDRW2000001117\SDRW2000001117.1.1.183.lab,72,D:\20_AUDIO\03_wav\individual\2020\SDRW2000001117\SDRW2000001117.1.1.183.wav,True
2020,SDRW2000001117,SDRW2000001117.1.1.187,no_textgrid_after_beam10_retry40,D:\20_AUDIO\03_wav\individual\2020\SDRW2000001117\SDRW2000001117.1.1.187.lab,76,D:\20_AUDIO\03_wav\individual\2020\SDRW2000001117\SDRW2000001117.1.1.187.wav,True
2020,SDRW2000001117,SDRW2000001117.1.1.191,no_textgrid_after_beam10_retry40,D:\20_AUDIO\03_wav\individual\2020\SDRW2000001117\SDRW2000001117.1.1.191.lab,36,D:\20_AUDIO\03_wav\individual\2020\SDRW2000001117\SDRW2000001117.1.1.191.wav,True
2020,SDRW2000001117,SDRW2000001117.1.1.192,no_textgrid_after_beam10_retry40,D:\20_AUDIO\03_wav\individual\2020\SDRW2000001117\SDRW2000001117.1.1.192.lab,53,D:\20_AUDIO\03_wav\individual\2020\SDRW2000001117\SDRW2000001117.1.1.192.wav,True
2020,SDRW2000001117,SDRW2000001117.1.1.196,no_textgrid_after_beam10_retry40,D:\20_AUDIO\03_wav\individual\2020\SDRW2000001117\SDRW2000001117.1.1.196.lab,30,D:\20_AUDIO\03_wav\individual\2020\SDRW2000001117\SDRW2000001117.1.1.196.wav,True
2020,SDRW2000001117,SDRW2000001117.1.1.197,no_textgrid_after_beam10_retry40,D:\20_AUDIO\03_wav\individual\2020\SDRW2000001117\SDRW2000001117.1.1.197.lab,46,D:\20_AUDIO\03_wav\individual\2020\SDRW2000001117\SDRW2000001117.1.1.197.wav,True
2020,SDRW2000001117,SDRW2000001117.1.1.198,no_textgrid_after_beam10_retry40,D:\20_AUDIO\03_wav\individual\2020\SDRW2000001117\SDRW2000001117.1.1.198.lab,26,D:\20_AUDIO\03_wav\individual\2020\SDRW2000001117\SDRW2000001117.1.1.198.wav,True
2020,SDRW2000001117,SDRW2000001117.1.1.213,no_textgrid_after_beam10_retry40,D:\20_AUDIO\03_wav\individual\2020\SDRW2000001117\SDRW2000001117.1.1.213.lab,49,D:\20_AUDIO\03_wav\individual\2020\SDRW2000001117\SDRW2000001117.1.1.213.wav,True
2020,SDRW2000001117,SDRW2000001117.1.1.218,no_textgrid_after_beam10_retry40,D:\20_AUDIO\03_wav\individual\2020\SDRW2000001117\SDRW2000001117.1.1.218.lab,29,D:\20_AUDIO\03_wav\individual\2020\SDRW2000001117\SDRW2000001117.1.1.218.wav,True
2020,SDRW2000001117,SDRW2000001117.1.1.224,no_textgrid_after_beam10_retry40,D:\20_AUDIO\03_wav\individual\2020\SDRW2000001117\SDRW2000001117.1.1.224.lab,25,D:\20_AUDIO\03_wav\individual\2020\SDRW2000001117\SDRW2000001117.1.1.224.wav,True
2020,SDRW2000001117,SDRW2000001117.1.1.230,no_textgrid_after_beam10_retry40,D:\20_AUDIO\03_wav\individual\2020\SDRW2000001117\SDRW2000001117.1.1.230.lab,85,D:\20_AUDIO\03_wav\individual\2020\SDRW2000001117\SDRW2000001117.1.1.230.wav,True
2020,SDRW2000001117,SDRW2000001117.1.1.231,no_textgrid_after_beam10_retry40,D:\20_AUDIO\03_wav\individual\2020\SDRW2000001117\SDRW2000001117.1.1.231.lab,65,D:\20_AUDIO\03_wav\individual\2020\SDRW2000001117\SDRW2000001117.1.1.231.wav,True
2020,SDRW2000001117,SDRW2000001117.1.1.240,no_textgrid_after_beam10_retry40,D:\20_AUDIO\03_wav\individual\2020\SDRW2000001117\SDRW2000001117.1.1.240.lab,73,D:\20_AUDIO\03_wav\individual\2020\SDRW2000001117\SDRW2000001117.1.1.240.wav,True
2020,SDRW2000001117,SDRW2000001117.1.1.247,no_textgrid_after_beam10_retry40,D:\20_AUDIO\03_wav\individual\2020\SDRW2000001117\SDRW2000001117.1.1.247.lab,35,D:\20_AUDIO\03_wav\individual\2020\SDRW2000001117\SDRW2000001117.1.1.247.wav,True
2020,SDRW2000001117,SDRW2000001117.1.1.254,no_textgrid_after_beam10_retry40,D:\20_AUDIO\03_wav\individual\2020\SDRW2000001117\SDRW2000001117.1.1.254.lab,60,D:\20_AUDIO\03_wav\individual\2020\SDRW2000001117\SDRW2000001117.1.1.254.wav,True
2020,SDRW2000001117,SDRW2000001117.1.1.258,no_textgrid_after_beam10_retry40,D:\20_AUDIO\03_wav\individual\2020\SDRW2000001117\SDRW2000001117.1.1.258.lab,51,D:\20_AUDIO\03_wav\individual\2020\SDRW2000001117\SDRW2000001117.1.1.258.wav,True
2020,SDRW2000001117,SDRW2000001117.1.1.260,no_textgrid_after_beam10_retry40,D:\20_AUDIO\03_wav\individual\2020\SDRW2000001117\SDRW2000001117.1.1.260.lab,77,D:\20_AUDIO\03_wav\individual\2020\SDRW2000001117\SDRW2000001117.1.1.260.wav,True
2020,SDRW2000001117,SDRW2000001117.1.1.262,no_textgrid_after_beam10_retry40,D:\20_AUDIO\03_wav\individual\2020\SDRW2000001117\SDRW2000001117.1.1.262.lab,84,D:\20_AUDIO\03_wav\individual\2020\SDRW2000001117\SDRW2000001117.1.1.262.wav,True
2020,SDRW2000001117,SDRW2000001117.1.1.263,no_textgrid_after_beam10_retry40,D:\20_AUDIO\03_wav\individual\2020\SDRW2000001117\SDRW2000001117.1.1.263.lab,40,D:\20_AUDIO\03_wav\individual\2020\SDRW2000001117\SDRW2000001117.1.1.263.wav,True
2020,SDRW2000001117,SDRW2000001117.1.1.288,no_textgrid_after_beam10_retry40,D:\20_AUDIO\03_wav\individual\2020\SDRW2000001117\SDRW2000001117.1.1.288.lab,51,D:\20_AUDIO\03_wav\individual\2020\SDRW2000001117\SDRW2000001117.1.1.288.wav,True
2020,SDRW2000001117,SDRW2000001117.1.1.305,no_textgrid_after_beam10_retry40,D:\20_AUDIO\03_wav\individual\2020\SDRW2000001117\SDRW2000001117.1.1.305.lab,46,D:\20_AUDIO\03_wav\individual\2020\SDRW2000001117\SDRW2000001117.1.1.305.wav,True
2020,SDRW2000001117,SDRW2000001117.1.1.307,no_textgrid_after_beam10_retry40,D:\20_AUDIO\03_wav\individual\2020\SDRW2000001117\SDRW2000001117.1.1.307.lab,35,D:\20_AUDIO\03_wav\individual\2020\SDRW2000001117\SDRW2000001117.1.1.307.wav,True
2020,SDRW2000001117,SDRW2000001117.1.1.313,no_textgrid_after_beam10_retry40,D:\20_AUDIO\03_wav\individual\2020\SDRW2000001117\SDRW2000001117.1.1.313.lab,71,D:\20_AUDIO\03_wav\individual\2020\SDRW2000001117\SDRW2000001117.1.1.313.wav,True
2020,SDRW2000001117,SDRW2000001117.1.1.317,no_textgrid_after_beam10_retry40,D:\20_AUDIO\03_wav\individual\2020\SDRW2000001117\SDRW2000001117.1.1.317.lab,66,D:\20_AUDIO\03_wav\individual\2020\SDRW2000001117\SDRW2000001117.1.1.317.wav,True
2020,SDRW2000001117,SDRW2000001117.1.1.321,no_textgrid_after_beam10_retry40,D:\20_AUDIO\03_wav\individual\2020\SDRW2000001117\SDRW2000001117.1.1.321.lab,119,D:\20_AUDIO\03_wav\individual\2020\SDRW2000001117\SDRW2000001117.1.1.321.wav,True
2020,SDRW2000001117,SDRW2000001117.1.1.324,no_textgrid_after_beam10_retry40,D:\20_AUDIO\03_wav\individual\2020\SDRW2000001117\SDRW2000001117.1.1.324.lab,32,D:\20_AUDIO\03_wav\individual\2020\SDRW2000001117\SDRW2000001117.1.1.324.wav,True
2020,SDRW2000001117,SDRW2000001117.1.1.328,no_textgrid_after_beam10_retry40,D:\20_AUDIO\03_wav\individual\2020\SDRW2000001117\SDRW2000001117.1.1.328.lab,48,D:\20_AUDIO\03_wav\individual\2020\SDRW2000001117\SDRW2000001117.1.1.328.wav,True
2020,SDRW2000001117,SDRW2000001117.1.1.333,no_textgrid_after_beam10_retry40,D:\20_AUDIO\03_wav\individual\2020\SDRW2000001117\SDRW2000001117.1.1.333.lab,63,D:\20_AUDIO\03_wav\individual\2020\SDRW2000001117\SDRW2000001117.1.1.333.wav,True
2020,SDRW2000001117,SDRW2000001117.1.1.335,no_textgrid_after_beam10_retry40,D:\20_AUDIO\03_wav\individual\2020\SDRW2000001117\SDRW2000001117.1.1.335.lab,71,D:\20_AUDIO\03_wav\individual\2020\SDRW2000001117\SDRW2000001117.1.1.335.wav,True
2020,SDRW2000001117,SDRW2000001117.1.1.340,no_textgrid_after_beam10_retry40,D:\20_AUDIO\03_wav\individual\2020\SDRW2000001117\SDRW2000001117.1.1.340.lab,69,D:\20_AUDIO\03_wav\individual\2020\SDRW2000001117\SDRW2000001117.1.1.340.wav,True
2020,SDRW2000001117,SDRW2000001117.1.1.341,no_textgrid_after_beam10_retry40,D:\20_AUDIO\03_wav\individual\2020\SDRW2000001117\SDRW2000001117.1.1.341.lab,43,D:\20_AUDIO\03_wav\individual\2020\SDRW2000001117\SDRW2000001117.1.1.341.wav,True
2020,SDRW2000001117,SDRW2000001117.1.1.346,no_textgrid_after_beam10_retry40,D:\20_AUDIO\03_wav\individual\2020\SDRW2000001117\SDRW2000001117.1.1.346.lab,29,D:\20_AUDIO\03_wav\individual\2020\SDRW2000001117\SDRW2000001117.1.1.346.wav,True
2020,SDRW2000001117,SDRW2000001117.1.1.364,no_textgrid_after_beam10_retry40,D:\20_AUDIO\03_wav\individual\2020\SDRW2000001117\SDRW2000001117.1.1.364.lab,36,D:\20_AUDIO\03_wav\individual\2020\SDRW2000001117\SDRW2000001117.1.1.364.wav,True
2020,SDRW2000001117,SDRW2000001117.1.1.365,no_textgrid_after_beam10_retry40,D:\20_AUDIO\03_wav\individual\2020\SDRW2000001117\SDRW2000001117.1.1.365.lab,49,D:\20_AUDIO\03_wav\individual\2020\SDRW2000001117\SDRW2000001117.1.1.365.wav,True
2020,SDRW2000001117,SDRW2000001117.1.1.366,no_textgrid_after_beam10_retry40,D:\20_AUDIO\03_wav\individual\2020\SDRW2000001117\SDRW2000001117.1.1.366.lab,28,D:\20_AUDIO\03_wav\individual\2020\SDRW2000001117\SDRW2000001117.1.1.366.wav,True
2020,SDRW2000001117,SDRW2000001117.1.1.374,no_textgrid_after_beam10_retry40,D:\20_AUDIO\03_wav\individual\2020\SDRW2000001117\SDRW2000001117.1.1.374.lab,61,D:\20_AUDIO\03_wav\individual\2020\SDRW2000001117\SDRW2000001117.1.1.374.wav,True
2020,SDRW2000001117,SDRW2000001117.1.1.375,no_textgrid_after_beam10_retry40,D:\20_AUDIO\03_wav\individual\2020\SDRW2000001117\SDRW2000001117.1.1.375.lab,67,D:\20_AUDIO\03_wav\individual\2020\SDRW2000001117\SDRW2000001117.1.1.375.wav,True
2020,SDRW2000001117,SDRW2000001117.1.1.379,no_textgrid_after_beam10_retry40,D:\20_AUDIO\03_wav\individual\2020\SDRW2000001117\SDRW2000001117.1.1.379.lab,93,D:\20_AUDIO\03_wav\individual\2020\SDRW2000001117\SDRW2000001117.1.1.379.wav,True
2020,SDRW2000001117,SDRW2000001117.1.1.386,no_textgrid_after_beam10_retry40,D:\20_AUDIO\03_wav\individual\2020\SDRW2000001117\SDRW2000001117.1.1.386.lab,55,D:\20_AUDIO\03_wav\individual\2020\SDRW2000001117\SDRW2000001117.1.1.386.wav,True
2020,SDRW2000001117,SDRW2000001117.1.1.388,no_textgrid_after_beam10_retry40,D:\20_AUDIO\03_wav\individual\2020\SDRW2000001117\SDRW2000001117.1.1.388.lab,33,D:\20_AUDIO\03_wav\individual\2020\SDRW2000001117\SDRW2000001117.1.1.388.wav,True
2020,SDRW2000001117,SDRW2000001117.1.1.395,no_textgrid_after_beam10_retry40,D:\20_AUDIO\03_wav\individual\2020\SDRW2000001117\SDRW2000001117.1.1.395.lab,45,D:\20_AUDIO\03_wav\individual\2020\SDRW2000001117\SDRW2000001117.1.1.395.wav,True
2020,SDRW2000001117,SDRW2000001117.1.1.401,no_textgrid_after_beam10_retry40,D:\20_AUDIO\03_wav\individual\2020\SDRW2000001117\SDRW2000001117.1.1.401.lab,32,D:\20_AUDIO\03_wav\individual\2020\SDRW2000001117\SDRW2000001117.1.1.401.wav,True
2020,SDRW2000001117,SDRW2000001117.1.1.403,no_textgrid_after_beam10_retry40,D:\20_AUDIO\03_wav\individual\2020\SDRW2000001117\SDRW2000001117.1.1.403.lab,33,D:\20_AUDIO\03_wav\individual\2020\SDRW2000001117\SDRW2000001117.1.1.403.wav,True
2020,SDRW2000001117,SDRW2000001117.1.1.407,no_textgrid_after_beam10_retry40,D:\20_AUDIO\03_wav\individual\2020\SDRW2000001117\SDRW2000001117.1.1.407.lab,78,D:\20_AUDIO\03_wav\individual\2020\SDRW2000001117\SDRW2000001117.1.1.407.wav,True
2020,SDRW2000001117,SDRW2000001117.1.1.408,no_textgrid_after_beam10_retry40,D:\20_AUDIO\03_wav\individual\2020\SDRW2000001117\SDRW2000001117.1.1.408.lab,85,D:\20_AUDIO\03_wav\individual\2020\SDRW2000001117\SDRW2000001117.1.1.408.wav,True
2020,SDRW2000001117,SDRW2000001117.1.1.411,no_textgrid_after_beam10_retry40,D:\20_AUDIO\03_wav\individual\2020\SDRW2000001117\SDRW2000001117.1.1.411.lab,61,D:\20_AUDIO\03_wav\individual\2020\SDRW2000001117\SDRW2000001117.1.1.411.wav,True
2020,SDRW2000001117,SDRW2000001117.1.1.417,no_textgrid_after_beam10_retry40,D:\20_AUDIO\03_wav\individual\2020\SDRW2000001117\SDRW2000001117.1.1.417.lab,34,D:\20_AUDIO\03_wav\individual\2020\SDRW2000001117\SDRW2000001117.1.1.417.wav,True
2020,SDRW2000001117,SDRW2000001117.1.1.418,no_textgrid_after_beam10_retry40,D:\20_AUDIO\03_wav\individual\2020\SDRW2000001117\SDRW2000001117.1.1.418.lab,86,D:\20_AUDIO\03_wav\individual\2020\SDRW2000001117\SDRW2000001117.1.1.418.wav,True
2020,SDRW2000001117,SDRW2000001117.1.1.424,no_textgrid_after_beam10_retry40,D:\20_AUDIO\03_wav\individual\2020\SDRW2000001117\SDRW2000001117.1.1.424.lab,77,D:\20_AUDIO\03_wav\individual\2020\SDRW2000001117\SDRW2000001117.1.1.424.wav,True
2020,SDRW2000001117,SDRW2000001117.1.1.425,no_textgrid_after_beam10_retry40,D:\20_AUDIO\03_wav\individual\2020\SDRW2000001117\SDRW2000001117.1.1.425.lab,39,D:\20_AUDIO\03_wav\individual\2020\SDRW2000001117\SDRW2000001117.1.1.425.wav,True
2020,SDRW2000001117,SDRW2000001117.1.1.431,no_textgrid_after_beam10_retry40,D:\20_AUDIO\03_wav\individual\2020\SDRW2000001117\SDRW2000001117.1.1.431.lab,63,D:\20_AUDIO\03_wav\individual\2020\SDRW2000001117\SDRW2000001117.1.1.431.wav,True
2020,SDRW2000001117,SDRW2000001117.1.1.442,no_textgrid_after_beam10_retry40,D:\20_AUDIO\03_wav\individual\2020\SDRW2000001117\SDRW2000001117.1.1.442.lab,64,D:\20_AUDIO\03_wav\individual\2020\SDRW2000001117\SDRW2000001117.1.1.442.wav,True
2020,SDRW2000001120,SDRW2000001120.1.1.104,no_textgrid_after_beam10_retry40,D:\20_AUDIO\03_wav\individual\2020\SDRW2000001120\SDRW2000001120.1.1.104.lab,34,D:\20_AUDIO\03_wav\individual\2020\SDRW2000001120\SDRW2000001120.1.1.104.wav,True
2020,SDRW2000001120,SDRW2000001120.1.1.110,no_textgrid_after_beam10_retry40,D:\20_AUDIO\03_wav\individual\2020\SDRW2000001120\SDRW2000001120.1.1.110.lab,30,D:\20_AUDIO\03_wav\individual\2020\SDRW2000001120\SDRW2000001120.1.1.110.wav,True
2020,SDRW2000001120,SDRW2000001120.1.1.124,no_textgrid_after_beam10_retry40,D:\20_AUDIO\03_wav\individual\2020\SDRW2000001120\SDRW2000001120.1.1.124.lab,36,D:\20_AUDIO\03_wav\individual\2020\SDRW2000001120\SDRW2000001120.1.1.124.wav,True
2020,SDRW2000001120,SDRW2000001120.1.1.129,no_textgrid_after_beam10_retry40,D:\20_AUDIO\03_wav\individual\2020\SDRW2000001120\SDRW2000001120.1.1.129.lab,42,D:\20_AUDIO\03_wav\individual\2020\SDRW2000001120\SDRW2000001120.1.1.129.wav,True
2020,SDRW2000001120,SDRW2000001120.1.1.134,no_textgrid_after_beam10_retry40,D:\20_AUDIO\03_wav\individual\2020\SDRW2000001120\SDRW2000001120.1.1.134.lab,35,D:\20_AUDIO\03_wav\individual\2020\SDRW2000001120\SDRW2000001120.1.1.134.wav,True
2020,SDRW2000001120,SDRW2000001120.1.1.143,no_textgrid_after_beam10_retry40,D:\20_AUDIO\03_wav\individual\2020\SDRW2000001120\SDRW2000001120.1.1.143.lab,26,D:\20_AUDIO\03_wav\individual\2020\SDRW2000001120\SDRW2000001120.1.1.143.wav,True
2020,SDRW2000001120,SDRW2000001120.1.1.146,no_textgrid_after_beam10_retry40,D:\20_AUDIO\03_wav\individual\2020\SDRW2000001120\SDRW2000001120.1.1.146.lab,49,D:\20_AUDIO\03_wav\individual\2020\SDRW2000001120\SDRW2000001120.1.1.146.wav,True
2020,SDRW2000001120,SDRW2000001120.1.1.155,no_textgrid_after_beam10_retry40,D:\20_AUDIO\03_wav\individual\2020\SDRW2000001120\SDRW2000001120.1.1.155.lab,37,D:\20_AUDIO\03_wav\individual\2020\SDRW2000001120\SDRW2000001120.1.1.155.wav,True
2020,SDRW2000001120,SDRW2000001120.1.1.163,no_textgrid_after_beam10_retry40,D:\20_AUDIO\03_wav\individual\2020\SDRW2000001120\SDRW2000001120.1.1.163.lab,31,D:\20_AUDIO\03_wav\individual\2020\SDRW2000001120\SDRW2000001120.1.1.163.wav,True
2020,SDRW2000001120,SDRW2000001120.1.1.165,no_textgrid_after_beam10_retry40,D:\20_AUDIO\03_wav\individual\2020\SDRW2000001120\SDRW2000001120.1.1.165.lab,46,D:\20_AUDIO\03_wav\individual\2020\SDRW2000001120\SDRW2000001120.1.1.165.wav,True
2020,SDRW2000001120,SDRW2000001120.1.1.169,no_textgrid_after_beam10_retry40,D:\20_AUDIO\03_wav\individual\2020\SDRW2000001120\SDRW2000001120.1.1.169.lab,48,D:\20_AUDIO\03_wav\individual\2020\SDRW2000001120\SDRW2000001120.1.1.169.wav,True
2020,SDRW2000001120,SDRW2000001120.1.1.171,no_textgrid_after_beam10_retry40,D:\20_AUDIO\03_wav\individual\2020\SDRW2000001120\SDRW2000001120.1.1.171.lab,22,D:\20_AUDIO\03_wav\individual\2020\SDRW2000001120\SDRW2000001120.1.1.171.wav,True
2020,SDRW2000001120,SDRW2000001120.1.1.181,no_textgrid_after_beam10_retry40,D:\20_AUDIO\03_wav\individual\2020\SDRW2000001120\SDRW2000001120.1.1.181.lab,103,D:\20_AUDIO\03_wav\individual\2020\SDRW2000001120\SDRW2000001120.1.1.181.wav,True
2020,SDRW2000001120,SDRW2000001120.1.1.185,no_textgrid_after_beam10_retry40,D:\20_AUDIO\03_wav\individual\2020\SDRW2000001120\SDRW2000001120.1.1.185.lab,28,D:\20_AUDIO\03_wav\individual\2020\SDRW2000001120\SDRW2000001120.1.1.185.wav,True
2020,SDRW2000001120,SDRW2000001120.1.1.190,no_textgrid_after_beam10_retry40,D:\20_AUDIO\03_wav\individual\2020\SDRW2000001120\SDRW2000001120.1.1.190.lab,46,D:\20_AUDIO\03_wav\individual\2020\SDRW2000001120\SDRW2000001120.1.1.190.wav,True
2020,SDRW2000001120,SDRW2000001120.1.1.192,no_textgrid_after_beam10_retry40,D:\20_AUDIO\03_wav\individual\2020\SDRW2000001120\SDRW2000001120.1.1.192.lab,39,D:\20_AUDIO\03_wav\individual\2020\SDRW2000001120\SDRW2000001120.1.1.192.wav,True
2020,SDRW2000001120,SDRW2000001120.1.1.194,no_textgrid_after_beam10_retry40,D:\20_AUDIO\03_wav\individual\2020\SDRW2000001120\SDRW2000001120.1.1.194.lab,39,D:\20_AUDIO\03_wav\individual\2020\SDRW2000001120\SDRW2000001120.1.1.194.wav,True
2020,SDRW2000001120,SDRW2000001120.1.1.201,no_textgrid_after_beam10_retry40,D:\20_AUDIO\03_wav\individual\2020\SDRW2000001120\SDRW2000001120.1.1.201.lab,37,D:\20_AUDIO\03_wav\individual\2020\SDRW2000001120\SDRW2000001120.1.1.201.wav,True
2020,SDRW2000001120,SDRW2000001120.1.1.206,no_textgrid_after_beam10_retry40,D:\20_AUDIO\03_wav\individual\2020\SDRW2000001120\SDRW2000001120.1.1.206.lab,51,D:\20_AUDIO\03_wav\individual\2020\SDRW2000001120\SDRW2000001120.1.1.206.wav,True
2020,SDRW2000001120,SDRW2000001120.1.1.208,no_textgrid_after_beam10_retry40,D:\20_AUDIO\03_wav\individual\2020\SDRW2000001120\SDRW2000001120.1.1.208.lab,50,D:\20_AUDIO\03_wav\individual\2020\SDRW2000001120\SDRW2000001120.1.1.208.wav,True
2020,SDRW2000001120,SDRW2000001120.1.1.213,no_textgrid_after_beam10_retry40,D:\20_AUDIO\03_wav\individual\2020\SDRW2000001120\SDRW2000001120.1.1.213.lab,45,D:\20_AUDIO\03_wav\individual\2020\SDRW2000001120\SDRW2000001120.1.1.213.wav,True
2020,SDRW2000001120,SDRW2000001120.1.1.215,no_textgrid_after_beam10_retry40,D:\20_AUDIO\03_wav\individual\2020\SDRW2000001120\SDRW2000001120.1.1.215.lab,30,D:\20_AUDIO\03_wav\individual\2020\SDRW2000001120\SDRW2000001120.1.1.215.wav,True
2020,SDRW2000001120,SDRW2000001120.1.1.224,no_textgrid_after_beam10_retry40,D:\20_AUDIO\03_wav\individual\2020\SDRW2000001120\SDRW2000001120.1.1.224.lab,47,D:\20_AUDIO\03_wav\individual\2020\SDRW2000001120\SDRW2000001120.1.1.224.wav,True
2020,SDRW2000001120,SDRW2000001120.1.1.226,no_textgrid_after_beam10_retry40,D:\20_AUDIO\03_wav\individual\2020\SDRW2000001120\SDRW2000001120.1.1.226.lab,45,D:\20_AUDIO\03_wav\individual\2020\SDRW2000001120\SDRW2000001120.1.1.226.wav,True
2020,SDRW2000001120,SDRW2000001120.1.1.228,no_textgrid_after_beam10_retry40,D:\20_AUDIO\03_wav\individual\2020\SDRW2000001120\SDRW2000001120.1.1.228.lab,52,D:\20_AUDIO\03_wav\individual\2020\SDRW2000001120\SDRW2000001120.1.1.228.wav,True
2020,SDRW2000001120,SDRW2000001120.1.1.233,no_textgrid_after_beam10_retry40,D:\20_AUDIO\03_wav\individual\2020\SDRW2000001120\SDRW2000001120.1.1.233.lab,19,D:\20_AUDIO\03_wav\individual\2020\SDRW2000001120\SDRW2000001120.1.1.233.wav,True
2020,SDRW2000001120,SDRW2000001120.1.1.237,no_textgrid_after_beam10_retry40,D:\20_AUDIO\03_wav\individual\2020\SDRW2000001120\SDRW2000001120.1.1.237.lab,58,D:\20_AUDIO\03_wav\individual\2020\SDRW2000001120\SDRW2000001120.1.1.237.wav,True
2020,SDRW2000001120,SDRW2000001120.1.1.247,no_textgrid_after_beam10_retry40,D:\20_AUDIO\03_wav\individual\2020\SDRW2000001120\SDRW2000001120.1.1.247.lab,60,D:\20_AUDIO\03_wav\individual\2020\SDRW2000001120\SDRW2000001120.1.1.247.wav,True
2020,SDRW2000001120,SDRW2000001120.1.1.249,no_textgrid_after_beam10_retry40,D:\20_AUDIO\03_wav\individual\2020\SDRW2000001120\SDRW2000001120.1.1.249.lab,56,D:\20_AUDIO\03_wav\individual\2020\SDRW2000001120\SDRW2000001120.1.1.249.wav,True
2020,SDRW2000001120,SDRW2000001120.1.1.252,no_textgrid_after_beam10_retry40,D:\20_AUDIO\03_wav\individual\2020\SDRW2000001120\SDRW2000001120.1.1.252.lab,51,D:\20_AUDIO\03_wav\individual\2020\SDRW2000001120\SDRW2000001120.1.1.252.wav,True
2020,SDRW2000001120,SDRW2000001120.1.1.259,no_textgrid_after_beam10_retry40,D:\20_AUDIO\03_wav\individual\2020\SDRW2000001120\SDRW2000001120.1.1.259.lab,53,D:\20_AUDIO\03_wav\individual\2020\SDRW2000001120\SDRW2000001120.1.1.259.wav,True
2020,SDRW2000001120,SDRW2000001120.1.1.263,no_textgrid_after_beam10_retry40,D:\20_AUDIO\03_wav\individual\2020\SDRW2000001120\SDRW2000001120.1.1.263.lab,89,D:\20_AUDIO\03_wav\individual\2020\SDRW2000001120\SDRW2000001120.1.1.263.wav,True
2020,SDRW2000001120,SDRW2000001120.1.1.265,no_textgrid_after_beam10_retry40,D:\20_AUDIO\03_wav\individual\2020\SDRW2000001120\SDRW2000001120.1.1.265.lab,29,D:\20_AUDIO\03_wav\individual\2020\SDRW2000001120\SDRW2000001120.1.1.265.wav,True
2020,SDRW2000001120,SDRW2000001120.1.1.266,no_textgrid_after_beam10_retry40,D:\20_AUDIO\03_wav\individual\2020\SDRW2000001120\SDRW2000001120.1.1.266.lab,29,D:\20_AUDIO\03_wav\individual\2020\SDRW2000001120\SDRW2000001120.1.1.266.wav,True
2020,SDRW2000001120,SDRW2000001120.1.1.270,no_textgrid_after_beam10_retry40,D:\20_AUDIO\03_wav\individual\2020\SDRW2000001120\SDRW2000001120.1.1.270.lab,33,D:\20_AUDIO\03_wav\individual\2020\SDRW2000001120\SDRW2000001120.1.1.270.wav,True
2020,SDRW2000001120,SDRW2000001120.1.1.286,no_textgrid_after_beam10_retry40,D:\20_AUDIO\03_wav\individual\2020\SDRW2000001120\SDRW2000001120.1.1.286.lab,30,D:\20_AUDIO\03_wav\individual\2020\SDRW2000001120\SDRW2000001120.1.1.286.wav,True
2020,SDRW2000001120,SDRW2000001120.1.1.307,no_textgrid_after_beam10_retry40,D:\20_AUDIO\03_wav\individual\2020\SDRW2000001120\SDRW2000001120.1.1.307.lab,35,D:\20_AUDIO\03_wav\individual\2020\SDRW2000001120\SDRW2000001120.1.1.307.wav,True
2020,SDRW2000001120,SDRW2000001120.1.1.308,no_textgrid_after_beam10_retry40,D:\20_AUDIO\03_wav\individual\2020\SDRW2000001120\SDRW2000001120.1.1.308.lab,35,D:\20_AUDIO\03_wav\individual\2020\SDRW2000001120\SDRW2000001120.1.1.308.wav,True
2020,SDRW2000001120,SDRW2000001120.1.1.319,no_textgrid_after_beam10_retry40,D:\20_AUDIO\03_wav\individual\2020\SDRW2000001120\SDRW2000001120.1.1.319.lab,33,D:\20_AUDIO\03_wav\individual\2020\SDRW2000001120\SDRW2000001120.1.1.319.wav,True
2020,SDRW2000001120,SDRW2000001120.1.1.327,no_textgrid_after_beam10_retry40,D:\20_AUDIO\03_wav\individual\2020\SDRW2000001120\SDRW2000001120.1.1.327.lab,32,D:\20_AUDIO\03_wav\individual\2020\SDRW2000001120\SDRW2000001120.1.1.327.wav,True
2020,SDRW2000001120,SDRW2000001120.1.1.347,no_textgrid_after_beam10_retry40,D:\20_AUDIO\03_wav\individual\2020\SDRW2000001120\SDRW2000001120.1.1.347.lab,38,D:\20_AUDIO\03_wav\individual\2020\SDRW2000001120\SDRW2000001120.1.1.347.wav,True
2020,SDRW2000001120,SDRW2000001120.1.1.353,no_textgrid_after_beam10_retry40,D:\20_AUDIO\03_wav\individual\2020\SDRW2000001120\SDRW2000001120.1.1.353.lab,53,D:\20_AUDIO\03_wav\individual\2020\SDRW2000001120\SDRW2000001120.1.1.353.wav,True
2020,SDRW2000001120,SDRW2000001120.1.1.354,no_textgrid_after_beam10_retry40,D:\20_AUDIO\03_wav\individual\2020\SDRW2000001120\SDRW2000001120.1.1.354.lab,36,D:\20_AUDIO\03_wav\individual\2020\SDRW2000001120\SDRW2000001120.1.1.354.wav,True
2020,SDRW2000001120,SDRW2000001120.1.1.357,no_textgrid_after_beam10_retry40,D:\20_AUDIO\03_wav\individual\2020\SDRW2000001120\SDRW2000001120.1.1.357.lab,47,D:\20_AUDIO\03_wav\individual\2020\SDRW2000001120\SDRW2000001120.1.1.357.wav,True
2020,SDRW2000001120,SDRW2000001120.1.1.361,no_textgrid_after_beam10_retry40,D:\20_AUDIO\03_wav\individual\2020\SDRW2000001120\SDRW2000001120.1.1.361.lab,32,D:\20_AUDIO\03_wav\individual\2020\SDRW2000001120\SDRW2000001120.1.1.361.wav,True
2020,SDRW2000001120,SDRW2000001120.1.1.364,no_textgrid_after_beam10_retry40,D:\20_AUDIO\03_wav\individual\2020\SDRW2000001120\SDRW2000001120.1.1.364.lab,42,D:\20_AUDIO\03_wav\individual\2020\SDRW2000001120\SDRW2000001120.1.1.364.wav,True
2020,SDRW2000001120,SDRW2000001120.1.1.374,no_textgrid_after_beam10_retry40,D:\20_AUDIO\03_wav\individual\2020\SDRW2000001120\SDRW2000001120.1.1.374.lab,30,D:\20_AUDIO\03_wav\individual\2020\SDRW2000001120\SDRW2000001120.1.1.374.wav,True
2020,SDRW2000001120,SDRW2000001120.1.1.375,no_textgrid_after_beam10_retry40,D:\20_AUDIO\03_wav\individual\2020\SDRW2000001120\SDRW2000001120.1.1.375.lab,19,D:\20_AUDIO\03_wav\individual\2020\SDRW2000001120\SDRW2000001120.1.1.375.wav,True
2020,SDRW2000001120,SDRW2000001120.1.1.390,no_textgrid_after_beam10_retry40,D:\20_AUDIO\03_wav\individual\2020\SDRW2000001120\SDRW2000001120.1.1.390.lab,51,D:\20_AUDIO\03_wav\individual\2020\SDRW2000001120\SDRW2000001120.1.1.390.wav,True
2020,SDRW2000001120,SDRW2000001120.1.1.394,no_textgrid_after_beam10_retry40,D:\20_AUDIO\03_wav\individual\2020\SDRW2000001120\SDRW2000001120.1.1.394.lab,32,D:\20_AUDIO\03_wav\individual\2020\SDRW2000001120\SDRW2000001120.1.1.394.wav,True
2020,SDRW2000001120,SDRW2000001120.1.1.396,no_textgrid_after_beam10_retry40,D:\20_AUDIO\03_wav\individual\2020\SDRW2000001120\SDRW2000001120.1.1.396.lab,50,D:\20_AUDIO\03_wav\individual\2020\SDRW2000001120\SDRW2000001120.1.1.396.wav,True
2020,SDRW2000001120,SDRW2000001120.1.1.414,no_textgrid_after_beam10_retry40,D:\20_AUDIO\03_wav\individual\2020\SDRW2000001120\SDRW2000001120.1.1.414.lab,26,D:\20_AUDIO\03_wav\individual\2020\SDRW2000001120\SDRW2000001120.1.1.414.wav,True
2020,SDRW2000001120,SDRW2000001120.1.1.431,no_textgrid_after_beam10_retry40,D:\20_AUDIO\03_wav\individual\2020\SDRW2000001120\SDRW2000001120.1.1.431.lab,25,D:\20_AUDIO\03_wav\individual\2020\SDRW2000001120\SDRW2000001120.1.1.431.wav,True
2020,SDRW2000001120,SDRW2000001120.1.1.442,no_textgrid_after_beam10_retry40,D:\20_AUDIO\03_wav\individual\2020\SDRW2000001120\SDRW2000001120.1.1.442.lab,89,D:\20_AUDIO\03_wav\individual\2020\SDRW2000001120\SDRW2000001120.1.1.442.wav,True
2020,SDRW2000001120,SDRW2000001120.1.1.459,no_textgrid_after_beam10_retry40,D:\20_AUDIO\03_wav\individual\2020\SDRW2000001120\SDRW2000001120.1.1.459.lab,41,D:\20_AUDIO\03_wav\individual\2020\SDRW2000001120\SDRW2000001120.1.1.459.wav,True
2020,SDRW2000001120,SDRW2000001120.1.1.461,no_textgrid_after_beam10_retry40,D:\20_AUDIO\03_wav\individual\2020\SDRW2000001120\SDRW2000001120.1.1.461.lab,79,D:\20_AUDIO\03_wav\individual\2020\SDRW2000001120\SDRW2000001120.1.1.461.wav,True
2020,SDRW2000001120,SDRW2000001120.1.1.51,no_textgrid_after_beam10_retry40,D:\20_AUDIO\03_wav\individual\2020\SDRW2000001120\SDRW2000001120.1.1.51.lab,67,D:\20_AUDIO\03_wav\individual\2020\SDRW2000001120\SDRW2000001120.1.1.51.wav,True
2020,SDRW2000001120,SDRW2000001120.1.1.66,no_textgrid_after_beam10_retry40,D:\20_AUDIO\03_wav\individual\2020\SDRW2000001120\SDRW2000001120.1.1.66.lab,46,D:\20_AUDIO\03_wav\individual\2020\SDRW2000001120\SDRW2000001120.1.1.66.wav,True
2020,SDRW2000001120,SDRW2000001120.1.1.69,no_textgrid_after_beam10_retry40,D:\20_AUDIO\03_wav\individual\2020\SDRW2000001120\SDRW2000001120.1.1.69.lab,64,D:\20_AUDIO\03_wav\individual\2020\SDRW2000001120\SDRW2000001120.1.1.69.wav,True
2020,SDRW2000001120,SDRW2000001120.1.1.75,no_textgrid_after_beam10_retry40,D:\20_AUDIO\03_wav\individual\2020\SDRW2000001120\SDRW2000001120.1.1.75.lab,34,D:\20_AUDIO\03_wav\individual\2020\SDRW2000001120\SDRW2000001120.1.1.75.wav,True
2020,SDRW2000001120,SDRW2000001120.1.1.78,no_textgrid_after_beam10_retry40,D:\20_AUDIO\03_wav\individual\2020\SDRW2000001120\SDRW2000001120.1.1.78.lab,87,D:\20_AUDIO\03_wav\individual\2020\SDRW2000001120\SDRW2000001120.1.1.78.wav,True
2020,SDRW2000001120,SDRW2000001120.1.1.79,no_textgrid_after_beam10_retry40,D:\20_AUDIO\03_wav\individual\2020\SDRW2000001120\SDRW2000001120.1.1.79.lab,53,D:\20_AUDIO\03_wav\individual\2020\SDRW2000001120\SDRW2000001120.1.1.79.wav,True
2020,SDRW2000001120,SDRW2000001120.1.1.83,no_textgrid_after_beam10_retry40,D:\20_AUDIO\03_wav\individual\2020\SDRW2000001120\SDRW2000001120.1.1.83.lab,37,D:\20_AUDIO\03_wav\individual\2020\SDRW2000001120\SDRW2000001120.1.1.83.wav,True
2020,SDRW2000001120,SDRW2000001120.1.1.88,no_textgrid_after_beam10_retry40,D:\20_AUDIO\03_wav\individual\2020\SDRW2000001120\SDRW2000001120.1.1.88.lab,82,D:\20_AUDIO\03_wav\individual\2020\SDRW2000001120\SDRW2000001120.1.1.88.wav,True
2020,SDRW2000001120,SDRW2000001120.1.1.92,no_textgrid_after_beam10_retry40,D:\20_AUDIO\03_wav\individual\2020\SDRW2000001120\SDRW2000001120.1.1.92.lab,28,D:\20_AUDIO\03_wav\individual\2020\SDRW2000001120\SDRW2000001120.1.1.92.wav,True
2020,SDRW2000001123,SDRW2000001123.1.1.106,no_textgrid_after_beam10_retry40,D:\20_AUDIO\03_wav\individual\2020\SDRW2000001123\SDRW2000001123.1.1.106.lab,42,D:\20_AUDIO\03_wav\individual\2020\SDRW2000001123\SDRW2000001123.1.1.106.wav,True
2020,SDRW2000001123,SDRW2000001123.1.1.109,no_textgrid_after_beam10_retry40,D:\20_AUDIO\03_wav\individual\2020\SDRW2000001123\SDRW2000001123.1.1.109.lab,58,D:\20_AUDIO\03_wav\individual\2020\SDRW2000001123\SDRW2000001123.1.1.109.wav,True
2020,SDRW2000001123,SDRW2000001123.1.1.110,no_textgrid_after_beam10_retry40,D:\20_AUDIO\03_wav\individual\2020\SDRW2000001123\SDRW2000001123.1.1.110.lab,29,D:\20_AUDIO\03_wav\individual\2020\SDRW2000001123\SDRW2000001123.1.1.110.wav,True
2020,SDRW2000001123,SDRW2000001123.1.1.111,no_textgrid_after_beam10_retry40,D:\20_AUDIO\03_wav\individual\2020\SDRW2000001123\SDRW2000001123.1.1.111.lab,65,D:\20_AUDIO\03_wav\individual\2020\SDRW2000001123\SDRW2000001123.1.1.111.wav,True
2020,SDRW2000001123,SDRW2000001123.1.1.113,no_textgrid_after_beam10_retry40,D:\20_AUDIO\03_wav\individual\2020\SDRW2000001123\SDRW2000001123.1.1.113.lab,52,D:\20_AUDIO\03_wav\individual\2020\SDRW2000001123\SDRW2000001123.1.1.113.wav,True
2020,SDRW2000001123,SDRW2000001123.1.1.114,no_textgrid_after_beam10_retry40,D:\20_AUDIO\03_wav\individual\2020\SDRW2000001123\SDRW2000001123.1.1.114.lab,37,D:\20_AUDIO\03_wav\individual\2020\SDRW2000001123\SDRW2000001123.1.1.114.wav,True
2020,SDRW2000001123,SDRW2000001123.1.1.118,no_textgrid_after_beam10_retry40,D:\20_AUDIO\03_wav\individual\2020\SDRW2000001123\SDRW2000001123.1.1.118.lab,22,D:\20_AUDIO\03_wav\individual\2020\SDRW2000001123\SDRW2000001123.1.1.118.wav,True
2020,SDRW2000001123,SDRW2000001123.1.1.12,no_textgrid_after_beam10_retry40,D:\20_AUDIO\03_wav\individual\2020\SDRW2000001123\SDRW2000001123.1.1.12.lab,43,D:\20_AUDIO\03_wav\individual\2020\SDRW2000001123\SDRW2000001123.1.1.12.wav,True
2020,SDRW2000001123,SDRW2000001123.1.1.122,no_textgrid_after_beam10_retry40,D:\20_AUDIO\03_wav\individual\2020\SDRW2000001123\SDRW2000001123.1.1.122.lab,64,D:\20_AUDIO\03_wav\individual\2020\SDRW2000001123\SDRW2000001123.1.1.122.wav,True
2020,SDRW2000001123,SDRW2000001123.1.1.123,no_textgrid_after_beam10_retry40,D:\20_AUDIO\03_wav\individual\2020\SDRW2000001123\SDRW2000001123.1.1.123.lab,48,D:\20_AUDIO\03_wav\individual\2020\SDRW2000001123\SDRW2000001123.1.1.123.wav,True
2020,SDRW2000001123,SDRW2000001123.1.1.135,no_textgrid_after_beam10_retry40,D:\20_AUDIO\03_wav\individual\2020\SDRW2000001123\SDRW2000001123.1.1.135.lab,102,D:\20_AUDIO\03_wav\individual\2020\SDRW2000001123\SDRW2000001123.1.1.135.wav,True
2020,SDRW2000001123,SDRW2000001123.1.1.142,no_textgrid_after_beam10_retry40,D:\20_AUDIO\03_wav\individual\2020\SDRW2000001123\SDRW2000001123.1.1.142.lab,74,D:\20_AUDIO\03_wav\individual\2020\SDRW2000001123\SDRW2000001123.1.1.142.wav,True
2020,SDRW2000001123,SDRW2000001123.1.1.147,no_textgrid_after_beam10_retry40,D:\20_AUDIO\03_wav\individual\2020\SDRW2000001123\SDRW2000001123.1.1.147.lab,60,D:\20_AUDIO\03_wav\individual\2020\SDRW2000001123\SDRW2000001123.1.1.147.wav,True
2020,SDRW2000001123,SDRW2000001123.1.1.154,no_textgrid_after_beam10_retry40,D:\20_AUDIO\03_wav\individual\2020\SDRW2000001123\SDRW2000001123.1.1.154.lab,61,D:\20_AUDIO\03_wav\individual\2020\SDRW2000001123\SDRW2000001123.1.1.154.wav,True
2020,SDRW2000001123,SDRW2000001123.1.1.160,no_textgrid_after_beam10_retry40,D:\20_AUDIO\03_wav\individual\2020\SDRW2000001123\SDRW2000001123.1.1.160.lab,67,D:\20_AUDIO\03_wav\individual\2020\SDRW2000001123\SDRW2000001123.1.1.160.wav,True
2020,SDRW2000001123,SDRW2000001123.1.1.162,no_textgrid_after_beam10_retry40,D:\20_AUDIO\03_wav\individual\2020\SDRW2000001123\SDRW2000001123.1.1.162.lab,46,D:\20_AUDIO\03_wav\individual\2020\SDRW2000001123\SDRW2000001123.1.1.162.wav,True
2020,SDRW2000001123,SDRW2000001123.1.1.163,no_textgrid_after_beam10_retry40,D:\20_AUDIO\03_wav\individual\2020\SDRW2000001123\SDRW2000001123.1.1.163.lab,107,D:\20_AUDIO\03_wav\individual\2020\SDRW2000001123\SDRW2000001123.1.1.163.wav,True
2020,SDRW2000001123,SDRW2000001123.1.1.168,no_textgrid_after_beam10_retry40,D:\20_AUDIO\03_wav\individual\2020\SDRW2000001123\SDRW2000001123.1.1.168.lab,72,D:\20_AUDIO\03_wav\individual\2020\SDRW2000001123\SDRW2000001123.1.1.168.wav,True
2020,SDRW2000001123,SDRW2000001123.1.1.170,no_textgrid_after_beam10_retry40,D:\20_AUDIO\03_wav\individual\2020\SDRW2000001123\SDRW2000001123.1.1.170.lab,59,D:\20_AUDIO\03_wav\individual\2020\SDRW2000001123\SDRW2000001123.1.1.170.wav,True
2020,SDRW2000001123,SDRW2000001123.1.1.176,no_textgrid_after_beam10_retry40,D:\20_AUDIO\03_wav\individual\2020\SDRW2000001123\SDRW2000001123.1.1.176.lab,64,D:\20_AUDIO\03_wav\individual\2020\SDRW2000001123\SDRW2000001123.1.1.176.wav,True
2020,SDRW2000001123,SDRW2000001123.1.1.177,no_textgrid_after_beam10_retry40,D:\20_AUDIO\03_wav\individual\2020\SDRW2000001123\SDRW2000001123.1.1.177.lab,49,D:\20_AUDIO\03_wav\individual\2020\SDRW2000001123\SDRW2000001123.1.1.177.wav,True
2020,SDRW2000001123,SDRW2000001123.1.1.181,no_textgrid_after_beam10_retry40,D:\20_AUDIO\03_wav\individual\2020\SDRW2000001123\SDRW2000001123.1.1.181.lab,16,D:\20_AUDIO\03_wav\individual\2020\SDRW2000001123\SDRW2000001123.1.1.181.wav,True
2020,SDRW2000001123,SDRW2000001123.1.1.188,no_textgrid_after_beam10_retry40,D:\20_AUDIO\03_wav\individual\2020\SDRW2000001123\SDRW2000001123.1.1.188.lab,83,D:\20_AUDIO\03_wav\individual\2020\SDRW2000001123\SDRW2000001123.1.1.188.wav,True
2020,SDRW2000001123,SDRW2000001123.1.1.204,no_textgrid_after_beam10_retry40,D:\20_AUDIO\03_wav\individual\2020\SDRW2000001123\SDRW2000001123.1.1.204.lab,42,D:\20_AUDIO\03_wav\individual\2020\SDRW2000001123\SDRW2000001123.1.1.204.wav,True
2020,SDRW2000001123,SDRW2000001123.1.1.205,no_textgrid_after_beam10_retry40,D:\20_AUDIO\03_wav\individual\2020\SDRW2000001123\SDRW2000001123.1.1.205.lab,93,D:\20_AUDIO\03_wav\individual\2020\SDRW2000001123\SDRW2000001123.1.1.205.wav,True
2020,SDRW2000001123,SDRW2000001123.1.1.211,no_textgrid_after_beam10_retry40,D:\20_AUDIO\03_wav\individual\2020\SDRW2000001123\SDRW2000001123.1.1.211.lab,62,D:\20_AUDIO\03_wav\individual\2020\SDRW2000001123\SDRW2000001123.1.1.211.wav,True
2020,SDRW2000001123,SDRW2000001123.1.1.213,no_textgrid_after_beam10_retry40,D:\20_AUDIO\03_wav\individual\2020\SDRW2000001123\SDRW2000001123.1.1.213.lab,71,D:\20_AUDIO\03_wav\individual\2020\SDRW2000001123\SDRW2000001123.1.1.213.wav,True
2020,SDRW2000001123,SDRW2000001123.1.1.218,no_textgrid_after_beam10_retry40,D:\20_AUDIO\03_wav\individual\2020\SDRW2000001123\SDRW2000001123.1.1.218.lab,35,D:\20_AUDIO\03_wav\individual\2020\SDRW2000001123\SDRW2000001123.1.1.218.wav,True
2020,SDRW2000001123,SDRW2000001123.1.1.220,no_textgrid_after_beam10_retry40,D:\20_AUDIO\03_wav\individual\2020\SDRW2000001123\SDRW2000001123.1.1.220.lab,54,D:\20_AUDIO\03_wav\individual\2020\SDRW2000001123\SDRW2000001123.1.1.220.wav,True
2020,SDRW2000001123,SDRW2000001123.1.1.221,no_textgrid_after_beam10_retry40,D:\20_AUDIO\03_wav\individual\2020\SDRW2000001123\SDRW2000001123.1.1.221.lab,38,D:\20_AUDIO\03_wav\individual\2020\SDRW2000001123\SDRW2000001123.1.1.221.wav,True
2020,SDRW2000001123,SDRW2000001123.1.1.228,no_textgrid_after_beam10_retry40,D:\20_AUDIO\03_wav\individual\2020\SDRW2000001123\SDRW2000001123.1.1.228.lab,79,D:\20_AUDIO\03_wav\individual\2020\SDRW2000001123\SDRW2000001123.1.1.228.wav,True
2020,SDRW2000001123,SDRW2000001123.1.1.232,no_textgrid_after_beam10_retry40,D:\20_AUDIO\03_wav\individual\2020\SDRW2000001123\SDRW2000001123.1.1.232.lab,67,D:\20_AUDIO\03_wav\individual\2020\SDRW2000001123\SDRW2000001123.1.1.232.wav,True
2020,SDRW2000001123,SDRW2000001123.1.1.234,no_textgrid_after_beam10_retry40,D:\20_AUDIO\03_wav\individual\2020\SDRW2000001123\SDRW2000001123.1.1.234.lab,36,D:\20_AUDIO\03_wav\individual\2020\SDRW2000001123\SDRW2000001123.1.1.234.wav,True
2020,SDRW2000001123,SDRW2000001123.1.1.235,no_textgrid_after_beam10_retry40,D:\20_AUDIO\03_wav\individual\2020\SDRW2000001123\SDRW2000001123.1.1.235.lab,41,D:\20_AUDIO\03_wav\individual\2020\SDRW2000001123\SDRW2000001123.1.1.235.wav,True
2020,SDRW2000001123,SDRW2000001123.1.1.239,no_textgrid_after_beam10_retry40,D:\20_AUDIO\03_wav\individual\2020\SDRW2000001123\SDRW2000001123.1.1.239.lab,41,D:\20_AUDIO\03_wav\individual\2020\SDRW2000001123\SDRW2000001123.1.1.239.wav,True
2020,SDRW2000001123,SDRW2000001123.1.1.240,no_textgrid_after_beam10_retry40,D:\20_AUDIO\03_wav\individual\2020\SDRW2000001123\SDRW2000001123.1.1.240.lab,85,D:\20_AUDIO\03_wav\individual\2020\SDRW2000001123\SDRW2000001123.1.1.240.wav,True
2020,SDRW2000001123,SDRW2000001123.1.1.242,no_textgrid_after_beam10_retry40,D:\20_AUDIO\03_wav\individual\2020\SDRW2000001123\SDRW2000001123.1.1.242.lab,57,D:\20_AUDIO\03_wav\individual\2020\SDRW2000001123\SDRW2000001123.1.1.242.wav,True
2020,SDRW2000001123,SDRW2000001123.1.1.250,no_textgrid_after_beam10_retry40,D:\20_AUDIO\03_wav\individual\2020\SDRW2000001123\SDRW2000001123.1.1.250.lab,47,D:\20_AUDIO\03_wav\individual\2020\SDRW2000001123\SDRW2000001123.1.1.250.wav,True
2020,SDRW2000001123,SDRW2000001123.1.1.257,no_textgrid_after_beam10_retry40,D:\20_AUDIO\03_wav\individual\2020\SDRW2000001123\SDRW2000001123.1.1.257.lab,64,D:\20_AUDIO\03_wav\individual\2020\SDRW2000001123\SDRW2000001123.1.1.257.wav,True
2020,SDRW2000001123,SDRW2000001123.1.1.262,no_textgrid_after_beam10_retry40,D:\20_AUDIO\03_wav\individual\2020\SDRW2000001123\SDRW2000001123.1.1.262.lab,50,D:\20_AUDIO\03_wav\individual\2020\SDRW2000001123\SDRW2000001123.1.1.262.wav,True
2020,SDRW2000001123,SDRW2000001123.1.1.276,no_textgrid_after_beam10_retry40,D:\20_AUDIO\03_wav\individual\2020\SDRW2000001123\SDRW2000001123.1.1.276.lab,40,D:\20_AUDIO\03_wav\individual\2020\SDRW2000001123\SDRW2000001123.1.1.276.wav,True
2020,SDRW2000001123,SDRW2000001123.1.1.285,no_textgrid_after_beam10_retry40,D:\20_AUDIO\03_wav\individual\2020\SDRW2000001123\SDRW2000001123.1.1.285.lab,43,D:\20_AUDIO\03_wav\individual\2020\SDRW2000001123\SDRW2000001123.1.1.285.wav,True
2020,SDRW2000001123,SDRW2000001123.1.1.294,no_textgrid_after_beam10_retry40,D:\20_AUDIO\03_wav\individual\2020\SDRW2000001123\SDRW2000001123.1.1.294.lab,37,D:\20_AUDIO\03_wav\individual\2020\SDRW2000001123\SDRW2000001123.1.1.294.wav,True
2020,SDRW2000001123,SDRW2000001123.1.1.295,no_textgrid_after_beam10_retry40,D:\20_AUDIO\03_wav\individual\2020\SDRW2000001123\SDRW2000001123.1.1.295.lab,37,D:\20_AUDIO\03_wav\individual\2020\SDRW2000001123\SDRW2000001123.1.1.295.wav,True
2020,SDRW2000001123,SDRW2000001123.1.1.297,no_textgrid_after_beam10_retry40,D:\20_AUDIO\03_wav\individual\2020\SDRW2000001123\SDRW2000001123.1.1.297.lab,55,D:\20_AUDIO\03_wav\individual\2020\SDRW2000001123\SDRW2000001123.1.1.297.wav,True
2020,SDRW2000001123,SDRW2000001123.1.1.299,no_textgrid_after_beam10_retry40,D:\20_AUDIO\03_wav\individual\2020\SDRW2000001123\SDRW2000001123.1.1.299.lab,46,D:\20_AUDIO\03_wav\individual\2020\SDRW2000001123\SDRW2000001123.1.1.299.wav,True
2020,SDRW2000001123,SDRW2000001123.1.1.305,no_textgrid_after_beam10_retry40,D:\20_AUDIO\03_wav\individual\2020\SDRW2000001123\SDRW2000001123.1.1.305.lab,63,D:\20_AUDIO\03_wav\individual\2020\SDRW2000001123\SDRW2000001123.1.1.305.wav,True
2020,SDRW2000001123,SDRW2000001123.1.1.313,no_textgrid_after_beam10_retry40,D:\20_AUDIO\03_wav\individual\2020\SDRW2000001123\SDRW2000001123.1.1.313.lab,56,D:\20_AUDIO\03_wav\individual\2020\SDRW2000001123\SDRW2000001123.1.1.313.wav,True
2020,SDRW2000001123,SDRW2000001123.1.1.316,no_textgrid_after_beam10_retry40,D:\20_AUDIO\03_wav\individual\2020\SDRW2000001123\SDRW2000001123.1.1.316.lab,50,D:\20_AUDIO\03_wav\individual\2020\SDRW2000001123\SDRW2000001123.1.1.316.wav,True
2020,SDRW2000001123,SDRW2000001123.1.1.318,no_textgrid_after_beam10_retry40,D:\20_AUDIO\03_wav\individual\2020\SDRW2000001123\SDRW2000001123.1.1.318.lab,34,D:\20_AUDIO\03_wav\individual\2020\SDRW2000001123\SDRW2000001123.1.1.318.wav,True
2020,SDRW2000001123,SDRW2000001123.1.1.322,no_textgrid_after_beam10_retry40,D:\20_AUDIO\03_wav\individual\2020\SDRW2000001123\SDRW2000001123.1.1.322.lab,57,D:\20_AUDIO\03_wav\individual\2020\SDRW2000001123\SDRW2000001123.1.1.322.wav,True
2020,SDRW2000001123,SDRW2000001123.1.1.324,no_textgrid_after_beam10_retry40,D:\20_AUDIO\03_wav\individual\2020\SDRW2000001123\SDRW2000001123.1.1.324.lab,40,D:\20_AUDIO\03_wav\individual\2020\SDRW2000001123\SDRW2000001123.1.1.324.wav,True
2020,SDRW2000001123,SDRW2000001123.1.1.326,no_textgrid_after_beam10_retry40,D:\20_AUDIO\03_wav\individual\2020\SDRW2000001123\SDRW2000001123.1.1.326.lab,62,D:\20_AUDIO\03_wav\individual\2020\SDRW2000001123\SDRW2000001123.1.1.326.wav,True
2020,SDRW2000001123,SDRW2000001123.1.1.33,no_textgrid_after_beam10_retry40,D:\20_AUDIO\03_wav\individual\2020\SDRW2000001123\SDRW2000001123.1.1.33.lab,30,D:\20_AUDIO\03_wav\individual\2020\SDRW2000001123\SDRW2000001123.1.1.33.wav,True
2020,SDRW2000001123,SDRW2000001123.1.1.335,no_textgrid_after_beam10_retry40,D:\20_AUDIO\03_wav\individual\2020\SDRW2000001123\SDRW2000001123.1.1.335.lab,61,D:\20_AUDIO\03_wav\individual\2020\SDRW2000001123\SDRW2000001123.1.1.335.wav,True
2020,SDRW2000001123,SDRW2000001123.1.1.336,no_textgrid_after_beam10_retry40,D:\20_AUDIO\03_wav\individual\2020\SDRW2000001123\SDRW2000001123.1.1.336.lab,63,D:\20_AUDIO\03_wav\individual\2020\SDRW2000001123\SDRW2000001123.1.1.336.wav,True
2020,SDRW2000001123,SDRW2000001123.1.1.342,no_textgrid_after_beam10_retry40,D:\20_AUDIO\03_wav\individual\2020\SDRW2000001123\SDRW2000001123.1.1.342.lab,60,D:\20_AUDIO\03_wav\individual\2020\SDRW2000001123\SDRW2000001123.1.1.342.wav,True
2020,SDRW2000001123,SDRW2000001123.1.1.347,no_textgrid_after_beam10_retry40,D:\20_AUDIO\03_wav\individual\2020\SDRW2000001123\SDRW2000001123.1.1.347.lab,47,D:\20_AUDIO\03_wav\individual\2020\SDRW2000001123\SDRW2000001123.1.1.347.wav,True
2020,SDRW2000001123,SDRW2000001123.1.1.350,no_textgrid_after_beam10_retry40,D:\20_AUDIO\03_wav\individual\2020\SDRW2000001123\SDRW2000001123.1.1.350.lab,63,D:\20_AUDIO\03_wav\individual\2020\SDRW2000001123\SDRW2000001123.1.1.350.wav,True
2020,SDRW2000001123,SDRW2000001123.1.1.352,no_textgrid_after_beam10_retry40,D:\20_AUDIO\03_wav\individual\2020\SDRW2000001123\SDRW2000001123.1.1.352.lab,48,D:\20_AUDIO\03_wav\individual\2020\SDRW2000001123\SDRW2000001123.1.1.352.wav,True
2020,SDRW2000001123,SDRW2000001123.1.1.356,no_textgrid_after_beam10_retry40,D:\20_AUDIO\03_wav\individual\2020\SDRW2000001123\SDRW2000001123.1.1.356.lab,77,D:\20_AUDIO\03_wav\individual\2020\SDRW2000001123\SDRW2000001123.1.1.356.wav,True
2020,SDRW2000001123,SDRW2000001123.1.1.4,no_textgrid_after_beam10_retry40,D:\20_AUDIO\03_wav\individual\2020\SDRW2000001123\SDRW2000001123.1.1.4.lab,36,D:\20_AUDIO\03_wav\individual\2020\SDRW2000001123\SDRW2000001123.1.1.4.wav,True
2020,SDRW2000001123,SDRW2000001123.1.1.40,no_textgrid_after_beam10_retry40,D:\20_AUDIO\03_wav\individual\2020\SDRW2000001123\SDRW2000001123.1.1.40.lab,26,D:\20_AUDIO\03_wav\individual\2020\SDRW2000001123\SDRW2000001123.1.1.40.wav,True
2020,SDRW2000001123,SDRW2000001123.1.1.41,no_textgrid_after_beam10_retry40,D:\20_AUDIO\03_wav\individual\2020\SDRW2000001123\SDRW2000001123.1.1.41.lab,58,D:\20_AUDIO\03_wav\individual\2020\SDRW2000001123\SDRW2000001123.1.1.41.wav,True
2020,SDRW2000001123,SDRW2000001123.1.1.46,no_textgrid_after_beam10_retry40,D:\20_AUDIO\03_wav\individual\2020\SDRW2000001123\SDRW2000001123.1.1.46.lab,69,D:\20_AUDIO\03_wav\individual\2020\SDRW2000001123\SDRW2000001123.1.1.46.wav,True
2020,SDRW2000001123,SDRW2000001123.1.1.47,no_textgrid_after_beam10_retry40,D:\20_AUDIO\03_wav\individual\2020\SDRW2000001123\SDRW2000001123.1.1.47.lab,36,D:\20_AUDIO\03_wav\individual\2020\SDRW2000001123\SDRW2000001123.1.1.47.wav,True
2020,SDRW2000001123,SDRW2000001123.1.1.58,no_textgrid_after_beam10_retry40,D:\20_AUDIO\03_wav\individual\2020\SDRW2000001123\SDRW2000001123.1.1.58.lab,75,D:\20_AUDIO\03_wav\individual\2020\SDRW2000001123\SDRW2000001123.1.1.58.wav,True
2020,SDRW2000001123,SDRW2000001123.1.1.68,no_textgrid_after_beam10_retry40,D:\20_AUDIO\03_wav\individual\2020\SDRW2000001123\SDRW2000001123.1.1.68.lab,77,D:\20_AUDIO\03_wav\individual\2020\SDRW2000001123\SDRW2000001123.1.1.68.wav,True
2020,SDRW2000001123,SDRW2000001123.1.1.7,no_textgrid_after_beam10_retry40,D:\20_AUDIO\03_wav\individual\2020\SDRW2000001123\SDRW2000001123.1.1.7.lab,24,D:\20_AUDIO\03_wav\individual\2020\SDRW2000001123\SDRW2000001123.1.1.7.wav,True
2020,SDRW2000001123,SDRW2000001123.1.1.73,no_textgrid_after_beam10_retry40,D:\20_AUDIO\03_wav\individual\2020\SDRW2000001123\SDRW2000001123.1.1.73.lab,51,D:\20_AUDIO\03_wav\individual\2020\SDRW2000001123\SDRW2000001123.1.1.73.wav,True
2020,SDRW2000001123,SDRW2000001123.1.1.98,no_textgrid_after_beam10_retry40,D:\20_AUDIO\03_wav\individual\2020\SDRW2000001123\SDRW2000001123.1.1.98.lab,83,D:\20_AUDIO\03_wav\individual\2020\SDRW2000001123\SDRW2000001123.1.1.98.wav,True
2020,SDRW2000001124,SDRW2000001124.1.1.104,no_textgrid_after_beam10_retry40,D:\20_AUDIO\03_wav\individual\2020\SDRW2000001124\SDRW2000001124.1.1.104.lab,47,D:\20_AUDIO\03_wav\individual\2020\SDRW2000001124\SDRW2000001124.1.1.104.wav,True
2020,SDRW2000001124,SDRW2000001124.1.1.107,no_textgrid_after_beam10_retry40,D:\20_AUDIO\03_wav\individual\2020\SDRW2000001124\SDRW2000001124.1.1.107.lab,37,D:\20_AUDIO\03_wav\individual\2020\SDRW2000001124\SDRW2000001124.1.1.107.wav,True
2020,SDRW2000001124,SDRW2000001124.1.1.111,no_textgrid_after_beam10_retry40,D:\20_AUDIO\03_wav\individual\2020\SDRW2000001124\SDRW2000001124.1.1.111.lab,62,D:\20_AUDIO\03_wav\individual\2020\SDRW2000001124\SDRW2000001124.1.1.111.wav,True
2020,SDRW2000001124,SDRW2000001124.1.1.114,no_textgrid_after_beam10_retry40,D:\20_AUDIO\03_wav\individual\2020\SDRW2000001124\SDRW2000001124.1.1.114.lab,71,D:\20_AUDIO\03_wav\individual\2020\SDRW2000001124\SDRW2000001124.1.1.114.wav,True
2020,SDRW2000001124,SDRW2000001124.1.1.115,no_textgrid_after_beam10_retry40,D:\20_AUDIO\03_wav\individual\2020\SDRW2000001124\SDRW2000001124.1.1.115.lab,49,D:\20_AUDIO\03_wav\individual\2020\SDRW2000001124\SDRW2000001124.1.1.115.wav,True
2020,SDRW2000001124,SDRW2000001124.1.1.122,no_textgrid_after_beam10_retry40,D:\20_AUDIO\03_wav\individual\2020\SDRW2000001124\SDRW2000001124.1.1.122.lab,52,D:\20_AUDIO\03_wav\individual\2020\SDRW2000001124\SDRW2000001124.1.1.122.wav,True
2020,SDRW2000001124,SDRW2000001124.1.1.123,no_textgrid_after_beam10_retry40,D:\20_AUDIO\03_wav\individual\2020\SDRW2000001124\SDRW2000001124.1.1.123.lab,58,D:\20_AUDIO\03_wav\individual\2020\SDRW2000001124\SDRW2000001124.1.1.123.wav,True
2020,SDRW2000001124,SDRW2000001124.1.1.129,no_textgrid_after_beam10_retry40,D:\20_AUDIO\03_wav\individual\2020\SDRW2000001124\SDRW2000001124.1.1.129.lab,73,D:\20_AUDIO\03_wav\individual\2020\SDRW2000001124\SDRW2000001124.1.1.129.wav,True
2020,SDRW2000001124,SDRW2000001124.1.1.133,no_textgrid_after_beam10_retry40,D:\20_AUDIO\03_wav\individual\2020\SDRW2000001124\SDRW2000001124.1.1.133.lab,112,D:\20_AUDIO\03_wav\individual\2020\SDRW2000001124\SDRW2000001124.1.1.133.wav,True
2020,SDRW2000001124,SDRW2000001124.1.1.134,no_textgrid_after_beam10_retry40,D:\20_AUDIO\03_wav\individual\2020\SDRW2000001124\SDRW2000001124.1.1.134.lab,80,D:\20_AUDIO\03_wav\individual\2020\SDRW2000001124\SDRW2000001124.1.1.134.wav,True
2020,SDRW2000001124,SDRW2000001124.1.1.139,no_textgrid_after_beam10_retry40,D:\20_AUDIO\03_wav\individual\2020\SDRW2000001124\SDRW2000001124.1.1.139.lab,54,D:\20_AUDIO\03_wav\individual\2020\SDRW2000001124\SDRW2000001124.1.1.139.wav,True
2020,SDRW2000001124,SDRW2000001124.1.1.140,no_textgrid_after_beam10_retry40,D:\20_AUDIO\03_wav\individual\2020\SDRW2000001124\SDRW2000001124.1.1.140.lab,73,D:\20_AUDIO\03_wav\individual\2020\SDRW2000001124\SDRW2000001124.1.1.140.wav,True
2020,SDRW2000001124,SDRW2000001124.1.1.145,no_textgrid_after_beam10_retry40,D:\20_AUDIO\03_wav\individual\2020\SDRW2000001124\SDRW2000001124.1.1.145.lab,56,D:\20_AUDIO\03_wav\individual\2020\SDRW2000001124\SDRW2000001124.1.1.145.wav,True
2020,SDRW2000001124,SDRW2000001124.1.1.147,no_textgrid_after_beam10_retry40,D:\20_AUDIO\03_wav\individual\2020\SDRW2000001124\SDRW2000001124.1.1.147.lab,72,D:\20_AUDIO\03_wav\individual\2020\SDRW2000001124\SDRW2000001124.1.1.147.wav,True
2020,SDRW2000001124,SDRW2000001124.1.1.155,no_textgrid_after_beam10_retry40,D:\20_AUDIO\03_wav\individual\2020\SDRW2000001124\SDRW2000001124.1.1.155.lab,54,D:\20_AUDIO\03_wav\individual\2020\SDRW2000001124\SDRW2000001124.1.1.155.wav,True
2020,SDRW2000001124,SDRW2000001124.1.1.156,no_textgrid_after_beam10_retry40,D:\20_AUDIO\03_wav\individual\2020\SDRW2000001124\SDRW2000001124.1.1.156.lab,36,D:\20_AUDIO\03_wav\individual\2020\SDRW2000001124\SDRW2000001124.1.1.156.wav,True
2020,SDRW2000001124,SDRW2000001124.1.1.161,no_textgrid_after_beam10_retry40,D:\20_AUDIO\03_wav\individual\2020\SDRW2000001124\SDRW2000001124.1.1.161.lab,54,D:\20_AUDIO\03_wav\individual\2020\SDRW2000001124\SDRW2000001124.1.1.161.wav,True
2020,SDRW2000001124,SDRW2000001124.1.1.163,no_textgrid_after_beam10_retry40,D:\20_AUDIO\03_wav\individual\2020\SDRW2000001124\SDRW2000001124.1.1.163.lab,42,D:\20_AUDIO\03_wav\individual\2020\SDRW2000001124\SDRW2000001124.1.1.163.wav,True
2020,SDRW2000001124,SDRW2000001124.1.1.168,no_textgrid_after_beam10_retry40,D:\20_AUDIO\03_wav\individual\2020\SDRW2000001124\SDRW2000001124.1.1.168.lab,82,D:\20_AUDIO\03_wav\individual\2020\SDRW2000001124\SDRW2000001124.1.1.168.wav,True
2020,SDRW2000001124,SDRW2000001124.1.1.169,no_textgrid_after_beam10_retry40,D:\20_AUDIO\03_wav\individual\2020\SDRW2000001124\SDRW2000001124.1.1.169.lab,42,D:\20_AUDIO\03_wav\individual\2020\SDRW2000001124\SDRW2000001124.1.1.169.wav,True
2020,SDRW2000001124,SDRW2000001124.1.1.179,no_textgrid_after_beam10_retry40,D:\20_AUDIO\03_wav\individual\2020\SDRW2000001124\SDRW2000001124.1.1.179.lab,43,D:\20_AUDIO\03_wav\individual\2020\SDRW2000001124\SDRW2000001124.1.1.179.wav,True
2020,SDRW2000001124,SDRW2000001124.1.1.183,no_textgrid_after_beam10_retry40,D:\20_AUDIO\03_wav\individual\2020\SDRW2000001124\SDRW2000001124.1.1.183.lab,66,D:\20_AUDIO\03_wav\individual\2020\SDRW2000001124\SDRW2000001124.1.1.183.wav,True
2020,SDRW2000001124,SDRW2000001124.1.1.193,no_textgrid_after_beam10_retry40,D:\20_AUDIO\03_wav\individual\2020\SDRW2000001124\SDRW2000001124.1.1.193.lab,50,D:\20_AUDIO\03_wav\individual\2020\SDRW2000001124\SDRW2000001124.1.1.193.wav,True
2020,SDRW2000001124,SDRW2000001124.1.1.206,no_textgrid_after_beam10_retry40,D:\20_AUDIO\03_wav\individual\2020\SDRW2000001124\SDRW2000001124.1.1.206.lab,60,D:\20_AUDIO\03_wav\individual\2020\SDRW2000001124\SDRW2000001124.1.1.206.wav,True
2020,SDRW2000001124,SDRW2000001124.1.1.213,no_textgrid_after_beam10_retry40,D:\20_AUDIO\03_wav\individual\2020\SDRW2000001124\SDRW2000001124.1.1.213.lab,73,D:\20_AUDIO\03_wav\individual\2020\SDRW2000001124\SDRW2000001124.1.1.213.wav,True
2020,SDRW2000001124,SDRW2000001124.1.1.214,no_textgrid_after_beam10_retry40,D:\20_AUDIO\03_wav\individual\2020\SDRW2000001124\SDRW2000001124.1.1.214.lab,34,D:\20_AUDIO\03_wav\individual\2020\SDRW2000001124\SDRW2000001124.1.1.214.wav,True
2020,SDRW2000001124,SDRW2000001124.1.1.216,no_textgrid_after_beam10_retry40,D:\20_AUDIO\03_wav\individual\2020\SDRW2000001124\SDRW2000001124.1.1.216.lab,77,D:\20_AUDIO\03_wav\individual\2020\SDRW2000001124\SDRW2000001124.1.1.216.wav,True
2020,SDRW2000001124,SDRW2000001124.1.1.217,no_textgrid_after_beam10_retry40,D:\20_AUDIO\03_wav\individual\2020\SDRW2000001124\SDRW2000001124.1.1.217.lab,107,D:\20_AUDIO\03_wav\individual\2020\SDRW2000001124\SDRW2000001124.1.1.217.wav,True
2020,SDRW2000001124,SDRW2000001124.1.1.220,no_textgrid_after_beam10_retry40,D:\20_AUDIO\03_wav\individual\2020\SDRW2000001124\SDRW2000001124.1.1.220.lab,105,D:\20_AUDIO\03_wav\individual\2020\SDRW2000001124\SDRW2000001124.1.1.220.wav,True
2020,SDRW2000001124,SDRW2000001124.1.1.37,no_textgrid_after_beam10_retry40,D:\20_AUDIO\03_wav\individual\2020\SDRW2000001124\SDRW2000001124.1.1.37.lab,109,D:\20_AUDIO\03_wav\individual\2020\SDRW2000001124\SDRW2000001124.1.1.37.wav,True
2020,SDRW2000001124,SDRW2000001124.1.1.41,no_textgrid_after_beam10_retry40,D:\20_AUDIO\03_wav\individual\2020\SDRW2000001124\SDRW2000001124.1.1.41.lab,56,D:\20_AUDIO\03_wav\individual\2020\SDRW2000001124\SDRW2000001124.1.1.41.wav,True
2020,SDRW2000001124,SDRW2000001124.1.1.45,no_textgrid_after_beam10_retry40,D:\20_AUDIO\03_wav\individual\2020\SDRW2000001124\SDRW2000001124.1.1.45.lab,62,D:\20_AUDIO\03_wav\individual\2020\SDRW2000001124\SDRW2000001124.1.1.45.wav,True
2020,SDRW2000001124,SDRW2000001124.1.1.57,no_textgrid_after_beam10_retry40,D:\20_AUDIO\03_wav\individual\2020\SDRW2000001124\SDRW2000001124.1.1.57.lab,100,D:\20_AUDIO\03_wav\individual\2020\SDRW2000001124\SDRW2000001124.1.1.57.wav,True
2020,SDRW2000001124,SDRW2000001124.1.1.60,no_textgrid_after_beam10_retry40,D:\20_AUDIO\03_wav\individual\2020\SDRW2000001124\SDRW2000001124.1.1.60.lab,69,D:\20_AUDIO\03_wav\individual\2020\SDRW2000001124\SDRW2000001124.1.1.60.wav,True
2020,SDRW2000001124,SDRW2000001124.1.1.64,no_textgrid_after_beam10_retry40,D:\20_AUDIO\03_wav\individual\2020\SDRW2000001124\SDRW2000001124.1.1.64.lab,60,D:\20_AUDIO\03_wav\individual\2020\SDRW2000001124\SDRW2000001124.1.1.64.wav,True
2020,SDRW2000001124,SDRW2000001124.1.1.67,no_textgrid_after_beam10_retry40,D:\20_AUDIO\03_wav\individual\2020\SDRW2000001124\SDRW2000001124.1.1.67.lab,41,D:\20_AUDIO\03_wav\individual\2020\SDRW2000001124\SDRW2000001124.1.1.67.wav,True
2020,SDRW2000001124,SDRW2000001124.1.1.71,no_textgrid_after_beam10_retry40,D:\20_AUDIO\03_wav\individual\2020\SDRW2000001124\SDRW2000001124.1.1.71.lab,70,D:\20_AUDIO\03_wav\individual\2020\SDRW2000001124\SDRW2000001124.1.1.71.wav,True
2020,SDRW2000001124,SDRW2000001124.1.1.73,no_textgrid_after_beam10_retry40,D:\20_AUDIO\03_wav\individual\2020\SDRW2000001124\SDRW2000001124.1.1.73.lab,87,D:\20_AUDIO\03_wav\individual\2020\SDRW2000001124\SDRW2000001124.1.1.73.wav,True
2020,SDRW2000001124,SDRW2000001124.1.1.74,no_textgrid_after_beam10_retry40,D:\20_AUDIO\03_wav\individual\2020\SDRW2000001124\SDRW2000001124.1.1.74.lab,42,D:\20_AUDIO\03_wav\individual\2020\SDRW2000001124\SDRW2000001124.1.1.74.wav,True
2020,SDRW2000001124,SDRW2000001124.1.1.79,no_textgrid_after_beam10_retry40,D:\20_AUDIO\03_wav\individual\2020\SDRW2000001124\SDRW2000001124.1.1.79.lab,101,D:\20_AUDIO\03_wav\individual\2020\SDRW2000001124\SDRW2000001124.1.1.79.wav,True
2020,SDRW2000001124,SDRW2000001124.1.1.85,no_textgrid_after_beam10_retry40,D:\20_AUDIO\03_wav\individual\2020\SDRW2000001124\SDRW2000001124.1.1.85.lab,53,D:\20_AUDIO\03_wav\individual\2020\SDRW2000001124\SDRW2000001124.1.1.85.wav,True
2020,SDRW2000001124,SDRW2000001124.1.1.88,no_textgrid_after_beam10_retry40,D:\20_AUDIO\03_wav\individual\2020\SDRW2000001124\SDRW2000001124.1.1.88.lab,84,D:\20_AUDIO\03_wav\individual\2020\SDRW2000001124\SDRW2000001124.1.1.88.wav,True
2020,SDRW2000001124,SDRW2000001124.1.1.90,no_textgrid_after_beam10_retry40,D:\20_AUDIO\03_wav\individual\2020\SDRW2000001124\SDRW2000001124.1.1.90.lab,87,D:\20_AUDIO\03_wav\individual\2020\SDRW2000001124\SDRW2000001124.1.1.90.wav,True
2020,SDRW2000001124,SDRW2000001124.1.1.97,no_textgrid_after_beam10_retry40,D:\20_AUDIO\03_wav\individual\2020\SDRW2000001124\SDRW2000001124.1.1.97.lab,82,D:\20_AUDIO\03_wav\individual\2020\SDRW2000001124\SDRW2000001124.1.1.97.wav,True
2020,SDRW2000001125,SDRW2000001125.1.1.136,no_textgrid_after_beam10_retry40,D:\20_AUDIO\03_wav\individual\2020\SDRW2000001125\SDRW2000001125.1.1.136.lab,115,D:\20_AUDIO\03_wav\individual\2020\SDRW2000001125\SDRW2000001125.1.1.136.wav,True
2020,SDRW2000001125,SDRW2000001125.1.1.139,no_textgrid_after_beam10_retry40,D:\20_AUDIO\03_wav\individual\2020\SDRW2000001125\SDRW2000001125.1.1.139.lab,86,D:\20_AUDIO\03_wav\individual\2020\SDRW2000001125\SDRW2000001125.1.1.139.wav,True
2020,SDRW2000001125,SDRW2000001125.1.1.142,no_textgrid_after_beam10_retry40,D:\20_AUDIO\03_wav\individual\2020\SDRW2000001125\SDRW2000001125.1.1.142.lab,37,D:\20_AUDIO\03_wav\individual\2020\SDRW2000001125\SDRW2000001125.1.1.142.wav,True
2020,SDRW2000001125,SDRW2000001125.1.1.149,no_textgrid_after_beam10_retry40,D:\20_AUDIO\03_wav\individual\2020\SDRW2000001125\SDRW2000001125.1.1.149.lab,39,D:\20_AUDIO\03_wav\individual\2020\SDRW2000001125\SDRW2000001125.1.1.149.wav,True
2020,SDRW2000001125,SDRW2000001125.1.1.156,no_textgrid_after_beam10_retry40,D:\20_AUDIO\03_wav\individual\2020\SDRW2000001125\SDRW2000001125.1.1.156.lab,98,D:\20_AUDIO\03_wav\individual\2020\SDRW2000001125\SDRW2000001125.1.1.156.wav,True
2020,SDRW2000001125,SDRW2000001125.1.1.158,no_textgrid_after_beam10_retry40,D:\20_AUDIO\03_wav\individual\2020\SDRW2000001125\SDRW2000001125.1.1.158.lab,56,D:\20_AUDIO\03_wav\individual\2020\SDRW2000001125\SDRW2000001125.1.1.158.wav,True
2020,SDRW2000001125,SDRW2000001125.1.1.160,no_textgrid_after_beam10_retry40,D:\20_AUDIO\03_wav\individual\2020\SDRW2000001125\SDRW2000001125.1.1.160.lab,85,D:\20_AUDIO\03_wav\individual\2020\SDRW2000001125\SDRW2000001125.1.1.160.wav,True
2020,SDRW2000001125,SDRW2000001125.1.1.162,no_textgrid_after_beam10_retry40,D:\20_AUDIO\03_wav\individual\2020\SDRW2000001125\SDRW2000001125.1.1.162.lab,130,D:\20_AUDIO\03_wav\individual\2020\SDRW2000001125\SDRW2000001125.1.1.162.wav,True
2020,SDRW2000001125,SDRW2000001125.1.1.168,no_textgrid_after_beam10_retry40,D:\20_AUDIO\03_wav\individual\2020\SDRW2000001125\SDRW2000001125.1.1.168.lab,76,D:\20_AUDIO\03_wav\individual\2020\SDRW2000001125\SDRW2000001125.1.1.168.wav,True
2020,SDRW2000001125,SDRW2000001125.1.1.172,no_textgrid_after_beam10_retry40,D:\20_AUDIO\03_wav\individual\2020\SDRW2000001125\SDRW2000001125.1.1.172.lab,42,D:\20_AUDIO\03_wav\individual\2020\SDRW2000001125\SDRW2000001125.1.1.172.wav,True
2020,SDRW2000001125,SDRW2000001125.1.1.177,no_textgrid_after_beam10_retry40,D:\20_AUDIO\03_wav\individual\2020\SDRW2000001125\SDRW2000001125.1.1.177.lab,38,D:\20_AUDIO\03_wav\individual\2020\SDRW2000001125\SDRW2000001125.1.1.177.wav,True
2020,SDRW2000001125,SDRW2000001125.1.1.178,no_textgrid_after_beam10_retry40,D:\20_AUDIO\03_wav\individual\2020\SDRW2000001125\SDRW2000001125.1.1.178.lab,50,D:\20_AUDIO\03_wav\individual\2020\SDRW2000001125\SDRW2000001125.1.1.178.wav,True
2020,SDRW2000001125,SDRW2000001125.1.1.186,no_textgrid_after_beam10_retry40,D:\20_AUDIO\03_wav\individual\2020\SDRW2000001125\SDRW2000001125.1.1.186.lab,70,D:\20_AUDIO\03_wav\individual\2020\SDRW2000001125\SDRW2000001125.1.1.186.wav,True
2020,SDRW2000001125,SDRW2000001125.1.1.194,no_textgrid_after_beam10_retry40,D:\20_AUDIO\03_wav\individual\2020\SDRW2000001125\SDRW2000001125.1.1.194.lab,33,D:\20_AUDIO\03_wav\individual\2020\SDRW2000001125\SDRW2000001125.1.1.194.wav,True
2020,SDRW2000001125,SDRW2000001125.1.1.195,no_textgrid_after_beam10_retry40,D:\20_AUDIO\03_wav\individual\2020\SDRW2000001125\SDRW2000001125.1.1.195.lab,81,D:\20_AUDIO\03_wav\individual\2020\SDRW2000001125\SDRW2000001125.1.1.195.wav,True
2020,SDRW2000001125,SDRW2000001125.1.1.196,no_textgrid_after_beam10_retry40,D:\20_AUDIO\03_wav\individual\2020\SDRW2000001125\SDRW2000001125.1.1.196.lab,168,D:\20_AUDIO\03_wav\individual\2020\SDRW2000001125\SDRW2000001125.1.1.196.wav,True
2020,SDRW2000001125,SDRW2000001125.1.1.200,no_textgrid_after_beam10_retry40,D:\20_AUDIO\03_wav\individual\2020\SDRW2000001125\SDRW2000001125.1.1.200.lab,51,D:\20_AUDIO\03_wav\individual\2020\SDRW2000001125\SDRW2000001125.1.1.200.wav,True
2020,SDRW2000001125,SDRW2000001125.1.1.207,no_textgrid_after_beam10_retry40,D:\20_AUDIO\03_wav\individual\2020\SDRW2000001125\SDRW2000001125.1.1.207.lab,124,D:\20_AUDIO\03_wav\individual\2020\SDRW2000001125\SDRW2000001125.1.1.207.wav,True
2020,SDRW2000001125,SDRW2000001125.1.1.209,no_textgrid_after_beam10_retry40,D:\20_AUDIO\03_wav\individual\2020\SDRW2000001125\SDRW2000001125.1.1.209.lab,42,D:\20_AUDIO\03_wav\individual\2020\SDRW2000001125\SDRW2000001125.1.1.209.wav,True
2020,SDRW2000001125,SDRW2000001125.1.1.211,no_textgrid_after_beam10_retry40,D:\20_AUDIO\03_wav\individual\2020\SDRW2000001125\SDRW2000001125.1.1.211.lab,67,D:\20_AUDIO\03_wav\individual\2020\SDRW2000001125\SDRW2000001125.1.1.211.wav,True
2020,SDRW2000001125,SDRW2000001125.1.1.214,no_textgrid_after_beam10_retry40,D:\20_AUDIO\03_wav\individual\2020\SDRW2000001125\SDRW2000001125.1.1.214.lab,85,D:\20_AUDIO\03_wav\individual\2020\SDRW2000001125\SDRW2000001125.1.1.214.wav,True
2020,SDRW2000001125,SDRW2000001125.1.1.215,no_textgrid_after_beam10_retry40,D:\20_AUDIO\03_wav\individual\2020\SDRW2000001125\SDRW2000001125.1.1.215.lab,58,D:\20_AUDIO\03_wav\individual\2020\SDRW2000001125\SDRW2000001125.1.1.215.wav,True
2020,SDRW2000001125,SDRW2000001125.1.1.224,no_textgrid_after_beam10_retry40,D:\20_AUDIO\03_wav\individual\2020\SDRW2000001125\SDRW2000001125.1.1.224.lab,43,D:\20_AUDIO\03_wav\individual\2020\SDRW2000001125\SDRW2000001125.1.1.224.wav,True
2020,SDRW2000001125,SDRW2000001125.1.1.233,no_textgrid_after_beam10_retry40,D:\20_AUDIO\03_wav\individual\2020\SDRW2000001125\SDRW2000001125.1.1.233.lab,76,D:\20_AUDIO\03_wav\individual\2020\SDRW2000001125\SDRW2000001125.1.1.233.wav,True
2020,SDRW2000001125,SDRW2000001125.1.1.236,no_textgrid_after_beam10_retry40,D:\20_AUDIO\03_wav\individual\2020\SDRW2000001125\SDRW2000001125.1.1.236.lab,44,D:\20_AUDIO\03_wav\individual\2020\SDRW2000001125\SDRW2000001125.1.1.236.wav,True
2020,SDRW2000001125,SDRW2000001125.1.1.239,no_textgrid_after_beam10_retry40,D:\20_AUDIO\03_wav\individual\2020\SDRW2000001125\SDRW2000001125.1.1.239.lab,65,D:\20_AUDIO\03_wav\individual\2020\SDRW2000001125\SDRW2000001125.1.1.239.wav,True
2020,SDRW2000001125,SDRW2000001125.1.1.249,no_textgrid_after_beam10_retry40,D:\20_AUDIO\03_wav\individual\2020\SDRW2000001125\SDRW2000001125.1.1.249.lab,50,D:\20_AUDIO\03_wav\individual\2020\SDRW2000001125\SDRW2000001125.1.1.249.wav,True
2020,SDRW2000001125,SDRW2000001125.1.1.251,no_textgrid_after_beam10_retry40,D:\20_AUDIO\03_wav\individual\2020\SDRW2000001125\SDRW2000001125.1.1.251.lab,110,D:\20_AUDIO\03_wav\individual\2020\SDRW2000001125\SDRW2000001125.1.1.251.wav,True
2020,SDRW2000001125,SDRW2000001125.1.1.257,no_textgrid_after_beam10_retry40,D:\20_AUDIO\03_wav\individual\2020\SDRW2000001125\SDRW2000001125.1.1.257.lab,98,D:\20_AUDIO\03_wav\individual\2020\SDRW2000001125\SDRW2000001125.1.1.257.wav,True
2020,SDRW2000001125,SDRW2000001125.1.1.259,no_textgrid_after_beam10_retry40,D:\20_AUDIO\03_wav\individual\2020\SDRW2000001125\SDRW2000001125.1.1.259.lab,77,D:\20_AUDIO\03_wav\individual\2020\SDRW2000001125\SDRW2000001125.1.1.259.wav,True
2020,SDRW2000001125,SDRW2000001125.1.1.264,no_textgrid_after_beam10_retry40,D:\20_AUDIO\03_wav\individual\2020\SDRW2000001125\SDRW2000001125.1.1.264.lab,68,D:\20_AUDIO\03_wav\individual\2020\SDRW2000001125\SDRW2000001125.1.1.264.wav,True
2020,SDRW2000001125,SDRW2000001125.1.1.271,no_textgrid_after_beam10_retry40,D:\20_AUDIO\03_wav\individual\2020\SDRW2000001125\SDRW2000001125.1.1.271.lab,44,D:\20_AUDIO\03_wav\individual\2020\SDRW2000001125\SDRW2000001125.1.1.271.wav,True
2020,SDRW2000001125,SDRW2000001125.1.1.273,no_textgrid_after_beam10_retry40,D:\20_AUDIO\03_wav\individual\2020\SDRW2000001125\SDRW2000001125.1.1.273.lab,44,D:\20_AUDIO\03_wav\individual\2020\SDRW2000001125\SDRW2000001125.1.1.273.wav,True
2020,SDRW2000001125,SDRW2000001125.1.1.276,no_textgrid_after_beam10_retry40,D:\20_AUDIO\03_wav\individual\2020\SDRW2000001125\SDRW2000001125.1.1.276.lab,41,D:\20_AUDIO\03_wav\individual\2020\SDRW2000001125\SDRW2000001125.1.1.276.wav,True
2020,SDRW2000001125,SDRW2000001125.1.1.278,no_textgrid_after_beam10_retry40,D:\20_AUDIO\03_wav\individual\2020\SDRW2000001125\SDRW2000001125.1.1.278.lab,58,D:\20_AUDIO\03_wav\individual\2020\SDRW2000001125\SDRW2000001125.1.1.278.wav,True
2020,SDRW2000001125,SDRW2000001125.1.1.281,no_textgrid_after_beam10_retry40,D:\20_AUDIO\03_wav\individual\2020\SDRW2000001125\SDRW2000001125.1.1.281.lab,48,D:\20_AUDIO\03_wav\individual\2020\SDRW2000001125\SDRW2000001125.1.1.281.wav,True
2020,SDRW2000001125,SDRW2000001125.1.1.283,no_textgrid_after_beam10_retry40,D:\20_AUDIO\03_wav\individual\2020\SDRW2000001125\SDRW2000001125.1.1.283.lab,78,D:\20_AUDIO\03_wav\individual\2020\SDRW2000001125\SDRW2000001125.1.1.283.wav,True
2020,SDRW2000001125,SDRW2000001125.1.1.284,no_textgrid_after_beam10_retry40,D:\20_AUDIO\03_wav\individual\2020\SDRW2000001125\SDRW2000001125.1.1.284.lab,29,D:\20_AUDIO\03_wav\individual\2020\SDRW2000001125\SDRW2000001125.1.1.284.wav,True
2020,SDRW2000001125,SDRW2000001125.1.1.291,no_textgrid_after_beam10_retry40,D:\20_AUDIO\03_wav\individual\2020\SDRW2000001125\SDRW2000001125.1.1.291.lab,81,D:\20_AUDIO\03_wav\individual\2020\SDRW2000001125\SDRW2000001125.1.1.291.wav,True
2020,SDRW2000001125,SDRW2000001125.1.1.292,no_textgrid_after_beam10_retry40,D:\20_AUDIO\03_wav\individual\2020\SDRW2000001125\SDRW2000001125.1.1.292.lab,43,D:\20_AUDIO\03_wav\individual\2020\SDRW2000001125\SDRW2000001125.1.1.292.wav,True
2020,SDRW2000001125,SDRW2000001125.1.1.297,no_textgrid_after_beam10_retry40,D:\20_AUDIO\03_wav\individual\2020\SDRW2000001125\SDRW2000001125.1.1.297.lab,44,D:\20_AUDIO\03_wav\individual\2020\SDRW2000001125\SDRW2000001125.1.1.297.wav,True
2020,SDRW2000001125,SDRW2000001125.1.1.303,no_textgrid_after_beam10_retry40,D:\20_AUDIO\03_wav\individual\2020\SDRW2000001125\SDRW2000001125.1.1.303.lab,84,D:\20_AUDIO\03_wav\individual\2020\SDRW2000001125\SDRW2000001125.1.1.303.wav,True
2020,SDRW2000001125,SDRW2000001125.1.1.307,no_textgrid_after_beam10_retry40,D:\20_AUDIO\03_wav\individual\2020\SDRW2000001125\SDRW2000001125.1.1.307.lab,63,D:\20_AUDIO\03_wav\individual\2020\SDRW2000001125\SDRW2000001125.1.1.307.wav,True
2020,SDRW2000001125,SDRW2000001125.1.1.310,no_textgrid_after_beam10_retry40,D:\20_AUDIO\03_wav\individual\2020\SDRW2000001125\SDRW2000001125.1.1.310.lab,44,D:\20_AUDIO\03_wav\individual\2020\SDRW2000001125\SDRW2000001125.1.1.310.wav,True
2020,SDRW2000001125,SDRW2000001125.1.1.324,no_textgrid_after_beam10_retry40,D:\20_AUDIO\03_wav\individual\2020\SDRW2000001125\SDRW2000001125.1.1.324.lab,72,D:\20_AUDIO\03_wav\individual\2020\SDRW2000001125\SDRW2000001125.1.1.324.wav,True
2020,SDRW2000001125,SDRW2000001125.1.1.325,no_textgrid_after_beam10_retry40,D:\20_AUDIO\03_wav\individual\2020\SDRW2000001125\SDRW2000001125.1.1.325.lab,60,D:\20_AUDIO\03_wav\individual\2020\SDRW2000001125\SDRW2000001125.1.1.325.wav,True
2020,SDRW2000001125,SDRW2000001125.1.1.327,no_textgrid_after_beam10_retry40,D:\20_AUDIO\03_wav\individual\2020\SDRW2000001125\SDRW2000001125.1.1.327.lab,47,D:\20_AUDIO\03_wav\individual\2020\SDRW2000001125\SDRW2000001125.1.1.327.wav,True
2020,SDRW2000001125,SDRW2000001125.1.1.328,no_textgrid_after_beam10_retry40,D:\20_AUDIO\03_wav\individual\2020\SDRW2000001125\SDRW2000001125.1.1.328.lab,42,D:\20_AUDIO\03_wav\individual\2020\SDRW2000001125\SDRW2000001125.1.1.328.wav,True
2020,SDRW2000001125,SDRW2000001125.1.1.38,no_textgrid_after_beam10_retry40,D:\20_AUDIO\03_wav\individual\2020\SDRW2000001125\SDRW2000001125.1.1.38.lab,61,D:\20_AUDIO\03_wav\individual\2020\SDRW2000001125\SDRW2000001125.1.1.38.wav,True
2020,SDRW2000001126,SDRW2000001126.1.1.104,no_textgrid_after_beam10_retry40,D:\20_AUDIO\03_wav\individual\2020\SDRW2000001126\SDRW2000001126.1.1.104.lab,33,D:\20_AUDIO\03_wav\individual\2020\SDRW2000001126\SDRW2000001126.1.1.104.wav,True
2020,SDRW2000001126,SDRW2000001126.1.1.106,no_textgrid_after_beam10_retry40,D:\20_AUDIO\03_wav\individual\2020\SDRW2000001126\SDRW2000001126.1.1.106.lab,66,D:\20_AUDIO\03_wav\individual\2020\SDRW2000001126\SDRW2000001126.1.1.106.wav,True
2020,SDRW2000001126,SDRW2000001126.1.1.11,no_textgrid_after_beam10_retry40,D:\20_AUDIO\03_wav\individual\2020\SDRW2000001126\SDRW2000001126.1.1.11.lab,33,D:\20_AUDIO\03_wav\individual\2020\SDRW2000001126\SDRW2000001126.1.1.11.wav,True
2020,SDRW2000001126,SDRW2000001126.1.1.110,no_textgrid_after_beam10_retry40,D:\20_AUDIO\03_wav\individual\2020\SDRW2000001126\SDRW2000001126.1.1.110.lab,44,D:\20_AUDIO\03_wav\individual\2020\SDRW2000001126\SDRW2000001126.1.1.110.wav,True
2020,SDRW2000001126,SDRW2000001126.1.1.113,no_textgrid_after_beam10_retry40,D:\20_AUDIO\03_wav\individual\2020\SDRW2000001126\SDRW2000001126.1.1.113.lab,57,D:\20_AUDIO\03_wav\individual\2020\SDRW2000001126\SDRW2000001126.1.1.113.wav,True
2020,SDRW2000001126,SDRW2000001126.1.1.117,no_textgrid_after_beam10_retry40,D:\20_AUDIO\03_wav\individual\2020\SDRW2000001126\SDRW2000001126.1.1.117.lab,46,D:\20_AUDIO\03_wav\individual\2020\SDRW2000001126\SDRW2000001126.1.1.117.wav,True
2020,SDRW2000001126,SDRW2000001126.1.1.124,no_textgrid_after_beam10_retry40,D:\20_AUDIO\03_wav\individual\2020\SDRW2000001126\SDRW2000001126.1.1.124.lab,55,D:\20_AUDIO\03_wav\individual\2020\SDRW2000001126\SDRW2000001126.1.1.124.wav,True
2020,SDRW2000001126,SDRW2000001126.1.1.129,no_textgrid_after_beam10_retry40,D:\20_AUDIO\03_wav\individual\2020\SDRW2000001126\SDRW2000001126.1.1.129.lab,81,D:\20_AUDIO\03_wav\individual\2020\SDRW2000001126\SDRW2000001126.1.1.129.wav,True
2020,SDRW2000001126,SDRW2000001126.1.1.137,no_textgrid_after_beam10_retry40,D:\20_AUDIO\03_wav\individual\2020\SDRW2000001126\SDRW2000001126.1.1.137.lab,30,D:\20_AUDIO\03_wav\individual\2020\SDRW2000001126\SDRW2000001126.1.1.137.wav,True
2020,SDRW2000001126,SDRW2000001126.1.1.142,no_textgrid_after_beam10_retry40,D:\20_AUDIO\03_wav\individual\2020\SDRW2000001126\SDRW2000001126.1.1.142.lab,54,D:\20_AUDIO\03_wav\individual\2020\SDRW2000001126\SDRW2000001126.1.1.142.wav,True
2020,SDRW2000001126,SDRW2000001126.1.1.149,no_textgrid_after_beam10_retry40,D:\20_AUDIO\03_wav\individual\2020\SDRW2000001126\SDRW2000001126.1.1.149.lab,61,D:\20_AUDIO\03_wav\individual\2020\SDRW2000001126\SDRW2000001126.1.1.149.wav,True
2020,SDRW2000001126,SDRW2000001126.1.1.163,no_textgrid_after_beam10_retry40,D:\20_AUDIO\03_wav\individual\2020\SDRW2000001126\SDRW2000001126.1.1.163.lab,61,D:\20_AUDIO\03_wav\individual\2020\SDRW2000001126\SDRW2000001126.1.1.163.wav,True
2020,SDRW2000001126,SDRW2000001126.1.1.179,no_textgrid_after_beam10_retry40,D:\20_AUDIO\03_wav\individual\2020\SDRW2000001126\SDRW2000001126.1.1.179.lab,22,D:\20_AUDIO\03_wav\individual\2020\SDRW2000001126\SDRW2000001126.1.1.179.wav,True
2020,SDRW2000001126,SDRW2000001126.1.1.184,no_textgrid_after_beam10_retry40,D:\20_AUDIO\03_wav\individual\2020\SDRW2000001126\SDRW2000001126.1.1.184.lab,41,D:\20_AUDIO\03_wav\individual\2020\SDRW2000001126\SDRW2000001126.1.1.184.wav,True
2020,SDRW2000001126,SDRW2000001126.1.1.188,no_textgrid_after_beam10_retry40,D:\20_AUDIO\03_wav\individual\2020\SDRW2000001126\SDRW2000001126.1.1.188.lab,47,D:\20_AUDIO\03_wav\individual\2020\SDRW2000001126\SDRW2000001126.1.1.188.wav,True
2020,SDRW2000001126,SDRW2000001126.1.1.189,no_textgrid_after_beam10_retry40,D:\20_AUDIO\03_wav\individual\2020\SDRW2000001126\SDRW2000001126.1.1.189.lab,43,D:\20_AUDIO\03_wav\individual\2020\SDRW2000001126\SDRW2000001126.1.1.189.wav,True
2020,SDRW2000001126,SDRW2000001126.1.1.190,no_textgrid_after_beam10_retry40,D:\20_AUDIO\03_wav\individual\2020\SDRW2000001126\SDRW2000001126.1.1.190.lab,47,D:\20_AUDIO\03_wav\individual\2020\SDRW2000001126\SDRW2000001126.1.1.190.wav,True
2020,SDRW2000001126,SDRW2000001126.1.1.191,no_textgrid_after_beam10_retry40,D:\20_AUDIO\03_wav\individual\2020\SDRW2000001126\SDRW2000001126.1.1.191.lab,37,D:\20_AUDIO\03_wav\individual\2020\SDRW2000001126\SDRW2000001126.1.1.191.wav,True
2020,SDRW2000001126,SDRW2000001126.1.1.196,no_textgrid_after_beam10_retry40,D:\20_AUDIO\03_wav\individual\2020\SDRW2000001126\SDRW2000001126.1.1.196.lab,78,D:\20_AUDIO\03_wav\individual\2020\SDRW2000001126\SDRW2000001126.1.1.196.wav,True
2020,SDRW2000001126,SDRW2000001126.1.1.203,no_textgrid_after_beam10_retry40,D:\20_AUDIO\03_wav\individual\2020\SDRW2000001126\SDRW2000001126.1.1.203.lab,70,D:\20_AUDIO\03_wav\individual\2020\SDRW2000001126\SDRW2000001126.1.1.203.wav,True
2020,SDRW2000001126,SDRW2000001126.1.1.211,no_textgrid_after_beam10_retry40,D:\20_AUDIO\03_wav\individual\2020\SDRW2000001126\SDRW2000001126.1.1.211.lab,37,D:\20_AUDIO\03_wav\individual\2020\SDRW2000001126\SDRW2000001126.1.1.211.wav,True
2020,SDRW2000001126,SDRW2000001126.1.1.212,no_textgrid_after_beam10_retry40,D:\20_AUDIO\03_wav\individual\2020\SDRW2000001126\SDRW2000001126.1.1.212.lab,52,D:\20_AUDIO\03_wav\individual\2020\SDRW2000001126\SDRW2000001126.1.1.212.wav,True
2020,SDRW2000001126,SDRW2000001126.1.1.217,no_textgrid_after_beam10_retry40,D:\20_AUDIO\03_wav\individual\2020\SDRW2000001126\SDRW2000001126.1.1.217.lab,81,D:\20_AUDIO\03_wav\individual\2020\SDRW2000001126\SDRW2000001126.1.1.217.wav,True
2020,SDRW2000001126,SDRW2000001126.1.1.240,no_textgrid_after_beam10_retry40,D:\20_AUDIO\03_wav\individual\2020\SDRW2000001126\SDRW2000001126.1.1.240.lab,70,D:\20_AUDIO\03_wav\individual\2020\SDRW2000001126\SDRW2000001126.1.1.240.wav,True
2020,SDRW2000001126,SDRW2000001126.1.1.246,no_textgrid_after_beam10_retry40,D:\20_AUDIO\03_wav\individual\2020\SDRW2000001126\SDRW2000001126.1.1.246.lab,67,D:\20_AUDIO\03_wav\individual\2020\SDRW2000001126\SDRW2000001126.1.1.246.wav,True
2020,SDRW2000001126,SDRW2000001126.1.1.248,no_textgrid_after_beam10_retry40,D:\20_AUDIO\03_wav\individual\2020\SDRW2000001126\SDRW2000001126.1.1.248.lab,39,D:\20_AUDIO\03_wav\individual\2020\SDRW2000001126\SDRW2000001126.1.1.248.wav,True
2020,SDRW2000001126,SDRW2000001126.1.1.249,no_textgrid_after_beam10_retry40,D:\20_AUDIO\03_wav\individual\2020\SDRW2000001126\SDRW2000001126.1.1.249.lab,26,D:\20_AUDIO\03_wav\individual\2020\SDRW2000001126\SDRW2000001126.1.1.249.wav,True
2020,SDRW2000001126,SDRW2000001126.1.1.261,no_textgrid_after_beam10_retry40,D:\20_AUDIO\03_wav\individual\2020\SDRW2000001126\SDRW2000001126.1.1.261.lab,42,D:\20_AUDIO\03_wav\individual\2020\SDRW2000001126\SDRW2000001126.1.1.261.wav,True
2020,SDRW2000001126,SDRW2000001126.1.1.264,no_textgrid_after_beam10_retry40,D:\20_AUDIO\03_wav\individual\2020\SDRW2000001126\SDRW2000001126.1.1.264.lab,39,D:\20_AUDIO\03_wav\individual\2020\SDRW2000001126\SDRW2000001126.1.1.264.wav,True
2020,SDRW2000001126,SDRW2000001126.1.1.266,no_textgrid_after_beam10_retry40,D:\20_AUDIO\03_wav\individual\2020\SDRW2000001126\SDRW2000001126.1.1.266.lab,72,D:\20_AUDIO\03_wav\individual\2020\SDRW2000001126\SDRW2000001126.1.1.266.wav,True
2020,SDRW2000001126,SDRW2000001126.1.1.267,no_textgrid_after_beam10_retry40,D:\20_AUDIO\03_wav\individual\2020\SDRW2000001126\SDRW2000001126.1.1.267.lab,28,D:\20_AUDIO\03_wav\individual\2020\SDRW2000001126\SDRW2000001126.1.1.267.wav,True
2020,SDRW2000001126,SDRW2000001126.1.1.272,no_textgrid_after_beam10_retry40,D:\20_AUDIO\03_wav\individual\2020\SDRW2000001126\SDRW2000001126.1.1.272.lab,45,D:\20_AUDIO\03_wav\individual\2020\SDRW2000001126\SDRW2000001126.1.1.272.wav,True
2020,SDRW2000001126,SDRW2000001126.1.1.277,no_textgrid_after_beam10_retry40,D:\20_AUDIO\03_wav\individual\2020\SDRW2000001126\SDRW2000001126.1.1.277.lab,70,D:\20_AUDIO\03_wav\individual\2020\SDRW2000001126\SDRW2000001126.1.1.277.wav,True
2020,SDRW2000001126,SDRW2000001126.1.1.279,no_textgrid_after_beam10_retry40,D:\20_AUDIO\03_wav\individual\2020\SDRW2000001126\SDRW2000001126.1.1.279.lab,29,D:\20_AUDIO\03_wav\individual\2020\SDRW2000001126\SDRW2000001126.1.1.279.wav,True
2020,SDRW2000001126,SDRW2000001126.1.1.285,no_textgrid_after_beam10_retry40,D:\20_AUDIO\03_wav\individual\2020\SDRW2000001126\SDRW2000001126.1.1.285.lab,39,D:\20_AUDIO\03_wav\individual\2020\SDRW2000001126\SDRW2000001126.1.1.285.wav,True
2020,SDRW2000001126,SDRW2000001126.1.1.286,no_textgrid_after_beam10_retry40,D:\20_AUDIO\03_wav\individual\2020\SDRW2000001126\SDRW2000001126.1.1.286.lab,24,D:\20_AUDIO\03_wav\individual\2020\SDRW2000001126\SDRW2000001126.1.1.286.wav,True
2020,SDRW2000001126,SDRW2000001126.1.1.288,no_textgrid_after_beam10_retry40,D:\20_AUDIO\03_wav\individual\2020\SDRW2000001126\SDRW2000001126.1.1.288.lab,52,D:\20_AUDIO\03_wav\individual\2020\SDRW2000001126\SDRW2000001126.1.1.288.wav,True
2020,SDRW2000001126,SDRW2000001126.1.1.289,no_textgrid_after_beam10_retry40,D:\20_AUDIO\03_wav\individual\2020\SDRW2000001126\SDRW2000001126.1.1.289.lab,32,D:\20_AUDIO\03_wav\individual\2020\SDRW2000001126\SDRW2000001126.1.1.289.wav,True
2020,SDRW2000001126,SDRW2000001126.1.1.291,no_textgrid_after_beam10_retry40,D:\20_AUDIO\03_wav\individual\2020\SDRW2000001126\SDRW2000001126.1.1.291.lab,71,D:\20_AUDIO\03_wav\individual\2020\SDRW2000001126\SDRW2000001126.1.1.291.wav,True
2020,SDRW2000001126,SDRW2000001126.1.1.292,no_textgrid_after_beam10_retry40,D:\20_AUDIO\03_wav\individual\2020\SDRW2000001126\SDRW2000001126.1.1.292.lab,21,D:\20_AUDIO\03_wav\individual\2020\SDRW2000001126\SDRW2000001126.1.1.292.wav,True
2020,SDRW2000001126,SDRW2000001126.1.1.298,no_textgrid_after_beam10_retry40,D:\20_AUDIO\03_wav\individual\2020\SDRW2000001126\SDRW2000001126.1.1.298.lab,26,D:\20_AUDIO\03_wav\individual\2020\SDRW2000001126\SDRW2000001126.1.1.298.wav,True
2020,SDRW2000001126,SDRW2000001126.1.1.302,no_textgrid_after_beam10_retry40,D:\20_AUDIO\03_wav\individual\2020\SDRW2000001126\SDRW2000001126.1.1.302.lab,63,D:\20_AUDIO\03_wav\individual\2020\SDRW2000001126\SDRW2000001126.1.1.302.wav,True
2020,SDRW2000001126,SDRW2000001126.1.1.308,no_textgrid_after_beam10_retry40,D:\20_AUDIO\03_wav\individual\2020\SDRW2000001126\SDRW2000001126.1.1.308.lab,83,D:\20_AUDIO\03_wav\individual\2020\SDRW2000001126\SDRW2000001126.1.1.308.wav,True
2020,SDRW2000001126,SDRW2000001126.1.1.31,no_textgrid_after_beam10_retry40,D:\20_AUDIO\03_wav\individual\2020\SDRW2000001126\SDRW2000001126.1.1.31.lab,58,D:\20_AUDIO\03_wav\individual\2020\SDRW2000001126\SDRW2000001126.1.1.31.wav,True
2020,SDRW2000001126,SDRW2000001126.1.1.311,no_textgrid_after_beam10_retry40,D:\20_AUDIO\03_wav\individual\2020\SDRW2000001126\SDRW2000001126.1.1.311.lab,62,D:\20_AUDIO\03_wav\individual\2020\SDRW2000001126\SDRW2000001126.1.1.311.wav,True
2020,SDRW2000001126,SDRW2000001126.1.1.314,no_textgrid_after_beam10_retry40,D:\20_AUDIO\03_wav\individual\2020\SDRW2000001126\SDRW2000001126.1.1.314.lab,24,D:\20_AUDIO\03_wav\individual\2020\SDRW2000001126\SDRW2000001126.1.1.314.wav,True
2020,SDRW2000001126,SDRW2000001126.1.1.315,no_textgrid_after_beam10_retry40,D:\20_AUDIO\03_wav\individual\2020\SDRW2000001126\SDRW2000001126.1.1.315.lab,46,D:\20_AUDIO\03_wav\individual\2020\SDRW2000001126\SDRW2000001126.1.1.315.wav,True
2020,SDRW2000001126,SDRW2000001126.1.1.32,no_textgrid_after_beam10_retry40,D:\20_AUDIO\03_wav\individual\2020\SDRW2000001126\SDRW2000001126.1.1.32.lab,30,D:\20_AUDIO\03_wav\individual\2020\SDRW2000001126\SDRW2000001126.1.1.32.wav,True
2020,SDRW2000001126,SDRW2000001126.1.1.321,no_textgrid_after_beam10_retry40,D:\20_AUDIO\03_wav\individual\2020\SDRW2000001126\SDRW2000001126.1.1.321.lab,20,D:\20_AUDIO\03_wav\individual\2020\SDRW2000001126\SDRW2000001126.1.1.321.wav,True
2020,SDRW2000001126,SDRW2000001126.1.1.326,no_textgrid_after_beam10_retry40,D:\20_AUDIO\03_wav\individual\2020\SDRW2000001126\SDRW2000001126.1.1.326.lab,53,D:\20_AUDIO\03_wav\individual\2020\SDRW2000001126\SDRW2000001126.1.1.326.wav,True
2020,SDRW2000001126,SDRW2000001126.1.1.348,no_textgrid_after_beam10_retry40,D:\20_AUDIO\03_wav\individual\2020\SDRW2000001126\SDRW2000001126.1.1.348.lab,36,D:\20_AUDIO\03_wav\individual\2020\SDRW2000001126\SDRW2000001126.1.1.348.wav,True
2020,SDRW2000001126,SDRW2000001126.1.1.362,no_textgrid_after_beam10_retry40,D:\20_AUDIO\03_wav\individual\2020\SDRW2000001126\SDRW2000001126.1.1.362.lab,30,D:\20_AUDIO\03_wav\individual\2020\SDRW2000001126\SDRW2000001126.1.1.362.wav,True
2020,SDRW2000001126,SDRW2000001126.1.1.365,no_textgrid_after_beam10_retry40,D:\20_AUDIO\03_wav\individual\2020\SDRW2000001126\SDRW2000001126.1.1.365.lab,53,D:\20_AUDIO\03_wav\individual\2020\SDRW2000001126\SDRW2000001126.1.1.365.wav,True
2020,SDRW2000001126,SDRW2000001126.1.1.50,no_textgrid_after_beam10_retry40,D:\20_AUDIO\03_wav\individual\2020\SDRW2000001126\SDRW2000001126.1.1.50.lab,53,D:\20_AUDIO\03_wav\individual\2020\SDRW2000001126\SDRW2000001126.1.1.50.wav,True
2020,SDRW2000001126,SDRW2000001126.1.1.52,no_textgrid_after_beam10_retry40,D:\20_AUDIO\03_wav\individual\2020\SDRW2000001126\SDRW2000001126.1.1.52.lab,38,D:\20_AUDIO\03_wav\individual\2020\SDRW2000001126\SDRW2000001126.1.1.52.wav,True
2020,SDRW2000001126,SDRW2000001126.1.1.53,no_textgrid_after_beam10_retry40,D:\20_AUDIO\03_wav\individual\2020\SDRW2000001126\SDRW2000001126.1.1.53.lab,29,D:\20_AUDIO\03_wav\individual\2020\SDRW2000001126\SDRW2000001126.1.1.53.wav,True
2020,SDRW2000001126,SDRW2000001126.1.1.55,no_textgrid_after_beam10_retry40,D:\20_AUDIO\03_wav\individual\2020\SDRW2000001126\SDRW2000001126.1.1.55.lab,46,D:\20_AUDIO\03_wav\individual\2020\SDRW2000001126\SDRW2000001126.1.1.55.wav,True
2020,SDRW2000001126,SDRW2000001126.1.1.7,no_textgrid_after_beam10_retry40,D:\20_AUDIO\03_wav\individual\2020\SDRW2000001126\SDRW2000001126.1.1.7.lab,45,D:\20_AUDIO\03_wav\individual\2020\SDRW2000001126\SDRW2000001126.1.1.7.wav,True
2020,SDRW2000001126,SDRW2000001126.1.1.72,no_textgrid_after_beam10_retry40,D:\20_AUDIO\03_wav\individual\2020\SDRW2000001126\SDRW2000001126.1.1.72.lab,29,D:\20_AUDIO\03_wav\individual\2020\SDRW2000001126\SDRW2000001126.1.1.72.wav,True
2020,SDRW2000001126,SDRW2000001126.1.1.74,no_textgrid_after_beam10_retry40,D:\20_AUDIO\03_wav\individual\2020\SDRW2000001126\SDRW2000001126.1.1.74.lab,32,D:\20_AUDIO\03_wav\individual\2020\SDRW2000001126\SDRW2000001126.1.1.74.wav,True
2020,SDRW2000001126,SDRW2000001126.1.1.82,no_textgrid_after_beam10_retry40,D:\20_AUDIO\03_wav\individual\2020\SDRW2000001126\SDRW2000001126.1.1.82.lab,71,D:\20_AUDIO\03_wav\individual\2020\SDRW2000001126\SDRW2000001126.1.1.82.wav,True
2020,SDRW2000001126,SDRW2000001126.1.1.84,no_textgrid_after_beam10_retry40,D:\20_AUDIO\03_wav\individual\2020\SDRW2000001126\SDRW2000001126.1.1.84.lab,74,D:\20_AUDIO\03_wav\individual\2020\SDRW2000001126\SDRW2000001126.1.1.84.wav,True
2020,SDRW2000001126,SDRW2000001126.1.1.88,no_textgrid_after_beam10_retry40,D:\20_AUDIO\03_wav\individual\2020\SDRW2000001126\SDRW2000001126.1.1.88.lab,52,D:\20_AUDIO\03_wav\individual\2020\SDRW2000001126\SDRW2000001126.1.1.88.wav,True
2020,SDRW2000001136,SDRW2000001136.1.1.112,no_textgrid_after_beam10_retry40,D:\20_AUDIO\03_wav\individual\2020\SDRW2000001136\SDRW2000001136.1.1.112.lab,20,D:\20_AUDIO\03_wav\individual\2020\SDRW2000001136\SDRW2000001136.1.1.112.wav,True
2020,SDRW2000001142,SDRW2000001142.1.1.101,no_textgrid_after_beam10_retry40,D:\20_AUDIO\03_wav\individual\2020\SDRW2000001142\SDRW2000001142.1.1.101.lab,43,D:\20_AUDIO\03_wav\individual\2020\SDRW2000001142\SDRW2000001142.1.1.101.wav,True
2020,SDRW2000001142,SDRW2000001142.1.1.103,no_textgrid_after_beam10_retry40,D:\20_AUDIO\03_wav\individual\2020\SDRW2000001142\SDRW2000001142.1.1.103.lab,30,D:\20_AUDIO\03_wav\individual\2020\SDRW2000001142\SDRW2000001142.1.1.103.wav,True
2020,SDRW2000001142,SDRW2000001142.1.1.118,no_textgrid_after_beam10_retry40,D:\20_AUDIO\03_wav\individual\2020\SDRW2000001142\SDRW2000001142.1.1.118.lab,41,D:\20_AUDIO\03_wav\individual\2020\SDRW2000001142\SDRW2000001142.1.1.118.wav,True
2020,SDRW2000001142,SDRW2000001142.1.1.155,no_textgrid_after_beam10_retry40,D:\20_AUDIO\03_wav\individual\2020\SDRW2000001142\SDRW2000001142.1.1.155.lab,29,D:\20_AUDIO\03_wav\individual\2020\SDRW2000001142\SDRW2000001142.1.1.155.wav,True
2020,SDRW2000001142,SDRW2000001142.1.1.162,no_textgrid_after_beam10_retry40,D:\20_AUDIO\03_wav\individual\2020\SDRW2000001142\SDRW2000001142.1.1.162.lab,42,D:\20_AUDIO\03_wav\individual\2020\SDRW2000001142\SDRW2000001142.1.1.162.wav,True
2020,SDRW2000001142,SDRW2000001142.1.1.168,no_textgrid_after_beam10_retry40,D:\20_AUDIO\03_wav\individual\2020\SDRW2000001142\SDRW2000001142.1.1.168.lab,52,D:\20_AUDIO\03_wav\individual\2020\SDRW2000001142\SDRW2000001142.1.1.168.wav,True
2020,SDRW2000001142,SDRW2000001142.1.1.179,no_textgrid_after_beam10_retry40,D:\20_AUDIO\03_wav\individual\2020\SDRW2000001142\SDRW2000001142.1.1.179.lab,75,D:\20_AUDIO\03_wav\individual\2020\SDRW2000001142\SDRW2000001142.1.1.179.wav,True
2020,SDRW2000001142,SDRW2000001142.1.1.184,no_textgrid_after_beam10_retry40,D:\20_AUDIO\03_wav\individual\2020\SDRW2000001142\SDRW2000001142.1.1.184.lab,39,D:\20_AUDIO\03_wav\individual\2020\SDRW2000001142\SDRW2000001142.1.1.184.wav,True
2020,SDRW2000001142,SDRW2000001142.1.1.195,no_textgrid_after_beam10_retry40,D:\20_AUDIO\03_wav\individual\2020\SDRW2000001142\SDRW2000001142.1.1.195.lab,38,D:\20_AUDIO\03_wav\individual\2020\SDRW2000001142\SDRW2000001142.1.1.195.wav,True
2020,SDRW2000001142,SDRW2000001142.1.1.201,no_textgrid_after_beam10_retry40,D:\20_AUDIO\03_wav\individual\2020\SDRW2000001142\SDRW2000001142.1.1.201.lab,44,D:\20_AUDIO\03_wav\individual\2020\SDRW2000001142\SDRW2000001142.1.1.201.wav,True
2020,SDRW2000001142,SDRW2000001142.1.1.202,no_textgrid_after_beam10_retry40,D:\20_AUDIO\03_wav\individual\2020\SDRW2000001142\SDRW2000001142.1.1.202.lab,86,D:\20_AUDIO\03_wav\individual\2020\SDRW2000001142\SDRW2000001142.1.1.202.wav,True
2020,SDRW2000001142,SDRW2000001142.1.1.210,no_textgrid_after_beam10_retry40,D:\20_AUDIO\03_wav\individual\2020\SDRW2000001142\SDRW2000001142.1.1.210.lab,52,D:\20_AUDIO\03_wav\individual\2020\SDRW2000001142\SDRW2000001142.1.1.210.wav,True
2020,SDRW2000001142,SDRW2000001142.1.1.224,no_textgrid_after_beam10_retry40,D:\20_AUDIO\03_wav\individual\2020\SDRW2000001142\SDRW2000001142.1.1.224.lab,31,D:\20_AUDIO\03_wav\individual\2020\SDRW2000001142\SDRW2000001142.1.1.224.wav,True
2020,SDRW2000001142,SDRW2000001142.1.1.229,no_textgrid_after_beam10_retry40,D:\20_AUDIO\03_wav\individual\2020\SDRW2000001142\SDRW2000001142.1.1.229.lab,29,D:\20_AUDIO\03_wav\individual\2020\SDRW2000001142\SDRW2000001142.1.1.229.wav,True
2020,SDRW2000001142,SDRW2000001142.1.1.230,no_textgrid_after_beam10_retry40,D:\20_AUDIO\03_wav\individual\2020\SDRW2000001142\SDRW2000001142.1.1.230.lab,22,D:\20_AUDIO\03_wav\individual\2020\SDRW2000001142\SDRW2000001142.1.1.230.wav,True
2020,SDRW2000001142,SDRW2000001142.1.1.256,no_textgrid_after_beam10_retry40,D:\20_AUDIO\03_wav\individual\2020\SDRW2000001142\SDRW2000001142.1.1.256.lab,25,D:\20_AUDIO\03_wav\individual\2020\SDRW2000001142\SDRW2000001142.1.1.256.wav,True
2020,SDRW2000001142,SDRW2000001142.1.1.259,no_textgrid_after_beam10_retry40,D:\20_AUDIO\03_wav\individual\2020\SDRW2000001142\SDRW2000001142.1.1.259.lab,43,D:\20_AUDIO\03_wav\individual\2020\SDRW2000001142\SDRW2000001142.1.1.259.wav,True
2020,SDRW2000001142,SDRW2000001142.1.1.44,no_textgrid_after_beam10_retry40,D:\20_AUDIO\03_wav\individual\2020\SDRW2000001142\SDRW2000001142.1.1.44.lab,39,D:\20_AUDIO\03_wav\individual\2020\SDRW2000001142\SDRW2000001142.1.1.44.wav,True
2020,SDRW2000001142,SDRW2000001142.1.1.52,no_textgrid_after_beam10_retry40,D:\20_AUDIO\03_wav\individual\2020\SDRW2000001142\SDRW2000001142.1.1.52.lab,37,D:\20_AUDIO\03_wav\individual\2020\SDRW2000001142\SDRW2000001142.1.1.52.wav,True
2020,SDRW2000001142,SDRW2000001142.1.1.60,no_textgrid_after_beam10_retry40,D:\20_AUDIO\03_wav\individual\2020\SDRW2000001142\SDRW2000001142.1.1.60.lab,41,D:\20_AUDIO\03_wav\individual\2020\SDRW2000001142\SDRW2000001142.1.1.60.wav,True
2020,SDRW2000001142,SDRW2000001142.1.1.65,no_textgrid_after_beam10_retry40,D:\20_AUDIO\03_wav\individual\2020\SDRW2000001142\SDRW2000001142.1.1.65.lab,29,D:\20_AUDIO\03_wav\individual\2020\SDRW2000001142\SDRW2000001142.1.1.65.wav,True
2020,SDRW2000001142,SDRW2000001142.1.1.68,no_textgrid_after_beam10_retry40,D:\20_AUDIO\03_wav\individual\2020\SDRW2000001142\SDRW2000001142.1.1.68.lab,52,D:\20_AUDIO\03_wav\individual\2020\SDRW2000001142\SDRW2000001142.1.1.68.wav,True
2020,SDRW2000001142,SDRW2000001142.1.1.74,no_textgrid_after_beam10_retry40,D:\20_AUDIO\03_wav\individual\2020\SDRW2000001142\SDRW2000001142.1.1.74.lab,44,D:\20_AUDIO\03_wav\individual\2020\SDRW2000001142\SDRW2000001142.1.1.74.wav,True
2020,SDRW2000001147,SDRW2000001147.1.1.104,no_textgrid_after_beam10_retry40,D:\20_AUDIO\03_wav\individual\2020\SDRW2000001147\SDRW2000001147.1.1.104.lab,41,D:\20_AUDIO\03_wav\individual\2020\SDRW2000001147\SDRW2000001147.1.1.104.wav,True
2020,SDRW2000001147,SDRW2000001147.1.1.105,no_textgrid_after_beam10_retry40,D:\20_AUDIO\03_wav\individual\2020\SDRW2000001147\SDRW2000001147.1.1.105.lab,61,D:\20_AUDIO\03_wav\individual\2020\SDRW2000001147\SDRW2000001147.1.1.105.wav,True
2020,SDRW2000001147,SDRW2000001147.1.1.107,no_textgrid_after_beam10_retry40,D:\20_AUDIO\03_wav\individual\2020\SDRW2000001147\SDRW2000001147.1.1.107.lab,37,D:\20_AUDIO\03_wav\individual\2020\SDRW2000001147\SDRW2000001147.1.1.107.wav,True
2020,SDRW2000001147,SDRW2000001147.1.1.109,no_textgrid_after_beam10_retry40,D:\20_AUDIO\03_wav\individual\2020\SDRW2000001147\SDRW2000001147.1.1.109.lab,67,D:\20_AUDIO\03_wav\individual\2020\SDRW2000001147\SDRW2000001147.1.1.109.wav,True
2020,SDRW2000001147,SDRW2000001147.1.1.110,no_textgrid_after_beam10_retry40,D:\20_AUDIO\03_wav\individual\2020\SDRW2000001147\SDRW2000001147.1.1.110.lab,55,D:\20_AUDIO\03_wav\individual\2020\SDRW2000001147\SDRW2000001147.1.1.110.wav,True
2020,SDRW2000001147,SDRW2000001147.1.1.135,no_textgrid_after_beam10_retry40,D:\20_AUDIO\03_wav\individual\2020\SDRW2000001147\SDRW2000001147.1.1.135.lab,58,D:\20_AUDIO\03_wav\individual\2020\SDRW2000001147\SDRW2000001147.1.1.135.wav,True
2020,SDRW2000001147,SDRW2000001147.1.1.142,no_textgrid_after_beam10_retry40,D:\20_AUDIO\03_wav\individual\2020\SDRW2000001147\SDRW2000001147.1.1.142.lab,43,D:\20_AUDIO\03_wav\individual\2020\SDRW2000001147\SDRW2000001147.1.1.142.wav,True
2020,SDRW2000001147,SDRW2000001147.1.1.143,no_textgrid_after_beam10_retry40,D:\20_AUDIO\03_wav\individual\2020\SDRW2000001147\SDRW2000001147.1.1.143.lab,34,D:\20_AUDIO\03_wav\individual\2020\SDRW2000001147\SDRW2000001147.1.1.143.wav,True
2020,SDRW2000001147,SDRW2000001147.1.1.148,no_textgrid_after_beam10_retry40,D:\20_AUDIO\03_wav\individual\2020\SDRW2000001147\SDRW2000001147.1.1.148.lab,51,D:\20_AUDIO\03_wav\individual\2020\SDRW2000001147\SDRW2000001147.1.1.148.wav,True
2020,SDRW2000001147,SDRW2000001147.1.1.155,no_textgrid_after_beam10_retry40,D:\20_AUDIO\03_wav\individual\2020\SDRW2000001147\SDRW2000001147.1.1.155.lab,37,D:\20_AUDIO\03_wav\individual\2020\SDRW2000001147\SDRW2000001147.1.1.155.wav,True
2020,SDRW2000001147,SDRW2000001147.1.1.16,no_textgrid_after_beam10_retry40,D:\20_AUDIO\03_wav\individual\2020\SDRW2000001147\SDRW2000001147.1.1.16.lab,36,D:\20_AUDIO\03_wav\individual\2020\SDRW2000001147\SDRW2000001147.1.1.16.wav,True
2020,SDRW2000001147,SDRW2000001147.1.1.171,no_textgrid_after_beam10_retry40,D:\20_AUDIO\03_wav\individual\2020\SDRW2000001147\SDRW2000001147.1.1.171.lab,98,D:\20_AUDIO\03_wav\individual\2020\SDRW2000001147\SDRW2000001147.1.1.171.wav,True
2020,SDRW2000001147,SDRW2000001147.1.1.176,no_textgrid_after_beam10_retry40,D:\20_AUDIO\03_wav\individual\2020\SDRW2000001147\SDRW2000001147.1.1.176.lab,54,D:\20_AUDIO\03_wav\individual\2020\SDRW2000001147\SDRW2000001147.1.1.176.wav,True
2020,SDRW2000001147,SDRW2000001147.1.1.179,no_textgrid_after_beam10_retry40,D:\20_AUDIO\03_wav\individual\2020\SDRW2000001147\SDRW2000001147.1.1.179.lab,44,D:\20_AUDIO\03_wav\individual\2020\SDRW2000001147\SDRW2000001147.1.1.179.wav,True
2020,SDRW2000001147,SDRW2000001147.1.1.187,no_textgrid_after_beam10_retry40,D:\20_AUDIO\03_wav\individual\2020\SDRW2000001147\SDRW2000001147.1.1.187.lab,40,D:\20_AUDIO\03_wav\individual\2020\SDRW2000001147\SDRW2000001147.1.1.187.wav,True
2020,SDRW2000001147,SDRW2000001147.1.1.188,no_textgrid_after_beam10_retry40,D:\20_AUDIO\03_wav\individual\2020\SDRW2000001147\SDRW2000001147.1.1.188.lab,71,D:\20_AUDIO\03_wav\individual\2020\SDRW2000001147\SDRW2000001147.1.1.188.wav,True
2020,SDRW2000001147,SDRW2000001147.1.1.193,no_textgrid_after_beam10_retry40,D:\20_AUDIO\03_wav\individual\2020\SDRW2000001147\SDRW2000001147.1.1.193.lab,80,D:\20_AUDIO\03_wav\individual\2020\SDRW2000001147\SDRW2000001147.1.1.193.wav,True
2020,SDRW2000001147,SDRW2000001147.1.1.196,no_textgrid_after_beam10_retry40,D:\20_AUDIO\03_wav\individual\2020\SDRW2000001147\SDRW2000001147.1.1.196.lab,43,D:\20_AUDIO\03_wav\individual\2020\SDRW2000001147\SDRW2000001147.1.1.196.wav,True
2020,SDRW2000001147,SDRW2000001147.1.1.198,no_textgrid_after_beam10_retry40,D:\20_AUDIO\03_wav\individual\2020\SDRW2000001147\SDRW2000001147.1.1.198.lab,55,D:\20_AUDIO\03_wav\individual\2020\SDRW2000001147\SDRW2000001147.1.1.198.wav,True
2020,SDRW2000001147,SDRW2000001147.1.1.20,no_textgrid_after_beam10_retry40,D:\20_AUDIO\03_wav\individual\2020\SDRW2000001147\SDRW2000001147.1.1.20.lab,12,D:\20_AUDIO\03_wav\individual\2020\SDRW2000001147\SDRW2000001147.1.1.20.wav,True
2020,SDRW2000001147,SDRW2000001147.1.1.206,no_textgrid_after_beam10_retry40,D:\20_AUDIO\03_wav\individual\2020\SDRW2000001147\SDRW2000001147.1.1.206.lab,80,D:\20_AUDIO\03_wav\individual\2020\SDRW2000001147\SDRW2000001147.1.1.206.wav,True
2020,SDRW2000001147,SDRW2000001147.1.1.207,no_textgrid_after_beam10_retry40,D:\20_AUDIO\03_wav\individual\2020\SDRW2000001147\SDRW2000001147.1.1.207.lab,40,D:\20_AUDIO\03_wav\individual\2020\SDRW2000001147\SDRW2000001147.1.1.207.wav,True
2020,SDRW2000001147,SDRW2000001147.1.1.215,no_textgrid_after_beam10_retry40,D:\20_AUDIO\03_wav\individual\2020\SDRW2000001147\SDRW2000001147.1.1.215.lab,38,D:\20_AUDIO\03_wav\individual\2020\SDRW2000001147\SDRW2000001147.1.1.215.wav,True
2020,SDRW2000001147,SDRW2000001147.1.1.230,no_textgrid_after_beam10_retry40,D:\20_AUDIO\03_wav\individual\2020\SDRW2000001147\SDRW2000001147.1.1.230.lab,66,D:\20_AUDIO\03_wav\individual\2020\SDRW2000001147\SDRW2000001147.1.1.230.wav,True
2020,SDRW2000001147,SDRW2000001147.1.1.239,no_textgrid_after_beam10_retry40,D:\20_AUDIO\03_wav\individual\2020\SDRW2000001147\SDRW2000001147.1.1.239.lab,35,D:\20_AUDIO\03_wav\individual\2020\SDRW2000001147\SDRW2000001147.1.1.239.wav,True
2020,SDRW2000001147,SDRW2000001147.1.1.245,no_textgrid_after_beam10_retry40,D:\20_AUDIO\03_wav\individual\2020\SDRW2000001147\SDRW2000001147.1.1.245.lab,46,D:\20_AUDIO\03_wav\individual\2020\SDRW2000001147\SDRW2000001147.1.1.245.wav,True
2020,SDRW2000001147,SDRW2000001147.1.1.25,no_textgrid_after_beam10_retry40,D:\20_AUDIO\03_wav\individual\2020\SDRW2000001147\SDRW2000001147.1.1.25.lab,79,D:\20_AUDIO\03_wav\individual\2020\SDRW2000001147\SDRW2000001147.1.1.25.wav,True
2020,SDRW2000001147,SDRW2000001147.1.1.250,no_textgrid_after_beam10_retry40,D:\20_AUDIO\03_wav\individual\2020\SDRW2000001147\SDRW2000001147.1.1.250.lab,73,D:\20_AUDIO\03_wav\individual\2020\SDRW2000001147\SDRW2000001147.1.1.250.wav,True
2020,SDRW2000001147,SDRW2000001147.1.1.266,no_textgrid_after_beam10_retry40,D:\20_AUDIO\03_wav\individual\2020\SDRW2000001147\SDRW2000001147.1.1.266.lab,52,D:\20_AUDIO\03_wav\individual\2020\SDRW2000001147\SDRW2000001147.1.1.266.wav,True
2020,SDRW2000001147,SDRW2000001147.1.1.268,no_textgrid_after_beam10_retry40,D:\20_AUDIO\03_wav\individual\2020\SDRW2000001147\SDRW2000001147.1.1.268.lab,49,D:\20_AUDIO\03_wav\individual\2020\SDRW2000001147\SDRW2000001147.1.1.268.wav,True
2020,SDRW2000001147,SDRW2000001147.1.1.277,no_textgrid_after_beam10_retry40,D:\20_AUDIO\03_wav\individual\2020\SDRW2000001147\SDRW2000001147.1.1.277.lab,36,D:\20_AUDIO\03_wav\individual\2020\SDRW2000001147\SDRW2000001147.1.1.277.wav,True
2020,SDRW2000001147,SDRW2000001147.1.1.290,no_textgrid_after_beam10_retry40,D:\20_AUDIO\03_wav\individual\2020\SDRW2000001147\SDRW2000001147.1.1.290.lab,60,D:\20_AUDIO\03_wav\individual\2020\SDRW2000001147\SDRW2000001147.1.1.290.wav,True
2020,SDRW2000001147,SDRW2000001147.1.1.291,no_textgrid_after_beam10_retry40,D:\20_AUDIO\03_wav\individual\2020\SDRW2000001147\SDRW2000001147.1.1.291.lab,80,D:\20_AUDIO\03_wav\individual\2020\SDRW2000001147\SDRW2000001147.1.1.291.wav,True
2020,SDRW2000001147,SDRW2000001147.1.1.294,no_textgrid_after_beam10_retry40,D:\20_AUDIO\03_wav\individual\2020\SDRW2000001147\SDRW2000001147.1.1.294.lab,36,D:\20_AUDIO\03_wav\individual\2020\SDRW2000001147\SDRW2000001147.1.1.294.wav,True
2020,SDRW2000001147,SDRW2000001147.1.1.300,no_textgrid_after_beam10_retry40,D:\20_AUDIO\03_wav\individual\2020\SDRW2000001147\SDRW2000001147.1.1.300.lab,46,D:\20_AUDIO\03_wav\individual\2020\SDRW2000001147\SDRW2000001147.1.1.300.wav,True
2020,SDRW2000001147,SDRW2000001147.1.1.31,no_textgrid_after_beam10_retry40,D:\20_AUDIO\03_wav\individual\2020\SDRW2000001147\SDRW2000001147.1.1.31.lab,29,D:\20_AUDIO\03_wav\individual\2020\SDRW2000001147\SDRW2000001147.1.1.31.wav,True
2020,SDRW2000001147,SDRW2000001147.1.1.311,no_textgrid_after_beam10_retry40,D:\20_AUDIO\03_wav\individual\2020\SDRW2000001147\SDRW2000001147.1.1.311.lab,100,D:\20_AUDIO\03_wav\individual\2020\SDRW2000001147\SDRW2000001147.1.1.311.wav,True
2020,SDRW2000001147,SDRW2000001147.1.1.314,no_textgrid_after_beam10_retry40,D:\20_AUDIO\03_wav\individual\2020\SDRW2000001147\SDRW2000001147.1.1.314.lab,40,D:\20_AUDIO\03_wav\individual\2020\SDRW2000001147\SDRW2000001147.1.1.314.wav,True
2020,SDRW2000001147,SDRW2000001147.1.1.320,no_textgrid_after_beam10_retry40,D:\20_AUDIO\03_wav\individual\2020\SDRW2000001147\SDRW2000001147.1.1.320.lab,31,D:\20_AUDIO\03_wav\individual\2020\SDRW2000001147\SDRW2000001147.1.1.320.wav,True
2020,SDRW2000001147,SDRW2000001147.1.1.321,no_textgrid_after_beam10_retry40,D:\20_AUDIO\03_wav\individual\2020\SDRW2000001147\SDRW2000001147.1.1.321.lab,64,D:\20_AUDIO\03_wav\individual\2020\SDRW2000001147\SDRW2000001147.1.1.321.wav,True
2020,SDRW2000001147,SDRW2000001147.1.1.323,no_textgrid_after_beam10_retry40,D:\20_AUDIO\03_wav\individual\2020\SDRW2000001147\SDRW2000001147.1.1.323.lab,78,D:\20_AUDIO\03_wav\individual\2020\SDRW2000001147\SDRW2000001147.1.1.323.wav,True
2020,SDRW2000001147,SDRW2000001147.1.1.327,no_textgrid_after_beam10_retry40,D:\20_AUDIO\03_wav\individual\2020\SDRW2000001147\SDRW2000001147.1.1.327.lab,49,D:\20_AUDIO\03_wav\individual\2020\SDRW2000001147\SDRW2000001147.1.1.327.wav,True
2020,SDRW2000001147,SDRW2000001147.1.1.334,no_textgrid_after_beam10_retry40,D:\20_AUDIO\03_wav\individual\2020\SDRW2000001147\SDRW2000001147.1.1.334.lab,67,D:\20_AUDIO\03_wav\individual\2020\SDRW2000001147\SDRW2000001147.1.1.334.wav,True
2020,SDRW2000001147,SDRW2000001147.1.1.335,no_textgrid_after_beam10_retry40,D:\20_AUDIO\03_wav\individual\2020\SDRW2000001147\SDRW2000001147.1.1.335.lab,35,D:\20_AUDIO\03_wav\individual\2020\SDRW2000001147\SDRW2000001147.1.1.335.wav,True
2020,SDRW2000001147,SDRW2000001147.1.1.34,no_textgrid_after_beam10_retry40,D:\20_AUDIO\03_wav\individual\2020\SDRW2000001147\SDRW2000001147.1.1.34.lab,40,D:\20_AUDIO\03_wav\individual\2020\SDRW2000001147\SDRW2000001147.1.1.34.wav,True
2020,SDRW2000001147,SDRW2000001147.1.1.35,no_textgrid_after_beam10_retry40,D:\20_AUDIO\03_wav\individual\2020\SDRW2000001147\SDRW2000001147.1.1.35.lab,63,D:\20_AUDIO\03_wav\individual\2020\SDRW2000001147\SDRW2000001147.1.1.35.wav,True
2020,SDRW2000001147,SDRW2000001147.1.1.39,no_textgrid_after_beam10_retry40,D:\20_AUDIO\03_wav\individual\2020\SDRW2000001147\SDRW2000001147.1.1.39.lab,64,D:\20_AUDIO\03_wav\individual\2020\SDRW2000001147\SDRW2000001147.1.1.39.wav,True
2020,SDRW2000001147,SDRW2000001147.1.1.40,no_textgrid_after_beam10_retry40,D:\20_AUDIO\03_wav\individual\2020\SDRW2000001147\SDRW2000001147.1.1.40.lab,110,D:\20_AUDIO\03_wav\individual\2020\SDRW2000001147\SDRW2000001147.1.1.40.wav,True
2020,SDRW2000001147,SDRW2000001147.1.1.43,no_textgrid_after_beam10_retry40,D:\20_AUDIO\03_wav\individual\2020\SDRW2000001147\SDRW2000001147.1.1.43.lab,75,D:\20_AUDIO\03_wav\individual\2020\SDRW2000001147\SDRW2000001147.1.1.43.wav,True
2020,SDRW2000001147,SDRW2000001147.1.1.60,no_textgrid_after_beam10_retry40,D:\20_AUDIO\03_wav\individual\2020\SDRW2000001147\SDRW2000001147.1.1.60.lab,70,D:\20_AUDIO\03_wav\individual\2020\SDRW2000001147\SDRW2000001147.1.1.60.wav,True
2020,SDRW2000001147,SDRW2000001147.1.1.63,no_textgrid_after_beam10_retry40,D:\20_AUDIO\03_wav\individual\2020\SDRW2000001147\SDRW2000001147.1.1.63.lab,53,D:\20_AUDIO\03_wav\individual\2020\SDRW2000001147\SDRW2000001147.1.1.63.wav,True
2020,SDRW2000001147,SDRW2000001147.1.1.70,no_textgrid_after_beam10_retry40,D:\20_AUDIO\03_wav\individual\2020\SDRW2000001147\SDRW2000001147.1.1.70.lab,65,D:\20_AUDIO\03_wav\individual\2020\SDRW2000001147\SDRW2000001147.1.1.70.wav,True
2020,SDRW2000001147,SDRW2000001147.1.1.83,no_textgrid_after_beam10_retry40,D:\20_AUDIO\03_wav\individual\2020\SDRW2000001147\SDRW2000001147.1.1.83.lab,80,D:\20_AUDIO\03_wav\individual\2020\SDRW2000001147\SDRW2000001147.1.1.83.wav,True
2020,SDRW2000001147,SDRW2000001147.1.1.98,no_textgrid_after_beam10_retry40,D:\20_AUDIO\03_wav\individual\2020\SDRW2000001147\SDRW2000001147.1.1.98.lab,44,D:\20_AUDIO\03_wav\individual\2020\SDRW2000001147\SDRW2000001147.1.1.98.wav,True
2020,SDRW2000001148,SDRW2000001148.1.1.100,no_textgrid_after_beam10_retry40,D:\20_AUDIO\03_wav\individual\2020\SDRW2000001148\SDRW2000001148.1.1.100.lab,76,D:\20_AUDIO\03_wav\individual\2020\SDRW2000001148\SDRW2000001148.1.1.100.wav,True
2020,SDRW2000001148,SDRW2000001148.1.1.103,no_textgrid_after_beam10_retry40,D:\20_AUDIO\03_wav\individual\2020\SDRW2000001148\SDRW2000001148.1.1.103.lab,77,D:\20_AUDIO\03_wav\individual\2020\SDRW2000001148\SDRW2000001148.1.1.103.wav,True
2020,SDRW2000001148,SDRW2000001148.1.1.104,no_textgrid_after_beam10_retry40,D:\20_AUDIO\03_wav\individual\2020\SDRW2000001148\SDRW2000001148.1.1.104.lab,53,D:\20_AUDIO\03_wav\individual\2020\SDRW2000001148\SDRW2000001148.1.1.104.wav,True
2020,SDRW2000001148,SDRW2000001148.1.1.118,no_textgrid_after_beam10_retry40,D:\20_AUDIO\03_wav\individual\2020\SDRW2000001148\SDRW2000001148.1.1.118.lab,55,D:\20_AUDIO\03_wav\individual\2020\SDRW2000001148\SDRW2000001148.1.1.118.wav,True
2020,SDRW2000001148,SDRW2000001148.1.1.122,no_textgrid_after_beam10_retry40,D:\20_AUDIO\03_wav\individual\2020\SDRW2000001148\SDRW2000001148.1.1.122.lab,51,D:\20_AUDIO\03_wav\individual\2020\SDRW2000001148\SDRW2000001148.1.1.122.wav,True
2020,SDRW2000001148,SDRW2000001148.1.1.136,no_textgrid_after_beam10_retry40,D:\20_AUDIO\03_wav\individual\2020\SDRW2000001148\SDRW2000001148.1.1.136.lab,42,D:\20_AUDIO\03_wav\individual\2020\SDRW2000001148\SDRW2000001148.1.1.136.wav,True
2020,SDRW2000001148,SDRW2000001148.1.1.137,no_textgrid_after_beam10_retry40,D:\20_AUDIO\03_wav\individual\2020\SDRW2000001148\SDRW2000001148.1.1.137.lab,34,D:\20_AUDIO\03_wav\individual\2020\SDRW2000001148\SDRW2000001148.1.1.137.wav,True
2020,SDRW2000001148,SDRW2000001148.1.1.147,no_textgrid_after_beam10_retry40,D:\20_AUDIO\03_wav\individual\2020\SDRW2000001148\SDRW2000001148.1.1.147.lab,19,D:\20_AUDIO\03_wav\individual\2020\SDRW2000001148\SDRW2000001148.1.1.147.wav,True
2020,SDRW2000001148,SDRW2000001148.1.1.152,no_textgrid_after_beam10_retry40,D:\20_AUDIO\03_wav\individual\2020\SDRW2000001148\SDRW2000001148.1.1.152.lab,64,D:\20_AUDIO\03_wav\individual\2020\SDRW2000001148\SDRW2000001148.1.1.152.wav,True
2020,SDRW2000001148,SDRW2000001148.1.1.161,no_textgrid_after_beam10_retry40,D:\20_AUDIO\03_wav\individual\2020\SDRW2000001148\SDRW2000001148.1.1.161.lab,43,D:\20_AUDIO\03_wav\individual\2020\SDRW2000001148\SDRW2000001148.1.1.161.wav,True
2020,SDRW2000001148,SDRW2000001148.1.1.168,no_textgrid_after_beam10_retry40,D:\20_AUDIO\03_wav\individual\2020\SDRW2000001148\SDRW2000001148.1.1.168.lab,41,D:\20_AUDIO\03_wav\individual\2020\SDRW2000001148\SDRW2000001148.1.1.168.wav,True
2020,SDRW2000001148,SDRW2000001148.1.1.170,no_textgrid_after_beam10_retry40,D:\20_AUDIO\03_wav\individual\2020\SDRW2000001148\SDRW2000001148.1.1.170.lab,57,D:\20_AUDIO\03_wav\individual\2020\SDRW2000001148\SDRW2000001148.1.1.170.wav,True
2020,SDRW2000001148,SDRW2000001148.1.1.173,no_textgrid_after_beam10_retry40,D:\20_AUDIO\03_wav\individual\2020\SDRW2000001148\SDRW2000001148.1.1.173.lab,66,D:\20_AUDIO\03_wav\individual\2020\SDRW2000001148\SDRW2000001148.1.1.173.wav,True
2020,SDRW2000001148,SDRW2000001148.1.1.18,no_textgrid_after_beam10_retry40,D:\20_AUDIO\03_wav\individual\2020\SDRW2000001148\SDRW2000001148.1.1.18.lab,36,D:\20_AUDIO\03_wav\individual\2020\SDRW2000001148\SDRW2000001148.1.1.18.wav,True
2020,SDRW2000001148,SDRW2000001148.1.1.184,no_textgrid_after_beam10_retry40,D:\20_AUDIO\03_wav\individual\2020\SDRW2000001148\SDRW2000001148.1.1.184.lab,49,D:\20_AUDIO\03_wav\individual\2020\SDRW2000001148\SDRW2000001148.1.1.184.wav,True
2020,SDRW2000001148,SDRW2000001148.1.1.186,no_textgrid_after_beam10_retry40,D:\20_AUDIO\03_wav\individual\2020\SDRW2000001148\SDRW2000001148.1.1.186.lab,22,D:\20_AUDIO\03_wav\individual\2020\SDRW2000001148\SDRW2000001148.1.1.186.wav,True
2020,SDRW2000001148,SDRW2000001148.1.1.187,no_textgrid_after_beam10_retry40,D:\20_AUDIO\03_wav\individual\2020\SDRW2000001148\SDRW2000001148.1.1.187.lab,69,D:\20_AUDIO\03_wav\individual\2020\SDRW2000001148\SDRW2000001148.1.1.187.wav,True
2020,SDRW2000001148,SDRW2000001148.1.1.188,no_textgrid_after_beam10_retry40,D:\20_AUDIO\03_wav\individual\2020\SDRW2000001148\SDRW2000001148.1.1.188.lab,51,D:\20_AUDIO\03_wav\individual\2020\SDRW2000001148\SDRW2000001148.1.1.188.wav,True
2020,SDRW2000001148,SDRW2000001148.1.1.192,no_textgrid_after_beam10_retry40,D:\20_AUDIO\03_wav\individual\2020\SDRW2000001148\SDRW2000001148.1.1.192.lab,65,D:\20_AUDIO\03_wav\individual\2020\SDRW2000001148\SDRW2000001148.1.1.192.wav,True
2020,SDRW2000001148,SDRW2000001148.1.1.193,no_textgrid_after_beam10_retry40,D:\20_AUDIO\03_wav\individual\2020\SDRW2000001148\SDRW2000001148.1.1.193.lab,39,D:\20_AUDIO\03_wav\individual\2020\SDRW2000001148\SDRW2000001148.1.1.193.wav,True
2020,SDRW2000001148,SDRW2000001148.1.1.196,no_textgrid_after_beam10_retry40,D:\20_AUDIO\03_wav\individual\2020\SDRW2000001148\SDRW2000001148.1.1.196.lab,49,D:\20_AUDIO\03_wav\individual\2020\SDRW2000001148\SDRW2000001148.1.1.196.wav,True
2020,SDRW2000001148,SDRW2000001148.1.1.204,no_textgrid_after_beam10_retry40,D:\20_AUDIO\03_wav\individual\2020\SDRW2000001148\SDRW2000001148.1.1.204.lab,44,D:\20_AUDIO\03_wav\individual\2020\SDRW2000001148\SDRW2000001148.1.1.204.wav,True
2020,SDRW2000001148,SDRW2000001148.1.1.218,no_textgrid_after_beam10_retry40,D:\20_AUDIO\03_wav\individual\2020\SDRW2000001148\SDRW2000001148.1.1.218.lab,53,D:\20_AUDIO\03_wav\individual\2020\SDRW2000001148\SDRW2000001148.1.1.218.wav,True
2020,SDRW2000001148,SDRW2000001148.1.1.232,no_textgrid_after_beam10_retry40,D:\20_AUDIO\03_wav\individual\2020\SDRW2000001148\SDRW2000001148.1.1.232.lab,39,D:\20_AUDIO\03_wav\individual\2020\SDRW2000001148\SDRW2000001148.1.1.232.wav,True
2020,SDRW2000001148,SDRW2000001148.1.1.236,no_textgrid_after_beam10_retry40,D:\20_AUDIO\03_wav\individual\2020\SDRW2000001148\SDRW2000001148.1.1.236.lab,59,D:\20_AUDIO\03_wav\individual\2020\SDRW2000001148\SDRW2000001148.1.1.236.wav,True
2020,SDRW2000001148,SDRW2000001148.1.1.239,no_textgrid_after_beam10_retry40,D:\20_AUDIO\03_wav\individual\2020\SDRW2000001148\SDRW2000001148.1.1.239.lab,64,D:\20_AUDIO\03_wav\individual\2020\SDRW2000001148\SDRW2000001148.1.1.239.wav,True
2020,SDRW2000001148,SDRW2000001148.1.1.243,no_textgrid_after_beam10_retry40,D:\20_AUDIO\03_wav\individual\2020\SDRW2000001148\SDRW2000001148.1.1.243.lab,62,D:\20_AUDIO\03_wav\individual\2020\SDRW2000001148\SDRW2000001148.1.1.243.wav,True
2020,SDRW2000001148,SDRW2000001148.1.1.244,no_textgrid_after_beam10_retry40,D:\20_AUDIO\03_wav\individual\2020\SDRW2000001148\SDRW2000001148.1.1.244.lab,52,D:\20_AUDIO\03_wav\individual\2020\SDRW2000001148\SDRW2000001148.1.1.244.wav,True
2020,SDRW2000001148,SDRW2000001148.1.1.246,no_textgrid_after_beam10_retry40,D:\20_AUDIO\03_wav\individual\2020\SDRW2000001148\SDRW2000001148.1.1.246.lab,56,D:\20_AUDIO\03_wav\individual\2020\SDRW2000001148\SDRW2000001148.1.1.246.wav,True
2020,SDRW2000001148,SDRW2000001148.1.1.25,no_textgrid_after_beam10_retry40,D:\20_AUDIO\03_wav\individual\2020\SDRW2000001148\SDRW2000001148.1.1.25.lab,48,D:\20_AUDIO\03_wav\individual\2020\SDRW2000001148\SDRW2000001148.1.1.25.wav,True
2020,SDRW2000001148,SDRW2000001148.1.1.254,no_textgrid_after_beam10_retry40,D:\20_AUDIO\03_wav\individual\2020\SDRW2000001148\SDRW2000001148.1.1.254.lab,51,D:\20_AUDIO\03_wav\individual\2020\SDRW2000001148\SDRW2000001148.1.1.254.wav,True
2020,SDRW2000001148,SDRW2000001148.1.1.256,no_textgrid_after_beam10_retry40,D:\20_AUDIO\03_wav\individual\2020\SDRW2000001148\SDRW2000001148.1.1.256.lab,77,D:\20_AUDIO\03_wav\individual\2020\SDRW2000001148\SDRW2000001148.1.1.256.wav,True
2020,SDRW2000001148,SDRW2000001148.1.1.261,no_textgrid_after_beam10_retry40,D:\20_AUDIO\03_wav\individual\2020\SDRW2000001148\SDRW2000001148.1.1.261.lab,51,D:\20_AUDIO\03_wav\individual\2020\SDRW2000001148\SDRW2000001148.1.1.261.wav,True
2020,SDRW2000001148,SDRW2000001148.1.1.269,no_textgrid_after_beam10_retry40,D:\20_AUDIO\03_wav\individual\2020\SDRW2000001148\SDRW2000001148.1.1.269.lab,56,D:\20_AUDIO\03_wav\individual\2020\SDRW2000001148\SDRW2000001148.1.1.269.wav,True
2020,SDRW2000001148,SDRW2000001148.1.1.270,no_textgrid_after_beam10_retry40,D:\20_AUDIO\03_wav\individual\2020\SDRW2000001148\SDRW2000001148.1.1.270.lab,65,D:\20_AUDIO\03_wav\individual\2020\SDRW2000001148\SDRW2000001148.1.1.270.wav,True
2020,SDRW2000001148,SDRW2000001148.1.1.272,no_textgrid_after_beam10_retry40,D:\20_AUDIO\03_wav\individual\2020\SDRW2000001148\SDRW2000001148.1.1.272.lab,55,D:\20_AUDIO\03_wav\individual\2020\SDRW2000001148\SDRW2000001148.1.1.272.wav,True
2020,SDRW2000001148,SDRW2000001148.1.1.276,no_textgrid_after_beam10_retry40,D:\20_AUDIO\03_wav\individual\2020\SDRW2000001148\SDRW2000001148.1.1.276.lab,73,D:\20_AUDIO\03_wav\individual\2020\SDRW2000001148\SDRW2000001148.1.1.276.wav,True
2020,SDRW2000001148,SDRW2000001148.1.1.292,no_textgrid_after_beam10_retry40,D:\20_AUDIO\03_wav\individual\2020\SDRW2000001148\SDRW2000001148.1.1.292.lab,46,D:\20_AUDIO\03_wav\individual\2020\SDRW2000001148\SDRW2000001148.1.1.292.wav,True
2020,SDRW2000001148,SDRW2000001148.1.1.294,no_textgrid_after_beam10_retry40,D:\20_AUDIO\03_wav\individual\2020\SDRW2000001148\SDRW2000001148.1.1.294.lab,74,D:\20_AUDIO\03_wav\individual\2020\SDRW2000001148\SDRW2000001148.1.1.294.wav,True
2020,SDRW2000001148,SDRW2000001148.1.1.301,no_textgrid_after_beam10_retry40,D:\20_AUDIO\03_wav\individual\2020\SDRW2000001148\SDRW2000001148.1.1.301.lab,57,D:\20_AUDIO\03_wav\individual\2020\SDRW2000001148\SDRW2000001148.1.1.301.wav,True
2020,SDRW2000001148,SDRW2000001148.1.1.306,no_textgrid_after_beam10_retry40,D:\20_AUDIO\03_wav\individual\2020\SDRW2000001148\SDRW2000001148.1.1.306.lab,47,D:\20_AUDIO\03_wav\individual\2020\SDRW2000001148\SDRW2000001148.1.1.306.wav,True
2020,SDRW2000001148,SDRW2000001148.1.1.38,no_textgrid_after_beam10_retry40,D:\20_AUDIO\03_wav\individual\2020\SDRW2000001148\SDRW2000001148.1.1.38.lab,49,D:\20_AUDIO\03_wav\individual\2020\SDRW2000001148\SDRW2000001148.1.1.38.wav,True
2020,SDRW2000001148,SDRW2000001148.1.1.50,no_textgrid_after_beam10_retry40,D:\20_AUDIO\03_wav\individual\2020\SDRW2000001148\SDRW2000001148.1.1.50.lab,64,D:\20_AUDIO\03_wav\individual\2020\SDRW2000001148\SDRW2000001148.1.1.50.wav,True
2020,SDRW2000001148,SDRW2000001148.1.1.67,no_textgrid_after_beam10_retry40,D:\20_AUDIO\03_wav\individual\2020\SDRW2000001148\SDRW2000001148.1.1.67.lab,34,D:\20_AUDIO\03_wav\individual\2020\SDRW2000001148\SDRW2000001148.1.1.67.wav,True
2020,SDRW2000001148,SDRW2000001148.1.1.71,no_textgrid_after_beam10_retry40,D:\20_AUDIO\03_wav\individual\2020\SDRW2000001148\SDRW2000001148.1.1.71.lab,59,D:\20_AUDIO\03_wav\individual\2020\SDRW2000001148\SDRW2000001148.1.1.71.wav,True
2020,SDRW2000001148,SDRW2000001148.1.1.77,no_textgrid_after_beam10_retry40,D:\20_AUDIO\03_wav\individual\2020\SDRW2000001148\SDRW2000001148.1.1.77.lab,34,D:\20_AUDIO\03_wav\individual\2020\SDRW2000001148\SDRW2000001148.1.1.77.wav,True
2020,SDRW2000001148,SDRW2000001148.1.1.88,no_textgrid_after_beam10_retry40,D:\20_AUDIO\03_wav\individual\2020\SDRW2000001148\SDRW2000001148.1.1.88.lab,56,D:\20_AUDIO\03_wav\individual\2020\SDRW2000001148\SDRW2000001148.1.1.88.wav,True
2020,SDRW2000001148,SDRW2000001148.1.1.90,no_textgrid_after_beam10_retry40,D:\20_AUDIO\03_wav\individual\2020\SDRW2000001148\SDRW2000001148.1.1.90.lab,61,D:\20_AUDIO\03_wav\individual\2020\SDRW2000001148\SDRW2000001148.1.1.90.wav,True
2020,SDRW2000001148,SDRW2000001148.1.1.99,no_textgrid_after_beam10_retry40,D:\20_AUDIO\03_wav\individual\2020\SDRW2000001148\SDRW2000001148.1.1.99.lab,51,D:\20_AUDIO\03_wav\individual\2020\SDRW2000001148\SDRW2000001148.1.1.99.wav,True
2020,SDRW2000001153,SDRW2000001153.1.1.107,no_textgrid_after_beam10_retry40,D:\20_AUDIO\03_wav\individual\2020\SDRW2000001153\SDRW2000001153.1.1.107.lab,37,D:\20_AUDIO\03_wav\individual\2020\SDRW2000001153\SDRW2000001153.1.1.107.wav,True
2020,SDRW2000001153,SDRW2000001153.1.1.114,no_textgrid_after_beam10_retry40,D:\20_AUDIO\03_wav\individual\2020\SDRW2000001153\SDRW2000001153.1.1.114.lab,68,D:\20_AUDIO\03_wav\individual\2020\SDRW2000001153\SDRW2000001153.1.1.114.wav,True
2020,SDRW2000001153,SDRW2000001153.1.1.117,no_textgrid_after_beam10_retry40,D:\20_AUDIO\03_wav\individual\2020\SDRW2000001153\SDRW2000001153.1.1.117.lab,50,D:\20_AUDIO\03_wav\individual\2020\SDRW2000001153\SDRW2000001153.1.1.117.wav,True
2020,SDRW2000001153,SDRW2000001153.1.1.119,no_textgrid_after_beam10_retry40,D:\20_AUDIO\03_wav\individual\2020\SDRW2000001153\SDRW2000001153.1.1.119.lab,35,D:\20_AUDIO\03_wav\individual\2020\SDRW2000001153\SDRW2000001153.1.1.119.wav,True
2020,SDRW2000001153,SDRW2000001153.1.1.120,no_textgrid_after_beam10_retry40,D:\20_AUDIO\03_wav\individual\2020\SDRW2000001153\SDRW2000001153.1.1.120.lab,54,D:\20_AUDIO\03_wav\individual\2020\SDRW2000001153\SDRW2000001153.1.1.120.wav,True
2020,SDRW2000001153,SDRW2000001153.1.1.125,no_textgrid_after_beam10_retry40,D:\20_AUDIO\03_wav\individual\2020\SDRW2000001153\SDRW2000001153.1.1.125.lab,42,D:\20_AUDIO\03_wav\individual\2020\SDRW2000001153\SDRW2000001153.1.1.125.wav,True
2020,SDRW2000001153,SDRW2000001153.1.1.130,no_textgrid_after_beam10_retry40,D:\20_AUDIO\03_wav\individual\2020\SDRW2000001153\SDRW2000001153.1.1.130.lab,82,D:\20_AUDIO\03_wav\individual\2020\SDRW2000001153\SDRW2000001153.1.1.130.wav,True
2020,SDRW2000001153,SDRW2000001153.1.1.137,no_textgrid_after_beam10_retry40,D:\20_AUDIO\03_wav\individual\2020\SDRW2000001153\SDRW2000001153.1.1.137.lab,47,D:\20_AUDIO\03_wav\individual\2020\SDRW2000001153\SDRW2000001153.1.1.137.wav,True
2020,SDRW2000001153,SDRW2000001153.1.1.138,no_textgrid_after_beam10_retry40,D:\20_AUDIO\03_wav\individual\2020\SDRW2000001153\SDRW2000001153.1.1.138.lab,63,D:\20_AUDIO\03_wav\individual\2020\SDRW2000001153\SDRW2000001153.1.1.138.wav,True
2020,SDRW2000001153,SDRW2000001153.1.1.14,no_textgrid_after_beam10_retry40,D:\20_AUDIO\03_wav\individual\2020\SDRW2000001153\SDRW2000001153.1.1.14.lab,69,D:\20_AUDIO\03_wav\individual\2020\SDRW2000001153\SDRW2000001153.1.1.14.wav,True
2020,SDRW2000001153,SDRW2000001153.1.1.144,no_textgrid_after_beam10_retry40,D:\20_AUDIO\03_wav\individual\2020\SDRW2000001153\SDRW2000001153.1.1.144.lab,34,D:\20_AUDIO\03_wav\individual\2020\SDRW2000001153\SDRW2000001153.1.1.144.wav,True
2020,SDRW2000001153,SDRW2000001153.1.1.145,no_textgrid_after_beam10_retry40,D:\20_AUDIO\03_wav\individual\2020\SDRW2000001153\SDRW2000001153.1.1.145.lab,73,D:\20_AUDIO\03_wav\individual\2020\SDRW2000001153\SDRW2000001153.1.1.145.wav,True
2020,SDRW2000001153,SDRW2000001153.1.1.149,no_textgrid_after_beam10_retry40,D:\20_AUDIO\03_wav\individual\2020\SDRW2000001153\SDRW2000001153.1.1.149.lab,55,D:\20_AUDIO\03_wav\individual\2020\SDRW2000001153\SDRW2000001153.1.1.149.wav,True
2020,SDRW2000001153,SDRW2000001153.1.1.152,no_textgrid_after_beam10_retry40,D:\20_AUDIO\03_wav\individual\2020\SDRW2000001153\SDRW2000001153.1.1.152.lab,60,D:\20_AUDIO\03_wav\individual\2020\SDRW2000001153\SDRW2000001153.1.1.152.wav,True
2020,SDRW2000001153,SDRW2000001153.1.1.159,no_textgrid_after_beam10_retry40,D:\20_AUDIO\03_wav\individual\2020\SDRW2000001153\SDRW2000001153.1.1.159.lab,53,D:\20_AUDIO\03_wav\individual\2020\SDRW2000001153\SDRW2000001153.1.1.159.wav,True
2020,SDRW2000001153,SDRW2000001153.1.1.165,no_textgrid_after_beam10_retry40,D:\20_AUDIO\03_wav\individual\2020\SDRW2000001153\SDRW2000001153.1.1.165.lab,89,D:\20_AUDIO\03_wav\individual\2020\SDRW2000001153\SDRW2000001153.1.1.165.wav,True
2020,SDRW2000001153,SDRW2000001153.1.1.166,no_textgrid_after_beam10_retry40,D:\20_AUDIO\03_wav\individual\2020\SDRW2000001153\SDRW2000001153.1.1.166.lab,73,D:\20_AUDIO\03_wav\individual\2020\SDRW2000001153\SDRW2000001153.1.1.166.wav,True
2020,SDRW2000001153,SDRW2000001153.1.1.170,no_textgrid_after_beam10_retry40,D:\20_AUDIO\03_wav\individual\2020\SDRW2000001153\SDRW2000001153.1.1.170.lab,61,D:\20_AUDIO\03_wav\individual\2020\SDRW2000001153\SDRW2000001153.1.1.170.wav,True
2020,SDRW2000001153,SDRW2000001153.1.1.173,no_textgrid_after_beam10_retry40,D:\20_AUDIO\03_wav\individual\2020\SDRW2000001153\SDRW2000001153.1.1.173.lab,36,D:\20_AUDIO\03_wav\individual\2020\SDRW2000001153\SDRW2000001153.1.1.173.wav,True
2020,SDRW2000001153,SDRW2000001153.1.1.177,no_textgrid_after_beam10_retry40,D:\20_AUDIO\03_wav\individual\2020\SDRW2000001153\SDRW2000001153.1.1.177.lab,43,D:\20_AUDIO\03_wav\individual\2020\SDRW2000001153\SDRW2000001153.1.1.177.wav,True
2020,SDRW2000001153,SDRW2000001153.1.1.178,no_textgrid_after_beam10_retry40,D:\20_AUDIO\03_wav\individual\2020\SDRW2000001153\SDRW2000001153.1.1.178.lab,35,D:\20_AUDIO\03_wav\individual\2020\SDRW2000001153\SDRW2000001153.1.1.178.wav,True
2020,SDRW2000001153,SDRW2000001153.1.1.189,no_textgrid_after_beam10_retry40,D:\20_AUDIO\03_wav\individual\2020\SDRW2000001153\SDRW2000001153.1.1.189.lab,53,D:\20_AUDIO\03_wav\individual\2020\SDRW2000001153\SDRW2000001153.1.1.189.wav,True
2020,SDRW2000001153,SDRW2000001153.1.1.190,no_textgrid_after_beam10_retry40,D:\20_AUDIO\03_wav\individual\2020\SDRW2000001153\SDRW2000001153.1.1.190.lab,70,D:\20_AUDIO\03_wav\individual\2020\SDRW2000001153\SDRW2000001153.1.1.190.wav,True
2020,SDRW2000001153,SDRW2000001153.1.1.194,no_textgrid_after_beam10_retry40,D:\20_AUDIO\03_wav\individual\2020\SDRW2000001153\SDRW2000001153.1.1.194.lab,48,D:\20_AUDIO\03_wav\individual\2020\SDRW2000001153\SDRW2000001153.1.1.194.wav,True
2020,SDRW2000001153,SDRW2000001153.1.1.203,no_textgrid_after_beam10_retry40,D:\20_AUDIO\03_wav\individual\2020\SDRW2000001153\SDRW2000001153.1.1.203.lab,61,D:\20_AUDIO\03_wav\individual\2020\SDRW2000001153\SDRW2000001153.1.1.203.wav,True
2020,SDRW2000001153,SDRW2000001153.1.1.208,no_textgrid_after_beam10_retry40,D:\20_AUDIO\03_wav\individual\2020\SDRW2000001153\SDRW2000001153.1.1.208.lab,50,D:\20_AUDIO\03_wav\individual\2020\SDRW2000001153\SDRW2000001153.1.1.208.wav,True
2020,SDRW2000001153,SDRW2000001153.1.1.21,no_textgrid_after_beam10_retry40,D:\20_AUDIO\03_wav\individual\2020\SDRW2000001153\SDRW2000001153.1.1.21.lab,35,D:\20_AUDIO\03_wav\individual\2020\SDRW2000001153\SDRW2000001153.1.1.21.wav,True
2020,SDRW2000001153,SDRW2000001153.1.1.215,no_textgrid_after_beam10_retry40,D:\20_AUDIO\03_wav\individual\2020\SDRW2000001153\SDRW2000001153.1.1.215.lab,55,D:\20_AUDIO\03_wav\individual\2020\SDRW2000001153\SDRW2000001153.1.1.215.wav,True
2020,SDRW2000001153,SDRW2000001153.1.1.218,no_textgrid_after_beam10_retry40,D:\20_AUDIO\03_wav\individual\2020\SDRW2000001153\SDRW2000001153.1.1.218.lab,37,D:\20_AUDIO\03_wav\individual\2020\SDRW2000001153\SDRW2000001153.1.1.218.wav,True
2020,SDRW2000001153,SDRW2000001153.1.1.221,no_textgrid_after_beam10_retry40,D:\20_AUDIO\03_wav\individual\2020\SDRW2000001153\SDRW2000001153.1.1.221.lab,24,D:\20_AUDIO\03_wav\individual\2020\SDRW2000001153\SDRW2000001153.1.1.221.wav,True
2020,SDRW2000001153,SDRW2000001153.1.1.223,no_textgrid_after_beam10_retry40,D:\20_AUDIO\03_wav\individual\2020\SDRW2000001153\SDRW2000001153.1.1.223.lab,73,D:\20_AUDIO\03_wav\individual\2020\SDRW2000001153\SDRW2000001153.1.1.223.wav,True
2020,SDRW2000001153,SDRW2000001153.1.1.229,no_textgrid_after_beam10_retry40,D:\20_AUDIO\03_wav\individual\2020\SDRW2000001153\SDRW2000001153.1.1.229.lab,42,D:\20_AUDIO\03_wav\individual\2020\SDRW2000001153\SDRW2000001153.1.1.229.wav,True
2020,SDRW2000001153,SDRW2000001153.1.1.23,no_textgrid_after_beam10_retry40,D:\20_AUDIO\03_wav\individual\2020\SDRW2000001153\SDRW2000001153.1.1.23.lab,86,D:\20_AUDIO\03_wav\individual\2020\SDRW2000001153\SDRW2000001153.1.1.23.wav,True
2020,SDRW2000001153,SDRW2000001153.1.1.231,no_textgrid_after_beam10_retry40,D:\20_AUDIO\03_wav\individual\2020\SDRW2000001153\SDRW2000001153.1.1.231.lab,23,D:\20_AUDIO\03_wav\individual\2020\SDRW2000001153\SDRW2000001153.1.1.231.wav,True
2020,SDRW2000001153,SDRW2000001153.1.1.233,no_textgrid_after_beam10_retry40,D:\20_AUDIO\03_wav\individual\2020\SDRW2000001153\SDRW2000001153.1.1.233.lab,79,D:\20_AUDIO\03_wav\individual\2020\SDRW2000001153\SDRW2000001153.1.1.233.wav,True
2020,SDRW2000001153,SDRW2000001153.1.1.236,no_textgrid_after_beam10_retry40,D:\20_AUDIO\03_wav\individual\2020\SDRW2000001153\SDRW2000001153.1.1.236.lab,76,D:\20_AUDIO\03_wav\individual\2020\SDRW2000001153\SDRW2000001153.1.1.236.wav,True
2020,SDRW2000001153,SDRW2000001153.1.1.239,no_textgrid_after_beam10_retry40,D:\20_AUDIO\03_wav\individual\2020\SDRW2000001153\SDRW2000001153.1.1.239.lab,46,D:\20_AUDIO\03_wav\individual\2020\SDRW2000001153\SDRW2000001153.1.1.239.wav,True
2020,SDRW2000001153,SDRW2000001153.1.1.243,no_textgrid_after_beam10_retry40,D:\20_AUDIO\03_wav\individual\2020\SDRW2000001153\SDRW2000001153.1.1.243.lab,42,D:\20_AUDIO\03_wav\individual\2020\SDRW2000001153\SDRW2000001153.1.1.243.wav,True
2020,SDRW2000001153,SDRW2000001153.1.1.245,no_textgrid_after_beam10_retry40,D:\20_AUDIO\03_wav\individual\2020\SDRW2000001153\SDRW2000001153.1.1.245.lab,38,D:\20_AUDIO\03_wav\individual\2020\SDRW2000001153\SDRW2000001153.1.1.245.wav,True
2020,SDRW2000001153,SDRW2000001153.1.1.249,no_textgrid_after_beam10_retry40,D:\20_AUDIO\03_wav\individual\2020\SDRW2000001153\SDRW2000001153.1.1.249.lab,40,D:\20_AUDIO\03_wav\individual\2020\SDRW2000001153\SDRW2000001153.1.1.249.wav,True
2020,SDRW2000001153,SDRW2000001153.1.1.254,no_textgrid_after_beam10_retry40,D:\20_AUDIO\03_wav\individual\2020\SDRW2000001153\SDRW2000001153.1.1.254.lab,53,D:\20_AUDIO\03_wav\individual\2020\SDRW2000001153\SDRW2000001153.1.1.254.wav,True
2020,SDRW2000001153,SDRW2000001153.1.1.27,no_textgrid_after_beam10_retry40,D:\20_AUDIO\03_wav\individual\2020\SDRW2000001153\SDRW2000001153.1.1.27.lab,66,D:\20_AUDIO\03_wav\individual\2020\SDRW2000001153\SDRW2000001153.1.1.27.wav,True
2020,SDRW2000001153,SDRW2000001153.1.1.31,no_textgrid_after_beam10_retry40,D:\20_AUDIO\03_wav\individual\2020\SDRW2000001153\SDRW2000001153.1.1.31.lab,58,D:\20_AUDIO\03_wav\individual\2020\SDRW2000001153\SDRW2000001153.1.1.31.wav,True
2020,SDRW2000001153,SDRW2000001153.1.1.34,no_textgrid_after_beam10_retry40,D:\20_AUDIO\03_wav\individual\2020\SDRW2000001153\SDRW2000001153.1.1.34.lab,36,D:\20_AUDIO\03_wav\individual\2020\SDRW2000001153\SDRW2000001153.1.1.34.wav,True
2020,SDRW2000001153,SDRW2000001153.1.1.36,no_textgrid_after_beam10_retry40,D:\20_AUDIO\03_wav\individual\2020\SDRW2000001153\SDRW2000001153.1.1.36.lab,56,D:\20_AUDIO\03_wav\individual\2020\SDRW2000001153\SDRW2000001153.1.1.36.wav,True
2020,SDRW2000001153,SDRW2000001153.1.1.40,no_textgrid_after_beam10_retry40,D:\20_AUDIO\03_wav\individual\2020\SDRW2000001153\SDRW2000001153.1.1.40.lab,33,D:\20_AUDIO\03_wav\individual\2020\SDRW2000001153\SDRW2000001153.1.1.40.wav,True
2020,SDRW2000001153,SDRW2000001153.1.1.46,no_textgrid_after_beam10_retry40,D:\20_AUDIO\03_wav\individual\2020\SDRW2000001153\SDRW2000001153.1.1.46.lab,72,D:\20_AUDIO\03_wav\individual\2020\SDRW2000001153\SDRW2000001153.1.1.46.wav,True
2020,SDRW2000001153,SDRW2000001153.1.1.47,no_textgrid_after_beam10_retry40,D:\20_AUDIO\03_wav\individual\2020\SDRW2000001153\SDRW2000001153.1.1.47.lab,40,D:\20_AUDIO\03_wav\individual\2020\SDRW2000001153\SDRW2000001153.1.1.47.wav,True
2020,SDRW2000001153,SDRW2000001153.1.1.51,no_textgrid_after_beam10_retry40,D:\20_AUDIO\03_wav\individual\2020\SDRW2000001153\SDRW2000001153.1.1.51.lab,39,D:\20_AUDIO\03_wav\individual\2020\SDRW2000001153\SDRW2000001153.1.1.51.wav,True
2020,SDRW2000001153,SDRW2000001153.1.1.54,no_textgrid_after_beam10_retry40,D:\20_AUDIO\03_wav\individual\2020\SDRW2000001153\SDRW2000001153.1.1.54.lab,42,D:\20_AUDIO\03_wav\individual\2020\SDRW2000001153\SDRW2000001153.1.1.54.wav,True
2020,SDRW2000001153,SDRW2000001153.1.1.56,no_textgrid_after_beam10_retry40,D:\20_AUDIO\03_wav\individual\2020\SDRW2000001153\SDRW2000001153.1.1.56.lab,35,D:\20_AUDIO\03_wav\individual\2020\SDRW2000001153\SDRW2000001153.1.1.56.wav,True
2020,SDRW2000001153,SDRW2000001153.1.1.57,no_textgrid_after_beam10_retry40,D:\20_AUDIO\03_wav\individual\2020\SDRW2000001153\SDRW2000001153.1.1.57.lab,33,D:\20_AUDIO\03_wav\individual\2020\SDRW2000001153\SDRW2000001153.1.1.57.wav,True
2020,SDRW2000001153,SDRW2000001153.1.1.61,no_textgrid_after_beam10_retry40,D:\20_AUDIO\03_wav\individual\2020\SDRW2000001153\SDRW2000001153.1.1.61.lab,67,D:\20_AUDIO\03_wav\individual\2020\SDRW2000001153\SDRW2000001153.1.1.61.wav,True
2020,SDRW2000001153,SDRW2000001153.1.1.64,no_textgrid_after_beam10_retry40,D:\20_AUDIO\03_wav\individual\2020\SDRW2000001153\SDRW2000001153.1.1.64.lab,36,D:\20_AUDIO\03_wav\individual\2020\SDRW2000001153\SDRW2000001153.1.1.64.wav,True
2020,SDRW2000001153,SDRW2000001153.1.1.75,no_textgrid_after_beam10_retry40,D:\20_AUDIO\03_wav\individual\2020\SDRW2000001153\SDRW2000001153.1.1.75.lab,41,D:\20_AUDIO\03_wav\individual\2020\SDRW2000001153\SDRW2000001153.1.1.75.wav,True
2020,SDRW2000001153,SDRW2000001153.1.1.76,no_textgrid_after_beam10_retry40,D:\20_AUDIO\03_wav\individual\2020\SDRW2000001153\SDRW2000001153.1.1.76.lab,41,D:\20_AUDIO\03_wav\individual\2020\SDRW2000001153\SDRW2000001153.1.1.76.wav,True
2020,SDRW2000001153,SDRW2000001153.1.1.82,no_textgrid_after_beam10_retry40,D:\20_AUDIO\03_wav\individual\2020\SDRW2000001153\SDRW2000001153.1.1.82.lab,60,D:\20_AUDIO\03_wav\individual\2020\SDRW2000001153\SDRW2000001153.1.1.82.wav,True
2020,SDRW2000001153,SDRW2000001153.1.1.87,no_textgrid_after_beam10_retry40,D:\20_AUDIO\03_wav\individual\2020\SDRW2000001153\SDRW2000001153.1.1.87.lab,82,D:\20_AUDIO\03_wav\individual\2020\SDRW2000001153\SDRW2000001153.1.1.87.wav,True
2020,SDRW2000001153,SDRW2000001153.1.1.88,no_textgrid_after_beam10_retry40,D:\20_AUDIO\03_wav\individual\2020\SDRW2000001153\SDRW2000001153.1.1.88.lab,48,D:\20_AUDIO\03_wav\individual\2020\SDRW2000001153\SDRW2000001153.1.1.88.wav,True
2020,SDRW2000001153,SDRW2000001153.1.1.92,no_textgrid_after_beam10_retry40,D:\20_AUDIO\03_wav\individual\2020\SDRW2000001153\SDRW2000001153.1.1.92.lab,59,D:\20_AUDIO\03_wav\individual\2020\SDRW2000001153\SDRW2000001153.1.1.92.wav,True
2020,SDRW2000001153,SDRW2000001153.1.1.93,no_textgrid_after_beam10_retry40,D:\20_AUDIO\03_wav\individual\2020\SDRW2000001153\SDRW2000001153.1.1.93.lab,36,D:\20_AUDIO\03_wav\individual\2020\SDRW2000001153\SDRW2000001153.1.1.93.wav,True
2020,SDRW2000001153,SDRW2000001153.1.1.98,no_textgrid_after_beam10_retry40,D:\20_AUDIO\03_wav\individual\2020\SDRW2000001153\SDRW2000001153.1.1.98.lab,22,D:\20_AUDIO\03_wav\individual\2020\SDRW2000001153\SDRW2000001153.1.1.98.wav,True
2020,SDRW2000001154,SDRW2000001154.1.1.102,no_textgrid_after_beam10_retry40,D:\20_AUDIO\03_wav\individual\2020\SDRW2000001154\SDRW2000001154.1.1.102.lab,47,D:\20_AUDIO\03_wav\individual\2020\SDRW2000001154\SDRW2000001154.1.1.102.wav,True
2020,SDRW2000001154,SDRW2000001154.1.1.110,no_textgrid_after_beam10_retry40,D:\20_AUDIO\03_wav\individual\2020\SDRW2000001154\SDRW2000001154.1.1.110.lab,32,D:\20_AUDIO\03_wav\individual\2020\SDRW2000001154\SDRW2000001154.1.1.110.wav,True
2020,SDRW2000001154,SDRW2000001154.1.1.120,no_textgrid_after_beam10_retry40,D:\20_AUDIO\03_wav\individual\2020\SDRW2000001154\SDRW2000001154.1.1.120.lab,59,D:\20_AUDIO\03_wav\individual\2020\SDRW2000001154\SDRW2000001154.1.1.120.wav,True
2020,SDRW2000001154,SDRW2000001154.1.1.129,no_textgrid_after_beam10_retry40,D:\20_AUDIO\03_wav\individual\2020\SDRW2000001154\SDRW2000001154.1.1.129.lab,56,D:\20_AUDIO\03_wav\individual\2020\SDRW2000001154\SDRW2000001154.1.1.129.wav,True
2020,SDRW2000001154,SDRW2000001154.1.1.130,no_textgrid_after_beam10_retry40,D:\20_AUDIO\03_wav\individual\2020\SDRW2000001154\SDRW2000001154.1.1.130.lab,59,D:\20_AUDIO\03_wav\individual\2020\SDRW2000001154\SDRW2000001154.1.1.130.wav,True
2020,SDRW2000001154,SDRW2000001154.1.1.136,no_textgrid_after_beam10_retry40,D:\20_AUDIO\03_wav\individual\2020\SDRW2000001154\SDRW2000001154.1.1.136.lab,45,D:\20_AUDIO\03_wav\individual\2020\SDRW2000001154\SDRW2000001154.1.1.136.wav,True
2020,SDRW2000001154,SDRW2000001154.1.1.138,no_textgrid_after_beam10_retry40,D:\20_AUDIO\03_wav\individual\2020\SDRW2000001154\SDRW2000001154.1.1.138.lab,28,D:\20_AUDIO\03_wav\individual\2020\SDRW2000001154\SDRW2000001154.1.1.138.wav,True
2020,SDRW2000001154,SDRW2000001154.1.1.141,no_textgrid_after_beam10_retry40,D:\20_AUDIO\03_wav\individual\2020\SDRW2000001154\SDRW2000001154.1.1.141.lab,23,D:\20_AUDIO\03_wav\individual\2020\SDRW2000001154\SDRW2000001154.1.1.141.wav,True
2020,SDRW2000001154,SDRW2000001154.1.1.142,no_textgrid_after_beam10_retry40,D:\20_AUDIO\03_wav\individual\2020\SDRW2000001154\SDRW2000001154.1.1.142.lab,37,D:\20_AUDIO\03_wav\individual\2020\SDRW2000001154\SDRW2000001154.1.1.142.wav,True
2020,SDRW2000001154,SDRW2000001154.1.1.147,no_textgrid_after_beam10_retry40,D:\20_AUDIO\03_wav\individual\2020\SDRW2000001154\SDRW2000001154.1.1.147.lab,59,D:\20_AUDIO\03_wav\individual\2020\SDRW2000001154\SDRW2000001154.1.1.147.wav,True
2020,SDRW2000001154,SDRW2000001154.1.1.151,no_textgrid_after_beam10_retry40,D:\20_AUDIO\03_wav\individual\2020\SDRW2000001154\SDRW2000001154.1.1.151.lab,56,D:\20_AUDIO\03_wav\individual\2020\SDRW2000001154\SDRW2000001154.1.1.151.wav,True
2020,SDRW2000001154,SDRW2000001154.1.1.156,no_textgrid_after_beam10_retry40,D:\20_AUDIO\03_wav\individual\2020\SDRW2000001154\SDRW2000001154.1.1.156.lab,68,D:\20_AUDIO\03_wav\individual\2020\SDRW2000001154\SDRW2000001154.1.1.156.wav,True
2020,SDRW2000001154,SDRW2000001154.1.1.158,no_textgrid_after_beam10_retry40,D:\20_AUDIO\03_wav\individual\2020\SDRW2000001154\SDRW2000001154.1.1.158.lab,63,D:\20_AUDIO\03_wav\individual\2020\SDRW2000001154\SDRW2000001154.1.1.158.wav,True
2020,SDRW2000001154,SDRW2000001154.1.1.174,no_textgrid_after_beam10_retry40,D:\20_AUDIO\03_wav\individual\2020\SDRW2000001154\SDRW2000001154.1.1.174.lab,32,D:\20_AUDIO\03_wav\individual\2020\SDRW2000001154\SDRW2000001154.1.1.174.wav,True
2020,SDRW2000001154,SDRW2000001154.1.1.179,no_textgrid_after_beam10_retry40,D:\20_AUDIO\03_wav\individual\2020\SDRW2000001154\SDRW2000001154.1.1.179.lab,46,D:\20_AUDIO\03_wav\individual\2020\SDRW2000001154\SDRW2000001154.1.1.179.wav,True
2020,SDRW2000001154,SDRW2000001154.1.1.182,no_textgrid_after_beam10_retry40,D:\20_AUDIO\03_wav\individual\2020\SDRW2000001154\SDRW2000001154.1.1.182.lab,42,D:\20_AUDIO\03_wav\individual\2020\SDRW2000001154\SDRW2000001154.1.1.182.wav,True
2020,SDRW2000001154,SDRW2000001154.1.1.187,no_textgrid_after_beam10_retry40,D:\20_AUDIO\03_wav\individual\2020\SDRW2000001154\SDRW2000001154.1.1.187.lab,62,D:\20_AUDIO\03_wav\individual\2020\SDRW2000001154\SDRW2000001154.1.1.187.wav,True
2020,SDRW2000001154,SDRW2000001154.1.1.195,no_textgrid_after_beam10_retry40,D:\20_AUDIO\03_wav\individual\2020\SDRW2000001154\SDRW2000001154.1.1.195.lab,48,D:\20_AUDIO\03_wav\individual\2020\SDRW2000001154\SDRW2000001154.1.1.195.wav,True
2020,SDRW2000001154,SDRW2000001154.1.1.198,no_textgrid_after_beam10_retry40,D:\20_AUDIO\03_wav\individual\2020\SDRW2000001154\SDRW2000001154.1.1.198.lab,60,D:\20_AUDIO\03_wav\individual\2020\SDRW2000001154\SDRW2000001154.1.1.198.wav,True
2020,SDRW2000001154,SDRW2000001154.1.1.205,no_textgrid_after_beam10_retry40,D:\20_AUDIO\03_wav\individual\2020\SDRW2000001154\SDRW2000001154.1.1.205.lab,66,D:\20_AUDIO\03_wav\individual\2020\SDRW2000001154\SDRW2000001154.1.1.205.wav,True
2020,SDRW2000001154,SDRW2000001154.1.1.208,no_textgrid_after_beam10_retry40,D:\20_AUDIO\03_wav\individual\2020\SDRW2000001154\SDRW2000001154.1.1.208.lab,46,D:\20_AUDIO\03_wav\individual\2020\SDRW2000001154\SDRW2000001154.1.1.208.wav,True
2020,SDRW2000001154,SDRW2000001154.1.1.213,no_textgrid_after_beam10_retry40,D:\20_AUDIO\03_wav\individual\2020\SDRW2000001154\SDRW2000001154.1.1.213.lab,76,D:\20_AUDIO\03_wav\individual\2020\SDRW2000001154\SDRW2000001154.1.1.213.wav,True
2020,SDRW2000001154,SDRW2000001154.1.1.219,no_textgrid_after_beam10_retry40,D:\20_AUDIO\03_wav\individual\2020\SDRW2000001154\SDRW2000001154.1.1.219.lab,42,D:\20_AUDIO\03_wav\individual\2020\SDRW2000001154\SDRW2000001154.1.1.219.wav,True
2020,SDRW2000001154,SDRW2000001154.1.1.229,no_textgrid_after_beam10_retry40,D:\20_AUDIO\03_wav\individual\2020\SDRW2000001154\SDRW2000001154.1.1.229.lab,50,D:\20_AUDIO\03_wav\individual\2020\SDRW2000001154\SDRW2000001154.1.1.229.wav,True
2020,SDRW2000001154,SDRW2000001154.1.1.232,no_textgrid_after_beam10_retry40,D:\20_AUDIO\03_wav\individual\2020\SDRW2000001154\SDRW2000001154.1.1.232.lab,49,D:\20_AUDIO\03_wav\individual\2020\SDRW2000001154\SDRW2000001154.1.1.232.wav,True
2020,SDRW2000001154,SDRW2000001154.1.1.234,no_textgrid_after_beam10_retry40,D:\20_AUDIO\03_wav\individual\2020\SDRW2000001154\SDRW2000001154.1.1.234.lab,38,D:\20_AUDIO\03_wav\individual\2020\SDRW2000001154\SDRW2000001154.1.1.234.wav,True
2020,SDRW2000001154,SDRW2000001154.1.1.235,no_textgrid_after_beam10_retry40,D:\20_AUDIO\03_wav\individual\2020\SDRW2000001154\SDRW2000001154.1.1.235.lab,78,D:\20_AUDIO\03_wav\individual\2020\SDRW2000001154\SDRW2000001154.1.1.235.wav,True
2020,SDRW2000001154,SDRW2000001154.1.1.237,no_textgrid_after_beam10_retry40,D:\20_AUDIO\03_wav\individual\2020\SDRW2000001154\SDRW2000001154.1.1.237.lab,28,D:\20_AUDIO\03_wav\individual\2020\SDRW2000001154\SDRW2000001154.1.1.237.wav,True
2020,SDRW2000001154,SDRW2000001154.1.1.240,no_textgrid_after_beam10_retry40,D:\20_AUDIO\03_wav\individual\2020\SDRW2000001154\SDRW2000001154.1.1.240.lab,39,D:\20_AUDIO\03_wav\individual\2020\SDRW2000001154\SDRW2000001154.1.1.240.wav,True
2020,SDRW2000001154,SDRW2000001154.1.1.250,no_textgrid_after_beam10_retry40,D:\20_AUDIO\03_wav\individual\2020\SDRW2000001154\SDRW2000001154.1.1.250.lab,49,D:\20_AUDIO\03_wav\individual\2020\SDRW2000001154\SDRW2000001154.1.1.250.wav,True
2020,SDRW2000001154,SDRW2000001154.1.1.255,no_textgrid_after_beam10_retry40,D:\20_AUDIO\03_wav\individual\2020\SDRW2000001154\SDRW2000001154.1.1.255.lab,71,D:\20_AUDIO\03_wav\individual\2020\SDRW2000001154\SDRW2000001154.1.1.255.wav,True
2020,SDRW2000001154,SDRW2000001154.1.1.262,no_textgrid_after_beam10_retry40,D:\20_AUDIO\03_wav\individual\2020\SDRW2000001154\SDRW2000001154.1.1.262.lab,52,D:\20_AUDIO\03_wav\individual\2020\SDRW2000001154\SDRW2000001154.1.1.262.wav,True
2020,SDRW2000001154,SDRW2000001154.1.1.263,no_textgrid_after_beam10_retry40,D:\20_AUDIO\03_wav\individual\2020\SDRW2000001154\SDRW2000001154.1.1.263.lab,66,D:\20_AUDIO\03_wav\individual\2020\SDRW2000001154\SDRW2000001154.1.1.263.wav,True
2020,SDRW2000001154,SDRW2000001154.1.1.265,no_textgrid_after_beam10_retry40,D:\20_AUDIO\03_wav\individual\2020\SDRW2000001154\SDRW2000001154.1.1.265.lab,63,D:\20_AUDIO\03_wav\individual\2020\SDRW2000001154\SDRW2000001154.1.1.265.wav,True
2020,SDRW2000001154,SDRW2000001154.1.1.268,no_textgrid_after_beam10_retry40,D:\20_AUDIO\03_wav\individual\2020\SDRW2000001154\SDRW2000001154.1.1.268.lab,55,D:\20_AUDIO\03_wav\individual\2020\SDRW2000001154\SDRW2000001154.1.1.268.wav,True
2020,SDRW2000001154,SDRW2000001154.1.1.272,no_textgrid_after_beam10_retry40,D:\20_AUDIO\03_wav\individual\2020\SDRW2000001154\SDRW2000001154.1.1.272.lab,34,D:\20_AUDIO\03_wav\individual\2020\SDRW2000001154\SDRW2000001154.1.1.272.wav,True
2020,SDRW2000001154,SDRW2000001154.1.1.274,no_textgrid_after_beam10_retry40,D:\20_AUDIO\03_wav\individual\2020\SDRW2000001154\SDRW2000001154.1.1.274.lab,42,D:\20_AUDIO\03_wav\individual\2020\SDRW2000001154\SDRW2000001154.1.1.274.wav,True
2020,SDRW2000001154,SDRW2000001154.1.1.277,no_textgrid_after_beam10_retry40,D:\20_AUDIO\03_wav\individual\2020\SDRW2000001154\SDRW2000001154.1.1.277.lab,25,D:\20_AUDIO\03_wav\individual\2020\SDRW2000001154\SDRW2000001154.1.1.277.wav,True
2020,SDRW2000001154,SDRW2000001154.1.1.279,no_textgrid_after_beam10_retry40,D:\20_AUDIO\03_wav\individual\2020\SDRW2000001154\SDRW2000001154.1.1.279.lab,56,D:\20_AUDIO\03_wav\individual\2020\SDRW2000001154\SDRW2000001154.1.1.279.wav,True
2020,SDRW2000001154,SDRW2000001154.1.1.280,no_textgrid_after_beam10_retry40,D:\20_AUDIO\03_wav\individual\2020\SDRW2000001154\SDRW2000001154.1.1.280.lab,39,D:\20_AUDIO\03_wav\individual\2020\SDRW2000001154\SDRW2000001154.1.1.280.wav,True
2020,SDRW2000001154,SDRW2000001154.1.1.282,no_textgrid_after_beam10_retry40,D:\20_AUDIO\03_wav\individual\2020\SDRW2000001154\SDRW2000001154.1.1.282.lab,53,D:\20_AUDIO\03_wav\individual\2020\SDRW2000001154\SDRW2000001154.1.1.282.wav,True
2020,SDRW2000001154,SDRW2000001154.1.1.285,no_textgrid_after_beam10_retry40,D:\20_AUDIO\03_wav\individual\2020\SDRW2000001154\SDRW2000001154.1.1.285.lab,77,D:\20_AUDIO\03_wav\individual\2020\SDRW2000001154\SDRW2000001154.1.1.285.wav,True
2020,SDRW2000001154,SDRW2000001154.1.1.295,no_textgrid_after_beam10_retry40,D:\20_AUDIO\03_wav\individual\2020\SDRW2000001154\SDRW2000001154.1.1.295.lab,66,D:\20_AUDIO\03_wav\individual\2020\SDRW2000001154\SDRW2000001154.1.1.295.wav,True
2020,SDRW2000001154,SDRW2000001154.1.1.304,no_textgrid_after_beam10_retry40,D:\20_AUDIO\03_wav\individual\2020\SDRW2000001154\SDRW2000001154.1.1.304.lab,55,D:\20_AUDIO\03_wav\individual\2020\SDRW2000001154\SDRW2000001154.1.1.304.wav,True
2020,SDRW2000001154,SDRW2000001154.1.1.305,no_textgrid_after_beam10_retry40,D:\20_AUDIO\03_wav\individual\2020\SDRW2000001154\SDRW2000001154.1.1.305.lab,30,D:\20_AUDIO\03_wav\individual\2020\SDRW2000001154\SDRW2000001154.1.1.305.wav,True
2020,SDRW2000001154,SDRW2000001154.1.1.306,no_textgrid_after_beam10_retry40,D:\20_AUDIO\03_wav\individual\2020\SDRW2000001154\SDRW2000001154.1.1.306.lab,70,D:\20_AUDIO\03_wav\individual\2020\SDRW2000001154\SDRW2000001154.1.1.306.wav,True
2020,SDRW2000001154,SDRW2000001154.1.1.307,no_textgrid_after_beam10_retry40,D:\20_AUDIO\03_wav\individual\2020\SDRW2000001154\SDRW2000001154.1.1.307.lab,52,D:\20_AUDIO\03_wav\individual\2020\SDRW2000001154\SDRW2000001154.1.1.307.wav,True
2020,SDRW2000001154,SDRW2000001154.1.1.59,no_textgrid_after_beam10_retry40,D:\20_AUDIO\03_wav\individual\2020\SDRW2000001154\SDRW2000001154.1.1.59.lab,44,D:\20_AUDIO\03_wav\individual\2020\SDRW2000001154\SDRW2000001154.1.1.59.wav,True
2020,SDRW2000001154,SDRW2000001154.1.1.70,no_textgrid_after_beam10_retry40,D:\20_AUDIO\03_wav\individual\2020\SDRW2000001154\SDRW2000001154.1.1.70.lab,42,D:\20_AUDIO\03_wav\individual\2020\SDRW2000001154\SDRW2000001154.1.1.70.wav,True
2020,SDRW2000001154,SDRW2000001154.1.1.71,no_textgrid_after_beam10_retry40,D:\20_AUDIO\03_wav\individual\2020\SDRW2000001154\SDRW2000001154.1.1.71.lab,80,D:\20_AUDIO\03_wav\individual\2020\SDRW2000001154\SDRW2000001154.1.1.71.wav,True
2020,SDRW2000001154,SDRW2000001154.1.1.72,no_textgrid_after_beam10_retry40,D:\20_AUDIO\03_wav\individual\2020\SDRW2000001154\SDRW2000001154.1.1.72.lab,47,D:\20_AUDIO\03_wav\individual\2020\SDRW2000001154\SDRW2000001154.1.1.72.wav,True
2020,SDRW2000001154,SDRW2000001154.1.1.73,no_textgrid_after_beam10_retry40,D:\20_AUDIO\03_wav\individual\2020\SDRW2000001154\SDRW2000001154.1.1.73.lab,33,D:\20_AUDIO\03_wav\individual\2020\SDRW2000001154\SDRW2000001154.1.1.73.wav,True
2020,SDRW2000001154,SDRW2000001154.1.1.94,no_textgrid_after_beam10_retry40,D:\20_AUDIO\03_wav\individual\2020\SDRW2000001154\SDRW2000001154.1.1.94.lab,96,D:\20_AUDIO\03_wav\individual\2020\SDRW2000001154\SDRW2000001154.1.1.94.wav,True
2020,SDRW2000001154,SDRW2000001154.1.1.95,no_textgrid_after_beam10_retry40,D:\20_AUDIO\03_wav\individual\2020\SDRW2000001154\SDRW2000001154.1.1.95.lab,49,D:\20_AUDIO\03_wav\individual\2020\SDRW2000001154\SDRW2000001154.1.1.95.wav,True
2020,SDRW2000001154,SDRW2000001154.1.1.97,no_textgrid_after_beam10_retry40,D:\20_AUDIO\03_wav\individual\2020\SDRW2000001154\SDRW2000001154.1.1.97.lab,33,D:\20_AUDIO\03_wav\individual\2020\SDRW2000001154\SDRW2000001154.1.1.97.wav,True
2020,SDRW2000001154,SDRW2000001154.1.1.99,no_textgrid_after_beam10_retry40,D:\20_AUDIO\03_wav\individual\2020\SDRW2000001154\SDRW2000001154.1.1.99.lab,98,D:\20_AUDIO\03_wav\individual\2020\SDRW2000001154\SDRW2000001154.1.1.99.wav,True
2020,SDRW2000001165,SDRW2000001165.1.1.108,no_textgrid_after_beam10_retry40,D:\20_AUDIO\03_wav\individual\2020\SDRW2000001165\SDRW2000001165.1.1.108.lab,66,D:\20_AUDIO\03_wav\individual\2020\SDRW2000001165\SDRW2000001165.1.1.108.wav,True
2020,SDRW2000001165,SDRW2000001165.1.1.11,no_textgrid_after_beam10_retry40,D:\20_AUDIO\03_wav\individual\2020\SDRW2000001165\SDRW2000001165.1.1.11.lab,44,D:\20_AUDIO\03_wav\individual\2020\SDRW2000001165\SDRW2000001165.1.1.11.wav,True
2020,SDRW2000001165,SDRW2000001165.1.1.116,no_textgrid_after_beam10_retry40,D:\20_AUDIO\03_wav\individual\2020\SDRW2000001165\SDRW2000001165.1.1.116.lab,32,D:\20_AUDIO\03_wav\individual\2020\SDRW2000001165\SDRW2000001165.1.1.116.wav,True
2020,SDRW2000001165,SDRW2000001165.1.1.118,no_textgrid_after_beam10_retry40,D:\20_AUDIO\03_wav\individual\2020\SDRW2000001165\SDRW2000001165.1.1.118.lab,47,D:\20_AUDIO\03_wav\individual\2020\SDRW2000001165\SDRW2000001165.1.1.118.wav,True
2020,SDRW2000001165,SDRW2000001165.1.1.120,no_textgrid_after_beam10_retry40,D:\20_AUDIO\03_wav\individual\2020\SDRW2000001165\SDRW2000001165.1.1.120.lab,35,D:\20_AUDIO\03_wav\individual\2020\SDRW2000001165\SDRW2000001165.1.1.120.wav,True
2020,SDRW2000001165,SDRW2000001165.1.1.125,no_textgrid_after_beam10_retry40,D:\20_AUDIO\03_wav\individual\2020\SDRW2000001165\SDRW2000001165.1.1.125.lab,38,D:\20_AUDIO\03_wav\individual\2020\SDRW2000001165\SDRW2000001165.1.1.125.wav,True
2020,SDRW2000001165,SDRW2000001165.1.1.127,no_textgrid_after_beam10_retry40,D:\20_AUDIO\03_wav\individual\2020\SDRW2000001165\SDRW2000001165.1.1.127.lab,55,D:\20_AUDIO\03_wav\individual\2020\SDRW2000001165\SDRW2000001165.1.1.127.wav,True
2020,SDRW2000001165,SDRW2000001165.1.1.133,no_textgrid_after_beam10_retry40,D:\20_AUDIO\03_wav\individual\2020\SDRW2000001165\SDRW2000001165.1.1.133.lab,33,D:\20_AUDIO\03_wav\individual\2020\SDRW2000001165\SDRW2000001165.1.1.133.wav,True
2020,SDRW2000001165,SDRW2000001165.1.1.136,no_textgrid_after_beam10_retry40,D:\20_AUDIO\03_wav\individual\2020\SDRW2000001165\SDRW2000001165.1.1.136.lab,23,D:\20_AUDIO\03_wav\individual\2020\SDRW2000001165\SDRW2000001165.1.1.136.wav,True
2020,SDRW2000001165,SDRW2000001165.1.1.150,no_textgrid_after_beam10_retry40,D:\20_AUDIO\03_wav\individual\2020\SDRW2000001165\SDRW2000001165.1.1.150.lab,48,D:\20_AUDIO\03_wav\individual\2020\SDRW2000001165\SDRW2000001165.1.1.150.wav,True
2020,SDRW2000001165,SDRW2000001165.1.1.152,no_textgrid_after_beam10_retry40,D:\20_AUDIO\03_wav\individual\2020\SDRW2000001165\SDRW2000001165.1.1.152.lab,44,D:\20_AUDIO\03_wav\individual\2020\SDRW2000001165\SDRW2000001165.1.1.152.wav,True
2020,SDRW2000001165,SDRW2000001165.1.1.165,no_textgrid_after_beam10_retry40,D:\20_AUDIO\03_wav\individual\2020\SDRW2000001165\SDRW2000001165.1.1.165.lab,73,D:\20_AUDIO\03_wav\individual\2020\SDRW2000001165\SDRW2000001165.1.1.165.wav,True
2020,SDRW2000001165,SDRW2000001165.1.1.171,no_textgrid_after_beam10_retry40,D:\20_AUDIO\03_wav\individual\2020\SDRW2000001165\SDRW2000001165.1.1.171.lab,29,D:\20_AUDIO\03_wav\individual\2020\SDRW2000001165\SDRW2000001165.1.1.171.wav,True
2020,SDRW2000001165,SDRW2000001165.1.1.172,no_textgrid_after_beam10_retry40,D:\20_AUDIO\03_wav\individual\2020\SDRW2000001165\SDRW2000001165.1.1.172.lab,47,D:\20_AUDIO\03_wav\individual\2020\SDRW2000001165\SDRW2000001165.1.1.172.wav,True
2020,SDRW2000001165,SDRW2000001165.1.1.182,no_textgrid_after_beam10_retry40,D:\20_AUDIO\03_wav\individual\2020\SDRW2000001165\SDRW2000001165.1.1.182.lab,25,D:\20_AUDIO\03_wav\individual\2020\SDRW2000001165\SDRW2000001165.1.1.182.wav,True
2020,SDRW2000001165,SDRW2000001165.1.1.185,no_textgrid_after_beam10_retry40,D:\20_AUDIO\03_wav\individual\2020\SDRW2000001165\SDRW2000001165.1.1.185.lab,80,D:\20_AUDIO\03_wav\individual\2020\SDRW2000001165\SDRW2000001165.1.1.185.wav,True
2020,SDRW2000001165,SDRW2000001165.1.1.197,no_textgrid_after_beam10_retry40,D:\20_AUDIO\03_wav\individual\2020\SDRW2000001165\SDRW2000001165.1.1.197.lab,59,D:\20_AUDIO\03_wav\individual\2020\SDRW2000001165\SDRW2000001165.1.1.197.wav,True
2020,SDRW2000001165,SDRW2000001165.1.1.201,no_textgrid_after_beam10_retry40,D:\20_AUDIO\03_wav\individual\2020\SDRW2000001165\SDRW2000001165.1.1.201.lab,64,D:\20_AUDIO\03_wav\individual\2020\SDRW2000001165\SDRW2000001165.1.1.201.wav,True
2020,SDRW2000001165,SDRW2000001165.1.1.206,no_textgrid_after_beam10_retry40,D:\20_AUDIO\03_wav\individual\2020\SDRW2000001165\SDRW2000001165.1.1.206.lab,70,D:\20_AUDIO\03_wav\individual\2020\SDRW2000001165\SDRW2000001165.1.1.206.wav,True
2020,SDRW2000001165,SDRW2000001165.1.1.210,no_textgrid_after_beam10_retry40,D:\20_AUDIO\03_wav\individual\2020\SDRW2000001165\SDRW2000001165.1.1.210.lab,64,D:\20_AUDIO\03_wav\individual\2020\SDRW2000001165\SDRW2000001165.1.1.210.wav,True
2020,SDRW2000001165,SDRW2000001165.1.1.219,no_textgrid_after_beam10_retry40,D:\20_AUDIO\03_wav\individual\2020\SDRW2000001165\SDRW2000001165.1.1.219.lab,29,D:\20_AUDIO\03_wav\individual\2020\SDRW2000001165\SDRW2000001165.1.1.219.wav,True
2020,SDRW2000001165,SDRW2000001165.1.1.222,no_textgrid_after_beam10_retry40,D:\20_AUDIO\03_wav\individual\2020\SDRW2000001165\SDRW2000001165.1.1.222.lab,84,D:\20_AUDIO\03_wav\individual\2020\SDRW2000001165\SDRW2000001165.1.1.222.wav,True
2020,SDRW2000001165,SDRW2000001165.1.1.224,no_textgrid_after_beam10_retry40,D:\20_AUDIO\03_wav\individual\2020\SDRW2000001165\SDRW2000001165.1.1.224.lab,61,D:\20_AUDIO\03_wav\individual\2020\SDRW2000001165\SDRW2000001165.1.1.224.wav,True
2020,SDRW2000001165,SDRW2000001165.1.1.23,no_textgrid_after_beam10_retry40,D:\20_AUDIO\03_wav\individual\2020\SDRW2000001165\SDRW2000001165.1.1.23.lab,73,D:\20_AUDIO\03_wav\individual\2020\SDRW2000001165\SDRW2000001165.1.1.23.wav,True
2020,SDRW2000001165,SDRW2000001165.1.1.231,no_textgrid_after_beam10_retry40,D:\20_AUDIO\03_wav\individual\2020\SDRW2000001165\SDRW2000001165.1.1.231.lab,40,D:\20_AUDIO\03_wav\individual\2020\SDRW2000001165\SDRW2000001165.1.1.231.wav,True
2020,SDRW2000001165,SDRW2000001165.1.1.236,no_textgrid_after_beam10_retry40,D:\20_AUDIO\03_wav\individual\2020\SDRW2000001165\SDRW2000001165.1.1.236.lab,39,D:\20_AUDIO\03_wav\individual\2020\SDRW2000001165\SDRW2000001165.1.1.236.wav,True
2020,SDRW2000001165,SDRW2000001165.1.1.249,no_textgrid_after_beam10_retry40,D:\20_AUDIO\03_wav\individual\2020\SDRW2000001165\SDRW2000001165.1.1.249.lab,40,D:\20_AUDIO\03_wav\individual\2020\SDRW2000001165\SDRW2000001165.1.1.249.wav,True
2020,SDRW2000001165,SDRW2000001165.1.1.253,no_textgrid_after_beam10_retry40,D:\20_AUDIO\03_wav\individual\2020\SDRW2000001165\SDRW2000001165.1.1.253.lab,39,D:\20_AUDIO\03_wav\individual\2020\SDRW2000001165\SDRW2000001165.1.1.253.wav,True
2020,SDRW2000001165,SDRW2000001165.1.1.264,no_textgrid_after_beam10_retry40,D:\20_AUDIO\03_wav\individual\2020\SDRW2000001165\SDRW2000001165.1.1.264.lab,64,D:\20_AUDIO\03_wav\individual\2020\SDRW2000001165\SDRW2000001165.1.1.264.wav,True
2020,SDRW2000001165,SDRW2000001165.1.1.268,no_textgrid_after_beam10_retry40,D:\20_AUDIO\03_wav\individual\2020\SDRW2000001165\SDRW2000001165.1.1.268.lab,30,D:\20_AUDIO\03_wav\individual\2020\SDRW2000001165\SDRW2000001165.1.1.268.wav,True
2020,SDRW2000001165,SDRW2000001165.1.1.269,no_textgrid_after_beam10_retry40,D:\20_AUDIO\03_wav\individual\2020\SDRW2000001165\SDRW2000001165.1.1.269.lab,84,D:\20_AUDIO\03_wav\individual\2020\SDRW2000001165\SDRW2000001165.1.1.269.wav,True
2020,SDRW2000001165,SDRW2000001165.1.1.271,no_textgrid_after_beam10_retry40,D:\20_AUDIO\03_wav\individual\2020\SDRW2000001165\SDRW2000001165.1.1.271.lab,79,D:\20_AUDIO\03_wav\individual\2020\SDRW2000001165\SDRW2000001165.1.1.271.wav,True
2020,SDRW2000001165,SDRW2000001165.1.1.28,no_textgrid_after_beam10_retry40,D:\20_AUDIO\03_wav\individual\2020\SDRW2000001165\SDRW2000001165.1.1.28.lab,68,D:\20_AUDIO\03_wav\individual\2020\SDRW2000001165\SDRW2000001165.1.1.28.wav,True
2020,SDRW2000001165,SDRW2000001165.1.1.293,no_textgrid_after_beam10_retry40,D:\20_AUDIO\03_wav\individual\2020\SDRW2000001165\SDRW2000001165.1.1.293.lab,44,D:\20_AUDIO\03_wav\individual\2020\SDRW2000001165\SDRW2000001165.1.1.293.wav,True
2020,SDRW2000001165,SDRW2000001165.1.1.298,no_textgrid_after_beam10_retry40,D:\20_AUDIO\03_wav\individual\2020\SDRW2000001165\SDRW2000001165.1.1.298.lab,34,D:\20_AUDIO\03_wav\individual\2020\SDRW2000001165\SDRW2000001165.1.1.298.wav,True
2020,SDRW2000001165,SDRW2000001165.1.1.301,no_textgrid_after_beam10_retry40,D:\20_AUDIO\03_wav\individual\2020\SDRW2000001165\SDRW2000001165.1.1.301.lab,90,D:\20_AUDIO\03_wav\individual\2020\SDRW2000001165\SDRW2000001165.1.1.301.wav,True
2020,SDRW2000001165,SDRW2000001165.1.1.306,no_textgrid_after_beam10_retry40,D:\20_AUDIO\03_wav\individual\2020\SDRW2000001165\SDRW2000001165.1.1.306.lab,76,D:\20_AUDIO\03_wav\individual\2020\SDRW2000001165\SDRW2000001165.1.1.306.wav,True
2020,SDRW2000001165,SDRW2000001165.1.1.311,no_textgrid_after_beam10_retry40,D:\20_AUDIO\03_wav\individual\2020\SDRW2000001165\SDRW2000001165.1.1.311.lab,35,D:\20_AUDIO\03_wav\individual\2020\SDRW2000001165\SDRW2000001165.1.1.311.wav,True
2020,SDRW2000001165,SDRW2000001165.1.1.315,no_textgrid_after_beam10_retry40,D:\20_AUDIO\03_wav\individual\2020\SDRW2000001165\SDRW2000001165.1.1.315.lab,55,D:\20_AUDIO\03_wav\individual\2020\SDRW2000001165\SDRW2000001165.1.1.315.wav,True
2020,SDRW2000001165,SDRW2000001165.1.1.317,no_textgrid_after_beam10_retry40,D:\20_AUDIO\03_wav\individual\2020\SDRW2000001165\SDRW2000001165.1.1.317.lab,86,D:\20_AUDIO\03_wav\individual\2020\SDRW2000001165\SDRW2000001165.1.1.317.wav,True
2020,SDRW2000001165,SDRW2000001165.1.1.318,no_textgrid_after_beam10_retry40,D:\20_AUDIO\03_wav\individual\2020\SDRW2000001165\SDRW2000001165.1.1.318.lab,36,D:\20_AUDIO\03_wav\individual\2020\SDRW2000001165\SDRW2000001165.1.1.318.wav,True
2020,SDRW2000001165,SDRW2000001165.1.1.319,no_textgrid_after_beam10_retry40,D:\20_AUDIO\03_wav\individual\2020\SDRW2000001165\SDRW2000001165.1.1.319.lab,28,D:\20_AUDIO\03_wav\individual\2020\SDRW2000001165\SDRW2000001165.1.1.319.wav,True
2020,SDRW2000001165,SDRW2000001165.1.1.320,no_textgrid_after_beam10_retry40,D:\20_AUDIO\03_wav\individual\2020\SDRW2000001165\SDRW2000001165.1.1.320.lab,39,D:\20_AUDIO\03_wav\individual\2020\SDRW2000001165\SDRW2000001165.1.1.320.wav,True
2020,SDRW2000001165,SDRW2000001165.1.1.324,no_textgrid_after_beam10_retry40,D:\20_AUDIO\03_wav\individual\2020\SDRW2000001165\SDRW2000001165.1.1.324.lab,80,D:\20_AUDIO\03_wav\individual\2020\SDRW2000001165\SDRW2000001165.1.1.324.wav,True
2020,SDRW2000001165,SDRW2000001165.1.1.332,no_textgrid_after_beam10_retry40,D:\20_AUDIO\03_wav\individual\2020\SDRW2000001165\SDRW2000001165.1.1.332.lab,35,D:\20_AUDIO\03_wav\individual\2020\SDRW2000001165\SDRW2000001165.1.1.332.wav,True
2020,SDRW2000001165,SDRW2000001165.1.1.334,no_textgrid_after_beam10_retry40,D:\20_AUDIO\03_wav\individual\2020\SDRW2000001165\SDRW2000001165.1.1.334.lab,41,D:\20_AUDIO\03_wav\individual\2020\SDRW2000001165\SDRW2000001165.1.1.334.wav,True
2020,SDRW2000001165,SDRW2000001165.1.1.339,no_textgrid_after_beam10_retry40,D:\20_AUDIO\03_wav\individual\2020\SDRW2000001165\SDRW2000001165.1.1.339.lab,23,D:\20_AUDIO\03_wav\individual\2020\SDRW2000001165\SDRW2000001165.1.1.339.wav,True
2020,SDRW2000001165,SDRW2000001165.1.1.342,no_textgrid_after_beam10_retry40,D:\20_AUDIO\03_wav\individual\2020\SDRW2000001165\SDRW2000001165.1.1.342.lab,65,D:\20_AUDIO\03_wav\individual\2020\SDRW2000001165\SDRW2000001165.1.1.342.wav,True
2020,SDRW2000001165,SDRW2000001165.1.1.344,no_textgrid_after_beam10_retry40,D:\20_AUDIO\03_wav\individual\2020\SDRW2000001165\SDRW2000001165.1.1.344.lab,97,D:\20_AUDIO\03_wav\individual\2020\SDRW2000001165\SDRW2000001165.1.1.344.wav,True
2020,SDRW2000001165,SDRW2000001165.1.1.351,no_textgrid_after_beam10_retry40,D:\20_AUDIO\03_wav\individual\2020\SDRW2000001165\SDRW2000001165.1.1.351.lab,30,D:\20_AUDIO\03_wav\individual\2020\SDRW2000001165\SDRW2000001165.1.1.351.wav,True
2020,SDRW2000001165,SDRW2000001165.1.1.36,no_textgrid_after_beam10_retry40,D:\20_AUDIO\03_wav\individual\2020\SDRW2000001165\SDRW2000001165.1.1.36.lab,35,D:\20_AUDIO\03_wav\individual\2020\SDRW2000001165\SDRW2000001165.1.1.36.wav,True
2020,SDRW2000001165,SDRW2000001165.1.1.365,no_textgrid_after_beam10_retry40,D:\20_AUDIO\03_wav\individual\2020\SDRW2000001165\SDRW2000001165.1.1.365.lab,85,D:\20_AUDIO\03_wav\individual\2020\SDRW2000001165\SDRW2000001165.1.1.365.wav,True
2020,SDRW2000001165,SDRW2000001165.1.1.370,no_textgrid_after_beam10_retry40,D:\20_AUDIO\03_wav\individual\2020\SDRW2000001165\SDRW2000001165.1.1.370.lab,44,D:\20_AUDIO\03_wav\individual\2020\SDRW2000001165\SDRW2000001165.1.1.370.wav,True
2020,SDRW2000001165,SDRW2000001165.1.1.377,no_textgrid_after_beam10_retry40,D:\20_AUDIO\03_wav\individual\2020\SDRW2000001165\SDRW2000001165.1.1.377.lab,47,D:\20_AUDIO\03_wav\individual\2020\SDRW2000001165\SDRW2000001165.1.1.377.wav,True
2020,SDRW2000001165,SDRW2000001165.1.1.380,no_textgrid_after_beam10_retry40,D:\20_AUDIO\03_wav\individual\2020\SDRW2000001165\SDRW2000001165.1.1.380.lab,56,D:\20_AUDIO\03_wav\individual\2020\SDRW2000001165\SDRW2000001165.1.1.380.wav,True
2020,SDRW2000001165,SDRW2000001165.1.1.381,no_textgrid_after_beam10_retry40,D:\20_AUDIO\03_wav\individual\2020\SDRW2000001165\SDRW2000001165.1.1.381.lab,92,D:\20_AUDIO\03_wav\individual\2020\SDRW2000001165\SDRW2000001165.1.1.381.wav,True
2020,SDRW2000001165,SDRW2000001165.1.1.384,no_textgrid_after_beam10_retry40,D:\20_AUDIO\03_wav\individual\2020\SDRW2000001165\SDRW2000001165.1.1.384.lab,37,D:\20_AUDIO\03_wav\individual\2020\SDRW2000001165\SDRW2000001165.1.1.384.wav,True
2020,SDRW2000001165,SDRW2000001165.1.1.388,no_textgrid_after_beam10_retry40,D:\20_AUDIO\03_wav\individual\2020\SDRW2000001165\SDRW2000001165.1.1.388.lab,90,D:\20_AUDIO\03_wav\individual\2020\SDRW2000001165\SDRW2000001165.1.1.388.wav,True
2020,SDRW2000001165,SDRW2000001165.1.1.39,no_textgrid_after_beam10_retry40,D:\20_AUDIO\03_wav\individual\2020\SDRW2000001165\SDRW2000001165.1.1.39.lab,26,D:\20_AUDIO\03_wav\individual\2020\SDRW2000001165\SDRW2000001165.1.1.39.wav,True
2020,SDRW2000001165,SDRW2000001165.1.1.391,no_textgrid_after_beam10_retry40,D:\20_AUDIO\03_wav\individual\2020\SDRW2000001165\SDRW2000001165.1.1.391.lab,36,D:\20_AUDIO\03_wav\individual\2020\SDRW2000001165\SDRW2000001165.1.1.391.wav,True
2020,SDRW2000001165,SDRW2000001165.1.1.395,no_textgrid_after_beam10_retry40,D:\20_AUDIO\03_wav\individual\2020\SDRW2000001165\SDRW2000001165.1.1.395.lab,30,D:\20_AUDIO\03_wav\individual\2020\SDRW2000001165\SDRW2000001165.1.1.395.wav,True
2020,SDRW2000001165,SDRW2000001165.1.1.406,no_textgrid_after_beam10_retry40,D:\20_AUDIO\03_wav\individual\2020\SDRW2000001165\SDRW2000001165.1.1.406.lab,43,D:\20_AUDIO\03_wav\individual\2020\SDRW2000001165\SDRW2000001165.1.1.406.wav,True
2020,SDRW2000001165,SDRW2000001165.1.1.48,no_textgrid_after_beam10_retry40,D:\20_AUDIO\03_wav\individual\2020\SDRW2000001165\SDRW2000001165.1.1.48.lab,42,D:\20_AUDIO\03_wav\individual\2020\SDRW2000001165\SDRW2000001165.1.1.48.wav,True
2020,SDRW2000001165,SDRW2000001165.1.1.56,no_textgrid_after_beam10_retry40,D:\20_AUDIO\03_wav\individual\2020\SDRW2000001165\SDRW2000001165.1.1.56.lab,88,D:\20_AUDIO\03_wav\individual\2020\SDRW2000001165\SDRW2000001165.1.1.56.wav,True
2020,SDRW2000001165,SDRW2000001165.1.1.63,no_textgrid_after_beam10_retry40,D:\20_AUDIO\03_wav\individual\2020\SDRW2000001165\SDRW2000001165.1.1.63.lab,29,D:\20_AUDIO\03_wav\individual\2020\SDRW2000001165\SDRW2000001165.1.1.63.wav,True
2020,SDRW2000001165,SDRW2000001165.1.1.64,no_textgrid_after_beam10_retry40,D:\20_AUDIO\03_wav\individual\2020\SDRW2000001165\SDRW2000001165.1.1.64.lab,83,D:\20_AUDIO\03_wav\individual\2020\SDRW2000001165\SDRW2000001165.1.1.64.wav,True
2020,SDRW2000001165,SDRW2000001165.1.1.69,no_textgrid_after_beam10_retry40,D:\20_AUDIO\03_wav\individual\2020\SDRW2000001165\SDRW2000001165.1.1.69.lab,38,D:\20_AUDIO\03_wav\individual\2020\SDRW2000001165\SDRW2000001165.1.1.69.wav,True
2020,SDRW2000001165,SDRW2000001165.1.1.7,no_textgrid_after_beam10_retry40,D:\20_AUDIO\03_wav\individual\2020\SDRW2000001165\SDRW2000001165.1.1.7.lab,40,D:\20_AUDIO\03_wav\individual\2020\SDRW2000001165\SDRW2000001165.1.1.7.wav,True
2020,SDRW2000001165,SDRW2000001165.1.1.83,no_textgrid_after_beam10_retry40,D:\20_AUDIO\03_wav\individual\2020\SDRW2000001165\SDRW2000001165.1.1.83.lab,42,D:\20_AUDIO\03_wav\individual\2020\SDRW2000001165\SDRW2000001165.1.1.83.wav,True
2020,SDRW2000001165,SDRW2000001165.1.1.89,no_textgrid_after_beam10_retry40,D:\20_AUDIO\03_wav\individual\2020\SDRW2000001165\SDRW2000001165.1.1.89.lab,28,D:\20_AUDIO\03_wav\individual\2020\SDRW2000001165\SDRW2000001165.1.1.89.wav,True
2020,SDRW2000001165,SDRW2000001165.1.1.90,no_textgrid_after_beam10_retry40,D:\20_AUDIO\03_wav\individual\2020\SDRW2000001165\SDRW2000001165.1.1.90.lab,33,D:\20_AUDIO\03_wav\individual\2020\SDRW2000001165\SDRW2000001165.1.1.90.wav,True
2020,SDRW2000001166,SDRW2000001166.1.1.106,no_textgrid_after_beam10_retry40,D:\20_AUDIO\03_wav\individual\2020\SDRW2000001166\SDRW2000001166.1.1.106.lab,36,D:\20_AUDIO\03_wav\individual\2020\SDRW2000001166\SDRW2000001166.1.1.106.wav,True
2020,SDRW2000001166,SDRW2000001166.1.1.108,no_textgrid_after_beam10_retry40,D:\20_AUDIO\03_wav\individual\2020\SDRW2000001166\SDRW2000001166.1.1.108.lab,26,D:\20_AUDIO\03_wav\individual\2020\SDRW2000001166\SDRW2000001166.1.1.108.wav,True
2020,SDRW2000001166,SDRW2000001166.1.1.113,no_textgrid_after_beam10_retry40,D:\20_AUDIO\03_wav\individual\2020\SDRW2000001166\SDRW2000001166.1.1.113.lab,35,D:\20_AUDIO\03_wav\individual\2020\SDRW2000001166\SDRW2000001166.1.1.113.wav,True
2020,SDRW2000001166,SDRW2000001166.1.1.117,no_textgrid_after_beam10_retry40,D:\20_AUDIO\03_wav\individual\2020\SDRW2000001166\SDRW2000001166.1.1.117.lab,59,D:\20_AUDIO\03_wav\individual\2020\SDRW2000001166\SDRW2000001166.1.1.117.wav,True
2020,SDRW2000001166,SDRW2000001166.1.1.118,no_textgrid_after_beam10_retry40,D:\20_AUDIO\03_wav\individual\2020\SDRW2000001166\SDRW2000001166.1.1.118.lab,15,D:\20_AUDIO\03_wav\individual\2020\SDRW2000001166\SDRW2000001166.1.1.118.wav,True
2020,SDRW2000001166,SDRW2000001166.1.1.126,no_textgrid_after_beam10_retry40,D:\20_AUDIO\03_wav\individual\2020\SDRW2000001166\SDRW2000001166.1.1.126.lab,44,D:\20_AUDIO\03_wav\individual\2020\SDRW2000001166\SDRW2000001166.1.1.126.wav,True
2020,SDRW2000001166,SDRW2000001166.1.1.135,no_textgrid_after_beam10_retry40,D:\20_AUDIO\03_wav\individual\2020\SDRW2000001166\SDRW2000001166.1.1.135.lab,92,D:\20_AUDIO\03_wav\individual\2020\SDRW2000001166\SDRW2000001166.1.1.135.wav,True
2020,SDRW2000001166,SDRW2000001166.1.1.137,no_textgrid_after_beam10_retry40,D:\20_AUDIO\03_wav\individual\2020\SDRW2000001166\SDRW2000001166.1.1.137.lab,34,D:\20_AUDIO\03_wav\individual\2020\SDRW2000001166\SDRW2000001166.1.1.137.wav,True
2020,SDRW2000001166,SDRW2000001166.1.1.140,no_textgrid_after_beam10_retry40,D:\20_AUDIO\03_wav\individual\2020\SDRW2000001166\SDRW2000001166.1.1.140.lab,37,D:\20_AUDIO\03_wav\individual\2020\SDRW2000001166\SDRW2000001166.1.1.140.wav,True
2020,SDRW2000001166,SDRW2000001166.1.1.149,no_textgrid_after_beam10_retry40,D:\20_AUDIO\03_wav\individual\2020\SDRW2000001166\SDRW2000001166.1.1.149.lab,91,D:\20_AUDIO\03_wav\individual\2020\SDRW2000001166\SDRW2000001166.1.1.149.wav,True
2020,SDRW2000001166,SDRW2000001166.1.1.151,no_textgrid_after_beam10_retry40,D:\20_AUDIO\03_wav\individual\2020\SDRW2000001166\SDRW2000001166.1.1.151.lab,62,D:\20_AUDIO\03_wav\individual\2020\SDRW2000001166\SDRW2000001166.1.1.151.wav,True
2020,SDRW2000001166,SDRW2000001166.1.1.155,no_textgrid_after_beam10_retry40,D:\20_AUDIO\03_wav\individual\2020\SDRW2000001166\SDRW2000001166.1.1.155.lab,80,D:\20_AUDIO\03_wav\individual\2020\SDRW2000001166\SDRW2000001166.1.1.155.wav,True
2020,SDRW2000001166,SDRW2000001166.1.1.159,no_textgrid_after_beam10_retry40,D:\20_AUDIO\03_wav\individual\2020\SDRW2000001166\SDRW2000001166.1.1.159.lab,74,D:\20_AUDIO\03_wav\individual\2020\SDRW2000001166\SDRW2000001166.1.1.159.wav,True
2020,SDRW2000001166,SDRW2000001166.1.1.163,no_textgrid_after_beam10_retry40,D:\20_AUDIO\03_wav\individual\2020\SDRW2000001166\SDRW2000001166.1.1.163.lab,60,D:\20_AUDIO\03_wav\individual\2020\SDRW2000001166\SDRW2000001166.1.1.163.wav,True
2020,SDRW2000001166,SDRW2000001166.1.1.167,no_textgrid_after_beam10_retry40,D:\20_AUDIO\03_wav\individual\2020\SDRW2000001166\SDRW2000001166.1.1.167.lab,82,D:\20_AUDIO\03_wav\individual\2020\SDRW2000001166\SDRW2000001166.1.1.167.wav,True
2020,SDRW2000001166,SDRW2000001166.1.1.173,no_textgrid_after_beam10_retry40,D:\20_AUDIO\03_wav\individual\2020\SDRW2000001166\SDRW2000001166.1.1.173.lab,49,D:\20_AUDIO\03_wav\individual\2020\SDRW2000001166\SDRW2000001166.1.1.173.wav,True
2020,SDRW2000001166,SDRW2000001166.1.1.174,no_textgrid_after_beam10_retry40,D:\20_AUDIO\03_wav\individual\2020\SDRW2000001166\SDRW2000001166.1.1.174.lab,54,D:\20_AUDIO\03_wav\individual\2020\SDRW2000001166\SDRW2000001166.1.1.174.wav,True
2020,SDRW2000001166,SDRW2000001166.1.1.177,no_textgrid_after_beam10_retry40,D:\20_AUDIO\03_wav\individual\2020\SDRW2000001166\SDRW2000001166.1.1.177.lab,54,D:\20_AUDIO\03_wav\individual\2020\SDRW2000001166\SDRW2000001166.1.1.177.wav,True
2020,SDRW2000001166,SDRW2000001166.1.1.184,no_textgrid_after_beam10_retry40,D:\20_AUDIO\03_wav\individual\2020\SDRW2000001166\SDRW2000001166.1.1.184.lab,67,D:\20_AUDIO\03_wav\individual\2020\SDRW2000001166\SDRW2000001166.1.1.184.wav,True
2020,SDRW2000001166,SDRW2000001166.1.1.185,no_textgrid_after_beam10_retry40,D:\20_AUDIO\03_wav\individual\2020\SDRW2000001166\SDRW2000001166.1.1.185.lab,104,D:\20_AUDIO\03_wav\individual\2020\SDRW2000001166\SDRW2000001166.1.1.185.wav,True
2020,SDRW2000001166,SDRW2000001166.1.1.192,no_textgrid_after_beam10_retry40,D:\20_AUDIO\03_wav\individual\2020\SDRW2000001166\SDRW2000001166.1.1.192.lab,91,D:\20_AUDIO\03_wav\individual\2020\SDRW2000001166\SDRW2000001166.1.1.192.wav,True
2020,SDRW2000001166,SDRW2000001166.1.1.196,no_textgrid_after_beam10_retry40,D:\20_AUDIO\03_wav\individual\2020\SDRW2000001166\SDRW2000001166.1.1.196.lab,95,D:\20_AUDIO\03_wav\individual\2020\SDRW2000001166\SDRW2000001166.1.1.196.wav,True
2020,SDRW2000001166,SDRW2000001166.1.1.201,no_textgrid_after_beam10_retry40,D:\20_AUDIO\03_wav\individual\2020\SDRW2000001166\SDRW2000001166.1.1.201.lab,59,D:\20_AUDIO\03_wav\individual\2020\SDRW2000001166\SDRW2000001166.1.1.201.wav,True
2020,SDRW2000001166,SDRW2000001166.1.1.203,no_textgrid_after_beam10_retry40,D:\20_AUDIO\03_wav\individual\2020\SDRW2000001166\SDRW2000001166.1.1.203.lab,63,D:\20_AUDIO\03_wav\individual\2020\SDRW2000001166\SDRW2000001166.1.1.203.wav,True
2020,SDRW2000001166,SDRW2000001166.1.1.211,no_textgrid_after_beam10_retry40,D:\20_AUDIO\03_wav\individual\2020\SDRW2000001166\SDRW2000001166.1.1.211.lab,66,D:\20_AUDIO\03_wav\individual\2020\SDRW2000001166\SDRW2000001166.1.1.211.wav,True
2020,SDRW2000001166,SDRW2000001166.1.1.215,no_textgrid_after_beam10_retry40,D:\20_AUDIO\03_wav\individual\2020\SDRW2000001166\SDRW2000001166.1.1.215.lab,91,D:\20_AUDIO\03_wav\individual\2020\SDRW2000001166\SDRW2000001166.1.1.215.wav,True
2020,SDRW2000001166,SDRW2000001166.1.1.217,no_textgrid_after_beam10_retry40,D:\20_AUDIO\03_wav\individual\2020\SDRW2000001166\SDRW2000001166.1.1.217.lab,77,D:\20_AUDIO\03_wav\individual\2020\SDRW2000001166\SDRW2000001166.1.1.217.wav,True
2020,SDRW2000001166,SDRW2000001166.1.1.219,no_textgrid_after_beam10_retry40,D:\20_AUDIO\03_wav\individual\2020\SDRW2000001166\SDRW2000001166.1.1.219.lab,28,D:\20_AUDIO\03_wav\individual\2020\SDRW2000001166\SDRW2000001166.1.1.219.wav,True
2020,SDRW2000001166,SDRW2000001166.1.1.224,no_textgrid_after_beam10_retry40,D:\20_AUDIO\03_wav\individual\2020\SDRW2000001166\SDRW2000001166.1.1.224.lab,30,D:\20_AUDIO\03_wav\individual\2020\SDRW2000001166\SDRW2000001166.1.1.224.wav,True
2020,SDRW2000001166,SDRW2000001166.1.1.231,no_textgrid_after_beam10_retry40,D:\20_AUDIO\03_wav\individual\2020\SDRW2000001166\SDRW2000001166.1.1.231.lab,51,D:\20_AUDIO\03_wav\individual\2020\SDRW2000001166\SDRW2000001166.1.1.231.wav,True
2020,SDRW2000001166,SDRW2000001166.1.1.235,no_textgrid_after_beam10_retry40,D:\20_AUDIO\03_wav\individual\2020\SDRW2000001166\SDRW2000001166.1.1.235.lab,52,D:\20_AUDIO\03_wav\individual\2020\SDRW2000001166\SDRW2000001166.1.1.235.wav,True
2020,SDRW2000001166,SDRW2000001166.1.1.236,no_textgrid_after_beam10_retry40,D:\20_AUDIO\03_wav\individual\2020\SDRW2000001166\SDRW2000001166.1.1.236.lab,128,D:\20_AUDIO\03_wav\individual\2020\SDRW2000001166\SDRW2000001166.1.1.236.wav,True
2020,SDRW2000001166,SDRW2000001166.1.1.240,no_textgrid_after_beam10_retry40,D:\20_AUDIO\03_wav\individual\2020\SDRW2000001166\SDRW2000001166.1.1.240.lab,40,D:\20_AUDIO\03_wav\individual\2020\SDRW2000001166\SDRW2000001166.1.1.240.wav,True
2020,SDRW2000001166,SDRW2000001166.1.1.243,no_textgrid_after_beam10_retry40,D:\20_AUDIO\03_wav\individual\2020\SDRW2000001166\SDRW2000001166.1.1.243.lab,58,D:\20_AUDIO\03_wav\individual\2020\SDRW2000001166\SDRW2000001166.1.1.243.wav,True
2020,SDRW2000001166,SDRW2000001166.1.1.244,no_textgrid_after_beam10_retry40,D:\20_AUDIO\03_wav\individual\2020\SDRW2000001166\SDRW2000001166.1.1.244.lab,50,D:\20_AUDIO\03_wav\individual\2020\SDRW2000001166\SDRW2000001166.1.1.244.wav,True
2020,SDRW2000001166,SDRW2000001166.1.1.248,no_textgrid_after_beam10_retry40,D:\20_AUDIO\03_wav\individual\2020\SDRW2000001166\SDRW2000001166.1.1.248.lab,112,D:\20_AUDIO\03_wav\individual\2020\SDRW2000001166\SDRW2000001166.1.1.248.wav,True
2020,SDRW2000001166,SDRW2000001166.1.1.250,no_textgrid_after_beam10_retry40,D:\20_AUDIO\03_wav\individual\2020\SDRW2000001166\SDRW2000001166.1.1.250.lab,66,D:\20_AUDIO\03_wav\individual\2020\SDRW2000001166\SDRW2000001166.1.1.250.wav,True
2020,SDRW2000001166,SDRW2000001166.1.1.256,no_textgrid_after_beam10_retry40,D:\20_AUDIO\03_wav\individual\2020\SDRW2000001166\SDRW2000001166.1.1.256.lab,71,D:\20_AUDIO\03_wav\individual\2020\SDRW2000001166\SDRW2000001166.1.1.256.wav,True
2020,SDRW2000001166,SDRW2000001166.1.1.260,no_textgrid_after_beam10_retry40,D:\20_AUDIO\03_wav\individual\2020\SDRW2000001166\SDRW2000001166.1.1.260.lab,60,D:\20_AUDIO\03_wav\individual\2020\SDRW2000001166\SDRW2000001166.1.1.260.wav,True
2020,SDRW2000001166,SDRW2000001166.1.1.263,no_textgrid_after_beam10_retry40,D:\20_AUDIO\03_wav\individual\2020\SDRW2000001166\SDRW2000001166.1.1.263.lab,35,D:\20_AUDIO\03_wav\individual\2020\SDRW2000001166\SDRW2000001166.1.1.263.wav,True
2020,SDRW2000001166,SDRW2000001166.1.1.265,no_textgrid_after_beam10_retry40,D:\20_AUDIO\03_wav\individual\2020\SDRW2000001166\SDRW2000001166.1.1.265.lab,51,D:\20_AUDIO\03_wav\individual\2020\SDRW2000001166\SDRW2000001166.1.1.265.wav,True
2020,SDRW2000001166,SDRW2000001166.1.1.276,no_textgrid_after_beam10_retry40,D:\20_AUDIO\03_wav\individual\2020\SDRW2000001166\SDRW2000001166.1.1.276.lab,41,D:\20_AUDIO\03_wav\individual\2020\SDRW2000001166\SDRW2000001166.1.1.276.wav,True
2020,SDRW2000001166,SDRW2000001166.1.1.278,no_textgrid_after_beam10_retry40,D:\20_AUDIO\03_wav\individual\2020\SDRW2000001166\SDRW2000001166.1.1.278.lab,108,D:\20_AUDIO\03_wav\individual\2020\SDRW2000001166\SDRW2000001166.1.1.278.wav,True
2020,SDRW2000001166,SDRW2000001166.1.1.279,no_textgrid_after_beam10_retry40,D:\20_AUDIO\03_wav\individual\2020\SDRW2000001166\SDRW2000001166.1.1.279.lab,53,D:\20_AUDIO\03_wav\individual\2020\SDRW2000001166\SDRW2000001166.1.1.279.wav,True
2020,SDRW2000001166,SDRW2000001166.1.1.283,no_textgrid_after_beam10_retry40,D:\20_AUDIO\03_wav\individual\2020\SDRW2000001166\SDRW2000001166.1.1.283.lab,56,D:\20_AUDIO\03_wav\individual\2020\SDRW2000001166\SDRW2000001166.1.1.283.wav,True
2020,SDRW2000001166,SDRW2000001166.1.1.291,no_textgrid_after_beam10_retry40,D:\20_AUDIO\03_wav\individual\2020\SDRW2000001166\SDRW2000001166.1.1.291.lab,39,D:\20_AUDIO\03_wav\individual\2020\SDRW2000001166\SDRW2000001166.1.1.291.wav,True
2020,SDRW2000001166,SDRW2000001166.1.1.295,no_textgrid_after_beam10_retry40,D:\20_AUDIO\03_wav\individual\2020\SDRW2000001166\SDRW2000001166.1.1.295.lab,36,D:\20_AUDIO\03_wav\individual\2020\SDRW2000001166\SDRW2000001166.1.1.295.wav,True
2020,SDRW2000001166,SDRW2000001166.1.1.300,no_textgrid_after_beam10_retry40,D:\20_AUDIO\03_wav\individual\2020\SDRW2000001166\SDRW2000001166.1.1.300.lab,39,D:\20_AUDIO\03_wav\individual\2020\SDRW2000001166\SDRW2000001166.1.1.300.wav,True
2020,SDRW2000001166,SDRW2000001166.1.1.301,no_textgrid_after_beam10_retry40,D:\20_AUDIO\03_wav\individual\2020\SDRW2000001166\SDRW2000001166.1.1.301.lab,27,D:\20_AUDIO\03_wav\individual\2020\SDRW2000001166\SDRW2000001166.1.1.301.wav,True
2020,SDRW2000001166,SDRW2000001166.1.1.305,no_textgrid_after_beam10_retry40,D:\20_AUDIO\03_wav\individual\2020\SDRW2000001166\SDRW2000001166.1.1.305.lab,27,D:\20_AUDIO\03_wav\individual\2020\SDRW2000001166\SDRW2000001166.1.1.305.wav,True
2020,SDRW2000001166,SDRW2000001166.1.1.310,no_textgrid_after_beam10_retry40,D:\20_AUDIO\03_wav\individual\2020\SDRW2000001166\SDRW2000001166.1.1.310.lab,57,D:\20_AUDIO\03_wav\individual\2020\SDRW2000001166\SDRW2000001166.1.1.310.wav,True
2020,SDRW2000001166,SDRW2000001166.1.1.312,no_textgrid_after_beam10_retry40,D:\20_AUDIO\03_wav\individual\2020\SDRW2000001166\SDRW2000001166.1.1.312.lab,25,D:\20_AUDIO\03_wav\individual\2020\SDRW2000001166\SDRW2000001166.1.1.312.wav,True
2020,SDRW2000001166,SDRW2000001166.1.1.315,no_textgrid_after_beam10_retry40,D:\20_AUDIO\03_wav\individual\2020\SDRW2000001166\SDRW2000001166.1.1.315.lab,49,D:\20_AUDIO\03_wav\individual\2020\SDRW2000001166\SDRW2000001166.1.1.315.wav,True
2020,SDRW2000001166,SDRW2000001166.1.1.319,no_textgrid_after_beam10_retry40,D:\20_AUDIO\03_wav\individual\2020\SDRW2000001166\SDRW2000001166.1.1.319.lab,58,D:\20_AUDIO\03_wav\individual\2020\SDRW2000001166\SDRW2000001166.1.1.319.wav,True
2020,SDRW2000001166,SDRW2000001166.1.1.323,no_textgrid_after_beam10_retry40,D:\20_AUDIO\03_wav\individual\2020\SDRW2000001166\SDRW2000001166.1.1.323.lab,31,D:\20_AUDIO\03_wav\individual\2020\SDRW2000001166\SDRW2000001166.1.1.323.wav,True
2020,SDRW2000001166,SDRW2000001166.1.1.324,no_textgrid_after_beam10_retry40,D:\20_AUDIO\03_wav\individual\2020\SDRW2000001166\SDRW2000001166.1.1.324.lab,60,D:\20_AUDIO\03_wav\individual\2020\SDRW2000001166\SDRW2000001166.1.1.324.wav,True
2020,SDRW2000001166,SDRW2000001166.1.1.326,no_textgrid_after_beam10_retry40,D:\20_AUDIO\03_wav\individual\2020\SDRW2000001166\SDRW2000001166.1.1.326.lab,33,D:\20_AUDIO\03_wav\individual\2020\SDRW2000001166\SDRW2000001166.1.1.326.wav,True
2020,SDRW2000001166,SDRW2000001166.1.1.333,no_textgrid_after_beam10_retry40,D:\20_AUDIO\03_wav\individual\2020\SDRW2000001166\SDRW2000001166.1.1.333.lab,79,D:\20_AUDIO\03_wav\individual\2020\SDRW2000001166\SDRW2000001166.1.1.333.wav,True
2020,SDRW2000001166,SDRW2000001166.1.1.334,no_textgrid_after_beam10_retry40,D:\20_AUDIO\03_wav\individual\2020\SDRW2000001166\SDRW2000001166.1.1.334.lab,32,D:\20_AUDIO\03_wav\individual\2020\SDRW2000001166\SDRW2000001166.1.1.334.wav,True
2020,SDRW2000001166,SDRW2000001166.1.1.337,no_textgrid_after_beam10_retry40,D:\20_AUDIO\03_wav\individual\2020\SDRW2000001166\SDRW2000001166.1.1.337.lab,83,D:\20_AUDIO\03_wav\individual\2020\SDRW2000001166\SDRW2000001166.1.1.337.wav,True
2020,SDRW2000001166,SDRW2000001166.1.1.339,no_textgrid_after_beam10_retry40,D:\20_AUDIO\03_wav\individual\2020\SDRW2000001166\SDRW2000001166.1.1.339.lab,81,D:\20_AUDIO\03_wav\individual\2020\SDRW2000001166\SDRW2000001166.1.1.339.wav,True
2020,SDRW2000001166,SDRW2000001166.1.1.344,no_textgrid_after_beam10_retry40,D:\20_AUDIO\03_wav\individual\2020\SDRW2000001166\SDRW2000001166.1.1.344.lab,19,D:\20_AUDIO\03_wav\individual\2020\SDRW2000001166\SDRW2000001166.1.1.344.wav,True
2020,SDRW2000001166,SDRW2000001166.1.1.345,no_textgrid_after_beam10_retry40,D:\20_AUDIO\03_wav\individual\2020\SDRW2000001166\SDRW2000001166.1.1.345.lab,32,D:\20_AUDIO\03_wav\individual\2020\SDRW2000001166\SDRW2000001166.1.1.345.wav,True
2020,SDRW2000001166,SDRW2000001166.1.1.351,no_textgrid_after_beam10_retry40,D:\20_AUDIO\03_wav\individual\2020\SDRW2000001166\SDRW2000001166.1.1.351.lab,44,D:\20_AUDIO\03_wav\individual\2020\SDRW2000001166\SDRW2000001166.1.1.351.wav,True
2020,SDRW2000001166,SDRW2000001166.1.1.355,no_textgrid_after_beam10_retry40,D:\20_AUDIO\03_wav\individual\2020\SDRW2000001166\SDRW2000001166.1.1.355.lab,29,D:\20_AUDIO\03_wav\individual\2020\SDRW2000001166\SDRW2000001166.1.1.355.wav,True
2020,SDRW2000001166,SDRW2000001166.1.1.360,no_textgrid_after_beam10_retry40,D:\20_AUDIO\03_wav\individual\2020\SDRW2000001166\SDRW2000001166.1.1.360.lab,56,D:\20_AUDIO\03_wav\individual\2020\SDRW2000001166\SDRW2000001166.1.1.360.wav,True
2020,SDRW2000001166,SDRW2000001166.1.1.364,no_textgrid_after_beam10_retry40,D:\20_AUDIO\03_wav\individual\2020\SDRW2000001166\SDRW2000001166.1.1.364.lab,33,D:\20_AUDIO\03_wav\individual\2020\SDRW2000001166\SDRW2000001166.1.1.364.wav,True
2020,SDRW2000001166,SDRW2000001166.1.1.365,no_textgrid_after_beam10_retry40,D:\20_AUDIO\03_wav\individual\2020\SDRW2000001166\SDRW2000001166.1.1.365.lab,44,D:\20_AUDIO\03_wav\individual\2020\SDRW2000001166\SDRW2000001166.1.1.365.wav,True
2020,SDRW2000001166,SDRW2000001166.1.1.368,no_textgrid_after_beam10_retry40,D:\20_AUDIO\03_wav\individual\2020\SDRW2000001166\SDRW2000001166.1.1.368.lab,34,D:\20_AUDIO\03_wav\individual\2020\SDRW2000001166\SDRW2000001166.1.1.368.wav,True
2020,SDRW2000001166,SDRW2000001166.1.1.369,no_textgrid_after_beam10_retry40,D:\20_AUDIO\03_wav\individual\2020\SDRW2000001166\SDRW2000001166.1.1.369.lab,91,D:\20_AUDIO\03_wav\individual\2020\SDRW2000001166\SDRW2000001166.1.1.369.wav,True
2020,SDRW2000001166,SDRW2000001166.1.1.379,no_textgrid_after_beam10_retry40,D:\20_AUDIO\03_wav\individual\2020\SDRW2000001166\SDRW2000001166.1.1.379.lab,60,D:\20_AUDIO\03_wav\individual\2020\SDRW2000001166\SDRW2000001166.1.1.379.wav,True
2020,SDRW2000001166,SDRW2000001166.1.1.382,no_textgrid_after_beam10_retry40,D:\20_AUDIO\03_wav\individual\2020\SDRW2000001166\SDRW2000001166.1.1.382.lab,48,D:\20_AUDIO\03_wav\individual\2020\SDRW2000001166\SDRW2000001166.1.1.382.wav,True
2020,SDRW2000001166,SDRW2000001166.1.1.385,no_textgrid_after_beam10_retry40,D:\20_AUDIO\03_wav\individual\2020\SDRW2000001166\SDRW2000001166.1.1.385.lab,60,D:\20_AUDIO\03_wav\individual\2020\SDRW2000001166\SDRW2000001166.1.1.385.wav,True
2020,SDRW2000001166,SDRW2000001166.1.1.389,no_textgrid_after_beam10_retry40,D:\20_AUDIO\03_wav\individual\2020\SDRW2000001166\SDRW2000001166.1.1.389.lab,44,D:\20_AUDIO\03_wav\individual\2020\SDRW2000001166\SDRW2000001166.1.1.389.wav,True
2020,SDRW2000001166,SDRW2000001166.1.1.392,no_textgrid_after_beam10_retry40,D:\20_AUDIO\03_wav\individual\2020\SDRW2000001166\SDRW2000001166.1.1.392.lab,32,D:\20_AUDIO\03_wav\individual\2020\SDRW2000001166\SDRW2000001166.1.1.392.wav,True
2020,SDRW2000001166,SDRW2000001166.1.1.393,no_textgrid_after_beam10_retry40,D:\20_AUDIO\03_wav\individual\2020\SDRW2000001166\SDRW2000001166.1.1.393.lab,60,D:\20_AUDIO\03_wav\individual\2020\SDRW2000001166\SDRW2000001166.1.1.393.wav,True
2020,SDRW2000001166,SDRW2000001166.1.1.401,no_textgrid_after_beam10_retry40,D:\20_AUDIO\03_wav\individual\2020\SDRW2000001166\SDRW2000001166.1.1.401.lab,110,D:\20_AUDIO\03_wav\individual\2020\SDRW2000001166\SDRW2000001166.1.1.401.wav,True
2020,SDRW2000001166,SDRW2000001166.1.1.409,no_textgrid_after_beam10_retry40,D:\20_AUDIO\03_wav\individual\2020\SDRW2000001166\SDRW2000001166.1.1.409.lab,46,D:\20_AUDIO\03_wav\individual\2020\SDRW2000001166\SDRW2000001166.1.1.409.wav,True
2020,SDRW2000001166,SDRW2000001166.1.1.410,no_textgrid_after_beam10_retry40,D:\20_AUDIO\03_wav\individual\2020\SDRW2000001166\SDRW2000001166.1.1.410.lab,40,D:\20_AUDIO\03_wav\individual\2020\SDRW2000001166\SDRW2000001166.1.1.410.wav,True
2020,SDRW2000001166,SDRW2000001166.1.1.418,no_textgrid_after_beam10_retry40,D:\20_AUDIO\03_wav\individual\2020\SDRW2000001166\SDRW2000001166.1.1.418.lab,65,D:\20_AUDIO\03_wav\individual\2020\SDRW2000001166\SDRW2000001166.1.1.418.wav,True
2020,SDRW2000001166,SDRW2000001166.1.1.419,no_textgrid_after_beam10_retry40,D:\20_AUDIO\03_wav\individual\2020\SDRW2000001166\SDRW2000001166.1.1.419.lab,66,D:\20_AUDIO\03_wav\individual\2020\SDRW2000001166\SDRW2000001166.1.1.419.wav,True
2020,SDRW2000001166,SDRW2000001166.1.1.423,no_textgrid_after_beam10_retry40,D:\20_AUDIO\03_wav\individual\2020\SDRW2000001166\SDRW2000001166.1.1.423.lab,42,D:\20_AUDIO\03_wav\individual\2020\SDRW2000001166\SDRW2000001166.1.1.423.wav,True
2020,SDRW2000001166,SDRW2000001166.1.1.424,no_textgrid_after_beam10_retry40,D:\20_AUDIO\03_wav\individual\2020\SDRW2000001166\SDRW2000001166.1.1.424.lab,61,D:\20_AUDIO\03_wav\individual\2020\SDRW2000001166\SDRW2000001166.1.1.424.wav,True
2020,SDRW2000001166,SDRW2000001166.1.1.427,no_textgrid_after_beam10_retry40,D:\20_AUDIO\03_wav\individual\2020\SDRW2000001166\SDRW2000001166.1.1.427.lab,73,D:\20_AUDIO\03_wav\individual\2020\SDRW2000001166\SDRW2000001166.1.1.427.wav,True
2020,SDRW2000001166,SDRW2000001166.1.1.432,no_textgrid_after_beam10_retry40,D:\20_AUDIO\03_wav\individual\2020\SDRW2000001166\SDRW2000001166.1.1.432.lab,37,D:\20_AUDIO\03_wav\individual\2020\SDRW2000001166\SDRW2000001166.1.1.432.wav,True
2020,SDRW2000001166,SDRW2000001166.1.1.436,no_textgrid_after_beam10_retry40,D:\20_AUDIO\03_wav\individual\2020\SDRW2000001166\SDRW2000001166.1.1.436.lab,57,D:\20_AUDIO\03_wav\individual\2020\SDRW2000001166\SDRW2000001166.1.1.436.wav,True
2020,SDRW2000001166,SDRW2000001166.1.1.443,no_textgrid_after_beam10_retry40,D:\20_AUDIO\03_wav\individual\2020\SDRW2000001166\SDRW2000001166.1.1.443.lab,62,D:\20_AUDIO\03_wav\individual\2020\SDRW2000001166\SDRW2000001166.1.1.443.wav,True
2020,SDRW2000001166,SDRW2000001166.1.1.444,no_textgrid_after_beam10_retry40,D:\20_AUDIO\03_wav\individual\2020\SDRW2000001166\SDRW2000001166.1.1.444.lab,102,D:\20_AUDIO\03_wav\individual\2020\SDRW2000001166\SDRW2000001166.1.1.444.wav,True
2020,SDRW2000001166,SDRW2000001166.1.1.448,no_textgrid_after_beam10_retry40,D:\20_AUDIO\03_wav\individual\2020\SDRW2000001166\SDRW2000001166.1.1.448.lab,74,D:\20_AUDIO\03_wav\individual\2020\SDRW2000001166\SDRW2000001166.1.1.448.wav,True
2020,SDRW2000001166,SDRW2000001166.1.1.455,no_textgrid_after_beam10_retry40,D:\20_AUDIO\03_wav\individual\2020\SDRW2000001166\SDRW2000001166.1.1.455.lab,53,D:\20_AUDIO\03_wav\individual\2020\SDRW2000001166\SDRW2000001166.1.1.455.wav,True
2020,SDRW2000001166,SDRW2000001166.1.1.459,no_textgrid_after_beam10_retry40,D:\20_AUDIO\03_wav\individual\2020\SDRW2000001166\SDRW2000001166.1.1.459.lab,34,D:\20_AUDIO\03_wav\individual\2020\SDRW2000001166\SDRW2000001166.1.1.459.wav,True
2020,SDRW2000001166,SDRW2000001166.1.1.473,no_textgrid_after_beam10_retry40,D:\20_AUDIO\03_wav\individual\2020\SDRW2000001166\SDRW2000001166.1.1.473.lab,24,D:\20_AUDIO\03_wav\individual\2020\SDRW2000001166\SDRW2000001166.1.1.473.wav,True
2020,SDRW2000001166,SDRW2000001166.1.1.480,no_textgrid_after_beam10_retry40,D:\20_AUDIO\03_wav\individual\2020\SDRW2000001166\SDRW2000001166.1.1.480.lab,40,D:\20_AUDIO\03_wav\individual\2020\SDRW2000001166\SDRW2000001166.1.1.480.wav,True
2020,SDRW2000001166,SDRW2000001166.1.1.494,no_textgrid_after_beam10_retry40,D:\20_AUDIO\03_wav\individual\2020\SDRW2000001166\SDRW2000001166.1.1.494.lab,71,D:\20_AUDIO\03_wav\individual\2020\SDRW2000001166\SDRW2000001166.1.1.494.wav,True
2020,SDRW2000001166,SDRW2000001166.1.1.495,no_textgrid_after_beam10_retry40,D:\20_AUDIO\03_wav\individual\2020\SDRW2000001166\SDRW2000001166.1.1.495.lab,87,D:\20_AUDIO\03_wav\individual\2020\SDRW2000001166\SDRW2000001166.1.1.495.wav,True
2020,SDRW2000001166,SDRW2000001166.1.1.502,no_textgrid_after_beam10_retry40,D:\20_AUDIO\03_wav\individual\2020\SDRW2000001166\SDRW2000001166.1.1.502.lab,81,D:\20_AUDIO\03_wav\individual\2020\SDRW2000001166\SDRW2000001166.1.1.502.wav,True
2020,SDRW2000001166,SDRW2000001166.1.1.503,no_textgrid_after_beam10_retry40,D:\20_AUDIO\03_wav\individual\2020\SDRW2000001166\SDRW2000001166.1.1.503.lab,35,D:\20_AUDIO\03_wav\individual\2020\SDRW2000001166\SDRW2000001166.1.1.503.wav,True
2020,SDRW2000001166,SDRW2000001166.1.1.512,no_textgrid_after_beam10_retry40,D:\20_AUDIO\03_wav\individual\2020\SDRW2000001166\SDRW2000001166.1.1.512.lab,92,D:\20_AUDIO\03_wav\individual\2020\SDRW2000001166\SDRW2000001166.1.1.512.wav,True
2020,SDRW2000001166,SDRW2000001166.1.1.517,no_textgrid_after_beam10_retry40,D:\20_AUDIO\03_wav\individual\2020\SDRW2000001166\SDRW2000001166.1.1.517.lab,81,D:\20_AUDIO\03_wav\individual\2020\SDRW2000001166\SDRW2000001166.1.1.517.wav,True
2020,SDRW2000001167,SDRW2000001167.1.1.100,no_textgrid_after_beam10_retry40,D:\20_AUDIO\03_wav\individual\2020\SDRW2000001167\SDRW2000001167.1.1.100.lab,49,D:\20_AUDIO\03_wav\individual\2020\SDRW2000001167\SDRW2000001167.1.1.100.wav,True
2020,SDRW2000001167,SDRW2000001167.1.1.104,no_textgrid_after_beam10_retry40,D:\20_AUDIO\03_wav\individual\2020\SDRW2000001167\SDRW2000001167.1.1.104.lab,74,D:\20_AUDIO\03_wav\individual\2020\SDRW2000001167\SDRW2000001167.1.1.104.wav,True
2020,SDRW2000001167,SDRW2000001167.1.1.105,no_textgrid_after_beam10_retry40,D:\20_AUDIO\03_wav\individual\2020\SDRW2000001167\SDRW2000001167.1.1.105.lab,52,D:\20_AUDIO\03_wav\individual\2020\SDRW2000001167\SDRW2000001167.1.1.105.wav,True
2020,SDRW2000001167,SDRW2000001167.1.1.107,no_textgrid_after_beam10_retry40,D:\20_AUDIO\03_wav\individual\2020\SDRW2000001167\SDRW2000001167.1.1.107.lab,39,D:\20_AUDIO\03_wav\individual\2020\SDRW2000001167\SDRW2000001167.1.1.107.wav,True
2020,SDRW2000001167,SDRW2000001167.1.1.109,no_textgrid_after_beam10_retry40,D:\20_AUDIO\03_wav\individual\2020\SDRW2000001167\SDRW2000001167.1.1.109.lab,60,D:\20_AUDIO\03_wav\individual\2020\SDRW2000001167\SDRW2000001167.1.1.109.wav,True
2020,SDRW2000001167,SDRW2000001167.1.1.110,no_textgrid_after_beam10_retry40,D:\20_AUDIO\03_wav\individual\2020\SDRW2000001167\SDRW2000001167.1.1.110.lab,35,D:\20_AUDIO\03_wav\individual\2020\SDRW2000001167\SDRW2000001167.1.1.110.wav,True
2020,SDRW2000001167,SDRW2000001167.1.1.114,no_textgrid_after_beam10_retry40,D:\20_AUDIO\03_wav\individual\2020\SDRW2000001167\SDRW2000001167.1.1.114.lab,40,D:\20_AUDIO\03_wav\individual\2020\SDRW2000001167\SDRW2000001167.1.1.114.wav,True
2020,SDRW2000001167,SDRW2000001167.1.1.122,no_textgrid_after_beam10_retry40,D:\20_AUDIO\03_wav\individual\2020\SDRW2000001167\SDRW2000001167.1.1.122.lab,81,D:\20_AUDIO\03_wav\individual\2020\SDRW2000001167\SDRW2000001167.1.1.122.wav,True
2020,SDRW2000001167,SDRW2000001167.1.1.125,no_textgrid_after_beam10_retry40,D:\20_AUDIO\03_wav\individual\2020\SDRW2000001167\SDRW2000001167.1.1.125.lab,50,D:\20_AUDIO\03_wav\individual\2020\SDRW2000001167\SDRW2000001167.1.1.125.wav,True
2020,SDRW2000001167,SDRW2000001167.1.1.126,no_textgrid_after_beam10_retry40,D:\20_AUDIO\03_wav\individual\2020\SDRW2000001167\SDRW2000001167.1.1.126.lab,38,D:\20_AUDIO\03_wav\individual\2020\SDRW2000001167\SDRW2000001167.1.1.126.wav,True
2020,SDRW2000001167,SDRW2000001167.1.1.128,no_textgrid_after_beam10_retry40,D:\20_AUDIO\03_wav\individual\2020\SDRW2000001167\SDRW2000001167.1.1.128.lab,40,D:\20_AUDIO\03_wav\individual\2020\SDRW2000001167\SDRW2000001167.1.1.128.wav,True
2020,SDRW2000001167,SDRW2000001167.1.1.131,no_textgrid_after_beam10_retry40,D:\20_AUDIO\03_wav\individual\2020\SDRW2000001167\SDRW2000001167.1.1.131.lab,88,D:\20_AUDIO\03_wav\individual\2020\SDRW2000001167\SDRW2000001167.1.1.131.wav,True
2020,SDRW2000001167,SDRW2000001167.1.1.138,no_textgrid_after_beam10_retry40,D:\20_AUDIO\03_wav\individual\2020\SDRW2000001167\SDRW2000001167.1.1.138.lab,43,D:\20_AUDIO\03_wav\individual\2020\SDRW2000001167\SDRW2000001167.1.1.138.wav,True
2020,SDRW2000001167,SDRW2000001167.1.1.143,no_textgrid_after_beam10_retry40,D:\20_AUDIO\03_wav\individual\2020\SDRW2000001167\SDRW2000001167.1.1.143.lab,85,D:\20_AUDIO\03_wav\individual\2020\SDRW2000001167\SDRW2000001167.1.1.143.wav,True
2020,SDRW2000001167,SDRW2000001167.1.1.150,no_textgrid_after_beam10_retry40,D:\20_AUDIO\03_wav\individual\2020\SDRW2000001167\SDRW2000001167.1.1.150.lab,63,D:\20_AUDIO\03_wav\individual\2020\SDRW2000001167\SDRW2000001167.1.1.150.wav,True
2020,SDRW2000001167,SDRW2000001167.1.1.151,no_textgrid_after_beam10_retry40,D:\20_AUDIO\03_wav\individual\2020\SDRW2000001167\SDRW2000001167.1.1.151.lab,22,D:\20_AUDIO\03_wav\individual\2020\SDRW2000001167\SDRW2000001167.1.1.151.wav,True
2020,SDRW2000001167,SDRW2000001167.1.1.156,no_textgrid_after_beam10_retry40,D:\20_AUDIO\03_wav\individual\2020\SDRW2000001167\SDRW2000001167.1.1.156.lab,102,D:\20_AUDIO\03_wav\individual\2020\SDRW2000001167\SDRW2000001167.1.1.156.wav,True
2020,SDRW2000001167,SDRW2000001167.1.1.171,no_textgrid_after_beam10_retry40,D:\20_AUDIO\03_wav\individual\2020\SDRW2000001167\SDRW2000001167.1.1.171.lab,62,D:\20_AUDIO\03_wav\individual\2020\SDRW2000001167\SDRW2000001167.1.1.171.wav,True
2020,SDRW2000001167,SDRW2000001167.1.1.172,no_textgrid_after_beam10_retry40,D:\20_AUDIO\03_wav\individual\2020\SDRW2000001167\SDRW2000001167.1.1.172.lab,75,D:\20_AUDIO\03_wav\individual\2020\SDRW2000001167\SDRW2000001167.1.1.172.wav,True
2020,SDRW2000001167,SDRW2000001167.1.1.175,no_textgrid_after_beam10_retry40,D:\20_AUDIO\03_wav\individual\2020\SDRW2000001167\SDRW2000001167.1.1.175.lab,33,D:\20_AUDIO\03_wav\individual\2020\SDRW2000001167\SDRW2000001167.1.1.175.wav,True
2020,SDRW2000001167,SDRW2000001167.1.1.180,no_textgrid_after_beam10_retry40,D:\20_AUDIO\03_wav\individual\2020\SDRW2000001167\SDRW2000001167.1.1.180.lab,16,D:\20_AUDIO\03_wav\individual\2020\SDRW2000001167\SDRW2000001167.1.1.180.wav,True
2020,SDRW2000001167,SDRW2000001167.1.1.183,no_textgrid_after_beam10_retry40,D:\20_AUDIO\03_wav\individual\2020\SDRW2000001167\SDRW2000001167.1.1.183.lab,22,D:\20_AUDIO\03_wav\individual\2020\SDRW2000001167\SDRW2000001167.1.1.183.wav,True
2020,SDRW2000001167,SDRW2000001167.1.1.185,no_textgrid_after_beam10_retry40,D:\20_AUDIO\03_wav\individual\2020\SDRW2000001167\SDRW2000001167.1.1.185.lab,83,D:\20_AUDIO\03_wav\individual\2020\SDRW2000001167\SDRW2000001167.1.1.185.wav,True
2020,SDRW2000001167,SDRW2000001167.1.1.189,no_textgrid_after_beam10_retry40,D:\20_AUDIO\03_wav\individual\2020\SDRW2000001167\SDRW2000001167.1.1.189.lab,49,D:\20_AUDIO\03_wav\individual\2020\SDRW2000001167\SDRW2000001167.1.1.189.wav,True
2020,SDRW2000001167,SDRW2000001167.1.1.190,no_textgrid_after_beam10_retry40,D:\20_AUDIO\03_wav\individual\2020\SDRW2000001167\SDRW2000001167.1.1.190.lab,84,D:\20_AUDIO\03_wav\individual\2020\SDRW2000001167\SDRW2000001167.1.1.190.wav,True
2020,SDRW2000001167,SDRW2000001167.1.1.191,no_textgrid_after_beam10_retry40,D:\20_AUDIO\03_wav\individual\2020\SDRW2000001167\SDRW2000001167.1.1.191.lab,41,D:\20_AUDIO\03_wav\individual\2020\SDRW2000001167\SDRW2000001167.1.1.191.wav,True
2020,SDRW2000001167,SDRW2000001167.1.1.202,no_textgrid_after_beam10_retry40,D:\20_AUDIO\03_wav\individual\2020\SDRW2000001167\SDRW2000001167.1.1.202.lab,46,D:\20_AUDIO\03_wav\individual\2020\SDRW2000001167\SDRW2000001167.1.1.202.wav,True
2020,SDRW2000001167,SDRW2000001167.1.1.206,no_textgrid_after_beam10_retry40,D:\20_AUDIO\03_wav\individual\2020\SDRW2000001167\SDRW2000001167.1.1.206.lab,59,D:\20_AUDIO\03_wav\individual\2020\SDRW2000001167\SDRW2000001167.1.1.206.wav,True
2020,SDRW2000001167,SDRW2000001167.1.1.214,no_textgrid_after_beam10_retry40,D:\20_AUDIO\03_wav\individual\2020\SDRW2000001167\SDRW2000001167.1.1.214.lab,69,D:\20_AUDIO\03_wav\individual\2020\SDRW2000001167\SDRW2000001167.1.1.214.wav,True
2020,SDRW2000001167,SDRW2000001167.1.1.220,no_textgrid_after_beam10_retry40,D:\20_AUDIO\03_wav\individual\2020\SDRW2000001167\SDRW2000001167.1.1.220.lab,52,D:\20_AUDIO\03_wav\individual\2020\SDRW2000001167\SDRW2000001167.1.1.220.wav,True
2020,SDRW2000001167,SDRW2000001167.1.1.221,no_textgrid_after_beam10_retry40,D:\20_AUDIO\03_wav\individual\2020\SDRW2000001167\SDRW2000001167.1.1.221.lab,33,D:\20_AUDIO\03_wav\individual\2020\SDRW2000001167\SDRW2000001167.1.1.221.wav,True
2020,SDRW2000001167,SDRW2000001167.1.1.223,no_textgrid_after_beam10_retry40,D:\20_AUDIO\03_wav\individual\2020\SDRW2000001167\SDRW2000001167.1.1.223.lab,30,D:\20_AUDIO\03_wav\individual\2020\SDRW2000001167\SDRW2000001167.1.1.223.wav,True
2020,SDRW2000001167,SDRW2000001167.1.1.224,no_textgrid_after_beam10_retry40,D:\20_AUDIO\03_wav\individual\2020\SDRW2000001167\SDRW2000001167.1.1.224.lab,48,D:\20_AUDIO\03_wav\individual\2020\SDRW2000001167\SDRW2000001167.1.1.224.wav,True
2020,SDRW2000001167,SDRW2000001167.1.1.231,no_textgrid_after_beam10_retry40,D:\20_AUDIO\03_wav\individual\2020\SDRW2000001167\SDRW2000001167.1.1.231.lab,40,D:\20_AUDIO\03_wav\individual\2020\SDRW2000001167\SDRW2000001167.1.1.231.wav,True
2020,SDRW2000001167,SDRW2000001167.1.1.235,no_textgrid_after_beam10_retry40,D:\20_AUDIO\03_wav\individual\2020\SDRW2000001167\SDRW2000001167.1.1.235.lab,48,D:\20_AUDIO\03_wav\individual\2020\SDRW2000001167\SDRW2000001167.1.1.235.wav,True
2020,SDRW2000001167,SDRW2000001167.1.1.236,no_textgrid_after_beam10_retry40,D:\20_AUDIO\03_wav\individual\2020\SDRW2000001167\SDRW2000001167.1.1.236.lab,39,D:\20_AUDIO\03_wav\individual\2020\SDRW2000001167\SDRW2000001167.1.1.236.wav,True
2020,SDRW2000001167,SDRW2000001167.1.1.242,no_textgrid_after_beam10_retry40,D:\20_AUDIO\03_wav\individual\2020\SDRW2000001167\SDRW2000001167.1.1.242.lab,49,D:\20_AUDIO\03_wav\individual\2020\SDRW2000001167\SDRW2000001167.1.1.242.wav,True
2020,SDRW2000001167,SDRW2000001167.1.1.244,no_textgrid_after_beam10_retry40,D:\20_AUDIO\03_wav\individual\2020\SDRW2000001167\SDRW2000001167.1.1.244.lab,53,D:\20_AUDIO\03_wav\individual\2020\SDRW2000001167\SDRW2000001167.1.1.244.wav,True
2020,SDRW2000001167,SDRW2000001167.1.1.247,no_textgrid_after_beam10_retry40,D:\20_AUDIO\03_wav\individual\2020\SDRW2000001167\SDRW2000001167.1.1.247.lab,37,D:\20_AUDIO\03_wav\individual\2020\SDRW2000001167\SDRW2000001167.1.1.247.wav,True
2020,SDRW2000001167,SDRW2000001167.1.1.248,no_textgrid_after_beam10_retry40,D:\20_AUDIO\03_wav\individual\2020\SDRW2000001167\SDRW2000001167.1.1.248.lab,55,D:\20_AUDIO\03_wav\individual\2020\SDRW2000001167\SDRW2000001167.1.1.248.wav,True
2020,SDRW2000001167,SDRW2000001167.1.1.257,no_textgrid_after_beam10_retry40,D:\20_AUDIO\03_wav\individual\2020\SDRW2000001167\SDRW2000001167.1.1.257.lab,43,D:\20_AUDIO\03_wav\individual\2020\SDRW2000001167\SDRW2000001167.1.1.257.wav,True
2020,SDRW2000001167,SDRW2000001167.1.1.267,no_textgrid_after_beam10_retry40,D:\20_AUDIO\03_wav\individual\2020\SDRW2000001167\SDRW2000001167.1.1.267.lab,79,D:\20_AUDIO\03_wav\individual\2020\SDRW2000001167\SDRW2000001167.1.1.267.wav,True
2020,SDRW2000001167,SDRW2000001167.1.1.269,no_textgrid_after_beam10_retry40,D:\20_AUDIO\03_wav\individual\2020\SDRW2000001167\SDRW2000001167.1.1.269.lab,46,D:\20_AUDIO\03_wav\individual\2020\SDRW2000001167\SDRW2000001167.1.1.269.wav,True
2020,SDRW2000001167,SDRW2000001167.1.1.27,no_textgrid_after_beam10_retry40,D:\20_AUDIO\03_wav\individual\2020\SDRW2000001167\SDRW2000001167.1.1.27.lab,32,D:\20_AUDIO\03_wav\individual\2020\SDRW2000001167\SDRW2000001167.1.1.27.wav,True
2020,SDRW2000001167,SDRW2000001167.1.1.277,no_textgrid_after_beam10_retry40,D:\20_AUDIO\03_wav\individual\2020\SDRW2000001167\SDRW2000001167.1.1.277.lab,64,D:\20_AUDIO\03_wav\individual\2020\SDRW2000001167\SDRW2000001167.1.1.277.wav,True
2020,SDRW2000001167,SDRW2000001167.1.1.279,no_textgrid_after_beam10_retry40,D:\20_AUDIO\03_wav\individual\2020\SDRW2000001167\SDRW2000001167.1.1.279.lab,54,D:\20_AUDIO\03_wav\individual\2020\SDRW2000001167\SDRW2000001167.1.1.279.wav,True
2020,SDRW2000001167,SDRW2000001167.1.1.281,no_textgrid_after_beam10_retry40,D:\20_AUDIO\03_wav\individual\2020\SDRW2000001167\SDRW2000001167.1.1.281.lab,56,D:\20_AUDIO\03_wav\individual\2020\SDRW2000001167\SDRW2000001167.1.1.281.wav,True
2020,SDRW2000001167,SDRW2000001167.1.1.282,no_textgrid_after_beam10_retry40,D:\20_AUDIO\03_wav\individual\2020\SDRW2000001167\SDRW2000001167.1.1.282.lab,44,D:\20_AUDIO\03_wav\individual\2020\SDRW2000001167\SDRW2000001167.1.1.282.wav,True
2020,SDRW2000001167,SDRW2000001167.1.1.295,no_textgrid_after_beam10_retry40,D:\20_AUDIO\03_wav\individual\2020\SDRW2000001167\SDRW2000001167.1.1.295.lab,42,D:\20_AUDIO\03_wav\individual\2020\SDRW2000001167\SDRW2000001167.1.1.295.wav,True
2020,SDRW2000001167,SDRW2000001167.1.1.300,no_textgrid_after_beam10_retry40,D:\20_AUDIO\03_wav\individual\2020\SDRW2000001167\SDRW2000001167.1.1.300.lab,39,D:\20_AUDIO\03_wav\individual\2020\SDRW2000001167\SDRW2000001167.1.1.300.wav,True
2020,SDRW2000001167,SDRW2000001167.1.1.305,no_textgrid_after_beam10_retry40,D:\20_AUDIO\03_wav\individual\2020\SDRW2000001167\SDRW2000001167.1.1.305.lab,30,D:\20_AUDIO\03_wav\individual\2020\SDRW2000001167\SDRW2000001167.1.1.305.wav,True
2020,SDRW2000001167,SDRW2000001167.1.1.306,no_textgrid_after_beam10_retry40,D:\20_AUDIO\03_wav\individual\2020\SDRW2000001167\SDRW2000001167.1.1.306.lab,57,D:\20_AUDIO\03_wav\individual\2020\SDRW2000001167\SDRW2000001167.1.1.306.wav,True
2020,SDRW2000001167,SDRW2000001167.1.1.312,no_textgrid_after_beam10_retry40,D:\20_AUDIO\03_wav\individual\2020\SDRW2000001167\SDRW2000001167.1.1.312.lab,63,D:\20_AUDIO\03_wav\individual\2020\SDRW2000001167\SDRW2000001167.1.1.312.wav,True
2020,SDRW2000001167,SDRW2000001167.1.1.313,no_textgrid_after_beam10_retry40,D:\20_AUDIO\03_wav\individual\2020\SDRW2000001167\SDRW2000001167.1.1.313.lab,53,D:\20_AUDIO\03_wav\individual\2020\SDRW2000001167\SDRW2000001167.1.1.313.wav,True
2020,SDRW2000001167,SDRW2000001167.1.1.316,no_textgrid_after_beam10_retry40,D:\20_AUDIO\03_wav\individual\2020\SDRW2000001167\SDRW2000001167.1.1.316.lab,59,D:\20_AUDIO\03_wav\individual\2020\SDRW2000001167\SDRW2000001167.1.1.316.wav,True
2020,SDRW2000001167,SDRW2000001167.1.1.317,no_textgrid_after_beam10_retry40,D:\20_AUDIO\03_wav\individual\2020\SDRW2000001167\SDRW2000001167.1.1.317.lab,59,D:\20_AUDIO\03_wav\individual\2020\SDRW2000001167\SDRW2000001167.1.1.317.wav,True
2020,SDRW2000001167,SDRW2000001167.1.1.318,no_textgrid_after_beam10_retry40,D:\20_AUDIO\03_wav\individual\2020\SDRW2000001167\SDRW2000001167.1.1.318.lab,88,D:\20_AUDIO\03_wav\individual\2020\SDRW2000001167\SDRW2000001167.1.1.318.wav,True
2020,SDRW2000001167,SDRW2000001167.1.1.319,no_textgrid_after_beam10_retry40,D:\20_AUDIO\03_wav\individual\2020\SDRW2000001167\SDRW2000001167.1.1.319.lab,31,D:\20_AUDIO\03_wav\individual\2020\SDRW2000001167\SDRW2000001167.1.1.319.wav,True
2020,SDRW2000001167,SDRW2000001167.1.1.321,no_textgrid_after_beam10_retry40,D:\20_AUDIO\03_wav\individual\2020\SDRW2000001167\SDRW2000001167.1.1.321.lab,31,D:\20_AUDIO\03_wav\individual\2020\SDRW2000001167\SDRW2000001167.1.1.321.wav,True
2020,SDRW2000001167,SDRW2000001167.1.1.326,no_textgrid_after_beam10_retry40,D:\20_AUDIO\03_wav\individual\2020\SDRW2000001167\SDRW2000001167.1.1.326.lab,39,D:\20_AUDIO\03_wav\individual\2020\SDRW2000001167\SDRW2000001167.1.1.326.wav,True
2020,SDRW2000001167,SDRW2000001167.1.1.33,no_textgrid_after_beam10_retry40,D:\20_AUDIO\03_wav\individual\2020\SDRW2000001167\SDRW2000001167.1.1.33.lab,46,D:\20_AUDIO\03_wav\individual\2020\SDRW2000001167\SDRW2000001167.1.1.33.wav,True
2020,SDRW2000001167,SDRW2000001167.1.1.331,no_textgrid_after_beam10_retry40,D:\20_AUDIO\03_wav\individual\2020\SDRW2000001167\SDRW2000001167.1.1.331.lab,51,D:\20_AUDIO\03_wav\individual\2020\SDRW2000001167\SDRW2000001167.1.1.331.wav,True
2020,SDRW2000001167,SDRW2000001167.1.1.333,no_textgrid_after_beam10_retry40,D:\20_AUDIO\03_wav\individual\2020\SDRW2000001167\SDRW2000001167.1.1.333.lab,37,D:\20_AUDIO\03_wav\individual\2020\SDRW2000001167\SDRW2000001167.1.1.333.wav,True
2020,SDRW2000001167,SDRW2000001167.1.1.341,no_textgrid_after_beam10_retry40,D:\20_AUDIO\03_wav\individual\2020\SDRW2000001167\SDRW2000001167.1.1.341.lab,33,D:\20_AUDIO\03_wav\individual\2020\SDRW2000001167\SDRW2000001167.1.1.341.wav,True
2020,SDRW2000001167,SDRW2000001167.1.1.345,no_textgrid_after_beam10_retry40,D:\20_AUDIO\03_wav\individual\2020\SDRW2000001167\SDRW2000001167.1.1.345.lab,23,D:\20_AUDIO\03_wav\individual\2020\SDRW2000001167\SDRW2000001167.1.1.345.wav,True
2020,SDRW2000001167,SDRW2000001167.1.1.354,no_textgrid_after_beam10_retry40,D:\20_AUDIO\03_wav\individual\2020\SDRW2000001167\SDRW2000001167.1.1.354.lab,83,D:\20_AUDIO\03_wav\individual\2020\SDRW2000001167\SDRW2000001167.1.1.354.wav,True
2020,SDRW2000001167,SDRW2000001167.1.1.359,no_textgrid_after_beam10_retry40,D:\20_AUDIO\03_wav\individual\2020\SDRW2000001167\SDRW2000001167.1.1.359.lab,52,D:\20_AUDIO\03_wav\individual\2020\SDRW2000001167\SDRW2000001167.1.1.359.wav,True
2020,SDRW2000001167,SDRW2000001167.1.1.361,no_textgrid_after_beam10_retry40,D:\20_AUDIO\03_wav\individual\2020\SDRW2000001167\SDRW2000001167.1.1.361.lab,91,D:\20_AUDIO\03_wav\individual\2020\SDRW2000001167\SDRW2000001167.1.1.361.wav,True
2020,SDRW2000001167,SDRW2000001167.1.1.363,no_textgrid_after_beam10_retry40,D:\20_AUDIO\03_wav\individual\2020\SDRW2000001167\SDRW2000001167.1.1.363.lab,44,D:\20_AUDIO\03_wav\individual\2020\SDRW2000001167\SDRW2000001167.1.1.363.wav,True
2020,SDRW2000001167,SDRW2000001167.1.1.379,no_textgrid_after_beam10_retry40,D:\20_AUDIO\03_wav\individual\2020\SDRW2000001167\SDRW2000001167.1.1.379.lab,46,D:\20_AUDIO\03_wav\individual\2020\SDRW2000001167\SDRW2000001167.1.1.379.wav,True
2020,SDRW2000001167,SDRW2000001167.1.1.388,no_textgrid_after_beam10_retry40,D:\20_AUDIO\03_wav\individual\2020\SDRW2000001167\SDRW2000001167.1.1.388.lab,74,D:\20_AUDIO\03_wav\individual\2020\SDRW2000001167\SDRW2000001167.1.1.388.wav,True
2020,SDRW2000001167,SDRW2000001167.1.1.395,no_textgrid_after_beam10_retry40,D:\20_AUDIO\03_wav\individual\2020\SDRW2000001167\SDRW2000001167.1.1.395.lab,52,D:\20_AUDIO\03_wav\individual\2020\SDRW2000001167\SDRW2000001167.1.1.395.wav,True
2020,SDRW2000001167,SDRW2000001167.1.1.40,no_textgrid_after_beam10_retry40,D:\20_AUDIO\03_wav\individual\2020\SDRW2000001167\SDRW2000001167.1.1.40.lab,43,D:\20_AUDIO\03_wav\individual\2020\SDRW2000001167\SDRW2000001167.1.1.40.wav,True
2020,SDRW2000001167,SDRW2000001167.1.1.402,no_textgrid_after_beam10_retry40,D:\20_AUDIO\03_wav\individual\2020\SDRW2000001167\SDRW2000001167.1.1.402.lab,25,D:\20_AUDIO\03_wav\individual\2020\SDRW2000001167\SDRW2000001167.1.1.402.wav,True
2020,SDRW2000001167,SDRW2000001167.1.1.408,no_textgrid_after_beam10_retry40,D:\20_AUDIO\03_wav\individual\2020\SDRW2000001167\SDRW2000001167.1.1.408.lab,66,D:\20_AUDIO\03_wav\individual\2020\SDRW2000001167\SDRW2000001167.1.1.408.wav,True
2020,SDRW2000001167,SDRW2000001167.1.1.413,no_textgrid_after_beam10_retry40,D:\20_AUDIO\03_wav\individual\2020\SDRW2000001167\SDRW2000001167.1.1.413.lab,49,D:\20_AUDIO\03_wav\individual\2020\SDRW2000001167\SDRW2000001167.1.1.413.wav,True
2020,SDRW2000001167,SDRW2000001167.1.1.42,no_textgrid_after_beam10_retry40,D:\20_AUDIO\03_wav\individual\2020\SDRW2000001167\SDRW2000001167.1.1.42.lab,42,D:\20_AUDIO\03_wav\individual\2020\SDRW2000001167\SDRW2000001167.1.1.42.wav,True
2020,SDRW2000001167,SDRW2000001167.1.1.423,no_textgrid_after_beam10_retry40,D:\20_AUDIO\03_wav\individual\2020\SDRW2000001167\SDRW2000001167.1.1.423.lab,36,D:\20_AUDIO\03_wav\individual\2020\SDRW2000001167\SDRW2000001167.1.1.423.wav,True
2020,SDRW2000001167,SDRW2000001167.1.1.427,no_textgrid_after_beam10_retry40,D:\20_AUDIO\03_wav\individual\2020\SDRW2000001167\SDRW2000001167.1.1.427.lab,162,D:\20_AUDIO\03_wav\individual\2020\SDRW2000001167\SDRW2000001167.1.1.427.wav,True
2020,SDRW2000001167,SDRW2000001167.1.1.433,no_textgrid_after_beam10_retry40,D:\20_AUDIO\03_wav\individual\2020\SDRW2000001167\SDRW2000001167.1.1.433.lab,42,D:\20_AUDIO\03_wav\individual\2020\SDRW2000001167\SDRW2000001167.1.1.433.wav,True
2020,SDRW2000001167,SDRW2000001167.1.1.56,no_textgrid_after_beam10_retry40,D:\20_AUDIO\03_wav\individual\2020\SDRW2000001167\SDRW2000001167.1.1.56.lab,39,D:\20_AUDIO\03_wav\individual\2020\SDRW2000001167\SDRW2000001167.1.1.56.wav,True
2020,SDRW2000001167,SDRW2000001167.1.1.63,no_textgrid_after_beam10_retry40,D:\20_AUDIO\03_wav\individual\2020\SDRW2000001167\SDRW2000001167.1.1.63.lab,59,D:\20_AUDIO\03_wav\individual\2020\SDRW2000001167\SDRW2000001167.1.1.63.wav,True
2020,SDRW2000001167,SDRW2000001167.1.1.64,no_textgrid_after_beam10_retry40,D:\20_AUDIO\03_wav\individual\2020\SDRW2000001167\SDRW2000001167.1.1.64.lab,32,D:\20_AUDIO\03_wav\individual\2020\SDRW2000001167\SDRW2000001167.1.1.64.wav,True
2020,SDRW2000001167,SDRW2000001167.1.1.67,no_textgrid_after_beam10_retry40,D:\20_AUDIO\03_wav\individual\2020\SDRW2000001167\SDRW2000001167.1.1.67.lab,54,D:\20_AUDIO\03_wav\individual\2020\SDRW2000001167\SDRW2000001167.1.1.67.wav,True
2020,SDRW2000001167,SDRW2000001167.1.1.69,no_textgrid_after_beam10_retry40,D:\20_AUDIO\03_wav\individual\2020\SDRW2000001167\SDRW2000001167.1.1.69.lab,55,D:\20_AUDIO\03_wav\individual\2020\SDRW2000001167\SDRW2000001167.1.1.69.wav,True
2020,SDRW2000001167,SDRW2000001167.1.1.71,no_textgrid_after_beam10_retry40,D:\20_AUDIO\03_wav\individual\2020\SDRW2000001167\SDRW2000001167.1.1.71.lab,26,D:\20_AUDIO\03_wav\individual\2020\SDRW2000001167\SDRW2000001167.1.1.71.wav,True
2020,SDRW2000001167,SDRW2000001167.1.1.73,no_textgrid_after_beam10_retry40,D:\20_AUDIO\03_wav\individual\2020\SDRW2000001167\SDRW2000001167.1.1.73.lab,53,D:\20_AUDIO\03_wav\individual\2020\SDRW2000001167\SDRW2000001167.1.1.73.wav,True
2020,SDRW2000001167,SDRW2000001167.1.1.80,no_textgrid_after_beam10_retry40,D:\20_AUDIO\03_wav\individual\2020\SDRW2000001167\SDRW2000001167.1.1.80.lab,60,D:\20_AUDIO\03_wav\individual\2020\SDRW2000001167\SDRW2000001167.1.1.80.wav,True
2020,SDRW2000001167,SDRW2000001167.1.1.82,no_textgrid_after_beam10_retry40,D:\20_AUDIO\03_wav\individual\2020\SDRW2000001167\SDRW2000001167.1.1.82.lab,30,D:\20_AUDIO\03_wav\individual\2020\SDRW2000001167\SDRW2000001167.1.1.82.wav,True
2020,SDRW2000001167,SDRW2000001167.1.1.84,no_textgrid_after_beam10_retry40,D:\20_AUDIO\03_wav\individual\2020\SDRW2000001167\SDRW2000001167.1.1.84.lab,56,D:\20_AUDIO\03_wav\individual\2020\SDRW2000001167\SDRW2000001167.1.1.84.wav,True
2020,SDRW2000001167,SDRW2000001167.1.1.9,no_textgrid_after_beam10_retry40,D:\20_AUDIO\03_wav\individual\2020\SDRW2000001167\SDRW2000001167.1.1.9.lab,36,D:\20_AUDIO\03_wav\individual\2020\SDRW2000001167\SDRW2000001167.1.1.9.wav,True
2020,SDRW2000001167,SDRW2000001167.1.1.91,no_textgrid_after_beam10_retry40,D:\20_AUDIO\03_wav\individual\2020\SDRW2000001167\SDRW2000001167.1.1.91.lab,42,D:\20_AUDIO\03_wav\individual\2020\SDRW2000001167\SDRW2000001167.1.1.91.wav,True
2020,SDRW2000001167,SDRW2000001167.1.1.94,no_textgrid_after_beam10_retry40,D:\20_AUDIO\03_wav\individual\2020\SDRW2000001167\SDRW2000001167.1.1.94.lab,29,D:\20_AUDIO\03_wav\individual\2020\SDRW2000001167\SDRW2000001167.1.1.94.wav,True
2020,SDRW2000001171,SDRW2000001171.1.1.103,no_textgrid_after_beam10_retry40,D:\20_AUDIO\03_wav\individual\2020\SDRW2000001171\SDRW2000001171.1.1.103.lab,49,D:\20_AUDIO\03_wav\individual\2020\SDRW2000001171\SDRW2000001171.1.1.103.wav,True
2020,SDRW2000001171,SDRW2000001171.1.1.106,no_textgrid_after_beam10_retry40,D:\20_AUDIO\03_wav\individual\2020\SDRW2000001171\SDRW2000001171.1.1.106.lab,29,D:\20_AUDIO\03_wav\individual\2020\SDRW2000001171\SDRW2000001171.1.1.106.wav,True
2020,SDRW2000001171,SDRW2000001171.1.1.109,no_textgrid_after_beam10_retry40,D:\20_AUDIO\03_wav\individual\2020\SDRW2000001171\SDRW2000001171.1.1.109.lab,49,D:\20_AUDIO\03_wav\individual\2020\SDRW2000001171\SDRW2000001171.1.1.109.wav,True
2020,SDRW2000001171,SDRW2000001171.1.1.11,no_textgrid_after_beam10_retry40,D:\20_AUDIO\03_wav\individual\2020\SDRW2000001171\SDRW2000001171.1.1.11.lab,27,D:\20_AUDIO\03_wav\individual\2020\SDRW2000001171\SDRW2000001171.1.1.11.wav,True
2020,SDRW2000001171,SDRW2000001171.1.1.117,no_textgrid_after_beam10_retry40,D:\20_AUDIO\03_wav\individual\2020\SDRW2000001171\SDRW2000001171.1.1.117.lab,25,D:\20_AUDIO\03_wav\individual\2020\SDRW2000001171\SDRW2000001171.1.1.117.wav,True
2020,SDRW2000001171,SDRW2000001171.1.1.126,no_textgrid_after_beam10_retry40,D:\20_AUDIO\03_wav\individual\2020\SDRW2000001171\SDRW2000001171.1.1.126.lab,52,D:\20_AUDIO\03_wav\individual\2020\SDRW2000001171\SDRW2000001171.1.1.126.wav,True
2020,SDRW2000001171,SDRW2000001171.1.1.13,no_textgrid_after_beam10_retry40,D:\20_AUDIO\03_wav\individual\2020\SDRW2000001171\SDRW2000001171.1.1.13.lab,38,D:\20_AUDIO\03_wav\individual\2020\SDRW2000001171\SDRW2000001171.1.1.13.wav,True
2020,SDRW2000001171,SDRW2000001171.1.1.138,no_textgrid_after_beam10_retry40,D:\20_AUDIO\03_wav\individual\2020\SDRW2000001171\SDRW2000001171.1.1.138.lab,43,D:\20_AUDIO\03_wav\individual\2020\SDRW2000001171\SDRW2000001171.1.1.138.wav,True
2020,SDRW2000001171,SDRW2000001171.1.1.139,no_textgrid_after_beam10_retry40,D:\20_AUDIO\03_wav\individual\2020\SDRW2000001171\SDRW2000001171.1.1.139.lab,35,D:\20_AUDIO\03_wav\individual\2020\SDRW2000001171\SDRW2000001171.1.1.139.wav,True
2020,SDRW2000001171,SDRW2000001171.1.1.142,no_textgrid_after_beam10_retry40,D:\20_AUDIO\03_wav\individual\2020\SDRW2000001171\SDRW2000001171.1.1.142.lab,43,D:\20_AUDIO\03_wav\individual\2020\SDRW2000001171\SDRW2000001171.1.1.142.wav,True
2020,SDRW2000001171,SDRW2000001171.1.1.144,no_textgrid_after_beam10_retry40,D:\20_AUDIO\03_wav\individual\2020\SDRW2000001171\SDRW2000001171.1.1.144.lab,43,D:\20_AUDIO\03_wav\individual\2020\SDRW2000001171\SDRW2000001171.1.1.144.wav,True
2020,SDRW2000001171,SDRW2000001171.1.1.149,no_textgrid_after_beam10_retry40,D:\20_AUDIO\03_wav\individual\2020\SDRW2000001171\SDRW2000001171.1.1.149.lab,66,D:\20_AUDIO\03_wav\individual\2020\SDRW2000001171\SDRW2000001171.1.1.149.wav,True
2020,SDRW2000001171,SDRW2000001171.1.1.156,no_textgrid_after_beam10_retry40,D:\20_AUDIO\03_wav\individual\2020\SDRW2000001171\SDRW2000001171.1.1.156.lab,42,D:\20_AUDIO\03_wav\individual\2020\SDRW2000001171\SDRW2000001171.1.1.156.wav,True
2020,SDRW2000001171,SDRW2000001171.1.1.161,no_textgrid_after_beam10_retry40,D:\20_AUDIO\03_wav\individual\2020\SDRW2000001171\SDRW2000001171.1.1.161.lab,68,D:\20_AUDIO\03_wav\individual\2020\SDRW2000001171\SDRW2000001171.1.1.161.wav,True
2020,SDRW2000001171,SDRW2000001171.1.1.164,no_textgrid_after_beam10_retry40,D:\20_AUDIO\03_wav\individual\2020\SDRW2000001171\SDRW2000001171.1.1.164.lab,56,D:\20_AUDIO\03_wav\individual\2020\SDRW2000001171\SDRW2000001171.1.1.164.wav,True
2020,SDRW2000001171,SDRW2000001171.1.1.166,no_textgrid_after_beam10_retry40,D:\20_AUDIO\03_wav\individual\2020\SDRW2000001171\SDRW2000001171.1.1.166.lab,111,D:\20_AUDIO\03_wav\individual\2020\SDRW2000001171\SDRW2000001171.1.1.166.wav,True
2020,SDRW2000001171,SDRW2000001171.1.1.168,no_textgrid_after_beam10_retry40,D:\20_AUDIO\03_wav\individual\2020\SDRW2000001171\SDRW2000001171.1.1.168.lab,94,D:\20_AUDIO\03_wav\individual\2020\SDRW2000001171\SDRW2000001171.1.1.168.wav,True
2020,SDRW2000001171,SDRW2000001171.1.1.174,no_textgrid_after_beam10_retry40,D:\20_AUDIO\03_wav\individual\2020\SDRW2000001171\SDRW2000001171.1.1.174.lab,42,D:\20_AUDIO\03_wav\individual\2020\SDRW2000001171\SDRW2000001171.1.1.174.wav,True
2020,SDRW2000001171,SDRW2000001171.1.1.177,no_textgrid_after_beam10_retry40,D:\20_AUDIO\03_wav\individual\2020\SDRW2000001171\SDRW2000001171.1.1.177.lab,68,D:\20_AUDIO\03_wav\individual\2020\SDRW2000001171\SDRW2000001171.1.1.177.wav,True
2020,SDRW2000001171,SDRW2000001171.1.1.181,no_textgrid_after_beam10_retry40,D:\20_AUDIO\03_wav\individual\2020\SDRW2000001171\SDRW2000001171.1.1.181.lab,90,D:\20_AUDIO\03_wav\individual\2020\SDRW2000001171\SDRW2000001171.1.1.181.wav,True
2020,SDRW2000001171,SDRW2000001171.1.1.183,no_textgrid_after_beam10_retry40,D:\20_AUDIO\03_wav\individual\2020\SDRW2000001171\SDRW2000001171.1.1.183.lab,37,D:\20_AUDIO\03_wav\individual\2020\SDRW2000001171\SDRW2000001171.1.1.183.wav,True
2020,SDRW2000001171,SDRW2000001171.1.1.19,no_textgrid_after_beam10_retry40,D:\20_AUDIO\03_wav\individual\2020\SDRW2000001171\SDRW2000001171.1.1.19.lab,65,D:\20_AUDIO\03_wav\individual\2020\SDRW2000001171\SDRW2000001171.1.1.19.wav,True
2020,SDRW2000001171,SDRW2000001171.1.1.192,no_textgrid_after_beam10_retry40,D:\20_AUDIO\03_wav\individual\2020\SDRW2000001171\SDRW2000001171.1.1.192.lab,29,D:\20_AUDIO\03_wav\individual\2020\SDRW2000001171\SDRW2000001171.1.1.192.wav,True
2020,SDRW2000001171,SDRW2000001171.1.1.194,no_textgrid_after_beam10_retry40,D:\20_AUDIO\03_wav\individual\2020\SDRW2000001171\SDRW2000001171.1.1.194.lab,68,D:\20_AUDIO\03_wav\individual\2020\SDRW2000001171\SDRW2000001171.1.1.194.wav,True
2020,SDRW2000001171,SDRW2000001171.1.1.196,no_textgrid_after_beam10_retry40,D:\20_AUDIO\03_wav\individual\2020\SDRW2000001171\SDRW2000001171.1.1.196.lab,61,D:\20_AUDIO\03_wav\individual\2020\SDRW2000001171\SDRW2000001171.1.1.196.wav,True
2020,SDRW2000001171,SDRW2000001171.1.1.197,no_textgrid_after_beam10_retry40,D:\20_AUDIO\03_wav\individual\2020\SDRW2000001171\SDRW2000001171.1.1.197.lab,29,D:\20_AUDIO\03_wav\individual\2020\SDRW2000001171\SDRW2000001171.1.1.197.wav,True
2020,SDRW2000001171,SDRW2000001171.1.1.198,no_textgrid_after_beam10_retry40,D:\20_AUDIO\03_wav\individual\2020\SDRW2000001171\SDRW2000001171.1.1.198.lab,45,D:\20_AUDIO\03_wav\individual\2020\SDRW2000001171\SDRW2000001171.1.1.198.wav,True
2020,SDRW2000001171,SDRW2000001171.1.1.199,no_textgrid_after_beam10_retry40,D:\20_AUDIO\03_wav\individual\2020\SDRW2000001171\SDRW2000001171.1.1.199.lab,62,D:\20_AUDIO\03_wav\individual\2020\SDRW2000001171\SDRW2000001171.1.1.199.wav,True
2020,SDRW2000001171,SDRW2000001171.1.1.20,no_textgrid_after_beam10_retry40,D:\20_AUDIO\03_wav\individual\2020\SDRW2000001171\SDRW2000001171.1.1.20.lab,30,D:\20_AUDIO\03_wav\individual\2020\SDRW2000001171\SDRW2000001171.1.1.20.wav,True
2020,SDRW2000001171,SDRW2000001171.1.1.202,no_textgrid_after_beam10_retry40,D:\20_AUDIO\03_wav\individual\2020\SDRW2000001171\SDRW2000001171.1.1.202.lab,91,D:\20_AUDIO\03_wav\individual\2020\SDRW2000001171\SDRW2000001171.1.1.202.wav,True
2020,SDRW2000001171,SDRW2000001171.1.1.214,no_textgrid_after_beam10_retry40,D:\20_AUDIO\03_wav\individual\2020\SDRW2000001171\SDRW2000001171.1.1.214.lab,42,D:\20_AUDIO\03_wav\individual\2020\SDRW2000001171\SDRW2000001171.1.1.214.wav,True
2020,SDRW2000001171,SDRW2000001171.1.1.215,no_textgrid_after_beam10_retry40,D:\20_AUDIO\03_wav\individual\2020\SDRW2000001171\SDRW2000001171.1.1.215.lab,57,D:\20_AUDIO\03_wav\individual\2020\SDRW2000001171\SDRW2000001171.1.1.215.wav,True
2020,SDRW2000001171,SDRW2000001171.1.1.217,no_textgrid_after_beam10_retry40,D:\20_AUDIO\03_wav\individual\2020\SDRW2000001171\SDRW2000001171.1.1.217.lab,37,D:\20_AUDIO\03_wav\individual\2020\SDRW2000001171\SDRW2000001171.1.1.217.wav,True
2020,SDRW2000001171,SDRW2000001171.1.1.219,no_textgrid_after_beam10_retry40,D:\20_AUDIO\03_wav\individual\2020\SDRW2000001171\SDRW2000001171.1.1.219.lab,76,D:\20_AUDIO\03_wav\individual\2020\SDRW2000001171\SDRW2000001171.1.1.219.wav,True
2020,SDRW2000001171,SDRW2000001171.1.1.22,no_textgrid_after_beam10_retry40,D:\20_AUDIO\03_wav\individual\2020\SDRW2000001171\SDRW2000001171.1.1.22.lab,64,D:\20_AUDIO\03_wav\individual\2020\SDRW2000001171\SDRW2000001171.1.1.22.wav,True
2020,SDRW2000001171,SDRW2000001171.1.1.220,no_textgrid_after_beam10_retry40,D:\20_AUDIO\03_wav\individual\2020\SDRW2000001171\SDRW2000001171.1.1.220.lab,59,D:\20_AUDIO\03_wav\individual\2020\SDRW2000001171\SDRW2000001171.1.1.220.wav,True
2020,SDRW2000001171,SDRW2000001171.1.1.221,no_textgrid_after_beam10_retry40,D:\20_AUDIO\03_wav\individual\2020\SDRW2000001171\SDRW2000001171.1.1.221.lab,76,D:\20_AUDIO\03_wav\individual\2020\SDRW2000001171\SDRW2000001171.1.1.221.wav,True
2020,SDRW2000001171,SDRW2000001171.1.1.227,no_textgrid_after_beam10_retry40,D:\20_AUDIO\03_wav\individual\2020\SDRW2000001171\SDRW2000001171.1.1.227.lab,32,D:\20_AUDIO\03_wav\individual\2020\SDRW2000001171\SDRW2000001171.1.1.227.wav,True
2020,SDRW2000001171,SDRW2000001171.1.1.23,no_textgrid_after_beam10_retry40,D:\20_AUDIO\03_wav\individual\2020\SDRW2000001171\SDRW2000001171.1.1.23.lab,23,D:\20_AUDIO\03_wav\individual\2020\SDRW2000001171\SDRW2000001171.1.1.23.wav,True
2020,SDRW2000001171,SDRW2000001171.1.1.239,no_textgrid_after_beam10_retry40,D:\20_AUDIO\03_wav\individual\2020\SDRW2000001171\SDRW2000001171.1.1.239.lab,85,D:\20_AUDIO\03_wav\individual\2020\SDRW2000001171\SDRW2000001171.1.1.239.wav,True
2020,SDRW2000001171,SDRW2000001171.1.1.25,no_textgrid_after_beam10_retry40,D:\20_AUDIO\03_wav\individual\2020\SDRW2000001171\SDRW2000001171.1.1.25.lab,36,D:\20_AUDIO\03_wav\individual\2020\SDRW2000001171\SDRW2000001171.1.1.25.wav,True
2020,SDRW2000001171,SDRW2000001171.1.1.251,no_textgrid_after_beam10_retry40,D:\20_AUDIO\03_wav\individual\2020\SDRW2000001171\SDRW2000001171.1.1.251.lab,41,D:\20_AUDIO\03_wav\individual\2020\SDRW2000001171\SDRW2000001171.1.1.251.wav,True
2020,SDRW2000001171,SDRW2000001171.1.1.259,no_textgrid_after_beam10_retry40,D:\20_AUDIO\03_wav\individual\2020\SDRW2000001171\SDRW2000001171.1.1.259.lab,78,D:\20_AUDIO\03_wav\individual\2020\SDRW2000001171\SDRW2000001171.1.1.259.wav,True
2020,SDRW2000001171,SDRW2000001171.1.1.260,no_textgrid_after_beam10_retry40,D:\20_AUDIO\03_wav\individual\2020\SDRW2000001171\SDRW2000001171.1.1.260.lab,115,D:\20_AUDIO\03_wav\individual\2020\SDRW2000001171\SDRW2000001171.1.1.260.wav,True
2020,SDRW2000001171,SDRW2000001171.1.1.261,no_textgrid_after_beam10_retry40,D:\20_AUDIO\03_wav\individual\2020\SDRW2000001171\SDRW2000001171.1.1.261.lab,35,D:\20_AUDIO\03_wav\individual\2020\SDRW2000001171\SDRW2000001171.1.1.261.wav,True
2020,SDRW2000001171,SDRW2000001171.1.1.262,no_textgrid_after_beam10_retry40,D:\20_AUDIO\03_wav\individual\2020\SDRW2000001171\SDRW2000001171.1.1.262.lab,23,D:\20_AUDIO\03_wav\individual\2020\SDRW2000001171\SDRW2000001171.1.1.262.wav,True
2020,SDRW2000001171,SDRW2000001171.1.1.265,no_textgrid_after_beam10_retry40,D:\20_AUDIO\03_wav\individual\2020\SDRW2000001171\SDRW2000001171.1.1.265.lab,85,D:\20_AUDIO\03_wav\individual\2020\SDRW2000001171\SDRW2000001171.1.1.265.wav,True
2020,SDRW2000001171,SDRW2000001171.1.1.266,no_textgrid_after_beam10_retry40,D:\20_AUDIO\03_wav\individual\2020\SDRW2000001171\SDRW2000001171.1.1.266.lab,69,D:\20_AUDIO\03_wav\individual\2020\SDRW2000001171\SDRW2000001171.1.1.266.wav,True
2020,SDRW2000001171,SDRW2000001171.1.1.273,no_textgrid_after_beam10_retry40,D:\20_AUDIO\03_wav\individual\2020\SDRW2000001171\SDRW2000001171.1.1.273.lab,45,D:\20_AUDIO\03_wav\individual\2020\SDRW2000001171\SDRW2000001171.1.1.273.wav,True
2020,SDRW2000001171,SDRW2000001171.1.1.281,no_textgrid_after_beam10_retry40,D:\20_AUDIO\03_wav\individual\2020\SDRW2000001171\SDRW2000001171.1.1.281.lab,112,D:\20_AUDIO\03_wav\individual\2020\SDRW2000001171\SDRW2000001171.1.1.281.wav,True
2020,SDRW2000001171,SDRW2000001171.1.1.285,no_textgrid_after_beam10_retry40,D:\20_AUDIO\03_wav\individual\2020\SDRW2000001171\SDRW2000001171.1.1.285.lab,89,D:\20_AUDIO\03_wav\individual\2020\SDRW2000001171\SDRW2000001171.1.1.285.wav,True
2020,SDRW2000001171,SDRW2000001171.1.1.288,no_textgrid_after_beam10_retry40,D:\20_AUDIO\03_wav\individual\2020\SDRW2000001171\SDRW2000001171.1.1.288.lab,85,D:\20_AUDIO\03_wav\individual\2020\SDRW2000001171\SDRW2000001171.1.1.288.wav,True
2020,SDRW2000001171,SDRW2000001171.1.1.289,no_textgrid_after_beam10_retry40,D:\20_AUDIO\03_wav\individual\2020\SDRW2000001171\SDRW2000001171.1.1.289.lab,29,D:\20_AUDIO\03_wav\individual\2020\SDRW2000001171\SDRW2000001171.1.1.289.wav,True
2020,SDRW2000001171,SDRW2000001171.1.1.295,no_textgrid_after_beam10_retry40,D:\20_AUDIO\03_wav\individual\2020\SDRW2000001171\SDRW2000001171.1.1.295.lab,69,D:\20_AUDIO\03_wav\individual\2020\SDRW2000001171\SDRW2000001171.1.1.295.wav,True
2020,SDRW2000001171,SDRW2000001171.1.1.300,no_textgrid_after_beam10_retry40,D:\20_AUDIO\03_wav\individual\2020\SDRW2000001171\SDRW2000001171.1.1.300.lab,100,D:\20_AUDIO\03_wav\individual\2020\SDRW2000001171\SDRW2000001171.1.1.300.wav,True
2020,SDRW2000001171,SDRW2000001171.1.1.302,no_textgrid_after_beam10_retry40,D:\20_AUDIO\03_wav\individual\2020\SDRW2000001171\SDRW2000001171.1.1.302.lab,50,D:\20_AUDIO\03_wav\individual\2020\SDRW2000001171\SDRW2000001171.1.1.302.wav,True
2020,SDRW2000001171,SDRW2000001171.1.1.303,no_textgrid_after_beam10_retry40,D:\20_AUDIO\03_wav\individual\2020\SDRW2000001171\SDRW2000001171.1.1.303.lab,50,D:\20_AUDIO\03_wav\individual\2020\SDRW2000001171\SDRW2000001171.1.1.303.wav,True
2020,SDRW2000001171,SDRW2000001171.1.1.308,no_textgrid_after_beam10_retry40,D:\20_AUDIO\03_wav\individual\2020\SDRW2000001171\SDRW2000001171.1.1.308.lab,57,D:\20_AUDIO\03_wav\individual\2020\SDRW2000001171\SDRW2000001171.1.1.308.wav,True
2020,SDRW2000001171,SDRW2000001171.1.1.310,no_textgrid_after_beam10_retry40,D:\20_AUDIO\03_wav\individual\2020\SDRW2000001171\SDRW2000001171.1.1.310.lab,43,D:\20_AUDIO\03_wav\individual\2020\SDRW2000001171\SDRW2000001171.1.1.310.wav,True
2020,SDRW2000001171,SDRW2000001171.1.1.311,no_textgrid_after_beam10_retry40,D:\20_AUDIO\03_wav\individual\2020\SDRW2000001171\SDRW2000001171.1.1.311.lab,64,D:\20_AUDIO\03_wav\individual\2020\SDRW2000001171\SDRW2000001171.1.1.311.wav,True
2020,SDRW2000001171,SDRW2000001171.1.1.312,no_textgrid_after_beam10_retry40,D:\20_AUDIO\03_wav\individual\2020\SDRW2000001171\SDRW2000001171.1.1.312.lab,53,D:\20_AUDIO\03_wav\individual\2020\SDRW2000001171\SDRW2000001171.1.1.312.wav,True
2020,SDRW2000001171,SDRW2000001171.1.1.316,no_textgrid_after_beam10_retry40,D:\20_AUDIO\03_wav\individual\2020\SDRW2000001171\SDRW2000001171.1.1.316.lab,46,D:\20_AUDIO\03_wav\individual\2020\SDRW2000001171\SDRW2000001171.1.1.316.wav,True
2020,SDRW2000001171,SDRW2000001171.1.1.317,no_textgrid_after_beam10_retry40,D:\20_AUDIO\03_wav\individual\2020\SDRW2000001171\SDRW2000001171.1.1.317.lab,50,D:\20_AUDIO\03_wav\individual\2020\SDRW2000001171\SDRW2000001171.1.1.317.wav,True
2020,SDRW2000001171,SDRW2000001171.1.1.323,no_textgrid_after_beam10_retry40,D:\20_AUDIO\03_wav\individual\2020\SDRW2000001171\SDRW2000001171.1.1.323.lab,68,D:\20_AUDIO\03_wav\individual\2020\SDRW2000001171\SDRW2000001171.1.1.323.wav,True
2020,SDRW2000001171,SDRW2000001171.1.1.338,no_textgrid_after_beam10_retry40,D:\20_AUDIO\03_wav\individual\2020\SDRW2000001171\SDRW2000001171.1.1.338.lab,35,D:\20_AUDIO\03_wav\individual\2020\SDRW2000001171\SDRW2000001171.1.1.338.wav,True
2020,SDRW2000001171,SDRW2000001171.1.1.339,no_textgrid_after_beam10_retry40,D:\20_AUDIO\03_wav\individual\2020\SDRW2000001171\SDRW2000001171.1.1.339.lab,68,D:\20_AUDIO\03_wav\individual\2020\SDRW2000001171\SDRW2000001171.1.1.339.wav,True
2020,SDRW2000001171,SDRW2000001171.1.1.340,no_textgrid_after_beam10_retry40,D:\20_AUDIO\03_wav\individual\2020\SDRW2000001171\SDRW2000001171.1.1.340.lab,47,D:\20_AUDIO\03_wav\individual\2020\SDRW2000001171\SDRW2000001171.1.1.340.wav,True
2020,SDRW2000001171,SDRW2000001171.1.1.341,no_textgrid_after_beam10_retry40,D:\20_AUDIO\03_wav\individual\2020\SDRW2000001171\SDRW2000001171.1.1.341.lab,75,D:\20_AUDIO\03_wav\individual\2020\SDRW2000001171\SDRW2000001171.1.1.341.wav,True
2020,SDRW2000001171,SDRW2000001171.1.1.343,no_textgrid_after_beam10_retry40,D:\20_AUDIO\03_wav\individual\2020\SDRW2000001171\SDRW2000001171.1.1.343.lab,62,D:\20_AUDIO\03_wav\individual\2020\SDRW2000001171\SDRW2000001171.1.1.343.wav,True
2020,SDRW2000001171,SDRW2000001171.1.1.344,no_textgrid_after_beam10_retry40,D:\20_AUDIO\03_wav\individual\2020\SDRW2000001171\SDRW2000001171.1.1.344.lab,68,D:\20_AUDIO\03_wav\individual\2020\SDRW2000001171\SDRW2000001171.1.1.344.wav,True
2020,SDRW2000001171,SDRW2000001171.1.1.347,no_textgrid_after_beam10_retry40,D:\20_AUDIO\03_wav\individual\2020\SDRW2000001171\SDRW2000001171.1.1.347.lab,113,D:\20_AUDIO\03_wav\individual\2020\SDRW2000001171\SDRW2000001171.1.1.347.wav,True
2020,SDRW2000001171,SDRW2000001171.1.1.348,no_textgrid_after_beam10_retry40,D:\20_AUDIO\03_wav\individual\2020\SDRW2000001171\SDRW2000001171.1.1.348.lab,26,D:\20_AUDIO\03_wav\individual\2020\SDRW2000001171\SDRW2000001171.1.1.348.wav,True
2020,SDRW2000001171,SDRW2000001171.1.1.353,no_textgrid_after_beam10_retry40,D:\20_AUDIO\03_wav\individual\2020\SDRW2000001171\SDRW2000001171.1.1.353.lab,103,D:\20_AUDIO\03_wav\individual\2020\SDRW2000001171\SDRW2000001171.1.1.353.wav,True
2020,SDRW2000001171,SDRW2000001171.1.1.354,no_textgrid_after_beam10_retry40,D:\20_AUDIO\03_wav\individual\2020\SDRW2000001171\SDRW2000001171.1.1.354.lab,79,D:\20_AUDIO\03_wav\individual\2020\SDRW2000001171\SDRW2000001171.1.1.354.wav,True
2020,SDRW2000001171,SDRW2000001171.1.1.363,no_textgrid_after_beam10_retry40,D:\20_AUDIO\03_wav\individual\2020\SDRW2000001171\SDRW2000001171.1.1.363.lab,39,D:\20_AUDIO\03_wav\individual\2020\SDRW2000001171\SDRW2000001171.1.1.363.wav,True
2020,SDRW2000001171,SDRW2000001171.1.1.365,no_textgrid_after_beam10_retry40,D:\20_AUDIO\03_wav\individual\2020\SDRW2000001171\SDRW2000001171.1.1.365.lab,53,D:\20_AUDIO\03_wav\individual\2020\SDRW2000001171\SDRW2000001171.1.1.365.wav,True
2020,SDRW2000001171,SDRW2000001171.1.1.368,no_textgrid_after_beam10_retry40,D:\20_AUDIO\03_wav\individual\2020\SDRW2000001171\SDRW2000001171.1.1.368.lab,73,D:\20_AUDIO\03_wav\individual\2020\SDRW2000001171\SDRW2000001171.1.1.368.wav,True
2020,SDRW2000001171,SDRW2000001171.1.1.369,no_textgrid_after_beam10_retry40,D:\20_AUDIO\03_wav\individual\2020\SDRW2000001171\SDRW2000001171.1.1.369.lab,59,D:\20_AUDIO\03_wav\individual\2020\SDRW2000001171\SDRW2000001171.1.1.369.wav,True
2020,SDRW2000001171,SDRW2000001171.1.1.370,no_textgrid_after_beam10_retry40,D:\20_AUDIO\03_wav\individual\2020\SDRW2000001171\SDRW2000001171.1.1.370.lab,44,D:\20_AUDIO\03_wav\individual\2020\SDRW2000001171\SDRW2000001171.1.1.370.wav,True
2020,SDRW2000001171,SDRW2000001171.1.1.371,no_textgrid_after_beam10_retry40,D:\20_AUDIO\03_wav\individual\2020\SDRW2000001171\SDRW2000001171.1.1.371.lab,78,D:\20_AUDIO\03_wav\individual\2020\SDRW2000001171\SDRW2000001171.1.1.371.wav,True
2020,SDRW2000001171,SDRW2000001171.1.1.374,no_textgrid_after_beam10_retry40,D:\20_AUDIO\03_wav\individual\2020\SDRW2000001171\SDRW2000001171.1.1.374.lab,98,D:\20_AUDIO\03_wav\individual\2020\SDRW2000001171\SDRW2000001171.1.1.374.wav,True
2020,SDRW2000001171,SDRW2000001171.1.1.375,no_textgrid_after_beam10_retry40,D:\20_AUDIO\03_wav\individual\2020\SDRW2000001171\SDRW2000001171.1.1.375.lab,82,D:\20_AUDIO\03_wav\individual\2020\SDRW2000001171\SDRW2000001171.1.1.375.wav,True
2020,SDRW2000001171,SDRW2000001171.1.1.378,no_textgrid_after_beam10_retry40,D:\20_AUDIO\03_wav\individual\2020\SDRW2000001171\SDRW2000001171.1.1.378.lab,73,D:\20_AUDIO\03_wav\individual\2020\SDRW2000001171\SDRW2000001171.1.1.378.wav,True
2020,SDRW2000001171,SDRW2000001171.1.1.39,no_textgrid_after_beam10_retry40,D:\20_AUDIO\03_wav\individual\2020\SDRW2000001171\SDRW2000001171.1.1.39.lab,49,D:\20_AUDIO\03_wav\individual\2020\SDRW2000001171\SDRW2000001171.1.1.39.wav,True
2020,SDRW2000001171,SDRW2000001171.1.1.392,no_textgrid_after_beam10_retry40,D:\20_AUDIO\03_wav\individual\2020\SDRW2000001171\SDRW2000001171.1.1.392.lab,67,D:\20_AUDIO\03_wav\individual\2020\SDRW2000001171\SDRW2000001171.1.1.392.wav,True
2020,SDRW2000001171,SDRW2000001171.1.1.397,no_textgrid_after_beam10_retry40,D:\20_AUDIO\03_wav\individual\2020\SDRW2000001171\SDRW2000001171.1.1.397.lab,54,D:\20_AUDIO\03_wav\individual\2020\SDRW2000001171\SDRW2000001171.1.1.397.wav,True
2020,SDRW2000001171,SDRW2000001171.1.1.54,no_textgrid_after_beam10_retry40,D:\20_AUDIO\03_wav\individual\2020\SDRW2000001171\SDRW2000001171.1.1.54.lab,54,D:\20_AUDIO\03_wav\individual\2020\SDRW2000001171\SDRW2000001171.1.1.54.wav,True
2020,SDRW2000001171,SDRW2000001171.1.1.67,no_textgrid_after_beam10_retry40,D:\20_AUDIO\03_wav\individual\2020\SDRW2000001171\SDRW2000001171.1.1.67.lab,63,D:\20_AUDIO\03_wav\individual\2020\SDRW2000001171\SDRW2000001171.1.1.67.wav,True
2020,SDRW2000001171,SDRW2000001171.1.1.68,no_textgrid_after_beam10_retry40,D:\20_AUDIO\03_wav\individual\2020\SDRW2000001171\SDRW2000001171.1.1.68.lab,43,D:\20_AUDIO\03_wav\individual\2020\SDRW2000001171\SDRW2000001171.1.1.68.wav,True
2020,SDRW2000001171,SDRW2000001171.1.1.7,no_textgrid_after_beam10_retry40,D:\20_AUDIO\03_wav\individual\2020\SDRW2000001171\SDRW2000001171.1.1.7.lab,41,D:\20_AUDIO\03_wav\individual\2020\SDRW2000001171\SDRW2000001171.1.1.7.wav,True
2020,SDRW2000001171,SDRW2000001171.1.1.70,no_textgrid_after_beam10_retry40,D:\20_AUDIO\03_wav\individual\2020\SDRW2000001171\SDRW2000001171.1.1.70.lab,41,D:\20_AUDIO\03_wav\individual\2020\SDRW2000001171\SDRW2000001171.1.1.70.wav,True
2020,SDRW2000001171,SDRW2000001171.1.1.77,no_textgrid_after_beam10_retry40,D:\20_AUDIO\03_wav\individual\2020\SDRW2000001171\SDRW2000001171.1.1.77.lab,50,D:\20_AUDIO\03_wav\individual\2020\SDRW2000001171\SDRW2000001171.1.1.77.wav,True
2020,SDRW2000001171,SDRW2000001171.1.1.85,no_textgrid_after_beam10_retry40,D:\20_AUDIO\03_wav\individual\2020\SDRW2000001171\SDRW2000001171.1.1.85.lab,128,D:\20_AUDIO\03_wav\individual\2020\SDRW2000001171\SDRW2000001171.1.1.85.wav,True
2020,SDRW2000001171,SDRW2000001171.1.1.99,no_textgrid_after_beam10_retry40,D:\20_AUDIO\03_wav\individual\2020\SDRW2000001171\SDRW2000001171.1.1.99.lab,59,D:\20_AUDIO\03_wav\individual\2020\SDRW2000001171\SDRW2000001171.1.1.99.wav,True
2020,SDRW2000001172,SDRW2000001172.1.1.10,no_textgrid_after_beam10_retry40,D:\20_AUDIO\03_wav\individual\2020\SDRW2000001172\SDRW2000001172.1.1.10.lab,52,D:\20_AUDIO\03_wav\individual\2020\SDRW2000001172\SDRW2000001172.1.1.10.wav,True
2020,SDRW2000001172,SDRW2000001172.1.1.140,no_textgrid_after_beam10_retry40,D:\20_AUDIO\03_wav\individual\2020\SDRW2000001172\SDRW2000001172.1.1.140.lab,33,D:\20_AUDIO\03_wav\individual\2020\SDRW2000001172\SDRW2000001172.1.1.140.wav,True
2020,SDRW2000001172,SDRW2000001172.1.1.142,no_textgrid_after_beam10_retry40,D:\20_AUDIO\03_wav\individual\2020\SDRW2000001172\SDRW2000001172.1.1.142.lab,89,D:\20_AUDIO\03_wav\individual\2020\SDRW2000001172\SDRW2000001172.1.1.142.wav,True
2020,SDRW2000001172,SDRW2000001172.1.1.15,no_textgrid_after_beam10_retry40,D:\20_AUDIO\03_wav\individual\2020\SDRW2000001172\SDRW2000001172.1.1.15.lab,46,D:\20_AUDIO\03_wav\individual\2020\SDRW2000001172\SDRW2000001172.1.1.15.wav,True
2020,SDRW2000001172,SDRW2000001172.1.1.151,no_textgrid_after_beam10_retry40,D:\20_AUDIO\03_wav\individual\2020\SDRW2000001172\SDRW2000001172.1.1.151.lab,71,D:\20_AUDIO\03_wav\individual\2020\SDRW2000001172\SDRW2000001172.1.1.151.wav,True
2020,SDRW2000001172,SDRW2000001172.1.1.153,no_textgrid_after_beam10_retry40,D:\20_AUDIO\03_wav\individual\2020\SDRW2000001172\SDRW2000001172.1.1.153.lab,30,D:\20_AUDIO\03_wav\individual\2020\SDRW2000001172\SDRW2000001172.1.1.153.wav,True
2020,SDRW2000001172,SDRW2000001172.1.1.157,no_textgrid_after_beam10_retry40,D:\20_AUDIO\03_wav\individual\2020\SDRW2000001172\SDRW2000001172.1.1.157.lab,126,D:\20_AUDIO\03_wav\individual\2020\SDRW2000001172\SDRW2000001172.1.1.157.wav,True
2020,SDRW2000001172,SDRW2000001172.1.1.160,no_textgrid_after_beam10_retry40,D:\20_AUDIO\03_wav\individual\2020\SDRW2000001172\SDRW2000001172.1.1.160.lab,48,D:\20_AUDIO\03_wav\individual\2020\SDRW2000001172\SDRW2000001172.1.1.160.wav,True
2020,SDRW2000001172,SDRW2000001172.1.1.162,no_textgrid_after_beam10_retry40,D:\20_AUDIO\03_wav\individual\2020\SDRW2000001172\SDRW2000001172.1.1.162.lab,78,D:\20_AUDIO\03_wav\individual\2020\SDRW2000001172\SDRW2000001172.1.1.162.wav,True
2020,SDRW2000001172,SDRW2000001172.1.1.168,no_textgrid_after_beam10_retry40,D:\20_AUDIO\03_wav\individual\2020\SDRW2000001172\SDRW2000001172.1.1.168.lab,82,D:\20_AUDIO\03_wav\individual\2020\SDRW2000001172\SDRW2000001172.1.1.168.wav,True
2020,SDRW2000001172,SDRW2000001172.1.1.173,no_textgrid_after_beam10_retry40,D:\20_AUDIO\03_wav\individual\2020\SDRW2000001172\SDRW2000001172.1.1.173.lab,57,D:\20_AUDIO\03_wav\individual\2020\SDRW2000001172\SDRW2000001172.1.1.173.wav,True
2020,SDRW2000001172,SDRW2000001172.1.1.176,no_textgrid_after_beam10_retry40,D:\20_AUDIO\03_wav\individual\2020\SDRW2000001172\SDRW2000001172.1.1.176.lab,39,D:\20_AUDIO\03_wav\individual\2020\SDRW2000001172\SDRW2000001172.1.1.176.wav,True
2020,SDRW2000001172,SDRW2000001172.1.1.189,no_textgrid_after_beam10_retry40,D:\20_AUDIO\03_wav\individual\2020\SDRW2000001172\SDRW2000001172.1.1.189.lab,20,D:\20_AUDIO\03_wav\individual\2020\SDRW2000001172\SDRW2000001172.1.1.189.wav,True
2020,SDRW2000001172,SDRW2000001172.1.1.195,no_textgrid_after_beam10_retry40,D:\20_AUDIO\03_wav\individual\2020\SDRW2000001172\SDRW2000001172.1.1.195.lab,56,D:\20_AUDIO\03_wav\individual\2020\SDRW2000001172\SDRW2000001172.1.1.195.wav,True
2020,SDRW2000001172,SDRW2000001172.1.1.200,no_textgrid_after_beam10_retry40,D:\20_AUDIO\03_wav\individual\2020\SDRW2000001172\SDRW2000001172.1.1.200.lab,62,D:\20_AUDIO\03_wav\individual\2020\SDRW2000001172\SDRW2000001172.1.1.200.wav,True
2020,SDRW2000001172,SDRW2000001172.1.1.203,no_textgrid_after_beam10_retry40,D:\20_AUDIO\03_wav\individual\2020\SDRW2000001172\SDRW2000001172.1.1.203.lab,74,D:\20_AUDIO\03_wav\individual\2020\SDRW2000001172\SDRW2000001172.1.1.203.wav,True
2020,SDRW2000001172,SDRW2000001172.1.1.208,no_textgrid_after_beam10_retry40,D:\20_AUDIO\03_wav\individual\2020\SDRW2000001172\SDRW2000001172.1.1.208.lab,69,D:\20_AUDIO\03_wav\individual\2020\SDRW2000001172\SDRW2000001172.1.1.208.wav,True
2020,SDRW2000001172,SDRW2000001172.1.1.209,no_textgrid_after_beam10_retry40,D:\20_AUDIO\03_wav\individual\2020\SDRW2000001172\SDRW2000001172.1.1.209.lab,35,D:\20_AUDIO\03_wav\individual\2020\SDRW2000001172\SDRW2000001172.1.1.209.wav,True
2020,SDRW2000001172,SDRW2000001172.1.1.212,no_textgrid_after_beam10_retry40,D:\20_AUDIO\03_wav\individual\2020\SDRW2000001172\SDRW2000001172.1.1.212.lab,16,D:\20_AUDIO\03_wav\individual\2020\SDRW2000001172\SDRW2000001172.1.1.212.wav,True
2020,SDRW2000001172,SDRW2000001172.1.1.213,no_textgrid_after_beam10_retry40,D:\20_AUDIO\03_wav\individual\2020\SDRW2000001172\SDRW2000001172.1.1.213.lab,41,D:\20_AUDIO\03_wav\individual\2020\SDRW2000001172\SDRW2000001172.1.1.213.wav,True
2020,SDRW2000001172,SDRW2000001172.1.1.216,no_textgrid_after_beam10_retry40,D:\20_AUDIO\03_wav\individual\2020\SDRW2000001172\SDRW2000001172.1.1.216.lab,70,D:\20_AUDIO\03_wav\individual\2020\SDRW2000001172\SDRW2000001172.1.1.216.wav,True
2020,SDRW2000001172,SDRW2000001172.1.1.219,no_textgrid_after_beam10_retry40,D:\20_AUDIO\03_wav\individual\2020\SDRW2000001172\SDRW2000001172.1.1.219.lab,22,D:\20_AUDIO\03_wav\individual\2020\SDRW2000001172\SDRW2000001172.1.1.219.wav,True
2020,SDRW2000001172,SDRW2000001172.1.1.222,no_textgrid_after_beam10_retry40,D:\20_AUDIO\03_wav\individual\2020\SDRW2000001172\SDRW2000001172.1.1.222.lab,30,D:\20_AUDIO\03_wav\individual\2020\SDRW2000001172\SDRW2000001172.1.1.222.wav,True
2020,SDRW2000001172,SDRW2000001172.1.1.225,no_textgrid_after_beam10_retry40,D:\20_AUDIO\03_wav\individual\2020\SDRW2000001172\SDRW2000001172.1.1.225.lab,78,D:\20_AUDIO\03_wav\individual\2020\SDRW2000001172\SDRW2000001172.1.1.225.wav,True
2020,SDRW2000001172,SDRW2000001172.1.1.227,no_textgrid_after_beam10_retry40,D:\20_AUDIO\03_wav\individual\2020\SDRW2000001172\SDRW2000001172.1.1.227.lab,43,D:\20_AUDIO\03_wav\individual\2020\SDRW2000001172\SDRW2000001172.1.1.227.wav,True
2020,SDRW2000001172,SDRW2000001172.1.1.231,no_textgrid_after_beam10_retry40,D:\20_AUDIO\03_wav\individual\2020\SDRW2000001172\SDRW2000001172.1.1.231.lab,99,D:\20_AUDIO\03_wav\individual\2020\SDRW2000001172\SDRW2000001172.1.1.231.wav,True
2020,SDRW2000001172,SDRW2000001172.1.1.232,no_textgrid_after_beam10_retry40,D:\20_AUDIO\03_wav\individual\2020\SDRW2000001172\SDRW2000001172.1.1.232.lab,79,D:\20_AUDIO\03_wav\individual\2020\SDRW2000001172\SDRW2000001172.1.1.232.wav,True
2020,SDRW2000001172,SDRW2000001172.1.1.237,no_textgrid_after_beam10_retry40,D:\20_AUDIO\03_wav\individual\2020\SDRW2000001172\SDRW2000001172.1.1.237.lab,84,D:\20_AUDIO\03_wav\individual\2020\SDRW2000001172\SDRW2000001172.1.1.237.wav,True
2020,SDRW2000001172,SDRW2000001172.1.1.241,no_textgrid_after_beam10_retry40,D:\20_AUDIO\03_wav\individual\2020\SDRW2000001172\SDRW2000001172.1.1.241.lab,37,D:\20_AUDIO\03_wav\individual\2020\SDRW2000001172\SDRW2000001172.1.1.241.wav,True
2020,SDRW2000001172,SDRW2000001172.1.1.25,no_textgrid_after_beam10_retry40,D:\20_AUDIO\03_wav\individual\2020\SDRW2000001172\SDRW2000001172.1.1.25.lab,37,D:\20_AUDIO\03_wav\individual\2020\SDRW2000001172\SDRW2000001172.1.1.25.wav,True
2020,SDRW2000001172,SDRW2000001172.1.1.251,no_textgrid_after_beam10_retry40,D:\20_AUDIO\03_wav\individual\2020\SDRW2000001172\SDRW2000001172.1.1.251.lab,87,D:\20_AUDIO\03_wav\individual\2020\SDRW2000001172\SDRW2000001172.1.1.251.wav,True
2020,SDRW2000001172,SDRW2000001172.1.1.255,no_textgrid_after_beam10_retry40,D:\20_AUDIO\03_wav\individual\2020\SDRW2000001172\SDRW2000001172.1.1.255.lab,47,D:\20_AUDIO\03_wav\individual\2020\SDRW2000001172\SDRW2000001172.1.1.255.wav,True
2020,SDRW2000001172,SDRW2000001172.1.1.258,no_textgrid_after_beam10_retry40,D:\20_AUDIO\03_wav\individual\2020\SDRW2000001172\SDRW2000001172.1.1.258.lab,40,D:\20_AUDIO\03_wav\individual\2020\SDRW2000001172\SDRW2000001172.1.1.258.wav,True
2020,SDRW2000001172,SDRW2000001172.1.1.261,no_textgrid_after_beam10_retry40,D:\20_AUDIO\03_wav\individual\2020\SDRW2000001172\SDRW2000001172.1.1.261.lab,49,D:\20_AUDIO\03_wav\individual\2020\SDRW2000001172\SDRW2000001172.1.1.261.wav,True
2020,SDRW2000001172,SDRW2000001172.1.1.265,no_textgrid_after_beam10_retry40,D:\20_AUDIO\03_wav\individual\2020\SDRW2000001172\SDRW2000001172.1.1.265.lab,36,D:\20_AUDIO\03_wav\individual\2020\SDRW2000001172\SDRW2000001172.1.1.265.wav,True
2020,SDRW2000001172,SDRW2000001172.1.1.275,no_textgrid_after_beam10_retry40,D:\20_AUDIO\03_wav\individual\2020\SDRW2000001172\SDRW2000001172.1.1.275.lab,48,D:\20_AUDIO\03_wav\individual\2020\SDRW2000001172\SDRW2000001172.1.1.275.wav,True
2020,SDRW2000001172,SDRW2000001172.1.1.278,no_textgrid_after_beam10_retry40,D:\20_AUDIO\03_wav\individual\2020\SDRW2000001172\SDRW2000001172.1.1.278.lab,36,D:\20_AUDIO\03_wav\individual\2020\SDRW2000001172\SDRW2000001172.1.1.278.wav,True
2020,SDRW2000001172,SDRW2000001172.1.1.287,no_textgrid_after_beam10_retry40,D:\20_AUDIO\03_wav\individual\2020\SDRW2000001172\SDRW2000001172.1.1.287.lab,44,D:\20_AUDIO\03_wav\individual\2020\SDRW2000001172\SDRW2000001172.1.1.287.wav,True
2020,SDRW2000001172,SDRW2000001172.1.1.289,no_textgrid_after_beam10_retry40,D:\20_AUDIO\03_wav\individual\2020\SDRW2000001172\SDRW2000001172.1.1.289.lab,127,D:\20_AUDIO\03_wav\individual\2020\SDRW2000001172\SDRW2000001172.1.1.289.wav,True
2020,SDRW2000001172,SDRW2000001172.1.1.29,no_textgrid_after_beam10_retry40,D:\20_AUDIO\03_wav\individual\2020\SDRW2000001172\SDRW2000001172.1.1.29.lab,92,D:\20_AUDIO\03_wav\individual\2020\SDRW2000001172\SDRW2000001172.1.1.29.wav,True
2020,SDRW2000001172,SDRW2000001172.1.1.294,no_textgrid_after_beam10_retry40,D:\20_AUDIO\03_wav\individual\2020\SDRW2000001172\SDRW2000001172.1.1.294.lab,50,D:\20_AUDIO\03_wav\individual\2020\SDRW2000001172\SDRW2000001172.1.1.294.wav,True
2020,SDRW2000001172,SDRW2000001172.1.1.323,no_textgrid_after_beam10_retry40,D:\20_AUDIO\03_wav\individual\2020\SDRW2000001172\SDRW2000001172.1.1.323.lab,43,D:\20_AUDIO\03_wav\individual\2020\SDRW2000001172\SDRW2000001172.1.1.323.wav,True
2020,SDRW2000001172,SDRW2000001172.1.1.33,no_textgrid_after_beam10_retry40,D:\20_AUDIO\03_wav\individual\2020\SDRW2000001172\SDRW2000001172.1.1.33.lab,125,D:\20_AUDIO\03_wav\individual\2020\SDRW2000001172\SDRW2000001172.1.1.33.wav,True
2020,SDRW2000001172,SDRW2000001172.1.1.335,no_textgrid_after_beam10_retry40,D:\20_AUDIO\03_wav\individual\2020\SDRW2000001172\SDRW2000001172.1.1.335.lab,34,D:\20_AUDIO\03_wav\individual\2020\SDRW2000001172\SDRW2000001172.1.1.335.wav,True
2020,SDRW2000001172,SDRW2000001172.1.1.336,no_textgrid_after_beam10_retry40,D:\20_AUDIO\03_wav\individual\2020\SDRW2000001172\SDRW2000001172.1.1.336.lab,30,D:\20_AUDIO\03_wav\individual\2020\SDRW2000001172\SDRW2000001172.1.1.336.wav,True
2020,SDRW2000001172,SDRW2000001172.1.1.339,no_textgrid_after_beam10_retry40,D:\20_AUDIO\03_wav\individual\2020\SDRW2000001172\SDRW2000001172.1.1.339.lab,44,D:\20_AUDIO\03_wav\individual\2020\SDRW2000001172\SDRW2000001172.1.1.339.wav,True
2020,SDRW2000001172,SDRW2000001172.1.1.342,no_textgrid_after_beam10_retry40,D:\20_AUDIO\03_wav\individual\2020\SDRW2000001172\SDRW2000001172.1.1.342.lab,47,D:\20_AUDIO\03_wav\individual\2020\SDRW2000001172\SDRW2000001172.1.1.342.wav,True
2020,SDRW2000001172,SDRW2000001172.1.1.343,no_textgrid_after_beam10_retry40,D:\20_AUDIO\03_wav\individual\2020\SDRW2000001172\SDRW2000001172.1.1.343.lab,75,D:\20_AUDIO\03_wav\individual\2020\SDRW2000001172\SDRW2000001172.1.1.343.wav,True
2020,SDRW2000001172,SDRW2000001172.1.1.353,no_textgrid_after_beam10_retry40,D:\20_AUDIO\03_wav\individual\2020\SDRW2000001172\SDRW2000001172.1.1.353.lab,28,D:\20_AUDIO\03_wav\individual\2020\SDRW2000001172\SDRW2000001172.1.1.353.wav,True
2020,SDRW2000001172,SDRW2000001172.1.1.355,no_textgrid_after_beam10_retry40,D:\20_AUDIO\03_wav\individual\2020\SDRW2000001172\SDRW2000001172.1.1.355.lab,87,D:\20_AUDIO\03_wav\individual\2020\SDRW2000001172\SDRW2000001172.1.1.355.wav,True
2020,SDRW2000001172,SDRW2000001172.1.1.358,no_textgrid_after_beam10_retry40,D:\20_AUDIO\03_wav\individual\2020\SDRW2000001172\SDRW2000001172.1.1.358.lab,49,D:\20_AUDIO\03_wav\individual\2020\SDRW2000001172\SDRW2000001172.1.1.358.wav,True
2020,SDRW2000001172,SDRW2000001172.1.1.360,no_textgrid_after_beam10_retry40,D:\20_AUDIO\03_wav\individual\2020\SDRW2000001172\SDRW2000001172.1.1.360.lab,56,D:\20_AUDIO\03_wav\individual\2020\SDRW2000001172\SDRW2000001172.1.1.360.wav,True
2020,SDRW2000001172,SDRW2000001172.1.1.367,no_textgrid_after_beam10_retry40,D:\20_AUDIO\03_wav\individual\2020\SDRW2000001172\SDRW2000001172.1.1.367.lab,40,D:\20_AUDIO\03_wav\individual\2020\SDRW2000001172\SDRW2000001172.1.1.367.wav,True
2020,SDRW2000001172,SDRW2000001172.1.1.372,no_textgrid_after_beam10_retry40,D:\20_AUDIO\03_wav\individual\2020\SDRW2000001172\SDRW2000001172.1.1.372.lab,61,D:\20_AUDIO\03_wav\individual\2020\SDRW2000001172\SDRW2000001172.1.1.372.wav,True
2020,SDRW2000001172,SDRW2000001172.1.1.378,no_textgrid_after_beam10_retry40,D:\20_AUDIO\03_wav\individual\2020\SDRW2000001172\SDRW2000001172.1.1.378.lab,108,D:\20_AUDIO\03_wav\individual\2020\SDRW2000001172\SDRW2000001172.1.1.378.wav,True
2020,SDRW2000001172,SDRW2000001172.1.1.380,no_textgrid_after_beam10_retry40,D:\20_AUDIO\03_wav\individual\2020\SDRW2000001172\SDRW2000001172.1.1.380.lab,34,D:\20_AUDIO\03_wav\individual\2020\SDRW2000001172\SDRW2000001172.1.1.380.wav,True
2020,SDRW2000001172,SDRW2000001172.1.1.381,no_textgrid_after_beam10_retry40,D:\20_AUDIO\03_wav\individual\2020\SDRW2000001172\SDRW2000001172.1.1.381.lab,66,D:\20_AUDIO\03_wav\individual\2020\SDRW2000001172\SDRW2000001172.1.1.381.wav,True
2020,SDRW2000001172,SDRW2000001172.1.1.383,no_textgrid_after_beam10_retry40,D:\20_AUDIO\03_wav\individual\2020\SDRW2000001172\SDRW2000001172.1.1.383.lab,29,D:\20_AUDIO\03_wav\individual\2020\SDRW2000001172\SDRW2000001172.1.1.383.wav,True
2020,SDRW2000001172,SDRW2000001172.1.1.387,no_textgrid_after_beam10_retry40,D:\20_AUDIO\03_wav\individual\2020\SDRW2000001172\SDRW2000001172.1.1.387.lab,60,D:\20_AUDIO\03_wav\individual\2020\SDRW2000001172\SDRW2000001172.1.1.387.wav,True
2020,SDRW2000001172,SDRW2000001172.1.1.39,no_textgrid_after_beam10_retry40,D:\20_AUDIO\03_wav\individual\2020\SDRW2000001172\SDRW2000001172.1.1.39.lab,40,D:\20_AUDIO\03_wav\individual\2020\SDRW2000001172\SDRW2000001172.1.1.39.wav,True
2020,SDRW2000001172,SDRW2000001172.1.1.394,no_textgrid_after_beam10_retry40,D:\20_AUDIO\03_wav\individual\2020\SDRW2000001172\SDRW2000001172.1.1.394.lab,27,D:\20_AUDIO\03_wav\individual\2020\SDRW2000001172\SDRW2000001172.1.1.394.wav,True
2020,SDRW2000001172,SDRW2000001172.1.1.395,no_textgrid_after_beam10_retry40,D:\20_AUDIO\03_wav\individual\2020\SDRW2000001172\SDRW2000001172.1.1.395.lab,46,D:\20_AUDIO\03_wav\individual\2020\SDRW2000001172\SDRW2000001172.1.1.395.wav,True
2020,SDRW2000001172,SDRW2000001172.1.1.399,no_textgrid_after_beam10_retry40,D:\20_AUDIO\03_wav\individual\2020\SDRW2000001172\SDRW2000001172.1.1.399.lab,38,D:\20_AUDIO\03_wav\individual\2020\SDRW2000001172\SDRW2000001172.1.1.399.wav,True
2020,SDRW2000001172,SDRW2000001172.1.1.401,no_textgrid_after_beam10_retry40,D:\20_AUDIO\03_wav\individual\2020\SDRW2000001172\SDRW2000001172.1.1.401.lab,67,D:\20_AUDIO\03_wav\individual\2020\SDRW2000001172\SDRW2000001172.1.1.401.wav,True
2020,SDRW2000001172,SDRW2000001172.1.1.406,no_textgrid_after_beam10_retry40,D:\20_AUDIO\03_wav\individual\2020\SDRW2000001172\SDRW2000001172.1.1.406.lab,57,D:\20_AUDIO\03_wav\individual\2020\SDRW2000001172\SDRW2000001172.1.1.406.wav,True
2020,SDRW2000001172,SDRW2000001172.1.1.408,no_textgrid_after_beam10_retry40,D:\20_AUDIO\03_wav\individual\2020\SDRW2000001172\SDRW2000001172.1.1.408.lab,40,D:\20_AUDIO\03_wav\individual\2020\SDRW2000001172\SDRW2000001172.1.1.408.wav,True
2020,SDRW2000001172,SDRW2000001172.1.1.41,no_textgrid_after_beam10_retry40,D:\20_AUDIO\03_wav\individual\2020\SDRW2000001172\SDRW2000001172.1.1.41.lab,66,D:\20_AUDIO\03_wav\individual\2020\SDRW2000001172\SDRW2000001172.1.1.41.wav,True
2020,SDRW2000001172,SDRW2000001172.1.1.410,no_textgrid_after_beam10_retry40,D:\20_AUDIO\03_wav\individual\2020\SDRW2000001172\SDRW2000001172.1.1.410.lab,37,D:\20_AUDIO\03_wav\individual\2020\SDRW2000001172\SDRW2000001172.1.1.410.wav,True
2020,SDRW2000001172,SDRW2000001172.1.1.48,no_textgrid_after_beam10_retry40,D:\20_AUDIO\03_wav\individual\2020\SDRW2000001172\SDRW2000001172.1.1.48.lab,61,D:\20_AUDIO\03_wav\individual\2020\SDRW2000001172\SDRW2000001172.1.1.48.wav,True
2020,SDRW2000001172,SDRW2000001172.1.1.51,no_textgrid_after_beam10_retry40,D:\20_AUDIO\03_wav\individual\2020\SDRW2000001172\SDRW2000001172.1.1.51.lab,68,D:\20_AUDIO\03_wav\individual\2020\SDRW2000001172\SDRW2000001172.1.1.51.wav,True
2020,SDRW2000001172,SDRW2000001172.1.1.52,no_textgrid_after_beam10_retry40,D:\20_AUDIO\03_wav\individual\2020\SDRW2000001172\SDRW2000001172.1.1.52.lab,107,D:\20_AUDIO\03_wav\individual\2020\SDRW2000001172\SDRW2000001172.1.1.52.wav,True
2020,SDRW2000001172,SDRW2000001172.1.1.55,no_textgrid_after_beam10_retry40,D:\20_AUDIO\03_wav\individual\2020\SDRW2000001172\SDRW2000001172.1.1.55.lab,38,D:\20_AUDIO\03_wav\individual\2020\SDRW2000001172\SDRW2000001172.1.1.55.wav,True
2020,SDRW2000001172,SDRW2000001172.1.1.64,no_textgrid_after_beam10_retry40,D:\20_AUDIO\03_wav\individual\2020\SDRW2000001172\SDRW2000001172.1.1.64.lab,83,D:\20_AUDIO\03_wav\individual\2020\SDRW2000001172\SDRW2000001172.1.1.64.wav,True
2020,SDRW2000001172,SDRW2000001172.1.1.65,no_textgrid_after_beam10_retry40,D:\20_AUDIO\03_wav\individual\2020\SDRW2000001172\SDRW2000001172.1.1.65.lab,64,D:\20_AUDIO\03_wav\individual\2020\SDRW2000001172\SDRW2000001172.1.1.65.wav,True
2020,SDRW2000001172,SDRW2000001172.1.1.68,no_textgrid_after_beam10_retry40,D:\20_AUDIO\03_wav\individual\2020\SDRW2000001172\SDRW2000001172.1.1.68.lab,67,D:\20_AUDIO\03_wav\individual\2020\SDRW2000001172\SDRW2000001172.1.1.68.wav,True
2020,SDRW2000001172,SDRW2000001172.1.1.78,no_textgrid_after_beam10_retry40,D:\20_AUDIO\03_wav\individual\2020\SDRW2000001172\SDRW2000001172.1.1.78.lab,86,D:\20_AUDIO\03_wav\individual\2020\SDRW2000001172\SDRW2000001172.1.1.78.wav,True
2020,SDRW2000001172,SDRW2000001172.1.1.8,no_textgrid_after_beam10_retry40,D:\20_AUDIO\03_wav\individual\2020\SDRW2000001172\SDRW2000001172.1.1.8.lab,80,D:\20_AUDIO\03_wav\individual\2020\SDRW2000001172\SDRW2000001172.1.1.8.wav,True
2020,SDRW2000001172,SDRW2000001172.1.1.81,no_textgrid_after_beam10_retry40,D:\20_AUDIO\03_wav\individual\2020\SDRW2000001172\SDRW2000001172.1.1.81.lab,75,D:\20_AUDIO\03_wav\individual\2020\SDRW2000001172\SDRW2000001172.1.1.81.wav,True
2020,SDRW2000001172,SDRW2000001172.1.1.82,no_textgrid_after_beam10_retry40,D:\20_AUDIO\03_wav\individual\2020\SDRW2000001172\SDRW2000001172.1.1.82.lab,40,D:\20_AUDIO\03_wav\individual\2020\SDRW2000001172\SDRW2000001172.1.1.82.wav,True
2020,SDRW2000001172,SDRW2000001172.1.1.85,no_textgrid_after_beam10_retry40,D:\20_AUDIO\03_wav\individual\2020\SDRW2000001172\SDRW2000001172.1.1.85.lab,39,D:\20_AUDIO\03_wav\individual\2020\SDRW2000001172\SDRW2000001172.1.1.85.wav,True
2020,SDRW2000001172,SDRW2000001172.1.1.86,no_textgrid_after_beam10_retry40,D:\20_AUDIO\03_wav\individual\2020\SDRW2000001172\SDRW2000001172.1.1.86.lab,43,D:\20_AUDIO\03_wav\individual\2020\SDRW2000001172\SDRW2000001172.1.1.86.wav,True
2020,SDRW2000001172,SDRW2000001172.1.1.88,no_textgrid_after_beam10_retry40,D:\20_AUDIO\03_wav\individual\2020\SDRW2000001172\SDRW2000001172.1.1.88.lab,44,D:\20_AUDIO\03_wav\individual\2020\SDRW2000001172\SDRW2000001172.1.1.88.wav,True
2020,SDRW2000001172,SDRW2000001172.1.1.95,no_textgrid_after_beam10_retry40,D:\20_AUDIO\03_wav\individual\2020\SDRW2000001172\SDRW2000001172.1.1.95.lab,47,D:\20_AUDIO\03_wav\individual\2020\SDRW2000001172\SDRW2000001172.1.1.95.wav,True
2020,SDRW2000001177,SDRW2000001177.1.1.105,no_textgrid_after_beam10_retry40,D:\20_AUDIO\03_wav\individual\2020\SDRW2000001177\SDRW2000001177.1.1.105.lab,44,D:\20_AUDIO\03_wav\individual\2020\SDRW2000001177\SDRW2000001177.1.1.105.wav,True
2020,SDRW2000001177,SDRW2000001177.1.1.107,no_textgrid_after_beam10_retry40,D:\20_AUDIO\03_wav\individual\2020\SDRW2000001177\SDRW2000001177.1.1.107.lab,53,D:\20_AUDIO\03_wav\individual\2020\SDRW2000001177\SDRW2000001177.1.1.107.wav,True
2020,SDRW2000001177,SDRW2000001177.1.1.108,no_textgrid_after_beam10_retry40,D:\20_AUDIO\03_wav\individual\2020\SDRW2000001177\SDRW2000001177.1.1.108.lab,56,D:\20_AUDIO\03_wav\individual\2020\SDRW2000001177\SDRW2000001177.1.1.108.wav,True
2020,SDRW2000001177,SDRW2000001177.1.1.117,no_textgrid_after_beam10_retry40,D:\20_AUDIO\03_wav\individual\2020\SDRW2000001177\SDRW2000001177.1.1.117.lab,102,D:\20_AUDIO\03_wav\individual\2020\SDRW2000001177\SDRW2000001177.1.1.117.wav,True
2020,SDRW2000001177,SDRW2000001177.1.1.123,no_textgrid_after_beam10_retry40,D:\20_AUDIO\03_wav\individual\2020\SDRW2000001177\SDRW2000001177.1.1.123.lab,51,D:\20_AUDIO\03_wav\individual\2020\SDRW2000001177\SDRW2000001177.1.1.123.wav,True
2020,SDRW2000001177,SDRW2000001177.1.1.125,no_textgrid_after_beam10_retry40,D:\20_AUDIO\03_wav\individual\2020\SDRW2000001177\SDRW2000001177.1.1.125.lab,66,D:\20_AUDIO\03_wav\individual\2020\SDRW2000001177\SDRW2000001177.1.1.125.wav,True
2020,SDRW2000001177,SDRW2000001177.1.1.135,no_textgrid_after_beam10_retry40,D:\20_AUDIO\03_wav\individual\2020\SDRW2000001177\SDRW2000001177.1.1.135.lab,59,D:\20_AUDIO\03_wav\individual\2020\SDRW2000001177\SDRW2000001177.1.1.135.wav,True
2020,SDRW2000001177,SDRW2000001177.1.1.141,no_textgrid_after_beam10_retry40,D:\20_AUDIO\03_wav\individual\2020\SDRW2000001177\SDRW2000001177.1.1.141.lab,105,D:\20_AUDIO\03_wav\individual\2020\SDRW2000001177\SDRW2000001177.1.1.141.wav,True
2020,SDRW2000001177,SDRW2000001177.1.1.157,no_textgrid_after_beam10_retry40,D:\20_AUDIO\03_wav\individual\2020\SDRW2000001177\SDRW2000001177.1.1.157.lab,44,D:\20_AUDIO\03_wav\individual\2020\SDRW2000001177\SDRW2000001177.1.1.157.wav,True
2020,SDRW2000001177,SDRW2000001177.1.1.159,no_textgrid_after_beam10_retry40,D:\20_AUDIO\03_wav\individual\2020\SDRW2000001177\SDRW2000001177.1.1.159.lab,64,D:\20_AUDIO\03_wav\individual\2020\SDRW2000001177\SDRW2000001177.1.1.159.wav,True
2020,SDRW2000001177,SDRW2000001177.1.1.160,no_textgrid_after_beam10_retry40,D:\20_AUDIO\03_wav\individual\2020\SDRW2000001177\SDRW2000001177.1.1.160.lab,66,D:\20_AUDIO\03_wav\individual\2020\SDRW2000001177\SDRW2000001177.1.1.160.wav,True
2020,SDRW2000001177,SDRW2000001177.1.1.166,no_textgrid_after_beam10_retry40,D:\20_AUDIO\03_wav\individual\2020\SDRW2000001177\SDRW2000001177.1.1.166.lab,70,D:\20_AUDIO\03_wav\individual\2020\SDRW2000001177\SDRW2000001177.1.1.166.wav,True
2020,SDRW2000001177,SDRW2000001177.1.1.167,no_textgrid_after_beam10_retry40,D:\20_AUDIO\03_wav\individual\2020\SDRW2000001177\SDRW2000001177.1.1.167.lab,46,D:\20_AUDIO\03_wav\individual\2020\SDRW2000001177\SDRW2000001177.1.1.167.wav,True
2020,SDRW2000001177,SDRW2000001177.1.1.169,no_textgrid_after_beam10_retry40,D:\20_AUDIO\03_wav\individual\2020\SDRW2000001177\SDRW2000001177.1.1.169.lab,51,D:\20_AUDIO\03_wav\individual\2020\SDRW2000001177\SDRW2000001177.1.1.169.wav,True
2020,SDRW2000001177,SDRW2000001177.1.1.173,no_textgrid_after_beam10_retry40,D:\20_AUDIO\03_wav\individual\2020\SDRW2000001177\SDRW2000001177.1.1.173.lab,43,D:\20_AUDIO\03_wav\individual\2020\SDRW2000001177\SDRW2000001177.1.1.173.wav,True
2020,SDRW2000001177,SDRW2000001177.1.1.175,no_textgrid_after_beam10_retry40,D:\20_AUDIO\03_wav\individual\2020\SDRW2000001177\SDRW2000001177.1.1.175.lab,41,D:\20_AUDIO\03_wav\individual\2020\SDRW2000001177\SDRW2000001177.1.1.175.wav,True
2020,SDRW2000001177,SDRW2000001177.1.1.186,no_textgrid_after_beam10_retry40,D:\20_AUDIO\03_wav\individual\2020\SDRW2000001177\SDRW2000001177.1.1.186.lab,19,D:\20_AUDIO\03_wav\individual\2020\SDRW2000001177\SDRW2000001177.1.1.186.wav,True
2020,SDRW2000001177,SDRW2000001177.1.1.187,no_textgrid_after_beam10_retry40,D:\20_AUDIO\03_wav\individual\2020\SDRW2000001177\SDRW2000001177.1.1.187.lab,69,D:\20_AUDIO\03_wav\individual\2020\SDRW2000001177\SDRW2000001177.1.1.187.wav,True
2020,SDRW2000001177,SDRW2000001177.1.1.191,no_textgrid_after_beam10_retry40,D:\20_AUDIO\03_wav\individual\2020\SDRW2000001177\SDRW2000001177.1.1.191.lab,69,D:\20_AUDIO\03_wav\individual\2020\SDRW2000001177\SDRW2000001177.1.1.191.wav,True
2020,SDRW2000001177,SDRW2000001177.1.1.194,no_textgrid_after_beam10_retry40,D:\20_AUDIO\03_wav\individual\2020\SDRW2000001177\SDRW2000001177.1.1.194.lab,69,D:\20_AUDIO\03_wav\individual\2020\SDRW2000001177\SDRW2000001177.1.1.194.wav,True
2020,SDRW2000001177,SDRW2000001177.1.1.220,no_textgrid_after_beam10_retry40,D:\20_AUDIO\03_wav\individual\2020\SDRW2000001177\SDRW2000001177.1.1.220.lab,76,D:\20_AUDIO\03_wav\individual\2020\SDRW2000001177\SDRW2000001177.1.1.220.wav,True
2020,SDRW2000001177,SDRW2000001177.1.1.221,no_textgrid_after_beam10_retry40,D:\20_AUDIO\03_wav\individual\2020\SDRW2000001177\SDRW2000001177.1.1.221.lab,78,D:\20_AUDIO\03_wav\individual\2020\SDRW2000001177\SDRW2000001177.1.1.221.wav,True
2020,SDRW2000001177,SDRW2000001177.1.1.222,no_textgrid_after_beam10_retry40,D:\20_AUDIO\03_wav\individual\2020\SDRW2000001177\SDRW2000001177.1.1.222.lab,50,D:\20_AUDIO\03_wav\individual\2020\SDRW2000001177\SDRW2000001177.1.1.222.wav,True
2020,SDRW2000001177,SDRW2000001177.1.1.226,no_textgrid_after_beam10_retry40,D:\20_AUDIO\03_wav\individual\2020\SDRW2000001177\SDRW2000001177.1.1.226.lab,72,D:\20_AUDIO\03_wav\individual\2020\SDRW2000001177\SDRW2000001177.1.1.226.wav,True
2020,SDRW2000001177,SDRW2000001177.1.1.242,no_textgrid_after_beam10_retry40,D:\20_AUDIO\03_wav\individual\2020\SDRW2000001177\SDRW2000001177.1.1.242.lab,64,D:\20_AUDIO\03_wav\individual\2020\SDRW2000001177\SDRW2000001177.1.1.242.wav,True
2020,SDRW2000001177,SDRW2000001177.1.1.248,no_textgrid_after_beam10_retry40,D:\20_AUDIO\03_wav\individual\2020\SDRW2000001177\SDRW2000001177.1.1.248.lab,112,D:\20_AUDIO\03_wav\individual\2020\SDRW2000001177\SDRW2000001177.1.1.248.wav,True
2020,SDRW2000001177,SDRW2000001177.1.1.253,no_textgrid_after_beam10_retry40,D:\20_AUDIO\03_wav\individual\2020\SDRW2000001177\SDRW2000001177.1.1.253.lab,74,D:\20_AUDIO\03_wav\individual\2020\SDRW2000001177\SDRW2000001177.1.1.253.wav,True
2020,SDRW2000001177,SDRW2000001177.1.1.255,no_textgrid_after_beam10_retry40,D:\20_AUDIO\03_wav\individual\2020\SDRW2000001177\SDRW2000001177.1.1.255.lab,79,D:\20_AUDIO\03_wav\individual\2020\SDRW2000001177\SDRW2000001177.1.1.255.wav,True
2020,SDRW2000001177,SDRW2000001177.1.1.26,no_textgrid_after_beam10_retry40,D:\20_AUDIO\03_wav\individual\2020\SDRW2000001177\SDRW2000001177.1.1.26.lab,33,D:\20_AUDIO\03_wav\individual\2020\SDRW2000001177\SDRW2000001177.1.1.26.wav,True
2020,SDRW2000001177,SDRW2000001177.1.1.31,no_textgrid_after_beam10_retry40,D:\20_AUDIO\03_wav\individual\2020\SDRW2000001177\SDRW2000001177.1.1.31.lab,33,D:\20_AUDIO\03_wav\individual\2020\SDRW2000001177\SDRW2000001177.1.1.31.wav,True
2020,SDRW2000001177,SDRW2000001177.1.1.52,no_textgrid_after_beam10_retry40,D:\20_AUDIO\03_wav\individual\2020\SDRW2000001177\SDRW2000001177.1.1.52.lab,63,D:\20_AUDIO\03_wav\individual\2020\SDRW2000001177\SDRW2000001177.1.1.52.wav,True
2020,SDRW2000001177,SDRW2000001177.1.1.66,no_textgrid_after_beam10_retry40,D:\20_AUDIO\03_wav\individual\2020\SDRW2000001177\SDRW2000001177.1.1.66.lab,40,D:\20_AUDIO\03_wav\individual\2020\SDRW2000001177\SDRW2000001177.1.1.66.wav,True
2020,SDRW2000001177,SDRW2000001177.1.1.70,no_textgrid_after_beam10_retry40,D:\20_AUDIO\03_wav\individual\2020\SDRW2000001177\SDRW2000001177.1.1.70.lab,101,D:\20_AUDIO\03_wav\individual\2020\SDRW2000001177\SDRW2000001177.1.1.70.wav,True
2020,SDRW2000001177,SDRW2000001177.1.1.73,no_textgrid_after_beam10_retry40,D:\20_AUDIO\03_wav\individual\2020\SDRW2000001177\SDRW2000001177.1.1.73.lab,29,D:\20_AUDIO\03_wav\individual\2020\SDRW2000001177\SDRW2000001177.1.1.73.wav,True
2020,SDRW2000001177,SDRW2000001177.1.1.84,no_textgrid_after_beam10_retry40,D:\20_AUDIO\03_wav\individual\2020\SDRW2000001177\SDRW2000001177.1.1.84.lab,50,D:\20_AUDIO\03_wav\individual\2020\SDRW2000001177\SDRW2000001177.1.1.84.wav,True
2020,SDRW2000001177,SDRW2000001177.1.1.85,no_textgrid_after_beam10_retry40,D:\20_AUDIO\03_wav\individual\2020\SDRW2000001177\SDRW2000001177.1.1.85.lab,38,D:\20_AUDIO\03_wav\individual\2020\SDRW2000001177\SDRW2000001177.1.1.85.wav,True
2020,SDRW2000001177,SDRW2000001177.1.1.92,no_textgrid_after_beam10_retry40,D:\20_AUDIO\03_wav\individual\2020\SDRW2000001177\SDRW2000001177.1.1.92.lab,57,D:\20_AUDIO\03_wav\individual\2020\SDRW2000001177\SDRW2000001177.1.1.92.wav,True
2020,SDRW2000001178,SDRW2000001178.1.1.111,no_textgrid_after_beam10_retry40,D:\20_AUDIO\03_wav\individual\2020\SDRW2000001178\SDRW2000001178.1.1.111.lab,53,D:\20_AUDIO\03_wav\individual\2020\SDRW2000001178\SDRW2000001178.1.1.111.wav,True
2020,SDRW2000001178,SDRW2000001178.1.1.117,no_textgrid_after_beam10_retry40,D:\20_AUDIO\03_wav\individual\2020\SDRW2000001178\SDRW2000001178.1.1.117.lab,49,D:\20_AUDIO\03_wav\individual\2020\SDRW2000001178\SDRW2000001178.1.1.117.wav,True
2020,SDRW2000001178,SDRW2000001178.1.1.118,no_textgrid_after_beam10_retry40,D:\20_AUDIO\03_wav\individual\2020\SDRW2000001178\SDRW2000001178.1.1.118.lab,61,D:\20_AUDIO\03_wav\individual\2020\SDRW2000001178\SDRW2000001178.1.1.118.wav,True
2020,SDRW2000001178,SDRW2000001178.1.1.122,no_textgrid_after_beam10_retry40,D:\20_AUDIO\03_wav\individual\2020\SDRW2000001178\SDRW2000001178.1.1.122.lab,52,D:\20_AUDIO\03_wav\individual\2020\SDRW2000001178\SDRW2000001178.1.1.122.wav,True
2020,SDRW2000001178,SDRW2000001178.1.1.124,no_textgrid_after_beam10_retry40,D:\20_AUDIO\03_wav\individual\2020\SDRW2000001178\SDRW2000001178.1.1.124.lab,39,D:\20_AUDIO\03_wav\individual\2020\SDRW2000001178\SDRW2000001178.1.1.124.wav,True
2020,SDRW2000001178,SDRW2000001178.1.1.136,no_textgrid_after_beam10_retry40,D:\20_AUDIO\03_wav\individual\2020\SDRW2000001178\SDRW2000001178.1.1.136.lab,76,D:\20_AUDIO\03_wav\individual\2020\SDRW2000001178\SDRW2000001178.1.1.136.wav,True
2020,SDRW2000001178,SDRW2000001178.1.1.142,no_textgrid_after_beam10_retry40,D:\20_AUDIO\03_wav\individual\2020\SDRW2000001178\SDRW2000001178.1.1.142.lab,105,D:\20_AUDIO\03_wav\individual\2020\SDRW2000001178\SDRW2000001178.1.1.142.wav,True
2020,SDRW2000001178,SDRW2000001178.1.1.143,no_textgrid_after_beam10_retry40,D:\20_AUDIO\03_wav\individual\2020\SDRW2000001178\SDRW2000001178.1.1.143.lab,39,D:\20_AUDIO\03_wav\individual\2020\SDRW2000001178\SDRW2000001178.1.1.143.wav,True
2020,SDRW2000001178,SDRW2000001178.1.1.145,no_textgrid_after_beam10_retry40,D:\20_AUDIO\03_wav\individual\2020\SDRW2000001178\SDRW2000001178.1.1.145.lab,77,D:\20_AUDIO\03_wav\individual\2020\SDRW2000001178\SDRW2000001178.1.1.145.wav,True
2020,SDRW2000001178,SDRW2000001178.1.1.146,no_textgrid_after_beam10_retry40,D:\20_AUDIO\03_wav\individual\2020\SDRW2000001178\SDRW2000001178.1.1.146.lab,47,D:\20_AUDIO\03_wav\individual\2020\SDRW2000001178\SDRW2000001178.1.1.146.wav,True
2020,SDRW2000001178,SDRW2000001178.1.1.149,no_textgrid_after_beam10_retry40,D:\20_AUDIO\03_wav\individual\2020\SDRW2000001178\SDRW2000001178.1.1.149.lab,72,D:\20_AUDIO\03_wav\individual\2020\SDRW2000001178\SDRW2000001178.1.1.149.wav,True
2020,SDRW2000001178,SDRW2000001178.1.1.158,no_textgrid_after_beam10_retry40,D:\20_AUDIO\03_wav\individual\2020\SDRW2000001178\SDRW2000001178.1.1.158.lab,52,D:\20_AUDIO\03_wav\individual\2020\SDRW2000001178\SDRW2000001178.1.1.158.wav,True
2020,SDRW2000001178,SDRW2000001178.1.1.161,no_textgrid_after_beam10_retry40,D:\20_AUDIO\03_wav\individual\2020\SDRW2000001178\SDRW2000001178.1.1.161.lab,46,D:\20_AUDIO\03_wav\individual\2020\SDRW2000001178\SDRW2000001178.1.1.161.wav,True
2020,SDRW2000001178,SDRW2000001178.1.1.162,no_textgrid_after_beam10_retry40,D:\20_AUDIO\03_wav\individual\2020\SDRW2000001178\SDRW2000001178.1.1.162.lab,50,D:\20_AUDIO\03_wav\individual\2020\SDRW2000001178\SDRW2000001178.1.1.162.wav,True
2020,SDRW2000001178,SDRW2000001178.1.1.176,no_textgrid_after_beam10_retry40,D:\20_AUDIO\03_wav\individual\2020\SDRW2000001178\SDRW2000001178.1.1.176.lab,39,D:\20_AUDIO\03_wav\individual\2020\SDRW2000001178\SDRW2000001178.1.1.176.wav,True
2020,SDRW2000001178,SDRW2000001178.1.1.18,no_textgrid_after_beam10_retry40,D:\20_AUDIO\03_wav\individual\2020\SDRW2000001178\SDRW2000001178.1.1.18.lab,47,D:\20_AUDIO\03_wav\individual\2020\SDRW2000001178\SDRW2000001178.1.1.18.wav,True
2020,SDRW2000001178,SDRW2000001178.1.1.185,no_textgrid_after_beam10_retry40,D:\20_AUDIO\03_wav\individual\2020\SDRW2000001178\SDRW2000001178.1.1.185.lab,68,D:\20_AUDIO\03_wav\individual\2020\SDRW2000001178\SDRW2000001178.1.1.185.wav,True
2020,SDRW2000001178,SDRW2000001178.1.1.188,no_textgrid_after_beam10_retry40,D:\20_AUDIO\03_wav\individual\2020\SDRW2000001178\SDRW2000001178.1.1.188.lab,78,D:\20_AUDIO\03_wav\individual\2020\SDRW2000001178\SDRW2000001178.1.1.188.wav,True
2020,SDRW2000001178,SDRW2000001178.1.1.197,no_textgrid_after_beam10_retry40,D:\20_AUDIO\03_wav\individual\2020\SDRW2000001178\SDRW2000001178.1.1.197.lab,84,D:\20_AUDIO\03_wav\individual\2020\SDRW2000001178\SDRW2000001178.1.1.197.wav,True
2020,SDRW2000001178,SDRW2000001178.1.1.199,no_textgrid_after_beam10_retry40,D:\20_AUDIO\03_wav\individual\2020\SDRW2000001178\SDRW2000001178.1.1.199.lab,38,D:\20_AUDIO\03_wav\individual\2020\SDRW2000001178\SDRW2000001178.1.1.199.wav,True
2020,SDRW2000001178,SDRW2000001178.1.1.20,no_textgrid_after_beam10_retry40,D:\20_AUDIO\03_wav\individual\2020\SDRW2000001178\SDRW2000001178.1.1.20.lab,40,D:\20_AUDIO\03_wav\individual\2020\SDRW2000001178\SDRW2000001178.1.1.20.wav,True
2020,SDRW2000001178,SDRW2000001178.1.1.202,no_textgrid_after_beam10_retry40,D:\20_AUDIO\03_wav\individual\2020\SDRW2000001178\SDRW2000001178.1.1.202.lab,49,D:\20_AUDIO\03_wav\individual\2020\SDRW2000001178\SDRW2000001178.1.1.202.wav,True
2020,SDRW2000001178,SDRW2000001178.1.1.206,no_textgrid_after_beam10_retry40,D:\20_AUDIO\03_wav\individual\2020\SDRW2000001178\SDRW2000001178.1.1.206.lab,55,D:\20_AUDIO\03_wav\individual\2020\SDRW2000001178\SDRW2000001178.1.1.206.wav,True
2020,SDRW2000001178,SDRW2000001178.1.1.212,no_textgrid_after_beam10_retry40,D:\20_AUDIO\03_wav\individual\2020\SDRW2000001178\SDRW2000001178.1.1.212.lab,38,D:\20_AUDIO\03_wav\individual\2020\SDRW2000001178\SDRW2000001178.1.1.212.wav,True
2020,SDRW2000001178,SDRW2000001178.1.1.213,no_textgrid_after_beam10_retry40,D:\20_AUDIO\03_wav\individual\2020\SDRW2000001178\SDRW2000001178.1.1.213.lab,89,D:\20_AUDIO\03_wav\individual\2020\SDRW2000001178\SDRW2000001178.1.1.213.wav,True
2020,SDRW2000001178,SDRW2000001178.1.1.220,no_textgrid_after_beam10_retry40,D:\20_AUDIO\03_wav\individual\2020\SDRW2000001178\SDRW2000001178.1.1.220.lab,49,D:\20_AUDIO\03_wav\individual\2020\SDRW2000001178\SDRW2000001178.1.1.220.wav,True
2020,SDRW2000001178,SDRW2000001178.1.1.225,no_textgrid_after_beam10_retry40,D:\20_AUDIO\03_wav\individual\2020\SDRW2000001178\SDRW2000001178.1.1.225.lab,66,D:\20_AUDIO\03_wav\individual\2020\SDRW2000001178\SDRW2000001178.1.1.225.wav,True
2020,SDRW2000001178,SDRW2000001178.1.1.227,no_textgrid_after_beam10_retry40,D:\20_AUDIO\03_wav\individual\2020\SDRW2000001178\SDRW2000001178.1.1.227.lab,26,D:\20_AUDIO\03_wav\individual\2020\SDRW2000001178\SDRW2000001178.1.1.227.wav,True
2020,SDRW2000001178,SDRW2000001178.1.1.228,no_textgrid_after_beam10_retry40,D:\20_AUDIO\03_wav\individual\2020\SDRW2000001178\SDRW2000001178.1.1.228.lab,53,D:\20_AUDIO\03_wav\individual\2020\SDRW2000001178\SDRW2000001178.1.1.228.wav,True
2020,SDRW2000001178,SDRW2000001178.1.1.229,no_textgrid_after_beam10_retry40,D:\20_AUDIO\03_wav\individual\2020\SDRW2000001178\SDRW2000001178.1.1.229.lab,56,D:\20_AUDIO\03_wav\individual\2020\SDRW2000001178\SDRW2000001178.1.1.229.wav,True
2020,SDRW2000001178,SDRW2000001178.1.1.230,no_textgrid_after_beam10_retry40,D:\20_AUDIO\03_wav\individual\2020\SDRW2000001178\SDRW2000001178.1.1.230.lab,53,D:\20_AUDIO\03_wav\individual\2020\SDRW2000001178\SDRW2000001178.1.1.230.wav,True
2020,SDRW2000001178,SDRW2000001178.1.1.239,no_textgrid_after_beam10_retry40,D:\20_AUDIO\03_wav\individual\2020\SDRW2000001178\SDRW2000001178.1.1.239.lab,36,D:\20_AUDIO\03_wav\individual\2020\SDRW2000001178\SDRW2000001178.1.1.239.wav,True
2020,SDRW2000001178,SDRW2000001178.1.1.24,no_textgrid_after_beam10_retry40,D:\20_AUDIO\03_wav\individual\2020\SDRW2000001178\SDRW2000001178.1.1.24.lab,84,D:\20_AUDIO\03_wav\individual\2020\SDRW2000001178\SDRW2000001178.1.1.24.wav,True
2020,SDRW2000001178,SDRW2000001178.1.1.240,no_textgrid_after_beam10_retry40,D:\20_AUDIO\03_wav\individual\2020\SDRW2000001178\SDRW2000001178.1.1.240.lab,60,D:\20_AUDIO\03_wav\individual\2020\SDRW2000001178\SDRW2000001178.1.1.240.wav,True
2020,SDRW2000001178,SDRW2000001178.1.1.246,no_textgrid_after_beam10_retry40,D:\20_AUDIO\03_wav\individual\2020\SDRW2000001178\SDRW2000001178.1.1.246.lab,60,D:\20_AUDIO\03_wav\individual\2020\SDRW2000001178\SDRW2000001178.1.1.246.wav,True
2020,SDRW2000001178,SDRW2000001178.1.1.247,no_textgrid_after_beam10_retry40,D:\20_AUDIO\03_wav\individual\2020\SDRW2000001178\SDRW2000001178.1.1.247.lab,42,D:\20_AUDIO\03_wav\individual\2020\SDRW2000001178\SDRW2000001178.1.1.247.wav,True
2020,SDRW2000001178,SDRW2000001178.1.1.254,no_textgrid_after_beam10_retry40,D:\20_AUDIO\03_wav\individual\2020\SDRW2000001178\SDRW2000001178.1.1.254.lab,61,D:\20_AUDIO\03_wav\individual\2020\SDRW2000001178\SDRW2000001178.1.1.254.wav,True
2020,SDRW2000001178,SDRW2000001178.1.1.255,no_textgrid_after_beam10_retry40,D:\20_AUDIO\03_wav\individual\2020\SDRW2000001178\SDRW2000001178.1.1.255.lab,52,D:\20_AUDIO\03_wav\individual\2020\SDRW2000001178\SDRW2000001178.1.1.255.wav,True
2020,SDRW2000001178,SDRW2000001178.1.1.257,no_textgrid_after_beam10_retry40,D:\20_AUDIO\03_wav\individual\2020\SDRW2000001178\SDRW2000001178.1.1.257.lab,33,D:\20_AUDIO\03_wav\individual\2020\SDRW2000001178\SDRW2000001178.1.1.257.wav,True
2020,SDRW2000001178,SDRW2000001178.1.1.258,no_textgrid_after_beam10_retry40,D:\20_AUDIO\03_wav\individual\2020\SDRW2000001178\SDRW2000001178.1.1.258.lab,72,D:\20_AUDIO\03_wav\individual\2020\SDRW2000001178\SDRW2000001178.1.1.258.wav,True
2020,SDRW2000001178,SDRW2000001178.1.1.30,no_textgrid_after_beam10_retry40,D:\20_AUDIO\03_wav\individual\2020\SDRW2000001178\SDRW2000001178.1.1.30.lab,43,D:\20_AUDIO\03_wav\individual\2020\SDRW2000001178\SDRW2000001178.1.1.30.wav,True
2020,SDRW2000001178,SDRW2000001178.1.1.33,no_textgrid_after_beam10_retry40,D:\20_AUDIO\03_wav\individual\2020\SDRW2000001178\SDRW2000001178.1.1.33.lab,36,D:\20_AUDIO\03_wav\individual\2020\SDRW2000001178\SDRW2000001178.1.1.33.wav,True
2020,SDRW2000001178,SDRW2000001178.1.1.44,no_textgrid_after_beam10_retry40,D:\20_AUDIO\03_wav\individual\2020\SDRW2000001178\SDRW2000001178.1.1.44.lab,53,D:\20_AUDIO\03_wav\individual\2020\SDRW2000001178\SDRW2000001178.1.1.44.wav,True
2020,SDRW2000001178,SDRW2000001178.1.1.47,no_textgrid_after_beam10_retry40,D:\20_AUDIO\03_wav\individual\2020\SDRW2000001178\SDRW2000001178.1.1.47.lab,47,D:\20_AUDIO\03_wav\individual\2020\SDRW2000001178\SDRW2000001178.1.1.47.wav,True
2020,SDRW2000001178,SDRW2000001178.1.1.55,no_textgrid_after_beam10_retry40,D:\20_AUDIO\03_wav\individual\2020\SDRW2000001178\SDRW2000001178.1.1.55.lab,44,D:\20_AUDIO\03_wav\individual\2020\SDRW2000001178\SDRW2000001178.1.1.55.wav,True
2020,SDRW2000001178,SDRW2000001178.1.1.60,no_textgrid_after_beam10_retry40,D:\20_AUDIO\03_wav\individual\2020\SDRW2000001178\SDRW2000001178.1.1.60.lab,57,D:\20_AUDIO\03_wav\individual\2020\SDRW2000001178\SDRW2000001178.1.1.60.wav,True
2020,SDRW2000001178,SDRW2000001178.1.1.62,no_textgrid_after_beam10_retry40,D:\20_AUDIO\03_wav\individual\2020\SDRW2000001178\SDRW2000001178.1.1.62.lab,66,D:\20_AUDIO\03_wav\individual\2020\SDRW2000001178\SDRW2000001178.1.1.62.wav,True
2020,SDRW2000001178,SDRW2000001178.1.1.68,no_textgrid_after_beam10_retry40,D:\20_AUDIO\03_wav\individual\2020\SDRW2000001178\SDRW2000001178.1.1.68.lab,32,D:\20_AUDIO\03_wav\individual\2020\SDRW2000001178\SDRW2000001178.1.1.68.wav,True
2020,SDRW2000001178,SDRW2000001178.1.1.72,no_textgrid_after_beam10_retry40,D:\20_AUDIO\03_wav\individual\2020\SDRW2000001178\SDRW2000001178.1.1.72.lab,40,D:\20_AUDIO\03_wav\individual\2020\SDRW2000001178\SDRW2000001178.1.1.72.wav,True
2020,SDRW2000001178,SDRW2000001178.1.1.80,no_textgrid_after_beam10_retry40,D:\20_AUDIO\03_wav\individual\2020\SDRW2000001178\SDRW2000001178.1.1.80.lab,59,D:\20_AUDIO\03_wav\individual\2020\SDRW2000001178\SDRW2000001178.1.1.80.wav,True
2020,SDRW2000001178,SDRW2000001178.1.1.85,no_textgrid_after_beam10_retry40,D:\20_AUDIO\03_wav\individual\2020\SDRW2000001178\SDRW2000001178.1.1.85.lab,66,D:\20_AUDIO\03_wav\individual\2020\SDRW2000001178\SDRW2000001178.1.1.85.wav,True
2020,SDRW2000001178,SDRW2000001178.1.1.86,no_textgrid_after_beam10_retry40,D:\20_AUDIO\03_wav\individual\2020\SDRW2000001178\SDRW2000001178.1.1.86.lab,99,D:\20_AUDIO\03_wav\individual\2020\SDRW2000001178\SDRW2000001178.1.1.86.wav,True
2020,SDRW2000001178,SDRW2000001178.1.1.91,no_textgrid_after_beam10_retry40,D:\20_AUDIO\03_wav\individual\2020\SDRW2000001178\SDRW2000001178.1.1.91.lab,29,D:\20_AUDIO\03_wav\individual\2020\SDRW2000001178\SDRW2000001178.1.1.91.wav,True
2020,SDRW2000001178,SDRW2000001178.1.1.92,no_textgrid_after_beam10_retry40,D:\20_AUDIO\03_wav\individual\2020\SDRW2000001178\SDRW2000001178.1.1.92.lab,35,D:\20_AUDIO\03_wav\individual\2020\SDRW2000001178\SDRW2000001178.1.1.92.wav,True
2020,SDRW2000001178,SDRW2000001178.1.1.93,no_textgrid_after_beam10_retry40,D:\20_AUDIO\03_wav\individual\2020\SDRW2000001178\SDRW2000001178.1.1.93.lab,61,D:\20_AUDIO\03_wav\individual\2020\SDRW2000001178\SDRW2000001178.1.1.93.wav,True
2020,SDRW2000001178,SDRW2000001178.1.1.96,no_textgrid_after_beam10_retry40,D:\20_AUDIO\03_wav\individual\2020\SDRW2000001178\SDRW2000001178.1.1.96.lab,39,D:\20_AUDIO\03_wav\individual\2020\SDRW2000001178\SDRW2000001178.1.1.96.wav,True
2020,SDRW2000001178,SDRW2000001178.1.1.99,no_textgrid_after_beam10_retry40,D:\20_AUDIO\03_wav\individual\2020\SDRW2000001178\SDRW2000001178.1.1.99.lab,60,D:\20_AUDIO\03_wav\individual\2020\SDRW2000001178\SDRW2000001178.1.1.99.wav,True
2020,SDRW2000001179,SDRW2000001179.1.1.111,no_textgrid_after_beam10_retry40,D:\20_AUDIO\03_wav\individual\2020\SDRW2000001179\SDRW2000001179.1.1.111.lab,74,D:\20_AUDIO\03_wav\individual\2020\SDRW2000001179\SDRW2000001179.1.1.111.wav,True
2020,SDRW2000001179,SDRW2000001179.1.1.112,no_textgrid_after_beam10_retry40,D:\20_AUDIO\03_wav\individual\2020\SDRW2000001179\SDRW2000001179.1.1.112.lab,43,D:\20_AUDIO\03_wav\individual\2020\SDRW2000001179\SDRW2000001179.1.1.112.wav,True
2020,SDRW2000001179,SDRW2000001179.1.1.122,no_textgrid_after_beam10_retry40,D:\20_AUDIO\03_wav\individual\2020\SDRW2000001179\SDRW2000001179.1.1.122.lab,35,D:\20_AUDIO\03_wav\individual\2020\SDRW2000001179\SDRW2000001179.1.1.122.wav,True
2020,SDRW2000001179,SDRW2000001179.1.1.125,no_textgrid_after_beam10_retry40,D:\20_AUDIO\03_wav\individual\2020\SDRW2000001179\SDRW2000001179.1.1.125.lab,19,D:\20_AUDIO\03_wav\individual\2020\SDRW2000001179\SDRW2000001179.1.1.125.wav,True
2020,SDRW2000001179,SDRW2000001179.1.1.128,no_textgrid_after_beam10_retry40,D:\20_AUDIO\03_wav\individual\2020\SDRW2000001179\SDRW2000001179.1.1.128.lab,89,D:\20_AUDIO\03_wav\individual\2020\SDRW2000001179\SDRW2000001179.1.1.128.wav,True
2020,SDRW2000001179,SDRW2000001179.1.1.132,no_textgrid_after_beam10_retry40,D:\20_AUDIO\03_wav\individual\2020\SDRW2000001179\SDRW2000001179.1.1.132.lab,57,D:\20_AUDIO\03_wav\individual\2020\SDRW2000001179\SDRW2000001179.1.1.132.wav,True
2020,SDRW2000001179,SDRW2000001179.1.1.134,no_textgrid_after_beam10_retry40,D:\20_AUDIO\03_wav\individual\2020\SDRW2000001179\SDRW2000001179.1.1.134.lab,48,D:\20_AUDIO\03_wav\individual\2020\SDRW2000001179\SDRW2000001179.1.1.134.wav,True
2020,SDRW2000001179,SDRW2000001179.1.1.136,no_textgrid_after_beam10_retry40,D:\20_AUDIO\03_wav\individual\2020\SDRW2000001179\SDRW2000001179.1.1.136.lab,52,D:\20_AUDIO\03_wav\individual\2020\SDRW2000001179\SDRW2000001179.1.1.136.wav,True
2020,SDRW2000001179,SDRW2000001179.1.1.138,no_textgrid_after_beam10_retry40,D:\20_AUDIO\03_wav\individual\2020\SDRW2000001179\SDRW2000001179.1.1.138.lab,53,D:\20_AUDIO\03_wav\individual\2020\SDRW2000001179\SDRW2000001179.1.1.138.wav,True
2020,SDRW2000001179,SDRW2000001179.1.1.139,no_textgrid_after_beam10_retry40,D:\20_AUDIO\03_wav\individual\2020\SDRW2000001179\SDRW2000001179.1.1.139.lab,65,D:\20_AUDIO\03_wav\individual\2020\SDRW2000001179\SDRW2000001179.1.1.139.wav,True
2020,SDRW2000001179,SDRW2000001179.1.1.148,no_textgrid_after_beam10_retry40,D:\20_AUDIO\03_wav\individual\2020\SDRW2000001179\SDRW2000001179.1.1.148.lab,72,D:\20_AUDIO\03_wav\individual\2020\SDRW2000001179\SDRW2000001179.1.1.148.wav,True
2020,SDRW2000001179,SDRW2000001179.1.1.152,no_textgrid_after_beam10_retry40,D:\20_AUDIO\03_wav\individual\2020\SDRW2000001179\SDRW2000001179.1.1.152.lab,33,D:\20_AUDIO\03_wav\individual\2020\SDRW2000001179\SDRW2000001179.1.1.152.wav,True
2020,SDRW2000001179,SDRW2000001179.1.1.154,no_textgrid_after_beam10_retry40,D:\20_AUDIO\03_wav\individual\2020\SDRW2000001179\SDRW2000001179.1.1.154.lab,27,D:\20_AUDIO\03_wav\individual\2020\SDRW2000001179\SDRW2000001179.1.1.154.wav,True
2020,SDRW2000001179,SDRW2000001179.1.1.156,no_textgrid_after_beam10_retry40,D:\20_AUDIO\03_wav\individual\2020\SDRW2000001179\SDRW2000001179.1.1.156.lab,51,D:\20_AUDIO\03_wav\individual\2020\SDRW2000001179\SDRW2000001179.1.1.156.wav,True
2020,SDRW2000001179,SDRW2000001179.1.1.158,no_textgrid_after_beam10_retry40,D:\20_AUDIO\03_wav\individual\2020\SDRW2000001179\SDRW2000001179.1.1.158.lab,26,D:\20_AUDIO\03_wav\individual\2020\SDRW2000001179\SDRW2000001179.1.1.158.wav,True
2020,SDRW2000001179,SDRW2000001179.1.1.169,no_textgrid_after_beam10_retry40,D:\20_AUDIO\03_wav\individual\2020\SDRW2000001179\SDRW2000001179.1.1.169.lab,45,D:\20_AUDIO\03_wav\individual\2020\SDRW2000001179\SDRW2000001179.1.1.169.wav,True
2020,SDRW2000001179,SDRW2000001179.1.1.171,no_textgrid_after_beam10_retry40,D:\20_AUDIO\03_wav\individual\2020\SDRW2000001179\SDRW2000001179.1.1.171.lab,37,D:\20_AUDIO\03_wav\individual\2020\SDRW2000001179\SDRW2000001179.1.1.171.wav,True
2020,SDRW2000001179,SDRW2000001179.1.1.172,no_textgrid_after_beam10_retry40,D:\20_AUDIO\03_wav\individual\2020\SDRW2000001179\SDRW2000001179.1.1.172.lab,66,D:\20_AUDIO\03_wav\individual\2020\SDRW2000001179\SDRW2000001179.1.1.172.wav,True
2020,SDRW2000001179,SDRW2000001179.1.1.176,no_textgrid_after_beam10_retry40,D:\20_AUDIO\03_wav\individual\2020\SDRW2000001179\SDRW2000001179.1.1.176.lab,73,D:\20_AUDIO\03_wav\individual\2020\SDRW2000001179\SDRW2000001179.1.1.176.wav,True
2020,SDRW2000001179,SDRW2000001179.1.1.18,no_textgrid_after_beam10_retry40,D:\20_AUDIO\03_wav\individual\2020\SDRW2000001179\SDRW2000001179.1.1.18.lab,55,D:\20_AUDIO\03_wav\individual\2020\SDRW2000001179\SDRW2000001179.1.1.18.wav,True
2020,SDRW2000001179,SDRW2000001179.1.1.186,no_textgrid_after_beam10_retry40,D:\20_AUDIO\03_wav\individual\2020\SDRW2000001179\SDRW2000001179.1.1.186.lab,38,D:\20_AUDIO\03_wav\individual\2020\SDRW2000001179\SDRW2000001179.1.1.186.wav,True
2020,SDRW2000001179,SDRW2000001179.1.1.188,no_textgrid_after_beam10_retry40,D:\20_AUDIO\03_wav\individual\2020\SDRW2000001179\SDRW2000001179.1.1.188.lab,46,D:\20_AUDIO\03_wav\individual\2020\SDRW2000001179\SDRW2000001179.1.1.188.wav,True
2020,SDRW2000001179,SDRW2000001179.1.1.194,no_textgrid_after_beam10_retry40,D:\20_AUDIO\03_wav\individual\2020\SDRW2000001179\SDRW2000001179.1.1.194.lab,43,D:\20_AUDIO\03_wav\individual\2020\SDRW2000001179\SDRW2000001179.1.1.194.wav,True
2020,SDRW2000001179,SDRW2000001179.1.1.203,no_textgrid_after_beam10_retry40,D:\20_AUDIO\03_wav\individual\2020\SDRW2000001179\SDRW2000001179.1.1.203.lab,63,D:\20_AUDIO\03_wav\individual\2020\SDRW2000001179\SDRW2000001179.1.1.203.wav,True
2020,SDRW2000001179,SDRW2000001179.1.1.206,no_textgrid_after_beam10_retry40,D:\20_AUDIO\03_wav\individual\2020\SDRW2000001179\SDRW2000001179.1.1.206.lab,76,D:\20_AUDIO\03_wav\individual\2020\SDRW2000001179\SDRW2000001179.1.1.206.wav,True
2020,SDRW2000001179,SDRW2000001179.1.1.216,no_textgrid_after_beam10_retry40,D:\20_AUDIO\03_wav\individual\2020\SDRW2000001179\SDRW2000001179.1.1.216.lab,53,D:\20_AUDIO\03_wav\individual\2020\SDRW2000001179\SDRW2000001179.1.1.216.wav,True
2020,SDRW2000001179,SDRW2000001179.1.1.221,no_textgrid_after_beam10_retry40,D:\20_AUDIO\03_wav\individual\2020\SDRW2000001179\SDRW2000001179.1.1.221.lab,47,D:\20_AUDIO\03_wav\individual\2020\SDRW2000001179\SDRW2000001179.1.1.221.wav,True
2020,SDRW2000001179,SDRW2000001179.1.1.225,no_textgrid_after_beam10_retry40,D:\20_AUDIO\03_wav\individual\2020\SDRW2000001179\SDRW2000001179.1.1.225.lab,70,D:\20_AUDIO\03_wav\individual\2020\SDRW2000001179\SDRW2000001179.1.1.225.wav,True
2020,SDRW2000001179,SDRW2000001179.1.1.228,no_textgrid_after_beam10_retry40,D:\20_AUDIO\03_wav\individual\2020\SDRW2000001179\SDRW2000001179.1.1.228.lab,30,D:\20_AUDIO\03_wav\individual\2020\SDRW2000001179\SDRW2000001179.1.1.228.wav,True
2020,SDRW2000001179,SDRW2000001179.1.1.233,no_textgrid_after_beam10_retry40,D:\20_AUDIO\03_wav\individual\2020\SDRW2000001179\SDRW2000001179.1.1.233.lab,49,D:\20_AUDIO\03_wav\individual\2020\SDRW2000001179\SDRW2000001179.1.1.233.wav,True
2020,SDRW2000001179,SDRW2000001179.1.1.235,no_textgrid_after_beam10_retry40,D:\20_AUDIO\03_wav\individual\2020\SDRW2000001179\SDRW2000001179.1.1.235.lab,44,D:\20_AUDIO\03_wav\individual\2020\SDRW2000001179\SDRW2000001179.1.1.235.wav,True
2020,SDRW2000001179,SDRW2000001179.1.1.241,no_textgrid_after_beam10_retry40,D:\20_AUDIO\03_wav\individual\2020\SDRW2000001179\SDRW2000001179.1.1.241.lab,19,D:\20_AUDIO\03_wav\individual\2020\SDRW2000001179\SDRW2000001179.1.1.241.wav,True
2020,SDRW2000001179,SDRW2000001179.1.1.259,no_textgrid_after_beam10_retry40,D:\20_AUDIO\03_wav\individual\2020\SDRW2000001179\SDRW2000001179.1.1.259.lab,67,D:\20_AUDIO\03_wav\individual\2020\SDRW2000001179\SDRW2000001179.1.1.259.wav,True
2020,SDRW2000001179,SDRW2000001179.1.1.27,no_textgrid_after_beam10_retry40,D:\20_AUDIO\03_wav\individual\2020\SDRW2000001179\SDRW2000001179.1.1.27.lab,69,D:\20_AUDIO\03_wav\individual\2020\SDRW2000001179\SDRW2000001179.1.1.27.wav,True
2020,SDRW2000001179,SDRW2000001179.1.1.33,no_textgrid_after_beam10_retry40,D:\20_AUDIO\03_wav\individual\2020\SDRW2000001179\SDRW2000001179.1.1.33.lab,63,D:\20_AUDIO\03_wav\individual\2020\SDRW2000001179\SDRW2000001179.1.1.33.wav,True
2020,SDRW2000001179,SDRW2000001179.1.1.40,no_textgrid_after_beam10_retry40,D:\20_AUDIO\03_wav\individual\2020\SDRW2000001179\SDRW2000001179.1.1.40.lab,32,D:\20_AUDIO\03_wav\individual\2020\SDRW2000001179\SDRW2000001179.1.1.40.wav,True
2020,SDRW2000001179,SDRW2000001179.1.1.45,no_textgrid_after_beam10_retry40,D:\20_AUDIO\03_wav\individual\2020\SDRW2000001179\SDRW2000001179.1.1.45.lab,40,D:\20_AUDIO\03_wav\individual\2020\SDRW2000001179\SDRW2000001179.1.1.45.wav,True
2020,SDRW2000001179,SDRW2000001179.1.1.57,no_textgrid_after_beam10_retry40,D:\20_AUDIO\03_wav\individual\2020\SDRW2000001179\SDRW2000001179.1.1.57.lab,79,D:\20_AUDIO\03_wav\individual\2020\SDRW2000001179\SDRW2000001179.1.1.57.wav,True
2020,SDRW2000001179,SDRW2000001179.1.1.58,no_textgrid_after_beam10_retry40,D:\20_AUDIO\03_wav\individual\2020\SDRW2000001179\SDRW2000001179.1.1.58.lab,72,D:\20_AUDIO\03_wav\individual\2020\SDRW2000001179\SDRW2000001179.1.1.58.wav,True
2020,SDRW2000001179,SDRW2000001179.1.1.59,no_textgrid_after_beam10_retry40,D:\20_AUDIO\03_wav\individual\2020\SDRW2000001179\SDRW2000001179.1.1.59.lab,58,D:\20_AUDIO\03_wav\individual\2020\SDRW2000001179\SDRW2000001179.1.1.59.wav,True
2020,SDRW2000001179,SDRW2000001179.1.1.66,no_textgrid_after_beam10_retry40,D:\20_AUDIO\03_wav\individual\2020\SDRW2000001179\SDRW2000001179.1.1.66.lab,54,D:\20_AUDIO\03_wav\individual\2020\SDRW2000001179\SDRW2000001179.1.1.66.wav,True
2020,SDRW2000001179,SDRW2000001179.1.1.67,no_textgrid_after_beam10_retry40,D:\20_AUDIO\03_wav\individual\2020\SDRW2000001179\SDRW2000001179.1.1.67.lab,26,D:\20_AUDIO\03_wav\individual\2020\SDRW2000001179\SDRW2000001179.1.1.67.wav,True
2020,SDRW2000001179,SDRW2000001179.1.1.72,no_textgrid_after_beam10_retry40,D:\20_AUDIO\03_wav\individual\2020\SDRW2000001179\SDRW2000001179.1.1.72.lab,36,D:\20_AUDIO\03_wav\individual\2020\SDRW2000001179\SDRW2000001179.1.1.72.wav,True
2020,SDRW2000001179,SDRW2000001179.1.1.73,no_textgrid_after_beam10_retry40,D:\20_AUDIO\03_wav\individual\2020\SDRW2000001179\SDRW2000001179.1.1.73.lab,66,D:\20_AUDIO\03_wav\individual\2020\SDRW2000001179\SDRW2000001179.1.1.73.wav,True
2020,SDRW2000001179,SDRW2000001179.1.1.84,no_textgrid_after_beam10_retry40,D:\20_AUDIO\03_wav\individual\2020\SDRW2000001179\SDRW2000001179.1.1.84.lab,32,D:\20_AUDIO\03_wav\individual\2020\SDRW2000001179\SDRW2000001179.1.1.84.wav,True
2020,SDRW2000001179,SDRW2000001179.1.1.85,no_textgrid_after_beam10_retry40,D:\20_AUDIO\03_wav\individual\2020\SDRW2000001179\SDRW2000001179.1.1.85.lab,55,D:\20_AUDIO\03_wav\individual\2020\SDRW2000001179\SDRW2000001179.1.1.85.wav,True
2020,SDRW2000001179,SDRW2000001179.1.1.93,no_textgrid_after_beam10_retry40,D:\20_AUDIO\03_wav\individual\2020\SDRW2000001179\SDRW2000001179.1.1.93.lab,59,D:\20_AUDIO\03_wav\individual\2020\SDRW2000001179\SDRW2000001179.1.1.93.wav,True
2020,SDRW2000001179,SDRW2000001179.1.1.95,no_textgrid_after_beam10_retry40,D:\20_AUDIO\03_wav\individual\2020\SDRW2000001179\SDRW2000001179.1.1.95.lab,57,D:\20_AUDIO\03_wav\individual\2020\SDRW2000001179\SDRW2000001179.1.1.95.wav,True
2020,SDRW2000001179,SDRW2000001179.1.1.96,no_textgrid_after_beam10_retry40,D:\20_AUDIO\03_wav\individual\2020\SDRW2000001179\SDRW2000001179.1.1.96.lab,71,D:\20_AUDIO\03_wav\individual\2020\SDRW2000001179\SDRW2000001179.1.1.96.wav,True
2020,SDRW2000001179,SDRW2000001179.1.1.97,no_textgrid_after_beam10_retry40,D:\20_AUDIO\03_wav\individual\2020\SDRW2000001179\SDRW2000001179.1.1.97.lab,42,D:\20_AUDIO\03_wav\individual\2020\SDRW2000001179\SDRW2000001179.1.1.97.wav,True
2020,SDRW2000001179,SDRW2000001179.1.1.99,no_textgrid_after_beam10_retry40,D:\20_AUDIO\03_wav\individual\2020\SDRW2000001179\SDRW2000001179.1.1.99.lab,56,D:\20_AUDIO\03_wav\individual\2020\SDRW2000001179\SDRW2000001179.1.1.99.wav,True
2020,SDRW2000001180,SDRW2000001180.1.1.112,no_textgrid_after_beam10_retry40,D:\20_AUDIO\03_wav\individual\2020\SDRW2000001180\SDRW2000001180.1.1.112.lab,22,D:\20_AUDIO\03_wav\individual\2020\SDRW2000001180\SDRW2000001180.1.1.112.wav,True
2020,SDRW2000001180,SDRW2000001180.1.1.126,no_textgrid_after_beam10_retry40,D:\20_AUDIO\03_wav\individual\2020\SDRW2000001180\SDRW2000001180.1.1.126.lab,37,D:\20_AUDIO\03_wav\individual\2020\SDRW2000001180\SDRW2000001180.1.1.126.wav,True
2020,SDRW2000001180,SDRW2000001180.1.1.127,no_textgrid_after_beam10_retry40,D:\20_AUDIO\03_wav\individual\2020\SDRW2000001180\SDRW2000001180.1.1.127.lab,52,D:\20_AUDIO\03_wav\individual\2020\SDRW2000001180\SDRW2000001180.1.1.127.wav,True
2020,SDRW2000001180,SDRW2000001180.1.1.133,no_textgrid_after_beam10_retry40,D:\20_AUDIO\03_wav\individual\2020\SDRW2000001180\SDRW2000001180.1.1.133.lab,36,D:\20_AUDIO\03_wav\individual\2020\SDRW2000001180\SDRW2000001180.1.1.133.wav,True
2020,SDRW2000001180,SDRW2000001180.1.1.134,no_textgrid_after_beam10_retry40,D:\20_AUDIO\03_wav\individual\2020\SDRW2000001180\SDRW2000001180.1.1.134.lab,48,D:\20_AUDIO\03_wav\individual\2020\SDRW2000001180\SDRW2000001180.1.1.134.wav,True
2020,SDRW2000001180,SDRW2000001180.1.1.140,no_textgrid_after_beam10_retry40,D:\20_AUDIO\03_wav\individual\2020\SDRW2000001180\SDRW2000001180.1.1.140.lab,33,D:\20_AUDIO\03_wav\individual\2020\SDRW2000001180\SDRW2000001180.1.1.140.wav,True
2020,SDRW2000001180,SDRW2000001180.1.1.143,no_textgrid_after_beam10_retry40,D:\20_AUDIO\03_wav\individual\2020\SDRW2000001180\SDRW2000001180.1.1.143.lab,71,D:\20_AUDIO\03_wav\individual\2020\SDRW2000001180\SDRW2000001180.1.1.143.wav,True
2020,SDRW2000001180,SDRW2000001180.1.1.147,no_textgrid_after_beam10_retry40,D:\20_AUDIO\03_wav\individual\2020\SDRW2000001180\SDRW2000001180.1.1.147.lab,37,D:\20_AUDIO\03_wav\individual\2020\SDRW2000001180\SDRW2000001180.1.1.147.wav,True
2020,SDRW2000001180,SDRW2000001180.1.1.154,no_textgrid_after_beam10_retry40,D:\20_AUDIO\03_wav\individual\2020\SDRW2000001180\SDRW2000001180.1.1.154.lab,30,D:\20_AUDIO\03_wav\individual\2020\SDRW2000001180\SDRW2000001180.1.1.154.wav,True
2020,SDRW2000001180,SDRW2000001180.1.1.156,no_textgrid_after_beam10_retry40,D:\20_AUDIO\03_wav\individual\2020\SDRW2000001180\SDRW2000001180.1.1.156.lab,76,D:\20_AUDIO\03_wav\individual\2020\SDRW2000001180\SDRW2000001180.1.1.156.wav,True
2020,SDRW2000001180,SDRW2000001180.1.1.167,no_textgrid_after_beam10_retry40,D:\20_AUDIO\03_wav\individual\2020\SDRW2000001180\SDRW2000001180.1.1.167.lab,40,D:\20_AUDIO\03_wav\individual\2020\SDRW2000001180\SDRW2000001180.1.1.167.wav,True
2020,SDRW2000001180,SDRW2000001180.1.1.168,no_textgrid_after_beam10_retry40,D:\20_AUDIO\03_wav\individual\2020\SDRW2000001180\SDRW2000001180.1.1.168.lab,82,D:\20_AUDIO\03_wav\individual\2020\SDRW2000001180\SDRW2000001180.1.1.168.wav,True
2020,SDRW2000001180,SDRW2000001180.1.1.169,no_textgrid_after_beam10_retry40,D:\20_AUDIO\03_wav\individual\2020\SDRW2000001180\SDRW2000001180.1.1.169.lab,46,D:\20_AUDIO\03_wav\individual\2020\SDRW2000001180\SDRW2000001180.1.1.169.wav,True
2020,SDRW2000001180,SDRW2000001180.1.1.171,no_textgrid_after_beam10_retry40,D:\20_AUDIO\03_wav\individual\2020\SDRW2000001180\SDRW2000001180.1.1.171.lab,46,D:\20_AUDIO\03_wav\individual\2020\SDRW2000001180\SDRW2000001180.1.1.171.wav,True
2020,SDRW2000001180,SDRW2000001180.1.1.177,no_textgrid_after_beam10_retry40,D:\20_AUDIO\03_wav\individual\2020\SDRW2000001180\SDRW2000001180.1.1.177.lab,36,D:\20_AUDIO\03_wav\individual\2020\SDRW2000001180\SDRW2000001180.1.1.177.wav,True
2020,SDRW2000001180,SDRW2000001180.1.1.178,no_textgrid_after_beam10_retry40,D:\20_AUDIO\03_wav\individual\2020\SDRW2000001180\SDRW2000001180.1.1.178.lab,29,D:\20_AUDIO\03_wav\individual\2020\SDRW2000001180\SDRW2000001180.1.1.178.wav,True
2020,SDRW2000001180,SDRW2000001180.1.1.179,no_textgrid_after_beam10_retry40,D:\20_AUDIO\03_wav\individual\2020\SDRW2000001180\SDRW2000001180.1.1.179.lab,71,D:\20_AUDIO\03_wav\individual\2020\SDRW2000001180\SDRW2000001180.1.1.179.wav,True
2020,SDRW2000001180,SDRW2000001180.1.1.190,no_textgrid_after_beam10_retry40,D:\20_AUDIO\03_wav\individual\2020\SDRW2000001180\SDRW2000001180.1.1.190.lab,54,D:\20_AUDIO\03_wav\individual\2020\SDRW2000001180\SDRW2000001180.1.1.190.wav,True
2020,SDRW2000001180,SDRW2000001180.1.1.191,no_textgrid_after_beam10_retry40,D:\20_AUDIO\03_wav\individual\2020\SDRW2000001180\SDRW2000001180.1.1.191.lab,25,D:\20_AUDIO\03_wav\individual\2020\SDRW2000001180\SDRW2000001180.1.1.191.wav,True
2020,SDRW2000001180,SDRW2000001180.1.1.202,no_textgrid_after_beam10_retry40,D:\20_AUDIO\03_wav\individual\2020\SDRW2000001180\SDRW2000001180.1.1.202.lab,66,D:\20_AUDIO\03_wav\individual\2020\SDRW2000001180\SDRW2000001180.1.1.202.wav,True
2020,SDRW2000001180,SDRW2000001180.1.1.210,no_textgrid_after_beam10_retry40,D:\20_AUDIO\03_wav\individual\2020\SDRW2000001180\SDRW2000001180.1.1.210.lab,39,D:\20_AUDIO\03_wav\individual\2020\SDRW2000001180\SDRW2000001180.1.1.210.wav,True
2020,SDRW2000001180,SDRW2000001180.1.1.212,no_textgrid_after_beam10_retry40,D:\20_AUDIO\03_wav\individual\2020\SDRW2000001180\SDRW2000001180.1.1.212.lab,36,D:\20_AUDIO\03_wav\individual\2020\SDRW2000001180\SDRW2000001180.1.1.212.wav,True
2020,SDRW2000001180,SDRW2000001180.1.1.221,no_textgrid_after_beam10_retry40,D:\20_AUDIO\03_wav\individual\2020\SDRW2000001180\SDRW2000001180.1.1.221.lab,68,D:\20_AUDIO\03_wav\individual\2020\SDRW2000001180\SDRW2000001180.1.1.221.wav,True
2020,SDRW2000001180,SDRW2000001180.1.1.222,no_textgrid_after_beam10_retry40,D:\20_AUDIO\03_wav\individual\2020\SDRW2000001180\SDRW2000001180.1.1.222.lab,49,D:\20_AUDIO\03_wav\individual\2020\SDRW2000001180\SDRW2000001180.1.1.222.wav,True
2020,SDRW2000001180,SDRW2000001180.1.1.237,no_textgrid_after_beam10_retry40,D:\20_AUDIO\03_wav\individual\2020\SDRW2000001180\SDRW2000001180.1.1.237.lab,49,D:\20_AUDIO\03_wav\individual\2020\SDRW2000001180\SDRW2000001180.1.1.237.wav,True
2020,SDRW2000001180,SDRW2000001180.1.1.246,no_textgrid_after_beam10_retry40,D:\20_AUDIO\03_wav\individual\2020\SDRW2000001180\SDRW2000001180.1.1.246.lab,70,D:\20_AUDIO\03_wav\individual\2020\SDRW2000001180\SDRW2000001180.1.1.246.wav,True
2020,SDRW2000001180,SDRW2000001180.1.1.248,no_textgrid_after_beam10_retry40,D:\20_AUDIO\03_wav\individual\2020\SDRW2000001180\SDRW2000001180.1.1.248.lab,35,D:\20_AUDIO\03_wav\individual\2020\SDRW2000001180\SDRW2000001180.1.1.248.wav,True
2020,SDRW2000001180,SDRW2000001180.1.1.252,no_textgrid_after_beam10_retry40,D:\20_AUDIO\03_wav\individual\2020\SDRW2000001180\SDRW2000001180.1.1.252.lab,78,D:\20_AUDIO\03_wav\individual\2020\SDRW2000001180\SDRW2000001180.1.1.252.wav,True
2020,SDRW2000001180,SDRW2000001180.1.1.259,no_textgrid_after_beam10_retry40,D:\20_AUDIO\03_wav\individual\2020\SDRW2000001180\SDRW2000001180.1.1.259.lab,72,D:\20_AUDIO\03_wav\individual\2020\SDRW2000001180\SDRW2000001180.1.1.259.wav,True
2020,SDRW2000001180,SDRW2000001180.1.1.262,no_textgrid_after_beam10_retry40,D:\20_AUDIO\03_wav\individual\2020\SDRW2000001180\SDRW2000001180.1.1.262.lab,46,D:\20_AUDIO\03_wav\individual\2020\SDRW2000001180\SDRW2000001180.1.1.262.wav,True
2020,SDRW2000001180,SDRW2000001180.1.1.41,no_textgrid_after_beam10_retry40,D:\20_AUDIO\03_wav\individual\2020\SDRW2000001180\SDRW2000001180.1.1.41.lab,73,D:\20_AUDIO\03_wav\individual\2020\SDRW2000001180\SDRW2000001180.1.1.41.wav,True
2020,SDRW2000001180,SDRW2000001180.1.1.43,no_textgrid_after_beam10_retry40,D:\20_AUDIO\03_wav\individual\2020\SDRW2000001180\SDRW2000001180.1.1.43.lab,75,D:\20_AUDIO\03_wav\individual\2020\SDRW2000001180\SDRW2000001180.1.1.43.wav,True
2020,SDRW2000001180,SDRW2000001180.1.1.48,no_textgrid_after_beam10_retry40,D:\20_AUDIO\03_wav\individual\2020\SDRW2000001180\SDRW2000001180.1.1.48.lab,68,D:\20_AUDIO\03_wav\individual\2020\SDRW2000001180\SDRW2000001180.1.1.48.wav,True
2020,SDRW2000001180,SDRW2000001180.1.1.51,no_textgrid_after_beam10_retry40,D:\20_AUDIO\03_wav\individual\2020\SDRW2000001180\SDRW2000001180.1.1.51.lab,32,D:\20_AUDIO\03_wav\individual\2020\SDRW2000001180\SDRW2000001180.1.1.51.wav,True
2020,SDRW2000001180,SDRW2000001180.1.1.63,no_textgrid_after_beam10_retry40,D:\20_AUDIO\03_wav\individual\2020\SDRW2000001180\SDRW2000001180.1.1.63.lab,32,D:\20_AUDIO\03_wav\individual\2020\SDRW2000001180\SDRW2000001180.1.1.63.wav,True
2020,SDRW2000001180,SDRW2000001180.1.1.64,no_textgrid_after_beam10_retry40,D:\20_AUDIO\03_wav\individual\2020\SDRW2000001180\SDRW2000001180.1.1.64.lab,47,D:\20_AUDIO\03_wav\individual\2020\SDRW2000001180\SDRW2000001180.1.1.64.wav,True
2020,SDRW2000001180,SDRW2000001180.1.1.74,no_textgrid_after_beam10_retry40,D:\20_AUDIO\03_wav\individual\2020\SDRW2000001180\SDRW2000001180.1.1.74.lab,59,D:\20_AUDIO\03_wav\individual\2020\SDRW2000001180\SDRW2000001180.1.1.74.wav,True
2020,SDRW2000001180,SDRW2000001180.1.1.75,no_textgrid_after_beam10_retry40,D:\20_AUDIO\03_wav\individual\2020\SDRW2000001180\SDRW2000001180.1.1.75.lab,53,D:\20_AUDIO\03_wav\individual\2020\SDRW2000001180\SDRW2000001180.1.1.75.wav,True
2020,SDRW2000001180,SDRW2000001180.1.1.76,no_textgrid_after_beam10_retry40,D:\20_AUDIO\03_wav\individual\2020\SDRW2000001180\SDRW2000001180.1.1.76.lab,44,D:\20_AUDIO\03_wav\individual\2020\SDRW2000001180\SDRW2000001180.1.1.76.wav,True
2020,SDRW2000001180,SDRW2000001180.1.1.88,no_textgrid_after_beam10_retry40,D:\20_AUDIO\03_wav\individual\2020\SDRW2000001180\SDRW2000001180.1.1.88.lab,96,D:\20_AUDIO\03_wav\individual\2020\SDRW2000001180\SDRW2000001180.1.1.88.wav,True
2020,SDRW2000001180,SDRW2000001180.1.1.93,no_textgrid_after_beam10_retry40,D:\20_AUDIO\03_wav\individual\2020\SDRW2000001180\SDRW2000001180.1.1.93.lab,55,D:\20_AUDIO\03_wav\individual\2020\SDRW2000001180\SDRW2000001180.1.1.93.wav,True
2020,SDRW2000001183,SDRW2000001183.1.1.261,no_textgrid_after_beam10_retry40,D:\20_AUDIO\03_wav\individual\2020\SDRW2000001183\SDRW2000001183.1.1.261.lab,93,D:\20_AUDIO\03_wav\individual\2020\SDRW2000001183\SDRW2000001183.1.1.261.wav,True
2020,SDRW2000001183,SDRW2000001183.1.1.263,no_textgrid_after_beam10_retry40,D:\20_AUDIO\03_wav\individual\2020\SDRW2000001183\SDRW2000001183.1.1.263.lab,43,D:\20_AUDIO\03_wav\individual\2020\SDRW2000001183\SDRW2000001183.1.1.263.wav,True
2020,SDRW2000001183,SDRW2000001183.1.1.265,no_textgrid_after_beam10_retry40,D:\20_AUDIO\03_wav\individual\2020\SDRW2000001183\SDRW2000001183.1.1.265.lab,53,D:\20_AUDIO\03_wav\individual\2020\SDRW2000001183\SDRW2000001183.1.1.265.wav,True
2020,SDRW2000001183,SDRW2000001183.1.1.268,no_textgrid_after_beam10_retry40,D:\20_AUDIO\03_wav\individual\2020\SDRW2000001183\SDRW2000001183.1.1.268.lab,38,D:\20_AUDIO\03_wav\individual\2020\SDRW2000001183\SDRW2000001183.1.1.268.wav,True
2020,SDRW2000001183,SDRW2000001183.1.1.272,no_textgrid_after_beam10_retry40,D:\20_AUDIO\03_wav\individual\2020\SDRW2000001183\SDRW2000001183.1.1.272.lab,88,D:\20_AUDIO\03_wav\individual\2020\SDRW2000001183\SDRW2000001183.1.1.272.wav,True
2020,SDRW2000001183,SDRW2000001183.1.1.274,no_textgrid_after_beam10_retry40,D:\20_AUDIO\03_wav\individual\2020\SDRW2000001183\SDRW2000001183.1.1.274.lab,39,D:\20_AUDIO\03_wav\individual\2020\SDRW2000001183\SDRW2000001183.1.1.274.wav,True
2020,SDRW2000001183,SDRW2000001183.1.1.66,no_textgrid_after_beam10_retry40,D:\20_AUDIO\03_wav\individual\2020\SDRW2000001183\SDRW2000001183.1.1.66.lab,19,D:\20_AUDIO\03_wav\individual\2020\SDRW2000001183\SDRW2000001183.1.1.66.wav,True
2020,SDRW2000001183,SDRW2000001183.1.1.71,no_textgrid_after_beam10_retry40,D:\20_AUDIO\03_wav\individual\2020\SDRW2000001183\SDRW2000001183.1.1.71.lab,39,D:\20_AUDIO\03_wav\individual\2020\SDRW2000001183\SDRW2000001183.1.1.71.wav,True
2020,SDRW2000001185,SDRW2000001185.1.1.121,no_textgrid_after_beam10_retry40,D:\20_AUDIO\03_wav\individual\2020\SDRW2000001185\SDRW2000001185.1.1.121.lab,47,D:\20_AUDIO\03_wav\individual\2020\SDRW2000001185\SDRW2000001185.1.1.121.wav,True
2020,SDRW2000001185,SDRW2000001185.1.1.124,no_textgrid_after_beam10_retry40,D:\20_AUDIO\03_wav\individual\2020\SDRW2000001185\SDRW2000001185.1.1.124.lab,66,D:\20_AUDIO\03_wav\individual\2020\SDRW2000001185\SDRW2000001185.1.1.124.wav,True
2020,SDRW2000001185,SDRW2000001185.1.1.142,no_textgrid_after_beam10_retry40,D:\20_AUDIO\03_wav\individual\2020\SDRW2000001185\SDRW2000001185.1.1.142.lab,50,D:\20_AUDIO\03_wav\individual\2020\SDRW2000001185\SDRW2000001185.1.1.142.wav,True
2020,SDRW2000001185,SDRW2000001185.1.1.149,no_textgrid_after_beam10_retry40,D:\20_AUDIO\03_wav\individual\2020\SDRW2000001185\SDRW2000001185.1.1.149.lab,57,D:\20_AUDIO\03_wav\individual\2020\SDRW2000001185\SDRW2000001185.1.1.149.wav,True
2020,SDRW2000001185,SDRW2000001185.1.1.159,no_textgrid_after_beam10_retry40,D:\20_AUDIO\03_wav\individual\2020\SDRW2000001185\SDRW2000001185.1.1.159.lab,49,D:\20_AUDIO\03_wav\individual\2020\SDRW2000001185\SDRW2000001185.1.1.159.wav,True
2020,SDRW2000001185,SDRW2000001185.1.1.162,no_textgrid_after_beam10_retry40,D:\20_AUDIO\03_wav\individual\2020\SDRW2000001185\SDRW2000001185.1.1.162.lab,44,D:\20_AUDIO\03_wav\individual\2020\SDRW2000001185\SDRW2000001185.1.1.162.wav,True
2020,SDRW2000001185,SDRW2000001185.1.1.169,no_textgrid_after_beam10_retry40,D:\20_AUDIO\03_wav\individual\2020\SDRW2000001185\SDRW2000001185.1.1.169.lab,36,D:\20_AUDIO\03_wav\individual\2020\SDRW2000001185\SDRW2000001185.1.1.169.wav,True
2020,SDRW2000001185,SDRW2000001185.1.1.170,no_textgrid_after_beam10_retry40,D:\20_AUDIO\03_wav\individual\2020\SDRW2000001185\SDRW2000001185.1.1.170.lab,53,D:\20_AUDIO\03_wav\individual\2020\SDRW2000001185\SDRW2000001185.1.1.170.wav,True
2020,SDRW2000001185,SDRW2000001185.1.1.180,no_textgrid_after_beam10_retry40,D:\20_AUDIO\03_wav\individual\2020\SDRW2000001185\SDRW2000001185.1.1.180.lab,50,D:\20_AUDIO\03_wav\individual\2020\SDRW2000001185\SDRW2000001185.1.1.180.wav,True
2020,SDRW2000001185,SDRW2000001185.1.1.185,no_textgrid_after_beam10_retry40,D:\20_AUDIO\03_wav\individual\2020\SDRW2000001185\SDRW2000001185.1.1.185.lab,49,D:\20_AUDIO\03_wav\individual\2020\SDRW2000001185\SDRW2000001185.1.1.185.wav,True
2020,SDRW2000001185,SDRW2000001185.1.1.194,no_textgrid_after_beam10_retry40,D:\20_AUDIO\03_wav\individual\2020\SDRW2000001185\SDRW2000001185.1.1.194.lab,69,D:\20_AUDIO\03_wav\individual\2020\SDRW2000001185\SDRW2000001185.1.1.194.wav,True
2020,SDRW2000001185,SDRW2000001185.1.1.204,no_textgrid_after_beam10_retry40,D:\20_AUDIO\03_wav\individual\2020\SDRW2000001185\SDRW2000001185.1.1.204.lab,45,D:\20_AUDIO\03_wav\individual\2020\SDRW2000001185\SDRW2000001185.1.1.204.wav,True
2020,SDRW2000001185,SDRW2000001185.1.1.205,no_textgrid_after_beam10_retry40,D:\20_AUDIO\03_wav\individual\2020\SDRW2000001185\SDRW2000001185.1.1.205.lab,48,D:\20_AUDIO\03_wav\individual\2020\SDRW2000001185\SDRW2000001185.1.1.205.wav,True
2020,SDRW2000001185,SDRW2000001185.1.1.210,no_textgrid_after_beam10_retry40,D:\20_AUDIO\03_wav\individual\2020\SDRW2000001185\SDRW2000001185.1.1.210.lab,24,D:\20_AUDIO\03_wav\individual\2020\SDRW2000001185\SDRW2000001185.1.1.210.wav,True
2020,SDRW2000001185,SDRW2000001185.1.1.213,no_textgrid_after_beam10_retry40,D:\20_AUDIO\03_wav\individual\2020\SDRW2000001185\SDRW2000001185.1.1.213.lab,62,D:\20_AUDIO\03_wav\individual\2020\SDRW2000001185\SDRW2000001185.1.1.213.wav,True
2020,SDRW2000001185,SDRW2000001185.1.1.217,no_textgrid_after_beam10_retry40,D:\20_AUDIO\03_wav\individual\2020\SDRW2000001185\SDRW2000001185.1.1.217.lab,27,D:\20_AUDIO\03_wav\individual\2020\SDRW2000001185\SDRW2000001185.1.1.217.wav,True
2020,SDRW2000001185,SDRW2000001185.1.1.223,no_textgrid_after_beam10_retry40,D:\20_AUDIO\03_wav\individual\2020\SDRW2000001185\SDRW2000001185.1.1.223.lab,78,D:\20_AUDIO\03_wav\individual\2020\SDRW2000001185\SDRW2000001185.1.1.223.wav,True
2020,SDRW2000001185,SDRW2000001185.1.1.225,no_textgrid_after_beam10_retry40,D:\20_AUDIO\03_wav\individual\2020\SDRW2000001185\SDRW2000001185.1.1.225.lab,64,D:\20_AUDIO\03_wav\individual\2020\SDRW2000001185\SDRW2000001185.1.1.225.wav,True
2020,SDRW2000001185,SDRW2000001185.1.1.231,no_textgrid_after_beam10_retry40,D:\20_AUDIO\03_wav\individual\2020\SDRW2000001185\SDRW2000001185.1.1.231.lab,49,D:\20_AUDIO\03_wav\individual\2020\SDRW2000001185\SDRW2000001185.1.1.231.wav,True
2020,SDRW2000001187,SDRW2000001187.1.1.108,no_textgrid_after_beam10_retry40,D:\20_AUDIO\03_wav\individual\2020\SDRW2000001187\SDRW2000001187.1.1.108.lab,67,D:\20_AUDIO\03_wav\individual\2020\SDRW2000001187\SDRW2000001187.1.1.108.wav,True
2020,SDRW2000001187,SDRW2000001187.1.1.12,no_textgrid_after_beam10_retry40,D:\20_AUDIO\03_wav\individual\2020\SDRW2000001187\SDRW2000001187.1.1.12.lab,56,D:\20_AUDIO\03_wav\individual\2020\SDRW2000001187\SDRW2000001187.1.1.12.wav,True
2020,SDRW2000001187,SDRW2000001187.1.1.128,no_textgrid_after_beam10_retry40,D:\20_AUDIO\03_wav\individual\2020\SDRW2000001187\SDRW2000001187.1.1.128.lab,79,D:\20_AUDIO\03_wav\individual\2020\SDRW2000001187\SDRW2000001187.1.1.128.wav,True
2020,SDRW2000001187,SDRW2000001187.1.1.129,no_textgrid_after_beam10_retry40,D:\20_AUDIO\03_wav\individual\2020\SDRW2000001187\SDRW2000001187.1.1.129.lab,29,D:\20_AUDIO\03_wav\individual\2020\SDRW2000001187\SDRW2000001187.1.1.129.wav,True
2020,SDRW2000001187,SDRW2000001187.1.1.133,no_textgrid_after_beam10_retry40,D:\20_AUDIO\03_wav\individual\2020\SDRW2000001187\SDRW2000001187.1.1.133.lab,99,D:\20_AUDIO\03_wav\individual\2020\SDRW2000001187\SDRW2000001187.1.1.133.wav,True
2020,SDRW2000001187,SDRW2000001187.1.1.137,no_textgrid_after_beam10_retry40,D:\20_AUDIO\03_wav\individual\2020\SDRW2000001187\SDRW2000001187.1.1.137.lab,74,D:\20_AUDIO\03_wav\individual\2020\SDRW2000001187\SDRW2000001187.1.1.137.wav,True
2020,SDRW2000001187,SDRW2000001187.1.1.139,no_textgrid_after_beam10_retry40,D:\20_AUDIO\03_wav\individual\2020\SDRW2000001187\SDRW2000001187.1.1.139.lab,27,D:\20_AUDIO\03_wav\individual\2020\SDRW2000001187\SDRW2000001187.1.1.139.wav,True
2020,SDRW2000001187,SDRW2000001187.1.1.142,no_textgrid_after_beam10_retry40,D:\20_AUDIO\03_wav\individual\2020\SDRW2000001187\SDRW2000001187.1.1.142.lab,77,D:\20_AUDIO\03_wav\individual\2020\SDRW2000001187\SDRW2000001187.1.1.142.wav,True
2020,SDRW2000001187,SDRW2000001187.1.1.146,no_textgrid_after_beam10_retry40,D:\20_AUDIO\03_wav\individual\2020\SDRW2000001187\SDRW2000001187.1.1.146.lab,57,D:\20_AUDIO\03_wav\individual\2020\SDRW2000001187\SDRW2000001187.1.1.146.wav,True
2020,SDRW2000001187,SDRW2000001187.1.1.149,no_textgrid_after_beam10_retry40,D:\20_AUDIO\03_wav\individual\2020\SDRW2000001187\SDRW2000001187.1.1.149.lab,43,D:\20_AUDIO\03_wav\individual\2020\SDRW2000001187\SDRW2000001187.1.1.149.wav,True
2020,SDRW2000001187,SDRW2000001187.1.1.157,no_textgrid_after_beam10_retry40,D:\20_AUDIO\03_wav\individual\2020\SDRW2000001187\SDRW2000001187.1.1.157.lab,56,D:\20_AUDIO\03_wav\individual\2020\SDRW2000001187\SDRW2000001187.1.1.157.wav,True
2020,SDRW2000001187,SDRW2000001187.1.1.164,no_textgrid_after_beam10_retry40,D:\20_AUDIO\03_wav\individual\2020\SDRW2000001187\SDRW2000001187.1.1.164.lab,53,D:\20_AUDIO\03_wav\individual\2020\SDRW2000001187\SDRW2000001187.1.1.164.wav,True
2020,SDRW2000001187,SDRW2000001187.1.1.168,no_textgrid_after_beam10_retry40,D:\20_AUDIO\03_wav\individual\2020\SDRW2000001187\SDRW2000001187.1.1.168.lab,43,D:\20_AUDIO\03_wav\individual\2020\SDRW2000001187\SDRW2000001187.1.1.168.wav,True
2020,SDRW2000001187,SDRW2000001187.1.1.169,no_textgrid_after_beam10_retry40,D:\20_AUDIO\03_wav\individual\2020\SDRW2000001187\SDRW2000001187.1.1.169.lab,83,D:\20_AUDIO\03_wav\individual\2020\SDRW2000001187\SDRW2000001187.1.1.169.wav,True
2020,SDRW2000001187,SDRW2000001187.1.1.173,no_textgrid_after_beam10_retry40,D:\20_AUDIO\03_wav\individual\2020\SDRW2000001187\SDRW2000001187.1.1.173.lab,83,D:\20_AUDIO\03_wav\individual\2020\SDRW2000001187\SDRW2000001187.1.1.173.wav,True
2020,SDRW2000001187,SDRW2000001187.1.1.177,no_textgrid_after_beam10_retry40,D:\20_AUDIO\03_wav\individual\2020\SDRW2000001187\SDRW2000001187.1.1.177.lab,60,D:\20_AUDIO\03_wav\individual\2020\SDRW2000001187\SDRW2000001187.1.1.177.wav,True
2020,SDRW2000001187,SDRW2000001187.1.1.179,no_textgrid_after_beam10_retry40,D:\20_AUDIO\03_wav\individual\2020\SDRW2000001187\SDRW2000001187.1.1.179.lab,70,D:\20_AUDIO\03_wav\individual\2020\SDRW2000001187\SDRW2000001187.1.1.179.wav,True
2020,SDRW2000001187,SDRW2000001187.1.1.182,no_textgrid_after_beam10_retry40,D:\20_AUDIO\03_wav\individual\2020\SDRW2000001187\SDRW2000001187.1.1.182.lab,53,D:\20_AUDIO\03_wav\individual\2020\SDRW2000001187\SDRW2000001187.1.1.182.wav,True
2020,SDRW2000001187,SDRW2000001187.1.1.188,no_textgrid_after_beam10_retry40,D:\20_AUDIO\03_wav\individual\2020\SDRW2000001187\SDRW2000001187.1.1.188.lab,31,D:\20_AUDIO\03_wav\individual\2020\SDRW2000001187\SDRW2000001187.1.1.188.wav,True
2020,SDRW2000001187,SDRW2000001187.1.1.189,no_textgrid_after_beam10_retry40,D:\20_AUDIO\03_wav\individual\2020\SDRW2000001187\SDRW2000001187.1.1.189.lab,52,D:\20_AUDIO\03_wav\individual\2020\SDRW2000001187\SDRW2000001187.1.1.189.wav,True
2020,SDRW2000001187,SDRW2000001187.1.1.19,no_textgrid_after_beam10_retry40,D:\20_AUDIO\03_wav\individual\2020\SDRW2000001187\SDRW2000001187.1.1.19.lab,38,D:\20_AUDIO\03_wav\individual\2020\SDRW2000001187\SDRW2000001187.1.1.19.wav,True
2020,SDRW2000001187,SDRW2000001187.1.1.190,no_textgrid_after_beam10_retry40,D:\20_AUDIO\03_wav\individual\2020\SDRW2000001187\SDRW2000001187.1.1.190.lab,107,D:\20_AUDIO\03_wav\individual\2020\SDRW2000001187\SDRW2000001187.1.1.190.wav,True
2020,SDRW2000001187,SDRW2000001187.1.1.192,no_textgrid_after_beam10_retry40,D:\20_AUDIO\03_wav\individual\2020\SDRW2000001187\SDRW2000001187.1.1.192.lab,69,D:\20_AUDIO\03_wav\individual\2020\SDRW2000001187\SDRW2000001187.1.1.192.wav,True
2020,SDRW2000001187,SDRW2000001187.1.1.198,no_textgrid_after_beam10_retry40,D:\20_AUDIO\03_wav\individual\2020\SDRW2000001187\SDRW2000001187.1.1.198.lab,32,D:\20_AUDIO\03_wav\individual\2020\SDRW2000001187\SDRW2000001187.1.1.198.wav,True
2020,SDRW2000001187,SDRW2000001187.1.1.199,no_textgrid_after_beam10_retry40,D:\20_AUDIO\03_wav\individual\2020\SDRW2000001187\SDRW2000001187.1.1.199.lab,93,D:\20_AUDIO\03_wav\individual\2020\SDRW2000001187\SDRW2000001187.1.1.199.wav,True
2020,SDRW2000001187,SDRW2000001187.1.1.203,no_textgrid_after_beam10_retry40,D:\20_AUDIO\03_wav\individual\2020\SDRW2000001187\SDRW2000001187.1.1.203.lab,49,D:\20_AUDIO\03_wav\individual\2020\SDRW2000001187\SDRW2000001187.1.1.203.wav,True
2020,SDRW2000001187,SDRW2000001187.1.1.211,no_textgrid_after_beam10_retry40,D:\20_AUDIO\03_wav\individual\2020\SDRW2000001187\SDRW2000001187.1.1.211.lab,36,D:\20_AUDIO\03_wav\individual\2020\SDRW2000001187\SDRW2000001187.1.1.211.wav,True
2020,SDRW2000001187,SDRW2000001187.1.1.213,no_textgrid_after_beam10_retry40,D:\20_AUDIO\03_wav\individual\2020\SDRW2000001187\SDRW2000001187.1.1.213.lab,67,D:\20_AUDIO\03_wav\individual\2020\SDRW2000001187\SDRW2000001187.1.1.213.wav,True
2020,SDRW2000001187,SDRW2000001187.1.1.217,no_textgrid_after_beam10_retry40,D:\20_AUDIO\03_wav\individual\2020\SDRW2000001187\SDRW2000001187.1.1.217.lab,66,D:\20_AUDIO\03_wav\individual\2020\SDRW2000001187\SDRW2000001187.1.1.217.wav,True
2020,SDRW2000001187,SDRW2000001187.1.1.222,no_textgrid_after_beam10_retry40,D:\20_AUDIO\03_wav\individual\2020\SDRW2000001187\SDRW2000001187.1.1.222.lab,26,D:\20_AUDIO\03_wav\individual\2020\SDRW2000001187\SDRW2000001187.1.1.222.wav,True
2020,SDRW2000001187,SDRW2000001187.1.1.224,no_textgrid_after_beam10_retry40,D:\20_AUDIO\03_wav\individual\2020\SDRW2000001187\SDRW2000001187.1.1.224.lab,71,D:\20_AUDIO\03_wav\individual\2020\SDRW2000001187\SDRW2000001187.1.1.224.wav,True
2020,SDRW2000001187,SDRW2000001187.1.1.23,no_textgrid_after_beam10_retry40,D:\20_AUDIO\03_wav\individual\2020\SDRW2000001187\SDRW2000001187.1.1.23.lab,49,D:\20_AUDIO\03_wav\individual\2020\SDRW2000001187\SDRW2000001187.1.1.23.wav,True
2020,SDRW2000001187,SDRW2000001187.1.1.27,no_textgrid_after_beam10_retry40,D:\20_AUDIO\03_wav\individual\2020\SDRW2000001187\SDRW2000001187.1.1.27.lab,67,D:\20_AUDIO\03_wav\individual\2020\SDRW2000001187\SDRW2000001187.1.1.27.wav,True
2020,SDRW2000001187,SDRW2000001187.1.1.31,no_textgrid_after_beam10_retry40,D:\20_AUDIO\03_wav\individual\2020\SDRW2000001187\SDRW2000001187.1.1.31.lab,81,D:\20_AUDIO\03_wav\individual\2020\SDRW2000001187\SDRW2000001187.1.1.31.wav,True
2020,SDRW2000001187,SDRW2000001187.1.1.35,no_textgrid_after_beam10_retry40,D:\20_AUDIO\03_wav\individual\2020\SDRW2000001187\SDRW2000001187.1.1.35.lab,78,D:\20_AUDIO\03_wav\individual\2020\SDRW2000001187\SDRW2000001187.1.1.35.wav,True
2020,SDRW2000001187,SDRW2000001187.1.1.36,no_textgrid_after_beam10_retry40,D:\20_AUDIO\03_wav\individual\2020\SDRW2000001187\SDRW2000001187.1.1.36.lab,68,D:\20_AUDIO\03_wav\individual\2020\SDRW2000001187\SDRW2000001187.1.1.36.wav,True
2020,SDRW2000001187,SDRW2000001187.1.1.39,no_textgrid_after_beam10_retry40,D:\20_AUDIO\03_wav\individual\2020\SDRW2000001187\SDRW2000001187.1.1.39.lab,55,D:\20_AUDIO\03_wav\individual\2020\SDRW2000001187\SDRW2000001187.1.1.39.wav,True
2020,SDRW2000001187,SDRW2000001187.1.1.4,no_textgrid_after_beam10_retry40,D:\20_AUDIO\03_wav\individual\2020\SDRW2000001187\SDRW2000001187.1.1.4.lab,46,D:\20_AUDIO\03_wav\individual\2020\SDRW2000001187\SDRW2000001187.1.1.4.wav,True
2020,SDRW2000001187,SDRW2000001187.1.1.44,no_textgrid_after_beam10_retry40,D:\20_AUDIO\03_wav\individual\2020\SDRW2000001187\SDRW2000001187.1.1.44.lab,63,D:\20_AUDIO\03_wav\individual\2020\SDRW2000001187\SDRW2000001187.1.1.44.wav,True
2020,SDRW2000001187,SDRW2000001187.1.1.47,no_textgrid_after_beam10_retry40,D:\20_AUDIO\03_wav\individual\2020\SDRW2000001187\SDRW2000001187.1.1.47.lab,76,D:\20_AUDIO\03_wav\individual\2020\SDRW2000001187\SDRW2000001187.1.1.47.wav,True
2020,SDRW2000001187,SDRW2000001187.1.1.48,no_textgrid_after_beam10_retry40,D:\20_AUDIO\03_wav\individual\2020\SDRW2000001187\SDRW2000001187.1.1.48.lab,26,D:\20_AUDIO\03_wav\individual\2020\SDRW2000001187\SDRW2000001187.1.1.48.wav,True
2020,SDRW2000001187,SDRW2000001187.1.1.57,no_textgrid_after_beam10_retry40,D:\20_AUDIO\03_wav\individual\2020\SDRW2000001187\SDRW2000001187.1.1.57.lab,85,D:\20_AUDIO\03_wav\individual\2020\SDRW2000001187\SDRW2000001187.1.1.57.wav,True
2020,SDRW2000001187,SDRW2000001187.1.1.58,no_textgrid_after_beam10_retry40,D:\20_AUDIO\03_wav\individual\2020\SDRW2000001187\SDRW2000001187.1.1.58.lab,63,D:\20_AUDIO\03_wav\individual\2020\SDRW2000001187\SDRW2000001187.1.1.58.wav,True
2020,SDRW2000001187,SDRW2000001187.1.1.68,no_textgrid_after_beam10_retry40,D:\20_AUDIO\03_wav\individual\2020\SDRW2000001187\SDRW2000001187.1.1.68.lab,62,D:\20_AUDIO\03_wav\individual\2020\SDRW2000001187\SDRW2000001187.1.1.68.wav,True
2020,SDRW2000001187,SDRW2000001187.1.1.69,no_textgrid_after_beam10_retry40,D:\20_AUDIO\03_wav\individual\2020\SDRW2000001187\SDRW2000001187.1.1.69.lab,80,D:\20_AUDIO\03_wav\individual\2020\SDRW2000001187\SDRW2000001187.1.1.69.wav,True
2020,SDRW2000001187,SDRW2000001187.1.1.7,no_textgrid_after_beam10_retry40,D:\20_AUDIO\03_wav\individual\2020\SDRW2000001187\SDRW2000001187.1.1.7.lab,55,D:\20_AUDIO\03_wav\individual\2020\SDRW2000001187\SDRW2000001187.1.1.7.wav,True
2020,SDRW2000001187,SDRW2000001187.1.1.73,no_textgrid_after_beam10_retry40,D:\20_AUDIO\03_wav\individual\2020\SDRW2000001187\SDRW2000001187.1.1.73.lab,50,D:\20_AUDIO\03_wav\individual\2020\SDRW2000001187\SDRW2000001187.1.1.73.wav,True
2020,SDRW2000001187,SDRW2000001187.1.1.76,no_textgrid_after_beam10_retry40,D:\20_AUDIO\03_wav\individual\2020\SDRW2000001187\SDRW2000001187.1.1.76.lab,83,D:\20_AUDIO\03_wav\individual\2020\SDRW2000001187\SDRW2000001187.1.1.76.wav,True
2020,SDRW2000001187,SDRW2000001187.1.1.77,no_textgrid_after_beam10_retry40,D:\20_AUDIO\03_wav\individual\2020\SDRW2000001187\SDRW2000001187.1.1.77.lab,70,D:\20_AUDIO\03_wav\individual\2020\SDRW2000001187\SDRW2000001187.1.1.77.wav,True
2020,SDRW2000001187,SDRW2000001187.1.1.80,no_textgrid_after_beam10_retry40,D:\20_AUDIO\03_wav\individual\2020\SDRW2000001187\SDRW2000001187.1.1.80.lab,54,D:\20_AUDIO\03_wav\individual\2020\SDRW2000001187\SDRW2000001187.1.1.80.wav,True
2020,SDRW2000001187,SDRW2000001187.1.1.81,no_textgrid_after_beam10_retry40,D:\20_AUDIO\03_wav\individual\2020\SDRW2000001187\SDRW2000001187.1.1.81.lab,92,D:\20_AUDIO\03_wav\individual\2020\SDRW2000001187\SDRW2000001187.1.1.81.wav,True
2020,SDRW2000001187,SDRW2000001187.1.1.82,no_textgrid_after_beam10_retry40,D:\20_AUDIO\03_wav\individual\2020\SDRW2000001187\SDRW2000001187.1.1.82.lab,36,D:\20_AUDIO\03_wav\individual\2020\SDRW2000001187\SDRW2000001187.1.1.82.wav,True
2020,SDRW2000001187,SDRW2000001187.1.1.86,no_textgrid_after_beam10_retry40,D:\20_AUDIO\03_wav\individual\2020\SDRW2000001187\SDRW2000001187.1.1.86.lab,55,D:\20_AUDIO\03_wav\individual\2020\SDRW2000001187\SDRW2000001187.1.1.86.wav,True
2020,SDRW2000001187,SDRW2000001187.1.1.91,no_textgrid_after_beam10_retry40,D:\20_AUDIO\03_wav\individual\2020\SDRW2000001187\SDRW2000001187.1.1.91.lab,56,D:\20_AUDIO\03_wav\individual\2020\SDRW2000001187\SDRW2000001187.1.1.91.wav,True
2020,SDRW2000001187,SDRW2000001187.1.1.93,no_textgrid_after_beam10_retry40,D:\20_AUDIO\03_wav\individual\2020\SDRW2000001187\SDRW2000001187.1.1.93.lab,62,D:\20_AUDIO\03_wav\individual\2020\SDRW2000001187\SDRW2000001187.1.1.93.wav,True
2020,SDRW2000001188,SDRW2000001188.1.1.101,no_textgrid_after_beam10_retry40,D:\20_AUDIO\03_wav\individual\2020\SDRW2000001188\SDRW2000001188.1.1.101.lab,48,D:\20_AUDIO\03_wav\individual\2020\SDRW2000001188\SDRW2000001188.1.1.101.wav,True
2020,SDRW2000001188,SDRW2000001188.1.1.102,no_textgrid_after_beam10_retry40,D:\20_AUDIO\03_wav\individual\2020\SDRW2000001188\SDRW2000001188.1.1.102.lab,74,D:\20_AUDIO\03_wav\individual\2020\SDRW2000001188\SDRW2000001188.1.1.102.wav,True
2020,SDRW2000001188,SDRW2000001188.1.1.105,no_textgrid_after_beam10_retry40,D:\20_AUDIO\03_wav\individual\2020\SDRW2000001188\SDRW2000001188.1.1.105.lab,63,D:\20_AUDIO\03_wav\individual\2020\SDRW2000001188\SDRW2000001188.1.1.105.wav,True
2020,SDRW2000001188,SDRW2000001188.1.1.107,no_textgrid_after_beam10_retry40,D:\20_AUDIO\03_wav\individual\2020\SDRW2000001188\SDRW2000001188.1.1.107.lab,29,D:\20_AUDIO\03_wav\individual\2020\SDRW2000001188\SDRW2000001188.1.1.107.wav,True
2020,SDRW2000001188,SDRW2000001188.1.1.114,no_textgrid_after_beam10_retry40,D:\20_AUDIO\03_wav\individual\2020\SDRW2000001188\SDRW2000001188.1.1.114.lab,51,D:\20_AUDIO\03_wav\individual\2020\SDRW2000001188\SDRW2000001188.1.1.114.wav,True
2020,SDRW2000001188,SDRW2000001188.1.1.116,no_textgrid_after_beam10_retry40,D:\20_AUDIO\03_wav\individual\2020\SDRW2000001188\SDRW2000001188.1.1.116.lab,29,D:\20_AUDIO\03_wav\individual\2020\SDRW2000001188\SDRW2000001188.1.1.116.wav,True
2020,SDRW2000001188,SDRW2000001188.1.1.12,no_textgrid_after_beam10_retry40,D:\20_AUDIO\03_wav\individual\2020\SDRW2000001188\SDRW2000001188.1.1.12.lab,45,D:\20_AUDIO\03_wav\individual\2020\SDRW2000001188\SDRW2000001188.1.1.12.wav,True
2020,SDRW2000001188,SDRW2000001188.1.1.122,no_textgrid_after_beam10_retry40,D:\20_AUDIO\03_wav\individual\2020\SDRW2000001188\SDRW2000001188.1.1.122.lab,66,D:\20_AUDIO\03_wav\individual\2020\SDRW2000001188\SDRW2000001188.1.1.122.wav,True
2020,SDRW2000001188,SDRW2000001188.1.1.126,no_textgrid_after_beam10_retry40,D:\20_AUDIO\03_wav\individual\2020\SDRW2000001188\SDRW2000001188.1.1.126.lab,43,D:\20_AUDIO\03_wav\individual\2020\SDRW2000001188\SDRW2000001188.1.1.126.wav,True
2020,SDRW2000001188,SDRW2000001188.1.1.142,no_textgrid_after_beam10_retry40,D:\20_AUDIO\03_wav\individual\2020\SDRW2000001188\SDRW2000001188.1.1.142.lab,62,D:\20_AUDIO\03_wav\individual\2020\SDRW2000001188\SDRW2000001188.1.1.142.wav,True
2020,SDRW2000001188,SDRW2000001188.1.1.143,no_textgrid_after_beam10_retry40,D:\20_AUDIO\03_wav\individual\2020\SDRW2000001188\SDRW2000001188.1.1.143.lab,111,D:\20_AUDIO\03_wav\individual\2020\SDRW2000001188\SDRW2000001188.1.1.143.wav,True
2020,SDRW2000001188,SDRW2000001188.1.1.145,no_textgrid_after_beam10_retry40,D:\20_AUDIO\03_wav\individual\2020\SDRW2000001188\SDRW2000001188.1.1.145.lab,91,D:\20_AUDIO\03_wav\individual\2020\SDRW2000001188\SDRW2000001188.1.1.145.wav,True
2020,SDRW2000001188,SDRW2000001188.1.1.147,no_textgrid_after_beam10_retry40,D:\20_AUDIO\03_wav\individual\2020\SDRW2000001188\SDRW2000001188.1.1.147.lab,97,D:\20_AUDIO\03_wav\individual\2020\SDRW2000001188\SDRW2000001188.1.1.147.wav,True
2020,SDRW2000001188,SDRW2000001188.1.1.149,no_textgrid_after_beam10_retry40,D:\20_AUDIO\03_wav\individual\2020\SDRW2000001188\SDRW2000001188.1.1.149.lab,68,D:\20_AUDIO\03_wav\individual\2020\SDRW2000001188\SDRW2000001188.1.1.149.wav,True
2020,SDRW2000001188,SDRW2000001188.1.1.150,no_textgrid_after_beam10_retry40,D:\20_AUDIO\03_wav\individual\2020\SDRW2000001188\SDRW2000001188.1.1.150.lab,59,D:\20_AUDIO\03_wav\individual\2020\SDRW2000001188\SDRW2000001188.1.1.150.wav,True
2020,SDRW2000001188,SDRW2000001188.1.1.162,no_textgrid_after_beam10_retry40,D:\20_AUDIO\03_wav\individual\2020\SDRW2000001188\SDRW2000001188.1.1.162.lab,48,D:\20_AUDIO\03_wav\individual\2020\SDRW2000001188\SDRW2000001188.1.1.162.wav,True
2020,SDRW2000001188,SDRW2000001188.1.1.164,no_textgrid_after_beam10_retry40,D:\20_AUDIO\03_wav\individual\2020\SDRW2000001188\SDRW2000001188.1.1.164.lab,51,D:\20_AUDIO\03_wav\individual\2020\SDRW2000001188\SDRW2000001188.1.1.164.wav,True
2020,SDRW2000001188,SDRW2000001188.1.1.169,no_textgrid_after_beam10_retry40,D:\20_AUDIO\03_wav\individual\2020\SDRW2000001188\SDRW2000001188.1.1.169.lab,63,D:\20_AUDIO\03_wav\individual\2020\SDRW2000001188\SDRW2000001188.1.1.169.wav,True
2020,SDRW2000001188,SDRW2000001188.1.1.174,no_textgrid_after_beam10_retry40,D:\20_AUDIO\03_wav\individual\2020\SDRW2000001188\SDRW2000001188.1.1.174.lab,51,D:\20_AUDIO\03_wav\individual\2020\SDRW2000001188\SDRW2000001188.1.1.174.wav,True
2020,SDRW2000001188,SDRW2000001188.1.1.185,no_textgrid_after_beam10_retry40,D:\20_AUDIO\03_wav\individual\2020\SDRW2000001188\SDRW2000001188.1.1.185.lab,46,D:\20_AUDIO\03_wav\individual\2020\SDRW2000001188\SDRW2000001188.1.1.185.wav,True
2020,SDRW2000001188,SDRW2000001188.1.1.186,no_textgrid_after_beam10_retry40,D:\20_AUDIO\03_wav\individual\2020\SDRW2000001188\SDRW2000001188.1.1.186.lab,92,D:\20_AUDIO\03_wav\individual\2020\SDRW2000001188\SDRW2000001188.1.1.186.wav,True
2020,SDRW2000001188,SDRW2000001188.1.1.188,no_textgrid_after_beam10_retry40,D:\20_AUDIO\03_wav\individual\2020\SDRW2000001188\SDRW2000001188.1.1.188.lab,36,D:\20_AUDIO\03_wav\individual\2020\SDRW2000001188\SDRW2000001188.1.1.188.wav,True
2020,SDRW2000001188,SDRW2000001188.1.1.192,no_textgrid_after_beam10_retry40,D:\20_AUDIO\03_wav\individual\2020\SDRW2000001188\SDRW2000001188.1.1.192.lab,87,D:\20_AUDIO\03_wav\individual\2020\SDRW2000001188\SDRW2000001188.1.1.192.wav,True
2020,SDRW2000001188,SDRW2000001188.1.1.196,no_textgrid_after_beam10_retry40,D:\20_AUDIO\03_wav\individual\2020\SDRW2000001188\SDRW2000001188.1.1.196.lab,34,D:\20_AUDIO\03_wav\individual\2020\SDRW2000001188\SDRW2000001188.1.1.196.wav,True
2020,SDRW2000001188,SDRW2000001188.1.1.203,no_textgrid_after_beam10_retry40,D:\20_AUDIO\03_wav\individual\2020\SDRW2000001188\SDRW2000001188.1.1.203.lab,56,D:\20_AUDIO\03_wav\individual\2020\SDRW2000001188\SDRW2000001188.1.1.203.wav,True
2020,SDRW2000001188,SDRW2000001188.1.1.206,no_textgrid_after_beam10_retry40,D:\20_AUDIO\03_wav\individual\2020\SDRW2000001188\SDRW2000001188.1.1.206.lab,86,D:\20_AUDIO\03_wav\individual\2020\SDRW2000001188\SDRW2000001188.1.1.206.wav,True
2020,SDRW2000001188,SDRW2000001188.1.1.210,no_textgrid_after_beam10_retry40,D:\20_AUDIO\03_wav\individual\2020\SDRW2000001188\SDRW2000001188.1.1.210.lab,66,D:\20_AUDIO\03_wav\individual\2020\SDRW2000001188\SDRW2000001188.1.1.210.wav,True
2020,SDRW2000001188,SDRW2000001188.1.1.213,no_textgrid_after_beam10_retry40,D:\20_AUDIO\03_wav\individual\2020\SDRW2000001188\SDRW2000001188.1.1.213.lab,83,D:\20_AUDIO\03_wav\individual\2020\SDRW2000001188\SDRW2000001188.1.1.213.wav,True
2020,SDRW2000001188,SDRW2000001188.1.1.22,no_textgrid_after_beam10_retry40,D:\20_AUDIO\03_wav\individual\2020\SDRW2000001188\SDRW2000001188.1.1.22.lab,50,D:\20_AUDIO\03_wav\individual\2020\SDRW2000001188\SDRW2000001188.1.1.22.wav,True
2020,SDRW2000001188,SDRW2000001188.1.1.23,no_textgrid_after_beam10_retry40,D:\20_AUDIO\03_wav\individual\2020\SDRW2000001188\SDRW2000001188.1.1.23.lab,50,D:\20_AUDIO\03_wav\individual\2020\SDRW2000001188\SDRW2000001188.1.1.23.wav,True
2020,SDRW2000001188,SDRW2000001188.1.1.24,no_textgrid_after_beam10_retry40,D:\20_AUDIO\03_wav\individual\2020\SDRW2000001188\SDRW2000001188.1.1.24.lab,50,D:\20_AUDIO\03_wav\individual\2020\SDRW2000001188\SDRW2000001188.1.1.24.wav,True
2020,SDRW2000001188,SDRW2000001188.1.1.32,no_textgrid_after_beam10_retry40,D:\20_AUDIO\03_wav\individual\2020\SDRW2000001188\SDRW2000001188.1.1.32.lab,26,D:\20_AUDIO\03_wav\individual\2020\SDRW2000001188\SDRW2000001188.1.1.32.wav,True
2020,SDRW2000001188,SDRW2000001188.1.1.33,no_textgrid_after_beam10_retry40,D:\20_AUDIO\03_wav\individual\2020\SDRW2000001188\SDRW2000001188.1.1.33.lab,59,D:\20_AUDIO\03_wav\individual\2020\SDRW2000001188\SDRW2000001188.1.1.33.wav,True
2020,SDRW2000001188,SDRW2000001188.1.1.34,no_textgrid_after_beam10_retry40,D:\20_AUDIO\03_wav\individual\2020\SDRW2000001188\SDRW2000001188.1.1.34.lab,68,D:\20_AUDIO\03_wav\individual\2020\SDRW2000001188\SDRW2000001188.1.1.34.wav,True
2020,SDRW2000001188,SDRW2000001188.1.1.41,no_textgrid_after_beam10_retry40,D:\20_AUDIO\03_wav\individual\2020\SDRW2000001188\SDRW2000001188.1.1.41.lab,73,D:\20_AUDIO\03_wav\individual\2020\SDRW2000001188\SDRW2000001188.1.1.41.wav,True
2020,SDRW2000001188,SDRW2000001188.1.1.47,no_textgrid_after_beam10_retry40,D:\20_AUDIO\03_wav\individual\2020\SDRW2000001188\SDRW2000001188.1.1.47.lab,42,D:\20_AUDIO\03_wav\individual\2020\SDRW2000001188\SDRW2000001188.1.1.47.wav,True
2020,SDRW2000001188,SDRW2000001188.1.1.48,no_textgrid_after_beam10_retry40,D:\20_AUDIO\03_wav\individual\2020\SDRW2000001188\SDRW2000001188.1.1.48.lab,70,D:\20_AUDIO\03_wav\individual\2020\SDRW2000001188\SDRW2000001188.1.1.48.wav,True
2020,SDRW2000001188,SDRW2000001188.1.1.49,no_textgrid_after_beam10_retry40,D:\20_AUDIO\03_wav\individual\2020\SDRW2000001188\SDRW2000001188.1.1.49.lab,33,D:\20_AUDIO\03_wav\individual\2020\SDRW2000001188\SDRW2000001188.1.1.49.wav,True
2020,SDRW2000001188,SDRW2000001188.1.1.59,no_textgrid_after_beam10_retry40,D:\20_AUDIO\03_wav\individual\2020\SDRW2000001188\SDRW2000001188.1.1.59.lab,59,D:\20_AUDIO\03_wav\individual\2020\SDRW2000001188\SDRW2000001188.1.1.59.wav,True
2020,SDRW2000001188,SDRW2000001188.1.1.6,no_textgrid_after_beam10_retry40,D:\20_AUDIO\03_wav\individual\2020\SDRW2000001188\SDRW2000001188.1.1.6.lab,59,D:\20_AUDIO\03_wav\individual\2020\SDRW2000001188\SDRW2000001188.1.1.6.wav,True
2020,SDRW2000001188,SDRW2000001188.1.1.60,no_textgrid_after_beam10_retry40,D:\20_AUDIO\03_wav\individual\2020\SDRW2000001188\SDRW2000001188.1.1.60.lab,55,D:\20_AUDIO\03_wav\individual\2020\SDRW2000001188\SDRW2000001188.1.1.60.wav,True
2020,SDRW2000001188,SDRW2000001188.1.1.68,no_textgrid_after_beam10_retry40,D:\20_AUDIO\03_wav\individual\2020\SDRW2000001188\SDRW2000001188.1.1.68.lab,62,D:\20_AUDIO\03_wav\individual\2020\SDRW2000001188\SDRW2000001188.1.1.68.wav,True
2020,SDRW2000001188,SDRW2000001188.1.1.70,no_textgrid_after_beam10_retry40,D:\20_AUDIO\03_wav\individual\2020\SDRW2000001188\SDRW2000001188.1.1.70.lab,50,D:\20_AUDIO\03_wav\individual\2020\SDRW2000001188\SDRW2000001188.1.1.70.wav,True
2020,SDRW2000001188,SDRW2000001188.1.1.71,no_textgrid_after_beam10_retry40,D:\20_AUDIO\03_wav\individual\2020\SDRW2000001188\SDRW2000001188.1.1.71.lab,26,D:\20_AUDIO\03_wav\individual\2020\SDRW2000001188\SDRW2000001188.1.1.71.wav,True
2020,SDRW2000001188,SDRW2000001188.1.1.74,no_textgrid_after_beam10_retry40,D:\20_AUDIO\03_wav\individual\2020\SDRW2000001188\SDRW2000001188.1.1.74.lab,72,D:\20_AUDIO\03_wav\individual\2020\SDRW2000001188\SDRW2000001188.1.1.74.wav,True
2020,SDRW2000001188,SDRW2000001188.1.1.79,no_textgrid_after_beam10_retry40,D:\20_AUDIO\03_wav\individual\2020\SDRW2000001188\SDRW2000001188.1.1.79.lab,98,D:\20_AUDIO\03_wav\individual\2020\SDRW2000001188\SDRW2000001188.1.1.79.wav,True
2020,SDRW2000001188,SDRW2000001188.1.1.82,no_textgrid_after_beam10_retry40,D:\20_AUDIO\03_wav\individual\2020\SDRW2000001188\SDRW2000001188.1.1.82.lab,51,D:\20_AUDIO\03_wav\individual\2020\SDRW2000001188\SDRW2000001188.1.1.82.wav,True
2020,SDRW2000001188,SDRW2000001188.1.1.84,no_textgrid_after_beam10_retry40,D:\20_AUDIO\03_wav\individual\2020\SDRW2000001188\SDRW2000001188.1.1.84.lab,44,D:\20_AUDIO\03_wav\individual\2020\SDRW2000001188\SDRW2000001188.1.1.84.wav,True
2020,SDRW2000001188,SDRW2000001188.1.1.87,no_textgrid_after_beam10_retry40,D:\20_AUDIO\03_wav\individual\2020\SDRW2000001188\SDRW2000001188.1.1.87.lab,82,D:\20_AUDIO\03_wav\individual\2020\SDRW2000001188\SDRW2000001188.1.1.87.wav,True
2020,SDRW2000001188,SDRW2000001188.1.1.94,no_textgrid_after_beam10_retry40,D:\20_AUDIO\03_wav\individual\2020\SDRW2000001188\SDRW2000001188.1.1.94.lab,32,D:\20_AUDIO\03_wav\individual\2020\SDRW2000001188\SDRW2000001188.1.1.94.wav,True
2020,SDRW2000001188,SDRW2000001188.1.1.97,no_textgrid_after_beam10_retry40,D:\20_AUDIO\03_wav\individual\2020\SDRW2000001188\SDRW2000001188.1.1.97.lab,40,D:\20_AUDIO\03_wav\individual\2020\SDRW2000001188\SDRW2000001188.1.1.97.wav,True
2020,SDRW2000001188,SDRW2000001188.1.1.98,no_textgrid_after_beam10_retry40,D:\20_AUDIO\03_wav\individual\2020\SDRW2000001188\SDRW2000001188.1.1.98.lab,55,D:\20_AUDIO\03_wav\individual\2020\SDRW2000001188\SDRW2000001188.1.1.98.wav,True
2020,SDRW2000001190,SDRW2000001190.1.1.120,no_textgrid_after_beam10_retry40,D:\20_AUDIO\03_wav\individual\2020\SDRW2000001190\SDRW2000001190.1.1.120.lab,82,D:\20_AUDIO\03_wav\individual\2020\SDRW2000001190\SDRW2000001190.1.1.120.wav,True
2020,SDRW2000001199,SDRW2000001199.1.1.106,no_textgrid_after_beam10_retry40,D:\20_AUDIO\03_wav\individual\2020\SDRW2000001199\SDRW2000001199.1.1.106.lab,70,D:\20_AUDIO\03_wav\individual\2020\SDRW2000001199\SDRW2000001199.1.1.106.wav,True
2020,SDRW2000001199,SDRW2000001199.1.1.107,no_textgrid_after_beam10_retry40,D:\20_AUDIO\03_wav\individual\2020\SDRW2000001199\SDRW2000001199.1.1.107.lab,63,D:\20_AUDIO\03_wav\individual\2020\SDRW2000001199\SDRW2000001199.1.1.107.wav,True
2020,SDRW2000001199,SDRW2000001199.1.1.108,no_textgrid_after_beam10_retry40,D:\20_AUDIO\03_wav\individual\2020\SDRW2000001199\SDRW2000001199.1.1.108.lab,30,D:\20_AUDIO\03_wav\individual\2020\SDRW2000001199\SDRW2000001199.1.1.108.wav,True
2020,SDRW2000001199,SDRW2000001199.1.1.114,no_textgrid_after_beam10_retry40,D:\20_AUDIO\03_wav\individual\2020\SDRW2000001199\SDRW2000001199.1.1.114.lab,39,D:\20_AUDIO\03_wav\individual\2020\SDRW2000001199\SDRW2000001199.1.1.114.wav,True
2020,SDRW2000001199,SDRW2000001199.1.1.115,no_textgrid_after_beam10_retry40,D:\20_AUDIO\03_wav\individual\2020\SDRW2000001199\SDRW2000001199.1.1.115.lab,50,D:\20_AUDIO\03_wav\individual\2020\SDRW2000001199\SDRW2000001199.1.1.115.wav,True
2020,SDRW2000001199,SDRW2000001199.1.1.121,no_textgrid_after_beam10_retry40,D:\20_AUDIO\03_wav\individual\2020\SDRW2000001199\SDRW2000001199.1.1.121.lab,54,D:\20_AUDIO\03_wav\individual\2020\SDRW2000001199\SDRW2000001199.1.1.121.wav,True
2020,SDRW2000001199,SDRW2000001199.1.1.123,no_textgrid_after_beam10_retry40,D:\20_AUDIO\03_wav\individual\2020\SDRW2000001199\SDRW2000001199.1.1.123.lab,40,D:\20_AUDIO\03_wav\individual\2020\SDRW2000001199\SDRW2000001199.1.1.123.wav,True
2020,SDRW2000001199,SDRW2000001199.1.1.130,no_textgrid_after_beam10_retry40,D:\20_AUDIO\03_wav\individual\2020\SDRW2000001199\SDRW2000001199.1.1.130.lab,76,D:\20_AUDIO\03_wav\individual\2020\SDRW2000001199\SDRW2000001199.1.1.130.wav,True
2020,SDRW2000001199,SDRW2000001199.1.1.132,no_textgrid_after_beam10_retry40,D:\20_AUDIO\03_wav\individual\2020\SDRW2000001199\SDRW2000001199.1.1.132.lab,44,D:\20_AUDIO\03_wav\individual\2020\SDRW2000001199\SDRW2000001199.1.1.132.wav,True
2020,SDRW2000001199,SDRW2000001199.1.1.133,no_textgrid_after_beam10_retry40,D:\20_AUDIO\03_wav\individual\2020\SDRW2000001199\SDRW2000001199.1.1.133.lab,39,D:\20_AUDIO\03_wav\individual\2020\SDRW2000001199\SDRW2000001199.1.1.133.wav,True
2020,SDRW2000001199,SDRW2000001199.1.1.144,no_textgrid_after_beam10_retry40,D:\20_AUDIO\03_wav\individual\2020\SDRW2000001199\SDRW2000001199.1.1.144.lab,72,D:\20_AUDIO\03_wav\individual\2020\SDRW2000001199\SDRW2000001199.1.1.144.wav,True
2020,SDRW2000001199,SDRW2000001199.1.1.151,no_textgrid_after_beam10_retry40,D:\20_AUDIO\03_wav\individual\2020\SDRW2000001199\SDRW2000001199.1.1.151.lab,37,D:\20_AUDIO\03_wav\individual\2020\SDRW2000001199\SDRW2000001199.1.1.151.wav,True
2020,SDRW2000001199,SDRW2000001199.1.1.153,no_textgrid_after_beam10_retry40,D:\20_AUDIO\03_wav\individual\2020\SDRW2000001199\SDRW2000001199.1.1.153.lab,87,D:\20_AUDIO\03_wav\individual\2020\SDRW2000001199\SDRW2000001199.1.1.153.wav,True
2020,SDRW2000001199,SDRW2000001199.1.1.155,no_textgrid_after_beam10_retry40,D:\20_AUDIO\03_wav\individual\2020\SDRW2000001199\SDRW2000001199.1.1.155.lab,32,D:\20_AUDIO\03_wav\individual\2020\SDRW2000001199\SDRW2000001199.1.1.155.wav,True
2020,SDRW2000001199,SDRW2000001199.1.1.161,no_textgrid_after_beam10_retry40,D:\20_AUDIO\03_wav\individual\2020\SDRW2000001199\SDRW2000001199.1.1.161.lab,27,D:\20_AUDIO\03_wav\individual\2020\SDRW2000001199\SDRW2000001199.1.1.161.wav,True
2020,SDRW2000001199,SDRW2000001199.1.1.162,no_textgrid_after_beam10_retry40,D:\20_AUDIO\03_wav\individual\2020\SDRW2000001199\SDRW2000001199.1.1.162.lab,47,D:\20_AUDIO\03_wav\individual\2020\SDRW2000001199\SDRW2000001199.1.1.162.wav,True
2020,SDRW2000001199,SDRW2000001199.1.1.164,no_textgrid_after_beam10_retry40,D:\20_AUDIO\03_wav\individual\2020\SDRW2000001199\SDRW2000001199.1.1.164.lab,35,D:\20_AUDIO\03_wav\individual\2020\SDRW2000001199\SDRW2000001199.1.1.164.wav,True
2020,SDRW2000001199,SDRW2000001199.1.1.168,no_textgrid_after_beam10_retry40,D:\20_AUDIO\03_wav\individual\2020\SDRW2000001199\SDRW2000001199.1.1.168.lab,81,D:\20_AUDIO\03_wav\individual\2020\SDRW2000001199\SDRW2000001199.1.1.168.wav,True
2020,SDRW2000001199,SDRW2000001199.1.1.171,no_textgrid_after_beam10_retry40,D:\20_AUDIO\03_wav\individual\2020\SDRW2000001199\SDRW2000001199.1.1.171.lab,69,D:\20_AUDIO\03_wav\individual\2020\SDRW2000001199\SDRW2000001199.1.1.171.wav,True
2020,SDRW2000001199,SDRW2000001199.1.1.174,no_textgrid_after_beam10_retry40,D:\20_AUDIO\03_wav\individual\2020\SDRW2000001199\SDRW2000001199.1.1.174.lab,36,D:\20_AUDIO\03_wav\individual\2020\SDRW2000001199\SDRW2000001199.1.1.174.wav,True
2020,SDRW2000001199,SDRW2000001199.1.1.175,no_textgrid_after_beam10_retry40,D:\20_AUDIO\03_wav\individual\2020\SDRW2000001199\SDRW2000001199.1.1.175.lab,57,D:\20_AUDIO\03_wav\individual\2020\SDRW2000001199\SDRW2000001199.1.1.175.wav,True
2020,SDRW2000001199,SDRW2000001199.1.1.177,no_textgrid_after_beam10_retry40,D:\20_AUDIO\03_wav\individual\2020\SDRW2000001199\SDRW2000001199.1.1.177.lab,57,D:\20_AUDIO\03_wav\individual\2020\SDRW2000001199\SDRW2000001199.1.1.177.wav,True
2020,SDRW2000001199,SDRW2000001199.1.1.178,no_textgrid_after_beam10_retry40,D:\20_AUDIO\03_wav\individual\2020\SDRW2000001199\SDRW2000001199.1.1.178.lab,54,D:\20_AUDIO\03_wav\individual\2020\SDRW2000001199\SDRW2000001199.1.1.178.wav,True
2020,SDRW2000001199,SDRW2000001199.1.1.18,no_textgrid_after_beam10_retry40,D:\20_AUDIO\03_wav\individual\2020\SDRW2000001199\SDRW2000001199.1.1.18.lab,40,D:\20_AUDIO\03_wav\individual\2020\SDRW2000001199\SDRW2000001199.1.1.18.wav,True
2020,SDRW2000001199,SDRW2000001199.1.1.181,no_textgrid_after_beam10_retry40,D:\20_AUDIO\03_wav\individual\2020\SDRW2000001199\SDRW2000001199.1.1.181.lab,76,D:\20_AUDIO\03_wav\individual\2020\SDRW2000001199\SDRW2000001199.1.1.181.wav,True
2020,SDRW2000001199,SDRW2000001199.1.1.188,no_textgrid_after_beam10_retry40,D:\20_AUDIO\03_wav\individual\2020\SDRW2000001199\SDRW2000001199.1.1.188.lab,87,D:\20_AUDIO\03_wav\individual\2020\SDRW2000001199\SDRW2000001199.1.1.188.wav,True
2020,SDRW2000001199,SDRW2000001199.1.1.189,no_textgrid_after_beam10_retry40,D:\20_AUDIO\03_wav\individual\2020\SDRW2000001199\SDRW2000001199.1.1.189.lab,93,D:\20_AUDIO\03_wav\individual\2020\SDRW2000001199\SDRW2000001199.1.1.189.wav,True
2020,SDRW2000001199,SDRW2000001199.1.1.192,no_textgrid_after_beam10_retry40,D:\20_AUDIO\03_wav\individual\2020\SDRW2000001199\SDRW2000001199.1.1.192.lab,87,D:\20_AUDIO\03_wav\individual\2020\SDRW2000001199\SDRW2000001199.1.1.192.wav,True
2020,SDRW2000001199,SDRW2000001199.1.1.193,no_textgrid_after_beam10_retry40,D:\20_AUDIO\03_wav\individual\2020\SDRW2000001199\SDRW2000001199.1.1.193.lab,50,D:\20_AUDIO\03_wav\individual\2020\SDRW2000001199\SDRW2000001199.1.1.193.wav,True
2020,SDRW2000001199,SDRW2000001199.1.1.194,no_textgrid_after_beam10_retry40,D:\20_AUDIO\03_wav\individual\2020\SDRW2000001199\SDRW2000001199.1.1.194.lab,29,D:\20_AUDIO\03_wav\individual\2020\SDRW2000001199\SDRW2000001199.1.1.194.wav,True
2020,SDRW2000001199,SDRW2000001199.1.1.195,no_textgrid_after_beam10_retry40,D:\20_AUDIO\03_wav\individual\2020\SDRW2000001199\SDRW2000001199.1.1.195.lab,54,D:\20_AUDIO\03_wav\individual\2020\SDRW2000001199\SDRW2000001199.1.1.195.wav,True
2020,SDRW2000001199,SDRW2000001199.1.1.211,no_textgrid_after_beam10_retry40,D:\20_AUDIO\03_wav\individual\2020\SDRW2000001199\SDRW2000001199.1.1.211.lab,39,D:\20_AUDIO\03_wav\individual\2020\SDRW2000001199\SDRW2000001199.1.1.211.wav,True
2020,SDRW2000001199,SDRW2000001199.1.1.213,no_textgrid_after_beam10_retry40,D:\20_AUDIO\03_wav\individual\2020\SDRW2000001199\SDRW2000001199.1.1.213.lab,48,D:\20_AUDIO\03_wav\individual\2020\SDRW2000001199\SDRW2000001199.1.1.213.wav,True
2020,SDRW2000001199,SDRW2000001199.1.1.218,no_textgrid_after_beam10_retry40,D:\20_AUDIO\03_wav\individual\2020\SDRW2000001199\SDRW2000001199.1.1.218.lab,75,D:\20_AUDIO\03_wav\individual\2020\SDRW2000001199\SDRW2000001199.1.1.218.wav,True
2020,SDRW2000001199,SDRW2000001199.1.1.221,no_textgrid_after_beam10_retry40,D:\20_AUDIO\03_wav\individual\2020\SDRW2000001199\SDRW2000001199.1.1.221.lab,99,D:\20_AUDIO\03_wav\individual\2020\SDRW2000001199\SDRW2000001199.1.1.221.wav,True
2020,SDRW2000001199,SDRW2000001199.1.1.227,no_textgrid_after_beam10_retry40,D:\20_AUDIO\03_wav\individual\2020\SDRW2000001199\SDRW2000001199.1.1.227.lab,77,D:\20_AUDIO\03_wav\individual\2020\SDRW2000001199\SDRW2000001199.1.1.227.wav,True
2020,SDRW2000001199,SDRW2000001199.1.1.230,no_textgrid_after_beam10_retry40,D:\20_AUDIO\03_wav\individual\2020\SDRW2000001199\SDRW2000001199.1.1.230.lab,56,D:\20_AUDIO\03_wav\individual\2020\SDRW2000001199\SDRW2000001199.1.1.230.wav,True
2020,SDRW2000001199,SDRW2000001199.1.1.235,no_textgrid_after_beam10_retry40,D:\20_AUDIO\03_wav\individual\2020\SDRW2000001199\SDRW2000001199.1.1.235.lab,65,D:\20_AUDIO\03_wav\individual\2020\SDRW2000001199\SDRW2000001199.1.1.235.wav,True
2020,SDRW2000001199,SDRW2000001199.1.1.236,no_textgrid_after_beam10_retry40,D:\20_AUDIO\03_wav\individual\2020\SDRW2000001199\SDRW2000001199.1.1.236.lab,87,D:\20_AUDIO\03_wav\individual\2020\SDRW2000001199\SDRW2000001199.1.1.236.wav,True
2020,SDRW2000001199,SDRW2000001199.1.1.239,no_textgrid_after_beam10_retry40,D:\20_AUDIO\03_wav\individual\2020\SDRW2000001199\SDRW2000001199.1.1.239.lab,72,D:\20_AUDIO\03_wav\individual\2020\SDRW2000001199\SDRW2000001199.1.1.239.wav,True
2020,SDRW2000001199,SDRW2000001199.1.1.243,no_textgrid_after_beam10_retry40,D:\20_AUDIO\03_wav\individual\2020\SDRW2000001199\SDRW2000001199.1.1.243.lab,52,D:\20_AUDIO\03_wav\individual\2020\SDRW2000001199\SDRW2000001199.1.1.243.wav,True
2020,SDRW2000001199,SDRW2000001199.1.1.254,no_textgrid_after_beam10_retry40,D:\20_AUDIO\03_wav\individual\2020\SDRW2000001199\SDRW2000001199.1.1.254.lab,40,D:\20_AUDIO\03_wav\individual\2020\SDRW2000001199\SDRW2000001199.1.1.254.wav,True
2020,SDRW2000001199,SDRW2000001199.1.1.257,no_textgrid_after_beam10_retry40,D:\20_AUDIO\03_wav\individual\2020\SDRW2000001199\SDRW2000001199.1.1.257.lab,43,D:\20_AUDIO\03_wav\individual\2020\SDRW2000001199\SDRW2000001199.1.1.257.wav,True
2020,SDRW2000001199,SDRW2000001199.1.1.271,no_textgrid_after_beam10_retry40,D:\20_AUDIO\03_wav\individual\2020\SDRW2000001199\SDRW2000001199.1.1.271.lab,70,D:\20_AUDIO\03_wav\individual\2020\SDRW2000001199\SDRW2000001199.1.1.271.wav,True
2020,SDRW2000001199,SDRW2000001199.1.1.277,no_textgrid_after_beam10_retry40,D:\20_AUDIO\03_wav\individual\2020\SDRW2000001199\SDRW2000001199.1.1.277.lab,52,D:\20_AUDIO\03_wav\individual\2020\SDRW2000001199\SDRW2000001199.1.1.277.wav,True
2020,SDRW2000001199,SDRW2000001199.1.1.286,no_textgrid_after_beam10_retry40,D:\20_AUDIO\03_wav\individual\2020\SDRW2000001199\SDRW2000001199.1.1.286.lab,39,D:\20_AUDIO\03_wav\individual\2020\SDRW2000001199\SDRW2000001199.1.1.286.wav,True
2020,SDRW2000001199,SDRW2000001199.1.1.292,no_textgrid_after_beam10_retry40,D:\20_AUDIO\03_wav\individual\2020\SDRW2000001199\SDRW2000001199.1.1.292.lab,40,D:\20_AUDIO\03_wav\individual\2020\SDRW2000001199\SDRW2000001199.1.1.292.wav,True
2020,SDRW2000001199,SDRW2000001199.1.1.298,no_textgrid_after_beam10_retry40,D:\20_AUDIO\03_wav\individual\2020\SDRW2000001199\SDRW2000001199.1.1.298.lab,45,D:\20_AUDIO\03_wav\individual\2020\SDRW2000001199\SDRW2000001199.1.1.298.wav,True
2020,SDRW2000001199,SDRW2000001199.1.1.301,no_textgrid_after_beam10_retry40,D:\20_AUDIO\03_wav\individual\2020\SDRW2000001199\SDRW2000001199.1.1.301.lab,80,D:\20_AUDIO\03_wav\individual\2020\SDRW2000001199\SDRW2000001199.1.1.301.wav,True
2020,SDRW2000001199,SDRW2000001199.1.1.302,no_textgrid_after_beam10_retry40,D:\20_AUDIO\03_wav\individual\2020\SDRW2000001199\SDRW2000001199.1.1.302.lab,26,D:\20_AUDIO\03_wav\individual\2020\SDRW2000001199\SDRW2000001199.1.1.302.wav,True
2020,SDRW2000001199,SDRW2000001199.1.1.304,no_textgrid_after_beam10_retry40,D:\20_AUDIO\03_wav\individual\2020\SDRW2000001199\SDRW2000001199.1.1.304.lab,36,D:\20_AUDIO\03_wav\individual\2020\SDRW2000001199\SDRW2000001199.1.1.304.wav,True
2020,SDRW2000001199,SDRW2000001199.1.1.308,no_textgrid_after_beam10_retry40,D:\20_AUDIO\03_wav\individual\2020\SDRW2000001199\SDRW2000001199.1.1.308.lab,63,D:\20_AUDIO\03_wav\individual\2020\SDRW2000001199\SDRW2000001199.1.1.308.wav,True
2020,SDRW2000001199,SDRW2000001199.1.1.311,no_textgrid_after_beam10_retry40,D:\20_AUDIO\03_wav\individual\2020\SDRW2000001199\SDRW2000001199.1.1.311.lab,36,D:\20_AUDIO\03_wav\individual\2020\SDRW2000001199\SDRW2000001199.1.1.311.wav,True
2020,SDRW2000001199,SDRW2000001199.1.1.313,no_textgrid_after_beam10_retry40,D:\20_AUDIO\03_wav\individual\2020\SDRW2000001199\SDRW2000001199.1.1.313.lab,50,D:\20_AUDIO\03_wav\individual\2020\SDRW2000001199\SDRW2000001199.1.1.313.wav,True
2020,SDRW2000001199,SDRW2000001199.1.1.324,no_textgrid_after_beam10_retry40,D:\20_AUDIO\03_wav\individual\2020\SDRW2000001199\SDRW2000001199.1.1.324.lab,36,D:\20_AUDIO\03_wav\individual\2020\SDRW2000001199\SDRW2000001199.1.1.324.wav,True
2020,SDRW2000001199,SDRW2000001199.1.1.326,no_textgrid_after_beam10_retry40,D:\20_AUDIO\03_wav\individual\2020\SDRW2000001199\SDRW2000001199.1.1.326.lab,44,D:\20_AUDIO\03_wav\individual\2020\SDRW2000001199\SDRW2000001199.1.1.326.wav,True
2020,SDRW2000001199,SDRW2000001199.1.1.328,no_textgrid_after_beam10_retry40,D:\20_AUDIO\03_wav\individual\2020\SDRW2000001199\SDRW2000001199.1.1.328.lab,55,D:\20_AUDIO\03_wav\individual\2020\SDRW2000001199\SDRW2000001199.1.1.328.wav,True
2020,SDRW2000001199,SDRW2000001199.1.1.331,no_textgrid_after_beam10_retry40,D:\20_AUDIO\03_wav\individual\2020\SDRW2000001199\SDRW2000001199.1.1.331.lab,54,D:\20_AUDIO\03_wav\individual\2020\SDRW2000001199\SDRW2000001199.1.1.331.wav,True
2020,SDRW2000001199,SDRW2000001199.1.1.334,no_textgrid_after_beam10_retry40,D:\20_AUDIO\03_wav\individual\2020\SDRW2000001199\SDRW2000001199.1.1.334.lab,58,D:\20_AUDIO\03_wav\individual\2020\SDRW2000001199\SDRW2000001199.1.1.334.wav,True
2020,SDRW2000001199,SDRW2000001199.1.1.337,no_textgrid_after_beam10_retry40,D:\20_AUDIO\03_wav\individual\2020\SDRW2000001199\SDRW2000001199.1.1.337.lab,39,D:\20_AUDIO\03_wav\individual\2020\SDRW2000001199\SDRW2000001199.1.1.337.wav,True
2020,SDRW2000001199,SDRW2000001199.1.1.340,no_textgrid_after_beam10_retry40,D:\20_AUDIO\03_wav\individual\2020\SDRW2000001199\SDRW2000001199.1.1.340.lab,39,D:\20_AUDIO\03_wav\individual\2020\SDRW2000001199\SDRW2000001199.1.1.340.wav,True
2020,SDRW2000001199,SDRW2000001199.1.1.36,no_textgrid_after_beam10_retry40,D:\20_AUDIO\03_wav\individual\2020\SDRW2000001199\SDRW2000001199.1.1.36.lab,51,D:\20_AUDIO\03_wav\individual\2020\SDRW2000001199\SDRW2000001199.1.1.36.wav,True
2020,SDRW2000001199,SDRW2000001199.1.1.361,no_textgrid_after_beam10_retry40,D:\20_AUDIO\03_wav\individual\2020\SDRW2000001199\SDRW2000001199.1.1.361.lab,51,D:\20_AUDIO\03_wav\individual\2020\SDRW2000001199\SDRW2000001199.1.1.361.wav,True
2020,SDRW2000001199,SDRW2000001199.1.1.365,no_textgrid_after_beam10_retry40,D:\20_AUDIO\03_wav\individual\2020\SDRW2000001199\SDRW2000001199.1.1.365.lab,66,D:\20_AUDIO\03_wav\individual\2020\SDRW2000001199\SDRW2000001199.1.1.365.wav,True
2020,SDRW2000001199,SDRW2000001199.1.1.367,no_textgrid_after_beam10_retry40,D:\20_AUDIO\03_wav\individual\2020\SDRW2000001199\SDRW2000001199.1.1.367.lab,50,D:\20_AUDIO\03_wav\individual\2020\SDRW2000001199\SDRW2000001199.1.1.367.wav,True
2020,SDRW2000001199,SDRW2000001199.1.1.370,no_textgrid_after_beam10_retry40,D:\20_AUDIO\03_wav\individual\2020\SDRW2000001199\SDRW2000001199.1.1.370.lab,82,D:\20_AUDIO\03_wav\individual\2020\SDRW2000001199\SDRW2000001199.1.1.370.wav,True
2020,SDRW2000001199,SDRW2000001199.1.1.372,no_textgrid_after_beam10_retry40,D:\20_AUDIO\03_wav\individual\2020\SDRW2000001199\SDRW2000001199.1.1.372.lab,45,D:\20_AUDIO\03_wav\individual\2020\SDRW2000001199\SDRW2000001199.1.1.372.wav,True
2020,SDRW2000001199,SDRW2000001199.1.1.374,no_textgrid_after_beam10_retry40,D:\20_AUDIO\03_wav\individual\2020\SDRW2000001199\SDRW2000001199.1.1.374.lab,37,D:\20_AUDIO\03_wav\individual\2020\SDRW2000001199\SDRW2000001199.1.1.374.wav,True
2020,SDRW2000001199,SDRW2000001199.1.1.380,no_textgrid_after_beam10_retry40,D:\20_AUDIO\03_wav\individual\2020\SDRW2000001199\SDRW2000001199.1.1.380.lab,26,D:\20_AUDIO\03_wav\individual\2020\SDRW2000001199\SDRW2000001199.1.1.380.wav,True
2020,SDRW2000001199,SDRW2000001199.1.1.384,no_textgrid_after_beam10_retry40,D:\20_AUDIO\03_wav\individual\2020\SDRW2000001199\SDRW2000001199.1.1.384.lab,53,D:\20_AUDIO\03_wav\individual\2020\SDRW2000001199\SDRW2000001199.1.1.384.wav,True
2020,SDRW2000001199,SDRW2000001199.1.1.385,no_textgrid_after_beam10_retry40,D:\20_AUDIO\03_wav\individual\2020\SDRW2000001199\SDRW2000001199.1.1.385.lab,68,D:\20_AUDIO\03_wav\individual\2020\SDRW2000001199\SDRW2000001199.1.1.385.wav,True
2020,SDRW2000001199,SDRW2000001199.1.1.398,no_textgrid_after_beam10_retry40,D:\20_AUDIO\03_wav\individual\2020\SDRW2000001199\SDRW2000001199.1.1.398.lab,30,D:\20_AUDIO\03_wav\individual\2020\SDRW2000001199\SDRW2000001199.1.1.398.wav,True
2020,SDRW2000001199,SDRW2000001199.1.1.404,no_textgrid_after_beam10_retry40,D:\20_AUDIO\03_wav\individual\2020\SDRW2000001199\SDRW2000001199.1.1.404.lab,34,D:\20_AUDIO\03_wav\individual\2020\SDRW2000001199\SDRW2000001199.1.1.404.wav,True
2020,SDRW2000001199,SDRW2000001199.1.1.407,no_textgrid_after_beam10_retry40,D:\20_AUDIO\03_wav\individual\2020\SDRW2000001199\SDRW2000001199.1.1.407.lab,61,D:\20_AUDIO\03_wav\individual\2020\SDRW2000001199\SDRW2000001199.1.1.407.wav,True
2020,SDRW2000001199,SDRW2000001199.1.1.409,no_textgrid_after_beam10_retry40,D:\20_AUDIO\03_wav\individual\2020\SDRW2000001199\SDRW2000001199.1.1.409.lab,47,D:\20_AUDIO\03_wav\individual\2020\SDRW2000001199\SDRW2000001199.1.1.409.wav,True
2020,SDRW2000001199,SDRW2000001199.1.1.410,no_textgrid_after_beam10_retry40,D:\20_AUDIO\03_wav\individual\2020\SDRW2000001199\SDRW2000001199.1.1.410.lab,37,D:\20_AUDIO\03_wav\individual\2020\SDRW2000001199\SDRW2000001199.1.1.410.wav,True
2020,SDRW2000001199,SDRW2000001199.1.1.413,no_textgrid_after_beam10_retry40,D:\20_AUDIO\03_wav\individual\2020\SDRW2000001199\SDRW2000001199.1.1.413.lab,45,D:\20_AUDIO\03_wav\individual\2020\SDRW2000001199\SDRW2000001199.1.1.413.wav,True
2020,SDRW2000001199,SDRW2000001199.1.1.45,no_textgrid_after_beam10_retry40,D:\20_AUDIO\03_wav\individual\2020\SDRW2000001199\SDRW2000001199.1.1.45.lab,38,D:\20_AUDIO\03_wav\individual\2020\SDRW2000001199\SDRW2000001199.1.1.45.wav,True
2020,SDRW2000001199,SDRW2000001199.1.1.50,no_textgrid_after_beam10_retry40,D:\20_AUDIO\03_wav\individual\2020\SDRW2000001199\SDRW2000001199.1.1.50.lab,66,D:\20_AUDIO\03_wav\individual\2020\SDRW2000001199\SDRW2000001199.1.1.50.wav,True
2020,SDRW2000001199,SDRW2000001199.1.1.52,no_textgrid_after_beam10_retry40,D:\20_AUDIO\03_wav\individual\2020\SDRW2000001199\SDRW2000001199.1.1.52.lab,24,D:\20_AUDIO\03_wav\individual\2020\SDRW2000001199\SDRW2000001199.1.1.52.wav,True
2020,SDRW2000001199,SDRW2000001199.1.1.55,no_textgrid_after_beam10_retry40,D:\20_AUDIO\03_wav\individual\2020\SDRW2000001199\SDRW2000001199.1.1.55.lab,38,D:\20_AUDIO\03_wav\individual\2020\SDRW2000001199\SDRW2000001199.1.1.55.wav,True
2020,SDRW2000001199,SDRW2000001199.1.1.68,no_textgrid_after_beam10_retry40,D:\20_AUDIO\03_wav\individual\2020\SDRW2000001199\SDRW2000001199.1.1.68.lab,70,D:\20_AUDIO\03_wav\individual\2020\SDRW2000001199\SDRW2000001199.1.1.68.wav,True
2020,SDRW2000001199,SDRW2000001199.1.1.69,no_textgrid_after_beam10_retry40,D:\20_AUDIO\03_wav\individual\2020\SDRW2000001199\SDRW2000001199.1.1.69.lab,45,D:\20_AUDIO\03_wav\individual\2020\SDRW2000001199\SDRW2000001199.1.1.69.wav,True
2020,SDRW2000001199,SDRW2000001199.1.1.74,no_textgrid_after_beam10_retry40,D:\20_AUDIO\03_wav\individual\2020\SDRW2000001199\SDRW2000001199.1.1.74.lab,30,D:\20_AUDIO\03_wav\individual\2020\SDRW2000001199\SDRW2000001199.1.1.74.wav,True
2020,SDRW2000001199,SDRW2000001199.1.1.76,no_textgrid_after_beam10_retry40,D:\20_AUDIO\03_wav\individual\2020\SDRW2000001199\SDRW2000001199.1.1.76.lab,30,D:\20_AUDIO\03_wav\individual\2020\SDRW2000001199\SDRW2000001199.1.1.76.wav,True
2020,SDRW2000001199,SDRW2000001199.1.1.8,no_textgrid_after_beam10_retry40,D:\20_AUDIO\03_wav\individual\2020\SDRW2000001199\SDRW2000001199.1.1.8.lab,44,D:\20_AUDIO\03_wav\individual\2020\SDRW2000001199\SDRW2000001199.1.1.8.wav,True
2020,SDRW2000001199,SDRW2000001199.1.1.88,no_textgrid_after_beam10_retry40,D:\20_AUDIO\03_wav\individual\2020\SDRW2000001199\SDRW2000001199.1.1.88.lab,37,D:\20_AUDIO\03_wav\individual\2020\SDRW2000001199\SDRW2000001199.1.1.88.wav,True
2020,SDRW2000001199,SDRW2000001199.1.1.90,no_textgrid_after_beam10_retry40,D:\20_AUDIO\03_wav\individual\2020\SDRW2000001199\SDRW2000001199.1.1.90.lab,30,D:\20_AUDIO\03_wav\individual\2020\SDRW2000001199\SDRW2000001199.1.1.90.wav,True
2020,SDRW2000001199,SDRW2000001199.1.1.97,no_textgrid_after_beam10_retry40,D:\20_AUDIO\03_wav\individual\2020\SDRW2000001199\SDRW2000001199.1.1.97.lab,64,D:\20_AUDIO\03_wav\individual\2020\SDRW2000001199\SDRW2000001199.1.1.97.wav,True
2020,SDRW2000001201,SDRW2000001201.1.1.101,no_textgrid_after_beam10_retry40,D:\20_AUDIO\03_wav\individual\2020\SDRW2000001201\SDRW2000001201.1.1.101.lab,48,D:\20_AUDIO\03_wav\individual\2020\SDRW2000001201\SDRW2000001201.1.1.101.wav,True
2020,SDRW2000001201,SDRW2000001201.1.1.102,no_textgrid_after_beam10_retry40,D:\20_AUDIO\03_wav\individual\2020\SDRW2000001201\SDRW2000001201.1.1.102.lab,34,D:\20_AUDIO\03_wav\individual\2020\SDRW2000001201\SDRW2000001201.1.1.102.wav,True
2020,SDRW2000001201,SDRW2000001201.1.1.108,no_textgrid_after_beam10_retry40,D:\20_AUDIO\03_wav\individual\2020\SDRW2000001201\SDRW2000001201.1.1.108.lab,59,D:\20_AUDIO\03_wav\individual\2020\SDRW2000001201\SDRW2000001201.1.1.108.wav,True
2020,SDRW2000001201,SDRW2000001201.1.1.111,no_textgrid_after_beam10_retry40,D:\20_AUDIO\03_wav\individual\2020\SDRW2000001201\SDRW2000001201.1.1.111.lab,61,D:\20_AUDIO\03_wav\individual\2020\SDRW2000001201\SDRW2000001201.1.1.111.wav,True
2020,SDRW2000001201,SDRW2000001201.1.1.115,no_textgrid_after_beam10_retry40,D:\20_AUDIO\03_wav\individual\2020\SDRW2000001201\SDRW2000001201.1.1.115.lab,42,D:\20_AUDIO\03_wav\individual\2020\SDRW2000001201\SDRW2000001201.1.1.115.wav,True
2020,SDRW2000001201,SDRW2000001201.1.1.12,no_textgrid_after_beam10_retry40,D:\20_AUDIO\03_wav\individual\2020\SDRW2000001201\SDRW2000001201.1.1.12.lab,68,D:\20_AUDIO\03_wav\individual\2020\SDRW2000001201\SDRW2000001201.1.1.12.wav,True
2020,SDRW2000001201,SDRW2000001201.1.1.122,no_textgrid_after_beam10_retry40,D:\20_AUDIO\03_wav\individual\2020\SDRW2000001201\SDRW2000001201.1.1.122.lab,60,D:\20_AUDIO\03_wav\individual\2020\SDRW2000001201\SDRW2000001201.1.1.122.wav,True
2020,SDRW2000001201,SDRW2000001201.1.1.125,no_textgrid_after_beam10_retry40,D:\20_AUDIO\03_wav\individual\2020\SDRW2000001201\SDRW2000001201.1.1.125.lab,23,D:\20_AUDIO\03_wav\individual\2020\SDRW2000001201\SDRW2000001201.1.1.125.wav,True
2020,SDRW2000001201,SDRW2000001201.1.1.128,no_textgrid_after_beam10_retry40,D:\20_AUDIO\03_wav\individual\2020\SDRW2000001201\SDRW2000001201.1.1.128.lab,53,D:\20_AUDIO\03_wav\individual\2020\SDRW2000001201\SDRW2000001201.1.1.128.wav,True
2020,SDRW2000001201,SDRW2000001201.1.1.135,no_textgrid_after_beam10_retry40,D:\20_AUDIO\03_wav\individual\2020\SDRW2000001201\SDRW2000001201.1.1.135.lab,44,D:\20_AUDIO\03_wav\individual\2020\SDRW2000001201\SDRW2000001201.1.1.135.wav,True
2020,SDRW2000001201,SDRW2000001201.1.1.143,no_textgrid_after_beam10_retry40,D:\20_AUDIO\03_wav\individual\2020\SDRW2000001201\SDRW2000001201.1.1.143.lab,52,D:\20_AUDIO\03_wav\individual\2020\SDRW2000001201\SDRW2000001201.1.1.143.wav,True
2020,SDRW2000001201,SDRW2000001201.1.1.147,no_textgrid_after_beam10_retry40,D:\20_AUDIO\03_wav\individual\2020\SDRW2000001201\SDRW2000001201.1.1.147.lab,19,D:\20_AUDIO\03_wav\individual\2020\SDRW2000001201\SDRW2000001201.1.1.147.wav,True
2020,SDRW2000001201,SDRW2000001201.1.1.150,no_textgrid_after_beam10_retry40,D:\20_AUDIO\03_wav\individual\2020\SDRW2000001201\SDRW2000001201.1.1.150.lab,75,D:\20_AUDIO\03_wav\individual\2020\SDRW2000001201\SDRW2000001201.1.1.150.wav,True
2020,SDRW2000001201,SDRW2000001201.1.1.156,no_textgrid_after_beam10_retry40,D:\20_AUDIO\03_wav\individual\2020\SDRW2000001201\SDRW2000001201.1.1.156.lab,36,D:\20_AUDIO\03_wav\individual\2020\SDRW2000001201\SDRW2000001201.1.1.156.wav,True
2020,SDRW2000001201,SDRW2000001201.1.1.157,no_textgrid_after_beam10_retry40,D:\20_AUDIO\03_wav\individual\2020\SDRW2000001201\SDRW2000001201.1.1.157.lab,44,D:\20_AUDIO\03_wav\individual\2020\SDRW2000001201\SDRW2000001201.1.1.157.wav,True
2020,SDRW2000001201,SDRW2000001201.1.1.161,no_textgrid_after_beam10_retry40,D:\20_AUDIO\03_wav\individual\2020\SDRW2000001201\SDRW2000001201.1.1.161.lab,92,D:\20_AUDIO\03_wav\individual\2020\SDRW2000001201\SDRW2000001201.1.1.161.wav,True
2020,SDRW2000001201,SDRW2000001201.1.1.162,no_textgrid_after_beam10_retry40,D:\20_AUDIO\03_wav\individual\2020\SDRW2000001201\SDRW2000001201.1.1.162.lab,79,D:\20_AUDIO\03_wav\individual\2020\SDRW2000001201\SDRW2000001201.1.1.162.wav,True
2020,SDRW2000001201,SDRW2000001201.1.1.163,no_textgrid_after_beam10_retry40,D:\20_AUDIO\03_wav\individual\2020\SDRW2000001201\SDRW2000001201.1.1.163.lab,59,D:\20_AUDIO\03_wav\individual\2020\SDRW2000001201\SDRW2000001201.1.1.163.wav,True
2020,SDRW2000001201,SDRW2000001201.1.1.164,no_textgrid_after_beam10_retry40,D:\20_AUDIO\03_wav\individual\2020\SDRW2000001201\SDRW2000001201.1.1.164.lab,27,D:\20_AUDIO\03_wav\individual\2020\SDRW2000001201\SDRW2000001201.1.1.164.wav,True
2020,SDRW2000001201,SDRW2000001201.1.1.168,no_textgrid_after_beam10_retry40,D:\20_AUDIO\03_wav\individual\2020\SDRW2000001201\SDRW2000001201.1.1.168.lab,87,D:\20_AUDIO\03_wav\individual\2020\SDRW2000001201\SDRW2000001201.1.1.168.wav,True
2020,SDRW2000001201,SDRW2000001201.1.1.169,no_textgrid_after_beam10_retry40,D:\20_AUDIO\03_wav\individual\2020\SDRW2000001201\SDRW2000001201.1.1.169.lab,71,D:\20_AUDIO\03_wav\individual\2020\SDRW2000001201\SDRW2000001201.1.1.169.wav,True
2020,SDRW2000001201,SDRW2000001201.1.1.170,no_textgrid_after_beam10_retry40,D:\20_AUDIO\03_wav\individual\2020\SDRW2000001201\SDRW2000001201.1.1.170.lab,50,D:\20_AUDIO\03_wav\individual\2020\SDRW2000001201\SDRW2000001201.1.1.170.wav,True
2020,SDRW2000001201,SDRW2000001201.1.1.175,no_textgrid_after_beam10_retry40,D:\20_AUDIO\03_wav\individual\2020\SDRW2000001201\SDRW2000001201.1.1.175.lab,81,D:\20_AUDIO\03_wav\individual\2020\SDRW2000001201\SDRW2000001201.1.1.175.wav,True
2020,SDRW2000001201,SDRW2000001201.1.1.179,no_textgrid_after_beam10_retry40,D:\20_AUDIO\03_wav\individual\2020\SDRW2000001201\SDRW2000001201.1.1.179.lab,62,D:\20_AUDIO\03_wav\individual\2020\SDRW2000001201\SDRW2000001201.1.1.179.wav,True
2020,SDRW2000001201,SDRW2000001201.1.1.180,no_textgrid_after_beam10_retry40,D:\20_AUDIO\03_wav\individual\2020\SDRW2000001201\SDRW2000001201.1.1.180.lab,83,D:\20_AUDIO\03_wav\individual\2020\SDRW2000001201\SDRW2000001201.1.1.180.wav,True
2020,SDRW2000001201,SDRW2000001201.1.1.184,no_textgrid_after_beam10_retry40,D:\20_AUDIO\03_wav\individual\2020\SDRW2000001201\SDRW2000001201.1.1.184.lab,65,D:\20_AUDIO\03_wav\individual\2020\SDRW2000001201\SDRW2000001201.1.1.184.wav,True
2020,SDRW2000001201,SDRW2000001201.1.1.187,no_textgrid_after_beam10_retry40,D:\20_AUDIO\03_wav\individual\2020\SDRW2000001201\SDRW2000001201.1.1.187.lab,56,D:\20_AUDIO\03_wav\individual\2020\SDRW2000001201\SDRW2000001201.1.1.187.wav,True
2020,SDRW2000001201,SDRW2000001201.1.1.188,no_textgrid_after_beam10_retry40,D:\20_AUDIO\03_wav\individual\2020\SDRW2000001201\SDRW2000001201.1.1.188.lab,60,D:\20_AUDIO\03_wav\individual\2020\SDRW2000001201\SDRW2000001201.1.1.188.wav,True
2020,SDRW2000001201,SDRW2000001201.1.1.190,no_textgrid_after_beam10_retry40,D:\20_AUDIO\03_wav\individual\2020\SDRW2000001201\SDRW2000001201.1.1.190.lab,56,D:\20_AUDIO\03_wav\individual\2020\SDRW2000001201\SDRW2000001201.1.1.190.wav,True
2020,SDRW2000001201,SDRW2000001201.1.1.191,no_textgrid_after_beam10_retry40,D:\20_AUDIO\03_wav\individual\2020\SDRW2000001201\SDRW2000001201.1.1.191.lab,130,D:\20_AUDIO\03_wav\individual\2020\SDRW2000001201\SDRW2000001201.1.1.191.wav,True
2020,SDRW2000001201,SDRW2000001201.1.1.195,no_textgrid_after_beam10_retry40,D:\20_AUDIO\03_wav\individual\2020\SDRW2000001201\SDRW2000001201.1.1.195.lab,62,D:\20_AUDIO\03_wav\individual\2020\SDRW2000001201\SDRW2000001201.1.1.195.wav,True
2020,SDRW2000001201,SDRW2000001201.1.1.199,no_textgrid_after_beam10_retry40,D:\20_AUDIO\03_wav\individual\2020\SDRW2000001201\SDRW2000001201.1.1.199.lab,46,D:\20_AUDIO\03_wav\individual\2020\SDRW2000001201\SDRW2000001201.1.1.199.wav,True
2020,SDRW2000001201,SDRW2000001201.1.1.201,no_textgrid_after_beam10_retry40,D:\20_AUDIO\03_wav\individual\2020\SDRW2000001201\SDRW2000001201.1.1.201.lab,33,D:\20_AUDIO\03_wav\individual\2020\SDRW2000001201\SDRW2000001201.1.1.201.wav,True
2020,SDRW2000001201,SDRW2000001201.1.1.205,no_textgrid_after_beam10_retry40,D:\20_AUDIO\03_wav\individual\2020\SDRW2000001201\SDRW2000001201.1.1.205.lab,22,D:\20_AUDIO\03_wav\individual\2020\SDRW2000001201\SDRW2000001201.1.1.205.wav,True
2020,SDRW2000001201,SDRW2000001201.1.1.21,no_textgrid_after_beam10_retry40,D:\20_AUDIO\03_wav\individual\2020\SDRW2000001201\SDRW2000001201.1.1.21.lab,60,D:\20_AUDIO\03_wav\individual\2020\SDRW2000001201\SDRW2000001201.1.1.21.wav,True
2020,SDRW2000001201,SDRW2000001201.1.1.213,no_textgrid_after_beam10_retry40,D:\20_AUDIO\03_wav\individual\2020\SDRW2000001201\SDRW2000001201.1.1.213.lab,45,D:\20_AUDIO\03_wav\individual\2020\SDRW2000001201\SDRW2000001201.1.1.213.wav,True
2020,SDRW2000001201,SDRW2000001201.1.1.220,no_textgrid_after_beam10_retry40,D:\20_AUDIO\03_wav\individual\2020\SDRW2000001201\SDRW2000001201.1.1.220.lab,56,D:\20_AUDIO\03_wav\individual\2020\SDRW2000001201\SDRW2000001201.1.1.220.wav,True
2020,SDRW2000001201,SDRW2000001201.1.1.224,no_textgrid_after_beam10_retry40,D:\20_AUDIO\03_wav\individual\2020\SDRW2000001201\SDRW2000001201.1.1.224.lab,63,D:\20_AUDIO\03_wav\individual\2020\SDRW2000001201\SDRW2000001201.1.1.224.wav,True
2020,SDRW2000001201,SDRW2000001201.1.1.227,no_textgrid_after_beam10_retry40,D:\20_AUDIO\03_wav\individual\2020\SDRW2000001201\SDRW2000001201.1.1.227.lab,51,D:\20_AUDIO\03_wav\individual\2020\SDRW2000001201\SDRW2000001201.1.1.227.wav,True
2020,SDRW2000001201,SDRW2000001201.1.1.233,no_textgrid_after_beam10_retry40,D:\20_AUDIO\03_wav\individual\2020\SDRW2000001201\SDRW2000001201.1.1.233.lab,61,D:\20_AUDIO\03_wav\individual\2020\SDRW2000001201\SDRW2000001201.1.1.233.wav,True
2020,SDRW2000001201,SDRW2000001201.1.1.234,no_textgrid_after_beam10_retry40,D:\20_AUDIO\03_wav\individual\2020\SDRW2000001201\SDRW2000001201.1.1.234.lab,31,D:\20_AUDIO\03_wav\individual\2020\SDRW2000001201\SDRW2000001201.1.1.234.wav,True
2020,SDRW2000001201,SDRW2000001201.1.1.239,no_textgrid_after_beam10_retry40,D:\20_AUDIO\03_wav\individual\2020\SDRW2000001201\SDRW2000001201.1.1.239.lab,59,D:\20_AUDIO\03_wav\individual\2020\SDRW2000001201\SDRW2000001201.1.1.239.wav,True
2020,SDRW2000001201,SDRW2000001201.1.1.243,no_textgrid_after_beam10_retry40,D:\20_AUDIO\03_wav\individual\2020\SDRW2000001201\SDRW2000001201.1.1.243.lab,49,D:\20_AUDIO\03_wav\individual\2020\SDRW2000001201\SDRW2000001201.1.1.243.wav,True
2020,SDRW2000001201,SDRW2000001201.1.1.247,no_textgrid_after_beam10_retry40,D:\20_AUDIO\03_wav\individual\2020\SDRW2000001201\SDRW2000001201.1.1.247.lab,70,D:\20_AUDIO\03_wav\individual\2020\SDRW2000001201\SDRW2000001201.1.1.247.wav,True
2020,SDRW2000001201,SDRW2000001201.1.1.250,no_textgrid_after_beam10_retry40,D:\20_AUDIO\03_wav\individual\2020\SDRW2000001201\SDRW2000001201.1.1.250.lab,49,D:\20_AUDIO\03_wav\individual\2020\SDRW2000001201\SDRW2000001201.1.1.250.wav,True
2020,SDRW2000001201,SDRW2000001201.1.1.254,no_textgrid_after_beam10_retry40,D:\20_AUDIO\03_wav\individual\2020\SDRW2000001201\SDRW2000001201.1.1.254.lab,33,D:\20_AUDIO\03_wav\individual\2020\SDRW2000001201\SDRW2000001201.1.1.254.wav,True
2020,SDRW2000001201,SDRW2000001201.1.1.256,no_textgrid_after_beam10_retry40,D:\20_AUDIO\03_wav\individual\2020\SDRW2000001201\SDRW2000001201.1.1.256.lab,65,D:\20_AUDIO\03_wav\individual\2020\SDRW2000001201\SDRW2000001201.1.1.256.wav,True
2020,SDRW2000001201,SDRW2000001201.1.1.259,no_textgrid_after_beam10_retry40,D:\20_AUDIO\03_wav\individual\2020\SDRW2000001201\SDRW2000001201.1.1.259.lab,57,D:\20_AUDIO\03_wav\individual\2020\SDRW2000001201\SDRW2000001201.1.1.259.wav,True
2020,SDRW2000001201,SDRW2000001201.1.1.264,no_textgrid_after_beam10_retry40,D:\20_AUDIO\03_wav\individual\2020\SDRW2000001201\SDRW2000001201.1.1.264.lab,54,D:\20_AUDIO\03_wav\individual\2020\SDRW2000001201\SDRW2000001201.1.1.264.wav,True
2020,SDRW2000001201,SDRW2000001201.1.1.273,no_textgrid_after_beam10_retry40,D:\20_AUDIO\03_wav\individual\2020\SDRW2000001201\SDRW2000001201.1.1.273.lab,57,D:\20_AUDIO\03_wav\individual\2020\SDRW2000001201\SDRW2000001201.1.1.273.wav,True
2020,SDRW2000001201,SDRW2000001201.1.1.275,no_textgrid_after_beam10_retry40,D:\20_AUDIO\03_wav\individual\2020\SDRW2000001201\SDRW2000001201.1.1.275.lab,34,D:\20_AUDIO\03_wav\individual\2020\SDRW2000001201\SDRW2000001201.1.1.275.wav,True
2020,SDRW2000001201,SDRW2000001201.1.1.279,no_textgrid_after_beam10_retry40,D:\20_AUDIO\03_wav\individual\2020\SDRW2000001201\SDRW2000001201.1.1.279.lab,67,D:\20_AUDIO\03_wav\individual\2020\SDRW2000001201\SDRW2000001201.1.1.279.wav,True
2020,SDRW2000001201,SDRW2000001201.1.1.283,no_textgrid_after_beam10_retry40,D:\20_AUDIO\03_wav\individual\2020\SDRW2000001201\SDRW2000001201.1.1.283.lab,58,D:\20_AUDIO\03_wav\individual\2020\SDRW2000001201\SDRW2000001201.1.1.283.wav,True
2020,SDRW2000001201,SDRW2000001201.1.1.290,no_textgrid_after_beam10_retry40,D:\20_AUDIO\03_wav\individual\2020\SDRW2000001201\SDRW2000001201.1.1.290.lab,52,D:\20_AUDIO\03_wav\individual\2020\SDRW2000001201\SDRW2000001201.1.1.290.wav,True
2020,SDRW2000001201,SDRW2000001201.1.1.291,no_textgrid_after_beam10_retry40,D:\20_AUDIO\03_wav\individual\2020\SDRW2000001201\SDRW2000001201.1.1.291.lab,42,D:\20_AUDIO\03_wav\individual\2020\SDRW2000001201\SDRW2000001201.1.1.291.wav,True
2020,SDRW2000001201,SDRW2000001201.1.1.30,no_textgrid_after_beam10_retry40,D:\20_AUDIO\03_wav\individual\2020\SDRW2000001201\SDRW2000001201.1.1.30.lab,33,D:\20_AUDIO\03_wav\individual\2020\SDRW2000001201\SDRW2000001201.1.1.30.wav,True
2020,SDRW2000001201,SDRW2000001201.1.1.302,no_textgrid_after_beam10_retry40,D:\20_AUDIO\03_wav\individual\2020\SDRW2000001201\SDRW2000001201.1.1.302.lab,30,D:\20_AUDIO\03_wav\individual\2020\SDRW2000001201\SDRW2000001201.1.1.302.wav,True
2020,SDRW2000001201,SDRW2000001201.1.1.303,no_textgrid_after_beam10_retry40,D:\20_AUDIO\03_wav\individual\2020\SDRW2000001201\SDRW2000001201.1.1.303.lab,26,D:\20_AUDIO\03_wav\individual\2020\SDRW2000001201\SDRW2000001201.1.1.303.wav,True
2020,SDRW2000001201,SDRW2000001201.1.1.310,no_textgrid_after_beam10_retry40,D:\20_AUDIO\03_wav\individual\2020\SDRW2000001201\SDRW2000001201.1.1.310.lab,88,D:\20_AUDIO\03_wav\individual\2020\SDRW2000001201\SDRW2000001201.1.1.310.wav,True
2020,SDRW2000001201,SDRW2000001201.1.1.315,no_textgrid_after_beam10_retry40,D:\20_AUDIO\03_wav\individual\2020\SDRW2000001201\SDRW2000001201.1.1.315.lab,67,D:\20_AUDIO\03_wav\individual\2020\SDRW2000001201\SDRW2000001201.1.1.315.wav,True
2020,SDRW2000001201,SDRW2000001201.1.1.316,no_textgrid_after_beam10_retry40,D:\20_AUDIO\03_wav\individual\2020\SDRW2000001201\SDRW2000001201.1.1.316.lab,53,D:\20_AUDIO\03_wav\individual\2020\SDRW2000001201\SDRW2000001201.1.1.316.wav,True
2020,SDRW2000001201,SDRW2000001201.1.1.320,no_textgrid_after_beam10_retry40,D:\20_AUDIO\03_wav\individual\2020\SDRW2000001201\SDRW2000001201.1.1.320.lab,32,D:\20_AUDIO\03_wav\individual\2020\SDRW2000001201\SDRW2000001201.1.1.320.wav,True
2020,SDRW2000001201,SDRW2000001201.1.1.321,no_textgrid_after_beam10_retry40,D:\20_AUDIO\03_wav\individual\2020\SDRW2000001201\SDRW2000001201.1.1.321.lab,32,D:\20_AUDIO\03_wav\individual\2020\SDRW2000001201\SDRW2000001201.1.1.321.wav,True
2020,SDRW2000001201,SDRW2000001201.1.1.326,no_textgrid_after_beam10_retry40,D:\20_AUDIO\03_wav\individual\2020\SDRW2000001201\SDRW2000001201.1.1.326.lab,37,D:\20_AUDIO\03_wav\individual\2020\SDRW2000001201\SDRW2000001201.1.1.326.wav,True
2020,SDRW2000001201,SDRW2000001201.1.1.327,no_textgrid_after_beam10_retry40,D:\20_AUDIO\03_wav\individual\2020\SDRW2000001201\SDRW2000001201.1.1.327.lab,39,D:\20_AUDIO\03_wav\individual\2020\SDRW2000001201\SDRW2000001201.1.1.327.wav,True
2020,SDRW2000001201,SDRW2000001201.1.1.33,no_textgrid_after_beam10_retry40,D:\20_AUDIO\03_wav\individual\2020\SDRW2000001201\SDRW2000001201.1.1.33.lab,26,D:\20_AUDIO\03_wav\individual\2020\SDRW2000001201\SDRW2000001201.1.1.33.wav,True
2020,SDRW2000001201,SDRW2000001201.1.1.334,no_textgrid_after_beam10_retry40,D:\20_AUDIO\03_wav\individual\2020\SDRW2000001201\SDRW2000001201.1.1.334.lab,30,D:\20_AUDIO\03_wav\individual\2020\SDRW2000001201\SDRW2000001201.1.1.334.wav,True
2020,SDRW2000001201,SDRW2000001201.1.1.337,no_textgrid_after_beam10_retry40,D:\20_AUDIO\03_wav\individual\2020\SDRW2000001201\SDRW2000001201.1.1.337.lab,33,D:\20_AUDIO\03_wav\individual\2020\SDRW2000001201\SDRW2000001201.1.1.337.wav,True
2020,SDRW2000001201,SDRW2000001201.1.1.340,no_textgrid_after_beam10_retry40,D:\20_AUDIO\03_wav\individual\2020\SDRW2000001201\SDRW2000001201.1.1.340.lab,43,D:\20_AUDIO\03_wav\individual\2020\SDRW2000001201\SDRW2000001201.1.1.340.wav,True
2020,SDRW2000001201,SDRW2000001201.1.1.350,no_textgrid_after_beam10_retry40,D:\20_AUDIO\03_wav\individual\2020\SDRW2000001201\SDRW2000001201.1.1.350.lab,62,D:\20_AUDIO\03_wav\individual\2020\SDRW2000001201\SDRW2000001201.1.1.350.wav,True
2020,SDRW2000001201,SDRW2000001201.1.1.36,no_textgrid_after_beam10_retry40,D:\20_AUDIO\03_wav\individual\2020\SDRW2000001201\SDRW2000001201.1.1.36.lab,74,D:\20_AUDIO\03_wav\individual\2020\SDRW2000001201\SDRW2000001201.1.1.36.wav,True
2020,SDRW2000001201,SDRW2000001201.1.1.362,no_textgrid_after_beam10_retry40,D:\20_AUDIO\03_wav\individual\2020\SDRW2000001201\SDRW2000001201.1.1.362.lab,54,D:\20_AUDIO\03_wav\individual\2020\SDRW2000001201\SDRW2000001201.1.1.362.wav,True
2020,SDRW2000001201,SDRW2000001201.1.1.363,no_textgrid_after_beam10_retry40,D:\20_AUDIO\03_wav\individual\2020\SDRW2000001201\SDRW2000001201.1.1.363.lab,57,D:\20_AUDIO\03_wav\individual\2020\SDRW2000001201\SDRW2000001201.1.1.363.wav,True
2020,SDRW2000001201,SDRW2000001201.1.1.365,no_textgrid_after_beam10_retry40,D:\20_AUDIO\03_wav\individual\2020\SDRW2000001201\SDRW2000001201.1.1.365.lab,40,D:\20_AUDIO\03_wav\individual\2020\SDRW2000001201\SDRW2000001201.1.1.365.wav,True
2020,SDRW2000001201,SDRW2000001201.1.1.368,no_textgrid_after_beam10_retry40,D:\20_AUDIO\03_wav\individual\2020\SDRW2000001201\SDRW2000001201.1.1.368.lab,33,D:\20_AUDIO\03_wav\individual\2020\SDRW2000001201\SDRW2000001201.1.1.368.wav,True
2020,SDRW2000001201,SDRW2000001201.1.1.370,no_textgrid_after_beam10_retry40,D:\20_AUDIO\03_wav\individual\2020\SDRW2000001201\SDRW2000001201.1.1.370.lab,37,D:\20_AUDIO\03_wav\individual\2020\SDRW2000001201\SDRW2000001201.1.1.370.wav,True
2020,SDRW2000001201,SDRW2000001201.1.1.371,no_textgrid_after_beam10_retry40,D:\20_AUDIO\03_wav\individual\2020\SDRW2000001201\SDRW2000001201.1.1.371.lab,55,D:\20_AUDIO\03_wav\individual\2020\SDRW2000001201\SDRW2000001201.1.1.371.wav,True
2020,SDRW2000001201,SDRW2000001201.1.1.379,no_textgrid_after_beam10_retry40,D:\20_AUDIO\03_wav\individual\2020\SDRW2000001201\SDRW2000001201.1.1.379.lab,63,D:\20_AUDIO\03_wav\individual\2020\SDRW2000001201\SDRW2000001201.1.1.379.wav,True
2020,SDRW2000001201,SDRW2000001201.1.1.384,no_textgrid_after_beam10_retry40,D:\20_AUDIO\03_wav\individual\2020\SDRW2000001201\SDRW2000001201.1.1.384.lab,72,D:\20_AUDIO\03_wav\individual\2020\SDRW2000001201\SDRW2000001201.1.1.384.wav,True
2020,SDRW2000001201,SDRW2000001201.1.1.39,no_textgrid_after_beam10_retry40,D:\20_AUDIO\03_wav\individual\2020\SDRW2000001201\SDRW2000001201.1.1.39.lab,36,D:\20_AUDIO\03_wav\individual\2020\SDRW2000001201\SDRW2000001201.1.1.39.wav,True
2020,SDRW2000001201,SDRW2000001201.1.1.394,no_textgrid_after_beam10_retry40,D:\20_AUDIO\03_wav\individual\2020\SDRW2000001201\SDRW2000001201.1.1.394.lab,33,D:\20_AUDIO\03_wav\individual\2020\SDRW2000001201\SDRW2000001201.1.1.394.wav,True
2020,SDRW2000001201,SDRW2000001201.1.1.399,no_textgrid_after_beam10_retry40,D:\20_AUDIO\03_wav\individual\2020\SDRW2000001201\SDRW2000001201.1.1.399.lab,36,D:\20_AUDIO\03_wav\individual\2020\SDRW2000001201\SDRW2000001201.1.1.399.wav,True
2020,SDRW2000001201,SDRW2000001201.1.1.404,no_textgrid_after_beam10_retry40,D:\20_AUDIO\03_wav\individual\2020\SDRW2000001201\SDRW2000001201.1.1.404.lab,69,D:\20_AUDIO\03_wav\individual\2020\SDRW2000001201\SDRW2000001201.1.1.404.wav,True
2020,SDRW2000001201,SDRW2000001201.1.1.406,no_textgrid_after_beam10_retry40,D:\20_AUDIO\03_wav\individual\2020\SDRW2000001201\SDRW2000001201.1.1.406.lab,26,D:\20_AUDIO\03_wav\individual\2020\SDRW2000001201\SDRW2000001201.1.1.406.wav,True
2020,SDRW2000001201,SDRW2000001201.1.1.408,no_textgrid_after_beam10_retry40,D:\20_AUDIO\03_wav\individual\2020\SDRW2000001201\SDRW2000001201.1.1.408.lab,57,D:\20_AUDIO\03_wav\individual\2020\SDRW2000001201\SDRW2000001201.1.1.408.wav,True
2020,SDRW2000001201,SDRW2000001201.1.1.413,no_textgrid_after_beam10_retry40,D:\20_AUDIO\03_wav\individual\2020\SDRW2000001201\SDRW2000001201.1.1.413.lab,45,D:\20_AUDIO\03_wav\individual\2020\SDRW2000001201\SDRW2000001201.1.1.413.wav,True
2020,SDRW2000001201,SDRW2000001201.1.1.414,no_textgrid_after_beam10_retry40,D:\20_AUDIO\03_wav\individual\2020\SDRW2000001201\SDRW2000001201.1.1.414.lab,60,D:\20_AUDIO\03_wav\individual\2020\SDRW2000001201\SDRW2000001201.1.1.414.wav,True
2020,SDRW2000001201,SDRW2000001201.1.1.420,no_textgrid_after_beam10_retry40,D:\20_AUDIO\03_wav\individual\2020\SDRW2000001201\SDRW2000001201.1.1.420.lab,68,D:\20_AUDIO\03_wav\individual\2020\SDRW2000001201\SDRW2000001201.1.1.420.wav,True
2020,SDRW2000001201,SDRW2000001201.1.1.425,no_textgrid_after_beam10_retry40,D:\20_AUDIO\03_wav\individual\2020\SDRW2000001201\SDRW2000001201.1.1.425.lab,40,D:\20_AUDIO\03_wav\individual\2020\SDRW2000001201\SDRW2000001201.1.1.425.wav,True
2020,SDRW2000001201,SDRW2000001201.1.1.426,no_textgrid_after_beam10_retry40,D:\20_AUDIO\03_wav\individual\2020\SDRW2000001201\SDRW2000001201.1.1.426.lab,42,D:\20_AUDIO\03_wav\individual\2020\SDRW2000001201\SDRW2000001201.1.1.426.wav,True
2020,SDRW2000001201,SDRW2000001201.1.1.427,no_textgrid_after_beam10_retry40,D:\20_AUDIO\03_wav\individual\2020\SDRW2000001201\SDRW2000001201.1.1.427.lab,41,D:\20_AUDIO\03_wav\individual\2020\SDRW2000001201\SDRW2000001201.1.1.427.wav,True
2020,SDRW2000001201,SDRW2000001201.1.1.432,no_textgrid_after_beam10_retry40,D:\20_AUDIO\03_wav\individual\2020\SDRW2000001201\SDRW2000001201.1.1.432.lab,39,D:\20_AUDIO\03_wav\individual\2020\SDRW2000001201\SDRW2000001201.1.1.432.wav,True
2020,SDRW2000001201,SDRW2000001201.1.1.446,no_textgrid_after_beam10_retry40,D:\20_AUDIO\03_wav\individual\2020\SDRW2000001201\SDRW2000001201.1.1.446.lab,46,D:\20_AUDIO\03_wav\individual\2020\SDRW2000001201\SDRW2000001201.1.1.446.wav,True
2020,SDRW2000001201,SDRW2000001201.1.1.450,no_textgrid_after_beam10_retry40,D:\20_AUDIO\03_wav\individual\2020\SDRW2000001201\SDRW2000001201.1.1.450.lab,54,D:\20_AUDIO\03_wav\individual\2020\SDRW2000001201\SDRW2000001201.1.1.450.wav,True
2020,SDRW2000001201,SDRW2000001201.1.1.48,no_textgrid_after_beam10_retry40,D:\20_AUDIO\03_wav\individual\2020\SDRW2000001201\SDRW2000001201.1.1.48.lab,50,D:\20_AUDIO\03_wav\individual\2020\SDRW2000001201\SDRW2000001201.1.1.48.wav,True
2020,SDRW2000001201,SDRW2000001201.1.1.51,no_textgrid_after_beam10_retry40,D:\20_AUDIO\03_wav\individual\2020\SDRW2000001201\SDRW2000001201.1.1.51.lab,23,D:\20_AUDIO\03_wav\individual\2020\SDRW2000001201\SDRW2000001201.1.1.51.wav,True
2020,SDRW2000001201,SDRW2000001201.1.1.55,no_textgrid_after_beam10_retry40,D:\20_AUDIO\03_wav\individual\2020\SDRW2000001201\SDRW2000001201.1.1.55.lab,27,D:\20_AUDIO\03_wav\individual\2020\SDRW2000001201\SDRW2000001201.1.1.55.wav,True
2020,SDRW2000001201,SDRW2000001201.1.1.59,no_textgrid_after_beam10_retry40,D:\20_AUDIO\03_wav\individual\2020\SDRW2000001201\SDRW2000001201.1.1.59.lab,36,D:\20_AUDIO\03_wav\individual\2020\SDRW2000001201\SDRW2000001201.1.1.59.wav,True
2020,SDRW2000001201,SDRW2000001201.1.1.65,no_textgrid_after_beam10_retry40,D:\20_AUDIO\03_wav\individual\2020\SDRW2000001201\SDRW2000001201.1.1.65.lab,54,D:\20_AUDIO\03_wav\individual\2020\SDRW2000001201\SDRW2000001201.1.1.65.wav,True
2020,SDRW2000001201,SDRW2000001201.1.1.74,no_textgrid_after_beam10_retry40,D:\20_AUDIO\03_wav\individual\2020\SDRW2000001201\SDRW2000001201.1.1.74.lab,69,D:\20_AUDIO\03_wav\individual\2020\SDRW2000001201\SDRW2000001201.1.1.74.wav,True
2020,SDRW2000001201,SDRW2000001201.1.1.76,no_textgrid_after_beam10_retry40,D:\20_AUDIO\03_wav\individual\2020\SDRW2000001201\SDRW2000001201.1.1.76.lab,53,D:\20_AUDIO\03_wav\individual\2020\SDRW2000001201\SDRW2000001201.1.1.76.wav,True
2020,SDRW2000001201,SDRW2000001201.1.1.81,no_textgrid_after_beam10_retry40,D:\20_AUDIO\03_wav\individual\2020\SDRW2000001201\SDRW2000001201.1.1.81.lab,60,D:\20_AUDIO\03_wav\individual\2020\SDRW2000001201\SDRW2000001201.1.1.81.wav,True
2020,SDRW2000001201,SDRW2000001201.1.1.86,no_textgrid_after_beam10_retry40,D:\20_AUDIO\03_wav\individual\2020\SDRW2000001201\SDRW2000001201.1.1.86.lab,72,D:\20_AUDIO\03_wav\individual\2020\SDRW2000001201\SDRW2000001201.1.1.86.wav,True
2020,SDRW2000001201,SDRW2000001201.1.1.87,no_textgrid_after_beam10_retry40,D:\20_AUDIO\03_wav\individual\2020\SDRW2000001201\SDRW2000001201.1.1.87.lab,39,D:\20_AUDIO\03_wav\individual\2020\SDRW2000001201\SDRW2000001201.1.1.87.wav,True
2020,SDRW2000001201,SDRW2000001201.1.1.9,no_textgrid_after_beam10_retry40,D:\20_AUDIO\03_wav\individual\2020\SDRW2000001201\SDRW2000001201.1.1.9.lab,80,D:\20_AUDIO\03_wav\individual\2020\SDRW2000001201\SDRW2000001201.1.1.9.wav,True
2020,SDRW2000001201,SDRW2000001201.1.1.95,no_textgrid_after_beam10_retry40,D:\20_AUDIO\03_wav\individual\2020\SDRW2000001201\SDRW2000001201.1.1.95.lab,70,D:\20_AUDIO\03_wav\individual\2020\SDRW2000001201\SDRW2000001201.1.1.95.wav,True
2020,SDRW2000001201,SDRW2000001201.1.1.97,no_textgrid_after_beam10_retry40,D:\20_AUDIO\03_wav\individual\2020\SDRW2000001201\SDRW2000001201.1.1.97.lab,42,D:\20_AUDIO\03_wav\individual\2020\SDRW2000001201\SDRW2000001201.1.1.97.wav,True
2020,SDRW2000001202,SDRW2000001202.1.1.10,no_textgrid_after_beam10_retry40,D:\20_AUDIO\03_wav\individual\2020\SDRW2000001202\SDRW2000001202.1.1.10.lab,90,D:\20_AUDIO\03_wav\individual\2020\SDRW2000001202\SDRW2000001202.1.1.10.wav,True
2020,SDRW2000001202,SDRW2000001202.1.1.101,no_textgrid_after_beam10_retry40,D:\20_AUDIO\03_wav\individual\2020\SDRW2000001202\SDRW2000001202.1.1.101.lab,49,D:\20_AUDIO\03_wav\individual\2020\SDRW2000001202\SDRW2000001202.1.1.101.wav,True
2020,SDRW2000001202,SDRW2000001202.1.1.104,no_textgrid_after_beam10_retry40,D:\20_AUDIO\03_wav\individual\2020\SDRW2000001202\SDRW2000001202.1.1.104.lab,44,D:\20_AUDIO\03_wav\individual\2020\SDRW2000001202\SDRW2000001202.1.1.104.wav,True
2020,SDRW2000001202,SDRW2000001202.1.1.106,no_textgrid_after_beam10_retry40,D:\20_AUDIO\03_wav\individual\2020\SDRW2000001202\SDRW2000001202.1.1.106.lab,99,D:\20_AUDIO\03_wav\individual\2020\SDRW2000001202\SDRW2000001202.1.1.106.wav,True
2020,SDRW2000001202,SDRW2000001202.1.1.109,no_textgrid_after_beam10_retry40,D:\20_AUDIO\03_wav\individual\2020\SDRW2000001202\SDRW2000001202.1.1.109.lab,46,D:\20_AUDIO\03_wav\individual\2020\SDRW2000001202\SDRW2000001202.1.1.109.wav,True
2020,SDRW2000001202,SDRW2000001202.1.1.115,no_textgrid_after_beam10_retry40,D:\20_AUDIO\03_wav\individual\2020\SDRW2000001202\SDRW2000001202.1.1.115.lab,36,D:\20_AUDIO\03_wav\individual\2020\SDRW2000001202\SDRW2000001202.1.1.115.wav,True
2020,SDRW2000001202,SDRW2000001202.1.1.116,no_textgrid_after_beam10_retry40,D:\20_AUDIO\03_wav\individual\2020\SDRW2000001202\SDRW2000001202.1.1.116.lab,60,D:\20_AUDIO\03_wav\individual\2020\SDRW2000001202\SDRW2000001202.1.1.116.wav,True
2020,SDRW2000001202,SDRW2000001202.1.1.117,no_textgrid_after_beam10_retry40,D:\20_AUDIO\03_wav\individual\2020\SDRW2000001202\SDRW2000001202.1.1.117.lab,50,D:\20_AUDIO\03_wav\individual\2020\SDRW2000001202\SDRW2000001202.1.1.117.wav,True
2020,SDRW2000001202,SDRW2000001202.1.1.12,no_textgrid_after_beam10_retry40,D:\20_AUDIO\03_wav\individual\2020\SDRW2000001202\SDRW2000001202.1.1.12.lab,74,D:\20_AUDIO\03_wav\individual\2020\SDRW2000001202\SDRW2000001202.1.1.12.wav,True
2020,SDRW2000001202,SDRW2000001202.1.1.120,no_textgrid_after_beam10_retry40,D:\20_AUDIO\03_wav\individual\2020\SDRW2000001202\SDRW2000001202.1.1.120.lab,63,D:\20_AUDIO\03_wav\individual\2020\SDRW2000001202\SDRW2000001202.1.1.120.wav,True
2020,SDRW2000001202,SDRW2000001202.1.1.122,no_textgrid_after_beam10_retry40,D:\20_AUDIO\03_wav\individual\2020\SDRW2000001202\SDRW2000001202.1.1.122.lab,76,D:\20_AUDIO\03_wav\individual\2020\SDRW2000001202\SDRW2000001202.1.1.122.wav,True
2020,SDRW2000001202,SDRW2000001202.1.1.123,no_textgrid_after_beam10_retry40,D:\20_AUDIO\03_wav\individual\2020\SDRW2000001202\SDRW2000001202.1.1.123.lab,56,D:\20_AUDIO\03_wav\individual\2020\SDRW2000001202\SDRW2000001202.1.1.123.wav,True
2020,SDRW2000001202,SDRW2000001202.1.1.126,no_textgrid_after_beam10_retry40,D:\20_AUDIO\03_wav\individual\2020\SDRW2000001202\SDRW2000001202.1.1.126.lab,33,D:\20_AUDIO\03_wav\individual\2020\SDRW2000001202\SDRW2000001202.1.1.126.wav,True
2020,SDRW2000001202,SDRW2000001202.1.1.131,no_textgrid_after_beam10_retry40,D:\20_AUDIO\03_wav\individual\2020\SDRW2000001202\SDRW2000001202.1.1.131.lab,99,D:\20_AUDIO\03_wav\individual\2020\SDRW2000001202\SDRW2000001202.1.1.131.wav,True
2020,SDRW2000001202,SDRW2000001202.1.1.132,no_textgrid_after_beam10_retry40,D:\20_AUDIO\03_wav\individual\2020\SDRW2000001202\SDRW2000001202.1.1.132.lab,31,D:\20_AUDIO\03_wav\individual\2020\SDRW2000001202\SDRW2000001202.1.1.132.wav,True
2020,SDRW2000001202,SDRW2000001202.1.1.135,no_textgrid_after_beam10_retry40,D:\20_AUDIO\03_wav\individual\2020\SDRW2000001202\SDRW2000001202.1.1.135.lab,91,D:\20_AUDIO\03_wav\individual\2020\SDRW2000001202\SDRW2000001202.1.1.135.wav,True
2020,SDRW2000001202,SDRW2000001202.1.1.136,no_textgrid_after_beam10_retry40,D:\20_AUDIO\03_wav\individual\2020\SDRW2000001202\SDRW2000001202.1.1.136.lab,61,D:\20_AUDIO\03_wav\individual\2020\SDRW2000001202\SDRW2000001202.1.1.136.wav,True
2020,SDRW2000001202,SDRW2000001202.1.1.144,no_textgrid_after_beam10_retry40,D:\20_AUDIO\03_wav\individual\2020\SDRW2000001202\SDRW2000001202.1.1.144.lab,70,D:\20_AUDIO\03_wav\individual\2020\SDRW2000001202\SDRW2000001202.1.1.144.wav,True
2020,SDRW2000001202,SDRW2000001202.1.1.147,no_textgrid_after_beam10_retry40,D:\20_AUDIO\03_wav\individual\2020\SDRW2000001202\SDRW2000001202.1.1.147.lab,75,D:\20_AUDIO\03_wav\individual\2020\SDRW2000001202\SDRW2000001202.1.1.147.wav,True
2020,SDRW2000001202,SDRW2000001202.1.1.150,no_textgrid_after_beam10_retry40,D:\20_AUDIO\03_wav\individual\2020\SDRW2000001202\SDRW2000001202.1.1.150.lab,64,D:\20_AUDIO\03_wav\individual\2020\SDRW2000001202\SDRW2000001202.1.1.150.wav,True
2020,SDRW2000001202,SDRW2000001202.1.1.159,no_textgrid_after_beam10_retry40,D:\20_AUDIO\03_wav\individual\2020\SDRW2000001202\SDRW2000001202.1.1.159.lab,87,D:\20_AUDIO\03_wav\individual\2020\SDRW2000001202\SDRW2000001202.1.1.159.wav,True
2020,SDRW2000001202,SDRW2000001202.1.1.16,no_textgrid_after_beam10_retry40,D:\20_AUDIO\03_wav\individual\2020\SDRW2000001202\SDRW2000001202.1.1.16.lab,73,D:\20_AUDIO\03_wav\individual\2020\SDRW2000001202\SDRW2000001202.1.1.16.wav,True
2020,SDRW2000001202,SDRW2000001202.1.1.161,no_textgrid_after_beam10_retry40,D:\20_AUDIO\03_wav\individual\2020\SDRW2000001202\SDRW2000001202.1.1.161.lab,44,D:\20_AUDIO\03_wav\individual\2020\SDRW2000001202\SDRW2000001202.1.1.161.wav,True
2020,SDRW2000001202,SDRW2000001202.1.1.169,no_textgrid_after_beam10_retry40,D:\20_AUDIO\03_wav\individual\2020\SDRW2000001202\SDRW2000001202.1.1.169.lab,89,D:\20_AUDIO\03_wav\individual\2020\SDRW2000001202\SDRW2000001202.1.1.169.wav,True
2020,SDRW2000001202,SDRW2000001202.1.1.180,no_textgrid_after_beam10_retry40,D:\20_AUDIO\03_wav\individual\2020\SDRW2000001202\SDRW2000001202.1.1.180.lab,50,D:\20_AUDIO\03_wav\individual\2020\SDRW2000001202\SDRW2000001202.1.1.180.wav,True
2020,SDRW2000001202,SDRW2000001202.1.1.187,no_textgrid_after_beam10_retry40,D:\20_AUDIO\03_wav\individual\2020\SDRW2000001202\SDRW2000001202.1.1.187.lab,62,D:\20_AUDIO\03_wav\individual\2020\SDRW2000001202\SDRW2000001202.1.1.187.wav,True
2020,SDRW2000001202,SDRW2000001202.1.1.19,no_textgrid_after_beam10_retry40,D:\20_AUDIO\03_wav\individual\2020\SDRW2000001202\SDRW2000001202.1.1.19.lab,82,D:\20_AUDIO\03_wav\individual\2020\SDRW2000001202\SDRW2000001202.1.1.19.wav,True
2020,SDRW2000001202,SDRW2000001202.1.1.194,no_textgrid_after_beam10_retry40,D:\20_AUDIO\03_wav\individual\2020\SDRW2000001202\SDRW2000001202.1.1.194.lab,54,D:\20_AUDIO\03_wav\individual\2020\SDRW2000001202\SDRW2000001202.1.1.194.wav,True
2020,SDRW2000001202,SDRW2000001202.1.1.195,no_textgrid_after_beam10_retry40,D:\20_AUDIO\03_wav\individual\2020\SDRW2000001202\SDRW2000001202.1.1.195.lab,26,D:\20_AUDIO\03_wav\individual\2020\SDRW2000001202\SDRW2000001202.1.1.195.wav,True
2020,SDRW2000001202,SDRW2000001202.1.1.204,no_textgrid_after_beam10_retry40,D:\20_AUDIO\03_wav\individual\2020\SDRW2000001202\SDRW2000001202.1.1.204.lab,27,D:\20_AUDIO\03_wav\individual\2020\SDRW2000001202\SDRW2000001202.1.1.204.wav,True
2020,SDRW2000001202,SDRW2000001202.1.1.205,no_textgrid_after_beam10_retry40,D:\20_AUDIO\03_wav\individual\2020\SDRW2000001202\SDRW2000001202.1.1.205.lab,33,D:\20_AUDIO\03_wav\individual\2020\SDRW2000001202\SDRW2000001202.1.1.205.wav,True
2020,SDRW2000001202,SDRW2000001202.1.1.212,no_textgrid_after_beam10_retry40,D:\20_AUDIO\03_wav\individual\2020\SDRW2000001202\SDRW2000001202.1.1.212.lab,36,D:\20_AUDIO\03_wav\individual\2020\SDRW2000001202\SDRW2000001202.1.1.212.wav,True
2020,SDRW2000001202,SDRW2000001202.1.1.215,no_textgrid_after_beam10_retry40,D:\20_AUDIO\03_wav\individual\2020\SDRW2000001202\SDRW2000001202.1.1.215.lab,44,D:\20_AUDIO\03_wav\individual\2020\SDRW2000001202\SDRW2000001202.1.1.215.wav,True
2020,SDRW2000001202,SDRW2000001202.1.1.22,no_textgrid_after_beam10_retry40,D:\20_AUDIO\03_wav\individual\2020\SDRW2000001202\SDRW2000001202.1.1.22.lab,96,D:\20_AUDIO\03_wav\individual\2020\SDRW2000001202\SDRW2000001202.1.1.22.wav,True
2020,SDRW2000001202,SDRW2000001202.1.1.222,no_textgrid_after_beam10_retry40,D:\20_AUDIO\03_wav\individual\2020\SDRW2000001202\SDRW2000001202.1.1.222.lab,47,D:\20_AUDIO\03_wav\individual\2020\SDRW2000001202\SDRW2000001202.1.1.222.wav,True
2020,SDRW2000001202,SDRW2000001202.1.1.223,no_textgrid_after_beam10_retry40,D:\20_AUDIO\03_wav\individual\2020\SDRW2000001202\SDRW2000001202.1.1.223.lab,63,D:\20_AUDIO\03_wav\individual\2020\SDRW2000001202\SDRW2000001202.1.1.223.wav,True
2020,SDRW2000001202,SDRW2000001202.1.1.226,no_textgrid_after_beam10_retry40,D:\20_AUDIO\03_wav\individual\2020\SDRW2000001202\SDRW2000001202.1.1.226.lab,56,D:\20_AUDIO\03_wav\individual\2020\SDRW2000001202\SDRW2000001202.1.1.226.wav,True
2020,SDRW2000001202,SDRW2000001202.1.1.229,no_textgrid_after_beam10_retry40,D:\20_AUDIO\03_wav\individual\2020\SDRW2000001202\SDRW2000001202.1.1.229.lab,59,D:\20_AUDIO\03_wav\individual\2020\SDRW2000001202\SDRW2000001202.1.1.229.wav,True
2020,SDRW2000001202,SDRW2000001202.1.1.232,no_textgrid_after_beam10_retry40,D:\20_AUDIO\03_wav\individual\2020\SDRW2000001202\SDRW2000001202.1.1.232.lab,52,D:\20_AUDIO\03_wav\individual\2020\SDRW2000001202\SDRW2000001202.1.1.232.wav,True
2020,SDRW2000001202,SDRW2000001202.1.1.238,no_textgrid_after_beam10_retry40,D:\20_AUDIO\03_wav\individual\2020\SDRW2000001202\SDRW2000001202.1.1.238.lab,89,D:\20_AUDIO\03_wav\individual\2020\SDRW2000001202\SDRW2000001202.1.1.238.wav,True
2020,SDRW2000001202,SDRW2000001202.1.1.239,no_textgrid_after_beam10_retry40,D:\20_AUDIO\03_wav\individual\2020\SDRW2000001202\SDRW2000001202.1.1.239.lab,61,D:\20_AUDIO\03_wav\individual\2020\SDRW2000001202\SDRW2000001202.1.1.239.wav,True
2020,SDRW2000001202,SDRW2000001202.1.1.24,no_textgrid_after_beam10_retry40,D:\20_AUDIO\03_wav\individual\2020\SDRW2000001202\SDRW2000001202.1.1.24.lab,64,D:\20_AUDIO\03_wav\individual\2020\SDRW2000001202\SDRW2000001202.1.1.24.wav,True
2020,SDRW2000001202,SDRW2000001202.1.1.249,no_textgrid_after_beam10_retry40,D:\20_AUDIO\03_wav\individual\2020\SDRW2000001202\SDRW2000001202.1.1.249.lab,90,D:\20_AUDIO\03_wav\individual\2020\SDRW2000001202\SDRW2000001202.1.1.249.wav,True
2020,SDRW2000001202,SDRW2000001202.1.1.256,no_textgrid_after_beam10_retry40,D:\20_AUDIO\03_wav\individual\2020\SDRW2000001202\SDRW2000001202.1.1.256.lab,47,D:\20_AUDIO\03_wav\individual\2020\SDRW2000001202\SDRW2000001202.1.1.256.wav,True
2020,SDRW2000001202,SDRW2000001202.1.1.261,no_textgrid_after_beam10_retry40,D:\20_AUDIO\03_wav\individual\2020\SDRW2000001202\SDRW2000001202.1.1.261.lab,49,D:\20_AUDIO\03_wav\individual\2020\SDRW2000001202\SDRW2000001202.1.1.261.wav,True
2020,SDRW2000001202,SDRW2000001202.1.1.29,no_textgrid_after_beam10_retry40,D:\20_AUDIO\03_wav\individual\2020\SDRW2000001202\SDRW2000001202.1.1.29.lab,71,D:\20_AUDIO\03_wav\individual\2020\SDRW2000001202\SDRW2000001202.1.1.29.wav,True
2020,SDRW2000001202,SDRW2000001202.1.1.30,no_textgrid_after_beam10_retry40,D:\20_AUDIO\03_wav\individual\2020\SDRW2000001202\SDRW2000001202.1.1.30.lab,23,D:\20_AUDIO\03_wav\individual\2020\SDRW2000001202\SDRW2000001202.1.1.30.wav,True
2020,SDRW2000001202,SDRW2000001202.1.1.31,no_textgrid_after_beam10_retry40,D:\20_AUDIO\03_wav\individual\2020\SDRW2000001202\SDRW2000001202.1.1.31.lab,43,D:\20_AUDIO\03_wav\individual\2020\SDRW2000001202\SDRW2000001202.1.1.31.wav,True
2020,SDRW2000001202,SDRW2000001202.1.1.32,no_textgrid_after_beam10_retry40,D:\20_AUDIO\03_wav\individual\2020\SDRW2000001202\SDRW2000001202.1.1.32.lab,71,D:\20_AUDIO\03_wav\individual\2020\SDRW2000001202\SDRW2000001202.1.1.32.wav,True
2020,SDRW2000001202,SDRW2000001202.1.1.338,no_textgrid_after_beam10_retry40,D:\20_AUDIO\03_wav\individual\2020\SDRW2000001202\SDRW2000001202.1.1.338.lab,35,D:\20_AUDIO\03_wav\individual\2020\SDRW2000001202\SDRW2000001202.1.1.338.wav,True
2020,SDRW2000001202,SDRW2000001202.1.1.340,no_textgrid_after_beam10_retry40,D:\20_AUDIO\03_wav\individual\2020\SDRW2000001202\SDRW2000001202.1.1.340.lab,50,D:\20_AUDIO\03_wav\individual\2020\SDRW2000001202\SDRW2000001202.1.1.340.wav,True
2020,SDRW2000001202,SDRW2000001202.1.1.345,no_textgrid_after_beam10_retry40,D:\20_AUDIO\03_wav\individual\2020\SDRW2000001202\SDRW2000001202.1.1.345.lab,24,D:\20_AUDIO\03_wav\individual\2020\SDRW2000001202\SDRW2000001202.1.1.345.wav,True
2020,SDRW2000001202,SDRW2000001202.1.1.348,no_textgrid_after_beam10_retry40,D:\20_AUDIO\03_wav\individual\2020\SDRW2000001202\SDRW2000001202.1.1.348.lab,55,D:\20_AUDIO\03_wav\individual\2020\SDRW2000001202\SDRW2000001202.1.1.348.wav,True
2020,SDRW2000001202,SDRW2000001202.1.1.35,no_textgrid_after_beam10_retry40,D:\20_AUDIO\03_wav\individual\2020\SDRW2000001202\SDRW2000001202.1.1.35.lab,77,D:\20_AUDIO\03_wav\individual\2020\SDRW2000001202\SDRW2000001202.1.1.35.wav,True
2020,SDRW2000001202,SDRW2000001202.1.1.355,no_textgrid_after_beam10_retry40,D:\20_AUDIO\03_wav\individual\2020\SDRW2000001202\SDRW2000001202.1.1.355.lab,29,D:\20_AUDIO\03_wav\individual\2020\SDRW2000001202\SDRW2000001202.1.1.355.wav,True
2020,SDRW2000001202,SDRW2000001202.1.1.359,no_textgrid_after_beam10_retry40,D:\20_AUDIO\03_wav\individual\2020\SDRW2000001202\SDRW2000001202.1.1.359.lab,45,D:\20_AUDIO\03_wav\individual\2020\SDRW2000001202\SDRW2000001202.1.1.359.wav,True
2020,SDRW2000001202,SDRW2000001202.1.1.362,no_textgrid_after_beam10_retry40,D:\20_AUDIO\03_wav\individual\2020\SDRW2000001202\SDRW2000001202.1.1.362.lab,37,D:\20_AUDIO\03_wav\individual\2020\SDRW2000001202\SDRW2000001202.1.1.362.wav,True
2020,SDRW2000001202,SDRW2000001202.1.1.364,no_textgrid_after_beam10_retry40,D:\20_AUDIO\03_wav\individual\2020\SDRW2000001202\SDRW2000001202.1.1.364.lab,69,D:\20_AUDIO\03_wav\individual\2020\SDRW2000001202\SDRW2000001202.1.1.364.wav,True
2020,SDRW2000001202,SDRW2000001202.1.1.372,no_textgrid_after_beam10_retry40,D:\20_AUDIO\03_wav\individual\2020\SDRW2000001202\SDRW2000001202.1.1.372.lab,33,D:\20_AUDIO\03_wav\individual\2020\SDRW2000001202\SDRW2000001202.1.1.372.wav,True
2020,SDRW2000001202,SDRW2000001202.1.1.375,no_textgrid_after_beam10_retry40,D:\20_AUDIO\03_wav\individual\2020\SDRW2000001202\SDRW2000001202.1.1.375.lab,53,D:\20_AUDIO\03_wav\individual\2020\SDRW2000001202\SDRW2000001202.1.1.375.wav,True
2020,SDRW2000001202,SDRW2000001202.1.1.378,no_textgrid_after_beam10_retry40,D:\20_AUDIO\03_wav\individual\2020\SDRW2000001202\SDRW2000001202.1.1.378.lab,39,D:\20_AUDIO\03_wav\individual\2020\SDRW2000001202\SDRW2000001202.1.1.378.wav,True
2020,SDRW2000001202,SDRW2000001202.1.1.384,no_textgrid_after_beam10_retry40,D:\20_AUDIO\03_wav\individual\2020\SDRW2000001202\SDRW2000001202.1.1.384.lab,47,D:\20_AUDIO\03_wav\individual\2020\SDRW2000001202\SDRW2000001202.1.1.384.wav,True
2020,SDRW2000001202,SDRW2000001202.1.1.387,no_textgrid_after_beam10_retry40,D:\20_AUDIO\03_wav\individual\2020\SDRW2000001202\SDRW2000001202.1.1.387.lab,69,D:\20_AUDIO\03_wav\individual\2020\SDRW2000001202\SDRW2000001202.1.1.387.wav,True
2020,SDRW2000001202,SDRW2000001202.1.1.388,no_textgrid_after_beam10_retry40,D:\20_AUDIO\03_wav\individual\2020\SDRW2000001202\SDRW2000001202.1.1.388.lab,83,D:\20_AUDIO\03_wav\individual\2020\SDRW2000001202\SDRW2000001202.1.1.388.wav,True
2020,SDRW2000001202,SDRW2000001202.1.1.39,no_textgrid_after_beam10_retry40,D:\20_AUDIO\03_wav\individual\2020\SDRW2000001202\SDRW2000001202.1.1.39.lab,65,D:\20_AUDIO\03_wav\individual\2020\SDRW2000001202\SDRW2000001202.1.1.39.wav,True
2020,SDRW2000001202,SDRW2000001202.1.1.392,no_textgrid_after_beam10_retry40,D:\20_AUDIO\03_wav\individual\2020\SDRW2000001202\SDRW2000001202.1.1.392.lab,48,D:\20_AUDIO\03_wav\individual\2020\SDRW2000001202\SDRW2000001202.1.1.392.wav,True
2020,SDRW2000001202,SDRW2000001202.1.1.393,no_textgrid_after_beam10_retry40,D:\20_AUDIO\03_wav\individual\2020\SDRW2000001202\SDRW2000001202.1.1.393.lab,75,D:\20_AUDIO\03_wav\individual\2020\SDRW2000001202\SDRW2000001202.1.1.393.wav,True
2020,SDRW2000001202,SDRW2000001202.1.1.397,no_textgrid_after_beam10_retry40,D:\20_AUDIO\03_wav\individual\2020\SDRW2000001202\SDRW2000001202.1.1.397.lab,43,D:\20_AUDIO\03_wav\individual\2020\SDRW2000001202\SDRW2000001202.1.1.397.wav,True
2020,SDRW2000001202,SDRW2000001202.1.1.4,no_textgrid_after_beam10_retry40,D:\20_AUDIO\03_wav\individual\2020\SDRW2000001202\SDRW2000001202.1.1.4.lab,72,D:\20_AUDIO\03_wav\individual\2020\SDRW2000001202\SDRW2000001202.1.1.4.wav,True
2020,SDRW2000001202,SDRW2000001202.1.1.402,no_textgrid_after_beam10_retry40,D:\20_AUDIO\03_wav\individual\2020\SDRW2000001202\SDRW2000001202.1.1.402.lab,34,D:\20_AUDIO\03_wav\individual\2020\SDRW2000001202\SDRW2000001202.1.1.402.wav,True
2020,SDRW2000001202,SDRW2000001202.1.1.406,no_textgrid_after_beam10_retry40,D:\20_AUDIO\03_wav\individual\2020\SDRW2000001202\SDRW2000001202.1.1.406.lab,91,D:\20_AUDIO\03_wav\individual\2020\SDRW2000001202\SDRW2000001202.1.1.406.wav,True
2020,SDRW2000001202,SDRW2000001202.1.1.408,no_textgrid_after_beam10_retry40,D:\20_AUDIO\03_wav\individual\2020\SDRW2000001202\SDRW2000001202.1.1.408.lab,36,D:\20_AUDIO\03_wav\individual\2020\SDRW2000001202\SDRW2000001202.1.1.408.wav,True
2020,SDRW2000001202,SDRW2000001202.1.1.412,no_textgrid_after_beam10_retry40,D:\20_AUDIO\03_wav\individual\2020\SDRW2000001202\SDRW2000001202.1.1.412.lab,40,D:\20_AUDIO\03_wav\individual\2020\SDRW2000001202\SDRW2000001202.1.1.412.wav,True
2020,SDRW2000001202,SDRW2000001202.1.1.418,no_textgrid_after_beam10_retry40,D:\20_AUDIO\03_wav\individual\2020\SDRW2000001202\SDRW2000001202.1.1.418.lab,44,D:\20_AUDIO\03_wav\individual\2020\SDRW2000001202\SDRW2000001202.1.1.418.wav,True
2020,SDRW2000001202,SDRW2000001202.1.1.424,no_textgrid_after_beam10_retry40,D:\20_AUDIO\03_wav\individual\2020\SDRW2000001202\SDRW2000001202.1.1.424.lab,67,D:\20_AUDIO\03_wav\individual\2020\SDRW2000001202\SDRW2000001202.1.1.424.wav,True
2020,SDRW2000001202,SDRW2000001202.1.1.43,no_textgrid_after_beam10_retry40,D:\20_AUDIO\03_wav\individual\2020\SDRW2000001202\SDRW2000001202.1.1.43.lab,42,D:\20_AUDIO\03_wav\individual\2020\SDRW2000001202\SDRW2000001202.1.1.43.wav,True
2020,SDRW2000001202,SDRW2000001202.1.1.430,no_textgrid_after_beam10_retry40,D:\20_AUDIO\03_wav\individual\2020\SDRW2000001202\SDRW2000001202.1.1.430.lab,36,D:\20_AUDIO\03_wav\individual\2020\SDRW2000001202\SDRW2000001202.1.1.430.wav,True
2020,SDRW2000001202,SDRW2000001202.1.1.431,no_textgrid_after_beam10_retry40,D:\20_AUDIO\03_wav\individual\2020\SDRW2000001202\SDRW2000001202.1.1.431.lab,69,D:\20_AUDIO\03_wav\individual\2020\SDRW2000001202\SDRW2000001202.1.1.431.wav,True
2020,SDRW2000001202,SDRW2000001202.1.1.50,no_textgrid_after_beam10_retry40,D:\20_AUDIO\03_wav\individual\2020\SDRW2000001202\SDRW2000001202.1.1.50.lab,34,D:\20_AUDIO\03_wav\individual\2020\SDRW2000001202\SDRW2000001202.1.1.50.wav,True
2020,SDRW2000001202,SDRW2000001202.1.1.52,no_textgrid_after_beam10_retry40,D:\20_AUDIO\03_wav\individual\2020\SDRW2000001202\SDRW2000001202.1.1.52.lab,73,D:\20_AUDIO\03_wav\individual\2020\SDRW2000001202\SDRW2000001202.1.1.52.wav,True
2020,SDRW2000001202,SDRW2000001202.1.1.53,no_textgrid_after_beam10_retry40,D:\20_AUDIO\03_wav\individual\2020\SDRW2000001202\SDRW2000001202.1.1.53.lab,66,D:\20_AUDIO\03_wav\individual\2020\SDRW2000001202\SDRW2000001202.1.1.53.wav,True
2020,SDRW2000001202,SDRW2000001202.1.1.55,no_textgrid_after_beam10_retry40,D:\20_AUDIO\03_wav\individual\2020\SDRW2000001202\SDRW2000001202.1.1.55.lab,29,D:\20_AUDIO\03_wav\individual\2020\SDRW2000001202\SDRW2000001202.1.1.55.wav,True
2020,SDRW2000001202,SDRW2000001202.1.1.57,no_textgrid_after_beam10_retry40,D:\20_AUDIO\03_wav\individual\2020\SDRW2000001202\SDRW2000001202.1.1.57.lab,40,D:\20_AUDIO\03_wav\individual\2020\SDRW2000001202\SDRW2000001202.1.1.57.wav,True
2020,SDRW2000001202,SDRW2000001202.1.1.6,no_textgrid_after_beam10_retry40,D:\20_AUDIO\03_wav\individual\2020\SDRW2000001202\SDRW2000001202.1.1.6.lab,56,D:\20_AUDIO\03_wav\individual\2020\SDRW2000001202\SDRW2000001202.1.1.6.wav,True
2020,SDRW2000001202,SDRW2000001202.1.1.60,no_textgrid_after_beam10_retry40,D:\20_AUDIO\03_wav\individual\2020\SDRW2000001202\SDRW2000001202.1.1.60.lab,73,D:\20_AUDIO\03_wav\individual\2020\SDRW2000001202\SDRW2000001202.1.1.60.wav,True
2020,SDRW2000001202,SDRW2000001202.1.1.64,no_textgrid_after_beam10_retry40,D:\20_AUDIO\03_wav\individual\2020\SDRW2000001202\SDRW2000001202.1.1.64.lab,42,D:\20_AUDIO\03_wav\individual\2020\SDRW2000001202\SDRW2000001202.1.1.64.wav,True
2020,SDRW2000001202,SDRW2000001202.1.1.71,no_textgrid_after_beam10_retry40,D:\20_AUDIO\03_wav\individual\2020\SDRW2000001202\SDRW2000001202.1.1.71.lab,60,D:\20_AUDIO\03_wav\individual\2020\SDRW2000001202\SDRW2000001202.1.1.71.wav,True
2020,SDRW2000001202,SDRW2000001202.1.1.73,no_textgrid_after_beam10_retry40,D:\20_AUDIO\03_wav\individual\2020\SDRW2000001202\SDRW2000001202.1.1.73.lab,39,D:\20_AUDIO\03_wav\individual\2020\SDRW2000001202\SDRW2000001202.1.1.73.wav,True
2020,SDRW2000001202,SDRW2000001202.1.1.76,no_textgrid_after_beam10_retry40,D:\20_AUDIO\03_wav\individual\2020\SDRW2000001202\SDRW2000001202.1.1.76.lab,26,D:\20_AUDIO\03_wav\individual\2020\SDRW2000001202\SDRW2000001202.1.1.76.wav,True
2020,SDRW2000001202,SDRW2000001202.1.1.79,no_textgrid_after_beam10_retry40,D:\20_AUDIO\03_wav\individual\2020\SDRW2000001202\SDRW2000001202.1.1.79.lab,53,D:\20_AUDIO\03_wav\individual\2020\SDRW2000001202\SDRW2000001202.1.1.79.wav,True
2020,SDRW2000001202,SDRW2000001202.1.1.89,no_textgrid_after_beam10_retry40,D:\20_AUDIO\03_wav\individual\2020\SDRW2000001202\SDRW2000001202.1.1.89.lab,45,D:\20_AUDIO\03_wav\individual\2020\SDRW2000001202\SDRW2000001202.1.1.89.wav,True
2020,SDRW2000001202,SDRW2000001202.1.1.96,no_textgrid_after_beam10_retry40,D:\20_AUDIO\03_wav\individual\2020\SDRW2000001202\SDRW2000001202.1.1.96.lab,47,D:\20_AUDIO\03_wav\individual\2020\SDRW2000001202\SDRW2000001202.1.1.96.wav,True
2020,SDRW2000001202,SDRW2000001202.1.1.98,no_textgrid_after_beam10_retry40,D:\20_AUDIO\03_wav\individual\2020\SDRW2000001202\SDRW2000001202.1.1.98.lab,31,D:\20_AUDIO\03_wav\individual\2020\SDRW2000001202\SDRW2000001202.1.1.98.wav,True
2020,SDRW2000001207,SDRW2000001207.1.1.284,no_textgrid_after_beam10_retry40,D:\20_AUDIO\03_wav\individual\2020\SDRW2000001207\SDRW2000001207.1.1.284.lab,43,D:\20_AUDIO\03_wav\individual\2020\SDRW2000001207\SDRW2000001207.1.1.284.wav,True
2020,SDRW2000001208,SDRW2000001208.1.1.100,no_textgrid_after_beam10_retry40,D:\20_AUDIO\03_wav\individual\2020\SDRW2000001208\SDRW2000001208.1.1.100.lab,33,D:\20_AUDIO\03_wav\individual\2020\SDRW2000001208\SDRW2000001208.1.1.100.wav,True
2020,SDRW2000001208,SDRW2000001208.1.1.104,no_textgrid_after_beam10_retry40,D:\20_AUDIO\03_wav\individual\2020\SDRW2000001208\SDRW2000001208.1.1.104.lab,60,D:\20_AUDIO\03_wav\individual\2020\SDRW2000001208\SDRW2000001208.1.1.104.wav,True
2020,SDRW2000001208,SDRW2000001208.1.1.107,no_textgrid_after_beam10_retry40,D:\20_AUDIO\03_wav\individual\2020\SDRW2000001208\SDRW2000001208.1.1.107.lab,33,D:\20_AUDIO\03_wav\individual\2020\SDRW2000001208\SDRW2000001208.1.1.107.wav,True
2020,SDRW2000001208,SDRW2000001208.1.1.111,no_textgrid_after_beam10_retry40,D:\20_AUDIO\03_wav\individual\2020\SDRW2000001208\SDRW2000001208.1.1.111.lab,50,D:\20_AUDIO\03_wav\individual\2020\SDRW2000001208\SDRW2000001208.1.1.111.wav,True
2020,SDRW2000001208,SDRW2000001208.1.1.115,no_textgrid_after_beam10_retry40,D:\20_AUDIO\03_wav\individual\2020\SDRW2000001208\SDRW2000001208.1.1.115.lab,87,D:\20_AUDIO\03_wav\individual\2020\SDRW2000001208\SDRW2000001208.1.1.115.wav,True
2020,SDRW2000001208,SDRW2000001208.1.1.117,no_textgrid_after_beam10_retry40,D:\20_AUDIO\03_wav\individual\2020\SDRW2000001208\SDRW2000001208.1.1.117.lab,43,D:\20_AUDIO\03_wav\individual\2020\SDRW2000001208\SDRW2000001208.1.1.117.wav,True
2020,SDRW2000001208,SDRW2000001208.1.1.125,no_textgrid_after_beam10_retry40,D:\20_AUDIO\03_wav\individual\2020\SDRW2000001208\SDRW2000001208.1.1.125.lab,69,D:\20_AUDIO\03_wav\individual\2020\SDRW2000001208\SDRW2000001208.1.1.125.wav,True
2020,SDRW2000001208,SDRW2000001208.1.1.127,no_textgrid_after_beam10_retry40,D:\20_AUDIO\03_wav\individual\2020\SDRW2000001208\SDRW2000001208.1.1.127.lab,56,D:\20_AUDIO\03_wav\individual\2020\SDRW2000001208\SDRW2000001208.1.1.127.wav,True
2020,SDRW2000001208,SDRW2000001208.1.1.132,no_textgrid_after_beam10_retry40,D:\20_AUDIO\03_wav\individual\2020\SDRW2000001208\SDRW2000001208.1.1.132.lab,110,D:\20_AUDIO\03_wav\individual\2020\SDRW2000001208\SDRW2000001208.1.1.132.wav,True
2020,SDRW2000001208,SDRW2000001208.1.1.137,no_textgrid_after_beam10_retry40,D:\20_AUDIO\03_wav\individual\2020\SDRW2000001208\SDRW2000001208.1.1.137.lab,43,D:\20_AUDIO\03_wav\individual\2020\SDRW2000001208\SDRW2000001208.1.1.137.wav,True
2020,SDRW2000001208,SDRW2000001208.1.1.140,no_textgrid_after_beam10_retry40,D:\20_AUDIO\03_wav\individual\2020\SDRW2000001208\SDRW2000001208.1.1.140.lab,13,D:\20_AUDIO\03_wav\individual\2020\SDRW2000001208\SDRW2000001208.1.1.140.wav,True
2020,SDRW2000001208,SDRW2000001208.1.1.144,no_textgrid_after_beam10_retry40,D:\20_AUDIO\03_wav\individual\2020\SDRW2000001208\SDRW2000001208.1.1.144.lab,46,D:\20_AUDIO\03_wav\individual\2020\SDRW2000001208\SDRW2000001208.1.1.144.wav,True
2020,SDRW2000001208,SDRW2000001208.1.1.147,no_textgrid_after_beam10_retry40,D:\20_AUDIO\03_wav\individual\2020\SDRW2000001208\SDRW2000001208.1.1.147.lab,32,D:\20_AUDIO\03_wav\individual\2020\SDRW2000001208\SDRW2000001208.1.1.147.wav,True
2020,SDRW2000001208,SDRW2000001208.1.1.150,no_textgrid_after_beam10_retry40,D:\20_AUDIO\03_wav\individual\2020\SDRW2000001208\SDRW2000001208.1.1.150.lab,61,D:\20_AUDIO\03_wav\individual\2020\SDRW2000001208\SDRW2000001208.1.1.150.wav,True
2020,SDRW2000001208,SDRW2000001208.1.1.163,no_textgrid_after_beam10_retry40,D:\20_AUDIO\03_wav\individual\2020\SDRW2000001208\SDRW2000001208.1.1.163.lab,47,D:\20_AUDIO\03_wav\individual\2020\SDRW2000001208\SDRW2000001208.1.1.163.wav,True
2020,SDRW2000001208,SDRW2000001208.1.1.169,no_textgrid_after_beam10_retry40,D:\20_AUDIO\03_wav\individual\2020\SDRW2000001208\SDRW2000001208.1.1.169.lab,30,D:\20_AUDIO\03_wav\individual\2020\SDRW2000001208\SDRW2000001208.1.1.169.wav,True
2020,SDRW2000001208,SDRW2000001208.1.1.182,no_textgrid_after_beam10_retry40,D:\20_AUDIO\03_wav\individual\2020\SDRW2000001208\SDRW2000001208.1.1.182.lab,29,D:\20_AUDIO\03_wav\individual\2020\SDRW2000001208\SDRW2000001208.1.1.182.wav,True
2020,SDRW2000001208,SDRW2000001208.1.1.191,no_textgrid_after_beam10_retry40,D:\20_AUDIO\03_wav\individual\2020\SDRW2000001208\SDRW2000001208.1.1.191.lab,29,D:\20_AUDIO\03_wav\individual\2020\SDRW2000001208\SDRW2000001208.1.1.191.wav,True
2020,SDRW2000001208,SDRW2000001208.1.1.195,no_textgrid_after_beam10_retry40,D:\20_AUDIO\03_wav\individual\2020\SDRW2000001208\SDRW2000001208.1.1.195.lab,69,D:\20_AUDIO\03_wav\individual\2020\SDRW2000001208\SDRW2000001208.1.1.195.wav,True
2020,SDRW2000001208,SDRW2000001208.1.1.205,no_textgrid_after_beam10_retry40,D:\20_AUDIO\03_wav\individual\2020\SDRW2000001208\SDRW2000001208.1.1.205.lab,33,D:\20_AUDIO\03_wav\individual\2020\SDRW2000001208\SDRW2000001208.1.1.205.wav,True
2020,SDRW2000001208,SDRW2000001208.1.1.216,no_textgrid_after_beam10_retry40,D:\20_AUDIO\03_wav\individual\2020\SDRW2000001208\SDRW2000001208.1.1.216.lab,50,D:\20_AUDIO\03_wav\individual\2020\SDRW2000001208\SDRW2000001208.1.1.216.wav,True
2020,SDRW2000001208,SDRW2000001208.1.1.220,no_textgrid_after_beam10_retry40,D:\20_AUDIO\03_wav\individual\2020\SDRW2000001208\SDRW2000001208.1.1.220.lab,50,D:\20_AUDIO\03_wav\individual\2020\SDRW2000001208\SDRW2000001208.1.1.220.wav,True
2020,SDRW2000001208,SDRW2000001208.1.1.224,no_textgrid_after_beam10_retry40,D:\20_AUDIO\03_wav\individual\2020\SDRW2000001208\SDRW2000001208.1.1.224.lab,53,D:\20_AUDIO\03_wav\individual\2020\SDRW2000001208\SDRW2000001208.1.1.224.wav,True
2020,SDRW2000001208,SDRW2000001208.1.1.231,no_textgrid_after_beam10_retry40,D:\20_AUDIO\03_wav\individual\2020\SDRW2000001208\SDRW2000001208.1.1.231.lab,84,D:\20_AUDIO\03_wav\individual\2020\SDRW2000001208\SDRW2000001208.1.1.231.wav,True
2020,SDRW2000001208,SDRW2000001208.1.1.235,no_textgrid_after_beam10_retry40,D:\20_AUDIO\03_wav\individual\2020\SDRW2000001208\SDRW2000001208.1.1.235.lab,62,D:\20_AUDIO\03_wav\individual\2020\SDRW2000001208\SDRW2000001208.1.1.235.wav,True
2020,SDRW2000001208,SDRW2000001208.1.1.239,no_textgrid_after_beam10_retry40,D:\20_AUDIO\03_wav\individual\2020\SDRW2000001208\SDRW2000001208.1.1.239.lab,70,D:\20_AUDIO\03_wav\individual\2020\SDRW2000001208\SDRW2000001208.1.1.239.wav,True
2020,SDRW2000001208,SDRW2000001208.1.1.240,no_textgrid_after_beam10_retry40,D:\20_AUDIO\03_wav\individual\2020\SDRW2000001208\SDRW2000001208.1.1.240.lab,66,D:\20_AUDIO\03_wav\individual\2020\SDRW2000001208\SDRW2000001208.1.1.240.wav,True
2020,SDRW2000001208,SDRW2000001208.1.1.247,no_textgrid_after_beam10_retry40,D:\20_AUDIO\03_wav\individual\2020\SDRW2000001208\SDRW2000001208.1.1.247.lab,43,D:\20_AUDIO\03_wav\individual\2020\SDRW2000001208\SDRW2000001208.1.1.247.wav,True
2020,SDRW2000001208,SDRW2000001208.1.1.251,no_textgrid_after_beam10_retry40,D:\20_AUDIO\03_wav\individual\2020\SDRW2000001208\SDRW2000001208.1.1.251.lab,77,D:\20_AUDIO\03_wav\individual\2020\SDRW2000001208\SDRW2000001208.1.1.251.wav,True
2020,SDRW2000001208,SDRW2000001208.1.1.261,no_textgrid_after_beam10_retry40,D:\20_AUDIO\03_wav\individual\2020\SDRW2000001208\SDRW2000001208.1.1.261.lab,90,D:\20_AUDIO\03_wav\individual\2020\SDRW2000001208\SDRW2000001208.1.1.261.wav,True
2020,SDRW2000001208,SDRW2000001208.1.1.268,no_textgrid_after_beam10_retry40,D:\20_AUDIO\03_wav\individual\2020\SDRW2000001208\SDRW2000001208.1.1.268.lab,122,D:\20_AUDIO\03_wav\individual\2020\SDRW2000001208\SDRW2000001208.1.1.268.wav,True
2020,SDRW2000001208,SDRW2000001208.1.1.270,no_textgrid_after_beam10_retry40,D:\20_AUDIO\03_wav\individual\2020\SDRW2000001208\SDRW2000001208.1.1.270.lab,13,D:\20_AUDIO\03_wav\individual\2020\SDRW2000001208\SDRW2000001208.1.1.270.wav,True
2020,SDRW2000001208,SDRW2000001208.1.1.272,no_textgrid_after_beam10_retry40,D:\20_AUDIO\03_wav\individual\2020\SDRW2000001208\SDRW2000001208.1.1.272.lab,107,D:\20_AUDIO\03_wav\individual\2020\SDRW2000001208\SDRW2000001208.1.1.272.wav,True
2020,SDRW2000001208,SDRW2000001208.1.1.28,no_textgrid_after_beam10_retry40,D:\20_AUDIO\03_wav\individual\2020\SDRW2000001208\SDRW2000001208.1.1.28.lab,29,D:\20_AUDIO\03_wav\individual\2020\SDRW2000001208\SDRW2000001208.1.1.28.wav,True
2020,SDRW2000001208,SDRW2000001208.1.1.282,no_textgrid_after_beam10_retry40,D:\20_AUDIO\03_wav\individual\2020\SDRW2000001208\SDRW2000001208.1.1.282.lab,19,D:\20_AUDIO\03_wav\individual\2020\SDRW2000001208\SDRW2000001208.1.1.282.wav,True
2020,SDRW2000001208,SDRW2000001208.1.1.283,no_textgrid_after_beam10_retry40,D:\20_AUDIO\03_wav\individual\2020\SDRW2000001208\SDRW2000001208.1.1.283.lab,40,D:\20_AUDIO\03_wav\individual\2020\SDRW2000001208\SDRW2000001208.1.1.283.wav,True
2020,SDRW2000001208,SDRW2000001208.1.1.285,no_textgrid_after_beam10_retry40,D:\20_AUDIO\03_wav\individual\2020\SDRW2000001208\SDRW2000001208.1.1.285.lab,83,D:\20_AUDIO\03_wav\individual\2020\SDRW2000001208\SDRW2000001208.1.1.285.wav,True
2020,SDRW2000001208,SDRW2000001208.1.1.288,no_textgrid_after_beam10_retry40,D:\20_AUDIO\03_wav\individual\2020\SDRW2000001208\SDRW2000001208.1.1.288.lab,84,D:\20_AUDIO\03_wav\individual\2020\SDRW2000001208\SDRW2000001208.1.1.288.wav,True
2020,SDRW2000001208,SDRW2000001208.1.1.290,no_textgrid_after_beam10_retry40,D:\20_AUDIO\03_wav\individual\2020\SDRW2000001208\SDRW2000001208.1.1.290.lab,19,D:\20_AUDIO\03_wav\individual\2020\SDRW2000001208\SDRW2000001208.1.1.290.wav,True
2020,SDRW2000001208,SDRW2000001208.1.1.291,no_textgrid_after_beam10_retry40,D:\20_AUDIO\03_wav\individual\2020\SDRW2000001208\SDRW2000001208.1.1.291.lab,46,D:\20_AUDIO\03_wav\individual\2020\SDRW2000001208\SDRW2000001208.1.1.291.wav,True
2020,SDRW2000001208,SDRW2000001208.1.1.294,no_textgrid_after_beam10_retry40,D:\20_AUDIO\03_wav\individual\2020\SDRW2000001208\SDRW2000001208.1.1.294.lab,71,D:\20_AUDIO\03_wav\individual\2020\SDRW2000001208\SDRW2000001208.1.1.294.wav,True
2020,SDRW2000001208,SDRW2000001208.1.1.297,no_textgrid_after_beam10_retry40,D:\20_AUDIO\03_wav\individual\2020\SDRW2000001208\SDRW2000001208.1.1.297.lab,51,D:\20_AUDIO\03_wav\individual\2020\SDRW2000001208\SDRW2000001208.1.1.297.wav,True
2020,SDRW2000001208,SDRW2000001208.1.1.30,no_textgrid_after_beam10_retry40,D:\20_AUDIO\03_wav\individual\2020\SDRW2000001208\SDRW2000001208.1.1.30.lab,44,D:\20_AUDIO\03_wav\individual\2020\SDRW2000001208\SDRW2000001208.1.1.30.wav,True
2020,SDRW2000001208,SDRW2000001208.1.1.302,no_textgrid_after_beam10_retry40,D:\20_AUDIO\03_wav\individual\2020\SDRW2000001208\SDRW2000001208.1.1.302.lab,43,D:\20_AUDIO\03_wav\individual\2020\SDRW2000001208\SDRW2000001208.1.1.302.wav,True
2020,SDRW2000001208,SDRW2000001208.1.1.309,no_textgrid_after_beam10_retry40,D:\20_AUDIO\03_wav\individual\2020\SDRW2000001208\SDRW2000001208.1.1.309.lab,20,D:\20_AUDIO\03_wav\individual\2020\SDRW2000001208\SDRW2000001208.1.1.309.wav,True
2020,SDRW2000001208,SDRW2000001208.1.1.315,no_textgrid_after_beam10_retry40,D:\20_AUDIO\03_wav\individual\2020\SDRW2000001208\SDRW2000001208.1.1.315.lab,83,D:\20_AUDIO\03_wav\individual\2020\SDRW2000001208\SDRW2000001208.1.1.315.wav,True
2020,SDRW2000001208,SDRW2000001208.1.1.316,no_textgrid_after_beam10_retry40,D:\20_AUDIO\03_wav\individual\2020\SDRW2000001208\SDRW2000001208.1.1.316.lab,36,D:\20_AUDIO\03_wav\individual\2020\SDRW2000001208\SDRW2000001208.1.1.316.wav,True
2020,SDRW2000001208,SDRW2000001208.1.1.317,no_textgrid_after_beam10_retry40,D:\20_AUDIO\03_wav\individual\2020\SDRW2000001208\SDRW2000001208.1.1.317.lab,47,D:\20_AUDIO\03_wav\individual\2020\SDRW2000001208\SDRW2000001208.1.1.317.wav,True
2020,SDRW2000001208,SDRW2000001208.1.1.323,no_textgrid_after_beam10_retry40,D:\20_AUDIO\03_wav\individual\2020\SDRW2000001208\SDRW2000001208.1.1.323.lab,22,D:\20_AUDIO\03_wav\individual\2020\SDRW2000001208\SDRW2000001208.1.1.323.wav,True
2020,SDRW2000001208,SDRW2000001208.1.1.327,no_textgrid_after_beam10_retry40,D:\20_AUDIO\03_wav\individual\2020\SDRW2000001208\SDRW2000001208.1.1.327.lab,81,D:\20_AUDIO\03_wav\individual\2020\SDRW2000001208\SDRW2000001208.1.1.327.wav,True
2020,SDRW2000001208,SDRW2000001208.1.1.328,no_textgrid_after_beam10_retry40,D:\20_AUDIO\03_wav\individual\2020\SDRW2000001208\SDRW2000001208.1.1.328.lab,30,D:\20_AUDIO\03_wav\individual\2020\SDRW2000001208\SDRW2000001208.1.1.328.wav,True
2020,SDRW2000001208,SDRW2000001208.1.1.34,no_textgrid_after_beam10_retry40,D:\20_AUDIO\03_wav\individual\2020\SDRW2000001208\SDRW2000001208.1.1.34.lab,17,D:\20_AUDIO\03_wav\individual\2020\SDRW2000001208\SDRW2000001208.1.1.34.wav,True
2020,SDRW2000001208,SDRW2000001208.1.1.340,no_textgrid_after_beam10_retry40,D:\20_AUDIO\03_wav\individual\2020\SDRW2000001208\SDRW2000001208.1.1.340.lab,37,D:\20_AUDIO\03_wav\individual\2020\SDRW2000001208\SDRW2000001208.1.1.340.wav,True
2020,SDRW2000001208,SDRW2000001208.1.1.345,no_textgrid_after_beam10_retry40,D:\20_AUDIO\03_wav\individual\2020\SDRW2000001208\SDRW2000001208.1.1.345.lab,64,D:\20_AUDIO\03_wav\individual\2020\SDRW2000001208\SDRW2000001208.1.1.345.wav,True
2020,SDRW2000001208,SDRW2000001208.1.1.350,no_textgrid_after_beam10_retry40,D:\20_AUDIO\03_wav\individual\2020\SDRW2000001208\SDRW2000001208.1.1.350.lab,36,D:\20_AUDIO\03_wav\individual\2020\SDRW2000001208\SDRW2000001208.1.1.350.wav,True
2020,SDRW2000001208,SDRW2000001208.1.1.352,no_textgrid_after_beam10_retry40,D:\20_AUDIO\03_wav\individual\2020\SDRW2000001208\SDRW2000001208.1.1.352.lab,30,D:\20_AUDIO\03_wav\individual\2020\SDRW2000001208\SDRW2000001208.1.1.352.wav,True
2020,SDRW2000001208,SDRW2000001208.1.1.354,no_textgrid_after_beam10_retry40,D:\20_AUDIO\03_wav\individual\2020\SDRW2000001208\SDRW2000001208.1.1.354.lab,81,D:\20_AUDIO\03_wav\individual\2020\SDRW2000001208\SDRW2000001208.1.1.354.wav,True
2020,SDRW2000001208,SDRW2000001208.1.1.40,no_textgrid_after_beam10_retry40,D:\20_AUDIO\03_wav\individual\2020\SDRW2000001208\SDRW2000001208.1.1.40.lab,38,D:\20_AUDIO\03_wav\individual\2020\SDRW2000001208\SDRW2000001208.1.1.40.wav,True
2020,SDRW2000001208,SDRW2000001208.1.1.45,no_textgrid_after_beam10_retry40,D:\20_AUDIO\03_wav\individual\2020\SDRW2000001208\SDRW2000001208.1.1.45.lab,73,D:\20_AUDIO\03_wav\individual\2020\SDRW2000001208\SDRW2000001208.1.1.45.wav,True
2020,SDRW2000001208,SDRW2000001208.1.1.48,no_textgrid_after_beam10_retry40,D:\20_AUDIO\03_wav\individual\2020\SDRW2000001208\SDRW2000001208.1.1.48.lab,48,D:\20_AUDIO\03_wav\individual\2020\SDRW2000001208\SDRW2000001208.1.1.48.wav,True
2020,SDRW2000001208,SDRW2000001208.1.1.50,no_textgrid_after_beam10_retry40,D:\20_AUDIO\03_wav\individual\2020\SDRW2000001208\SDRW2000001208.1.1.50.lab,51,D:\20_AUDIO\03_wav\individual\2020\SDRW2000001208\SDRW2000001208.1.1.50.wav,True
2020,SDRW2000001208,SDRW2000001208.1.1.53,no_textgrid_after_beam10_retry40,D:\20_AUDIO\03_wav\individual\2020\SDRW2000001208\SDRW2000001208.1.1.53.lab,92,D:\20_AUDIO\03_wav\individual\2020\SDRW2000001208\SDRW2000001208.1.1.53.wav,True
2020,SDRW2000001208,SDRW2000001208.1.1.56,no_textgrid_after_beam10_retry40,D:\20_AUDIO\03_wav\individual\2020\SDRW2000001208\SDRW2000001208.1.1.56.lab,53,D:\20_AUDIO\03_wav\individual\2020\SDRW2000001208\SDRW2000001208.1.1.56.wav,True
2020,SDRW2000001208,SDRW2000001208.1.1.61,no_textgrid_after_beam10_retry40,D:\20_AUDIO\03_wav\individual\2020\SDRW2000001208\SDRW2000001208.1.1.61.lab,70,D:\20_AUDIO\03_wav\individual\2020\SDRW2000001208\SDRW2000001208.1.1.61.wav,True
2020,SDRW2000001208,SDRW2000001208.1.1.65,no_textgrid_after_beam10_retry40,D:\20_AUDIO\03_wav\individual\2020\SDRW2000001208\SDRW2000001208.1.1.65.lab,50,D:\20_AUDIO\03_wav\individual\2020\SDRW2000001208\SDRW2000001208.1.1.65.wav,True
2020,SDRW2000001208,SDRW2000001208.1.1.68,no_textgrid_after_beam10_retry40,D:\20_AUDIO\03_wav\individual\2020\SDRW2000001208\SDRW2000001208.1.1.68.lab,32,D:\20_AUDIO\03_wav\individual\2020\SDRW2000001208\SDRW2000001208.1.1.68.wav,True
2020,SDRW2000001208,SDRW2000001208.1.1.74,no_textgrid_after_beam10_retry40,D:\20_AUDIO\03_wav\individual\2020\SDRW2000001208\SDRW2000001208.1.1.74.lab,29,D:\20_AUDIO\03_wav\individual\2020\SDRW2000001208\SDRW2000001208.1.1.74.wav,True
2020,SDRW2000001208,SDRW2000001208.1.1.77,no_textgrid_after_beam10_retry40,D:\20_AUDIO\03_wav\individual\2020\SDRW2000001208\SDRW2000001208.1.1.77.lab,70,D:\20_AUDIO\03_wav\individual\2020\SDRW2000001208\SDRW2000001208.1.1.77.wav,True
2020,SDRW2000001208,SDRW2000001208.1.1.81,no_textgrid_after_beam10_retry40,D:\20_AUDIO\03_wav\individual\2020\SDRW2000001208\SDRW2000001208.1.1.81.lab,70,D:\20_AUDIO\03_wav\individual\2020\SDRW2000001208\SDRW2000001208.1.1.81.wav,True
2020,SDRW2000001208,SDRW2000001208.1.1.82,no_textgrid_after_beam10_retry40,D:\20_AUDIO\03_wav\individual\2020\SDRW2000001208\SDRW2000001208.1.1.82.lab,53,D:\20_AUDIO\03_wav\individual\2020\SDRW2000001208\SDRW2000001208.1.1.82.wav,True
2020,SDRW2000001208,SDRW2000001208.1.1.83,no_textgrid_after_beam10_retry40,D:\20_AUDIO\03_wav\individual\2020\SDRW2000001208\SDRW2000001208.1.1.83.lab,47,D:\20_AUDIO\03_wav\individual\2020\SDRW2000001208\SDRW2000001208.1.1.83.wav,True
2020,SDRW2000001208,SDRW2000001208.1.1.86,no_textgrid_after_beam10_retry40,D:\20_AUDIO\03_wav\individual\2020\SDRW2000001208\SDRW2000001208.1.1.86.lab,67,D:\20_AUDIO\03_wav\individual\2020\SDRW2000001208\SDRW2000001208.1.1.86.wav,True
2020,SDRW2000001208,SDRW2000001208.1.1.91,no_textgrid_after_beam10_retry40,D:\20_AUDIO\03_wav\individual\2020\SDRW2000001208\SDRW2000001208.1.1.91.lab,62,D:\20_AUDIO\03_wav\individual\2020\SDRW2000001208\SDRW2000001208.1.1.91.wav,True
2020,SDRW2000001208,SDRW2000001208.1.1.93,no_textgrid_after_beam10_retry40,D:\20_AUDIO\03_wav\individual\2020\SDRW2000001208\SDRW2000001208.1.1.93.lab,36,D:\20_AUDIO\03_wav\individual\2020\SDRW2000001208\SDRW2000001208.1.1.93.wav,True
2020,SDRW2000001208,SDRW2000001208.1.1.98,no_textgrid_after_beam10_retry40,D:\20_AUDIO\03_wav\individual\2020\SDRW2000001208\SDRW2000001208.1.1.98.lab,35,D:\20_AUDIO\03_wav\individual\2020\SDRW2000001208\SDRW2000001208.1.1.98.wav,True
2020,SDRW2000001212,SDRW2000001212.1.1.101,no_textgrid_after_beam10_retry40,D:\20_AUDIO\03_wav\individual\2020\SDRW2000001212\SDRW2000001212.1.1.101.lab,68,D:\20_AUDIO\03_wav\individual\2020\SDRW2000001212\SDRW2000001212.1.1.101.wav,True
2020,SDRW2000001212,SDRW2000001212.1.1.105,no_textgrid_after_beam10_retry40,D:\20_AUDIO\03_wav\individual\2020\SDRW2000001212\SDRW2000001212.1.1.105.lab,53,D:\20_AUDIO\03_wav\individual\2020\SDRW2000001212\SDRW2000001212.1.1.105.wav,True
2020,SDRW2000001212,SDRW2000001212.1.1.115,no_textgrid_after_beam10_retry40,D:\20_AUDIO\03_wav\individual\2020\SDRW2000001212\SDRW2000001212.1.1.115.lab,32,D:\20_AUDIO\03_wav\individual\2020\SDRW2000001212\SDRW2000001212.1.1.115.wav,True
2020,SDRW2000001212,SDRW2000001212.1.1.118,no_textgrid_after_beam10_retry40,D:\20_AUDIO\03_wav\individual\2020\SDRW2000001212\SDRW2000001212.1.1.118.lab,53,D:\20_AUDIO\03_wav\individual\2020\SDRW2000001212\SDRW2000001212.1.1.118.wav,True
2020,SDRW2000001212,SDRW2000001212.1.1.13,no_textgrid_after_beam10_retry40,D:\20_AUDIO\03_wav\individual\2020\SDRW2000001212\SDRW2000001212.1.1.13.lab,39,D:\20_AUDIO\03_wav\individual\2020\SDRW2000001212\SDRW2000001212.1.1.13.wav,True
2020,SDRW2000001212,SDRW2000001212.1.1.131,no_textgrid_after_beam10_retry40,D:\20_AUDIO\03_wav\individual\2020\SDRW2000001212\SDRW2000001212.1.1.131.lab,61,D:\20_AUDIO\03_wav\individual\2020\SDRW2000001212\SDRW2000001212.1.1.131.wav,True
2020,SDRW2000001212,SDRW2000001212.1.1.133,no_textgrid_after_beam10_retry40,D:\20_AUDIO\03_wav\individual\2020\SDRW2000001212\SDRW2000001212.1.1.133.lab,46,D:\20_AUDIO\03_wav\individual\2020\SDRW2000001212\SDRW2000001212.1.1.133.wav,True
2020,SDRW2000001212,SDRW2000001212.1.1.138,no_textgrid_after_beam10_retry40,D:\20_AUDIO\03_wav\individual\2020\SDRW2000001212\SDRW2000001212.1.1.138.lab,33,D:\20_AUDIO\03_wav\individual\2020\SDRW2000001212\SDRW2000001212.1.1.138.wav,True
2020,SDRW2000001212,SDRW2000001212.1.1.142,no_textgrid_after_beam10_retry40,D:\20_AUDIO\03_wav\individual\2020\SDRW2000001212\SDRW2000001212.1.1.142.lab,35,D:\20_AUDIO\03_wav\individual\2020\SDRW2000001212\SDRW2000001212.1.1.142.wav,True
2020,SDRW2000001212,SDRW2000001212.1.1.146,no_textgrid_after_beam10_retry40,D:\20_AUDIO\03_wav\individual\2020\SDRW2000001212\SDRW2000001212.1.1.146.lab,28,D:\20_AUDIO\03_wav\individual\2020\SDRW2000001212\SDRW2000001212.1.1.146.wav,True
2020,SDRW2000001212,SDRW2000001212.1.1.149,no_textgrid_after_beam10_retry40,D:\20_AUDIO\03_wav\individual\2020\SDRW2000001212\SDRW2000001212.1.1.149.lab,70,D:\20_AUDIO\03_wav\individual\2020\SDRW2000001212\SDRW2000001212.1.1.149.wav,True
2020,SDRW2000001212,SDRW2000001212.1.1.150,no_textgrid_after_beam10_retry40,D:\20_AUDIO\03_wav\individual\2020\SDRW2000001212\SDRW2000001212.1.1.150.lab,52,D:\20_AUDIO\03_wav\individual\2020\SDRW2000001212\SDRW2000001212.1.1.150.wav,True
2020,SDRW2000001212,SDRW2000001212.1.1.158,no_textgrid_after_beam10_retry40,D:\20_AUDIO\03_wav\individual\2020\SDRW2000001212\SDRW2000001212.1.1.158.lab,26,D:\20_AUDIO\03_wav\individual\2020\SDRW2000001212\SDRW2000001212.1.1.158.wav,True
2020,SDRW2000001212,SDRW2000001212.1.1.160,no_textgrid_after_beam10_retry40,D:\20_AUDIO\03_wav\individual\2020\SDRW2000001212\SDRW2000001212.1.1.160.lab,61,D:\20_AUDIO\03_wav\individual\2020\SDRW2000001212\SDRW2000001212.1.1.160.wav,True
2020,SDRW2000001212,SDRW2000001212.1.1.162,no_textgrid_after_beam10_retry40,D:\20_AUDIO\03_wav\individual\2020\SDRW2000001212\SDRW2000001212.1.1.162.lab,26,D:\20_AUDIO\03_wav\individual\2020\SDRW2000001212\SDRW2000001212.1.1.162.wav,True
2020,SDRW2000001212,SDRW2000001212.1.1.166,no_textgrid_after_beam10_retry40,D:\20_AUDIO\03_wav\individual\2020\SDRW2000001212\SDRW2000001212.1.1.166.lab,88,D:\20_AUDIO\03_wav\individual\2020\SDRW2000001212\SDRW2000001212.1.1.166.wav,True
2020,SDRW2000001212,SDRW2000001212.1.1.167,no_textgrid_after_beam10_retry40,D:\20_AUDIO\03_wav\individual\2020\SDRW2000001212\SDRW2000001212.1.1.167.lab,50,D:\20_AUDIO\03_wav\individual\2020\SDRW2000001212\SDRW2000001212.1.1.167.wav,True
2020,SDRW2000001212,SDRW2000001212.1.1.17,no_textgrid_after_beam10_retry40,D:\20_AUDIO\03_wav\individual\2020\SDRW2000001212\SDRW2000001212.1.1.17.lab,74,D:\20_AUDIO\03_wav\individual\2020\SDRW2000001212\SDRW2000001212.1.1.17.wav,True
2020,SDRW2000001212,SDRW2000001212.1.1.171,no_textgrid_after_beam10_retry40,D:\20_AUDIO\03_wav\individual\2020\SDRW2000001212\SDRW2000001212.1.1.171.lab,40,D:\20_AUDIO\03_wav\individual\2020\SDRW2000001212\SDRW2000001212.1.1.171.wav,True
2020,SDRW2000001212,SDRW2000001212.1.1.182,no_textgrid_after_beam10_retry40,D:\20_AUDIO\03_wav\individual\2020\SDRW2000001212\SDRW2000001212.1.1.182.lab,56,D:\20_AUDIO\03_wav\individual\2020\SDRW2000001212\SDRW2000001212.1.1.182.wav,True
2020,SDRW2000001212,SDRW2000001212.1.1.195,no_textgrid_after_beam10_retry40,D:\20_AUDIO\03_wav\individual\2020\SDRW2000001212\SDRW2000001212.1.1.195.lab,80,D:\20_AUDIO\03_wav\individual\2020\SDRW2000001212\SDRW2000001212.1.1.195.wav,True
2020,SDRW2000001212,SDRW2000001212.1.1.200,no_textgrid_after_beam10_retry40,D:\20_AUDIO\03_wav\individual\2020\SDRW2000001212\SDRW2000001212.1.1.200.lab,43,D:\20_AUDIO\03_wav\individual\2020\SDRW2000001212\SDRW2000001212.1.1.200.wav,True
2020,SDRW2000001212,SDRW2000001212.1.1.204,no_textgrid_after_beam10_retry40,D:\20_AUDIO\03_wav\individual\2020\SDRW2000001212\SDRW2000001212.1.1.204.lab,35,D:\20_AUDIO\03_wav\individual\2020\SDRW2000001212\SDRW2000001212.1.1.204.wav,True
2020,SDRW2000001212,SDRW2000001212.1.1.209,no_textgrid_after_beam10_retry40,D:\20_AUDIO\03_wav\individual\2020\SDRW2000001212\SDRW2000001212.1.1.209.lab,41,D:\20_AUDIO\03_wav\individual\2020\SDRW2000001212\SDRW2000001212.1.1.209.wav,True
2020,SDRW2000001212,SDRW2000001212.1.1.213,no_textgrid_after_beam10_retry40,D:\20_AUDIO\03_wav\individual\2020\SDRW2000001212\SDRW2000001212.1.1.213.lab,73,D:\20_AUDIO\03_wav\individual\2020\SDRW2000001212\SDRW2000001212.1.1.213.wav,True
2020,SDRW2000001212,SDRW2000001212.1.1.214,no_textgrid_after_beam10_retry40,D:\20_AUDIO\03_wav\individual\2020\SDRW2000001212\SDRW2000001212.1.1.214.lab,70,D:\20_AUDIO\03_wav\individual\2020\SDRW2000001212\SDRW2000001212.1.1.214.wav,True
2020,SDRW2000001212,SDRW2000001212.1.1.215,no_textgrid_after_beam10_retry40,D:\20_AUDIO\03_wav\individual\2020\SDRW2000001212\SDRW2000001212.1.1.215.lab,26,D:\20_AUDIO\03_wav\individual\2020\SDRW2000001212\SDRW2000001212.1.1.215.wav,True
2020,SDRW2000001212,SDRW2000001212.1.1.219,no_textgrid_after_beam10_retry40,D:\20_AUDIO\03_wav\individual\2020\SDRW2000001212\SDRW2000001212.1.1.219.lab,25,D:\20_AUDIO\03_wav\individual\2020\SDRW2000001212\SDRW2000001212.1.1.219.wav,True
2020,SDRW2000001212,SDRW2000001212.1.1.229,no_textgrid_after_beam10_retry40,D:\20_AUDIO\03_wav\individual\2020\SDRW2000001212\SDRW2000001212.1.1.229.lab,64,D:\20_AUDIO\03_wav\individual\2020\SDRW2000001212\SDRW2000001212.1.1.229.wav,True
2020,SDRW2000001212,SDRW2000001212.1.1.23,no_textgrid_after_beam10_retry40,D:\20_AUDIO\03_wav\individual\2020\SDRW2000001212\SDRW2000001212.1.1.23.lab,59,D:\20_AUDIO\03_wav\individual\2020\SDRW2000001212\SDRW2000001212.1.1.23.wav,True
2020,SDRW2000001212,SDRW2000001212.1.1.233,no_textgrid_after_beam10_retry40,D:\20_AUDIO\03_wav\individual\2020\SDRW2000001212\SDRW2000001212.1.1.233.lab,78,D:\20_AUDIO\03_wav\individual\2020\SDRW2000001212\SDRW2000001212.1.1.233.wav,True
2020,SDRW2000001212,SDRW2000001212.1.1.234,no_textgrid_after_beam10_retry40,D:\20_AUDIO\03_wav\individual\2020\SDRW2000001212\SDRW2000001212.1.1.234.lab,55,D:\20_AUDIO\03_wav\individual\2020\SDRW2000001212\SDRW2000001212.1.1.234.wav,True
2020,SDRW2000001212,SDRW2000001212.1.1.237,no_textgrid_after_beam10_retry40,D:\20_AUDIO\03_wav\individual\2020\SDRW2000001212\SDRW2000001212.1.1.237.lab,66,D:\20_AUDIO\03_wav\individual\2020\SDRW2000001212\SDRW2000001212.1.1.237.wav,True
2020,SDRW2000001212,SDRW2000001212.1.1.24,no_textgrid_after_beam10_retry40,D:\20_AUDIO\03_wav\individual\2020\SDRW2000001212\SDRW2000001212.1.1.24.lab,40,D:\20_AUDIO\03_wav\individual\2020\SDRW2000001212\SDRW2000001212.1.1.24.wav,True
2020,SDRW2000001212,SDRW2000001212.1.1.242,no_textgrid_after_beam10_retry40,D:\20_AUDIO\03_wav\individual\2020\SDRW2000001212\SDRW2000001212.1.1.242.lab,74,D:\20_AUDIO\03_wav\individual\2020\SDRW2000001212\SDRW2000001212.1.1.242.wav,True
2020,SDRW2000001212,SDRW2000001212.1.1.243,no_textgrid_after_beam10_retry40,D:\20_AUDIO\03_wav\individual\2020\SDRW2000001212\SDRW2000001212.1.1.243.lab,62,D:\20_AUDIO\03_wav\individual\2020\SDRW2000001212\SDRW2000001212.1.1.243.wav,True
2020,SDRW2000001212,SDRW2000001212.1.1.257,no_textgrid_after_beam10_retry40,D:\20_AUDIO\03_wav\individual\2020\SDRW2000001212\SDRW2000001212.1.1.257.lab,56,D:\20_AUDIO\03_wav\individual\2020\SDRW2000001212\SDRW2000001212.1.1.257.wav,True
2020,SDRW2000001212,SDRW2000001212.1.1.261,no_textgrid_after_beam10_retry40,D:\20_AUDIO\03_wav\individual\2020\SDRW2000001212\SDRW2000001212.1.1.261.lab,53,D:\20_AUDIO\03_wav\individual\2020\SDRW2000001212\SDRW2000001212.1.1.261.wav,True
2020,SDRW2000001212,SDRW2000001212.1.1.270,no_textgrid_after_beam10_retry40,D:\20_AUDIO\03_wav\individual\2020\SDRW2000001212\SDRW2000001212.1.1.270.lab,52,D:\20_AUDIO\03_wav\individual\2020\SDRW2000001212\SDRW2000001212.1.1.270.wav,True
2020,SDRW2000001212,SDRW2000001212.1.1.274,no_textgrid_after_beam10_retry40,D:\20_AUDIO\03_wav\individual\2020\SDRW2000001212\SDRW2000001212.1.1.274.lab,26,D:\20_AUDIO\03_wav\individual\2020\SDRW2000001212\SDRW2000001212.1.1.274.wav,True
2020,SDRW2000001212,SDRW2000001212.1.1.276,no_textgrid_after_beam10_retry40,D:\20_AUDIO\03_wav\individual\2020\SDRW2000001212\SDRW2000001212.1.1.276.lab,44,D:\20_AUDIO\03_wav\individual\2020\SDRW2000001212\SDRW2000001212.1.1.276.wav,True
2020,SDRW2000001212,SDRW2000001212.1.1.285,no_textgrid_after_beam10_retry40,D:\20_AUDIO\03_wav\individual\2020\SDRW2000001212\SDRW2000001212.1.1.285.lab,86,D:\20_AUDIO\03_wav\individual\2020\SDRW2000001212\SDRW2000001212.1.1.285.wav,True
2020,SDRW2000001212,SDRW2000001212.1.1.289,no_textgrid_after_beam10_retry40,D:\20_AUDIO\03_wav\individual\2020\SDRW2000001212\SDRW2000001212.1.1.289.lab,22,D:\20_AUDIO\03_wav\individual\2020\SDRW2000001212\SDRW2000001212.1.1.289.wav,True
2020,SDRW2000001212,SDRW2000001212.1.1.294,no_textgrid_after_beam10_retry40,D:\20_AUDIO\03_wav\individual\2020\SDRW2000001212\SDRW2000001212.1.1.294.lab,54,D:\20_AUDIO\03_wav\individual\2020\SDRW2000001212\SDRW2000001212.1.1.294.wav,True
2020,SDRW2000001212,SDRW2000001212.1.1.302,no_textgrid_after_beam10_retry40,D:\20_AUDIO\03_wav\individual\2020\SDRW2000001212\SDRW2000001212.1.1.302.lab,59,D:\20_AUDIO\03_wav\individual\2020\SDRW2000001212\SDRW2000001212.1.1.302.wav,True
2020,SDRW2000001212,SDRW2000001212.1.1.305,no_textgrid_after_beam10_retry40,D:\20_AUDIO\03_wav\individual\2020\SDRW2000001212\SDRW2000001212.1.1.305.lab,57,D:\20_AUDIO\03_wav\individual\2020\SDRW2000001212\SDRW2000001212.1.1.305.wav,True
2020,SDRW2000001212,SDRW2000001212.1.1.307,no_textgrid_after_beam10_retry40,D:\20_AUDIO\03_wav\individual\2020\SDRW2000001212\SDRW2000001212.1.1.307.lab,42,D:\20_AUDIO\03_wav\individual\2020\SDRW2000001212\SDRW2000001212.1.1.307.wav,True
2020,SDRW2000001212,SDRW2000001212.1.1.309,no_textgrid_after_beam10_retry40,D:\20_AUDIO\03_wav\individual\2020\SDRW2000001212\SDRW2000001212.1.1.309.lab,79,D:\20_AUDIO\03_wav\individual\2020\SDRW2000001212\SDRW2000001212.1.1.309.wav,True
2020,SDRW2000001212,SDRW2000001212.1.1.31,no_textgrid_after_beam10_retry40,D:\20_AUDIO\03_wav\individual\2020\SDRW2000001212\SDRW2000001212.1.1.31.lab,51,D:\20_AUDIO\03_wav\individual\2020\SDRW2000001212\SDRW2000001212.1.1.31.wav,True
2020,SDRW2000001212,SDRW2000001212.1.1.311,no_textgrid_after_beam10_retry40,D:\20_AUDIO\03_wav\individual\2020\SDRW2000001212\SDRW2000001212.1.1.311.lab,56,D:\20_AUDIO\03_wav\individual\2020\SDRW2000001212\SDRW2000001212.1.1.311.wav,True
2020,SDRW2000001212,SDRW2000001212.1.1.315,no_textgrid_after_beam10_retry40,D:\20_AUDIO\03_wav\individual\2020\SDRW2000001212\SDRW2000001212.1.1.315.lab,60,D:\20_AUDIO\03_wav\individual\2020\SDRW2000001212\SDRW2000001212.1.1.315.wav,True
2020,SDRW2000001212,SDRW2000001212.1.1.318,no_textgrid_after_beam10_retry40,D:\20_AUDIO\03_wav\individual\2020\SDRW2000001212\SDRW2000001212.1.1.318.lab,30,D:\20_AUDIO\03_wav\individual\2020\SDRW2000001212\SDRW2000001212.1.1.318.wav,True
2020,SDRW2000001212,SDRW2000001212.1.1.319,no_textgrid_after_beam10_retry40,D:\20_AUDIO\03_wav\individual\2020\SDRW2000001212\SDRW2000001212.1.1.319.lab,39,D:\20_AUDIO\03_wav\individual\2020\SDRW2000001212\SDRW2000001212.1.1.319.wav,True
2020,SDRW2000001212,SDRW2000001212.1.1.329,no_textgrid_after_beam10_retry40,D:\20_AUDIO\03_wav\individual\2020\SDRW2000001212\SDRW2000001212.1.1.329.lab,39,D:\20_AUDIO\03_wav\individual\2020\SDRW2000001212\SDRW2000001212.1.1.329.wav,True
2020,SDRW2000001212,SDRW2000001212.1.1.340,no_textgrid_after_beam10_retry40,D:\20_AUDIO\03_wav\individual\2020\SDRW2000001212\SDRW2000001212.1.1.340.lab,33,D:\20_AUDIO\03_wav\individual\2020\SDRW2000001212\SDRW2000001212.1.1.340.wav,True
2020,SDRW2000001212,SDRW2000001212.1.1.37,no_textgrid_after_beam10_retry40,D:\20_AUDIO\03_wav\individual\2020\SDRW2000001212\SDRW2000001212.1.1.37.lab,50,D:\20_AUDIO\03_wav\individual\2020\SDRW2000001212\SDRW2000001212.1.1.37.wav,True
2020,SDRW2000001212,SDRW2000001212.1.1.370,no_textgrid_after_beam10_retry40,D:\20_AUDIO\03_wav\individual\2020\SDRW2000001212\SDRW2000001212.1.1.370.lab,36,D:\20_AUDIO\03_wav\individual\2020\SDRW2000001212\SDRW2000001212.1.1.370.wav,True
2020,SDRW2000001212,SDRW2000001212.1.1.372,no_textgrid_after_beam10_retry40,D:\20_AUDIO\03_wav\individual\2020\SDRW2000001212\SDRW2000001212.1.1.372.lab,83,D:\20_AUDIO\03_wav\individual\2020\SDRW2000001212\SDRW2000001212.1.1.372.wav,True
2020,SDRW2000001212,SDRW2000001212.1.1.373,no_textgrid_after_beam10_retry40,D:\20_AUDIO\03_wav\individual\2020\SDRW2000001212\SDRW2000001212.1.1.373.lab,43,D:\20_AUDIO\03_wav\individual\2020\SDRW2000001212\SDRW2000001212.1.1.373.wav,True
2020,SDRW2000001212,SDRW2000001212.1.1.374,no_textgrid_after_beam10_retry40,D:\20_AUDIO\03_wav\individual\2020\SDRW2000001212\SDRW2000001212.1.1.374.lab,51,D:\20_AUDIO\03_wav\individual\2020\SDRW2000001212\SDRW2000001212.1.1.374.wav,True
2020,SDRW2000001212,SDRW2000001212.1.1.378,no_textgrid_after_beam10_retry40,D:\20_AUDIO\03_wav\individual\2020\SDRW2000001212\SDRW2000001212.1.1.378.lab,65,D:\20_AUDIO\03_wav\individual\2020\SDRW2000001212\SDRW2000001212.1.1.378.wav,True
2020,SDRW2000001212,SDRW2000001212.1.1.38,no_textgrid_after_beam10_retry40,D:\20_AUDIO\03_wav\individual\2020\SDRW2000001212\SDRW2000001212.1.1.38.lab,48,D:\20_AUDIO\03_wav\individual\2020\SDRW2000001212\SDRW2000001212.1.1.38.wav,True
2020,SDRW2000001212,SDRW2000001212.1.1.381,no_textgrid_after_beam10_retry40,D:\20_AUDIO\03_wav\individual\2020\SDRW2000001212\SDRW2000001212.1.1.381.lab,33,D:\20_AUDIO\03_wav\individual\2020\SDRW2000001212\SDRW2000001212.1.1.381.wav,True
2020,SDRW2000001212,SDRW2000001212.1.1.383,no_textgrid_after_beam10_retry40,D:\20_AUDIO\03_wav\individual\2020\SDRW2000001212\SDRW2000001212.1.1.383.lab,83,D:\20_AUDIO\03_wav\individual\2020\SDRW2000001212\SDRW2000001212.1.1.383.wav,True
2020,SDRW2000001212,SDRW2000001212.1.1.387,no_textgrid_after_beam10_retry40,D:\20_AUDIO\03_wav\individual\2020\SDRW2000001212\SDRW2000001212.1.1.387.lab,69,D:\20_AUDIO\03_wav\individual\2020\SDRW2000001212\SDRW2000001212.1.1.387.wav,True
2020,SDRW2000001212,SDRW2000001212.1.1.388,no_textgrid_after_beam10_retry40,D:\20_AUDIO\03_wav\individual\2020\SDRW2000001212\SDRW2000001212.1.1.388.lab,81,D:\20_AUDIO\03_wav\individual\2020\SDRW2000001212\SDRW2000001212.1.1.388.wav,True
2020,SDRW2000001212,SDRW2000001212.1.1.390,no_textgrid_after_beam10_retry40,D:\20_AUDIO\03_wav\individual\2020\SDRW2000001212\SDRW2000001212.1.1.390.lab,59,D:\20_AUDIO\03_wav\individual\2020\SDRW2000001212\SDRW2000001212.1.1.390.wav,True
2020,SDRW2000001212,SDRW2000001212.1.1.399,no_textgrid_after_beam10_retry40,D:\20_AUDIO\03_wav\individual\2020\SDRW2000001212\SDRW2000001212.1.1.399.lab,45,D:\20_AUDIO\03_wav\individual\2020\SDRW2000001212\SDRW2000001212.1.1.399.wav,True
2020,SDRW2000001212,SDRW2000001212.1.1.411,no_textgrid_after_beam10_retry40,D:\20_AUDIO\03_wav\individual\2020\SDRW2000001212\SDRW2000001212.1.1.411.lab,26,D:\20_AUDIO\03_wav\individual\2020\SDRW2000001212\SDRW2000001212.1.1.411.wav,True
2020,SDRW2000001212,SDRW2000001212.1.1.415,no_textgrid_after_beam10_retry40,D:\20_AUDIO\03_wav\individual\2020\SDRW2000001212\SDRW2000001212.1.1.415.lab,70,D:\20_AUDIO\03_wav\individual\2020\SDRW2000001212\SDRW2000001212.1.1.415.wav,True
2020,SDRW2000001212,SDRW2000001212.1.1.424,no_textgrid_after_beam10_retry40,D:\20_AUDIO\03_wav\individual\2020\SDRW2000001212\SDRW2000001212.1.1.424.lab,56,D:\20_AUDIO\03_wav\individual\2020\SDRW2000001212\SDRW2000001212.1.1.424.wav,True
2020,SDRW2000001212,SDRW2000001212.1.1.43,no_textgrid_after_beam10_retry40,D:\20_AUDIO\03_wav\individual\2020\SDRW2000001212\SDRW2000001212.1.1.43.lab,47,D:\20_AUDIO\03_wav\individual\2020\SDRW2000001212\SDRW2000001212.1.1.43.wav,True
2020,SDRW2000001212,SDRW2000001212.1.1.432,no_textgrid_after_beam10_retry40,D:\20_AUDIO\03_wav\individual\2020\SDRW2000001212\SDRW2000001212.1.1.432.lab,38,D:\20_AUDIO\03_wav\individual\2020\SDRW2000001212\SDRW2000001212.1.1.432.wav,True
2020,SDRW2000001212,SDRW2000001212.1.1.434,no_textgrid_after_beam10_retry40,D:\20_AUDIO\03_wav\individual\2020\SDRW2000001212\SDRW2000001212.1.1.434.lab,42,D:\20_AUDIO\03_wav\individual\2020\SDRW2000001212\SDRW2000001212.1.1.434.wav,True
2020,SDRW2000001212,SDRW2000001212.1.1.437,no_textgrid_after_beam10_retry40,D:\20_AUDIO\03_wav\individual\2020\SDRW2000001212\SDRW2000001212.1.1.437.lab,52,D:\20_AUDIO\03_wav\individual\2020\SDRW2000001212\SDRW2000001212.1.1.437.wav,True
2020,SDRW2000001212,SDRW2000001212.1.1.442,no_textgrid_after_beam10_retry40,D:\20_AUDIO\03_wav\individual\2020\SDRW2000001212\SDRW2000001212.1.1.442.lab,53,D:\20_AUDIO\03_wav\individual\2020\SDRW2000001212\SDRW2000001212.1.1.442.wav,True
2020,SDRW2000001212,SDRW2000001212.1.1.46,no_textgrid_after_beam10_retry40,D:\20_AUDIO\03_wav\individual\2020\SDRW2000001212\SDRW2000001212.1.1.46.lab,41,D:\20_AUDIO\03_wav\individual\2020\SDRW2000001212\SDRW2000001212.1.1.46.wav,True
2020,SDRW2000001212,SDRW2000001212.1.1.57,no_textgrid_after_beam10_retry40,D:\20_AUDIO\03_wav\individual\2020\SDRW2000001212\SDRW2000001212.1.1.57.lab,30,D:\20_AUDIO\03_wav\individual\2020\SDRW2000001212\SDRW2000001212.1.1.57.wav,True
2020,SDRW2000001212,SDRW2000001212.1.1.59,no_textgrid_after_beam10_retry40,D:\20_AUDIO\03_wav\individual\2020\SDRW2000001212\SDRW2000001212.1.1.59.lab,42,D:\20_AUDIO\03_wav\individual\2020\SDRW2000001212\SDRW2000001212.1.1.59.wav,True
2020,SDRW2000001212,SDRW2000001212.1.1.74,no_textgrid_after_beam10_retry40,D:\20_AUDIO\03_wav\individual\2020\SDRW2000001212\SDRW2000001212.1.1.74.lab,34,D:\20_AUDIO\03_wav\individual\2020\SDRW2000001212\SDRW2000001212.1.1.74.wav,True
2020,SDRW2000001212,SDRW2000001212.1.1.84,no_textgrid_after_beam10_retry40,D:\20_AUDIO\03_wav\individual\2020\SDRW2000001212\SDRW2000001212.1.1.84.lab,36,D:\20_AUDIO\03_wav\individual\2020\SDRW2000001212\SDRW2000001212.1.1.84.wav,True
2020,SDRW2000001212,SDRW2000001212.1.1.90,no_textgrid_after_beam10_retry40,D:\20_AUDIO\03_wav\individual\2020\SDRW2000001212\SDRW2000001212.1.1.90.lab,47,D:\20_AUDIO\03_wav\individual\2020\SDRW2000001212\SDRW2000001212.1.1.90.wav,True
2020,SDRW2000001212,SDRW2000001212.1.1.92,no_textgrid_after_beam10_retry40,D:\20_AUDIO\03_wav\individual\2020\SDRW2000001212\SDRW2000001212.1.1.92.lab,74,D:\20_AUDIO\03_wav\individual\2020\SDRW2000001212\SDRW2000001212.1.1.92.wav,True
2020,SDRW2000001212,SDRW2000001212.1.1.96,no_textgrid_after_beam10_retry40,D:\20_AUDIO\03_wav\individual\2020\SDRW2000001212\SDRW2000001212.1.1.96.lab,43,D:\20_AUDIO\03_wav\individual\2020\SDRW2000001212\SDRW2000001212.1.1.96.wav,True
2020,SDRW2000001213,SDRW2000001213.1.1.103,no_textgrid_after_beam10_retry40,D:\20_AUDIO\03_wav\individual\2020\SDRW2000001213\SDRW2000001213.1.1.103.lab,62,D:\20_AUDIO\03_wav\individual\2020\SDRW2000001213\SDRW2000001213.1.1.103.wav,True
2020,SDRW2000001213,SDRW2000001213.1.1.107,no_textgrid_after_beam10_retry40,D:\20_AUDIO\03_wav\individual\2020\SDRW2000001213\SDRW2000001213.1.1.107.lab,33,D:\20_AUDIO\03_wav\individual\2020\SDRW2000001213\SDRW2000001213.1.1.107.wav,True
2020,SDRW2000001213,SDRW2000001213.1.1.108,no_textgrid_after_beam10_retry40,D:\20_AUDIO\03_wav\individual\2020\SDRW2000001213\SDRW2000001213.1.1.108.lab,93,D:\20_AUDIO\03_wav\individual\2020\SDRW2000001213\SDRW2000001213.1.1.108.wav,True
2020,SDRW2000001213,SDRW2000001213.1.1.110,no_textgrid_after_beam10_retry40,D:\20_AUDIO\03_wav\individual\2020\SDRW2000001213\SDRW2000001213.1.1.110.lab,49,D:\20_AUDIO\03_wav\individual\2020\SDRW2000001213\SDRW2000001213.1.1.110.wav,True
2020,SDRW2000001213,SDRW2000001213.1.1.111,no_textgrid_after_beam10_retry40,D:\20_AUDIO\03_wav\individual\2020\SDRW2000001213\SDRW2000001213.1.1.111.lab,73,D:\20_AUDIO\03_wav\individual\2020\SDRW2000001213\SDRW2000001213.1.1.111.wav,True
2020,SDRW2000001213,SDRW2000001213.1.1.112,no_textgrid_after_beam10_retry40,D:\20_AUDIO\03_wav\individual\2020\SDRW2000001213\SDRW2000001213.1.1.112.lab,60,D:\20_AUDIO\03_wav\individual\2020\SDRW2000001213\SDRW2000001213.1.1.112.wav,True
2020,SDRW2000001213,SDRW2000001213.1.1.131,no_textgrid_after_beam10_retry40,D:\20_AUDIO\03_wav\individual\2020\SDRW2000001213\SDRW2000001213.1.1.131.lab,44,D:\20_AUDIO\03_wav\individual\2020\SDRW2000001213\SDRW2000001213.1.1.131.wav,True
2020,SDRW2000001213,SDRW2000001213.1.1.135,no_textgrid_after_beam10_retry40,D:\20_AUDIO\03_wav\individual\2020\SDRW2000001213\SDRW2000001213.1.1.135.lab,43,D:\20_AUDIO\03_wav\individual\2020\SDRW2000001213\SDRW2000001213.1.1.135.wav,True
2020,SDRW2000001213,SDRW2000001213.1.1.137,no_textgrid_after_beam10_retry40,D:\20_AUDIO\03_wav\individual\2020\SDRW2000001213\SDRW2000001213.1.1.137.lab,57,D:\20_AUDIO\03_wav\individual\2020\SDRW2000001213\SDRW2000001213.1.1.137.wav,True
2020,SDRW2000001213,SDRW2000001213.1.1.138,no_textgrid_after_beam10_retry40,D:\20_AUDIO\03_wav\individual\2020\SDRW2000001213\SDRW2000001213.1.1.138.lab,39,D:\20_AUDIO\03_wav\individual\2020\SDRW2000001213\SDRW2000001213.1.1.138.wav,True
2020,SDRW2000001213,SDRW2000001213.1.1.151,no_textgrid_after_beam10_retry40,D:\20_AUDIO\03_wav\individual\2020\SDRW2000001213\SDRW2000001213.1.1.151.lab,58,D:\20_AUDIO\03_wav\individual\2020\SDRW2000001213\SDRW2000001213.1.1.151.wav,True
2020,SDRW2000001213,SDRW2000001213.1.1.152,no_textgrid_after_beam10_retry40,D:\20_AUDIO\03_wav\individual\2020\SDRW2000001213\SDRW2000001213.1.1.152.lab,33,D:\20_AUDIO\03_wav\individual\2020\SDRW2000001213\SDRW2000001213.1.1.152.wav,True
2020,SDRW2000001213,SDRW2000001213.1.1.155,no_textgrid_after_beam10_retry40,D:\20_AUDIO\03_wav\individual\2020\SDRW2000001213\SDRW2000001213.1.1.155.lab,55,D:\20_AUDIO\03_wav\individual\2020\SDRW2000001213\SDRW2000001213.1.1.155.wav,True
2020,SDRW2000001213,SDRW2000001213.1.1.158,no_textgrid_after_beam10_retry40,D:\20_AUDIO\03_wav\individual\2020\SDRW2000001213\SDRW2000001213.1.1.158.lab,62,D:\20_AUDIO\03_wav\individual\2020\SDRW2000001213\SDRW2000001213.1.1.158.wav,True
2020,SDRW2000001213,SDRW2000001213.1.1.165,no_textgrid_after_beam10_retry40,D:\20_AUDIO\03_wav\individual\2020\SDRW2000001213\SDRW2000001213.1.1.165.lab,59,D:\20_AUDIO\03_wav\individual\2020\SDRW2000001213\SDRW2000001213.1.1.165.wav,True
2020,SDRW2000001213,SDRW2000001213.1.1.166,no_textgrid_after_beam10_retry40,D:\20_AUDIO\03_wav\individual\2020\SDRW2000001213\SDRW2000001213.1.1.166.lab,26,D:\20_AUDIO\03_wav\individual\2020\SDRW2000001213\SDRW2000001213.1.1.166.wav,True
2020,SDRW2000001213,SDRW2000001213.1.1.168,no_textgrid_after_beam10_retry40,D:\20_AUDIO\03_wav\individual\2020\SDRW2000001213\SDRW2000001213.1.1.168.lab,63,D:\20_AUDIO\03_wav\individual\2020\SDRW2000001213\SDRW2000001213.1.1.168.wav,True
2020,SDRW2000001213,SDRW2000001213.1.1.18,no_textgrid_after_beam10_retry40,D:\20_AUDIO\03_wav\individual\2020\SDRW2000001213\SDRW2000001213.1.1.18.lab,22,D:\20_AUDIO\03_wav\individual\2020\SDRW2000001213\SDRW2000001213.1.1.18.wav,True
2020,SDRW2000001213,SDRW2000001213.1.1.180,no_textgrid_after_beam10_retry40,D:\20_AUDIO\03_wav\individual\2020\SDRW2000001213\SDRW2000001213.1.1.180.lab,80,D:\20_AUDIO\03_wav\individual\2020\SDRW2000001213\SDRW2000001213.1.1.180.wav,True
2020,SDRW2000001213,SDRW2000001213.1.1.183,no_textgrid_after_beam10_retry40,D:\20_AUDIO\03_wav\individual\2020\SDRW2000001213\SDRW2000001213.1.1.183.lab,43,D:\20_AUDIO\03_wav\individual\2020\SDRW2000001213\SDRW2000001213.1.1.183.wav,True
2020,SDRW2000001213,SDRW2000001213.1.1.191,no_textgrid_after_beam10_retry40,D:\20_AUDIO\03_wav\individual\2020\SDRW2000001213\SDRW2000001213.1.1.191.lab,25,D:\20_AUDIO\03_wav\individual\2020\SDRW2000001213\SDRW2000001213.1.1.191.wav,True
2020,SDRW2000001213,SDRW2000001213.1.1.200,no_textgrid_after_beam10_retry40,D:\20_AUDIO\03_wav\individual\2020\SDRW2000001213\SDRW2000001213.1.1.200.lab,33,D:\20_AUDIO\03_wav\individual\2020\SDRW2000001213\SDRW2000001213.1.1.200.wav,True
2020,SDRW2000001213,SDRW2000001213.1.1.204,no_textgrid_after_beam10_retry40,D:\20_AUDIO\03_wav\individual\2020\SDRW2000001213\SDRW2000001213.1.1.204.lab,43,D:\20_AUDIO\03_wav\individual\2020\SDRW2000001213\SDRW2000001213.1.1.204.wav,True
2020,SDRW2000001213,SDRW2000001213.1.1.205,no_textgrid_after_beam10_retry40,D:\20_AUDIO\03_wav\individual\2020\SDRW2000001213\SDRW2000001213.1.1.205.lab,48,D:\20_AUDIO\03_wav\individual\2020\SDRW2000001213\SDRW2000001213.1.1.205.wav,True
2020,SDRW2000001213,SDRW2000001213.1.1.210,no_textgrid_after_beam10_retry40,D:\20_AUDIO\03_wav\individual\2020\SDRW2000001213\SDRW2000001213.1.1.210.lab,56,D:\20_AUDIO\03_wav\individual\2020\SDRW2000001213\SDRW2000001213.1.1.210.wav,True
2020,SDRW2000001213,SDRW2000001213.1.1.213,no_textgrid_after_beam10_retry40,D:\20_AUDIO\03_wav\individual\2020\SDRW2000001213\SDRW2000001213.1.1.213.lab,55,D:\20_AUDIO\03_wav\individual\2020\SDRW2000001213\SDRW2000001213.1.1.213.wav,True
2020,SDRW2000001213,SDRW2000001213.1.1.219,no_textgrid_after_beam10_retry40,D:\20_AUDIO\03_wav\individual\2020\SDRW2000001213\SDRW2000001213.1.1.219.lab,47,D:\20_AUDIO\03_wav\individual\2020\SDRW2000001213\SDRW2000001213.1.1.219.wav,True
2020,SDRW2000001213,SDRW2000001213.1.1.223,no_textgrid_after_beam10_retry40,D:\20_AUDIO\03_wav\individual\2020\SDRW2000001213\SDRW2000001213.1.1.223.lab,33,D:\20_AUDIO\03_wav\individual\2020\SDRW2000001213\SDRW2000001213.1.1.223.wav,True
2020,SDRW2000001213,SDRW2000001213.1.1.227,no_textgrid_after_beam10_retry40,D:\20_AUDIO\03_wav\individual\2020\SDRW2000001213\SDRW2000001213.1.1.227.lab,36,D:\20_AUDIO\03_wav\individual\2020\SDRW2000001213\SDRW2000001213.1.1.227.wav,True
2020,SDRW2000001213,SDRW2000001213.1.1.228,no_textgrid_after_beam10_retry40,D:\20_AUDIO\03_wav\individual\2020\SDRW2000001213\SDRW2000001213.1.1.228.lab,23,D:\20_AUDIO\03_wav\individual\2020\SDRW2000001213\SDRW2000001213.1.1.228.wav,True
2020,SDRW2000001213,SDRW2000001213.1.1.229,no_textgrid_after_beam10_retry40,D:\20_AUDIO\03_wav\individual\2020\SDRW2000001213\SDRW2000001213.1.1.229.lab,50,D:\20_AUDIO\03_wav\individual\2020\SDRW2000001213\SDRW2000001213.1.1.229.wav,True
2020,SDRW2000001213,SDRW2000001213.1.1.232,no_textgrid_after_beam10_retry40,D:\20_AUDIO\03_wav\individual\2020\SDRW2000001213\SDRW2000001213.1.1.232.lab,51,D:\20_AUDIO\03_wav\individual\2020\SDRW2000001213\SDRW2000001213.1.1.232.wav,True
2020,SDRW2000001213,SDRW2000001213.1.1.233,no_textgrid_after_beam10_retry40,D:\20_AUDIO\03_wav\individual\2020\SDRW2000001213\SDRW2000001213.1.1.233.lab,40,D:\20_AUDIO\03_wav\individual\2020\SDRW2000001213\SDRW2000001213.1.1.233.wav,True
2020,SDRW2000001213,SDRW2000001213.1.1.248,no_textgrid_after_beam10_retry40,D:\20_AUDIO\03_wav\individual\2020\SDRW2000001213\SDRW2000001213.1.1.248.lab,52,D:\20_AUDIO\03_wav\individual\2020\SDRW2000001213\SDRW2000001213.1.1.248.wav,True
2020,SDRW2000001213,SDRW2000001213.1.1.249,no_textgrid_after_beam10_retry40,D:\20_AUDIO\03_wav\individual\2020\SDRW2000001213\SDRW2000001213.1.1.249.lab,58,D:\20_AUDIO\03_wav\individual\2020\SDRW2000001213\SDRW2000001213.1.1.249.wav,True
2020,SDRW2000001213,SDRW2000001213.1.1.254,no_textgrid_after_beam10_retry40,D:\20_AUDIO\03_wav\individual\2020\SDRW2000001213\SDRW2000001213.1.1.254.lab,62,D:\20_AUDIO\03_wav\individual\2020\SDRW2000001213\SDRW2000001213.1.1.254.wav,True
2020,SDRW2000001213,SDRW2000001213.1.1.256,no_textgrid_after_beam10_retry40,D:\20_AUDIO\03_wav\individual\2020\SDRW2000001213\SDRW2000001213.1.1.256.lab,123,D:\20_AUDIO\03_wav\individual\2020\SDRW2000001213\SDRW2000001213.1.1.256.wav,True
2020,SDRW2000001213,SDRW2000001213.1.1.264,no_textgrid_after_beam10_retry40,D:\20_AUDIO\03_wav\individual\2020\SDRW2000001213\SDRW2000001213.1.1.264.lab,75,D:\20_AUDIO\03_wav\individual\2020\SDRW2000001213\SDRW2000001213.1.1.264.wav,True
2020,SDRW2000001213,SDRW2000001213.1.1.267,no_textgrid_after_beam10_retry40,D:\20_AUDIO\03_wav\individual\2020\SDRW2000001213\SDRW2000001213.1.1.267.lab,47,D:\20_AUDIO\03_wav\individual\2020\SDRW2000001213\SDRW2000001213.1.1.267.wav,True
2020,SDRW2000001213,SDRW2000001213.1.1.279,no_textgrid_after_beam10_retry40,D:\20_AUDIO\03_wav\individual\2020\SDRW2000001213\SDRW2000001213.1.1.279.lab,26,D:\20_AUDIO\03_wav\individual\2020\SDRW2000001213\SDRW2000001213.1.1.279.wav,True
2020,SDRW2000001213,SDRW2000001213.1.1.291,no_textgrid_after_beam10_retry40,D:\20_AUDIO\03_wav\individual\2020\SDRW2000001213\SDRW2000001213.1.1.291.lab,25,D:\20_AUDIO\03_wav\individual\2020\SDRW2000001213\SDRW2000001213.1.1.291.wav,True
2020,SDRW2000001213,SDRW2000001213.1.1.293,no_textgrid_after_beam10_retry40,D:\20_AUDIO\03_wav\individual\2020\SDRW2000001213\SDRW2000001213.1.1.293.lab,43,D:\20_AUDIO\03_wav\individual\2020\SDRW2000001213\SDRW2000001213.1.1.293.wav,True
2020,SDRW2000001213,SDRW2000001213.1.1.295,no_textgrid_after_beam10_retry40,D:\20_AUDIO\03_wav\individual\2020\SDRW2000001213\SDRW2000001213.1.1.295.lab,37,D:\20_AUDIO\03_wav\individual\2020\SDRW2000001213\SDRW2000001213.1.1.295.wav,True
2020,SDRW2000001213,SDRW2000001213.1.1.296,no_textgrid_after_beam10_retry40,D:\20_AUDIO\03_wav\individual\2020\SDRW2000001213\SDRW2000001213.1.1.296.lab,36,D:\20_AUDIO\03_wav\individual\2020\SDRW2000001213\SDRW2000001213.1.1.296.wav,True
2020,SDRW2000001213,SDRW2000001213.1.1.298,no_textgrid_after_beam10_retry40,D:\20_AUDIO\03_wav\individual\2020\SDRW2000001213\SDRW2000001213.1.1.298.lab,33,D:\20_AUDIO\03_wav\individual\2020\SDRW2000001213\SDRW2000001213.1.1.298.wav,True
2020,SDRW2000001213,SDRW2000001213.1.1.308,no_textgrid_after_beam10_retry40,D:\20_AUDIO\03_wav\individual\2020\SDRW2000001213\SDRW2000001213.1.1.308.lab,39,D:\20_AUDIO\03_wav\individual\2020\SDRW2000001213\SDRW2000001213.1.1.308.wav,True
2020,SDRW2000001213,SDRW2000001213.1.1.31,no_textgrid_after_beam10_retry40,D:\20_AUDIO\03_wav\individual\2020\SDRW2000001213\SDRW2000001213.1.1.31.lab,39,D:\20_AUDIO\03_wav\individual\2020\SDRW2000001213\SDRW2000001213.1.1.31.wav,True
2020,SDRW2000001213,SDRW2000001213.1.1.316,no_textgrid_after_beam10_retry40,D:\20_AUDIO\03_wav\individual\2020\SDRW2000001213\SDRW2000001213.1.1.316.lab,43,D:\20_AUDIO\03_wav\individual\2020\SDRW2000001213\SDRW2000001213.1.1.316.wav,True
2020,SDRW2000001213,SDRW2000001213.1.1.32,no_textgrid_after_beam10_retry40,D:\20_AUDIO\03_wav\individual\2020\SDRW2000001213\SDRW2000001213.1.1.32.lab,26,D:\20_AUDIO\03_wav\individual\2020\SDRW2000001213\SDRW2000001213.1.1.32.wav,True
2020,SDRW2000001213,SDRW2000001213.1.1.320,no_textgrid_after_beam10_retry40,D:\20_AUDIO\03_wav\individual\2020\SDRW2000001213\SDRW2000001213.1.1.320.lab,58,D:\20_AUDIO\03_wav\individual\2020\SDRW2000001213\SDRW2000001213.1.1.320.wav,True
2020,SDRW2000001213,SDRW2000001213.1.1.323,no_textgrid_after_beam10_retry40,D:\20_AUDIO\03_wav\individual\2020\SDRW2000001213\SDRW2000001213.1.1.323.lab,56,D:\20_AUDIO\03_wav\individual\2020\SDRW2000001213\SDRW2000001213.1.1.323.wav,True
2020,SDRW2000001213,SDRW2000001213.1.1.327,no_textgrid_after_beam10_retry40,D:\20_AUDIO\03_wav\individual\2020\SDRW2000001213\SDRW2000001213.1.1.327.lab,29,D:\20_AUDIO\03_wav\individual\2020\SDRW2000001213\SDRW2000001213.1.1.327.wav,True
2020,SDRW2000001213,SDRW2000001213.1.1.330,no_textgrid_after_beam10_retry40,D:\20_AUDIO\03_wav\individual\2020\SDRW2000001213\SDRW2000001213.1.1.330.lab,85,D:\20_AUDIO\03_wav\individual\2020\SDRW2000001213\SDRW2000001213.1.1.330.wav,True
2020,SDRW2000001213,SDRW2000001213.1.1.337,no_textgrid_after_beam10_retry40,D:\20_AUDIO\03_wav\individual\2020\SDRW2000001213\SDRW2000001213.1.1.337.lab,71,D:\20_AUDIO\03_wav\individual\2020\SDRW2000001213\SDRW2000001213.1.1.337.wav,True
2020,SDRW2000001213,SDRW2000001213.1.1.344,no_textgrid_after_beam10_retry40,D:\20_AUDIO\03_wav\individual\2020\SDRW2000001213\SDRW2000001213.1.1.344.lab,40,D:\20_AUDIO\03_wav\individual\2020\SDRW2000001213\SDRW2000001213.1.1.344.wav,True
2020,SDRW2000001213,SDRW2000001213.1.1.347,no_textgrid_after_beam10_retry40,D:\20_AUDIO\03_wav\individual\2020\SDRW2000001213\SDRW2000001213.1.1.347.lab,78,D:\20_AUDIO\03_wav\individual\2020\SDRW2000001213\SDRW2000001213.1.1.347.wav,True
2020,SDRW2000001213,SDRW2000001213.1.1.359,no_textgrid_after_beam10_retry40,D:\20_AUDIO\03_wav\individual\2020\SDRW2000001213\SDRW2000001213.1.1.359.lab,40,D:\20_AUDIO\03_wav\individual\2020\SDRW2000001213\SDRW2000001213.1.1.359.wav,True
2020,SDRW2000001213,SDRW2000001213.1.1.363,no_textgrid_after_beam10_retry40,D:\20_AUDIO\03_wav\individual\2020\SDRW2000001213\SDRW2000001213.1.1.363.lab,52,D:\20_AUDIO\03_wav\individual\2020\SDRW2000001213\SDRW2000001213.1.1.363.wav,True
2020,SDRW2000001213,SDRW2000001213.1.1.368,no_textgrid_after_beam10_retry40,D:\20_AUDIO\03_wav\individual\2020\SDRW2000001213\SDRW2000001213.1.1.368.lab,51,D:\20_AUDIO\03_wav\individual\2020\SDRW2000001213\SDRW2000001213.1.1.368.wav,True
2020,SDRW2000001213,SDRW2000001213.1.1.370,no_textgrid_after_beam10_retry40,D:\20_AUDIO\03_wav\individual\2020\SDRW2000001213\SDRW2000001213.1.1.370.lab,55,D:\20_AUDIO\03_wav\individual\2020\SDRW2000001213\SDRW2000001213.1.1.370.wav,True
2020,SDRW2000001213,SDRW2000001213.1.1.374,no_textgrid_after_beam10_retry40,D:\20_AUDIO\03_wav\individual\2020\SDRW2000001213\SDRW2000001213.1.1.374.lab,44,D:\20_AUDIO\03_wav\individual\2020\SDRW2000001213\SDRW2000001213.1.1.374.wav,True
2020,SDRW2000001213,SDRW2000001213.1.1.388,no_textgrid_after_beam10_retry40,D:\20_AUDIO\03_wav\individual\2020\SDRW2000001213\SDRW2000001213.1.1.388.lab,51,D:\20_AUDIO\03_wav\individual\2020\SDRW2000001213\SDRW2000001213.1.1.388.wav,True
2020,SDRW2000001213,SDRW2000001213.1.1.393,no_textgrid_after_beam10_retry40,D:\20_AUDIO\03_wav\individual\2020\SDRW2000001213\SDRW2000001213.1.1.393.lab,67,D:\20_AUDIO\03_wav\individual\2020\SDRW2000001213\SDRW2000001213.1.1.393.wav,True
2020,SDRW2000001213,SDRW2000001213.1.1.395,no_textgrid_after_beam10_retry40,D:\20_AUDIO\03_wav\individual\2020\SDRW2000001213\SDRW2000001213.1.1.395.lab,43,D:\20_AUDIO\03_wav\individual\2020\SDRW2000001213\SDRW2000001213.1.1.395.wav,True
2020,SDRW2000001213,SDRW2000001213.1.1.414,no_textgrid_after_beam10_retry40,D:\20_AUDIO\03_wav\individual\2020\SDRW2000001213\SDRW2000001213.1.1.414.lab,55,D:\20_AUDIO\03_wav\individual\2020\SDRW2000001213\SDRW2000001213.1.1.414.wav,True
2020,SDRW2000001213,SDRW2000001213.1.1.416,no_textgrid_after_beam10_retry40,D:\20_AUDIO\03_wav\individual\2020\SDRW2000001213\SDRW2000001213.1.1.416.lab,49,D:\20_AUDIO\03_wav\individual\2020\SDRW2000001213\SDRW2000001213.1.1.416.wav,True
2020,SDRW2000001213,SDRW2000001213.1.1.48,no_textgrid_after_beam10_retry40,D:\20_AUDIO\03_wav\individual\2020\SDRW2000001213\SDRW2000001213.1.1.48.lab,25,D:\20_AUDIO\03_wav\individual\2020\SDRW2000001213\SDRW2000001213.1.1.48.wav,True
2020,SDRW2000001213,SDRW2000001213.1.1.50,no_textgrid_after_beam10_retry40,D:\20_AUDIO\03_wav\individual\2020\SDRW2000001213\SDRW2000001213.1.1.50.lab,71,D:\20_AUDIO\03_wav\individual\2020\SDRW2000001213\SDRW2000001213.1.1.50.wav,True
2020,SDRW2000001213,SDRW2000001213.1.1.57,no_textgrid_after_beam10_retry40,D:\20_AUDIO\03_wav\individual\2020\SDRW2000001213\SDRW2000001213.1.1.57.lab,25,D:\20_AUDIO\03_wav\individual\2020\SDRW2000001213\SDRW2000001213.1.1.57.wav,True
2020,SDRW2000001213,SDRW2000001213.1.1.59,no_textgrid_after_beam10_retry40,D:\20_AUDIO\03_wav\individual\2020\SDRW2000001213\SDRW2000001213.1.1.59.lab,52,D:\20_AUDIO\03_wav\individual\2020\SDRW2000001213\SDRW2000001213.1.1.59.wav,True
2020,SDRW2000001213,SDRW2000001213.1.1.63,no_textgrid_after_beam10_retry40,D:\20_AUDIO\03_wav\individual\2020\SDRW2000001213\SDRW2000001213.1.1.63.lab,30,D:\20_AUDIO\03_wav\individual\2020\SDRW2000001213\SDRW2000001213.1.1.63.wav,True
2020,SDRW2000001213,SDRW2000001213.1.1.66,no_textgrid_after_beam10_retry40,D:\20_AUDIO\03_wav\individual\2020\SDRW2000001213\SDRW2000001213.1.1.66.lab,53,D:\20_AUDIO\03_wav\individual\2020\SDRW2000001213\SDRW2000001213.1.1.66.wav,True
2020,SDRW2000001213,SDRW2000001213.1.1.72,no_textgrid_after_beam10_retry40,D:\20_AUDIO\03_wav\individual\2020\SDRW2000001213\SDRW2000001213.1.1.72.lab,94,D:\20_AUDIO\03_wav\individual\2020\SDRW2000001213\SDRW2000001213.1.1.72.wav,True
2020,SDRW2000001213,SDRW2000001213.1.1.76,no_textgrid_after_beam10_retry40,D:\20_AUDIO\03_wav\individual\2020\SDRW2000001213\SDRW2000001213.1.1.76.lab,47,D:\20_AUDIO\03_wav\individual\2020\SDRW2000001213\SDRW2000001213.1.1.76.wav,True
2020,SDRW2000001213,SDRW2000001213.1.1.78,no_textgrid_after_beam10_retry40,D:\20_AUDIO\03_wav\individual\2020\SDRW2000001213\SDRW2000001213.1.1.78.lab,48,D:\20_AUDIO\03_wav\individual\2020\SDRW2000001213\SDRW2000001213.1.1.78.wav,True
2020,SDRW2000001213,SDRW2000001213.1.1.8,no_textgrid_after_beam10_retry40,D:\20_AUDIO\03_wav\individual\2020\SDRW2000001213\SDRW2000001213.1.1.8.lab,49,D:\20_AUDIO\03_wav\individual\2020\SDRW2000001213\SDRW2000001213.1.1.8.wav,True
2020,SDRW2000001213,SDRW2000001213.1.1.92,no_textgrid_after_beam10_retry40,D:\20_AUDIO\03_wav\individual\2020\SDRW2000001213\SDRW2000001213.1.1.92.lab,46,D:\20_AUDIO\03_wav\individual\2020\SDRW2000001213\SDRW2000001213.1.1.92.wav,True
2020,SDRW2000001213,SDRW2000001213.1.1.94,no_textgrid_after_beam10_retry40,D:\20_AUDIO\03_wav\individual\2020\SDRW2000001213\SDRW2000001213.1.1.94.lab,44,D:\20_AUDIO\03_wav\individual\2020\SDRW2000001213\SDRW2000001213.1.1.94.wav,True
2020,SDRW2000001213,SDRW2000001213.1.1.95,no_textgrid_after_beam10_retry40,D:\20_AUDIO\03_wav\individual\2020\SDRW2000001213\SDRW2000001213.1.1.95.lab,41,D:\20_AUDIO\03_wav\individual\2020\SDRW2000001213\SDRW2000001213.1.1.95.wav,True
2020,SDRW2000001215,SDRW2000001215.1.1.103,no_textgrid_after_beam10_retry40,D:\20_AUDIO\03_wav\individual\2020\SDRW2000001215\SDRW2000001215.1.1.103.lab,59,D:\20_AUDIO\03_wav\individual\2020\SDRW2000001215\SDRW2000001215.1.1.103.wav,True
2020,SDRW2000001215,SDRW2000001215.1.1.105,no_textgrid_after_beam10_retry40,D:\20_AUDIO\03_wav\individual\2020\SDRW2000001215\SDRW2000001215.1.1.105.lab,77,D:\20_AUDIO\03_wav\individual\2020\SDRW2000001215\SDRW2000001215.1.1.105.wav,True
2020,SDRW2000001215,SDRW2000001215.1.1.107,no_textgrid_after_beam10_retry40,D:\20_AUDIO\03_wav\individual\2020\SDRW2000001215\SDRW2000001215.1.1.107.lab,19,D:\20_AUDIO\03_wav\individual\2020\SDRW2000001215\SDRW2000001215.1.1.107.wav,True
2020,SDRW2000001215,SDRW2000001215.1.1.113,no_textgrid_after_beam10_retry40,D:\20_AUDIO\03_wav\individual\2020\SDRW2000001215\SDRW2000001215.1.1.113.lab,60,D:\20_AUDIO\03_wav\individual\2020\SDRW2000001215\SDRW2000001215.1.1.113.wav,True
2020,SDRW2000001215,SDRW2000001215.1.1.116,no_textgrid_after_beam10_retry40,D:\20_AUDIO\03_wav\individual\2020\SDRW2000001215\SDRW2000001215.1.1.116.lab,83,D:\20_AUDIO\03_wav\individual\2020\SDRW2000001215\SDRW2000001215.1.1.116.wav,True
2020,SDRW2000001215,SDRW2000001215.1.1.119,no_textgrid_after_beam10_retry40,D:\20_AUDIO\03_wav\individual\2020\SDRW2000001215\SDRW2000001215.1.1.119.lab,35,D:\20_AUDIO\03_wav\individual\2020\SDRW2000001215\SDRW2000001215.1.1.119.wav,True
2020,SDRW2000001215,SDRW2000001215.1.1.122,no_textgrid_after_beam10_retry40,D:\20_AUDIO\03_wav\individual\2020\SDRW2000001215\SDRW2000001215.1.1.122.lab,77,D:\20_AUDIO\03_wav\individual\2020\SDRW2000001215\SDRW2000001215.1.1.122.wav,True
2020,SDRW2000001215,SDRW2000001215.1.1.123,no_textgrid_after_beam10_retry40,D:\20_AUDIO\03_wav\individual\2020\SDRW2000001215\SDRW2000001215.1.1.123.lab,54,D:\20_AUDIO\03_wav\individual\2020\SDRW2000001215\SDRW2000001215.1.1.123.wav,True
2020,SDRW2000001215,SDRW2000001215.1.1.141,no_textgrid_after_beam10_retry40,D:\20_AUDIO\03_wav\individual\2020\SDRW2000001215\SDRW2000001215.1.1.141.lab,56,D:\20_AUDIO\03_wav\individual\2020\SDRW2000001215\SDRW2000001215.1.1.141.wav,True
2020,SDRW2000001215,SDRW2000001215.1.1.153,no_textgrid_after_beam10_retry40,D:\20_AUDIO\03_wav\individual\2020\SDRW2000001215\SDRW2000001215.1.1.153.lab,25,D:\20_AUDIO\03_wav\individual\2020\SDRW2000001215\SDRW2000001215.1.1.153.wav,True
2020,SDRW2000001215,SDRW2000001215.1.1.154,no_textgrid_after_beam10_retry40,D:\20_AUDIO\03_wav\individual\2020\SDRW2000001215\SDRW2000001215.1.1.154.lab,102,D:\20_AUDIO\03_wav\individual\2020\SDRW2000001215\SDRW2000001215.1.1.154.wav,True
2020,SDRW2000001215,SDRW2000001215.1.1.155,no_textgrid_after_beam10_retry40,D:\20_AUDIO\03_wav\individual\2020\SDRW2000001215\SDRW2000001215.1.1.155.lab,41,D:\20_AUDIO\03_wav\individual\2020\SDRW2000001215\SDRW2000001215.1.1.155.wav,True
2020,SDRW2000001215,SDRW2000001215.1.1.160,no_textgrid_after_beam10_retry40,D:\20_AUDIO\03_wav\individual\2020\SDRW2000001215\SDRW2000001215.1.1.160.lab,72,D:\20_AUDIO\03_wav\individual\2020\SDRW2000001215\SDRW2000001215.1.1.160.wav,True
2020,SDRW2000001215,SDRW2000001215.1.1.162,no_textgrid_after_beam10_retry40,D:\20_AUDIO\03_wav\individual\2020\SDRW2000001215\SDRW2000001215.1.1.162.lab,49,D:\20_AUDIO\03_wav\individual\2020\SDRW2000001215\SDRW2000001215.1.1.162.wav,True
2020,SDRW2000001215,SDRW2000001215.1.1.167,no_textgrid_after_beam10_retry40,D:\20_AUDIO\03_wav\individual\2020\SDRW2000001215\SDRW2000001215.1.1.167.lab,48,D:\20_AUDIO\03_wav\individual\2020\SDRW2000001215\SDRW2000001215.1.1.167.wav,True
2020,SDRW2000001215,SDRW2000001215.1.1.168,no_textgrid_after_beam10_retry40,D:\20_AUDIO\03_wav\individual\2020\SDRW2000001215\SDRW2000001215.1.1.168.lab,46,D:\20_AUDIO\03_wav\individual\2020\SDRW2000001215\SDRW2000001215.1.1.168.wav,True
2020,SDRW2000001215,SDRW2000001215.1.1.171,no_textgrid_after_beam10_retry40,D:\20_AUDIO\03_wav\individual\2020\SDRW2000001215\SDRW2000001215.1.1.171.lab,47,D:\20_AUDIO\03_wav\individual\2020\SDRW2000001215\SDRW2000001215.1.1.171.wav,True
2020,SDRW2000001215,SDRW2000001215.1.1.177,no_textgrid_after_beam10_retry40,D:\20_AUDIO\03_wav\individual\2020\SDRW2000001215\SDRW2000001215.1.1.177.lab,50,D:\20_AUDIO\03_wav\individual\2020\SDRW2000001215\SDRW2000001215.1.1.177.wav,True
2020,SDRW2000001215,SDRW2000001215.1.1.179,no_textgrid_after_beam10_retry40,D:\20_AUDIO\03_wav\individual\2020\SDRW2000001215\SDRW2000001215.1.1.179.lab,23,D:\20_AUDIO\03_wav\individual\2020\SDRW2000001215\SDRW2000001215.1.1.179.wav,True
2020,SDRW2000001215,SDRW2000001215.1.1.181,no_textgrid_after_beam10_retry40,D:\20_AUDIO\03_wav\individual\2020\SDRW2000001215\SDRW2000001215.1.1.181.lab,43,D:\20_AUDIO\03_wav\individual\2020\SDRW2000001215\SDRW2000001215.1.1.181.wav,True
2020,SDRW2000001215,SDRW2000001215.1.1.182,no_textgrid_after_beam10_retry40,D:\20_AUDIO\03_wav\individual\2020\SDRW2000001215\SDRW2000001215.1.1.182.lab,42,D:\20_AUDIO\03_wav\individual\2020\SDRW2000001215\SDRW2000001215.1.1.182.wav,True
2020,SDRW2000001215,SDRW2000001215.1.1.184,no_textgrid_after_beam10_retry40,D:\20_AUDIO\03_wav\individual\2020\SDRW2000001215\SDRW2000001215.1.1.184.lab,57,D:\20_AUDIO\03_wav\individual\2020\SDRW2000001215\SDRW2000001215.1.1.184.wav,True
2020,SDRW2000001215,SDRW2000001215.1.1.186,no_textgrid_after_beam10_retry40,D:\20_AUDIO\03_wav\individual\2020\SDRW2000001215\SDRW2000001215.1.1.186.lab,63,D:\20_AUDIO\03_wav\individual\2020\SDRW2000001215\SDRW2000001215.1.1.186.wav,True
2020,SDRW2000001215,SDRW2000001215.1.1.189,no_textgrid_after_beam10_retry40,D:\20_AUDIO\03_wav\individual\2020\SDRW2000001215\SDRW2000001215.1.1.189.lab,42,D:\20_AUDIO\03_wav\individual\2020\SDRW2000001215\SDRW2000001215.1.1.189.wav,True
2020,SDRW2000001215,SDRW2000001215.1.1.201,no_textgrid_after_beam10_retry40,D:\20_AUDIO\03_wav\individual\2020\SDRW2000001215\SDRW2000001215.1.1.201.lab,23,D:\20_AUDIO\03_wav\individual\2020\SDRW2000001215\SDRW2000001215.1.1.201.wav,True
2020,SDRW2000001215,SDRW2000001215.1.1.202,no_textgrid_after_beam10_retry40,D:\20_AUDIO\03_wav\individual\2020\SDRW2000001215\SDRW2000001215.1.1.202.lab,82,D:\20_AUDIO\03_wav\individual\2020\SDRW2000001215\SDRW2000001215.1.1.202.wav,True
2020,SDRW2000001215,SDRW2000001215.1.1.204,no_textgrid_after_beam10_retry40,D:\20_AUDIO\03_wav\individual\2020\SDRW2000001215\SDRW2000001215.1.1.204.lab,87,D:\20_AUDIO\03_wav\individual\2020\SDRW2000001215\SDRW2000001215.1.1.204.wav,True
2020,SDRW2000001215,SDRW2000001215.1.1.211,no_textgrid_after_beam10_retry40,D:\20_AUDIO\03_wav\individual\2020\SDRW2000001215\SDRW2000001215.1.1.211.lab,66,D:\20_AUDIO\03_wav\individual\2020\SDRW2000001215\SDRW2000001215.1.1.211.wav,True
2020,SDRW2000001215,SDRW2000001215.1.1.219,no_textgrid_after_beam10_retry40,D:\20_AUDIO\03_wav\individual\2020\SDRW2000001215\SDRW2000001215.1.1.219.lab,56,D:\20_AUDIO\03_wav\individual\2020\SDRW2000001215\SDRW2000001215.1.1.219.wav,True
2020,SDRW2000001215,SDRW2000001215.1.1.22,no_textgrid_after_beam10_retry40,D:\20_AUDIO\03_wav\individual\2020\SDRW2000001215\SDRW2000001215.1.1.22.lab,36,D:\20_AUDIO\03_wav\individual\2020\SDRW2000001215\SDRW2000001215.1.1.22.wav,True
2020,SDRW2000001215,SDRW2000001215.1.1.236,no_textgrid_after_beam10_retry40,D:\20_AUDIO\03_wav\individual\2020\SDRW2000001215\SDRW2000001215.1.1.236.lab,65,D:\20_AUDIO\03_wav\individual\2020\SDRW2000001215\SDRW2000001215.1.1.236.wav,True
2020,SDRW2000001215,SDRW2000001215.1.1.245,no_textgrid_after_beam10_retry40,D:\20_AUDIO\03_wav\individual\2020\SDRW2000001215\SDRW2000001215.1.1.245.lab,54,D:\20_AUDIO\03_wav\individual\2020\SDRW2000001215\SDRW2000001215.1.1.245.wav,True
2020,SDRW2000001215,SDRW2000001215.1.1.25,no_textgrid_after_beam10_retry40,D:\20_AUDIO\03_wav\individual\2020\SDRW2000001215\SDRW2000001215.1.1.25.lab,49,D:\20_AUDIO\03_wav\individual\2020\SDRW2000001215\SDRW2000001215.1.1.25.wav,True
2020,SDRW2000001215,SDRW2000001215.1.1.251,no_textgrid_after_beam10_retry40,D:\20_AUDIO\03_wav\individual\2020\SDRW2000001215\SDRW2000001215.1.1.251.lab,87,D:\20_AUDIO\03_wav\individual\2020\SDRW2000001215\SDRW2000001215.1.1.251.wav,True
2020,SDRW2000001215,SDRW2000001215.1.1.255,no_textgrid_after_beam10_retry40,D:\20_AUDIO\03_wav\individual\2020\SDRW2000001215\SDRW2000001215.1.1.255.lab,78,D:\20_AUDIO\03_wav\individual\2020\SDRW2000001215\SDRW2000001215.1.1.255.wav,True
2020,SDRW2000001215,SDRW2000001215.1.1.258,no_textgrid_after_beam10_retry40,D:\20_AUDIO\03_wav\individual\2020\SDRW2000001215\SDRW2000001215.1.1.258.lab,35,D:\20_AUDIO\03_wav\individual\2020\SDRW2000001215\SDRW2000001215.1.1.258.wav,True
2020,SDRW2000001215,SDRW2000001215.1.1.268,no_textgrid_after_beam10_retry40,D:\20_AUDIO\03_wav\individual\2020\SDRW2000001215\SDRW2000001215.1.1.268.lab,51,D:\20_AUDIO\03_wav\individual\2020\SDRW2000001215\SDRW2000001215.1.1.268.wav,True
2020,SDRW2000001215,SDRW2000001215.1.1.271,no_textgrid_after_beam10_retry40,D:\20_AUDIO\03_wav\individual\2020\SDRW2000001215\SDRW2000001215.1.1.271.lab,71,D:\20_AUDIO\03_wav\individual\2020\SDRW2000001215\SDRW2000001215.1.1.271.wav,True
2020,SDRW2000001215,SDRW2000001215.1.1.277,no_textgrid_after_beam10_retry40,D:\20_AUDIO\03_wav\individual\2020\SDRW2000001215\SDRW2000001215.1.1.277.lab,66,D:\20_AUDIO\03_wav\individual\2020\SDRW2000001215\SDRW2000001215.1.1.277.wav,True
2020,SDRW2000001215,SDRW2000001215.1.1.278,no_textgrid_after_beam10_retry40,D:\20_AUDIO\03_wav\individual\2020\SDRW2000001215\SDRW2000001215.1.1.278.lab,39,D:\20_AUDIO\03_wav\individual\2020\SDRW2000001215\SDRW2000001215.1.1.278.wav,True
2020,SDRW2000001215,SDRW2000001215.1.1.279,no_textgrid_after_beam10_retry40,D:\20_AUDIO\03_wav\individual\2020\SDRW2000001215\SDRW2000001215.1.1.279.lab,70,D:\20_AUDIO\03_wav\individual\2020\SDRW2000001215\SDRW2000001215.1.1.279.wav,True
2020,SDRW2000001215,SDRW2000001215.1.1.28,no_textgrid_after_beam10_retry40,D:\20_AUDIO\03_wav\individual\2020\SDRW2000001215\SDRW2000001215.1.1.28.lab,69,D:\20_AUDIO\03_wav\individual\2020\SDRW2000001215\SDRW2000001215.1.1.28.wav,True
2020,SDRW2000001215,SDRW2000001215.1.1.283,no_textgrid_after_beam10_retry40,D:\20_AUDIO\03_wav\individual\2020\SDRW2000001215\SDRW2000001215.1.1.283.lab,87,D:\20_AUDIO\03_wav\individual\2020\SDRW2000001215\SDRW2000001215.1.1.283.wav,True
2020,SDRW2000001215,SDRW2000001215.1.1.285,no_textgrid_after_beam10_retry40,D:\20_AUDIO\03_wav\individual\2020\SDRW2000001215\SDRW2000001215.1.1.285.lab,59,D:\20_AUDIO\03_wav\individual\2020\SDRW2000001215\SDRW2000001215.1.1.285.wav,True
2020,SDRW2000001215,SDRW2000001215.1.1.288,no_textgrid_after_beam10_retry40,D:\20_AUDIO\03_wav\individual\2020\SDRW2000001215\SDRW2000001215.1.1.288.lab,39,D:\20_AUDIO\03_wav\individual\2020\SDRW2000001215\SDRW2000001215.1.1.288.wav,True
2020,SDRW2000001215,SDRW2000001215.1.1.29,no_textgrid_after_beam10_retry40,D:\20_AUDIO\03_wav\individual\2020\SDRW2000001215\SDRW2000001215.1.1.29.lab,23,D:\20_AUDIO\03_wav\individual\2020\SDRW2000001215\SDRW2000001215.1.1.29.wav,True
2020,SDRW2000001215,SDRW2000001215.1.1.291,no_textgrid_after_beam10_retry40,D:\20_AUDIO\03_wav\individual\2020\SDRW2000001215\SDRW2000001215.1.1.291.lab,46,D:\20_AUDIO\03_wav\individual\2020\SDRW2000001215\SDRW2000001215.1.1.291.wav,True
2020,SDRW2000001215,SDRW2000001215.1.1.292,no_textgrid_after_beam10_retry40,D:\20_AUDIO\03_wav\individual\2020\SDRW2000001215\SDRW2000001215.1.1.292.lab,55,D:\20_AUDIO\03_wav\individual\2020\SDRW2000001215\SDRW2000001215.1.1.292.wav,True
2020,SDRW2000001215,SDRW2000001215.1.1.293,no_textgrid_after_beam10_retry40,D:\20_AUDIO\03_wav\individual\2020\SDRW2000001215\SDRW2000001215.1.1.293.lab,31,D:\20_AUDIO\03_wav\individual\2020\SDRW2000001215\SDRW2000001215.1.1.293.wav,True
2020,SDRW2000001215,SDRW2000001215.1.1.305,no_textgrid_after_beam10_retry40,D:\20_AUDIO\03_wav\individual\2020\SDRW2000001215\SDRW2000001215.1.1.305.lab,74,D:\20_AUDIO\03_wav\individual\2020\SDRW2000001215\SDRW2000001215.1.1.305.wav,True
2020,SDRW2000001215,SDRW2000001215.1.1.308,no_textgrid_after_beam10_retry40,D:\20_AUDIO\03_wav\individual\2020\SDRW2000001215\SDRW2000001215.1.1.308.lab,27,D:\20_AUDIO\03_wav\individual\2020\SDRW2000001215\SDRW2000001215.1.1.308.wav,True
2020,SDRW2000001215,SDRW2000001215.1.1.319,no_textgrid_after_beam10_retry40,D:\20_AUDIO\03_wav\individual\2020\SDRW2000001215\SDRW2000001215.1.1.319.lab,48,D:\20_AUDIO\03_wav\individual\2020\SDRW2000001215\SDRW2000001215.1.1.319.wav,True
2020,SDRW2000001215,SDRW2000001215.1.1.328,no_textgrid_after_beam10_retry40,D:\20_AUDIO\03_wav\individual\2020\SDRW2000001215\SDRW2000001215.1.1.328.lab,36,D:\20_AUDIO\03_wav\individual\2020\SDRW2000001215\SDRW2000001215.1.1.328.wav,True
2020,SDRW2000001215,SDRW2000001215.1.1.331,no_textgrid_after_beam10_retry40,D:\20_AUDIO\03_wav\individual\2020\SDRW2000001215\SDRW2000001215.1.1.331.lab,58,D:\20_AUDIO\03_wav\individual\2020\SDRW2000001215\SDRW2000001215.1.1.331.wav,True
2020,SDRW2000001215,SDRW2000001215.1.1.334,no_textgrid_after_beam10_retry40,D:\20_AUDIO\03_wav\individual\2020\SDRW2000001215\SDRW2000001215.1.1.334.lab,63,D:\20_AUDIO\03_wav\individual\2020\SDRW2000001215\SDRW2000001215.1.1.334.wav,True
2020,SDRW2000001215,SDRW2000001215.1.1.347,no_textgrid_after_beam10_retry40,D:\20_AUDIO\03_wav\individual\2020\SDRW2000001215\SDRW2000001215.1.1.347.lab,62,D:\20_AUDIO\03_wav\individual\2020\SDRW2000001215\SDRW2000001215.1.1.347.wav,True
2020,SDRW2000001215,SDRW2000001215.1.1.35,no_textgrid_after_beam10_retry40,D:\20_AUDIO\03_wav\individual\2020\SDRW2000001215\SDRW2000001215.1.1.35.lab,50,D:\20_AUDIO\03_wav\individual\2020\SDRW2000001215\SDRW2000001215.1.1.35.wav,True
2020,SDRW2000001215,SDRW2000001215.1.1.351,no_textgrid_after_beam10_retry40,D:\20_AUDIO\03_wav\individual\2020\SDRW2000001215\SDRW2000001215.1.1.351.lab,49,D:\20_AUDIO\03_wav\individual\2020\SDRW2000001215\SDRW2000001215.1.1.351.wav,True
2020,SDRW2000001215,SDRW2000001215.1.1.364,no_textgrid_after_beam10_retry40,D:\20_AUDIO\03_wav\individual\2020\SDRW2000001215\SDRW2000001215.1.1.364.lab,48,D:\20_AUDIO\03_wav\individual\2020\SDRW2000001215\SDRW2000001215.1.1.364.wav,True
2020,SDRW2000001215,SDRW2000001215.1.1.372,no_textgrid_after_beam10_retry40,D:\20_AUDIO\03_wav\individual\2020\SDRW2000001215\SDRW2000001215.1.1.372.lab,46,D:\20_AUDIO\03_wav\individual\2020\SDRW2000001215\SDRW2000001215.1.1.372.wav,True
2020,SDRW2000001215,SDRW2000001215.1.1.378,no_textgrid_after_beam10_retry40,D:\20_AUDIO\03_wav\individual\2020\SDRW2000001215\SDRW2000001215.1.1.378.lab,26,D:\20_AUDIO\03_wav\individual\2020\SDRW2000001215\SDRW2000001215.1.1.378.wav,True
2020,SDRW2000001215,SDRW2000001215.1.1.379,no_textgrid_after_beam10_retry40,D:\20_AUDIO\03_wav\individual\2020\SDRW2000001215\SDRW2000001215.1.1.379.lab,73,D:\20_AUDIO\03_wav\individual\2020\SDRW2000001215\SDRW2000001215.1.1.379.wav,True
2020,SDRW2000001215,SDRW2000001215.1.1.381,no_textgrid_after_beam10_retry40,D:\20_AUDIO\03_wav\individual\2020\SDRW2000001215\SDRW2000001215.1.1.381.lab,46,D:\20_AUDIO\03_wav\individual\2020\SDRW2000001215\SDRW2000001215.1.1.381.wav,True
2020,SDRW2000001215,SDRW2000001215.1.1.40,no_textgrid_after_beam10_retry40,D:\20_AUDIO\03_wav\individual\2020\SDRW2000001215\SDRW2000001215.1.1.40.lab,90,D:\20_AUDIO\03_wav\individual\2020\SDRW2000001215\SDRW2000001215.1.1.40.wav,True
2020,SDRW2000001215,SDRW2000001215.1.1.45,no_textgrid_after_beam10_retry40,D:\20_AUDIO\03_wav\individual\2020\SDRW2000001215\SDRW2000001215.1.1.45.lab,62,D:\20_AUDIO\03_wav\individual\2020\SDRW2000001215\SDRW2000001215.1.1.45.wav,True
2020,SDRW2000001215,SDRW2000001215.1.1.49,no_textgrid_after_beam10_retry40,D:\20_AUDIO\03_wav\individual\2020\SDRW2000001215\SDRW2000001215.1.1.49.lab,43,D:\20_AUDIO\03_wav\individual\2020\SDRW2000001215\SDRW2000001215.1.1.49.wav,True
2020,SDRW2000001215,SDRW2000001215.1.1.55,no_textgrid_after_beam10_retry40,D:\20_AUDIO\03_wav\individual\2020\SDRW2000001215\SDRW2000001215.1.1.55.lab,38,D:\20_AUDIO\03_wav\individual\2020\SDRW2000001215\SDRW2000001215.1.1.55.wav,True
2020,SDRW2000001215,SDRW2000001215.1.1.59,no_textgrid_after_beam10_retry40,D:\20_AUDIO\03_wav\individual\2020\SDRW2000001215\SDRW2000001215.1.1.59.lab,83,D:\20_AUDIO\03_wav\individual\2020\SDRW2000001215\SDRW2000001215.1.1.59.wav,True
2020,SDRW2000001215,SDRW2000001215.1.1.71,no_textgrid_after_beam10_retry40,D:\20_AUDIO\03_wav\individual\2020\SDRW2000001215\SDRW2000001215.1.1.71.lab,58,D:\20_AUDIO\03_wav\individual\2020\SDRW2000001215\SDRW2000001215.1.1.71.wav,True
2020,SDRW2000001215,SDRW2000001215.1.1.73,no_textgrid_after_beam10_retry40,D:\20_AUDIO\03_wav\individual\2020\SDRW2000001215\SDRW2000001215.1.1.73.lab,20,D:\20_AUDIO\03_wav\individual\2020\SDRW2000001215\SDRW2000001215.1.1.73.wav,True
2020,SDRW2000001215,SDRW2000001215.1.1.74,no_textgrid_after_beam10_retry40,D:\20_AUDIO\03_wav\individual\2020\SDRW2000001215\SDRW2000001215.1.1.74.lab,23,D:\20_AUDIO\03_wav\individual\2020\SDRW2000001215\SDRW2000001215.1.1.74.wav,True
2020,SDRW2000001215,SDRW2000001215.1.1.76,no_textgrid_after_beam10_retry40,D:\20_AUDIO\03_wav\individual\2020\SDRW2000001215\SDRW2000001215.1.1.76.lab,43,D:\20_AUDIO\03_wav\individual\2020\SDRW2000001215\SDRW2000001215.1.1.76.wav,True
2020,SDRW2000001215,SDRW2000001215.1.1.91,no_textgrid_after_beam10_retry40,D:\20_AUDIO\03_wav\individual\2020\SDRW2000001215\SDRW2000001215.1.1.91.lab,76,D:\20_AUDIO\03_wav\individual\2020\SDRW2000001215\SDRW2000001215.1.1.91.wav,True
2020,SDRW2000001215,SDRW2000001215.1.1.92,no_textgrid_after_beam10_retry40,D:\20_AUDIO\03_wav\individual\2020\SDRW2000001215\SDRW2000001215.1.1.92.lab,61,D:\20_AUDIO\03_wav\individual\2020\SDRW2000001215\SDRW2000001215.1.1.92.wav,True
2020,SDRW2000001215,SDRW2000001215.1.1.97,no_textgrid_after_beam10_retry40,D:\20_AUDIO\03_wav\individual\2020\SDRW2000001215\SDRW2000001215.1.1.97.lab,72,D:\20_AUDIO\03_wav\individual\2020\SDRW2000001215\SDRW2000001215.1.1.97.wav,True
2020,SDRW2000001217,SDRW2000001217.1.1.100,no_textgrid_after_beam10_retry40,D:\20_AUDIO\03_wav\individual\2020\SDRW2000001217\SDRW2000001217.1.1.100.lab,37,D:\20_AUDIO\03_wav\individual\2020\SDRW2000001217\SDRW2000001217.1.1.100.wav,True
2020,SDRW2000001217,SDRW2000001217.1.1.101,no_textgrid_after_beam10_retry40,D:\20_AUDIO\03_wav\individual\2020\SDRW2000001217\SDRW2000001217.1.1.101.lab,39,D:\20_AUDIO\03_wav\individual\2020\SDRW2000001217\SDRW2000001217.1.1.101.wav,True
2020,SDRW2000001217,SDRW2000001217.1.1.105,no_textgrid_after_beam10_retry40,D:\20_AUDIO\03_wav\individual\2020\SDRW2000001217\SDRW2000001217.1.1.105.lab,52,D:\20_AUDIO\03_wav\individual\2020\SDRW2000001217\SDRW2000001217.1.1.105.wav,True
2020,SDRW2000001217,SDRW2000001217.1.1.111,no_textgrid_after_beam10_retry40,D:\20_AUDIO\03_wav\individual\2020\SDRW2000001217\SDRW2000001217.1.1.111.lab,30,D:\20_AUDIO\03_wav\individual\2020\SDRW2000001217\SDRW2000001217.1.1.111.wav,True
2020,SDRW2000001217,SDRW2000001217.1.1.112,no_textgrid_after_beam10_retry40,D:\20_AUDIO\03_wav\individual\2020\SDRW2000001217\SDRW2000001217.1.1.112.lab,42,D:\20_AUDIO\03_wav\individual\2020\SDRW2000001217\SDRW2000001217.1.1.112.wav,True
2020,SDRW2000001217,SDRW2000001217.1.1.116,no_textgrid_after_beam10_retry40,D:\20_AUDIO\03_wav\individual\2020\SDRW2000001217\SDRW2000001217.1.1.116.lab,22,D:\20_AUDIO\03_wav\individual\2020\SDRW2000001217\SDRW2000001217.1.1.116.wav,True
2020,SDRW2000001217,SDRW2000001217.1.1.123,no_textgrid_after_beam10_retry40,D:\20_AUDIO\03_wav\individual\2020\SDRW2000001217\SDRW2000001217.1.1.123.lab,74,D:\20_AUDIO\03_wav\individual\2020\SDRW2000001217\SDRW2000001217.1.1.123.wav,True
2020,SDRW2000001217,SDRW2000001217.1.1.130,no_textgrid_after_beam10_retry40,D:\20_AUDIO\03_wav\individual\2020\SDRW2000001217\SDRW2000001217.1.1.130.lab,63,D:\20_AUDIO\03_wav\individual\2020\SDRW2000001217\SDRW2000001217.1.1.130.wav,True
2020,SDRW2000001217,SDRW2000001217.1.1.131,no_textgrid_after_beam10_retry40,D:\20_AUDIO\03_wav\individual\2020\SDRW2000001217\SDRW2000001217.1.1.131.lab,52,D:\20_AUDIO\03_wav\individual\2020\SDRW2000001217\SDRW2000001217.1.1.131.wav,True
2020,SDRW2000001217,SDRW2000001217.1.1.140,no_textgrid_after_beam10_retry40,D:\20_AUDIO\03_wav\individual\2020\SDRW2000001217\SDRW2000001217.1.1.140.lab,63,D:\20_AUDIO\03_wav\individual\2020\SDRW2000001217\SDRW2000001217.1.1.140.wav,True
2020,SDRW2000001217,SDRW2000001217.1.1.141,no_textgrid_after_beam10_retry40,D:\20_AUDIO\03_wav\individual\2020\SDRW2000001217\SDRW2000001217.1.1.141.lab,57,D:\20_AUDIO\03_wav\individual\2020\SDRW2000001217\SDRW2000001217.1.1.141.wav,True
2020,SDRW2000001217,SDRW2000001217.1.1.142,no_textgrid_after_beam10_retry40,D:\20_AUDIO\03_wav\individual\2020\SDRW2000001217\SDRW2000001217.1.1.142.lab,82,D:\20_AUDIO\03_wav\individual\2020\SDRW2000001217\SDRW2000001217.1.1.142.wav,True
2020,SDRW2000001217,SDRW2000001217.1.1.147,no_textgrid_after_beam10_retry40,D:\20_AUDIO\03_wav\individual\2020\SDRW2000001217\SDRW2000001217.1.1.147.lab,19,D:\20_AUDIO\03_wav\individual\2020\SDRW2000001217\SDRW2000001217.1.1.147.wav,True
2020,SDRW2000001217,SDRW2000001217.1.1.156,no_textgrid_after_beam10_retry40,D:\20_AUDIO\03_wav\individual\2020\SDRW2000001217\SDRW2000001217.1.1.156.lab,40,D:\20_AUDIO\03_wav\individual\2020\SDRW2000001217\SDRW2000001217.1.1.156.wav,True
2020,SDRW2000001217,SDRW2000001217.1.1.158,no_textgrid_after_beam10_retry40,D:\20_AUDIO\03_wav\individual\2020\SDRW2000001217\SDRW2000001217.1.1.158.lab,33,D:\20_AUDIO\03_wav\individual\2020\SDRW2000001217\SDRW2000001217.1.1.158.wav,True
2020,SDRW2000001217,SDRW2000001217.1.1.161,no_textgrid_after_beam10_retry40,D:\20_AUDIO\03_wav\individual\2020\SDRW2000001217\SDRW2000001217.1.1.161.lab,34,D:\20_AUDIO\03_wav\individual\2020\SDRW2000001217\SDRW2000001217.1.1.161.wav,True
2020,SDRW2000001217,SDRW2000001217.1.1.164,no_textgrid_after_beam10_retry40,D:\20_AUDIO\03_wav\individual\2020\SDRW2000001217\SDRW2000001217.1.1.164.lab,42,D:\20_AUDIO\03_wav\individual\2020\SDRW2000001217\SDRW2000001217.1.1.164.wav,True
2020,SDRW2000001217,SDRW2000001217.1.1.169,no_textgrid_after_beam10_retry40,D:\20_AUDIO\03_wav\individual\2020\SDRW2000001217\SDRW2000001217.1.1.169.lab,82,D:\20_AUDIO\03_wav\individual\2020\SDRW2000001217\SDRW2000001217.1.1.169.wav,True
2020,SDRW2000001217,SDRW2000001217.1.1.170,no_textgrid_after_beam10_retry40,D:\20_AUDIO\03_wav\individual\2020\SDRW2000001217\SDRW2000001217.1.1.170.lab,39,D:\20_AUDIO\03_wav\individual\2020\SDRW2000001217\SDRW2000001217.1.1.170.wav,True
2020,SDRW2000001217,SDRW2000001217.1.1.175,no_textgrid_after_beam10_retry40,D:\20_AUDIO\03_wav\individual\2020\SDRW2000001217\SDRW2000001217.1.1.175.lab,68,D:\20_AUDIO\03_wav\individual\2020\SDRW2000001217\SDRW2000001217.1.1.175.wav,True
2020,SDRW2000001217,SDRW2000001217.1.1.177,no_textgrid_after_beam10_retry40,D:\20_AUDIO\03_wav\individual\2020\SDRW2000001217\SDRW2000001217.1.1.177.lab,65,D:\20_AUDIO\03_wav\individual\2020\SDRW2000001217\SDRW2000001217.1.1.177.wav,True
2020,SDRW2000001217,SDRW2000001217.1.1.178,no_textgrid_after_beam10_retry40,D:\20_AUDIO\03_wav\individual\2020\SDRW2000001217\SDRW2000001217.1.1.178.lab,13,D:\20_AUDIO\03_wav\individual\2020\SDRW2000001217\SDRW2000001217.1.1.178.wav,True
2020,SDRW2000001217,SDRW2000001217.1.1.183,no_textgrid_after_beam10_retry40,D:\20_AUDIO\03_wav\individual\2020\SDRW2000001217\SDRW2000001217.1.1.183.lab,65,D:\20_AUDIO\03_wav\individual\2020\SDRW2000001217\SDRW2000001217.1.1.183.wav,True
2020,SDRW2000001217,SDRW2000001217.1.1.190,no_textgrid_after_beam10_retry40,D:\20_AUDIO\03_wav\individual\2020\SDRW2000001217\SDRW2000001217.1.1.190.lab,63,D:\20_AUDIO\03_wav\individual\2020\SDRW2000001217\SDRW2000001217.1.1.190.wav,True
2020,SDRW2000001217,SDRW2000001217.1.1.193,no_textgrid_after_beam10_retry40,D:\20_AUDIO\03_wav\individual\2020\SDRW2000001217\SDRW2000001217.1.1.193.lab,39,D:\20_AUDIO\03_wav\individual\2020\SDRW2000001217\SDRW2000001217.1.1.193.wav,True
2020,SDRW2000001217,SDRW2000001217.1.1.194,no_textgrid_after_beam10_retry40,D:\20_AUDIO\03_wav\individual\2020\SDRW2000001217\SDRW2000001217.1.1.194.lab,76,D:\20_AUDIO\03_wav\individual\2020\SDRW2000001217\SDRW2000001217.1.1.194.wav,True
2020,SDRW2000001217,SDRW2000001217.1.1.197,no_textgrid_after_beam10_retry40,D:\20_AUDIO\03_wav\individual\2020\SDRW2000001217\SDRW2000001217.1.1.197.lab,79,D:\20_AUDIO\03_wav\individual\2020\SDRW2000001217\SDRW2000001217.1.1.197.wav,True
2020,SDRW2000001217,SDRW2000001217.1.1.201,no_textgrid_after_beam10_retry40,D:\20_AUDIO\03_wav\individual\2020\SDRW2000001217\SDRW2000001217.1.1.201.lab,86,D:\20_AUDIO\03_wav\individual\2020\SDRW2000001217\SDRW2000001217.1.1.201.wav,True
2020,SDRW2000001217,SDRW2000001217.1.1.202,no_textgrid_after_beam10_retry40,D:\20_AUDIO\03_wav\individual\2020\SDRW2000001217\SDRW2000001217.1.1.202.lab,51,D:\20_AUDIO\03_wav\individual\2020\SDRW2000001217\SDRW2000001217.1.1.202.wav,True
2020,SDRW2000001217,SDRW2000001217.1.1.211,no_textgrid_after_beam10_retry40,D:\20_AUDIO\03_wav\individual\2020\SDRW2000001217\SDRW2000001217.1.1.211.lab,58,D:\20_AUDIO\03_wav\individual\2020\SDRW2000001217\SDRW2000001217.1.1.211.wav,True
2020,SDRW2000001217,SDRW2000001217.1.1.212,no_textgrid_after_beam10_retry40,D:\20_AUDIO\03_wav\individual\2020\SDRW2000001217\SDRW2000001217.1.1.212.lab,36,D:\20_AUDIO\03_wav\individual\2020\SDRW2000001217\SDRW2000001217.1.1.212.wav,True
2020,SDRW2000001217,SDRW2000001217.1.1.213,no_textgrid_after_beam10_retry40,D:\20_AUDIO\03_wav\individual\2020\SDRW2000001217\SDRW2000001217.1.1.213.lab,33,D:\20_AUDIO\03_wav\individual\2020\SDRW2000001217\SDRW2000001217.1.1.213.wav,True
2020,SDRW2000001217,SDRW2000001217.1.1.222,no_textgrid_after_beam10_retry40,D:\20_AUDIO\03_wav\individual\2020\SDRW2000001217\SDRW2000001217.1.1.222.lab,33,D:\20_AUDIO\03_wav\individual\2020\SDRW2000001217\SDRW2000001217.1.1.222.wav,True
2020,SDRW2000001217,SDRW2000001217.1.1.223,no_textgrid_after_beam10_retry40,D:\20_AUDIO\03_wav\individual\2020\SDRW2000001217\SDRW2000001217.1.1.223.lab,69,D:\20_AUDIO\03_wav\individual\2020\SDRW2000001217\SDRW2000001217.1.1.223.wav,True
2020,SDRW2000001217,SDRW2000001217.1.1.225,no_textgrid_after_beam10_retry40,D:\20_AUDIO\03_wav\individual\2020\SDRW2000001217\SDRW2000001217.1.1.225.lab,103,D:\20_AUDIO\03_wav\individual\2020\SDRW2000001217\SDRW2000001217.1.1.225.wav,True
2020,SDRW2000001217,SDRW2000001217.1.1.227,no_textgrid_after_beam10_retry40,D:\20_AUDIO\03_wav\individual\2020\SDRW2000001217\SDRW2000001217.1.1.227.lab,82,D:\20_AUDIO\03_wav\individual\2020\SDRW2000001217\SDRW2000001217.1.1.227.wav,True
2020,SDRW2000001217,SDRW2000001217.1.1.236,no_textgrid_after_beam10_retry40,D:\20_AUDIO\03_wav\individual\2020\SDRW2000001217\SDRW2000001217.1.1.236.lab,43,D:\20_AUDIO\03_wav\individual\2020\SDRW2000001217\SDRW2000001217.1.1.236.wav,True
2020,SDRW2000001217,SDRW2000001217.1.1.238,no_textgrid_after_beam10_retry40,D:\20_AUDIO\03_wav\individual\2020\SDRW2000001217\SDRW2000001217.1.1.238.lab,64,D:\20_AUDIO\03_wav\individual\2020\SDRW2000001217\SDRW2000001217.1.1.238.wav,True
2020,SDRW2000001217,SDRW2000001217.1.1.239,no_textgrid_after_beam10_retry40,D:\20_AUDIO\03_wav\individual\2020\SDRW2000001217\SDRW2000001217.1.1.239.lab,100,D:\20_AUDIO\03_wav\individual\2020\SDRW2000001217\SDRW2000001217.1.1.239.wav,True
2020,SDRW2000001217,SDRW2000001217.1.1.24,no_textgrid_after_beam10_retry40,D:\20_AUDIO\03_wav\individual\2020\SDRW2000001217\SDRW2000001217.1.1.24.lab,67,D:\20_AUDIO\03_wav\individual\2020\SDRW2000001217\SDRW2000001217.1.1.24.wav,True
2020,SDRW2000001217,SDRW2000001217.1.1.243,no_textgrid_after_beam10_retry40,D:\20_AUDIO\03_wav\individual\2020\SDRW2000001217\SDRW2000001217.1.1.243.lab,98,D:\20_AUDIO\03_wav\individual\2020\SDRW2000001217\SDRW2000001217.1.1.243.wav,True
2020,SDRW2000001217,SDRW2000001217.1.1.247,no_textgrid_after_beam10_retry40,D:\20_AUDIO\03_wav\individual\2020\SDRW2000001217\SDRW2000001217.1.1.247.lab,36,D:\20_AUDIO\03_wav\individual\2020\SDRW2000001217\SDRW2000001217.1.1.247.wav,True
2020,SDRW2000001217,SDRW2000001217.1.1.248,no_textgrid_after_beam10_retry40,D:\20_AUDIO\03_wav\individual\2020\SDRW2000001217\SDRW2000001217.1.1.248.lab,60,D:\20_AUDIO\03_wav\individual\2020\SDRW2000001217\SDRW2000001217.1.1.248.wav,True
2020,SDRW2000001217,SDRW2000001217.1.1.25,no_textgrid_after_beam10_retry40,D:\20_AUDIO\03_wav\individual\2020\SDRW2000001217\SDRW2000001217.1.1.25.lab,56,D:\20_AUDIO\03_wav\individual\2020\SDRW2000001217\SDRW2000001217.1.1.25.wav,True
2020,SDRW2000001217,SDRW2000001217.1.1.250,no_textgrid_after_beam10_retry40,D:\20_AUDIO\03_wav\individual\2020\SDRW2000001217\SDRW2000001217.1.1.250.lab,46,D:\20_AUDIO\03_wav\individual\2020\SDRW2000001217\SDRW2000001217.1.1.250.wav,True
2020,SDRW2000001217,SDRW2000001217.1.1.252,no_textgrid_after_beam10_retry40,D:\20_AUDIO\03_wav\individual\2020\SDRW2000001217\SDRW2000001217.1.1.252.lab,32,D:\20_AUDIO\03_wav\individual\2020\SDRW2000001217\SDRW2000001217.1.1.252.wav,True
2020,SDRW2000001217,SDRW2000001217.1.1.264,no_textgrid_after_beam10_retry40,D:\20_AUDIO\03_wav\individual\2020\SDRW2000001217\SDRW2000001217.1.1.264.lab,59,D:\20_AUDIO\03_wav\individual\2020\SDRW2000001217\SDRW2000001217.1.1.264.wav,True
2020,SDRW2000001217,SDRW2000001217.1.1.269,no_textgrid_after_beam10_retry40,D:\20_AUDIO\03_wav\individual\2020\SDRW2000001217\SDRW2000001217.1.1.269.lab,59,D:\20_AUDIO\03_wav\individual\2020\SDRW2000001217\SDRW2000001217.1.1.269.wav,True
2020,SDRW2000001217,SDRW2000001217.1.1.272,no_textgrid_after_beam10_retry40,D:\20_AUDIO\03_wav\individual\2020\SDRW2000001217\SDRW2000001217.1.1.272.lab,57,D:\20_AUDIO\03_wav\individual\2020\SDRW2000001217\SDRW2000001217.1.1.272.wav,True
2020,SDRW2000001217,SDRW2000001217.1.1.282,no_textgrid_after_beam10_retry40,D:\20_AUDIO\03_wav\individual\2020\SDRW2000001217\SDRW2000001217.1.1.282.lab,36,D:\20_AUDIO\03_wav\individual\2020\SDRW2000001217\SDRW2000001217.1.1.282.wav,True
2020,SDRW2000001217,SDRW2000001217.1.1.285,no_textgrid_after_beam10_retry40,D:\20_AUDIO\03_wav\individual\2020\SDRW2000001217\SDRW2000001217.1.1.285.lab,41,D:\20_AUDIO\03_wav\individual\2020\SDRW2000001217\SDRW2000001217.1.1.285.wav,True
2020,SDRW2000001217,SDRW2000001217.1.1.287,no_textgrid_after_beam10_retry40,D:\20_AUDIO\03_wav\individual\2020\SDRW2000001217\SDRW2000001217.1.1.287.lab,22,D:\20_AUDIO\03_wav\individual\2020\SDRW2000001217\SDRW2000001217.1.1.287.wav,True
2020,SDRW2000001217,SDRW2000001217.1.1.290,no_textgrid_after_beam10_retry40,D:\20_AUDIO\03_wav\individual\2020\SDRW2000001217\SDRW2000001217.1.1.290.lab,26,D:\20_AUDIO\03_wav\individual\2020\SDRW2000001217\SDRW2000001217.1.1.290.wav,True
2020,SDRW2000001217,SDRW2000001217.1.1.295,no_textgrid_after_beam10_retry40,D:\20_AUDIO\03_wav\individual\2020\SDRW2000001217\SDRW2000001217.1.1.295.lab,41,D:\20_AUDIO\03_wav\individual\2020\SDRW2000001217\SDRW2000001217.1.1.295.wav,True
2020,SDRW2000001217,SDRW2000001217.1.1.298,no_textgrid_after_beam10_retry40,D:\20_AUDIO\03_wav\individual\2020\SDRW2000001217\SDRW2000001217.1.1.298.lab,31,D:\20_AUDIO\03_wav\individual\2020\SDRW2000001217\SDRW2000001217.1.1.298.wav,True
2020,SDRW2000001217,SDRW2000001217.1.1.306,no_textgrid_after_beam10_retry40,D:\20_AUDIO\03_wav\individual\2020\SDRW2000001217\SDRW2000001217.1.1.306.lab,82,D:\20_AUDIO\03_wav\individual\2020\SDRW2000001217\SDRW2000001217.1.1.306.wav,True
2020,SDRW2000001217,SDRW2000001217.1.1.308,no_textgrid_after_beam10_retry40,D:\20_AUDIO\03_wav\individual\2020\SDRW2000001217\SDRW2000001217.1.1.308.lab,87,D:\20_AUDIO\03_wav\individual\2020\SDRW2000001217\SDRW2000001217.1.1.308.wav,True
2020,SDRW2000001217,SDRW2000001217.1.1.312,no_textgrid_after_beam10_retry40,D:\20_AUDIO\03_wav\individual\2020\SDRW2000001217\SDRW2000001217.1.1.312.lab,40,D:\20_AUDIO\03_wav\individual\2020\SDRW2000001217\SDRW2000001217.1.1.312.wav,True
2020,SDRW2000001217,SDRW2000001217.1.1.313,no_textgrid_after_beam10_retry40,D:\20_AUDIO\03_wav\individual\2020\SDRW2000001217\SDRW2000001217.1.1.313.lab,51,D:\20_AUDIO\03_wav\individual\2020\SDRW2000001217\SDRW2000001217.1.1.313.wav,True
2020,SDRW2000001217,SDRW2000001217.1.1.318,no_textgrid_after_beam10_retry40,D:\20_AUDIO\03_wav\individual\2020\SDRW2000001217\SDRW2000001217.1.1.318.lab,63,D:\20_AUDIO\03_wav\individual\2020\SDRW2000001217\SDRW2000001217.1.1.318.wav,True
2020,SDRW2000001217,SDRW2000001217.1.1.321,no_textgrid_after_beam10_retry40,D:\20_AUDIO\03_wav\individual\2020\SDRW2000001217\SDRW2000001217.1.1.321.lab,67,D:\20_AUDIO\03_wav\individual\2020\SDRW2000001217\SDRW2000001217.1.1.321.wav,True
2020,SDRW2000001217,SDRW2000001217.1.1.33,no_textgrid_after_beam10_retry40,D:\20_AUDIO\03_wav\individual\2020\SDRW2000001217\SDRW2000001217.1.1.33.lab,38,D:\20_AUDIO\03_wav\individual\2020\SDRW2000001217\SDRW2000001217.1.1.33.wav,True
2020,SDRW2000001217,SDRW2000001217.1.1.331,no_textgrid_after_beam10_retry40,D:\20_AUDIO\03_wav\individual\2020\SDRW2000001217\SDRW2000001217.1.1.331.lab,70,D:\20_AUDIO\03_wav\individual\2020\SDRW2000001217\SDRW2000001217.1.1.331.wav,True
2020,SDRW2000001217,SDRW2000001217.1.1.335,no_textgrid_after_beam10_retry40,D:\20_AUDIO\03_wav\individual\2020\SDRW2000001217\SDRW2000001217.1.1.335.lab,32,D:\20_AUDIO\03_wav\individual\2020\SDRW2000001217\SDRW2000001217.1.1.335.wav,True
2020,SDRW2000001217,SDRW2000001217.1.1.336,no_textgrid_after_beam10_retry40,D:\20_AUDIO\03_wav\individual\2020\SDRW2000001217\SDRW2000001217.1.1.336.lab,76,D:\20_AUDIO\03_wav\individual\2020\SDRW2000001217\SDRW2000001217.1.1.336.wav,True
2020,SDRW2000001217,SDRW2000001217.1.1.337,no_textgrid_after_beam10_retry40,D:\20_AUDIO\03_wav\individual\2020\SDRW2000001217\SDRW2000001217.1.1.337.lab,46,D:\20_AUDIO\03_wav\individual\2020\SDRW2000001217\SDRW2000001217.1.1.337.wav,True
2020,SDRW2000001217,SDRW2000001217.1.1.340,no_textgrid_after_beam10_retry40,D:\20_AUDIO\03_wav\individual\2020\SDRW2000001217\SDRW2000001217.1.1.340.lab,81,D:\20_AUDIO\03_wav\individual\2020\SDRW2000001217\SDRW2000001217.1.1.340.wav,True
2020,SDRW2000001217,SDRW2000001217.1.1.344,no_textgrid_after_beam10_retry40,D:\20_AUDIO\03_wav\individual\2020\SDRW2000001217\SDRW2000001217.1.1.344.lab,87,D:\20_AUDIO\03_wav\individual\2020\SDRW2000001217\SDRW2000001217.1.1.344.wav,True
2020,SDRW2000001217,SDRW2000001217.1.1.347,no_textgrid_after_beam10_retry40,D:\20_AUDIO\03_wav\individual\2020\SDRW2000001217\SDRW2000001217.1.1.347.lab,72,D:\20_AUDIO\03_wav\individual\2020\SDRW2000001217\SDRW2000001217.1.1.347.wav,True
2020,SDRW2000001217,SDRW2000001217.1.1.348,no_textgrid_after_beam10_retry40,D:\20_AUDIO\03_wav\individual\2020\SDRW2000001217\SDRW2000001217.1.1.348.lab,36,D:\20_AUDIO\03_wav\individual\2020\SDRW2000001217\SDRW2000001217.1.1.348.wav,True
2020,SDRW2000001217,SDRW2000001217.1.1.35,no_textgrid_after_beam10_retry40,D:\20_AUDIO\03_wav\individual\2020\SDRW2000001217\SDRW2000001217.1.1.35.lab,56,D:\20_AUDIO\03_wav\individual\2020\SDRW2000001217\SDRW2000001217.1.1.35.wav,True
2020,SDRW2000001217,SDRW2000001217.1.1.352,no_textgrid_after_beam10_retry40,D:\20_AUDIO\03_wav\individual\2020\SDRW2000001217\SDRW2000001217.1.1.352.lab,82,D:\20_AUDIO\03_wav\individual\2020\SDRW2000001217\SDRW2000001217.1.1.352.wav,True
2020,SDRW2000001217,SDRW2000001217.1.1.354,no_textgrid_after_beam10_retry40,D:\20_AUDIO\03_wav\individual\2020\SDRW2000001217\SDRW2000001217.1.1.354.lab,46,D:\20_AUDIO\03_wav\individual\2020\SDRW2000001217\SDRW2000001217.1.1.354.wav,True
2020,SDRW2000001217,SDRW2000001217.1.1.359,no_textgrid_after_beam10_retry40,D:\20_AUDIO\03_wav\individual\2020\SDRW2000001217\SDRW2000001217.1.1.359.lab,84,D:\20_AUDIO\03_wav\individual\2020\SDRW2000001217\SDRW2000001217.1.1.359.wav,True
2020,SDRW2000001217,SDRW2000001217.1.1.360,no_textgrid_after_beam10_retry40,D:\20_AUDIO\03_wav\individual\2020\SDRW2000001217\SDRW2000001217.1.1.360.lab,26,D:\20_AUDIO\03_wav\individual\2020\SDRW2000001217\SDRW2000001217.1.1.360.wav,True
2020,SDRW2000001217,SDRW2000001217.1.1.362,no_textgrid_after_beam10_retry40,D:\20_AUDIO\03_wav\individual\2020\SDRW2000001217\SDRW2000001217.1.1.362.lab,63,D:\20_AUDIO\03_wav\individual\2020\SDRW2000001217\SDRW2000001217.1.1.362.wav,True
2020,SDRW2000001217,SDRW2000001217.1.1.364,no_textgrid_after_beam10_retry40,D:\20_AUDIO\03_wav\individual\2020\SDRW2000001217\SDRW2000001217.1.1.364.lab,40,D:\20_AUDIO\03_wav\individual\2020\SDRW2000001217\SDRW2000001217.1.1.364.wav,True
2020,SDRW2000001217,SDRW2000001217.1.1.378,no_textgrid_after_beam10_retry40,D:\20_AUDIO\03_wav\individual\2020\SDRW2000001217\SDRW2000001217.1.1.378.lab,73,D:\20_AUDIO\03_wav\individual\2020\SDRW2000001217\SDRW2000001217.1.1.378.wav,True
2020,SDRW2000001217,SDRW2000001217.1.1.379,no_textgrid_after_beam10_retry40,D:\20_AUDIO\03_wav\individual\2020\SDRW2000001217\SDRW2000001217.1.1.379.lab,66,D:\20_AUDIO\03_wav\individual\2020\SDRW2000001217\SDRW2000001217.1.1.379.wav,True
2020,SDRW2000001217,SDRW2000001217.1.1.383,no_textgrid_after_beam10_retry40,D:\20_AUDIO\03_wav\individual\2020\SDRW2000001217\SDRW2000001217.1.1.383.lab,23,D:\20_AUDIO\03_wav\individual\2020\SDRW2000001217\SDRW2000001217.1.1.383.wav,True
2020,SDRW2000001217,SDRW2000001217.1.1.384,no_textgrid_after_beam10_retry40,D:\20_AUDIO\03_wav\individual\2020\SDRW2000001217\SDRW2000001217.1.1.384.lab,46,D:\20_AUDIO\03_wav\individual\2020\SDRW2000001217\SDRW2000001217.1.1.384.wav,True
2020,SDRW2000001217,SDRW2000001217.1.1.390,no_textgrid_after_beam10_retry40,D:\20_AUDIO\03_wav\individual\2020\SDRW2000001217\SDRW2000001217.1.1.390.lab,124,D:\20_AUDIO\03_wav\individual\2020\SDRW2000001217\SDRW2000001217.1.1.390.wav,True
2020,SDRW2000001217,SDRW2000001217.1.1.45,no_textgrid_after_beam10_retry40,D:\20_AUDIO\03_wav\individual\2020\SDRW2000001217\SDRW2000001217.1.1.45.lab,82,D:\20_AUDIO\03_wav\individual\2020\SDRW2000001217\SDRW2000001217.1.1.45.wav,True
2020,SDRW2000001217,SDRW2000001217.1.1.49,no_textgrid_after_beam10_retry40,D:\20_AUDIO\03_wav\individual\2020\SDRW2000001217\SDRW2000001217.1.1.49.lab,65,D:\20_AUDIO\03_wav\individual\2020\SDRW2000001217\SDRW2000001217.1.1.49.wav,True
2020,SDRW2000001217,SDRW2000001217.1.1.51,no_textgrid_after_beam10_retry40,D:\20_AUDIO\03_wav\individual\2020\SDRW2000001217\SDRW2000001217.1.1.51.lab,78,D:\20_AUDIO\03_wav\individual\2020\SDRW2000001217\SDRW2000001217.1.1.51.wav,True
2020,SDRW2000001217,SDRW2000001217.1.1.55,no_textgrid_after_beam10_retry40,D:\20_AUDIO\03_wav\individual\2020\SDRW2000001217\SDRW2000001217.1.1.55.lab,33,D:\20_AUDIO\03_wav\individual\2020\SDRW2000001217\SDRW2000001217.1.1.55.wav,True
2020,SDRW2000001217,SDRW2000001217.1.1.70,no_textgrid_after_beam10_retry40,D:\20_AUDIO\03_wav\individual\2020\SDRW2000001217\SDRW2000001217.1.1.70.lab,65,D:\20_AUDIO\03_wav\individual\2020\SDRW2000001217\SDRW2000001217.1.1.70.wav,True
2020,SDRW2000001217,SDRW2000001217.1.1.79,no_textgrid_after_beam10_retry40,D:\20_AUDIO\03_wav\individual\2020\SDRW2000001217\SDRW2000001217.1.1.79.lab,62,D:\20_AUDIO\03_wav\individual\2020\SDRW2000001217\SDRW2000001217.1.1.79.wav,True
2020,SDRW2000001217,SDRW2000001217.1.1.87,no_textgrid_after_beam10_retry40,D:\20_AUDIO\03_wav\individual\2020\SDRW2000001217\SDRW2000001217.1.1.87.lab,35,D:\20_AUDIO\03_wav\individual\2020\SDRW2000001217\SDRW2000001217.1.1.87.wav,True
2020,SDRW2000001217,SDRW2000001217.1.1.93,no_textgrid_after_beam10_retry40,D:\20_AUDIO\03_wav\individual\2020\SDRW2000001217\SDRW2000001217.1.1.93.lab,33,D:\20_AUDIO\03_wav\individual\2020\SDRW2000001217\SDRW2000001217.1.1.93.wav,True
2020,SDRW2000001217,SDRW2000001217.1.1.95,no_textgrid_after_beam10_retry40,D:\20_AUDIO\03_wav\individual\2020\SDRW2000001217\SDRW2000001217.1.1.95.lab,79,D:\20_AUDIO\03_wav\individual\2020\SDRW2000001217\SDRW2000001217.1.1.95.wav,True
2020,SDRW2000001217,SDRW2000001217.1.1.99,no_textgrid_after_beam10_retry40,D:\20_AUDIO\03_wav\individual\2020\SDRW2000001217\SDRW2000001217.1.1.99.lab,63,D:\20_AUDIO\03_wav\individual\2020\SDRW2000001217\SDRW2000001217.1.1.99.wav,True
2020,SDRW2000001223,SDRW2000001223.1.1.102,no_textgrid_after_beam10_retry40,D:\20_AUDIO\03_wav\individual\2020\SDRW2000001223\SDRW2000001223.1.1.102.lab,83,D:\20_AUDIO\03_wav\individual\2020\SDRW2000001223\SDRW2000001223.1.1.102.wav,True
2020,SDRW2000001223,SDRW2000001223.1.1.103,no_textgrid_after_beam10_retry40,D:\20_AUDIO\03_wav\individual\2020\SDRW2000001223\SDRW2000001223.1.1.103.lab,59,D:\20_AUDIO\03_wav\individual\2020\SDRW2000001223\SDRW2000001223.1.1.103.wav,True
2020,SDRW2000001223,SDRW2000001223.1.1.106,no_textgrid_after_beam10_retry40,D:\20_AUDIO\03_wav\individual\2020\SDRW2000001223\SDRW2000001223.1.1.106.lab,73,D:\20_AUDIO\03_wav\individual\2020\SDRW2000001223\SDRW2000001223.1.1.106.wav,True
2020,SDRW2000001223,SDRW2000001223.1.1.109,no_textgrid_after_beam10_retry40,D:\20_AUDIO\03_wav\individual\2020\SDRW2000001223\SDRW2000001223.1.1.109.lab,36,D:\20_AUDIO\03_wav\individual\2020\SDRW2000001223\SDRW2000001223.1.1.109.wav,True
2020,SDRW2000001223,SDRW2000001223.1.1.110,no_textgrid_after_beam10_retry40,D:\20_AUDIO\03_wav\individual\2020\SDRW2000001223\SDRW2000001223.1.1.110.lab,43,D:\20_AUDIO\03_wav\individual\2020\SDRW2000001223\SDRW2000001223.1.1.110.wav,True
2020,SDRW2000001223,SDRW2000001223.1.1.115,no_textgrid_after_beam10_retry40,D:\20_AUDIO\03_wav\individual\2020\SDRW2000001223\SDRW2000001223.1.1.115.lab,55,D:\20_AUDIO\03_wav\individual\2020\SDRW2000001223\SDRW2000001223.1.1.115.wav,True
2020,SDRW2000001223,SDRW2000001223.1.1.121,no_textgrid_after_beam10_retry40,D:\20_AUDIO\03_wav\individual\2020\SDRW2000001223\SDRW2000001223.1.1.121.lab,29,D:\20_AUDIO\03_wav\individual\2020\SDRW2000001223\SDRW2000001223.1.1.121.wav,True
2020,SDRW2000001223,SDRW2000001223.1.1.126,no_textgrid_after_beam10_retry40,D:\20_AUDIO\03_wav\individual\2020\SDRW2000001223\SDRW2000001223.1.1.126.lab,50,D:\20_AUDIO\03_wav\individual\2020\SDRW2000001223\SDRW2000001223.1.1.126.wav,True
2020,SDRW2000001223,SDRW2000001223.1.1.127,no_textgrid_after_beam10_retry40,D:\20_AUDIO\03_wav\individual\2020\SDRW2000001223\SDRW2000001223.1.1.127.lab,89,D:\20_AUDIO\03_wav\individual\2020\SDRW2000001223\SDRW2000001223.1.1.127.wav,True
2020,SDRW2000001223,SDRW2000001223.1.1.129,no_textgrid_after_beam10_retry40,D:\20_AUDIO\03_wav\individual\2020\SDRW2000001223\SDRW2000001223.1.1.129.lab,64,D:\20_AUDIO\03_wav\individual\2020\SDRW2000001223\SDRW2000001223.1.1.129.wav,True
2020,SDRW2000001223,SDRW2000001223.1.1.135,no_textgrid_after_beam10_retry40,D:\20_AUDIO\03_wav\individual\2020\SDRW2000001223\SDRW2000001223.1.1.135.lab,54,D:\20_AUDIO\03_wav\individual\2020\SDRW2000001223\SDRW2000001223.1.1.135.wav,True
2020,SDRW2000001223,SDRW2000001223.1.1.140,no_textgrid_after_beam10_retry40,D:\20_AUDIO\03_wav\individual\2020\SDRW2000001223\SDRW2000001223.1.1.140.lab,34,D:\20_AUDIO\03_wav\individual\2020\SDRW2000001223\SDRW2000001223.1.1.140.wav,True
2020,SDRW2000001223,SDRW2000001223.1.1.141,no_textgrid_after_beam10_retry40,D:\20_AUDIO\03_wav\individual\2020\SDRW2000001223\SDRW2000001223.1.1.141.lab,50,D:\20_AUDIO\03_wav\individual\2020\SDRW2000001223\SDRW2000001223.1.1.141.wav,True
2020,SDRW2000001223,SDRW2000001223.1.1.153,no_textgrid_after_beam10_retry40,D:\20_AUDIO\03_wav\individual\2020\SDRW2000001223\SDRW2000001223.1.1.153.lab,46,D:\20_AUDIO\03_wav\individual\2020\SDRW2000001223\SDRW2000001223.1.1.153.wav,True
2020,SDRW2000001223,SDRW2000001223.1.1.163,no_textgrid_after_beam10_retry40,D:\20_AUDIO\03_wav\individual\2020\SDRW2000001223\SDRW2000001223.1.1.163.lab,61,D:\20_AUDIO\03_wav\individual\2020\SDRW2000001223\SDRW2000001223.1.1.163.wav,True
2020,SDRW2000001223,SDRW2000001223.1.1.181,no_textgrid_after_beam10_retry40,D:\20_AUDIO\03_wav\individual\2020\SDRW2000001223\SDRW2000001223.1.1.181.lab,36,D:\20_AUDIO\03_wav\individual\2020\SDRW2000001223\SDRW2000001223.1.1.181.wav,True
2020,SDRW2000001223,SDRW2000001223.1.1.182,no_textgrid_after_beam10_retry40,D:\20_AUDIO\03_wav\individual\2020\SDRW2000001223\SDRW2000001223.1.1.182.lab,66,D:\20_AUDIO\03_wav\individual\2020\SDRW2000001223\SDRW2000001223.1.1.182.wav,True
2020,SDRW2000001223,SDRW2000001223.1.1.184,no_textgrid_after_beam10_retry40,D:\20_AUDIO\03_wav\individual\2020\SDRW2000001223\SDRW2000001223.1.1.184.lab,57,D:\20_AUDIO\03_wav\individual\2020\SDRW2000001223\SDRW2000001223.1.1.184.wav,True
2020,SDRW2000001223,SDRW2000001223.1.1.190,no_textgrid_after_beam10_retry40,D:\20_AUDIO\03_wav\individual\2020\SDRW2000001223\SDRW2000001223.1.1.190.lab,69,D:\20_AUDIO\03_wav\individual\2020\SDRW2000001223\SDRW2000001223.1.1.190.wav,True
2020,SDRW2000001223,SDRW2000001223.1.1.197,no_textgrid_after_beam10_retry40,D:\20_AUDIO\03_wav\individual\2020\SDRW2000001223\SDRW2000001223.1.1.197.lab,83,D:\20_AUDIO\03_wav\individual\2020\SDRW2000001223\SDRW2000001223.1.1.197.wav,True
2020,SDRW2000001223,SDRW2000001223.1.1.199,no_textgrid_after_beam10_retry40,D:\20_AUDIO\03_wav\individual\2020\SDRW2000001223\SDRW2000001223.1.1.199.lab,49,D:\20_AUDIO\03_wav\individual\2020\SDRW2000001223\SDRW2000001223.1.1.199.wav,True
2020,SDRW2000001223,SDRW2000001223.1.1.202,no_textgrid_after_beam10_retry40,D:\20_AUDIO\03_wav\individual\2020\SDRW2000001223\SDRW2000001223.1.1.202.lab,83,D:\20_AUDIO\03_wav\individual\2020\SDRW2000001223\SDRW2000001223.1.1.202.wav,True
2020,SDRW2000001223,SDRW2000001223.1.1.204,no_textgrid_after_beam10_retry40,D:\20_AUDIO\03_wav\individual\2020\SDRW2000001223\SDRW2000001223.1.1.204.lab,52,D:\20_AUDIO\03_wav\individual\2020\SDRW2000001223\SDRW2000001223.1.1.204.wav,True
2020,SDRW2000001223,SDRW2000001223.1.1.207,no_textgrid_after_beam10_retry40,D:\20_AUDIO\03_wav\individual\2020\SDRW2000001223\SDRW2000001223.1.1.207.lab,55,D:\20_AUDIO\03_wav\individual\2020\SDRW2000001223\SDRW2000001223.1.1.207.wav,True
2020,SDRW2000001223,SDRW2000001223.1.1.213,no_textgrid_after_beam10_retry40,D:\20_AUDIO\03_wav\individual\2020\SDRW2000001223\SDRW2000001223.1.1.213.lab,69,D:\20_AUDIO\03_wav\individual\2020\SDRW2000001223\SDRW2000001223.1.1.213.wav,True
2020,SDRW2000001223,SDRW2000001223.1.1.218,no_textgrid_after_beam10_retry40,D:\20_AUDIO\03_wav\individual\2020\SDRW2000001223\SDRW2000001223.1.1.218.lab,46,D:\20_AUDIO\03_wav\individual\2020\SDRW2000001223\SDRW2000001223.1.1.218.wav,True
2020,SDRW2000001223,SDRW2000001223.1.1.220,no_textgrid_after_beam10_retry40,D:\20_AUDIO\03_wav\individual\2020\SDRW2000001223\SDRW2000001223.1.1.220.lab,80,D:\20_AUDIO\03_wav\individual\2020\SDRW2000001223\SDRW2000001223.1.1.220.wav,True
2020,SDRW2000001223,SDRW2000001223.1.1.230,no_textgrid_after_beam10_retry40,D:\20_AUDIO\03_wav\individual\2020\SDRW2000001223\SDRW2000001223.1.1.230.lab,53,D:\20_AUDIO\03_wav\individual\2020\SDRW2000001223\SDRW2000001223.1.1.230.wav,True
2020,SDRW2000001223,SDRW2000001223.1.1.231,no_textgrid_after_beam10_retry40,D:\20_AUDIO\03_wav\individual\2020\SDRW2000001223\SDRW2000001223.1.1.231.lab,39,D:\20_AUDIO\03_wav\individual\2020\SDRW2000001223\SDRW2000001223.1.1.231.wav,True
2020,SDRW2000001223,SDRW2000001223.1.1.233,no_textgrid_after_beam10_retry40,D:\20_AUDIO\03_wav\individual\2020\SDRW2000001223\SDRW2000001223.1.1.233.lab,59,D:\20_AUDIO\03_wav\individual\2020\SDRW2000001223\SDRW2000001223.1.1.233.wav,True
2020,SDRW2000001223,SDRW2000001223.1.1.236,no_textgrid_after_beam10_retry40,D:\20_AUDIO\03_wav\individual\2020\SDRW2000001223\SDRW2000001223.1.1.236.lab,61,D:\20_AUDIO\03_wav\individual\2020\SDRW2000001223\SDRW2000001223.1.1.236.wav,True
2020,SDRW2000001223,SDRW2000001223.1.1.252,no_textgrid_after_beam10_retry40,D:\20_AUDIO\03_wav\individual\2020\SDRW2000001223\SDRW2000001223.1.1.252.lab,27,D:\20_AUDIO\03_wav\individual\2020\SDRW2000001223\SDRW2000001223.1.1.252.wav,True
2020,SDRW2000001223,SDRW2000001223.1.1.256,no_textgrid_after_beam10_retry40,D:\20_AUDIO\03_wav\individual\2020\SDRW2000001223\SDRW2000001223.1.1.256.lab,58,D:\20_AUDIO\03_wav\individual\2020\SDRW2000001223\SDRW2000001223.1.1.256.wav,True
2020,SDRW2000001223,SDRW2000001223.1.1.262,no_textgrid_after_beam10_retry40,D:\20_AUDIO\03_wav\individual\2020\SDRW2000001223\SDRW2000001223.1.1.262.lab,49,D:\20_AUDIO\03_wav\individual\2020\SDRW2000001223\SDRW2000001223.1.1.262.wav,True
2020,SDRW2000001223,SDRW2000001223.1.1.266,no_textgrid_after_beam10_retry40,D:\20_AUDIO\03_wav\individual\2020\SDRW2000001223\SDRW2000001223.1.1.266.lab,51,D:\20_AUDIO\03_wav\individual\2020\SDRW2000001223\SDRW2000001223.1.1.266.wav,True
2020,SDRW2000001223,SDRW2000001223.1.1.273,no_textgrid_after_beam10_retry40,D:\20_AUDIO\03_wav\individual\2020\SDRW2000001223\SDRW2000001223.1.1.273.lab,64,D:\20_AUDIO\03_wav\individual\2020\SDRW2000001223\SDRW2000001223.1.1.273.wav,True
2020,SDRW2000001223,SDRW2000001223.1.1.279,no_textgrid_after_beam10_retry40,D:\20_AUDIO\03_wav\individual\2020\SDRW2000001223\SDRW2000001223.1.1.279.lab,50,D:\20_AUDIO\03_wav\individual\2020\SDRW2000001223\SDRW2000001223.1.1.279.wav,True
2020,SDRW2000001223,SDRW2000001223.1.1.281,no_textgrid_after_beam10_retry40,D:\20_AUDIO\03_wav\individual\2020\SDRW2000001223\SDRW2000001223.1.1.281.lab,26,D:\20_AUDIO\03_wav\individual\2020\SDRW2000001223\SDRW2000001223.1.1.281.wav,True
2020,SDRW2000001223,SDRW2000001223.1.1.284,no_textgrid_after_beam10_retry40,D:\20_AUDIO\03_wav\individual\2020\SDRW2000001223\SDRW2000001223.1.1.284.lab,72,D:\20_AUDIO\03_wav\individual\2020\SDRW2000001223\SDRW2000001223.1.1.284.wav,True
2020,SDRW2000001223,SDRW2000001223.1.1.285,no_textgrid_after_beam10_retry40,D:\20_AUDIO\03_wav\individual\2020\SDRW2000001223\SDRW2000001223.1.1.285.lab,45,D:\20_AUDIO\03_wav\individual\2020\SDRW2000001223\SDRW2000001223.1.1.285.wav,True
2020,SDRW2000001223,SDRW2000001223.1.1.301,no_textgrid_after_beam10_retry40,D:\20_AUDIO\03_wav\individual\2020\SDRW2000001223\SDRW2000001223.1.1.301.lab,49,D:\20_AUDIO\03_wav\individual\2020\SDRW2000001223\SDRW2000001223.1.1.301.wav,True
2020,SDRW2000001223,SDRW2000001223.1.1.304,no_textgrid_after_beam10_retry40,D:\20_AUDIO\03_wav\individual\2020\SDRW2000001223\SDRW2000001223.1.1.304.lab,45,D:\20_AUDIO\03_wav\individual\2020\SDRW2000001223\SDRW2000001223.1.1.304.wav,True
2020,SDRW2000001223,SDRW2000001223.1.1.306,no_textgrid_after_beam10_retry40,D:\20_AUDIO\03_wav\individual\2020\SDRW2000001223\SDRW2000001223.1.1.306.lab,46,D:\20_AUDIO\03_wav\individual\2020\SDRW2000001223\SDRW2000001223.1.1.306.wav,True
2020,SDRW2000001223,SDRW2000001223.1.1.314,no_textgrid_after_beam10_retry40,D:\20_AUDIO\03_wav\individual\2020\SDRW2000001223\SDRW2000001223.1.1.314.lab,60,D:\20_AUDIO\03_wav\individual\2020\SDRW2000001223\SDRW2000001223.1.1.314.wav,True
2020,SDRW2000001223,SDRW2000001223.1.1.320,no_textgrid_after_beam10_retry40,D:\20_AUDIO\03_wav\individual\2020\SDRW2000001223\SDRW2000001223.1.1.320.lab,57,D:\20_AUDIO\03_wav\individual\2020\SDRW2000001223\SDRW2000001223.1.1.320.wav,True
2020,SDRW2000001223,SDRW2000001223.1.1.322,no_textgrid_after_beam10_retry40,D:\20_AUDIO\03_wav\individual\2020\SDRW2000001223\SDRW2000001223.1.1.322.lab,46,D:\20_AUDIO\03_wav\individual\2020\SDRW2000001223\SDRW2000001223.1.1.322.wav,True
2020,SDRW2000001223,SDRW2000001223.1.1.333,no_textgrid_after_beam10_retry40,D:\20_AUDIO\03_wav\individual\2020\SDRW2000001223\SDRW2000001223.1.1.333.lab,48,D:\20_AUDIO\03_wav\individual\2020\SDRW2000001223\SDRW2000001223.1.1.333.wav,True
2020,SDRW2000001223,SDRW2000001223.1.1.335,no_textgrid_after_beam10_retry40,D:\20_AUDIO\03_wav\individual\2020\SDRW2000001223\SDRW2000001223.1.1.335.lab,46,D:\20_AUDIO\03_wav\individual\2020\SDRW2000001223\SDRW2000001223.1.1.335.wav,True
2020,SDRW2000001223,SDRW2000001223.1.1.339,no_textgrid_after_beam10_retry40,D:\20_AUDIO\03_wav\individual\2020\SDRW2000001223\SDRW2000001223.1.1.339.lab,102,D:\20_AUDIO\03_wav\individual\2020\SDRW2000001223\SDRW2000001223.1.1.339.wav,True
2020,SDRW2000001223,SDRW2000001223.1.1.361,no_textgrid_after_beam10_retry40,D:\20_AUDIO\03_wav\individual\2020\SDRW2000001223\SDRW2000001223.1.1.361.lab,85,D:\20_AUDIO\03_wav\individual\2020\SDRW2000001223\SDRW2000001223.1.1.361.wav,True
2020,SDRW2000001223,SDRW2000001223.1.1.364,no_textgrid_after_beam10_retry40,D:\20_AUDIO\03_wav\individual\2020\SDRW2000001223\SDRW2000001223.1.1.364.lab,55,D:\20_AUDIO\03_wav\individual\2020\SDRW2000001223\SDRW2000001223.1.1.364.wav,True
2020,SDRW2000001223,SDRW2000001223.1.1.365,no_textgrid_after_beam10_retry40,D:\20_AUDIO\03_wav\individual\2020\SDRW2000001223\SDRW2000001223.1.1.365.lab,54,D:\20_AUDIO\03_wav\individual\2020\SDRW2000001223\SDRW2000001223.1.1.365.wav,True
2020,SDRW2000001223,SDRW2000001223.1.1.369,no_textgrid_after_beam10_retry40,D:\20_AUDIO\03_wav\individual\2020\SDRW2000001223\SDRW2000001223.1.1.369.lab,46,D:\20_AUDIO\03_wav\individual\2020\SDRW2000001223\SDRW2000001223.1.1.369.wav,True
2020,SDRW2000001223,SDRW2000001223.1.1.377,no_textgrid_after_beam10_retry40,D:\20_AUDIO\03_wav\individual\2020\SDRW2000001223\SDRW2000001223.1.1.377.lab,42,D:\20_AUDIO\03_wav\individual\2020\SDRW2000001223\SDRW2000001223.1.1.377.wav,True
2020,SDRW2000001223,SDRW2000001223.1.1.388,no_textgrid_after_beam10_retry40,D:\20_AUDIO\03_wav\individual\2020\SDRW2000001223\SDRW2000001223.1.1.388.lab,56,D:\20_AUDIO\03_wav\individual\2020\SDRW2000001223\SDRW2000001223.1.1.388.wav,True
2020,SDRW2000001223,SDRW2000001223.1.1.390,no_textgrid_after_beam10_retry40,D:\20_AUDIO\03_wav\individual\2020\SDRW2000001223\SDRW2000001223.1.1.390.lab,47,D:\20_AUDIO\03_wav\individual\2020\SDRW2000001223\SDRW2000001223.1.1.390.wav,True
2020,SDRW2000001223,SDRW2000001223.1.1.391,no_textgrid_after_beam10_retry40,D:\20_AUDIO\03_wav\individual\2020\SDRW2000001223\SDRW2000001223.1.1.391.lab,44,D:\20_AUDIO\03_wav\individual\2020\SDRW2000001223\SDRW2000001223.1.1.391.wav,True
2020,SDRW2000001223,SDRW2000001223.1.1.399,no_textgrid_after_beam10_retry40,D:\20_AUDIO\03_wav\individual\2020\SDRW2000001223\SDRW2000001223.1.1.399.lab,55,D:\20_AUDIO\03_wav\individual\2020\SDRW2000001223\SDRW2000001223.1.1.399.wav,True
2020,SDRW2000001223,SDRW2000001223.1.1.403,no_textgrid_after_beam10_retry40,D:\20_AUDIO\03_wav\individual\2020\SDRW2000001223\SDRW2000001223.1.1.403.lab,62,D:\20_AUDIO\03_wav\individual\2020\SDRW2000001223\SDRW2000001223.1.1.403.wav,True
2020,SDRW2000001223,SDRW2000001223.1.1.407,no_textgrid_after_beam10_retry40,D:\20_AUDIO\03_wav\individual\2020\SDRW2000001223\SDRW2000001223.1.1.407.lab,72,D:\20_AUDIO\03_wav\individual\2020\SDRW2000001223\SDRW2000001223.1.1.407.wav,True
2020,SDRW2000001223,SDRW2000001223.1.1.410,no_textgrid_after_beam10_retry40,D:\20_AUDIO\03_wav\individual\2020\SDRW2000001223\SDRW2000001223.1.1.410.lab,55,D:\20_AUDIO\03_wav\individual\2020\SDRW2000001223\SDRW2000001223.1.1.410.wav,True
2020,SDRW2000001223,SDRW2000001223.1.1.412,no_textgrid_after_beam10_retry40,D:\20_AUDIO\03_wav\individual\2020\SDRW2000001223\SDRW2000001223.1.1.412.lab,107,D:\20_AUDIO\03_wav\individual\2020\SDRW2000001223\SDRW2000001223.1.1.412.wav,True
2020,SDRW2000001223,SDRW2000001223.1.1.54,no_textgrid_after_beam10_retry40,D:\20_AUDIO\03_wav\individual\2020\SDRW2000001223\SDRW2000001223.1.1.54.lab,54,D:\20_AUDIO\03_wav\individual\2020\SDRW2000001223\SDRW2000001223.1.1.54.wav,True
2020,SDRW2000001223,SDRW2000001223.1.1.56,no_textgrid_after_beam10_retry40,D:\20_AUDIO\03_wav\individual\2020\SDRW2000001223\SDRW2000001223.1.1.56.lab,48,D:\20_AUDIO\03_wav\individual\2020\SDRW2000001223\SDRW2000001223.1.1.56.wav,True
2020,SDRW2000001223,SDRW2000001223.1.1.60,no_textgrid_after_beam10_retry40,D:\20_AUDIO\03_wav\individual\2020\SDRW2000001223\SDRW2000001223.1.1.60.lab,35,D:\20_AUDIO\03_wav\individual\2020\SDRW2000001223\SDRW2000001223.1.1.60.wav,True
2020,SDRW2000001223,SDRW2000001223.1.1.70,no_textgrid_after_beam10_retry40,D:\20_AUDIO\03_wav\individual\2020\SDRW2000001223\SDRW2000001223.1.1.70.lab,49,D:\20_AUDIO\03_wav\individual\2020\SDRW2000001223\SDRW2000001223.1.1.70.wav,True
2020,SDRW2000001223,SDRW2000001223.1.1.81,no_textgrid_after_beam10_retry40,D:\20_AUDIO\03_wav\individual\2020\SDRW2000001223\SDRW2000001223.1.1.81.lab,84,D:\20_AUDIO\03_wav\individual\2020\SDRW2000001223\SDRW2000001223.1.1.81.wav,True
2020,SDRW2000001223,SDRW2000001223.1.1.90,no_textgrid_after_beam10_retry40,D:\20_AUDIO\03_wav\individual\2020\SDRW2000001223\SDRW2000001223.1.1.90.lab,46,D:\20_AUDIO\03_wav\individual\2020\SDRW2000001223\SDRW2000001223.1.1.90.wav,True
2020,SDRW2000001223,SDRW2000001223.1.1.93,no_textgrid_after_beam10_retry40,D:\20_AUDIO\03_wav\individual\2020\SDRW2000001223\SDRW2000001223.1.1.93.lab,52,D:\20_AUDIO\03_wav\individual\2020\SDRW2000001223\SDRW2000001223.1.1.93.wav,True
2020,SDRW2000001223,SDRW2000001223.1.1.95,no_textgrid_after_beam10_retry40,D:\20_AUDIO\03_wav\individual\2020\SDRW2000001223\SDRW2000001223.1.1.95.lab,22,D:\20_AUDIO\03_wav\individual\2020\SDRW2000001223\SDRW2000001223.1.1.95.wav,True
2020,SDRW2000001223,SDRW2000001223.1.1.99,no_textgrid_after_beam10_retry40,D:\20_AUDIO\03_wav\individual\2020\SDRW2000001223\SDRW2000001223.1.1.99.lab,33,D:\20_AUDIO\03_wav\individual\2020\SDRW2000001223\SDRW2000001223.1.1.99.wav,True
2020,SDRW2000001244,SDRW2000001244.1.1.74,no_textgrid_after_beam10_retry40,D:\20_AUDIO\03_wav\individual\2020\SDRW2000001244\SDRW2000001244.1.1.74.lab,36,D:\20_AUDIO\03_wav\individual\2020\SDRW2000001244\SDRW2000001244.1.1.74.wav,True
2020,SDRW2000001269,SDRW2000001269.1.1.256,no_textgrid_after_beam10_retry40,D:\20_AUDIO\03_wav\individual\2020\SDRW2000001269\SDRW2000001269.1.1.256.lab,53,D:\20_AUDIO\03_wav\individual\2020\SDRW2000001269\SDRW2000001269.1.1.256.wav,True
2020,SDRW2000001277,SDRW2000001277.1.1.46,no_textgrid_after_beam10_retry40,D:\20_AUDIO\03_wav\individual\2020\SDRW2000001277\SDRW2000001277.1.1.46.lab,27,D:\20_AUDIO\03_wav\individual\2020\SDRW2000001277\SDRW2000001277.1.1.46.wav,True
2020,SDRW2000001284,SDRW2000001284.1.1.10,no_textgrid_after_beam10_retry40,D:\20_AUDIO\03_wav\individual\2020\SDRW2000001284\SDRW2000001284.1.1.10.lab,60,D:\20_AUDIO\03_wav\individual\2020\SDRW2000001284\SDRW2000001284.1.1.10.wav,True
2020,SDRW2000001298,SDRW2000001298.1.1.5,no_textgrid_after_beam10_retry40,D:\20_AUDIO\03_wav\individual\2020\SDRW2000001298\SDRW2000001298.1.1.5.lab,14,D:\20_AUDIO\03_wav\individual\2020\SDRW2000001298\SDRW2000001298.1.1.5.wav,True
2020,SDRW2000001304,SDRW2000001304.1.1.58,no_textgrid_after_beam10_retry40,D:\20_AUDIO\03_wav\individual\2020\SDRW2000001304\SDRW2000001304.1.1.58.lab,59,D:\20_AUDIO\03_wav\individual\2020\SDRW2000001304\SDRW2000001304.1.1.58.wav,True
2020,SDRW2000001330,SDRW2000001330.1.1.235,no_textgrid_after_beam10_retry40,D:\20_AUDIO\03_wav\individual\2020\SDRW2000001330\SDRW2000001330.1.1.235.lab,44,D:\20_AUDIO\03_wav\individual\2020\SDRW2000001330\SDRW2000001330.1.1.235.wav,True
2020,SDRW2000001388,SDRW2000001388.1.1.275,no_textgrid_after_beam10_retry40,D:\20_AUDIO\03_wav\individual\2020\SDRW2000001388\SDRW2000001388.1.1.275.lab,119,D:\20_AUDIO\03_wav\individual\2020\SDRW2000001388\SDRW2000001388.1.1.275.wav,True
2020,SDRW2000001388,SDRW2000001388.1.1.283,no_textgrid_after_beam10_retry40,D:\20_AUDIO\03_wav\individual\2020\SDRW2000001388\SDRW2000001388.1.1.283.lab,36,D:\20_AUDIO\03_wav\individual\2020\SDRW2000001388\SDRW2000001388.1.1.283.wav,True
2020,SDRW2000001388,SDRW2000001388.1.1.287,no_textgrid_after_beam10_retry40,D:\20_AUDIO\03_wav\individual\2020\SDRW2000001388\SDRW2000001388.1.1.287.lab,39,D:\20_AUDIO\03_wav\individual\2020\SDRW2000001388\SDRW2000001388.1.1.287.wav,True
2020,SDRW2000001388,SDRW2000001388.1.1.293,no_textgrid_after_beam10_retry40,D:\20_AUDIO\03_wav\individual\2020\SDRW2000001388\SDRW2000001388.1.1.293.lab,49,D:\20_AUDIO\03_wav\individual\2020\SDRW2000001388\SDRW2000001388.1.1.293.wav,True
2020,SDRW2000001388,SDRW2000001388.1.1.299,no_textgrid_after_beam10_retry40,D:\20_AUDIO\03_wav\individual\2020\SDRW2000001388\SDRW2000001388.1.1.299.lab,26,D:\20_AUDIO\03_wav\individual\2020\SDRW2000001388\SDRW2000001388.1.1.299.wav,True
2020,SDRW2000001388,SDRW2000001388.1.1.301,no_textgrid_after_beam10_retry40,D:\20_AUDIO\03_wav\individual\2020\SDRW2000001388\SDRW2000001388.1.1.301.lab,23,D:\20_AUDIO\03_wav\individual\2020\SDRW2000001388\SDRW2000001388.1.1.301.wav,True
2020,SDRW2000001388,SDRW2000001388.1.1.306,no_textgrid_after_beam10_retry40,D:\20_AUDIO\03_wav\individual\2020\SDRW2000001388\SDRW2000001388.1.1.306.lab,56,D:\20_AUDIO\03_wav\individual\2020\SDRW2000001388\SDRW2000001388.1.1.306.wav,True
2020,SDRW2000001407,SDRW2000001407.1.1.335,no_textgrid_after_beam10_retry40,D:\20_AUDIO\03_wav\individual\2020\SDRW2000001407\SDRW2000001407.1.1.335.lab,73,D:\20_AUDIO\03_wav\individual\2020\SDRW2000001407\SDRW2000001407.1.1.335.wav,True
2020,SDRW2000001407,SDRW2000001407.1.1.417,no_textgrid_after_beam10_retry40,D:\20_AUDIO\03_wav\individual\2020\SDRW2000001407\SDRW2000001407.1.1.417.lab,28,D:\20_AUDIO\03_wav\individual\2020\SDRW2000001407\SDRW2000001407.1.1.417.wav,True
2020,SDRW2000001407,SDRW2000001407.1.1.489,no_textgrid_after_beam10_retry40,D:\20_AUDIO\03_wav\individual\2020\SDRW2000001407\SDRW2000001407.1.1.489.lab,56,D:\20_AUDIO\03_wav\individual\2020\SDRW2000001407\SDRW2000001407.1.1.489.wav,True
2020,SDRW2000001419,SDRW2000001419.1.1.54,no_textgrid_after_beam10_retry40,D:\20_AUDIO\03_wav\individual\2020\SDRW2000001419\SDRW2000001419.1.1.54.lab,67,D:\20_AUDIO\03_wav\individual\2020\SDRW2000001419\SDRW2000001419.1.1.54.wav,True
2020,SDRW2000001445,SDRW2000001445.1.1.149,no_textgrid_after_beam10_retry40,D:\20_AUDIO\03_wav\individual\2020\SDRW2000001445\SDRW2000001445.1.1.149.lab,51,D:\20_AUDIO\03_wav\individual\2020\SDRW2000001445\SDRW2000001445.1.1.149.wav,True
2020,SDRW2000001445,SDRW2000001445.1.1.155,no_textgrid_after_beam10_retry40,D:\20_AUDIO\03_wav\individual\2020\SDRW2000001445\SDRW2000001445.1.1.155.lab,52,D:\20_AUDIO\03_wav\individual\2020\SDRW2000001445\SDRW2000001445.1.1.155.wav,True
2020,SDRW2000001446,SDRW2000001446.1.1.4,no_textgrid_after_beam10_retry40,D:\20_AUDIO\03_wav\individual\2020\SDRW2000001446\SDRW2000001446.1.1.4.lab,52,D:\20_AUDIO\03_wav\individual\2020\SDRW2000001446\SDRW2000001446.1.1.4.wav,True
2020,SDRW2000001466,SDRW2000001466.1.1.192,no_textgrid_after_beam10_retry40,D:\20_AUDIO\03_wav\individual\2020\SDRW2000001466\SDRW2000001466.1.1.192.lab,30,D:\20_AUDIO\03_wav\individual\2020\SDRW2000001466\SDRW2000001466.1.1.192.wav,True
2020,SDRW2000001470,SDRW2000001470.1.1.48,no_textgrid_after_beam10_retry40,D:\20_AUDIO\03_wav\individual\2020\SDRW2000001470\SDRW2000001470.1.1.48.lab,16,D:\20_AUDIO\03_wav\individual\2020\SDRW2000001470\SDRW2000001470.1.1.48.wav,True
2020,SDRW2000001501,SDRW2000001501.1.1.249,no_textgrid_after_beam10_retry40,D:\20_AUDIO\03_wav\individual\2020\SDRW2000001501\SDRW2000001501.1.1.249.lab,39,D:\20_AUDIO\03_wav\individual\2020\SDRW2000001501\SDRW2000001501.1.1.249.wav,True
2020,SDRW2000001505,SDRW2000001505.1.1.117,no_textgrid_after_beam10_retry40,D:\20_AUDIO\03_wav\individual\2020\SDRW2000001505\SDRW2000001505.1.1.117.lab,42,D:\20_AUDIO\03_wav\individual\2020\SDRW2000001505\SDRW2000001505.1.1.117.wav,True
2020,SDRW2000001543,SDRW2000001543.1.1.109,no_textgrid_after_beam10_retry40,D:\20_AUDIO\03_wav\individual\2020\SDRW2000001543\SDRW2000001543.1.1.109.lab,77,D:\20_AUDIO\03_wav\individual\2020\SDRW2000001543\SDRW2000001543.1.1.109.wav,True
2020,SDRW2000001548,SDRW2000001548.1.1.305,no_textgrid_after_beam10_retry40,D:\20_AUDIO\03_wav\individual\2020\SDRW2000001548\SDRW2000001548.1.1.305.lab,60,D:\20_AUDIO\03_wav\individual\2020\SDRW2000001548\SDRW2000001548.1.1.305.wav,True
2020,SDRW2000001557,SDRW2000001557.1.1.407,no_textgrid_after_beam10_retry40,D:\20_AUDIO\03_wav\individual\2020\SDRW2000001557\SDRW2000001557.1.1.407.lab,50,D:\20_AUDIO\03_wav\individual\2020\SDRW2000001557\SDRW2000001557.1.1.407.wav,True
2020,SDRW2000001561,SDRW2000001561.1.1.49,no_textgrid_after_beam10_retry40,D:\20_AUDIO\03_wav\individual\2020\SDRW2000001561\SDRW2000001561.1.1.49.lab,63,D:\20_AUDIO\03_wav\individual\2020\SDRW2000001561\SDRW2000001561.1.1.49.wav,True
2020,SDRW2000001576,SDRW2000001576.1.1.441,no_textgrid_after_beam10_retry40,D:\20_AUDIO\03_wav\individual\2020\SDRW2000001576\SDRW2000001576.1.1.441.lab,41,D:\20_AUDIO\03_wav\individual\2020\SDRW2000001576\SDRW2000001576.1.1.441.wav,True
2020,SDRW2000001584,SDRW2000001584.1.1.295,no_textgrid_after_beam10_retry40,D:\20_AUDIO\03_wav\individual\2020\SDRW2000001584\SDRW2000001584.1.1.295.lab,46,D:\20_AUDIO\03_wav\individual\2020\SDRW2000001584\SDRW2000001584.1.1.295.wav,True
2020,SDRW2000001589,SDRW2000001589.1.1.302,no_textgrid_after_beam10_retry40,D:\20_AUDIO\03_wav\individual\2020\SDRW2000001589\SDRW2000001589.1.1.302.lab,38,D:\20_AUDIO\03_wav\individual\2020\SDRW2000001589\SDRW2000001589.1.1.302.wav,True
2020,SDRW2000001596,SDRW2000001596.1.1.405,no_textgrid_after_beam10_retry40,D:\20_AUDIO\03_wav\individual\2020\SDRW2000001596\SDRW2000001596.1.1.405.lab,42,D:\20_AUDIO\03_wav\individual\2020\SDRW2000001596\SDRW2000001596.1.1.405.wav,True
2020,SDRW2000001612,SDRW2000001612.1.1.205,no_textgrid_after_beam10_retry40,D:\20_AUDIO\03_wav\individual\2020\SDRW2000001612\SDRW2000001612.1.1.205.lab,57,D:\20_AUDIO\03_wav\individual\2020\SDRW2000001612\SDRW2000001612.1.1.205.wav,True
2020,SDRW2000001612,SDRW2000001612.1.1.276,no_textgrid_after_beam10_retry40,D:\20_AUDIO\03_wav\individual\2020\SDRW2000001612\SDRW2000001612.1.1.276.lab,53,D:\20_AUDIO\03_wav\individual\2020\SDRW2000001612\SDRW2000001612.1.1.276.wav,True
2020,SDRW2000001612,SDRW2000001612.1.1.402,no_textgrid_after_beam10_retry40,D:\20_AUDIO\03_wav\individual\2020\SDRW2000001612\SDRW2000001612.1.1.402.lab,46,D:\20_AUDIO\03_wav\individual\2020\SDRW2000001612\SDRW2000001612.1.1.402.wav,True
2020,SDRW2000001613,SDRW2000001613.1.1.98,no_textgrid_after_beam10_retry40,D:\20_AUDIO\03_wav\individual\2020\SDRW2000001613\SDRW2000001613.1.1.98.lab,88,D:\20_AUDIO\03_wav\individual\2020\SDRW2000001613\SDRW2000001613.1.1.98.wav,True
2020,SDRW2000001626,SDRW2000001626.1.1.156,no_textgrid_after_beam10_retry40,D:\20_AUDIO\03_wav\individual\2020\SDRW2000001626\SDRW2000001626.1.1.156.lab,105,D:\20_AUDIO\03_wav\individual\2020\SDRW2000001626\SDRW2000001626.1.1.156.wav,True
2020,SDRW2000001635,SDRW2000001635.1.1.259,no_textgrid_after_beam10_retry40,D:\20_AUDIO\03_wav\individual\2020\SDRW2000001635\SDRW2000001635.1.1.259.lab,29,D:\20_AUDIO\03_wav\individual\2020\SDRW2000001635\SDRW2000001635.1.1.259.wav,True
2020,SDRW2000001645,SDRW2000001645.1.1.282,no_textgrid_after_beam10_retry40,D:\20_AUDIO\03_wav\individual\2020\SDRW2000001645\SDRW2000001645.1.1.282.lab,71,D:\20_AUDIO\03_wav\individual\2020\SDRW2000001645\SDRW2000001645.1.1.282.wav,True
2020,SDRW2000001662,SDRW2000001662.1.1.83,no_textgrid_after_beam10_retry40,D:\20_AUDIO\03_wav\individual\2020\SDRW2000001662\SDRW2000001662.1.1.83.lab,48,D:\20_AUDIO\03_wav\individual\2020\SDRW2000001662\SDRW2000001662.1.1.83.wav,True
2020,SDRW2000001672,SDRW2000001672.1.1.347,no_textgrid_after_beam10_retry40,D:\20_AUDIO\03_wav\individual\2020\SDRW2000001672\SDRW2000001672.1.1.347.lab,52,D:\20_AUDIO\03_wav\individual\2020\SDRW2000001672\SDRW2000001672.1.1.347.wav,True
2020,SDRW2000001673,SDRW2000001673.1.1.187,no_textgrid_after_beam10_retry40,D:\20_AUDIO\03_wav\individual\2020\SDRW2000001673\SDRW2000001673.1.1.187.lab,33,D:\20_AUDIO\03_wav\individual\2020\SDRW2000001673\SDRW2000001673.1.1.187.wav,True
2020,SDRW2000001682,SDRW2000001682.1.1.160,no_textgrid_after_beam10_retry40,D:\20_AUDIO\03_wav\individual\2020\SDRW2000001682\SDRW2000001682.1.1.160.lab,66,D:\20_AUDIO\03_wav\individual\2020\SDRW2000001682\SDRW2000001682.1.1.160.wav,True
2020,SDRW2000001683,SDRW2000001683.1.1.33,no_textgrid_after_beam10_retry40,D:\20_AUDIO\03_wav\individual\2020\SDRW2000001683\SDRW2000001683.1.1.33.lab,66,D:\20_AUDIO\03_wav\individual\2020\SDRW2000001683\SDRW2000001683.1.1.33.wav,True
2020,SDRW2000001683,SDRW2000001683.1.1.58,no_textgrid_after_beam10_retry40,D:\20_AUDIO\03_wav\individual\2020\SDRW2000001683\SDRW2000001683.1.1.58.lab,50,D:\20_AUDIO\03_wav\individual\2020\SDRW2000001683\SDRW2000001683.1.1.58.wav,True
2020,SDRW2000001684,SDRW2000001684.1.1.106,no_textgrid_after_beam10_retry40,D:\20_AUDIO\03_wav\individual\2020\SDRW2000001684\SDRW2000001684.1.1.106.lab,60,D:\20_AUDIO\03_wav\individual\2020\SDRW2000001684\SDRW2000001684.1.1.106.wav,True
2020,SDRW2000001685,SDRW2000001685.1.1.212,no_textgrid_after_beam10_retry40,D:\20_AUDIO\03_wav\individual\2020\SDRW2000001685\SDRW2000001685.1.1.212.lab,60,D:\20_AUDIO\03_wav\individual\2020\SDRW2000001685\SDRW2000001685.1.1.212.wav,True
2020,SDRW2000001685,SDRW2000001685.1.1.296,no_textgrid_after_beam10_retry40,D:\20_AUDIO\03_wav\individual\2020\SDRW2000001685\SDRW2000001685.1.1.296.lab,74,D:\20_AUDIO\03_wav\individual\2020\SDRW2000001685\SDRW2000001685.1.1.296.wav,True
2020,SDRW2000001688,SDRW2000001688.1.1.159,no_textgrid_after_beam10_retry40,D:\20_AUDIO\03_wav\individual\2020\SDRW2000001688\SDRW2000001688.1.1.159.lab,53,D:\20_AUDIO\03_wav\individual\2020\SDRW2000001688\SDRW2000001688.1.1.159.wav,True
2020,SDRW2000001694,SDRW2000001694.1.1.183,no_textgrid_after_beam10_retry40,D:\20_AUDIO\03_wav\individual\2020\SDRW2000001694\SDRW2000001694.1.1.183.lab,47,D:\20_AUDIO\03_wav\individual\2020\SDRW2000001694\SDRW2000001694.1.1.183.wav,True
2020,SDRW2000001699,SDRW2000001699.1.1.15,no_textgrid_after_beam10_retry40,D:\20_AUDIO\03_wav\individual\2020\SDRW2000001699\SDRW2000001699.1.1.15.lab,73,D:\20_AUDIO\03_wav\individual\2020\SDRW2000001699\SDRW2000001699.1.1.15.wav,True
2020,SDRW2000001703,SDRW2000001703.1.1.119,no_textgrid_after_beam10_retry40,D:\20_AUDIO\03_wav\individual\2020\SDRW2000001703\SDRW2000001703.1.1.119.lab,50,D:\20_AUDIO\03_wav\individual\2020\SDRW2000001703\SDRW2000001703.1.1.119.wav,True
2020,SDRW2000001707,SDRW2000001707.1.1.215,no_textgrid_after_beam10_retry40,D:\20_AUDIO\03_wav\individual\2020\SDRW2000001707\SDRW2000001707.1.1.215.lab,62,D:\20_AUDIO\03_wav\individual\2020\SDRW2000001707\SDRW2000001707.1.1.215.wav,True
2020,SDRW2000001708,SDRW2000001708.1.1.267,no_textgrid_after_beam10_retry40,D:\20_AUDIO\03_wav\individual\2020\SDRW2000001708\SDRW2000001708.1.1.267.lab,153,D:\20_AUDIO\03_wav\individual\2020\SDRW2000001708\SDRW2000001708.1.1.267.wav,True
2020,SDRW2000001709,SDRW2000001709.1.1.172,no_textgrid_after_beam10_retry40,D:\20_AUDIO\03_wav\individual\2020\SDRW2000001709\SDRW2000001709.1.1.172.lab,69,D:\20_AUDIO\03_wav\individual\2020\SDRW2000001709\SDRW2000001709.1.1.172.wav,True
2020,SDRW2000001713,SDRW2000001713.1.1.102,no_textgrid_after_beam10_retry40,D:\20_AUDIO\03_wav\individual\2020\SDRW2000001713\SDRW2000001713.1.1.102.lab,32,D:\20_AUDIO\03_wav\individual\2020\SDRW2000001713\SDRW2000001713.1.1.102.wav,True
2020,SDRW2000001713,SDRW2000001713.1.1.103,no_textgrid_after_beam10_retry40,D:\20_AUDIO\03_wav\individual\2020\SDRW2000001713\SDRW2000001713.1.1.103.lab,48,D:\20_AUDIO\03_wav\individual\2020\SDRW2000001713\SDRW2000001713.1.1.103.wav,True
2020,SDRW2000001713,SDRW2000001713.1.1.105,no_textgrid_after_beam10_retry40,D:\20_AUDIO\03_wav\individual\2020\SDRW2000001713\SDRW2000001713.1.1.105.lab,58,D:\20_AUDIO\03_wav\individual\2020\SDRW2000001713\SDRW2000001713.1.1.105.wav,True
2020,SDRW2000001713,SDRW2000001713.1.1.110,no_textgrid_after_beam10_retry40,D:\20_AUDIO\03_wav\individual\2020\SDRW2000001713\SDRW2000001713.1.1.110.lab,32,D:\20_AUDIO\03_wav\individual\2020\SDRW2000001713\SDRW2000001713.1.1.110.wav,True
2020,SDRW2000001713,SDRW2000001713.1.1.114,no_textgrid_after_beam10_retry40,D:\20_AUDIO\03_wav\individual\2020\SDRW2000001713\SDRW2000001713.1.1.114.lab,92,D:\20_AUDIO\03_wav\individual\2020\SDRW2000001713\SDRW2000001713.1.1.114.wav,True
2020,SDRW2000001713,SDRW2000001713.1.1.117,no_textgrid_after_beam10_retry40,D:\20_AUDIO\03_wav\individual\2020\SDRW2000001713\SDRW2000001713.1.1.117.lab,71,D:\20_AUDIO\03_wav\individual\2020\SDRW2000001713\SDRW2000001713.1.1.117.wav,True
2020,SDRW2000001713,SDRW2000001713.1.1.123,no_textgrid_after_beam10_retry40,D:\20_AUDIO\03_wav\individual\2020\SDRW2000001713\SDRW2000001713.1.1.123.lab,47,D:\20_AUDIO\03_wav\individual\2020\SDRW2000001713\SDRW2000001713.1.1.123.wav,True
2020,SDRW2000001713,SDRW2000001713.1.1.131,no_textgrid_after_beam10_retry40,D:\20_AUDIO\03_wav\individual\2020\SDRW2000001713\SDRW2000001713.1.1.131.lab,35,D:\20_AUDIO\03_wav\individual\2020\SDRW2000001713\SDRW2000001713.1.1.131.wav,True
2020,SDRW2000001713,SDRW2000001713.1.1.132,no_textgrid_after_beam10_retry40,D:\20_AUDIO\03_wav\individual\2020\SDRW2000001713\SDRW2000001713.1.1.132.lab,26,D:\20_AUDIO\03_wav\individual\2020\SDRW2000001713\SDRW2000001713.1.1.132.wav,True
2020,SDRW2000001713,SDRW2000001713.1.1.133,no_textgrid_after_beam10_retry40,D:\20_AUDIO\03_wav\individual\2020\SDRW2000001713\SDRW2000001713.1.1.133.lab,61,D:\20_AUDIO\03_wav\individual\2020\SDRW2000001713\SDRW2000001713.1.1.133.wav,True
2020,SDRW2000001713,SDRW2000001713.1.1.137,no_textgrid_after_beam10_retry40,D:\20_AUDIO\03_wav\individual\2020\SDRW2000001713\SDRW2000001713.1.1.137.lab,39,D:\20_AUDIO\03_wav\individual\2020\SDRW2000001713\SDRW2000001713.1.1.137.wav,True
2020,SDRW2000001713,SDRW2000001713.1.1.143,no_textgrid_after_beam10_retry40,D:\20_AUDIO\03_wav\individual\2020\SDRW2000001713\SDRW2000001713.1.1.143.lab,74,D:\20_AUDIO\03_wav\individual\2020\SDRW2000001713\SDRW2000001713.1.1.143.wav,True
2020,SDRW2000001713,SDRW2000001713.1.1.145,no_textgrid_after_beam10_retry40,D:\20_AUDIO\03_wav\individual\2020\SDRW2000001713\SDRW2000001713.1.1.145.lab,62,D:\20_AUDIO\03_wav\individual\2020\SDRW2000001713\SDRW2000001713.1.1.145.wav,True
2020,SDRW2000001713,SDRW2000001713.1.1.147,no_textgrid_after_beam10_retry40,D:\20_AUDIO\03_wav\individual\2020\SDRW2000001713\SDRW2000001713.1.1.147.lab,43,D:\20_AUDIO\03_wav\individual\2020\SDRW2000001713\SDRW2000001713.1.1.147.wav,True
2020,SDRW2000001713,SDRW2000001713.1.1.150,no_textgrid_after_beam10_retry40,D:\20_AUDIO\03_wav\individual\2020\SDRW2000001713\SDRW2000001713.1.1.150.lab,53,D:\20_AUDIO\03_wav\individual\2020\SDRW2000001713\SDRW2000001713.1.1.150.wav,True
2020,SDRW2000001713,SDRW2000001713.1.1.152,no_textgrid_after_beam10_retry40,D:\20_AUDIO\03_wav\individual\2020\SDRW2000001713\SDRW2000001713.1.1.152.lab,26,D:\20_AUDIO\03_wav\individual\2020\SDRW2000001713\SDRW2000001713.1.1.152.wav,True
2020,SDRW2000001713,SDRW2000001713.1.1.156,no_textgrid_after_beam10_retry40,D:\20_AUDIO\03_wav\individual\2020\SDRW2000001713\SDRW2000001713.1.1.156.lab,69,D:\20_AUDIO\03_wav\individual\2020\SDRW2000001713\SDRW2000001713.1.1.156.wav,True
2020,SDRW2000001713,SDRW2000001713.1.1.160,no_textgrid_after_beam10_retry40,D:\20_AUDIO\03_wav\individual\2020\SDRW2000001713\SDRW2000001713.1.1.160.lab,37,D:\20_AUDIO\03_wav\individual\2020\SDRW2000001713\SDRW2000001713.1.1.160.wav,True
2020,SDRW2000001713,SDRW2000001713.1.1.164,no_textgrid_after_beam10_retry40,D:\20_AUDIO\03_wav\individual\2020\SDRW2000001713\SDRW2000001713.1.1.164.lab,40,D:\20_AUDIO\03_wav\individual\2020\SDRW2000001713\SDRW2000001713.1.1.164.wav,True
2020,SDRW2000001713,SDRW2000001713.1.1.167,no_textgrid_after_beam10_retry40,D:\20_AUDIO\03_wav\individual\2020\SDRW2000001713\SDRW2000001713.1.1.167.lab,30,D:\20_AUDIO\03_wav\individual\2020\SDRW2000001713\SDRW2000001713.1.1.167.wav,True
2020,SDRW2000001713,SDRW2000001713.1.1.172,no_textgrid_after_beam10_retry40,D:\20_AUDIO\03_wav\individual\2020\SDRW2000001713\SDRW2000001713.1.1.172.lab,79,D:\20_AUDIO\03_wav\individual\2020\SDRW2000001713\SDRW2000001713.1.1.172.wav,True
2020,SDRW2000001713,SDRW2000001713.1.1.176,no_textgrid_after_beam10_retry40,D:\20_AUDIO\03_wav\individual\2020\SDRW2000001713\SDRW2000001713.1.1.176.lab,41,D:\20_AUDIO\03_wav\individual\2020\SDRW2000001713\SDRW2000001713.1.1.176.wav,True
2020,SDRW2000001713,SDRW2000001713.1.1.179,no_textgrid_after_beam10_retry40,D:\20_AUDIO\03_wav\individual\2020\SDRW2000001713\SDRW2000001713.1.1.179.lab,90,D:\20_AUDIO\03_wav\individual\2020\SDRW2000001713\SDRW2000001713.1.1.179.wav,True
2020,SDRW2000001713,SDRW2000001713.1.1.184,no_textgrid_after_beam10_retry40,D:\20_AUDIO\03_wav\individual\2020\SDRW2000001713\SDRW2000001713.1.1.184.lab,78,D:\20_AUDIO\03_wav\individual\2020\SDRW2000001713\SDRW2000001713.1.1.184.wav,True
2020,SDRW2000001713,SDRW2000001713.1.1.189,no_textgrid_after_beam10_retry40,D:\20_AUDIO\03_wav\individual\2020\SDRW2000001713\SDRW2000001713.1.1.189.lab,46,D:\20_AUDIO\03_wav\individual\2020\SDRW2000001713\SDRW2000001713.1.1.189.wav,True
2020,SDRW2000001713,SDRW2000001713.1.1.190,no_textgrid_after_beam10_retry40,D:\20_AUDIO\03_wav\individual\2020\SDRW2000001713\SDRW2000001713.1.1.190.lab,76,D:\20_AUDIO\03_wav\individual\2020\SDRW2000001713\SDRW2000001713.1.1.190.wav,True
2020,SDRW2000001713,SDRW2000001713.1.1.194,no_textgrid_after_beam10_retry40,D:\20_AUDIO\03_wav\individual\2020\SDRW2000001713\SDRW2000001713.1.1.194.lab,42,D:\20_AUDIO\03_wav\individual\2020\SDRW2000001713\SDRW2000001713.1.1.194.wav,True
2020,SDRW2000001713,SDRW2000001713.1.1.196,no_textgrid_after_beam10_retry40,D:\20_AUDIO\03_wav\individual\2020\SDRW2000001713\SDRW2000001713.1.1.196.lab,41,D:\20_AUDIO\03_wav\individual\2020\SDRW2000001713\SDRW2000001713.1.1.196.wav,True
2020,SDRW2000001713,SDRW2000001713.1.1.200,no_textgrid_after_beam10_retry40,D:\20_AUDIO\03_wav\individual\2020\SDRW2000001713\SDRW2000001713.1.1.200.lab,59,D:\20_AUDIO\03_wav\individual\2020\SDRW2000001713\SDRW2000001713.1.1.200.wav,True
2020,SDRW2000001713,SDRW2000001713.1.1.204,no_textgrid_after_beam10_retry40,D:\20_AUDIO\03_wav\individual\2020\SDRW2000001713\SDRW2000001713.1.1.204.lab,44,D:\20_AUDIO\03_wav\individual\2020\SDRW2000001713\SDRW2000001713.1.1.204.wav,True
2020,SDRW2000001713,SDRW2000001713.1.1.208,no_textgrid_after_beam10_retry40,D:\20_AUDIO\03_wav\individual\2020\SDRW2000001713\SDRW2000001713.1.1.208.lab,42,D:\20_AUDIO\03_wav\individual\2020\SDRW2000001713\SDRW2000001713.1.1.208.wav,True
2020,SDRW2000001713,SDRW2000001713.1.1.212,no_textgrid_after_beam10_retry40,D:\20_AUDIO\03_wav\individual\2020\SDRW2000001713\SDRW2000001713.1.1.212.lab,56,D:\20_AUDIO\03_wav\individual\2020\SDRW2000001713\SDRW2000001713.1.1.212.wav,True
2020,SDRW2000001713,SDRW2000001713.1.1.214,no_textgrid_after_beam10_retry40,D:\20_AUDIO\03_wav\individual\2020\SDRW2000001713\SDRW2000001713.1.1.214.lab,65,D:\20_AUDIO\03_wav\individual\2020\SDRW2000001713\SDRW2000001713.1.1.214.wav,True
2020,SDRW2000001713,SDRW2000001713.1.1.219,no_textgrid_after_beam10_retry40,D:\20_AUDIO\03_wav\individual\2020\SDRW2000001713\SDRW2000001713.1.1.219.lab,59,D:\20_AUDIO\03_wav\individual\2020\SDRW2000001713\SDRW2000001713.1.1.219.wav,True
2020,SDRW2000001713,SDRW2000001713.1.1.228,no_textgrid_after_beam10_retry40,D:\20_AUDIO\03_wav\individual\2020\SDRW2000001713\SDRW2000001713.1.1.228.lab,42,D:\20_AUDIO\03_wav\individual\2020\SDRW2000001713\SDRW2000001713.1.1.228.wav,True
2020,SDRW2000001713,SDRW2000001713.1.1.233,no_textgrid_after_beam10_retry40,D:\20_AUDIO\03_wav\individual\2020\SDRW2000001713\SDRW2000001713.1.1.233.lab,29,D:\20_AUDIO\03_wav\individual\2020\SDRW2000001713\SDRW2000001713.1.1.233.wav,True
2020,SDRW2000001713,SDRW2000001713.1.1.236,no_textgrid_after_beam10_retry40,D:\20_AUDIO\03_wav\individual\2020\SDRW2000001713\SDRW2000001713.1.1.236.lab,94,D:\20_AUDIO\03_wav\individual\2020\SDRW2000001713\SDRW2000001713.1.1.236.wav,True
2020,SDRW2000001713,SDRW2000001713.1.1.239,no_textgrid_after_beam10_retry40,D:\20_AUDIO\03_wav\individual\2020\SDRW2000001713\SDRW2000001713.1.1.239.lab,52,D:\20_AUDIO\03_wav\individual\2020\SDRW2000001713\SDRW2000001713.1.1.239.wav,True
2020,SDRW2000001713,SDRW2000001713.1.1.242,no_textgrid_after_beam10_retry40,D:\20_AUDIO\03_wav\individual\2020\SDRW2000001713\SDRW2000001713.1.1.242.lab,53,D:\20_AUDIO\03_wav\individual\2020\SDRW2000001713\SDRW2000001713.1.1.242.wav,True
2020,SDRW2000001713,SDRW2000001713.1.1.246,no_textgrid_after_beam10_retry40,D:\20_AUDIO\03_wav\individual\2020\SDRW2000001713\SDRW2000001713.1.1.246.lab,40,D:\20_AUDIO\03_wav\individual\2020\SDRW2000001713\SDRW2000001713.1.1.246.wav,True
2020,SDRW2000001713,SDRW2000001713.1.1.248,no_textgrid_after_beam10_retry40,D:\20_AUDIO\03_wav\individual\2020\SDRW2000001713\SDRW2000001713.1.1.248.lab,76,D:\20_AUDIO\03_wav\individual\2020\SDRW2000001713\SDRW2000001713.1.1.248.wav,True
2020,SDRW2000001713,SDRW2000001713.1.1.250,no_textgrid_after_beam10_retry40,D:\20_AUDIO\03_wav\individual\2020\SDRW2000001713\SDRW2000001713.1.1.250.lab,51,D:\20_AUDIO\03_wav\individual\2020\SDRW2000001713\SDRW2000001713.1.1.250.wav,True
2020,SDRW2000001713,SDRW2000001713.1.1.252,no_textgrid_after_beam10_retry40,D:\20_AUDIO\03_wav\individual\2020\SDRW2000001713\SDRW2000001713.1.1.252.lab,83,D:\20_AUDIO\03_wav\individual\2020\SDRW2000001713\SDRW2000001713.1.1.252.wav,True
2020,SDRW2000001713,SDRW2000001713.1.1.255,no_textgrid_after_beam10_retry40,D:\20_AUDIO\03_wav\individual\2020\SDRW2000001713\SDRW2000001713.1.1.255.lab,65,D:\20_AUDIO\03_wav\individual\2020\SDRW2000001713\SDRW2000001713.1.1.255.wav,True
2020,SDRW2000001713,SDRW2000001713.1.1.256,no_textgrid_after_beam10_retry40,D:\20_AUDIO\03_wav\individual\2020\SDRW2000001713\SDRW2000001713.1.1.256.lab,143,D:\20_AUDIO\03_wav\individual\2020\SDRW2000001713\SDRW2000001713.1.1.256.wav,True
2020,SDRW2000001713,SDRW2000001713.1.1.83,no_textgrid_after_beam10_retry40,D:\20_AUDIO\03_wav\individual\2020\SDRW2000001713\SDRW2000001713.1.1.83.lab,54,D:\20_AUDIO\03_wav\individual\2020\SDRW2000001713\SDRW2000001713.1.1.83.wav,True
2020,SDRW2000001713,SDRW2000001713.1.1.88,no_textgrid_after_beam10_retry40,D:\20_AUDIO\03_wav\individual\2020\SDRW2000001713\SDRW2000001713.1.1.88.lab,54,D:\20_AUDIO\03_wav\individual\2020\SDRW2000001713\SDRW2000001713.1.1.88.wav,True
2020,SDRW2000001713,SDRW2000001713.1.1.91,no_textgrid_after_beam10_retry40,D:\20_AUDIO\03_wav\individual\2020\SDRW2000001713\SDRW2000001713.1.1.91.lab,32,D:\20_AUDIO\03_wav\individual\2020\SDRW2000001713\SDRW2000001713.1.1.91.wav,True
2020,SDRW2000001713,SDRW2000001713.1.1.92,no_textgrid_after_beam10_retry40,D:\20_AUDIO\03_wav\individual\2020\SDRW2000001713\SDRW2000001713.1.1.92.lab,74,D:\20_AUDIO\03_wav\individual\2020\SDRW2000001713\SDRW2000001713.1.1.92.wav,True
2020,SDRW2000001713,SDRW2000001713.1.1.98,no_textgrid_after_beam10_retry40,D:\20_AUDIO\03_wav\individual\2020\SDRW2000001713\SDRW2000001713.1.1.98.lab,49,D:\20_AUDIO\03_wav\individual\2020\SDRW2000001713\SDRW2000001713.1.1.98.wav,True
2020,SDRW2000001716,SDRW2000001716.1.1.387,no_textgrid_after_beam10_retry40,D:\20_AUDIO\03_wav\individual\2020\SDRW2000001716\SDRW2000001716.1.1.387.lab,129,D:\20_AUDIO\03_wav\individual\2020\SDRW2000001716\SDRW2000001716.1.1.387.wav,True
2020,SDRW2000001718,SDRW2000001718.1.1.126,no_textgrid_after_beam10_retry40,D:\20_AUDIO\03_wav\individual\2020\SDRW2000001718\SDRW2000001718.1.1.126.lab,38,D:\20_AUDIO\03_wav\individual\2020\SDRW2000001718\SDRW2000001718.1.1.126.wav,True
2020,SDRW2000001719,SDRW2000001719.1.1.344,no_textgrid_after_beam10_retry40,D:\20_AUDIO\03_wav\individual\2020\SDRW2000001719\SDRW2000001719.1.1.344.lab,29,D:\20_AUDIO\03_wav\individual\2020\SDRW2000001719\SDRW2000001719.1.1.344.wav,True
2020,SDRW2000001723,SDRW2000001723.1.1.72,no_textgrid_after_beam10_retry40,D:\20_AUDIO\03_wav\individual\2020\SDRW2000001723\SDRW2000001723.1.1.72.lab,76,D:\20_AUDIO\03_wav\individual\2020\SDRW2000001723\SDRW2000001723.1.1.72.wav,True
2020,SDRW2000001724,SDRW2000001724.1.1.109,no_textgrid_after_beam10_retry40,D:\20_AUDIO\03_wav\individual\2020\SDRW2000001724\SDRW2000001724.1.1.109.lab,65,D:\20_AUDIO\03_wav\individual\2020\SDRW2000001724\SDRW2000001724.1.1.109.wav,True
2020,SDRW2000001732,SDRW2000001732.1.1.29,no_textgrid_after_beam10_retry40,D:\20_AUDIO\03_wav\individual\2020\SDRW2000001732\SDRW2000001732.1.1.29.lab,26,D:\20_AUDIO\03_wav\individual\2020\SDRW2000001732\SDRW2000001732.1.1.29.wav,True
2020,SDRW2000001750,SDRW2000001750.1.1.88,no_textgrid_after_beam10_retry40,D:\20_AUDIO\03_wav\individual\2020\SDRW2000001750\SDRW2000001750.1.1.88.lab,42,D:\20_AUDIO\03_wav\individual\2020\SDRW2000001750\SDRW2000001750.1.1.88.wav,True
2020,SDRW2000001752,SDRW2000001752.1.1.327,no_textgrid_after_beam10_retry40,D:\20_AUDIO\03_wav\individual\2020\SDRW2000001752\SDRW2000001752.1.1.327.lab,61,D:\20_AUDIO\03_wav\individual\2020\SDRW2000001752\SDRW2000001752.1.1.327.wav,True
2020,SDRW2000001766,SDRW2000001766.1.1.105,no_textgrid_after_beam10_retry40,D:\20_AUDIO\03_wav\individual\2020\SDRW2000001766\SDRW2000001766.1.1.105.lab,85,D:\20_AUDIO\03_wav\individual\2020\SDRW2000001766\SDRW2000001766.1.1.105.wav,True
2020,SDRW2000001767,SDRW2000001767.1.1.156,no_textgrid_after_beam10_retry40,D:\20_AUDIO\03_wav\individual\2020\SDRW2000001767\SDRW2000001767.1.1.156.lab,54,D:\20_AUDIO\03_wav\individual\2020\SDRW2000001767\SDRW2000001767.1.1.156.wav,True
2020,SDRW2000001767,SDRW2000001767.1.1.51,no_textgrid_after_beam10_retry40,D:\20_AUDIO\03_wav\individual\2020\SDRW2000001767\SDRW2000001767.1.1.51.lab,25,D:\20_AUDIO\03_wav\individual\2020\SDRW2000001767\SDRW2000001767.1.1.51.wav,True
2020,SDRW2000001774,SDRW2000001774.1.1.392,no_textgrid_after_beam10_retry40,D:\20_AUDIO\03_wav\individual\2020\SDRW2000001774\SDRW2000001774.1.1.392.lab,25,D:\20_AUDIO\03_wav\individual\2020\SDRW2000001774\SDRW2000001774.1.1.392.wav,True
2020,SDRW2000001775,SDRW2000001775.1.1.444,no_textgrid_after_beam10_retry40,D:\20_AUDIO\03_wav\individual\2020\SDRW2000001775\SDRW2000001775.1.1.444.lab,123,D:\20_AUDIO\03_wav\individual\2020\SDRW2000001775\SDRW2000001775.1.1.444.wav,True
2020,SDRW2000001787,SDRW2000001787.1.1.51,no_textgrid_after_beam10_retry40,D:\20_AUDIO\03_wav\individual\2020\SDRW2000001787\SDRW2000001787.1.1.51.lab,128,D:\20_AUDIO\03_wav\individual\2020\SDRW2000001787\SDRW2000001787.1.1.51.wav,True
2020,SDRW2000001793,SDRW2000001793.1.1.100,no_textgrid_after_beam10_retry40,D:\20_AUDIO\03_wav\individual\2020\SDRW2000001793\SDRW2000001793.1.1.100.lab,34,D:\20_AUDIO\03_wav\individual\2020\SDRW2000001793\SDRW2000001793.1.1.100.wav,True
2020,SDRW2000001793,SDRW2000001793.1.1.113,no_textgrid_after_beam10_retry40,D:\20_AUDIO\03_wav\individual\2020\SDRW2000001793\SDRW2000001793.1.1.113.lab,52,D:\20_AUDIO\03_wav\individual\2020\SDRW2000001793\SDRW2000001793.1.1.113.wav,True
2020,SDRW2000001793,SDRW2000001793.1.1.114,no_textgrid_after_beam10_retry40,D:\20_AUDIO\03_wav\individual\2020\SDRW2000001793\SDRW2000001793.1.1.114.lab,36,D:\20_AUDIO\03_wav\individual\2020\SDRW2000001793\SDRW2000001793.1.1.114.wav,True
2020,SDRW2000001793,SDRW2000001793.1.1.125,no_textgrid_after_beam10_retry40,D:\20_AUDIO\03_wav\individual\2020\SDRW2000001793\SDRW2000001793.1.1.125.lab,52,D:\20_AUDIO\03_wav\individual\2020\SDRW2000001793\SDRW2000001793.1.1.125.wav,True
2020,SDRW2000001793,SDRW2000001793.1.1.130,no_textgrid_after_beam10_retry40,D:\20_AUDIO\03_wav\individual\2020\SDRW2000001793\SDRW2000001793.1.1.130.lab,38,D:\20_AUDIO\03_wav\individual\2020\SDRW2000001793\SDRW2000001793.1.1.130.wav,True
2020,SDRW2000001793,SDRW2000001793.1.1.136,no_textgrid_after_beam10_retry40,D:\20_AUDIO\03_wav\individual\2020\SDRW2000001793\SDRW2000001793.1.1.136.lab,47,D:\20_AUDIO\03_wav\individual\2020\SDRW2000001793\SDRW2000001793.1.1.136.wav,True
2020,SDRW2000001793,SDRW2000001793.1.1.139,no_textgrid_after_beam10_retry40,D:\20_AUDIO\03_wav\individual\2020\SDRW2000001793\SDRW2000001793.1.1.139.lab,46,D:\20_AUDIO\03_wav\individual\2020\SDRW2000001793\SDRW2000001793.1.1.139.wav,True
2020,SDRW2000001793,SDRW2000001793.1.1.142,no_textgrid_after_beam10_retry40,D:\20_AUDIO\03_wav\individual\2020\SDRW2000001793\SDRW2000001793.1.1.142.lab,64,D:\20_AUDIO\03_wav\individual\2020\SDRW2000001793\SDRW2000001793.1.1.142.wav,True
2020,SDRW2000001793,SDRW2000001793.1.1.150,no_textgrid_after_beam10_retry40,D:\20_AUDIO\03_wav\individual\2020\SDRW2000001793\SDRW2000001793.1.1.150.lab,44,D:\20_AUDIO\03_wav\individual\2020\SDRW2000001793\SDRW2000001793.1.1.150.wav,True
2020,SDRW2000001793,SDRW2000001793.1.1.154,no_textgrid_after_beam10_retry40,D:\20_AUDIO\03_wav\individual\2020\SDRW2000001793\SDRW2000001793.1.1.154.lab,45,D:\20_AUDIO\03_wav\individual\2020\SDRW2000001793\SDRW2000001793.1.1.154.wav,True
2020,SDRW2000001793,SDRW2000001793.1.1.165,no_textgrid_after_beam10_retry40,D:\20_AUDIO\03_wav\individual\2020\SDRW2000001793\SDRW2000001793.1.1.165.lab,57,D:\20_AUDIO\03_wav\individual\2020\SDRW2000001793\SDRW2000001793.1.1.165.wav,True
2020,SDRW2000001793,SDRW2000001793.1.1.172,no_textgrid_after_beam10_retry40,D:\20_AUDIO\03_wav\individual\2020\SDRW2000001793\SDRW2000001793.1.1.172.lab,47,D:\20_AUDIO\03_wav\individual\2020\SDRW2000001793\SDRW2000001793.1.1.172.wav,True
2020,SDRW2000001793,SDRW2000001793.1.1.179,no_textgrid_after_beam10_retry40,D:\20_AUDIO\03_wav\individual\2020\SDRW2000001793\SDRW2000001793.1.1.179.lab,60,D:\20_AUDIO\03_wav\individual\2020\SDRW2000001793\SDRW2000001793.1.1.179.wav,True
2020,SDRW2000001793,SDRW2000001793.1.1.182,no_textgrid_after_beam10_retry40,D:\20_AUDIO\03_wav\individual\2020\SDRW2000001793\SDRW2000001793.1.1.182.lab,30,D:\20_AUDIO\03_wav\individual\2020\SDRW2000001793\SDRW2000001793.1.1.182.wav,True
2020,SDRW2000001793,SDRW2000001793.1.1.183,no_textgrid_after_beam10_retry40,D:\20_AUDIO\03_wav\individual\2020\SDRW2000001793\SDRW2000001793.1.1.183.lab,32,D:\20_AUDIO\03_wav\individual\2020\SDRW2000001793\SDRW2000001793.1.1.183.wav,True
2020,SDRW2000001793,SDRW2000001793.1.1.192,no_textgrid_after_beam10_retry40,D:\20_AUDIO\03_wav\individual\2020\SDRW2000001793\SDRW2000001793.1.1.192.lab,62,D:\20_AUDIO\03_wav\individual\2020\SDRW2000001793\SDRW2000001793.1.1.192.wav,True
2020,SDRW2000001793,SDRW2000001793.1.1.195,no_textgrid_after_beam10_retry40,D:\20_AUDIO\03_wav\individual\2020\SDRW2000001793\SDRW2000001793.1.1.195.lab,38,D:\20_AUDIO\03_wav\individual\2020\SDRW2000001793\SDRW2000001793.1.1.195.wav,True
2020,SDRW2000001793,SDRW2000001793.1.1.196,no_textgrid_after_beam10_retry40,D:\20_AUDIO\03_wav\individual\2020\SDRW2000001793\SDRW2000001793.1.1.196.lab,52,D:\20_AUDIO\03_wav\individual\2020\SDRW2000001793\SDRW2000001793.1.1.196.wav,True
2020,SDRW2000001793,SDRW2000001793.1.1.200,no_textgrid_after_beam10_retry40,D:\20_AUDIO\03_wav\individual\2020\SDRW2000001793\SDRW2000001793.1.1.200.lab,96,D:\20_AUDIO\03_wav\individual\2020\SDRW2000001793\SDRW2000001793.1.1.200.wav,True
2020,SDRW2000001793,SDRW2000001793.1.1.218,no_textgrid_after_beam10_retry40,D:\20_AUDIO\03_wav\individual\2020\SDRW2000001793\SDRW2000001793.1.1.218.lab,48,D:\20_AUDIO\03_wav\individual\2020\SDRW2000001793\SDRW2000001793.1.1.218.wav,True
2020,SDRW2000001793,SDRW2000001793.1.1.224,no_textgrid_after_beam10_retry40,D:\20_AUDIO\03_wav\individual\2020\SDRW2000001793\SDRW2000001793.1.1.224.lab,86,D:\20_AUDIO\03_wav\individual\2020\SDRW2000001793\SDRW2000001793.1.1.224.wav,True
2020,SDRW2000001793,SDRW2000001793.1.1.260,no_textgrid_after_beam10_retry40,D:\20_AUDIO\03_wav\individual\2020\SDRW2000001793\SDRW2000001793.1.1.260.lab,69,D:\20_AUDIO\03_wav\individual\2020\SDRW2000001793\SDRW2000001793.1.1.260.wav,True
2020,SDRW2000001793,SDRW2000001793.1.1.261,no_textgrid_after_beam10_retry40,D:\20_AUDIO\03_wav\individual\2020\SDRW2000001793\SDRW2000001793.1.1.261.lab,33,D:\20_AUDIO\03_wav\individual\2020\SDRW2000001793\SDRW2000001793.1.1.261.wav,True
2020,SDRW2000001793,SDRW2000001793.1.1.273,no_textgrid_after_beam10_retry40,D:\20_AUDIO\03_wav\individual\2020\SDRW2000001793\SDRW2000001793.1.1.273.lab,82,D:\20_AUDIO\03_wav\individual\2020\SDRW2000001793\SDRW2000001793.1.1.273.wav,True
2020,SDRW2000001793,SDRW2000001793.1.1.286,no_textgrid_after_beam10_retry40,D:\20_AUDIO\03_wav\individual\2020\SDRW2000001793\SDRW2000001793.1.1.286.lab,29,D:\20_AUDIO\03_wav\individual\2020\SDRW2000001793\SDRW2000001793.1.1.286.wav,True
2020,SDRW2000001793,SDRW2000001793.1.1.292,no_textgrid_after_beam10_retry40,D:\20_AUDIO\03_wav\individual\2020\SDRW2000001793\SDRW2000001793.1.1.292.lab,27,D:\20_AUDIO\03_wav\individual\2020\SDRW2000001793\SDRW2000001793.1.1.292.wav,True
2020,SDRW2000001793,SDRW2000001793.1.1.296,no_textgrid_after_beam10_retry40,D:\20_AUDIO\03_wav\individual\2020\SDRW2000001793\SDRW2000001793.1.1.296.lab,36,D:\20_AUDIO\03_wav\individual\2020\SDRW2000001793\SDRW2000001793.1.1.296.wav,True
2020,SDRW2000001793,SDRW2000001793.1.1.299,no_textgrid_after_beam10_retry40,D:\20_AUDIO\03_wav\individual\2020\SDRW2000001793\SDRW2000001793.1.1.299.lab,119,D:\20_AUDIO\03_wav\individual\2020\SDRW2000001793\SDRW2000001793.1.1.299.wav,True
2020,SDRW2000001793,SDRW2000001793.1.1.300,no_textgrid_after_beam10_retry40,D:\20_AUDIO\03_wav\individual\2020\SDRW2000001793\SDRW2000001793.1.1.300.lab,30,D:\20_AUDIO\03_wav\individual\2020\SDRW2000001793\SDRW2000001793.1.1.300.wav,True
2020,SDRW2000001793,SDRW2000001793.1.1.301,no_textgrid_after_beam10_retry40,D:\20_AUDIO\03_wav\individual\2020\SDRW2000001793\SDRW2000001793.1.1.301.lab,58,D:\20_AUDIO\03_wav\individual\2020\SDRW2000001793\SDRW2000001793.1.1.301.wav,True
2020,SDRW2000001793,SDRW2000001793.1.1.304,no_textgrid_after_beam10_retry40,D:\20_AUDIO\03_wav\individual\2020\SDRW2000001793\SDRW2000001793.1.1.304.lab,39,D:\20_AUDIO\03_wav\individual\2020\SDRW2000001793\SDRW2000001793.1.1.304.wav,True
2020,SDRW2000001793,SDRW2000001793.1.1.305,no_textgrid_after_beam10_retry40,D:\20_AUDIO\03_wav\individual\2020\SDRW2000001793\SDRW2000001793.1.1.305.lab,55,D:\20_AUDIO\03_wav\individual\2020\SDRW2000001793\SDRW2000001793.1.1.305.wav,True
2020,SDRW2000001793,SDRW2000001793.1.1.309,no_textgrid_after_beam10_retry40,D:\20_AUDIO\03_wav\individual\2020\SDRW2000001793\SDRW2000001793.1.1.309.lab,54,D:\20_AUDIO\03_wav\individual\2020\SDRW2000001793\SDRW2000001793.1.1.309.wav,True
2020,SDRW2000001793,SDRW2000001793.1.1.311,no_textgrid_after_beam10_retry40,D:\20_AUDIO\03_wav\individual\2020\SDRW2000001793\SDRW2000001793.1.1.311.lab,59,D:\20_AUDIO\03_wav\individual\2020\SDRW2000001793\SDRW2000001793.1.1.311.wav,True
2020,SDRW2000001793,SDRW2000001793.1.1.320,no_textgrid_after_beam10_retry40,D:\20_AUDIO\03_wav\individual\2020\SDRW2000001793\SDRW2000001793.1.1.320.lab,39,D:\20_AUDIO\03_wav\individual\2020\SDRW2000001793\SDRW2000001793.1.1.320.wav,True
2020,SDRW2000001793,SDRW2000001793.1.1.325,no_textgrid_after_beam10_retry40,D:\20_AUDIO\03_wav\individual\2020\SDRW2000001793\SDRW2000001793.1.1.325.lab,26,D:\20_AUDIO\03_wav\individual\2020\SDRW2000001793\SDRW2000001793.1.1.325.wav,True
2020,SDRW2000001793,SDRW2000001793.1.1.332,no_textgrid_after_beam10_retry40,D:\20_AUDIO\03_wav\individual\2020\SDRW2000001793\SDRW2000001793.1.1.332.lab,53,D:\20_AUDIO\03_wav\individual\2020\SDRW2000001793\SDRW2000001793.1.1.332.wav,True
2020,SDRW2000001793,SDRW2000001793.1.1.334,no_textgrid_after_beam10_retry40,D:\20_AUDIO\03_wav\individual\2020\SDRW2000001793\SDRW2000001793.1.1.334.lab,50,D:\20_AUDIO\03_wav\individual\2020\SDRW2000001793\SDRW2000001793.1.1.334.wav,True
2020,SDRW2000001793,SDRW2000001793.1.1.339,no_textgrid_after_beam10_retry40,D:\20_AUDIO\03_wav\individual\2020\SDRW2000001793\SDRW2000001793.1.1.339.lab,40,D:\20_AUDIO\03_wav\individual\2020\SDRW2000001793\SDRW2000001793.1.1.339.wav,True
2020,SDRW2000001793,SDRW2000001793.1.1.34,no_textgrid_after_beam10_retry40,D:\20_AUDIO\03_wav\individual\2020\SDRW2000001793\SDRW2000001793.1.1.34.lab,50,D:\20_AUDIO\03_wav\individual\2020\SDRW2000001793\SDRW2000001793.1.1.34.wav,True
2020,SDRW2000001793,SDRW2000001793.1.1.348,no_textgrid_after_beam10_retry40,D:\20_AUDIO\03_wav\individual\2020\SDRW2000001793\SDRW2000001793.1.1.348.lab,44,D:\20_AUDIO\03_wav\individual\2020\SDRW2000001793\SDRW2000001793.1.1.348.wav,True
2020,SDRW2000001793,SDRW2000001793.1.1.351,no_textgrid_after_beam10_retry40,D:\20_AUDIO\03_wav\individual\2020\SDRW2000001793\SDRW2000001793.1.1.351.lab,69,D:\20_AUDIO\03_wav\individual\2020\SDRW2000001793\SDRW2000001793.1.1.351.wav,True
2020,SDRW2000001793,SDRW2000001793.1.1.36,no_textgrid_after_beam10_retry40,D:\20_AUDIO\03_wav\individual\2020\SDRW2000001793\SDRW2000001793.1.1.36.lab,26,D:\20_AUDIO\03_wav\individual\2020\SDRW2000001793\SDRW2000001793.1.1.36.wav,True
2020,SDRW2000001793,SDRW2000001793.1.1.364,no_textgrid_after_beam10_retry40,D:\20_AUDIO\03_wav\individual\2020\SDRW2000001793\SDRW2000001793.1.1.364.lab,61,D:\20_AUDIO\03_wav\individual\2020\SDRW2000001793\SDRW2000001793.1.1.364.wav,True
2020,SDRW2000001793,SDRW2000001793.1.1.374,no_textgrid_after_beam10_retry40,D:\20_AUDIO\03_wav\individual\2020\SDRW2000001793\SDRW2000001793.1.1.374.lab,63,D:\20_AUDIO\03_wav\individual\2020\SDRW2000001793\SDRW2000001793.1.1.374.wav,True
2020,SDRW2000001793,SDRW2000001793.1.1.376,no_textgrid_after_beam10_retry40,D:\20_AUDIO\03_wav\individual\2020\SDRW2000001793\SDRW2000001793.1.1.376.lab,62,D:\20_AUDIO\03_wav\individual\2020\SDRW2000001793\SDRW2000001793.1.1.376.wav,True
2020,SDRW2000001793,SDRW2000001793.1.1.378,no_textgrid_after_beam10_retry40,D:\20_AUDIO\03_wav\individual\2020\SDRW2000001793\SDRW2000001793.1.1.378.lab,42,D:\20_AUDIO\03_wav\individual\2020\SDRW2000001793\SDRW2000001793.1.1.378.wav,True
2020,SDRW2000001793,SDRW2000001793.1.1.384,no_textgrid_after_beam10_retry40,D:\20_AUDIO\03_wav\individual\2020\SDRW2000001793\SDRW2000001793.1.1.384.lab,78,D:\20_AUDIO\03_wav\individual\2020\SDRW2000001793\SDRW2000001793.1.1.384.wav,True
2020,SDRW2000001793,SDRW2000001793.1.1.385,no_textgrid_after_beam10_retry40,D:\20_AUDIO\03_wav\individual\2020\SDRW2000001793\SDRW2000001793.1.1.385.lab,52,D:\20_AUDIO\03_wav\individual\2020\SDRW2000001793\SDRW2000001793.1.1.385.wav,True
2020,SDRW2000001793,SDRW2000001793.1.1.389,no_textgrid_after_beam10_retry40,D:\20_AUDIO\03_wav\individual\2020\SDRW2000001793\SDRW2000001793.1.1.389.lab,34,D:\20_AUDIO\03_wav\individual\2020\SDRW2000001793\SDRW2000001793.1.1.389.wav,True
2020,SDRW2000001793,SDRW2000001793.1.1.394,no_textgrid_after_beam10_retry40,D:\20_AUDIO\03_wav\individual\2020\SDRW2000001793\SDRW2000001793.1.1.394.lab,20,D:\20_AUDIO\03_wav\individual\2020\SDRW2000001793\SDRW2000001793.1.1.394.wav,True
2020,SDRW2000001793,SDRW2000001793.1.1.400,no_textgrid_after_beam10_retry40,D:\20_AUDIO\03_wav\individual\2020\SDRW2000001793\SDRW2000001793.1.1.400.lab,26,D:\20_AUDIO\03_wav\individual\2020\SDRW2000001793\SDRW2000001793.1.1.400.wav,True
2020,SDRW2000001793,SDRW2000001793.1.1.410,no_textgrid_after_beam10_retry40,D:\20_AUDIO\03_wav\individual\2020\SDRW2000001793\SDRW2000001793.1.1.410.lab,49,D:\20_AUDIO\03_wav\individual\2020\SDRW2000001793\SDRW2000001793.1.1.410.wav,True
2020,SDRW2000001793,SDRW2000001793.1.1.417,no_textgrid_after_beam10_retry40,D:\20_AUDIO\03_wav\individual\2020\SDRW2000001793\SDRW2000001793.1.1.417.lab,62,D:\20_AUDIO\03_wav\individual\2020\SDRW2000001793\SDRW2000001793.1.1.417.wav,True
2020,SDRW2000001793,SDRW2000001793.1.1.422,no_textgrid_after_beam10_retry40,D:\20_AUDIO\03_wav\individual\2020\SDRW2000001793\SDRW2000001793.1.1.422.lab,53,D:\20_AUDIO\03_wav\individual\2020\SDRW2000001793\SDRW2000001793.1.1.422.wav,True
2020,SDRW2000001793,SDRW2000001793.1.1.424,no_textgrid_after_beam10_retry40,D:\20_AUDIO\03_wav\individual\2020\SDRW2000001793\SDRW2000001793.1.1.424.lab,32,D:\20_AUDIO\03_wav\individual\2020\SDRW2000001793\SDRW2000001793.1.1.424.wav,True
2020,SDRW2000001793,SDRW2000001793.1.1.425,no_textgrid_after_beam10_retry40,D:\20_AUDIO\03_wav\individual\2020\SDRW2000001793\SDRW2000001793.1.1.425.lab,69,D:\20_AUDIO\03_wav\individual\2020\SDRW2000001793\SDRW2000001793.1.1.425.wav,True
2020,SDRW2000001793,SDRW2000001793.1.1.431,no_textgrid_after_beam10_retry40,D:\20_AUDIO\03_wav\individual\2020\SDRW2000001793\SDRW2000001793.1.1.431.lab,37,D:\20_AUDIO\03_wav\individual\2020\SDRW2000001793\SDRW2000001793.1.1.431.wav,True
2020,SDRW2000001793,SDRW2000001793.1.1.45,no_textgrid_after_beam10_retry40,D:\20_AUDIO\03_wav\individual\2020\SDRW2000001793\SDRW2000001793.1.1.45.lab,65,D:\20_AUDIO\03_wav\individual\2020\SDRW2000001793\SDRW2000001793.1.1.45.wav,True
2020,SDRW2000001793,SDRW2000001793.1.1.46,no_textgrid_after_beam10_retry40,D:\20_AUDIO\03_wav\individual\2020\SDRW2000001793\SDRW2000001793.1.1.46.lab,34,D:\20_AUDIO\03_wav\individual\2020\SDRW2000001793\SDRW2000001793.1.1.46.wav,True
2020,SDRW2000001793,SDRW2000001793.1.1.54,no_textgrid_after_beam10_retry40,D:\20_AUDIO\03_wav\individual\2020\SDRW2000001793\SDRW2000001793.1.1.54.lab,37,D:\20_AUDIO\03_wav\individual\2020\SDRW2000001793\SDRW2000001793.1.1.54.wav,True
2020,SDRW2000001793,SDRW2000001793.1.1.67,no_textgrid_after_beam10_retry40,D:\20_AUDIO\03_wav\individual\2020\SDRW2000001793\SDRW2000001793.1.1.67.lab,28,D:\20_AUDIO\03_wav\individual\2020\SDRW2000001793\SDRW2000001793.1.1.67.wav,True
2020,SDRW2000001793,SDRW2000001793.1.1.68,no_textgrid_after_beam10_retry40,D:\20_AUDIO\03_wav\individual\2020\SDRW2000001793\SDRW2000001793.1.1.68.lab,46,D:\20_AUDIO\03_wav\individual\2020\SDRW2000001793\SDRW2000001793.1.1.68.wav,True
2020,SDRW2000001793,SDRW2000001793.1.1.81,no_textgrid_after_beam10_retry40,D:\20_AUDIO\03_wav\individual\2020\SDRW2000001793\SDRW2000001793.1.1.81.lab,31,D:\20_AUDIO\03_wav\individual\2020\SDRW2000001793\SDRW2000001793.1.1.81.wav,True
2020,SDRW2000001793,SDRW2000001793.1.1.84,no_textgrid_after_beam10_retry40,D:\20_AUDIO\03_wav\individual\2020\SDRW2000001793\SDRW2000001793.1.1.84.lab,37,D:\20_AUDIO\03_wav\individual\2020\SDRW2000001793\SDRW2000001793.1.1.84.wav,True
2020,SDRW2000001793,SDRW2000001793.1.1.89,no_textgrid_after_beam10_retry40,D:\20_AUDIO\03_wav\individual\2020\SDRW2000001793\SDRW2000001793.1.1.89.lab,33,D:\20_AUDIO\03_wav\individual\2020\SDRW2000001793\SDRW2000001793.1.1.89.wav,True
2020,SDRW2000001793,SDRW2000001793.1.1.97,no_textgrid_after_beam10_retry40,D:\20_AUDIO\03_wav\individual\2020\SDRW2000001793\SDRW2000001793.1.1.97.lab,59,D:\20_AUDIO\03_wav\individual\2020\SDRW2000001793\SDRW2000001793.1.1.97.wav,True
2020,SDRW2000001800,SDRW2000001800.1.1.319,no_textgrid_after_beam10_retry40,D:\20_AUDIO\03_wav\individual\2020\SDRW2000001800\SDRW2000001800.1.1.319.lab,46,D:\20_AUDIO\03_wav\individual\2020\SDRW2000001800\SDRW2000001800.1.1.319.wav,True
2020,SDRW2000001823,SDRW2000001823.1.1.198,no_textgrid_after_beam10_retry40,D:\20_AUDIO\03_wav\individual\2020\SDRW2000001823\SDRW2000001823.1.1.198.lab,69,D:\20_AUDIO\03_wav\individual\2020\SDRW2000001823\SDRW2000001823.1.1.198.wav,True
2020,SDRW2000001823,SDRW2000001823.1.1.316,no_textgrid_after_beam10_retry40,D:\20_AUDIO\03_wav\individual\2020\SDRW2000001823\SDRW2000001823.1.1.316.lab,58,D:\20_AUDIO\03_wav\individual\2020\SDRW2000001823\SDRW2000001823.1.1.316.wav,True
2020,SDRW2000001831,SDRW2000001831.1.1.260,no_textgrid_after_beam10_retry40,D:\20_AUDIO\03_wav\individual\2020\SDRW2000001831\SDRW2000001831.1.1.260.lab,84,D:\20_AUDIO\03_wav\individual\2020\SDRW2000001831\SDRW2000001831.1.1.260.wav,True
2020,SDRW2000001831,SDRW2000001831.1.1.318,no_textgrid_after_beam10_retry40,D:\20_AUDIO\03_wav\individual\2020\SDRW2000001831\SDRW2000001831.1.1.318.lab,46,D:\20_AUDIO\03_wav\individual\2020\SDRW2000001831\SDRW2000001831.1.1.318.wav,True
2020,SDRW2000001836,SDRW2000001836.1.1.366,no_textgrid_after_beam10_retry40,D:\20_AUDIO\03_wav\individual\2020\SDRW2000001836\SDRW2000001836.1.1.366.lab,34,D:\20_AUDIO\03_wav\individual\2020\SDRW2000001836\SDRW2000001836.1.1.366.wav,True
2020,SDRW2000001846,SDRW2000001846.1.1.283,no_textgrid_after_beam10_retry40,D:\20_AUDIO\03_wav\individual\2020\SDRW2000001846\SDRW2000001846.1.1.283.lab,54,D:\20_AUDIO\03_wav\individual\2020\SDRW2000001846\SDRW2000001846.1.1.283.wav,True
2020,SDRW2000001848,SDRW2000001848.1.1.101,no_textgrid_after_beam10_retry40,D:\20_AUDIO\03_wav\individual\2020\SDRW2000001848\SDRW2000001848.1.1.101.lab,29,D:\20_AUDIO\03_wav\individual\2020\SDRW2000001848\SDRW2000001848.1.1.101.wav,True
2020,SDRW2000001848,SDRW2000001848.1.1.103,no_textgrid_after_beam10_retry40,D:\20_AUDIO\03_wav\individual\2020\SDRW2000001848\SDRW2000001848.1.1.103.lab,71,D:\20_AUDIO\03_wav\individual\2020\SDRW2000001848\SDRW2000001848.1.1.103.wav,True
2020,SDRW2000001848,SDRW2000001848.1.1.105,no_textgrid_after_beam10_retry40,D:\20_AUDIO\03_wav\individual\2020\SDRW2000001848\SDRW2000001848.1.1.105.lab,67,D:\20_AUDIO\03_wav\individual\2020\SDRW2000001848\SDRW2000001848.1.1.105.wav,True
2020,SDRW2000001848,SDRW2000001848.1.1.107,no_textgrid_after_beam10_retry40,D:\20_AUDIO\03_wav\individual\2020\SDRW2000001848\SDRW2000001848.1.1.107.lab,31,D:\20_AUDIO\03_wav\individual\2020\SDRW2000001848\SDRW2000001848.1.1.107.wav,True
2020,SDRW2000001848,SDRW2000001848.1.1.114,no_textgrid_after_beam10_retry40,D:\20_AUDIO\03_wav\individual\2020\SDRW2000001848\SDRW2000001848.1.1.114.lab,86,D:\20_AUDIO\03_wav\individual\2020\SDRW2000001848\SDRW2000001848.1.1.114.wav,True
2020,SDRW2000001848,SDRW2000001848.1.1.116,no_textgrid_after_beam10_retry40,D:\20_AUDIO\03_wav\individual\2020\SDRW2000001848\SDRW2000001848.1.1.116.lab,43,D:\20_AUDIO\03_wav\individual\2020\SDRW2000001848\SDRW2000001848.1.1.116.wav,True
2020,SDRW2000001848,SDRW2000001848.1.1.121,no_textgrid_after_beam10_retry40,D:\20_AUDIO\03_wav\individual\2020\SDRW2000001848\SDRW2000001848.1.1.121.lab,70,D:\20_AUDIO\03_wav\individual\2020\SDRW2000001848\SDRW2000001848.1.1.121.wav,True
2020,SDRW2000001848,SDRW2000001848.1.1.122,no_textgrid_after_beam10_retry40,D:\20_AUDIO\03_wav\individual\2020\SDRW2000001848\SDRW2000001848.1.1.122.lab,35,D:\20_AUDIO\03_wav\individual\2020\SDRW2000001848\SDRW2000001848.1.1.122.wav,True
2020,SDRW2000001848,SDRW2000001848.1.1.128,no_textgrid_after_beam10_retry40,D:\20_AUDIO\03_wav\individual\2020\SDRW2000001848\SDRW2000001848.1.1.128.lab,74,D:\20_AUDIO\03_wav\individual\2020\SDRW2000001848\SDRW2000001848.1.1.128.wav,True
2020,SDRW2000001848,SDRW2000001848.1.1.133,no_textgrid_after_beam10_retry40,D:\20_AUDIO\03_wav\individual\2020\SDRW2000001848\SDRW2000001848.1.1.133.lab,39,D:\20_AUDIO\03_wav\individual\2020\SDRW2000001848\SDRW2000001848.1.1.133.wav,True
2020,SDRW2000001848,SDRW2000001848.1.1.136,no_textgrid_after_beam10_retry40,D:\20_AUDIO\03_wav\individual\2020\SDRW2000001848\SDRW2000001848.1.1.136.lab,36,D:\20_AUDIO\03_wav\individual\2020\SDRW2000001848\SDRW2000001848.1.1.136.wav,True
2020,SDRW2000001848,SDRW2000001848.1.1.140,no_textgrid_after_beam10_retry40,D:\20_AUDIO\03_wav\individual\2020\SDRW2000001848\SDRW2000001848.1.1.140.lab,50,D:\20_AUDIO\03_wav\individual\2020\SDRW2000001848\SDRW2000001848.1.1.140.wav,True
2020,SDRW2000001848,SDRW2000001848.1.1.141,no_textgrid_after_beam10_retry40,D:\20_AUDIO\03_wav\individual\2020\SDRW2000001848\SDRW2000001848.1.1.141.lab,37,D:\20_AUDIO\03_wav\individual\2020\SDRW2000001848\SDRW2000001848.1.1.141.wav,True
2020,SDRW2000001848,SDRW2000001848.1.1.147,no_textgrid_after_beam10_retry40,D:\20_AUDIO\03_wav\individual\2020\SDRW2000001848\SDRW2000001848.1.1.147.lab,48,D:\20_AUDIO\03_wav\individual\2020\SDRW2000001848\SDRW2000001848.1.1.147.wav,True
2020,SDRW2000001848,SDRW2000001848.1.1.149,no_textgrid_after_beam10_retry40,D:\20_AUDIO\03_wav\individual\2020\SDRW2000001848\SDRW2000001848.1.1.149.lab,40,D:\20_AUDIO\03_wav\individual\2020\SDRW2000001848\SDRW2000001848.1.1.149.wav,True
2020,SDRW2000001848,SDRW2000001848.1.1.152,no_textgrid_after_beam10_retry40,D:\20_AUDIO\03_wav\individual\2020\SDRW2000001848\SDRW2000001848.1.1.152.lab,30,D:\20_AUDIO\03_wav\individual\2020\SDRW2000001848\SDRW2000001848.1.1.152.wav,True
2020,SDRW2000001848,SDRW2000001848.1.1.158,no_textgrid_after_beam10_retry40,D:\20_AUDIO\03_wav\individual\2020\SDRW2000001848\SDRW2000001848.1.1.158.lab,69,D:\20_AUDIO\03_wav\individual\2020\SDRW2000001848\SDRW2000001848.1.1.158.wav,True
2020,SDRW2000001848,SDRW2000001848.1.1.162,no_textgrid_after_beam10_retry40,D:\20_AUDIO\03_wav\individual\2020\SDRW2000001848\SDRW2000001848.1.1.162.lab,37,D:\20_AUDIO\03_wav\individual\2020\SDRW2000001848\SDRW2000001848.1.1.162.wav,True
2020,SDRW2000001848,SDRW2000001848.1.1.176,no_textgrid_after_beam10_retry40,D:\20_AUDIO\03_wav\individual\2020\SDRW2000001848\SDRW2000001848.1.1.176.lab,33,D:\20_AUDIO\03_wav\individual\2020\SDRW2000001848\SDRW2000001848.1.1.176.wav,True
2020,SDRW2000001848,SDRW2000001848.1.1.357,no_textgrid_after_beam10_retry40,D:\20_AUDIO\03_wav\individual\2020\SDRW2000001848\SDRW2000001848.1.1.357.lab,54,D:\20_AUDIO\03_wav\individual\2020\SDRW2000001848\SDRW2000001848.1.1.357.wav,True
2020,SDRW2000001848,SDRW2000001848.1.1.362,no_textgrid_after_beam10_retry40,D:\20_AUDIO\03_wav\individual\2020\SDRW2000001848\SDRW2000001848.1.1.362.lab,77,D:\20_AUDIO\03_wav\individual\2020\SDRW2000001848\SDRW2000001848.1.1.362.wav,True
2020,SDRW2000001848,SDRW2000001848.1.1.364,no_textgrid_after_beam10_retry40,D:\20_AUDIO\03_wav\individual\2020\SDRW2000001848\SDRW2000001848.1.1.364.lab,27,D:\20_AUDIO\03_wav\individual\2020\SDRW2000001848\SDRW2000001848.1.1.364.wav,True
2020,SDRW2000001848,SDRW2000001848.1.1.98,no_textgrid_after_beam10_retry40,D:\20_AUDIO\03_wav\individual\2020\SDRW2000001848\SDRW2000001848.1.1.98.lab,68,D:\20_AUDIO\03_wav\individual\2020\SDRW2000001848\SDRW2000001848.1.1.98.wav,True
2020,SDRW2000001859,SDRW2000001859.1.1.105,no_textgrid_after_beam10_retry40,D:\20_AUDIO\03_wav\individual\2020\SDRW2000001859\SDRW2000001859.1.1.105.lab,56,D:\20_AUDIO\03_wav\individual\2020\SDRW2000001859\SDRW2000001859.1.1.105.wav,True
2020,SDRW2000001859,SDRW2000001859.1.1.107,no_textgrid_after_beam10_retry40,D:\20_AUDIO\03_wav\individual\2020\SDRW2000001859\SDRW2000001859.1.1.107.lab,54,D:\20_AUDIO\03_wav\individual\2020\SDRW2000001859\SDRW2000001859.1.1.107.wav,True
2020,SDRW2000001859,SDRW2000001859.1.1.109,no_textgrid_after_beam10_retry40,D:\20_AUDIO\03_wav\individual\2020\SDRW2000001859\SDRW2000001859.1.1.109.lab,62,D:\20_AUDIO\03_wav\individual\2020\SDRW2000001859\SDRW2000001859.1.1.109.wav,True
2020,SDRW2000001859,SDRW2000001859.1.1.113,no_textgrid_after_beam10_retry40,D:\20_AUDIO\03_wav\individual\2020\SDRW2000001859\SDRW2000001859.1.1.113.lab,32,D:\20_AUDIO\03_wav\individual\2020\SDRW2000001859\SDRW2000001859.1.1.113.wav,True
2020,SDRW2000001859,SDRW2000001859.1.1.115,no_textgrid_after_beam10_retry40,D:\20_AUDIO\03_wav\individual\2020\SDRW2000001859\SDRW2000001859.1.1.115.lab,29,D:\20_AUDIO\03_wav\individual\2020\SDRW2000001859\SDRW2000001859.1.1.115.wav,True
2020,SDRW2000001859,SDRW2000001859.1.1.117,no_textgrid_after_beam10_retry40,D:\20_AUDIO\03_wav\individual\2020\SDRW2000001859\SDRW2000001859.1.1.117.lab,33,D:\20_AUDIO\03_wav\individual\2020\SDRW2000001859\SDRW2000001859.1.1.117.wav,True
2020,SDRW2000001859,SDRW2000001859.1.1.124,no_textgrid_after_beam10_retry40,D:\20_AUDIO\03_wav\individual\2020\SDRW2000001859\SDRW2000001859.1.1.124.lab,42,D:\20_AUDIO\03_wav\individual\2020\SDRW2000001859\SDRW2000001859.1.1.124.wav,True
2020,SDRW2000001859,SDRW2000001859.1.1.129,no_textgrid_after_beam10_retry40,D:\20_AUDIO\03_wav\individual\2020\SDRW2000001859\SDRW2000001859.1.1.129.lab,37,D:\20_AUDIO\03_wav\individual\2020\SDRW2000001859\SDRW2000001859.1.1.129.wav,True
2020,SDRW2000001859,SDRW2000001859.1.1.132,no_textgrid_after_beam10_retry40,D:\20_AUDIO\03_wav\individual\2020\SDRW2000001859\SDRW2000001859.1.1.132.lab,32,D:\20_AUDIO\03_wav\individual\2020\SDRW2000001859\SDRW2000001859.1.1.132.wav,True
2020,SDRW2000001859,SDRW2000001859.1.1.134,no_textgrid_after_beam10_retry40,D:\20_AUDIO\03_wav\individual\2020\SDRW2000001859\SDRW2000001859.1.1.134.lab,45,D:\20_AUDIO\03_wav\individual\2020\SDRW2000001859\SDRW2000001859.1.1.134.wav,True
2020,SDRW2000001859,SDRW2000001859.1.1.139,no_textgrid_after_beam10_retry40,D:\20_AUDIO\03_wav\individual\2020\SDRW2000001859\SDRW2000001859.1.1.139.lab,42,D:\20_AUDIO\03_wav\individual\2020\SDRW2000001859\SDRW2000001859.1.1.139.wav,True
2020,SDRW2000001859,SDRW2000001859.1.1.143,no_textgrid_after_beam10_retry40,D:\20_AUDIO\03_wav\individual\2020\SDRW2000001859\SDRW2000001859.1.1.143.lab,73,D:\20_AUDIO\03_wav\individual\2020\SDRW2000001859\SDRW2000001859.1.1.143.wav,True
2020,SDRW2000001859,SDRW2000001859.1.1.145,no_textgrid_after_beam10_retry40,D:\20_AUDIO\03_wav\individual\2020\SDRW2000001859\SDRW2000001859.1.1.145.lab,72,D:\20_AUDIO\03_wav\individual\2020\SDRW2000001859\SDRW2000001859.1.1.145.wav,True
2020,SDRW2000001859,SDRW2000001859.1.1.150,no_textgrid_after_beam10_retry40,D:\20_AUDIO\03_wav\individual\2020\SDRW2000001859\SDRW2000001859.1.1.150.lab,49,D:\20_AUDIO\03_wav\individual\2020\SDRW2000001859\SDRW2000001859.1.1.150.wav,True
2020,SDRW2000001859,SDRW2000001859.1.1.151,no_textgrid_after_beam10_retry40,D:\20_AUDIO\03_wav\individual\2020\SDRW2000001859\SDRW2000001859.1.1.151.lab,32,D:\20_AUDIO\03_wav\individual\2020\SDRW2000001859\SDRW2000001859.1.1.151.wav,True
2020,SDRW2000001859,SDRW2000001859.1.1.155,no_textgrid_after_beam10_retry40,D:\20_AUDIO\03_wav\individual\2020\SDRW2000001859\SDRW2000001859.1.1.155.lab,48,D:\20_AUDIO\03_wav\individual\2020\SDRW2000001859\SDRW2000001859.1.1.155.wav,True
2020,SDRW2000001859,SDRW2000001859.1.1.161,no_textgrid_after_beam10_retry40,D:\20_AUDIO\03_wav\individual\2020\SDRW2000001859\SDRW2000001859.1.1.161.lab,39,D:\20_AUDIO\03_wav\individual\2020\SDRW2000001859\SDRW2000001859.1.1.161.wav,True
2020,SDRW2000001859,SDRW2000001859.1.1.164,no_textgrid_after_beam10_retry40,D:\20_AUDIO\03_wav\individual\2020\SDRW2000001859\SDRW2000001859.1.1.164.lab,50,D:\20_AUDIO\03_wav\individual\2020\SDRW2000001859\SDRW2000001859.1.1.164.wav,True
2020,SDRW2000001859,SDRW2000001859.1.1.167,no_textgrid_after_beam10_retry40,D:\20_AUDIO\03_wav\individual\2020\SDRW2000001859\SDRW2000001859.1.1.167.lab,35,D:\20_AUDIO\03_wav\individual\2020\SDRW2000001859\SDRW2000001859.1.1.167.wav,True
2020,SDRW2000001859,SDRW2000001859.1.1.176,no_textgrid_after_beam10_retry40,D:\20_AUDIO\03_wav\individual\2020\SDRW2000001859\SDRW2000001859.1.1.176.lab,77,D:\20_AUDIO\03_wav\individual\2020\SDRW2000001859\SDRW2000001859.1.1.176.wav,True
2020,SDRW2000001859,SDRW2000001859.1.1.177,no_textgrid_after_beam10_retry40,D:\20_AUDIO\03_wav\individual\2020\SDRW2000001859\SDRW2000001859.1.1.177.lab,36,D:\20_AUDIO\03_wav\individual\2020\SDRW2000001859\SDRW2000001859.1.1.177.wav,True
2020,SDRW2000001859,SDRW2000001859.1.1.181,no_textgrid_after_beam10_retry40,D:\20_AUDIO\03_wav\individual\2020\SDRW2000001859\SDRW2000001859.1.1.181.lab,56,D:\20_AUDIO\03_wav\individual\2020\SDRW2000001859\SDRW2000001859.1.1.181.wav,True
2020,SDRW2000001859,SDRW2000001859.1.1.183,no_textgrid_after_beam10_retry40,D:\20_AUDIO\03_wav\individual\2020\SDRW2000001859\SDRW2000001859.1.1.183.lab,82,D:\20_AUDIO\03_wav\individual\2020\SDRW2000001859\SDRW2000001859.1.1.183.wav,True
2020,SDRW2000001859,SDRW2000001859.1.1.192,no_textgrid_after_beam10_retry40,D:\20_AUDIO\03_wav\individual\2020\SDRW2000001859\SDRW2000001859.1.1.192.lab,102,D:\20_AUDIO\03_wav\individual\2020\SDRW2000001859\SDRW2000001859.1.1.192.wav,True
2020,SDRW2000001859,SDRW2000001859.1.1.367,no_textgrid_after_beam10_retry40,D:\20_AUDIO\03_wav\individual\2020\SDRW2000001859\SDRW2000001859.1.1.367.lab,29,D:\20_AUDIO\03_wav\individual\2020\SDRW2000001859\SDRW2000001859.1.1.367.wav,True
2020,SDRW2000001967,SDRW2000001967.1.1.106,no_textgrid_after_beam10_retry40,D:\20_AUDIO\03_wav\individual\2020\SDRW2000001967\SDRW2000001967.1.1.106.lab,42,D:\20_AUDIO\03_wav\individual\2020\SDRW2000001967\SDRW2000001967.1.1.106.wav,True
2020,SDRW2000001967,SDRW2000001967.1.1.399,no_textgrid_after_beam10_retry40,D:\20_AUDIO\03_wav\individual\2020\SDRW2000001967\SDRW2000001967.1.1.399.lab,49,D:\20_AUDIO\03_wav\individual\2020\SDRW2000001967\SDRW2000001967.1.1.399.wav,True
2020,SDRW2000001987,SDRW2000001987.1.1.205,no_textgrid_after_beam10_retry40,D:\20_AUDIO\03_wav\individual\2020\SDRW2000001987\SDRW2000001987.1.1.205.lab,69,D:\20_AUDIO\03_wav\individual\2020\SDRW2000001987\SDRW2000001987.1.1.205.wav,True
2020,SDRW2000001988,SDRW2000001988.1.1.162,no_textgrid_after_beam10_retry40,D:\20_AUDIO\03_wav\individual\2020\SDRW2000001988\SDRW2000001988.1.1.162.lab,19,D:\20_AUDIO\03_wav\individual\2020\SDRW2000001988\SDRW2000001988.1.1.162.wav,True
2020,SDRW2000001988,SDRW2000001988.1.1.202,no_textgrid_after_beam10_retry40,D:\20_AUDIO\03_wav\individual\2020\SDRW2000001988\SDRW2000001988.1.1.202.lab,22,D:\20_AUDIO\03_wav\individual\2020\SDRW2000001988\SDRW2000001988.1.1.202.wav,True
2020,SDRW2000001988,SDRW2000001988.1.1.228,no_textgrid_after_beam10_retry40,D:\20_AUDIO\03_wav\individual\2020\SDRW2000001988\SDRW2000001988.1.1.228.lab,41,D:\20_AUDIO\03_wav\individual\2020\SDRW2000001988\SDRW2000001988.1.1.228.wav,True
2020,SDRW2000001988,SDRW2000001988.1.1.297,no_textgrid_after_beam10_retry40,D:\20_AUDIO\03_wav\individual\2020\SDRW2000001988\SDRW2000001988.1.1.297.lab,22,D:\20_AUDIO\03_wav\individual\2020\SDRW2000001988\SDRW2000001988.1.1.297.wav,True
2020,SDRW2000001990,SDRW2000001990.1.1.365,no_textgrid_after_beam10_retry40,D:\20_AUDIO\03_wav\individual\2020\SDRW2000001990\SDRW2000001990.1.1.365.lab,43,D:\20_AUDIO\03_wav\individual\2020\SDRW2000001990\SDRW2000001990.1.1.365.wav,True
2020,SDRW2000002008,SDRW2000002008.1.1.400,no_textgrid_after_beam10_retry40,D:\20_AUDIO\03_wav\individual\2020\SDRW2000002008\SDRW2000002008.1.1.400.lab,63,D:\20_AUDIO\03_wav\individual\2020\SDRW2000002008\SDRW2000002008.1.1.400.wav,True
2020,SDRW2000002017,SDRW2000002017.1.1.248,no_textgrid_after_beam10_retry40,D:\20_AUDIO\03_wav\individual\2020\SDRW2000002017\SDRW2000002017.1.1.248.lab,95,D:\20_AUDIO\03_wav\individual\2020\SDRW2000002017\SDRW2000002017.1.1.248.wav,True
2020,SDRW2000002072,SDRW2000002072.1.1.339,no_textgrid_after_beam10_retry40,D:\20_AUDIO\03_wav\individual\2020\SDRW2000002072\SDRW2000002072.1.1.339.lab,40,D:\20_AUDIO\03_wav\individual\2020\SDRW2000002072\SDRW2000002072.1.1.339.wav,True
2020,SDRW2000002092,SDRW2000002092.1.1.158,no_textgrid_after_beam10_retry40,D:\20_AUDIO\03_wav\individual\2020\SDRW2000002092\SDRW2000002092.1.1.158.lab,58,D:\20_AUDIO\03_wav\individual\2020\SDRW2000002092\SDRW2000002092.1.1.158.wav,True
2020,SDRW2000002099,SDRW2000002099.1.1.105,no_textgrid_after_beam10_retry40,D:\20_AUDIO\03_wav\individual\2020\SDRW2000002099\SDRW2000002099.1.1.105.lab,33,D:\20_AUDIO\03_wav\individual\2020\SDRW2000002099\SDRW2000002099.1.1.105.wav,True
2020,SDRW2000002118,SDRW2000002118.1.1.113,no_textgrid_after_beam10_retry40,D:\20_AUDIO\03_wav\individual\2020\SDRW2000002118\SDRW2000002118.1.1.113.lab,58,D:\20_AUDIO\03_wav\individual\2020\SDRW2000002118\SDRW2000002118.1.1.113.wav,True
2020,SDRW2000002164,SDRW2000002164.1.1.112,no_textgrid_after_beam10_retry40,D:\20_AUDIO\03_wav\individual\2020\SDRW2000002164\SDRW2000002164.1.1.112.lab,48,D:\20_AUDIO\03_wav\individual\2020\SDRW2000002164\SDRW2000002164.1.1.112.wav,True
2020,SDRW2000002164,SDRW2000002164.1.1.123,no_textgrid_after_beam10_retry40,D:\20_AUDIO\03_wav\individual\2020\SDRW2000002164\SDRW2000002164.1.1.123.lab,46,D:\20_AUDIO\03_wav\individual\2020\SDRW2000002164\SDRW2000002164.1.1.123.wav,True
2020,SDRW2000002164,SDRW2000002164.1.1.160,no_textgrid_after_beam10_retry40,D:\20_AUDIO\03_wav\individual\2020\SDRW2000002164\SDRW2000002164.1.1.160.lab,26,D:\20_AUDIO\03_wav\individual\2020\SDRW2000002164\SDRW2000002164.1.1.160.wav,True
2020,SDRW2000002164,SDRW2000002164.1.1.208,no_textgrid_after_beam10_retry40,D:\20_AUDIO\03_wav\individual\2020\SDRW2000002164\SDRW2000002164.1.1.208.lab,47,D:\20_AUDIO\03_wav\individual\2020\SDRW2000002164\SDRW2000002164.1.1.208.wav,True
2020,SDRW2000002164,SDRW2000002164.1.1.213,no_textgrid_after_beam10_retry40,D:\20_AUDIO\03_wav\individual\2020\SDRW2000002164\SDRW2000002164.1.1.213.lab,58,D:\20_AUDIO\03_wav\individual\2020\SDRW2000002164\SDRW2000002164.1.1.213.wav,True
2020,SDRW2000002164,SDRW2000002164.1.1.23,no_textgrid_after_beam10_retry40,D:\20_AUDIO\03_wav\individual\2020\SDRW2000002164\SDRW2000002164.1.1.23.lab,35,D:\20_AUDIO\03_wav\individual\2020\SDRW2000002164\SDRW2000002164.1.1.23.wav,True
2020,SDRW2000002164,SDRW2000002164.1.1.275,no_textgrid_after_beam10_retry40,D:\20_AUDIO\03_wav\individual\2020\SDRW2000002164\SDRW2000002164.1.1.275.lab,36,D:\20_AUDIO\03_wav\individual\2020\SDRW2000002164\SDRW2000002164.1.1.275.wav,True
2020,SDRW2000002164,SDRW2000002164.1.1.276,no_textgrid_after_beam10_retry40,D:\20_AUDIO\03_wav\individual\2020\SDRW2000002164\SDRW2000002164.1.1.276.lab,44,D:\20_AUDIO\03_wav\individual\2020\SDRW2000002164\SDRW2000002164.1.1.276.wav,True
2020,SDRW2000002164,SDRW2000002164.1.1.321,no_textgrid_after_beam10_retry40,D:\20_AUDIO\03_wav\individual\2020\SDRW2000002164\SDRW2000002164.1.1.321.lab,96,D:\20_AUDIO\03_wav\individual\2020\SDRW2000002164\SDRW2000002164.1.1.321.wav,True
2020,SDRW2000002164,SDRW2000002164.1.1.383,no_textgrid_after_beam10_retry40,D:\20_AUDIO\03_wav\individual\2020\SDRW2000002164\SDRW2000002164.1.1.383.lab,66,D:\20_AUDIO\03_wav\individual\2020\SDRW2000002164\SDRW2000002164.1.1.383.wav,True
2020,SDRW2000002164,SDRW2000002164.1.1.397,no_textgrid_after_beam10_retry40,D:\20_AUDIO\03_wav\individual\2020\SDRW2000002164\SDRW2000002164.1.1.397.lab,78,D:\20_AUDIO\03_wav\individual\2020\SDRW2000002164\SDRW2000002164.1.1.397.wav,True
2020,SDRW2000002164,SDRW2000002164.1.1.422,no_textgrid_after_beam10_retry40,D:\20_AUDIO\03_wav\individual\2020\SDRW2000002164\SDRW2000002164.1.1.422.lab,31,D:\20_AUDIO\03_wav\individual\2020\SDRW2000002164\SDRW2000002164.1.1.422.wav,True
2020,SDRW2000002164,SDRW2000002164.1.1.430,no_textgrid_after_beam10_retry40,D:\20_AUDIO\03_wav\individual\2020\SDRW2000002164\SDRW2000002164.1.1.430.lab,42,D:\20_AUDIO\03_wav\individual\2020\SDRW2000002164\SDRW2000002164.1.1.430.wav,True
2020,SDRW2000002164,SDRW2000002164.1.1.58,no_textgrid_after_beam10_retry40,D:\20_AUDIO\03_wav\individual\2020\SDRW2000002164\SDRW2000002164.1.1.58.lab,36,D:\20_AUDIO\03_wav\individual\2020\SDRW2000002164\SDRW2000002164.1.1.58.wav,True
2020,SDRW2000002165,SDRW2000002165.1.1.105,no_textgrid_after_beam10_retry40,D:\20_AUDIO\03_wav\individual\2020\SDRW2000002165\SDRW2000002165.1.1.105.lab,33,D:\20_AUDIO\03_wav\individual\2020\SDRW2000002165\SDRW2000002165.1.1.105.wav,True
2020,SDRW2000002165,SDRW2000002165.1.1.106,no_textgrid_after_beam10_retry40,D:\20_AUDIO\03_wav\individual\2020\SDRW2000002165\SDRW2000002165.1.1.106.lab,59,D:\20_AUDIO\03_wav\individual\2020\SDRW2000002165\SDRW2000002165.1.1.106.wav,True
2020,SDRW2000002165,SDRW2000002165.1.1.126,no_textgrid_after_beam10_retry40,D:\20_AUDIO\03_wav\individual\2020\SDRW2000002165\SDRW2000002165.1.1.126.lab,22,D:\20_AUDIO\03_wav\individual\2020\SDRW2000002165\SDRW2000002165.1.1.126.wav,True
2020,SDRW2000002165,SDRW2000002165.1.1.138,no_textgrid_after_beam10_retry40,D:\20_AUDIO\03_wav\individual\2020\SDRW2000002165\SDRW2000002165.1.1.138.lab,40,D:\20_AUDIO\03_wav\individual\2020\SDRW2000002165\SDRW2000002165.1.1.138.wav,True
2020,SDRW2000002165,SDRW2000002165.1.1.145,no_textgrid_after_beam10_retry40,D:\20_AUDIO\03_wav\individual\2020\SDRW2000002165\SDRW2000002165.1.1.145.lab,44,D:\20_AUDIO\03_wav\individual\2020\SDRW2000002165\SDRW2000002165.1.1.145.wav,True
2020,SDRW2000002165,SDRW2000002165.1.1.163,no_textgrid_after_beam10_retry40,D:\20_AUDIO\03_wav\individual\2020\SDRW2000002165\SDRW2000002165.1.1.163.lab,62,D:\20_AUDIO\03_wav\individual\2020\SDRW2000002165\SDRW2000002165.1.1.163.wav,True
2020,SDRW2000002165,SDRW2000002165.1.1.203,no_textgrid_after_beam10_retry40,D:\20_AUDIO\03_wav\individual\2020\SDRW2000002165\SDRW2000002165.1.1.203.lab,29,D:\20_AUDIO\03_wav\individual\2020\SDRW2000002165\SDRW2000002165.1.1.203.wav,True
2020,SDRW2000002165,SDRW2000002165.1.1.209,no_textgrid_after_beam10_retry40,D:\20_AUDIO\03_wav\individual\2020\SDRW2000002165\SDRW2000002165.1.1.209.lab,29,D:\20_AUDIO\03_wav\individual\2020\SDRW2000002165\SDRW2000002165.1.1.209.wav,True
2020,SDRW2000002165,SDRW2000002165.1.1.212,no_textgrid_after_beam10_retry40,D:\20_AUDIO\03_wav\individual\2020\SDRW2000002165\SDRW2000002165.1.1.212.lab,39,D:\20_AUDIO\03_wav\individual\2020\SDRW2000002165\SDRW2000002165.1.1.212.wav,True
2020,SDRW2000002165,SDRW2000002165.1.1.219,no_textgrid_after_beam10_retry40,D:\20_AUDIO\03_wav\individual\2020\SDRW2000002165\SDRW2000002165.1.1.219.lab,58,D:\20_AUDIO\03_wav\individual\2020\SDRW2000002165\SDRW2000002165.1.1.219.wav,True
2020,SDRW2000002165,SDRW2000002165.1.1.222,no_textgrid_after_beam10_retry40,D:\20_AUDIO\03_wav\individual\2020\SDRW2000002165\SDRW2000002165.1.1.222.lab,53,D:\20_AUDIO\03_wav\individual\2020\SDRW2000002165\SDRW2000002165.1.1.222.wav,True
2020,SDRW2000002165,SDRW2000002165.1.1.231,no_textgrid_after_beam10_retry40,D:\20_AUDIO\03_wav\individual\2020\SDRW2000002165\SDRW2000002165.1.1.231.lab,70,D:\20_AUDIO\03_wav\individual\2020\SDRW2000002165\SDRW2000002165.1.1.231.wav,True
2020,SDRW2000002165,SDRW2000002165.1.1.232,no_textgrid_after_beam10_retry40,D:\20_AUDIO\03_wav\individual\2020\SDRW2000002165\SDRW2000002165.1.1.232.lab,142,D:\20_AUDIO\03_wav\individual\2020\SDRW2000002165\SDRW2000002165.1.1.232.wav,True
2020,SDRW2000002165,SDRW2000002165.1.1.239,no_textgrid_after_beam10_retry40,D:\20_AUDIO\03_wav\individual\2020\SDRW2000002165\SDRW2000002165.1.1.239.lab,82,D:\20_AUDIO\03_wav\individual\2020\SDRW2000002165\SDRW2000002165.1.1.239.wav,True
2020,SDRW2000002165,SDRW2000002165.1.1.240,no_textgrid_after_beam10_retry40,D:\20_AUDIO\03_wav\individual\2020\SDRW2000002165\SDRW2000002165.1.1.240.lab,99,D:\20_AUDIO\03_wav\individual\2020\SDRW2000002165\SDRW2000002165.1.1.240.wav,True
2020,SDRW2000002165,SDRW2000002165.1.1.264,no_textgrid_after_beam10_retry40,D:\20_AUDIO\03_wav\individual\2020\SDRW2000002165\SDRW2000002165.1.1.264.lab,73,D:\20_AUDIO\03_wav\individual\2020\SDRW2000002165\SDRW2000002165.1.1.264.wav,True
2020,SDRW2000002165,SDRW2000002165.1.1.301,no_textgrid_after_beam10_retry40,D:\20_AUDIO\03_wav\individual\2020\SDRW2000002165\SDRW2000002165.1.1.301.lab,43,D:\20_AUDIO\03_wav\individual\2020\SDRW2000002165\SDRW2000002165.1.1.301.wav,True
2020,SDRW2000002165,SDRW2000002165.1.1.302,no_textgrid_after_beam10_retry40,D:\20_AUDIO\03_wav\individual\2020\SDRW2000002165\SDRW2000002165.1.1.302.lab,59,D:\20_AUDIO\03_wav\individual\2020\SDRW2000002165\SDRW2000002165.1.1.302.wav,True
2020,SDRW2000002165,SDRW2000002165.1.1.305,no_textgrid_after_beam10_retry40,D:\20_AUDIO\03_wav\individual\2020\SDRW2000002165\SDRW2000002165.1.1.305.lab,45,D:\20_AUDIO\03_wav\individual\2020\SDRW2000002165\SDRW2000002165.1.1.305.wav,True
2020,SDRW2000002165,SDRW2000002165.1.1.316,no_textgrid_after_beam10_retry40,D:\20_AUDIO\03_wav\individual\2020\SDRW2000002165\SDRW2000002165.1.1.316.lab,71,D:\20_AUDIO\03_wav\individual\2020\SDRW2000002165\SDRW2000002165.1.1.316.wav,True
2020,SDRW2000002165,SDRW2000002165.1.1.322,no_textgrid_after_beam10_retry40,D:\20_AUDIO\03_wav\individual\2020\SDRW2000002165\SDRW2000002165.1.1.322.lab,61,D:\20_AUDIO\03_wav\individual\2020\SDRW2000002165\SDRW2000002165.1.1.322.wav,True
2020,SDRW2000002165,SDRW2000002165.1.1.325,no_textgrid_after_beam10_retry40,D:\20_AUDIO\03_wav\individual\2020\SDRW2000002165\SDRW2000002165.1.1.325.lab,40,D:\20_AUDIO\03_wav\individual\2020\SDRW2000002165\SDRW2000002165.1.1.325.wav,True
2020,SDRW2000002165,SDRW2000002165.1.1.351,no_textgrid_after_beam10_retry40,D:\20_AUDIO\03_wav\individual\2020\SDRW2000002165\SDRW2000002165.1.1.351.lab,52,D:\20_AUDIO\03_wav\individual\2020\SDRW2000002165\SDRW2000002165.1.1.351.wav,True
2020,SDRW2000002165,SDRW2000002165.1.1.375,no_textgrid_after_beam10_retry40,D:\20_AUDIO\03_wav\individual\2020\SDRW2000002165\SDRW2000002165.1.1.375.lab,54,D:\20_AUDIO\03_wav\individual\2020\SDRW2000002165\SDRW2000002165.1.1.375.wav,True
2020,SDRW2000002165,SDRW2000002165.1.1.388,no_textgrid_after_beam10_retry40,D:\20_AUDIO\03_wav\individual\2020\SDRW2000002165\SDRW2000002165.1.1.388.lab,108,D:\20_AUDIO\03_wav\individual\2020\SDRW2000002165\SDRW2000002165.1.1.388.wav,True
2020,SDRW2000002165,SDRW2000002165.1.1.414,no_textgrid_after_beam10_retry40,D:\20_AUDIO\03_wav\individual\2020\SDRW2000002165\SDRW2000002165.1.1.414.lab,66,D:\20_AUDIO\03_wav\individual\2020\SDRW2000002165\SDRW2000002165.1.1.414.wav,True
2020,SDRW2000002165,SDRW2000002165.1.1.86,no_textgrid_after_beam10_retry40,D:\20_AUDIO\03_wav\individual\2020\SDRW2000002165\SDRW2000002165.1.1.86.lab,46,D:\20_AUDIO\03_wav\individual\2020\SDRW2000002165\SDRW2000002165.1.1.86.wav,True
2020,SDRW2000002167,SDRW2000002167.1.1.304,no_textgrid_after_beam10_retry40,D:\20_AUDIO\03_wav\individual\2020\SDRW2000002167\SDRW2000002167.1.1.304.lab,33,D:\20_AUDIO\03_wav\individual\2020\SDRW2000002167\SDRW2000002167.1.1.304.wav,True
2020,SDRW2000002171,SDRW2000002171.1.1.324,no_textgrid_after_beam10_retry40,D:\20_AUDIO\03_wav\individual\2020\SDRW2000002171\SDRW2000002171.1.1.324.lab,136,D:\20_AUDIO\03_wav\individual\2020\SDRW2000002171\SDRW2000002171.1.1.324.wav,True
2020,SDRW2000002180,SDRW2000002180.1.1.167,no_textgrid_after_beam10_retry40,D:\20_AUDIO\03_wav\individual\2020\SDRW2000002180\SDRW2000002180.1.1.167.lab,53,D:\20_AUDIO\03_wav\individual\2020\SDRW2000002180\SDRW2000002180.1.1.167.wav,True
2020,SDRW2000002183,SDRW2000002183.1.1.200,no_textgrid_after_beam10_retry40,D:\20_AUDIO\03_wav\individual\2020\SDRW2000002183\SDRW2000002183.1.1.200.lab,79,D:\20_AUDIO\03_wav\individual\2020\SDRW2000002183\SDRW2000002183.1.1.200.wav,True
2020,SDRW2000002183,SDRW2000002183.1.1.295,no_textgrid_after_beam10_retry40,D:\20_AUDIO\03_wav\individual\2020\SDRW2000002183\SDRW2000002183.1.1.295.lab,62,D:\20_AUDIO\03_wav\individual\2020\SDRW2000002183\SDRW2000002183.1.1.295.wav,True
2020,SDRW2000002185,SDRW2000002185.1.1.262,no_textgrid_after_beam10_retry40,D:\20_AUDIO\03_wav\individual\2020\SDRW2000002185\SDRW2000002185.1.1.262.lab,61,D:\20_AUDIO\03_wav\individual\2020\SDRW2000002185\SDRW2000002185.1.1.262.wav,True
2020,SDRW2000002187,SDRW2000002187.1.1.4,no_textgrid_after_beam10_retry40,D:\20_AUDIO\03_wav\individual\2020\SDRW2000002187\SDRW2000002187.1.1.4.lab,56,D:\20_AUDIO\03_wav\individual\2020\SDRW2000002187\SDRW2000002187.1.1.4.wav,True
2020,SDRW2000002187,SDRW2000002187.1.1.7,no_textgrid_after_beam10_retry40,D:\20_AUDIO\03_wav\individual\2020\SDRW2000002187\SDRW2000002187.1.1.7.lab,45,D:\20_AUDIO\03_wav\individual\2020\SDRW2000002187\SDRW2000002187.1.1.7.wav,True
2020,SDRW2000002192,SDRW2000002192.1.1.428,no_textgrid_after_beam10_retry40,D:\20_AUDIO\03_wav\individual\2020\SDRW2000002192\SDRW2000002192.1.1.428.lab,30,D:\20_AUDIO\03_wav\individual\2020\SDRW2000002192\SDRW2000002192.1.1.428.wav,True
2020,SDRW2000002193,SDRW2000002193.1.1.317,no_textgrid_after_beam10_retry40,D:\20_AUDIO\03_wav\individual\2020\SDRW2000002193\SDRW2000002193.1.1.317.lab,53,D:\20_AUDIO\03_wav\individual\2020\SDRW2000002193\SDRW2000002193.1.1.317.wav,True
2020,SDRW2000002210,SDRW2000002210.1.1.157,no_textgrid_after_beam10_retry40,D:\20_AUDIO\03_wav\individual\2020\SDRW2000002210\SDRW2000002210.1.1.157.lab,53,D:\20_AUDIO\03_wav\individual\2020\SDRW2000002210\SDRW2000002210.1.1.157.wav,True
2020,SDRW2000002210,SDRW2000002210.1.1.227,no_textgrid_after_beam10_retry40,D:\20_AUDIO\03_wav\individual\2020\SDRW2000002210\SDRW2000002210.1.1.227.lab,29,D:\20_AUDIO\03_wav\individual\2020\SDRW2000002210\SDRW2000002210.1.1.227.wav,True
2020,SDRW2000002210,SDRW2000002210.1.1.24,no_textgrid_after_beam10_retry40,D:\20_AUDIO\03_wav\individual\2020\SDRW2000002210\SDRW2000002210.1.1.24.lab,53,D:\20_AUDIO\03_wav\individual\2020\SDRW2000002210\SDRW2000002210.1.1.24.wav,True
2020,SDRW2000002210,SDRW2000002210.1.1.4,no_textgrid_after_beam10_retry40,D:\20_AUDIO\03_wav\individual\2020\SDRW2000002210\SDRW2000002210.1.1.4.lab,45,D:\20_AUDIO\03_wav\individual\2020\SDRW2000002210\SDRW2000002210.1.1.4.wav,True
2020,SDRW2000002210,SDRW2000002210.1.1.462,no_textgrid_after_beam10_retry40,D:\20_AUDIO\03_wav\individual\2020\SDRW2000002210\SDRW2000002210.1.1.462.lab,44,D:\20_AUDIO\03_wav\individual\2020\SDRW2000002210\SDRW2000002210.1.1.462.wav,True
2020,SDRW2000002210,SDRW2000002210.1.1.75,no_textgrid_after_beam10_retry40,D:\20_AUDIO\03_wav\individual\2020\SDRW2000002210\SDRW2000002210.1.1.75.lab,56,D:\20_AUDIO\03_wav\individual\2020\SDRW2000002210\SDRW2000002210.1.1.75.wav,True
2020,SDRW2000002218,SDRW2000002218.1.1.102,no_textgrid_after_beam10_retry40,D:\20_AUDIO\03_wav\individual\2020\SDRW2000002218\SDRW2000002218.1.1.102.lab,31,D:\20_AUDIO\03_wav\individual\2020\SDRW2000002218\SDRW2000002218.1.1.102.wav,True
2020,SDRW2000002218,SDRW2000002218.1.1.103,no_textgrid_after_beam10_retry40,D:\20_AUDIO\03_wav\individual\2020\SDRW2000002218\SDRW2000002218.1.1.103.lab,57,D:\20_AUDIO\03_wav\individual\2020\SDRW2000002218\SDRW2000002218.1.1.103.wav,True
2020,SDRW2000002218,SDRW2000002218.1.1.108,no_textgrid_after_beam10_retry40,D:\20_AUDIO\03_wav\individual\2020\SDRW2000002218\SDRW2000002218.1.1.108.lab,33,D:\20_AUDIO\03_wav\individual\2020\SDRW2000002218\SDRW2000002218.1.1.108.wav,True
2020,SDRW2000002218,SDRW2000002218.1.1.110,no_textgrid_after_beam10_retry40,D:\20_AUDIO\03_wav\individual\2020\SDRW2000002218\SDRW2000002218.1.1.110.lab,43,D:\20_AUDIO\03_wav\individual\2020\SDRW2000002218\SDRW2000002218.1.1.110.wav,True
2020,SDRW2000002218,SDRW2000002218.1.1.118,no_textgrid_after_beam10_retry40,D:\20_AUDIO\03_wav\individual\2020\SDRW2000002218\SDRW2000002218.1.1.118.lab,65,D:\20_AUDIO\03_wav\individual\2020\SDRW2000002218\SDRW2000002218.1.1.118.wav,True
2020,SDRW2000002218,SDRW2000002218.1.1.124,no_textgrid_after_beam10_retry40,D:\20_AUDIO\03_wav\individual\2020\SDRW2000002218\SDRW2000002218.1.1.124.lab,31,D:\20_AUDIO\03_wav\individual\2020\SDRW2000002218\SDRW2000002218.1.1.124.wav,True
2020,SDRW2000002218,SDRW2000002218.1.1.131,no_textgrid_after_beam10_retry40,D:\20_AUDIO\03_wav\individual\2020\SDRW2000002218\SDRW2000002218.1.1.131.lab,44,D:\20_AUDIO\03_wav\individual\2020\SDRW2000002218\SDRW2000002218.1.1.131.wav,True
2020,SDRW2000002218,SDRW2000002218.1.1.252,no_textgrid_after_beam10_retry40,D:\20_AUDIO\03_wav\individual\2020\SDRW2000002218\SDRW2000002218.1.1.252.lab,33,D:\20_AUDIO\03_wav\individual\2020\SDRW2000002218\SDRW2000002218.1.1.252.wav,True
2020,SDRW2000002218,SDRW2000002218.1.1.263,no_textgrid_after_beam10_retry40,D:\20_AUDIO\03_wav\individual\2020\SDRW2000002218\SDRW2000002218.1.1.263.lab,33,D:\20_AUDIO\03_wav\individual\2020\SDRW2000002218\SDRW2000002218.1.1.263.wav,True
2020,SDRW2000002218,SDRW2000002218.1.1.270,no_textgrid_after_beam10_retry40,D:\20_AUDIO\03_wav\individual\2020\SDRW2000002218\SDRW2000002218.1.1.270.lab,38,D:\20_AUDIO\03_wav\individual\2020\SDRW2000002218\SDRW2000002218.1.1.270.wav,True
2020,SDRW2000002218,SDRW2000002218.1.1.393,no_textgrid_after_beam10_retry40,D:\20_AUDIO\03_wav\individual\2020\SDRW2000002218\SDRW2000002218.1.1.393.lab,36,D:\20_AUDIO\03_wav\individual\2020\SDRW2000002218\SDRW2000002218.1.1.393.wav,True
2020,SDRW2000002218,SDRW2000002218.1.1.398,no_textgrid_after_beam10_retry40,D:\20_AUDIO\03_wav\individual\2020\SDRW2000002218\SDRW2000002218.1.1.398.lab,40,D:\20_AUDIO\03_wav\individual\2020\SDRW2000002218\SDRW2000002218.1.1.398.wav,True
2020,SDRW2000002218,SDRW2000002218.1.1.400,no_textgrid_after_beam10_retry40,D:\20_AUDIO\03_wav\individual\2020\SDRW2000002218\SDRW2000002218.1.1.400.lab,54,D:\20_AUDIO\03_wav\individual\2020\SDRW2000002218\SDRW2000002218.1.1.400.wav,True
2020,SDRW2000002218,SDRW2000002218.1.1.407,no_textgrid_after_beam10_retry40,D:\20_AUDIO\03_wav\individual\2020\SDRW2000002218\SDRW2000002218.1.1.407.lab,47,D:\20_AUDIO\03_wav\individual\2020\SDRW2000002218\SDRW2000002218.1.1.407.wav,True
2020,SDRW2000002218,SDRW2000002218.1.1.410,no_textgrid_after_beam10_retry40,D:\20_AUDIO\03_wav\individual\2020\SDRW2000002218\SDRW2000002218.1.1.410.lab,39,D:\20_AUDIO\03_wav\individual\2020\SDRW2000002218\SDRW2000002218.1.1.410.wav,True
2020,SDRW2000002218,SDRW2000002218.1.1.420,no_textgrid_after_beam10_retry40,D:\20_AUDIO\03_wav\individual\2020\SDRW2000002218\SDRW2000002218.1.1.420.lab,45,D:\20_AUDIO\03_wav\individual\2020\SDRW2000002218\SDRW2000002218.1.1.420.wav,True
2020,SDRW2000002218,SDRW2000002218.1.1.423,no_textgrid_after_beam10_retry40,D:\20_AUDIO\03_wav\individual\2020\SDRW2000002218\SDRW2000002218.1.1.423.lab,58,D:\20_AUDIO\03_wav\individual\2020\SDRW2000002218\SDRW2000002218.1.1.423.wav,True
2020,SDRW2000002218,SDRW2000002218.1.1.431,no_textgrid_after_beam10_retry40,D:\20_AUDIO\03_wav\individual\2020\SDRW2000002218\SDRW2000002218.1.1.431.lab,23,D:\20_AUDIO\03_wav\individual\2020\SDRW2000002218\SDRW2000002218.1.1.431.wav,True
2020,SDRW2000002218,SDRW2000002218.1.1.433,no_textgrid_after_beam10_retry40,D:\20_AUDIO\03_wav\individual\2020\SDRW2000002218\SDRW2000002218.1.1.433.lab,19,D:\20_AUDIO\03_wav\individual\2020\SDRW2000002218\SDRW2000002218.1.1.433.wav,True
2020,SDRW2000002218,SDRW2000002218.1.1.436,no_textgrid_after_beam10_retry40,D:\20_AUDIO\03_wav\individual\2020\SDRW2000002218\SDRW2000002218.1.1.436.lab,30,D:\20_AUDIO\03_wav\individual\2020\SDRW2000002218\SDRW2000002218.1.1.436.wav,True
2020,SDRW2000002218,SDRW2000002218.1.1.439,no_textgrid_after_beam10_retry40,D:\20_AUDIO\03_wav\individual\2020\SDRW2000002218\SDRW2000002218.1.1.439.lab,43,D:\20_AUDIO\03_wav\individual\2020\SDRW2000002218\SDRW2000002218.1.1.439.wav,True
2020,SDRW2000002218,SDRW2000002218.1.1.442,no_textgrid_after_beam10_retry40,D:\20_AUDIO\03_wav\individual\2020\SDRW2000002218\SDRW2000002218.1.1.442.lab,43,D:\20_AUDIO\03_wav\individual\2020\SDRW2000002218\SDRW2000002218.1.1.442.wav,True
2020,SDRW2000002218,SDRW2000002218.1.1.445,no_textgrid_after_beam10_retry40,D:\20_AUDIO\03_wav\individual\2020\SDRW2000002218\SDRW2000002218.1.1.445.lab,33,D:\20_AUDIO\03_wav\individual\2020\SDRW2000002218\SDRW2000002218.1.1.445.wav,True
2020,SDRW2000002218,SDRW2000002218.1.1.447,no_textgrid_after_beam10_retry40,D:\20_AUDIO\03_wav\individual\2020\SDRW2000002218\SDRW2000002218.1.1.447.lab,19,D:\20_AUDIO\03_wav\individual\2020\SDRW2000002218\SDRW2000002218.1.1.447.wav,True
2020,SDRW2000002218,SDRW2000002218.1.1.452,no_textgrid_after_beam10_retry40,D:\20_AUDIO\03_wav\individual\2020\SDRW2000002218\SDRW2000002218.1.1.452.lab,69,D:\20_AUDIO\03_wav\individual\2020\SDRW2000002218\SDRW2000002218.1.1.452.wav,True
2020,SDRW2000002218,SDRW2000002218.1.1.65,no_textgrid_after_beam10_retry40,D:\20_AUDIO\03_wav\individual\2020\SDRW2000002218\SDRW2000002218.1.1.65.lab,47,D:\20_AUDIO\03_wav\individual\2020\SDRW2000002218\SDRW2000002218.1.1.65.wav,True
2020,SDRW2000002218,SDRW2000002218.1.1.66,no_textgrid_after_beam10_retry40,D:\20_AUDIO\03_wav\individual\2020\SDRW2000002218\SDRW2000002218.1.1.66.lab,34,D:\20_AUDIO\03_wav\individual\2020\SDRW2000002218\SDRW2000002218.1.1.66.wav,True
2020,SDRW2000002218,SDRW2000002218.1.1.69,no_textgrid_after_beam10_retry40,D:\20_AUDIO\03_wav\individual\2020\SDRW2000002218\SDRW2000002218.1.1.69.lab,39,D:\20_AUDIO\03_wav\individual\2020\SDRW2000002218\SDRW2000002218.1.1.69.wav,True
2020,SDRW2000002218,SDRW2000002218.1.1.72,no_textgrid_after_beam10_retry40,D:\20_AUDIO\03_wav\individual\2020\SDRW2000002218\SDRW2000002218.1.1.72.lab,27,D:\20_AUDIO\03_wav\individual\2020\SDRW2000002218\SDRW2000002218.1.1.72.wav,True
2020,SDRW2000002218,SDRW2000002218.1.1.74,no_textgrid_after_beam10_retry40,D:\20_AUDIO\03_wav\individual\2020\SDRW2000002218\SDRW2000002218.1.1.74.lab,39,D:\20_AUDIO\03_wav\individual\2020\SDRW2000002218\SDRW2000002218.1.1.74.wav,True
2020,SDRW2000002218,SDRW2000002218.1.1.77,no_textgrid_after_beam10_retry40,D:\20_AUDIO\03_wav\individual\2020\SDRW2000002218\SDRW2000002218.1.1.77.lab,49,D:\20_AUDIO\03_wav\individual\2020\SDRW2000002218\SDRW2000002218.1.1.77.wav,True
2020,SDRW2000002218,SDRW2000002218.1.1.86,no_textgrid_after_beam10_retry40,D:\20_AUDIO\03_wav\individual\2020\SDRW2000002218\SDRW2000002218.1.1.86.lab,32,D:\20_AUDIO\03_wav\individual\2020\SDRW2000002218\SDRW2000002218.1.1.86.wav,True
2020,SDRW2000002218,SDRW2000002218.1.1.88,no_textgrid_after_beam10_retry40,D:\20_AUDIO\03_wav\individual\2020\SDRW2000002218\SDRW2000002218.1.1.88.lab,51,D:\20_AUDIO\03_wav\individual\2020\SDRW2000002218\SDRW2000002218.1.1.88.wav,True
2020,SDRW2000002218,SDRW2000002218.1.1.90,no_textgrid_after_beam10_retry40,D:\20_AUDIO\03_wav\individual\2020\SDRW2000002218\SDRW2000002218.1.1.90.lab,40,D:\20_AUDIO\03_wav\individual\2020\SDRW2000002218\SDRW2000002218.1.1.90.wav,True
2020,SDRW2000002218,SDRW2000002218.1.1.95,no_textgrid_after_beam10_retry40,D:\20_AUDIO\03_wav\individual\2020\SDRW2000002218\SDRW2000002218.1.1.95.lab,23,D:\20_AUDIO\03_wav\individual\2020\SDRW2000002218\SDRW2000002218.1.1.95.wav,True
2020,SDRW2000002218,SDRW2000002218.1.1.99,no_textgrid_after_beam10_retry40,D:\20_AUDIO\03_wav\individual\2020\SDRW2000002218\SDRW2000002218.1.1.99.lab,23,D:\20_AUDIO\03_wav\individual\2020\SDRW2000002218\SDRW2000002218.1.1.99.wav,True
