year,input_contract_id,utt_id,reason_code,exclusion_scope,evidence_path,decision,notes
2020,7b52204cdb2119b057e5d961ecd75ab33858a3f5a1323d5018d9649e24f53840,SDRW2000000020.1.1.356,empty_reference_unresolved_symbol,alignment_and_analysis,D:\mfa_eojeol\logs\lab_build_2020_7b52204cdb21_unresolved_symbols.csv,approved,empty_reference_form; unresolved_symbol; no_LAB_generated
2020,7b52204cdb2119b057e5d961ecd75ab33858a3f5a1323d5018d9649e24f53840,SDRW2000000027.1.1.339,audio_pairing_unresolved,alignment_and_analysis,C:\Users\ari30\research\2026_summer_research\outputs\reports\PLAN_2020_wav_duration_recovery_20260801.csv,approved,target_unresolved
2020,7b52204cdb2119b057e5d961ecd75ab33858a3f5a1323d5018d9649e24f53840,SDRW2000000031.1.1.148,empty_reference_unresolved_symbol,alignment_and_analysis,D:\mfa_eojeol\logs\lab_build_2020_7b52204cdb21_unresolved_symbols.csv,approved,empty_reference_form; unresolved_symbol; no_LAB_generated
2020,7b52204cdb2119b057e5d961ecd75ab33858a3f5a1323d5018d9649e24f53840,SDRW2000000038.1.1.23,audio_pairing_unresolved,alignment_and_analysis,C:\Users\ari30\research\2026_summer_research\outputs\reports\PLAN_2020_wav_duration_recovery_20260801.csv,approved,target_unresolved
2020,7b52204cdb2119b057e5d961ecd75ab33858a3f5a1323d5018d9649e24f53840,SDRW2000000045.1.1.220,audio_pairing_unresolved,alignment_and_analysis,C:\Users\ari30\research\2026_summer_research\outputs\reports\PLAN_2020_wav_duration_recovery_20260801.csv,approved,target_unresolved
2020,7b52204cdb2119b057e5d961ecd75ab33858a3f5a1323d5018d9649e24f53840,SDRW2000000064.1.1.359,audio_pairing_unresolved,alignment_and_analysis,C:\Users\ari30\research\2026_summer_research\outputs\reports\PLAN_2020_wav_duration_recovery_20260801.csv,approved,target_unresolved
2020,7b52204cdb2119b057e5d961ecd75ab33858a3f5a1323d5018d9649e24f53840,SDRW2000000071.1.1.24,audio_pairing_unresolved,alignment_and_analysis,C:\Users\ari30\research\2026_summer_research\outputs\reports\PLAN_2020_wav_duration_recovery_20260801.csv,approved,target_unresolved
2020,7b52204cdb2119b057e5d961ecd75ab33858a3f5a1323d5018d9649e24f53840,SDRW2000000094.1.1.186,audio_pairing_unresolved,alignment_and_analysis,C:\Users\ari30\research\2026_summer_research\outputs\reports\PLAN_2020_wav_duration_recovery_20260801.csv,approved,target_unresolved
2020,7b52204cdb2119b057e5d961ecd75ab33858a3f5a1323d5018d9649e24f53840,SDRW2000000101.1.1.1,empty_reference_unresolved_symbol,alignment_and_analysis,D:\mfa_eojeol\logs\lab_build_2020_7b52204cdb21_unresolved_symbols.csv,approved,empty_reference_form; unresolved_symbol; no_LAB_generated
2020,7b52204cdb2119b057e5d961ecd75ab33858a3f5a1323d5018d9649e24f53840,SDRW2000000101.1.1.373,audio_pairing_unresolved,alignment_and_analysis,C:\Users\ari30\research\2026_summer_research\outputs\reports\PLAN_2020_wav_duration_recovery_20260801.csv,approved,target_unresolved
2020,7b52204cdb2119b057e5d961ecd75ab33858a3f5a1323d5018d9649e24f53840,SDRW2000000108.1.1.11,audio_pairing_unresolved,alignment_and_analysis,C:\Users\ari30\research\2026_summer_research\outputs\reports\PLAN_2020_wav_duration_recovery_20260801.csv,approved,target_unresolved
2020,7b52204cdb2119b057e5d961ecd75ab33858a3f5a1323d5018d9649e24f53840,SDRW2000000108.1.1.12,audio_pairing_unresolved,alignment_and_analysis,C:\Users\ari30\research\2026_summer_research\outputs\reports\PLAN_2020_wav_duration_recovery_20260801.csv,approved,target_unresolved
2020,7b52204cdb2119b057e5d961ecd75ab33858a3f5a1323d5018d9649e24f53840,SDRW2000000108.1.1.244,audio_pairing_unresolved,alignment_and_analysis,C:\Users\ari30\research\2026_summer_research\outputs\reports\PLAN_2020_wav_duration_recovery_20260801.csv,approved,target_unresolved
2020,7b52204cdb2119b057e5d961ecd75ab33858a3f5a1323d5018d9649e24f53840,SDRW2000000113.1.1.178,audio_pairing_unresolved,alignment_and_analysis,C:\Users\ari30\research\2026_summer_research\outputs\reports\PLAN_2020_wav_duration_recovery_20260801.csv,approved,target_unresolved
2020,7b52204cdb2119b057e5d961ecd75ab33858a3f5a1323d5018d9649e24f53840,SDRW2000000113.1.1.69,audio_pairing_unresolved,alignment_and_analysis,C:\Users\ari30\research\2026_summer_research\outputs\reports\PLAN_2020_wav_duration_recovery_20260801.csv,approved,target_unresolved
2020,7b52204cdb2119b057e5d961ecd75ab33858a3f5a1323d5018d9649e24f53840,SDRW2000000144.1.1.114,empty_reference_unresolved_symbol,alignment_and_analysis,D:\mfa_eojeol\logs\lab_build_2020_7b52204cdb21_unresolved_symbols.csv,approved,empty_reference_form; unresolved_symbol; no_LAB_generated
2020,7b52204cdb2119b057e5d961ecd75ab33858a3f5a1323d5018d9649e24f53840,SDRW2000000159.1.1.102,audio_pairing_unresolved,alignment_and_analysis,C:\Users\ari30\research\2026_summer_research\outputs\reports\PLAN_2020_wav_duration_recovery_20260801.csv,approved,target_unresolved
2020,7b52204cdb2119b057e5d961ecd75ab33858a3f5a1323d5018d9649e24f53840,SDRW2000000159.1.1.118,audio_pairing_unresolved,alignment_and_analysis,C:\Users\ari30\research\2026_summer_research\outputs\reports\PLAN_2020_wav_duration_recovery_20260801.csv,approved,target_unresolved
2020,7b52204cdb2119b057e5d961ecd75ab33858a3f5a1323d5018d9649e24f53840,SDRW2000000159.1.1.119,audio_pairing_unresolved,alignment_and_analysis,C:\Users\ari30\research\2026_summer_research\outputs\reports\PLAN_2020_wav_duration_recovery_20260801.csv,approved,target_unresolved
2020,7b52204cdb2119b057e5d961ecd75ab33858a3f5a1323d5018d9649e24f53840,SDRW2000000159.1.1.142,audio_pairing_unresolved,alignment_and_analysis,C:\Users\ari30\research\2026_summer_research\outputs\reports\PLAN_2020_wav_duration_recovery_20260801.csv,approved,target_unresolved
2020,7b52204cdb2119b057e5d961ecd75ab33858a3f5a1323d5018d9649e24f53840,SDRW2000000159.1.1.143,audio_pairing_unresolved,alignment_and_analysis,C:\Users\ari30\research\2026_summer_research\outputs\reports\PLAN_2020_wav_duration_recovery_20260801.csv,approved,target_unresolved
2020,7b52204cdb2119b057e5d961ecd75ab33858a3f5a1323d5018d9649e24f53840,SDRW2000000159.1.1.162,audio_pairing_unresolved,alignment_and_analysis,C:\Users\ari30\research\2026_summer_research\outputs\reports\PLAN_2020_wav_duration_recovery_20260801.csv,approved,target_unresolved
2020,7b52204cdb2119b057e5d961ecd75ab33858a3f5a1323d5018d9649e24f53840,SDRW2000000159.1.1.163,audio_pairing_unresolved,alignment_and_analysis,C:\Users\ari30\research\2026_summer_research\outputs\reports\PLAN_2020_wav_duration_recovery_20260801.csv,approved,target_unresolved
2020,7b52204cdb2119b057e5d961ecd75ab33858a3f5a1323d5018d9649e24f53840,SDRW2000000159.1.1.164,audio_pairing_unresolved,alignment_and_analysis,C:\Users\ari30\research\2026_summer_research\outputs\reports\PLAN_2020_wav_duration_recovery_20260801.csv,approved,target_unresolved
2020,7b52204cdb2119b057e5d961ecd75ab33858a3f5a1323d5018d9649e24f53840,SDRW2000000159.1.1.165,audio_pairing_unresolved,alignment_and_analysis,C:\Users\ari30\research\2026_summer_research\outputs\reports\PLAN_2020_wav_duration_recovery_20260801.csv,approved,target_unresolved
2020,7b52204cdb2119b057e5d961ecd75ab33858a3f5a1323d5018d9649e24f53840,SDRW2000000159.1.1.218,audio_pairing_unresolved,alignment_and_analysis,C:\Users\ari30\research\2026_summer_research\outputs\reports\PLAN_2020_wav_duration_recovery_20260801.csv,approved,target_unresolved
2020,7b52204cdb2119b057e5d961ecd75ab33858a3f5a1323d5018d9649e24f53840,SDRW2000000159.1.1.25,audio_pairing_unresolved,alignment_and_analysis,C:\Users\ari30\research\2026_summer_research\outputs\reports\PLAN_2020_wav_duration_recovery_20260801.csv,approved,target_unresolved
2020,7b52204cdb2119b057e5d961ecd75ab33858a3f5a1323d5018d9649e24f53840,SDRW2000000159.1.1.253,audio_pairing_unresolved,alignment_and_analysis,C:\Users\ari30\research\2026_summer_research\outputs\reports\PLAN_2020_wav_duration_recovery_20260801.csv,approved,target_unresolved
2020,7b52204cdb2119b057e5d961ecd75ab33858a3f5a1323d5018d9649e24f53840,SDRW2000000159.1.1.26,audio_pairing_unresolved,alignment_and_analysis,C:\Users\ari30\research\2026_summer_research\outputs\reports\PLAN_2020_wav_duration_recovery_20260801.csv,approved,target_unresolved
2020,7b52204cdb2119b057e5d961ecd75ab33858a3f5a1323d5018d9649e24f53840,SDRW2000000159.1.1.415,audio_pairing_unresolved,alignment_and_analysis,C:\Users\ari30\research\2026_summer_research\outputs\reports\PLAN_2020_wav_duration_recovery_20260801.csv,approved,target_unresolved
2020,7b52204cdb2119b057e5d961ecd75ab33858a3f5a1323d5018d9649e24f53840,SDRW2000000176.1.1.1,audio_pairing_unresolved,alignment_and_analysis,C:\Users\ari30\research\2026_summer_research\outputs\reports\PLAN_2020_wav_duration_recovery_20260801.csv,approved,target_unresolved
2020,7b52204cdb2119b057e5d961ecd75ab33858a3f5a1323d5018d9649e24f53840,SDRW2000000176.1.1.10,audio_pairing_unresolved,alignment_and_analysis,C:\Users\ari30\research\2026_summer_research\outputs\reports\PLAN_2020_wav_duration_recovery_20260801.csv,approved,target_unresolved
2020,7b52204cdb2119b057e5d961ecd75ab33858a3f5a1323d5018d9649e24f53840,SDRW2000000176.1.1.100,audio_pairing_unresolved,alignment_and_analysis,C:\Users\ari30\research\2026_summer_research\outputs\reports\PLAN_2020_wav_duration_recovery_20260801.csv,approved,target_unresolved
2020,7b52204cdb2119b057e5d961ecd75ab33858a3f5a1323d5018d9649e24f53840,SDRW2000000176.1.1.101,audio_pairing_unresolved,alignment_and_analysis,C:\Users\ari30\research\2026_summer_research\outputs\reports\PLAN_2020_wav_duration_recovery_20260801.csv,approved,target_unresolved
2020,7b52204cdb2119b057e5d961ecd75ab33858a3f5a1323d5018d9649e24f53840,SDRW2000000176.1.1.102,audio_pairing_unresolved,alignment_and_analysis,C:\Users\ari30\research\2026_summer_research\outputs\reports\PLAN_2020_wav_duration_recovery_20260801.csv,approved,target_unresolved
2020,7b52204cdb2119b057e5d961ecd75ab33858a3f5a1323d5018d9649e24f53840,SDRW2000000176.1.1.103,audio_pairing_unresolved,alignment_and_analysis,C:\Users\ari30\research\2026_summer_research\outputs\reports\PLAN_2020_wav_duration_recovery_20260801.csv,approved,target_unresolved
2020,7b52204cdb2119b057e5d961ecd75ab33858a3f5a1323d5018d9649e24f53840,SDRW2000000176.1.1.104,audio_pairing_unresolved,alignment_and_analysis,C:\Users\ari30\research\2026_summer_research\outputs\reports\PLAN_2020_wav_duration_recovery_20260801.csv,approved,target_unresolved
2020,7b52204cdb2119b057e5d961ecd75ab33858a3f5a1323d5018d9649e24f53840,SDRW2000000176.1.1.105,audio_pairing_unresolved,alignment_and_analysis,C:\Users\ari30\research\2026_summer_research\outputs\reports\PLAN_2020_wav_duration_recovery_20260801.csv,approved,target_unresolved
2020,7b52204cdb2119b057e5d961ecd75ab33858a3f5a1323d5018d9649e24f53840,SDRW2000000176.1.1.106,audio_pairing_unresolved,alignment_and_analysis,C:\Users\ari30\research\2026_summer_research\outputs\reports\PLAN_2020_wav_duration_recovery_20260801.csv,approved,target_unresolved
2020,7b52204cdb2119b057e5d961ecd75ab33858a3f5a1323d5018d9649e24f53840,SDRW2000000176.1.1.107,audio_pairing_unresolved,alignment_and_analysis,C:\Users\ari30\research\2026_summer_research\outputs\reports\PLAN_2020_wav_duration_recovery_20260801.csv,approved,target_unresolved
2020,7b52204cdb2119b057e5d961ecd75ab33858a3f5a1323d5018d9649e24f53840,SDRW2000000176.1.1.108,audio_pairing_unresolved,alignment_and_analysis,C:\Users\ari30\research\2026_summer_research\outputs\reports\PLAN_2020_wav_duration_recovery_20260801.csv,approved,target_unresolved
2020,7b52204cdb2119b057e5d961ecd75ab33858a3f5a1323d5018d9649e24f53840,SDRW2000000176.1.1.109,audio_pairing_unresolved,alignment_and_analysis,C:\Users\ari30\research\2026_summer_research\outputs\reports\PLAN_2020_wav_duration_recovery_20260801.csv,approved,target_unresolved
2020,7b52204cdb2119b057e5d961ecd75ab33858a3f5a1323d5018d9649e24f53840,SDRW2000000176.1.1.11,audio_pairing_unresolved,alignment_and_analysis,C:\Users\ari30\research\2026_summer_research\outputs\reports\PLAN_2020_wav_duration_recovery_20260801.csv,approved,target_unresolved
2020,7b52204cdb2119b057e5d961ecd75ab33858a3f5a1323d5018d9649e24f53840,SDRW2000000176.1.1.110,audio_pairing_unresolved,alignment_and_analysis,C:\Users\ari30\research\2026_summer_research\outputs\reports\PLAN_2020_wav_duration_recovery_20260801.csv,approved,target_unresolved
2020,7b52204cdb2119b057e5d961ecd75ab33858a3f5a1323d5018d9649e24f53840,SDRW2000000176.1.1.111,audio_pairing_unresolved,alignment_and_analysis,C:\Users\ari30\research\2026_summer_research\outputs\reports\PLAN_2020_wav_duration_recovery_20260801.csv,approved,target_unresolved
2020,7b52204cdb2119b057e5d961ecd75ab33858a3f5a1323d5018d9649e24f53840,SDRW2000000176.1.1.112,audio_pairing_unresolved,alignment_and_analysis,C:\Users\ari30\research\2026_summer_research\outputs\reports\PLAN_2020_wav_duration_recovery_20260801.csv,approved,target_unresolved
2020,7b52204cdb2119b057e5d961ecd75ab33858a3f5a1323d5018d9649e24f53840,SDRW2000000176.1.1.113,audio_pairing_unresolved,alignment_and_analysis,C:\Users\ari30\research\2026_summer_research\outputs\reports\PLAN_2020_wav_duration_recovery_20260801.csv,approved,target_unresolved
2020,7b52204cdb2119b057e5d961ecd75ab33858a3f5a1323d5018d9649e24f53840,SDRW2000000176.1.1.114,audio_pairing_unresolved,alignment_and_analysis,C:\Users\ari30\research\2026_summer_research\outputs\reports\PLAN_2020_wav_duration_recovery_20260801.csv,approved,target_unresolved
2020,7b52204cdb2119b057e5d961ecd75ab33858a3f5a1323d5018d9649e24f53840,SDRW2000000176.1.1.115,audio_pairing_unresolved,alignment_and_analysis,C:\Users\ari30\research\2026_summer_research\outputs\reports\PLAN_2020_wav_duration_recovery_20260801.csv,approved,target_unresolved
2020,7b52204cdb2119b057e5d961ecd75ab33858a3f5a1323d5018d9649e24f53840,SDRW2000000176.1.1.116,audio_pairing_unresolved,alignment_and_analysis,C:\Users\ari30\research\2026_summer_research\outputs\reports\PLAN_2020_wav_duration_recovery_20260801.csv,approved,target_unresolved
2020,7b52204cdb2119b057e5d961ecd75ab33858a3f5a1323d5018d9649e24f53840,SDRW2000000176.1.1.117,audio_pairing_unresolved,alignment_and_analysis,C:\Users\ari30\research\2026_summer_research\outputs\reports\PLAN_2020_wav_duration_recovery_20260801.csv,approved,target_unresolved
2020,7b52204cdb2119b057e5d961ecd75ab33858a3f5a1323d5018d9649e24f53840,SDRW2000000176.1.1.118,audio_pairing_unresolved,alignment_and_analysis,C:\Users\ari30\research\2026_summer_research\outputs\reports\PLAN_2020_wav_duration_recovery_20260801.csv,approved,target_unresolved
2020,7b52204cdb2119b057e5d961ecd75ab33858a3f5a1323d5018d9649e24f53840,SDRW2000000176.1.1.119,audio_pairing_unresolved,alignment_and_analysis,C:\Users\ari30\research\2026_summer_research\outputs\reports\PLAN_2020_wav_duration_recovery_20260801.csv,approved,target_unresolved
2020,7b52204cdb2119b057e5d961ecd75ab33858a3f5a1323d5018d9649e24f53840,SDRW2000000176.1.1.12,audio_pairing_unresolved,alignment_and_analysis,C:\Users\ari30\research\2026_summer_research\outputs\reports\PLAN_2020_wav_duration_recovery_20260801.csv,approved,target_unresolved
2020,7b52204cdb2119b057e5d961ecd75ab33858a3f5a1323d5018d9649e24f53840,SDRW2000000176.1.1.120,audio_pairing_unresolved,alignment_and_analysis,C:\Users\ari30\research\2026_summer_research\outputs\reports\PLAN_2020_wav_duration_recovery_20260801.csv,approved,target_unresolved
2020,7b52204cdb2119b057e5d961ecd75ab33858a3f5a1323d5018d9649e24f53840,SDRW2000000176.1.1.121,audio_pairing_unresolved,alignment_and_analysis,C:\Users\ari30\research\2026_summer_research\outputs\reports\PLAN_2020_wav_duration_recovery_20260801.csv,approved,target_unresolved
2020,7b52204cdb2119b057e5d961ecd75ab33858a3f5a1323d5018d9649e24f53840,SDRW2000000176.1.1.122,audio_pairing_unresolved,alignment_and_analysis,C:\Users\ari30\research\2026_summer_research\outputs\reports\PLAN_2020_wav_duration_recovery_20260801.csv,approved,target_unresolved
2020,7b52204cdb2119b057e5d961ecd75ab33858a3f5a1323d5018d9649e24f53840,SDRW2000000176.1.1.123,audio_pairing_unresolved,alignment_and_analysis,C:\Users\ari30\research\2026_summer_research\outputs\reports\PLAN_2020_wav_duration_recovery_20260801.csv,approved,target_unresolved
2020,7b52204cdb2119b057e5d961ecd75ab33858a3f5a1323d5018d9649e24f53840,SDRW2000000176.1.1.124,audio_pairing_unresolved,alignment_and_analysis,C:\Users\ari30\research\2026_summer_research\outputs\reports\PLAN_2020_wav_duration_recovery_20260801.csv,approved,target_unresolved
2020,7b52204cdb2119b057e5d961ecd75ab33858a3f5a1323d5018d9649e24f53840,SDRW2000000176.1.1.125,audio_pairing_unresolved,alignment_and_analysis,C:\Users\ari30\research\2026_summer_research\outputs\reports\PLAN_2020_wav_duration_recovery_20260801.csv,approved,target_unresolved
2020,7b52204cdb2119b057e5d961ecd75ab33858a3f5a1323d5018d9649e24f53840,SDRW2000000176.1.1.126,audio_pairing_unresolved,alignment_and_analysis,C:\Users\ari30\research\2026_summer_research\outputs\reports\PLAN_2020_wav_duration_recovery_20260801.csv,approved,target_unresolved
2020,7b52204cdb2119b057e5d961ecd75ab33858a3f5a1323d5018d9649e24f53840,SDRW2000000176.1.1.127,audio_pairing_unresolved,alignment_and_analysis,C:\Users\ari30\research\2026_summer_research\outputs\reports\PLAN_2020_wav_duration_recovery_20260801.csv,approved,target_unresolved
2020,7b52204cdb2119b057e5d961ecd75ab33858a3f5a1323d5018d9649e24f53840,SDRW2000000176.1.1.128,audio_pairing_unresolved,alignment_and_analysis,C:\Users\ari30\research\2026_summer_research\outputs\reports\PLAN_2020_wav_duration_recovery_20260801.csv,approved,target_unresolved
2020,7b52204cdb2119b057e5d961ecd75ab33858a3f5a1323d5018d9649e24f53840,SDRW2000000176.1.1.129,audio_pairing_unresolved,alignment_and_analysis,C:\Users\ari30\research\2026_summer_research\outputs\reports\PLAN_2020_wav_duration_recovery_20260801.csv,approved,target_unresolved
2020,7b52204cdb2119b057e5d961ecd75ab33858a3f5a1323d5018d9649e24f53840,SDRW2000000176.1.1.13,audio_pairing_unresolved,alignment_and_analysis,C:\Users\ari30\research\2026_summer_research\outputs\reports\PLAN_2020_wav_duration_recovery_20260801.csv,approved,target_unresolved
2020,7b52204cdb2119b057e5d961ecd75ab33858a3f5a1323d5018d9649e24f53840,SDRW2000000176.1.1.130,audio_pairing_unresolved,alignment_and_analysis,C:\Users\ari30\research\2026_summer_research\outputs\reports\PLAN_2020_wav_duration_recovery_20260801.csv,approved,target_unresolved
2020,7b52204cdb2119b057e5d961ecd75ab33858a3f5a1323d5018d9649e24f53840,SDRW2000000176.1.1.131,audio_pairing_unresolved,alignment_and_analysis,C:\Users\ari30\research\2026_summer_research\outputs\reports\PLAN_2020_wav_duration_recovery_20260801.csv,approved,target_unresolved
2020,7b52204cdb2119b057e5d961ecd75ab33858a3f5a1323d5018d9649e24f53840,SDRW2000000176.1.1.132,audio_pairing_unresolved,alignment_and_analysis,C:\Users\ari30\research\2026_summer_research\outputs\reports\PLAN_2020_wav_duration_recovery_20260801.csv,approved,target_unresolved
2020,7b52204cdb2119b057e5d961ecd75ab33858a3f5a1323d5018d9649e24f53840,SDRW2000000176.1.1.133,audio_pairing_unresolved,alignment_and_analysis,C:\Users\ari30\research\2026_summer_research\outputs\reports\PLAN_2020_wav_duration_recovery_20260801.csv,approved,target_unresolved
2020,7b52204cdb2119b057e5d961ecd75ab33858a3f5a1323d5018d9649e24f53840,SDRW2000000176.1.1.134,audio_pairing_unresolved,alignment_and_analysis,C:\Users\ari30\research\2026_summer_research\outputs\reports\PLAN_2020_wav_duration_recovery_20260801.csv,approved,target_unresolved
2020,7b52204cdb2119b057e5d961ecd75ab33858a3f5a1323d5018d9649e24f53840,SDRW2000000176.1.1.135,audio_pairing_unresolved,alignment_and_analysis,C:\Users\ari30\research\2026_summer_research\outputs\reports\PLAN_2020_wav_duration_recovery_20260801.csv,approved,target_unresolved
2020,7b52204cdb2119b057e5d961ecd75ab33858a3f5a1323d5018d9649e24f53840,SDRW2000000176.1.1.136,audio_pairing_unresolved,alignment_and_analysis,C:\Users\ari30\research\2026_summer_research\outputs\reports\PLAN_2020_wav_duration_recovery_20260801.csv,approved,target_unresolved
2020,7b52204cdb2119b057e5d961ecd75ab33858a3f5a1323d5018d9649e24f53840,SDRW2000000176.1.1.137,audio_pairing_unresolved,alignment_and_analysis,C:\Users\ari30\research\2026_summer_research\outputs\reports\PLAN_2020_wav_duration_recovery_20260801.csv,approved,target_unresolved
2020,7b52204cdb2119b057e5d961ecd75ab33858a3f5a1323d5018d9649e24f53840,SDRW2000000176.1.1.138,audio_pairing_unresolved,alignment_and_analysis,C:\Users\ari30\research\2026_summer_research\outputs\reports\PLAN_2020_wav_duration_recovery_20260801.csv,approved,target_unresolved
2020,7b52204cdb2119b057e5d961ecd75ab33858a3f5a1323d5018d9649e24f53840,SDRW2000000176.1.1.139,audio_pairing_unresolved,alignment_and_analysis,C:\Users\ari30\research\2026_summer_research\outputs\reports\PLAN_2020_wav_duration_recovery_20260801.csv,approved,target_unresolved
2020,7b52204cdb2119b057e5d961ecd75ab33858a3f5a1323d5018d9649e24f53840,SDRW2000000176.1.1.14,audio_pairing_unresolved,alignment_and_analysis,C:\Users\ari30\research\2026_summer_research\outputs\reports\PLAN_2020_wav_duration_recovery_20260801.csv,approved,target_unresolved
2020,7b52204cdb2119b057e5d961ecd75ab33858a3f5a1323d5018d9649e24f53840,SDRW2000000176.1.1.140,audio_pairing_unresolved,alignment_and_analysis,C:\Users\ari30\research\2026_summer_research\outputs\reports\PLAN_2020_wav_duration_recovery_20260801.csv,approved,target_unresolved
2020,7b52204cdb2119b057e5d961ecd75ab33858a3f5a1323d5018d9649e24f53840,SDRW2000000176.1.1.141,audio_pairing_unresolved,alignment_and_analysis,C:\Users\ari30\research\2026_summer_research\outputs\reports\PLAN_2020_wav_duration_recovery_20260801.csv,approved,target_unresolved
2020,7b52204cdb2119b057e5d961ecd75ab33858a3f5a1323d5018d9649e24f53840,SDRW2000000176.1.1.142,audio_pairing_unresolved,alignment_and_analysis,C:\Users\ari30\research\2026_summer_research\outputs\reports\PLAN_2020_wav_duration_recovery_20260801.csv,approved,target_unresolved
2020,7b52204cdb2119b057e5d961ecd75ab33858a3f5a1323d5018d9649e24f53840,SDRW2000000176.1.1.143,audio_pairing_unresolved,alignment_and_analysis,C:\Users\ari30\research\2026_summer_research\outputs\reports\PLAN_2020_wav_duration_recovery_20260801.csv,approved,target_unresolved
2020,7b52204cdb2119b057e5d961ecd75ab33858a3f5a1323d5018d9649e24f53840,SDRW2000000176.1.1.144,audio_pairing_unresolved,alignment_and_analysis,C:\Users\ari30\research\2026_summer_research\outputs\reports\PLAN_2020_wav_duration_recovery_20260801.csv,approved,target_unresolved
2020,7b52204cdb2119b057e5d961ecd75ab33858a3f5a1323d5018d9649e24f53840,SDRW2000000176.1.1.145,audio_pairing_unresolved,alignment_and_analysis,C:\Users\ari30\research\2026_summer_research\outputs\reports\PLAN_2020_wav_duration_recovery_20260801.csv,approved,target_unresolved
2020,7b52204cdb2119b057e5d961ecd75ab33858a3f5a1323d5018d9649e24f53840,SDRW2000000176.1.1.146,audio_pairing_unresolved,alignment_and_analysis,C:\Users\ari30\research\2026_summer_research\outputs\reports\PLAN_2020_wav_duration_recovery_20260801.csv,approved,target_unresolved
2020,7b52204cdb2119b057e5d961ecd75ab33858a3f5a1323d5018d9649e24f53840,SDRW2000000176.1.1.147,audio_pairing_unresolved,alignment_and_analysis,C:\Users\ari30\research\2026_summer_research\outputs\reports\PLAN_2020_wav_duration_recovery_20260801.csv,approved,target_unresolved
2020,7b52204cdb2119b057e5d961ecd75ab33858a3f5a1323d5018d9649e24f53840,SDRW2000000176.1.1.148,audio_pairing_unresolved,alignment_and_analysis,C:\Users\ari30\research\2026_summer_research\outputs\reports\PLAN_2020_wav_duration_recovery_20260801.csv,approved,target_unresolved
2020,7b52204cdb2119b057e5d961ecd75ab33858a3f5a1323d5018d9649e24f53840,SDRW2000000176.1.1.149,audio_pairing_unresolved,alignment_and_analysis,C:\Users\ari30\research\2026_summer_research\outputs\reports\PLAN_2020_wav_duration_recovery_20260801.csv,approved,target_unresolved
2020,7b52204cdb2119b057e5d961ecd75ab33858a3f5a1323d5018d9649e24f53840,SDRW2000000176.1.1.15,audio_pairing_unresolved,alignment_and_analysis,C:\Users\ari30\research\2026_summer_research\outputs\reports\PLAN_2020_wav_duration_recovery_20260801.csv,approved,target_unresolved
2020,7b52204cdb2119b057e5d961ecd75ab33858a3f5a1323d5018d9649e24f53840,SDRW2000000176.1.1.150,audio_pairing_unresolved,alignment_and_analysis,C:\Users\ari30\research\2026_summer_research\outputs\reports\PLAN_2020_wav_duration_recovery_20260801.csv,approved,target_unresolved
2020,7b52204cdb2119b057e5d961ecd75ab33858a3f5a1323d5018d9649e24f53840,SDRW2000000176.1.1.151,audio_pairing_unresolved,alignment_and_analysis,C:\Users\ari30\research\2026_summer_research\outputs\reports\PLAN_2020_wav_duration_recovery_20260801.csv,approved,target_unresolved
2020,7b52204cdb2119b057e5d961ecd75ab33858a3f5a1323d5018d9649e24f53840,SDRW2000000176.1.1.152,audio_pairing_unresolved,alignment_and_analysis,C:\Users\ari30\research\2026_summer_research\outputs\reports\PLAN_2020_wav_duration_recovery_20260801.csv,approved,target_unresolved
2020,7b52204cdb2119b057e5d961ecd75ab33858a3f5a1323d5018d9649e24f53840,SDRW2000000176.1.1.153,audio_pairing_unresolved,alignment_and_analysis,C:\Users\ari30\research\2026_summer_research\outputs\reports\PLAN_2020_wav_duration_recovery_20260801.csv,approved,target_unresolved
2020,7b52204cdb2119b057e5d961ecd75ab33858a3f5a1323d5018d9649e24f53840,SDRW2000000176.1.1.154,audio_pairing_unresolved,alignment_and_analysis,C:\Users\ari30\research\2026_summer_research\outputs\reports\PLAN_2020_wav_duration_recovery_20260801.csv,approved,target_unresolved
2020,7b52204cdb2119b057e5d961ecd75ab33858a3f5a1323d5018d9649e24f53840,SDRW2000000176.1.1.155,audio_pairing_unresolved,alignment_and_analysis,C:\Users\ari30\research\2026_summer_research\outputs\reports\PLAN_2020_wav_duration_recovery_20260801.csv,approved,target_unresolved
2020,7b52204cdb2119b057e5d961ecd75ab33858a3f5a1323d5018d9649e24f53840,SDRW2000000176.1.1.156,audio_pairing_unresolved,alignment_and_analysis,C:\Users\ari30\research\2026_summer_research\outputs\reports\PLAN_2020_wav_duration_recovery_20260801.csv,approved,target_unresolved
2020,7b52204cdb2119b057e5d961ecd75ab33858a3f5a1323d5018d9649e24f53840,SDRW2000000176.1.1.157,audio_pairing_unresolved,alignment_and_analysis,C:\Users\ari30\research\2026_summer_research\outputs\reports\PLAN_2020_wav_duration_recovery_20260801.csv,approved,target_unresolved
2020,7b52204cdb2119b057e5d961ecd75ab33858a3f5a1323d5018d9649e24f53840,SDRW2000000176.1.1.158,audio_pairing_unresolved,alignment_and_analysis,C:\Users\ari30\research\2026_summer_research\outputs\reports\PLAN_2020_wav_duration_recovery_20260801.csv,approved,target_unresolved
2020,7b52204cdb2119b057e5d961ecd75ab33858a3f5a1323d5018d9649e24f53840,SDRW2000000176.1.1.159,audio_pairing_unresolved,alignment_and_analysis,C:\Users\ari30\research\2026_summer_research\outputs\reports\PLAN_2020_wav_duration_recovery_20260801.csv,approved,target_unresolved
2020,7b52204cdb2119b057e5d961ecd75ab33858a3f5a1323d5018d9649e24f53840,SDRW2000000176.1.1.16,audio_pairing_unresolved,alignment_and_analysis,C:\Users\ari30\research\2026_summer_research\outputs\reports\PLAN_2020_wav_duration_recovery_20260801.csv,approved,target_unresolved
2020,7b52204cdb2119b057e5d961ecd75ab33858a3f5a1323d5018d9649e24f53840,SDRW2000000176.1.1.160,audio_pairing_unresolved,alignment_and_analysis,C:\Users\ari30\research\2026_summer_research\outputs\reports\PLAN_2020_wav_duration_recovery_20260801.csv,approved,target_unresolved
2020,7b52204cdb2119b057e5d961ecd75ab33858a3f5a1323d5018d9649e24f53840,SDRW2000000176.1.1.161,audio_pairing_unresolved,alignment_and_analysis,C:\Users\ari30\research\2026_summer_research\outputs\reports\PLAN_2020_wav_duration_recovery_20260801.csv,approved,target_unresolved
2020,7b52204cdb2119b057e5d961ecd75ab33858a3f5a1323d5018d9649e24f53840,SDRW2000000176.1.1.162,audio_pairing_unresolved,alignment_and_analysis,C:\Users\ari30\research\2026_summer_research\outputs\reports\PLAN_2020_wav_duration_recovery_20260801.csv,approved,target_unresolved
2020,7b52204cdb2119b057e5d961ecd75ab33858a3f5a1323d5018d9649e24f53840,SDRW2000000176.1.1.163,audio_pairing_unresolved,alignment_and_analysis,C:\Users\ari30\research\2026_summer_research\outputs\reports\PLAN_2020_wav_duration_recovery_20260801.csv,approved,target_unresolved
2020,7b52204cdb2119b057e5d961ecd75ab33858a3f5a1323d5018d9649e24f53840,SDRW2000000176.1.1.164,audio_pairing_unresolved,alignment_and_analysis,C:\Users\ari30\research\2026_summer_research\outputs\reports\PLAN_2020_wav_duration_recovery_20260801.csv,approved,target_unresolved
2020,7b52204cdb2119b057e5d961ecd75ab33858a3f5a1323d5018d9649e24f53840,SDRW2000000176.1.1.165,audio_pairing_unresolved,alignment_and_analysis,C:\Users\ari30\research\2026_summer_research\outputs\reports\PLAN_2020_wav_duration_recovery_20260801.csv,approved,target_unresolved
2020,7b52204cdb2119b057e5d961ecd75ab33858a3f5a1323d5018d9649e24f53840,SDRW2000000176.1.1.166,audio_pairing_unresolved,alignment_and_analysis,C:\Users\ari30\research\2026_summer_research\outputs\reports\PLAN_2020_wav_duration_recovery_20260801.csv,approved,target_unresolved
2020,7b52204cdb2119b057e5d961ecd75ab33858a3f5a1323d5018d9649e24f53840,SDRW2000000176.1.1.167,audio_pairing_unresolved,alignment_and_analysis,C:\Users\ari30\research\2026_summer_research\outputs\reports\PLAN_2020_wav_duration_recovery_20260801.csv,approved,target_unresolved
2020,7b52204cdb2119b057e5d961ecd75ab33858a3f5a1323d5018d9649e24f53840,SDRW2000000176.1.1.168,audio_pairing_unresolved,alignment_and_analysis,C:\Users\ari30\research\2026_summer_research\outputs\reports\PLAN_2020_wav_duration_recovery_20260801.csv,approved,target_unresolved
2020,7b52204cdb2119b057e5d961ecd75ab33858a3f5a1323d5018d9649e24f53840,SDRW2000000176.1.1.169,audio_pairing_unresolved,alignment_and_analysis,C:\Users\ari30\research\2026_summer_research\outputs\reports\PLAN_2020_wav_duration_recovery_20260801.csv,approved,target_unresolved
2020,7b52204cdb2119b057e5d961ecd75ab33858a3f5a1323d5018d9649e24f53840,SDRW2000000176.1.1.17,audio_pairing_unresolved,alignment_and_analysis,C:\Users\ari30\research\2026_summer_research\outputs\reports\PLAN_2020_wav_duration_recovery_20260801.csv,approved,target_unresolved
2020,7b52204cdb2119b057e5d961ecd75ab33858a3f5a1323d5018d9649e24f53840,SDRW2000000176.1.1.170,audio_pairing_unresolved,alignment_and_analysis,C:\Users\ari30\research\2026_summer_research\outputs\reports\PLAN_2020_wav_duration_recovery_20260801.csv,approved,target_unresolved
2020,7b52204cdb2119b057e5d961ecd75ab33858a3f5a1323d5018d9649e24f53840,SDRW2000000176.1.1.171,audio_pairing_unresolved,alignment_and_analysis,C:\Users\ari30\research\2026_summer_research\outputs\reports\PLAN_2020_wav_duration_recovery_20260801.csv,approved,target_unresolved
2020,7b52204cdb2119b057e5d961ecd75ab33858a3f5a1323d5018d9649e24f53840,SDRW2000000176.1.1.172,audio_pairing_unresolved,alignment_and_analysis,C:\Users\ari30\research\2026_summer_research\outputs\reports\PLAN_2020_wav_duration_recovery_20260801.csv,approved,target_unresolved
2020,7b52204cdb2119b057e5d961ecd75ab33858a3f5a1323d5018d9649e24f53840,SDRW2000000176.1.1.173,audio_pairing_unresolved,alignment_and_analysis,C:\Users\ari30\research\2026_summer_research\outputs\reports\PLAN_2020_wav_duration_recovery_20260801.csv,approved,target_unresolved
2020,7b52204cdb2119b057e5d961ecd75ab33858a3f5a1323d5018d9649e24f53840,SDRW2000000176.1.1.174,audio_pairing_unresolved,alignment_and_analysis,C:\Users\ari30\research\2026_summer_research\outputs\reports\PLAN_2020_wav_duration_recovery_20260801.csv,approved,target_unresolved
2020,7b52204cdb2119b057e5d961ecd75ab33858a3f5a1323d5018d9649e24f53840,SDRW2000000176.1.1.175,audio_pairing_unresolved,alignment_and_analysis,C:\Users\ari30\research\2026_summer_research\outputs\reports\PLAN_2020_wav_duration_recovery_20260801.csv,approved,target_unresolved
2020,7b52204cdb2119b057e5d961ecd75ab33858a3f5a1323d5018d9649e24f53840,SDRW2000000176.1.1.176,audio_pairing_unresolved,alignment_and_analysis,C:\Users\ari30\research\2026_summer_research\outputs\reports\PLAN_2020_wav_duration_recovery_20260801.csv,approved,target_unresolved
2020,7b52204cdb2119b057e5d961ecd75ab33858a3f5a1323d5018d9649e24f53840,SDRW2000000176.1.1.177,audio_pairing_unresolved,alignment_and_analysis,C:\Users\ari30\research\2026_summer_research\outputs\reports\PLAN_2020_wav_duration_recovery_20260801.csv,approved,target_unresolved
2020,7b52204cdb2119b057e5d961ecd75ab33858a3f5a1323d5018d9649e24f53840,SDRW2000000176.1.1.178,audio_pairing_unresolved,alignment_and_analysis,C:\Users\ari30\research\2026_summer_research\outputs\reports\PLAN_2020_wav_duration_recovery_20260801.csv,approved,target_unresolved
2020,7b52204cdb2119b057e5d961ecd75ab33858a3f5a1323d5018d9649e24f53840,SDRW2000000176.1.1.179,audio_pairing_unresolved,alignment_and_analysis,C:\Users\ari30\research\2026_summer_research\outputs\reports\PLAN_2020_wav_duration_recovery_20260801.csv,approved,target_unresolved
2020,7b52204cdb2119b057e5d961ecd75ab33858a3f5a1323d5018d9649e24f53840,SDRW2000000176.1.1.18,audio_pairing_unresolved,alignment_and_analysis,C:\Users\ari30\research\2026_summer_research\outputs\reports\PLAN_2020_wav_duration_recovery_20260801.csv,approved,target_unresolved
2020,7b52204cdb2119b057e5d961ecd75ab33858a3f5a1323d5018d9649e24f53840,SDRW2000000176.1.1.180,audio_pairing_unresolved,alignment_and_analysis,C:\Users\ari30\research\2026_summer_research\outputs\reports\PLAN_2020_wav_duration_recovery_20260801.csv,approved,target_unresolved
2020,7b52204cdb2119b057e5d961ecd75ab33858a3f5a1323d5018d9649e24f53840,SDRW2000000176.1.1.181,audio_pairing_unresolved,alignment_and_analysis,C:\Users\ari30\research\2026_summer_research\outputs\reports\PLAN_2020_wav_duration_recovery_20260801.csv,approved,target_unresolved
2020,7b52204cdb2119b057e5d961ecd75ab33858a3f5a1323d5018d9649e24f53840,SDRW2000000176.1.1.182,audio_pairing_unresolved,alignment_and_analysis,C:\Users\ari30\research\2026_summer_research\outputs\reports\PLAN_2020_wav_duration_recovery_20260801.csv,approved,target_unresolved
2020,7b52204cdb2119b057e5d961ecd75ab33858a3f5a1323d5018d9649e24f53840,SDRW2000000176.1.1.183,audio_pairing_unresolved,alignment_and_analysis,C:\Users\ari30\research\2026_summer_research\outputs\reports\PLAN_2020_wav_duration_recovery_20260801.csv,approved,target_unresolved
2020,7b52204cdb2119b057e5d961ecd75ab33858a3f5a1323d5018d9649e24f53840,SDRW2000000176.1.1.184,audio_pairing_unresolved,alignment_and_analysis,C:\Users\ari30\research\2026_summer_research\outputs\reports\PLAN_2020_wav_duration_recovery_20260801.csv,approved,target_unresolved
2020,7b52204cdb2119b057e5d961ecd75ab33858a3f5a1323d5018d9649e24f53840,SDRW2000000176.1.1.185,audio_pairing_unresolved,alignment_and_analysis,C:\Users\ari30\research\2026_summer_research\outputs\reports\PLAN_2020_wav_duration_recovery_20260801.csv,approved,target_unresolved
2020,7b52204cdb2119b057e5d961ecd75ab33858a3f5a1323d5018d9649e24f53840,SDRW2000000176.1.1.186,audio_pairing_unresolved,alignment_and_analysis,C:\Users\ari30\research\2026_summer_research\outputs\reports\PLAN_2020_wav_duration_recovery_20260801.csv,approved,target_unresolved
2020,7b52204cdb2119b057e5d961ecd75ab33858a3f5a1323d5018d9649e24f53840,SDRW2000000176.1.1.187,audio_pairing_unresolved,alignment_and_analysis,C:\Users\ari30\research\2026_summer_research\outputs\reports\PLAN_2020_wav_duration_recovery_20260801.csv,approved,target_unresolved
2020,7b52204cdb2119b057e5d961ecd75ab33858a3f5a1323d5018d9649e24f53840,SDRW2000000176.1.1.188,audio_pairing_unresolved,alignment_and_analysis,C:\Users\ari30\research\2026_summer_research\outputs\reports\PLAN_2020_wav_duration_recovery_20260801.csv,approved,target_unresolved
2020,7b52204cdb2119b057e5d961ecd75ab33858a3f5a1323d5018d9649e24f53840,SDRW2000000176.1.1.189,audio_pairing_unresolved,alignment_and_analysis,C:\Users\ari30\research\2026_summer_research\outputs\reports\PLAN_2020_wav_duration_recovery_20260801.csv,approved,target_unresolved
2020,7b52204cdb2119b057e5d961ecd75ab33858a3f5a1323d5018d9649e24f53840,SDRW2000000176.1.1.19,audio_pairing_unresolved,alignment_and_analysis,C:\Users\ari30\research\2026_summer_research\outputs\reports\PLAN_2020_wav_duration_recovery_20260801.csv,approved,target_unresolved
2020,7b52204cdb2119b057e5d961ecd75ab33858a3f5a1323d5018d9649e24f53840,SDRW2000000176.1.1.190,audio_pairing_unresolved,alignment_and_analysis,C:\Users\ari30\research\2026_summer_research\outputs\reports\PLAN_2020_wav_duration_recovery_20260801.csv,approved,target_unresolved
2020,7b52204cdb2119b057e5d961ecd75ab33858a3f5a1323d5018d9649e24f53840,SDRW2000000176.1.1.191,audio_pairing_unresolved,alignment_and_analysis,C:\Users\ari30\research\2026_summer_research\outputs\reports\PLAN_2020_wav_duration_recovery_20260801.csv,approved,target_unresolved
2020,7b52204cdb2119b057e5d961ecd75ab33858a3f5a1323d5018d9649e24f53840,SDRW2000000176.1.1.192,audio_pairing_unresolved,alignment_and_analysis,C:\Users\ari30\research\2026_summer_research\outputs\reports\PLAN_2020_wav_duration_recovery_20260801.csv,approved,target_unresolved
2020,7b52204cdb2119b057e5d961ecd75ab33858a3f5a1323d5018d9649e24f53840,SDRW2000000176.1.1.193,audio_pairing_unresolved,alignment_and_analysis,C:\Users\ari30\research\2026_summer_research\outputs\reports\PLAN_2020_wav_duration_recovery_20260801.csv,approved,target_unresolved
2020,7b52204cdb2119b057e5d961ecd75ab33858a3f5a1323d5018d9649e24f53840,SDRW2000000176.1.1.194,audio_pairing_unresolved,alignment_and_analysis,C:\Users\ari30\research\2026_summer_research\outputs\reports\PLAN_2020_wav_duration_recovery_20260801.csv,approved,target_unresolved
2020,7b52204cdb2119b057e5d961ecd75ab33858a3f5a1323d5018d9649e24f53840,SDRW2000000176.1.1.195,audio_pairing_unresolved,alignment_and_analysis,C:\Users\ari30\research\2026_summer_research\outputs\reports\PLAN_2020_wav_duration_recovery_20260801.csv,approved,target_unresolved
2020,7b52204cdb2119b057e5d961ecd75ab33858a3f5a1323d5018d9649e24f53840,SDRW2000000176.1.1.196,audio_pairing_unresolved,alignment_and_analysis,C:\Users\ari30\research\2026_summer_research\outputs\reports\PLAN_2020_wav_duration_recovery_20260801.csv,approved,target_unresolved
2020,7b52204cdb2119b057e5d961ecd75ab33858a3f5a1323d5018d9649e24f53840,SDRW2000000176.1.1.197,audio_pairing_unresolved,alignment_and_analysis,C:\Users\ari30\research\2026_summer_research\outputs\reports\PLAN_2020_wav_duration_recovery_20260801.csv,approved,target_unresolved
2020,7b52204cdb2119b057e5d961ecd75ab33858a3f5a1323d5018d9649e24f53840,SDRW2000000176.1.1.198,audio_pairing_unresolved,alignment_and_analysis,C:\Users\ari30\research\2026_summer_research\outputs\reports\PLAN_2020_wav_duration_recovery_20260801.csv,approved,target_unresolved
2020,7b52204cdb2119b057e5d961ecd75ab33858a3f5a1323d5018d9649e24f53840,SDRW2000000176.1.1.199,audio_pairing_unresolved,alignment_and_analysis,C:\Users\ari30\research\2026_summer_research\outputs\reports\PLAN_2020_wav_duration_recovery_20260801.csv,approved,target_unresolved
2020,7b52204cdb2119b057e5d961ecd75ab33858a3f5a1323d5018d9649e24f53840,SDRW2000000176.1.1.2,audio_pairing_unresolved,alignment_and_analysis,C:\Users\ari30\research\2026_summer_research\outputs\reports\PLAN_2020_wav_duration_recovery_20260801.csv,approved,target_unresolved
2020,7b52204cdb2119b057e5d961ecd75ab33858a3f5a1323d5018d9649e24f53840,SDRW2000000176.1.1.20,audio_pairing_unresolved,alignment_and_analysis,C:\Users\ari30\research\2026_summer_research\outputs\reports\PLAN_2020_wav_duration_recovery_20260801.csv,approved,target_unresolved
2020,7b52204cdb2119b057e5d961ecd75ab33858a3f5a1323d5018d9649e24f53840,SDRW2000000176.1.1.200,audio_pairing_unresolved,alignment_and_analysis,C:\Users\ari30\research\2026_summer_research\outputs\reports\PLAN_2020_wav_duration_recovery_20260801.csv,approved,target_unresolved
2020,7b52204cdb2119b057e5d961ecd75ab33858a3f5a1323d5018d9649e24f53840,SDRW2000000176.1.1.201,audio_pairing_unresolved,alignment_and_analysis,C:\Users\ari30\research\2026_summer_research\outputs\reports\PLAN_2020_wav_duration_recovery_20260801.csv,approved,target_unresolved
2020,7b52204cdb2119b057e5d961ecd75ab33858a3f5a1323d5018d9649e24f53840,SDRW2000000176.1.1.202,audio_pairing_unresolved,alignment_and_analysis,C:\Users\ari30\research\2026_summer_research\outputs\reports\PLAN_2020_wav_duration_recovery_20260801.csv,approved,target_unresolved
2020,7b52204cdb2119b057e5d961ecd75ab33858a3f5a1323d5018d9649e24f53840,SDRW2000000176.1.1.203,audio_pairing_unresolved,alignment_and_analysis,C:\Users\ari30\research\2026_summer_research\outputs\reports\PLAN_2020_wav_duration_recovery_20260801.csv,approved,target_unresolved
2020,7b52204cdb2119b057e5d961ecd75ab33858a3f5a1323d5018d9649e24f53840,SDRW2000000176.1.1.204,audio_pairing_unresolved,alignment_and_analysis,C:\Users\ari30\research\2026_summer_research\outputs\reports\PLAN_2020_wav_duration_recovery_20260801.csv,approved,target_unresolved
2020,7b52204cdb2119b057e5d961ecd75ab33858a3f5a1323d5018d9649e24f53840,SDRW2000000176.1.1.205,audio_pairing_unresolved,alignment_and_analysis,C:\Users\ari30\research\2026_summer_research\outputs\reports\PLAN_2020_wav_duration_recovery_20260801.csv,approved,target_unresolved
2020,7b52204cdb2119b057e5d961ecd75ab33858a3f5a1323d5018d9649e24f53840,SDRW2000000176.1.1.206,audio_pairing_unresolved,alignment_and_analysis,C:\Users\ari30\research\2026_summer_research\outputs\reports\PLAN_2020_wav_duration_recovery_20260801.csv,approved,target_unresolved
2020,7b52204cdb2119b057e5d961ecd75ab33858a3f5a1323d5018d9649e24f53840,SDRW2000000176.1.1.207,audio_pairing_unresolved,alignment_and_analysis,C:\Users\ari30\research\2026_summer_research\outputs\reports\PLAN_2020_wav_duration_recovery_20260801.csv,approved,target_unresolved
2020,7b52204cdb2119b057e5d961ecd75ab33858a3f5a1323d5018d9649e24f53840,SDRW2000000176.1.1.208,audio_pairing_unresolved,alignment_and_analysis,C:\Users\ari30\research\2026_summer_research\outputs\reports\PLAN_2020_wav_duration_recovery_20260801.csv,approved,target_unresolved
2020,7b52204cdb2119b057e5d961ecd75ab33858a3f5a1323d5018d9649e24f53840,SDRW2000000176.1.1.209,audio_pairing_unresolved,alignment_and_analysis,C:\Users\ari30\research\2026_summer_research\outputs\reports\PLAN_2020_wav_duration_recovery_20260801.csv,approved,target_unresolved
2020,7b52204cdb2119b057e5d961ecd75ab33858a3f5a1323d5018d9649e24f53840,SDRW2000000176.1.1.21,audio_pairing_unresolved,alignment_and_analysis,C:\Users\ari30\research\2026_summer_research\outputs\reports\PLAN_2020_wav_duration_recovery_20260801.csv,approved,target_unresolved
2020,7b52204cdb2119b057e5d961ecd75ab33858a3f5a1323d5018d9649e24f53840,SDRW2000000176.1.1.210,audio_pairing_unresolved,alignment_and_analysis,C:\Users\ari30\research\2026_summer_research\outputs\reports\PLAN_2020_wav_duration_recovery_20260801.csv,approved,target_unresolved
2020,7b52204cdb2119b057e5d961ecd75ab33858a3f5a1323d5018d9649e24f53840,SDRW2000000176.1.1.211,audio_pairing_unresolved,alignment_and_analysis,C:\Users\ari30\research\2026_summer_research\outputs\reports\PLAN_2020_wav_duration_recovery_20260801.csv,approved,target_unresolved
2020,7b52204cdb2119b057e5d961ecd75ab33858a3f5a1323d5018d9649e24f53840,SDRW2000000176.1.1.212,audio_pairing_unresolved,alignment_and_analysis,C:\Users\ari30\research\2026_summer_research\outputs\reports\PLAN_2020_wav_duration_recovery_20260801.csv,approved,target_unresolved
2020,7b52204cdb2119b057e5d961ecd75ab33858a3f5a1323d5018d9649e24f53840,SDRW2000000176.1.1.213,audio_pairing_unresolved,alignment_and_analysis,C:\Users\ari30\research\2026_summer_research\outputs\reports\PLAN_2020_wav_duration_recovery_20260801.csv,approved,target_unresolved
2020,7b52204cdb2119b057e5d961ecd75ab33858a3f5a1323d5018d9649e24f53840,SDRW2000000176.1.1.214,audio_pairing_unresolved,alignment_and_analysis,C:\Users\ari30\research\2026_summer_research\outputs\reports\PLAN_2020_wav_duration_recovery_20260801.csv,approved,target_unresolved
2020,7b52204cdb2119b057e5d961ecd75ab33858a3f5a1323d5018d9649e24f53840,SDRW2000000176.1.1.215,audio_pairing_unresolved,alignment_and_analysis,C:\Users\ari30\research\2026_summer_research\outputs\reports\PLAN_2020_wav_duration_recovery_20260801.csv,approved,target_unresolved
2020,7b52204cdb2119b057e5d961ecd75ab33858a3f5a1323d5018d9649e24f53840,SDRW2000000176.1.1.216,audio_pairing_unresolved,alignment_and_analysis,C:\Users\ari30\research\2026_summer_research\outputs\reports\PLAN_2020_wav_duration_recovery_20260801.csv,approved,target_unresolved
2020,7b52204cdb2119b057e5d961ecd75ab33858a3f5a1323d5018d9649e24f53840,SDRW2000000176.1.1.217,audio_pairing_unresolved,alignment_and_analysis,C:\Users\ari30\research\2026_summer_research\outputs\reports\PLAN_2020_wav_duration_recovery_20260801.csv,approved,target_unresolved
2020,7b52204cdb2119b057e5d961ecd75ab33858a3f5a1323d5018d9649e24f53840,SDRW2000000176.1.1.218,audio_pairing_unresolved,alignment_and_analysis,C:\Users\ari30\research\2026_summer_research\outputs\reports\PLAN_2020_wav_duration_recovery_20260801.csv,approved,target_unresolved
2020,7b52204cdb2119b057e5d961ecd75ab33858a3f5a1323d5018d9649e24f53840,SDRW2000000176.1.1.219,audio_pairing_unresolved,alignment_and_analysis,C:\Users\ari30\research\2026_summer_research\outputs\reports\PLAN_2020_wav_duration_recovery_20260801.csv,approved,target_unresolved
2020,7b52204cdb2119b057e5d961ecd75ab33858a3f5a1323d5018d9649e24f53840,SDRW2000000176.1.1.22,audio_pairing_unresolved,alignment_and_analysis,C:\Users\ari30\research\2026_summer_research\outputs\reports\PLAN_2020_wav_duration_recovery_20260801.csv,approved,target_unresolved
2020,7b52204cdb2119b057e5d961ecd75ab33858a3f5a1323d5018d9649e24f53840,SDRW2000000176.1.1.220,audio_pairing_unresolved,alignment_and_analysis,C:\Users\ari30\research\2026_summer_research\outputs\reports\PLAN_2020_wav_duration_recovery_20260801.csv,approved,target_unresolved
2020,7b52204cdb2119b057e5d961ecd75ab33858a3f5a1323d5018d9649e24f53840,SDRW2000000176.1.1.221,audio_pairing_unresolved,alignment_and_analysis,C:\Users\ari30\research\2026_summer_research\outputs\reports\PLAN_2020_wav_duration_recovery_20260801.csv,approved,target_unresolved
2020,7b52204cdb2119b057e5d961ecd75ab33858a3f5a1323d5018d9649e24f53840,SDRW2000000176.1.1.222,audio_pairing_unresolved,alignment_and_analysis,C:\Users\ari30\research\2026_summer_research\outputs\reports\PLAN_2020_wav_duration_recovery_20260801.csv,approved,target_unresolved
2020,7b52204cdb2119b057e5d961ecd75ab33858a3f5a1323d5018d9649e24f53840,SDRW2000000176.1.1.223,audio_pairing_unresolved,alignment_and_analysis,C:\Users\ari30\research\2026_summer_research\outputs\reports\PLAN_2020_wav_duration_recovery_20260801.csv,approved,target_unresolved
2020,7b52204cdb2119b057e5d961ecd75ab33858a3f5a1323d5018d9649e24f53840,SDRW2000000176.1.1.224,audio_pairing_unresolved,alignment_and_analysis,C:\Users\ari30\research\2026_summer_research\outputs\reports\PLAN_2020_wav_duration_recovery_20260801.csv,approved,target_unresolved
2020,7b52204cdb2119b057e5d961ecd75ab33858a3f5a1323d5018d9649e24f53840,SDRW2000000176.1.1.225,audio_pairing_unresolved,alignment_and_analysis,C:\Users\ari30\research\2026_summer_research\outputs\reports\PLAN_2020_wav_duration_recovery_20260801.csv,approved,target_unresolved
2020,7b52204cdb2119b057e5d961ecd75ab33858a3f5a1323d5018d9649e24f53840,SDRW2000000176.1.1.226,audio_pairing_unresolved,alignment_and_analysis,C:\Users\ari30\research\2026_summer_research\outputs\reports\PLAN_2020_wav_duration_recovery_20260801.csv,approved,target_unresolved
2020,7b52204cdb2119b057e5d961ecd75ab33858a3f5a1323d5018d9649e24f53840,SDRW2000000176.1.1.227,audio_pairing_unresolved,alignment_and_analysis,C:\Users\ari30\research\2026_summer_research\outputs\reports\PLAN_2020_wav_duration_recovery_20260801.csv,approved,target_unresolved
2020,7b52204cdb2119b057e5d961ecd75ab33858a3f5a1323d5018d9649e24f53840,SDRW2000000176.1.1.228,audio_pairing_unresolved,alignment_and_analysis,C:\Users\ari30\research\2026_summer_research\outputs\reports\PLAN_2020_wav_duration_recovery_20260801.csv,approved,target_unresolved
2020,7b52204cdb2119b057e5d961ecd75ab33858a3f5a1323d5018d9649e24f53840,SDRW2000000176.1.1.229,audio_pairing_unresolved,alignment_and_analysis,C:\Users\ari30\research\2026_summer_research\outputs\reports\PLAN_2020_wav_duration_recovery_20260801.csv,approved,target_unresolved
2020,7b52204cdb2119b057e5d961ecd75ab33858a3f5a1323d5018d9649e24f53840,SDRW2000000176.1.1.23,audio_pairing_unresolved,alignment_and_analysis,C:\Users\ari30\research\2026_summer_research\outputs\reports\PLAN_2020_wav_duration_recovery_20260801.csv,approved,target_unresolved
2020,7b52204cdb2119b057e5d961ecd75ab33858a3f5a1323d5018d9649e24f53840,SDRW2000000176.1.1.230,audio_pairing_unresolved,alignment_and_analysis,C:\Users\ari30\research\2026_summer_research\outputs\reports\PLAN_2020_wav_duration_recovery_20260801.csv,approved,target_unresolved
2020,7b52204cdb2119b057e5d961ecd75ab33858a3f5a1323d5018d9649e24f53840,SDRW2000000176.1.1.231,audio_pairing_unresolved,alignment_and_analysis,C:\Users\ari30\research\2026_summer_research\outputs\reports\PLAN_2020_wav_duration_recovery_20260801.csv,approved,target_unresolved
2020,7b52204cdb2119b057e5d961ecd75ab33858a3f5a1323d5018d9649e24f53840,SDRW2000000176.1.1.232,audio_pairing_unresolved,alignment_and_analysis,C:\Users\ari30\research\2026_summer_research\outputs\reports\PLAN_2020_wav_duration_recovery_20260801.csv,approved,target_unresolved
2020,7b52204cdb2119b057e5d961ecd75ab33858a3f5a1323d5018d9649e24f53840,SDRW2000000176.1.1.233,audio_pairing_unresolved,alignment_and_analysis,C:\Users\ari30\research\2026_summer_research\outputs\reports\PLAN_2020_wav_duration_recovery_20260801.csv,approved,target_unresolved
2020,7b52204cdb2119b057e5d961ecd75ab33858a3f5a1323d5018d9649e24f53840,SDRW2000000176.1.1.234,audio_pairing_unresolved,alignment_and_analysis,C:\Users\ari30\research\2026_summer_research\outputs\reports\PLAN_2020_wav_duration_recovery_20260801.csv,approved,target_unresolved
2020,7b52204cdb2119b057e5d961ecd75ab33858a3f5a1323d5018d9649e24f53840,SDRW2000000176.1.1.235,audio_pairing_unresolved,alignment_and_analysis,C:\Users\ari30\research\2026_summer_research\outputs\reports\PLAN_2020_wav_duration_recovery_20260801.csv,approved,target_unresolved
2020,7b52204cdb2119b057e5d961ecd75ab33858a3f5a1323d5018d9649e24f53840,SDRW2000000176.1.1.236,audio_pairing_unresolved,alignment_and_analysis,C:\Users\ari30\research\2026_summer_research\outputs\reports\PLAN_2020_wav_duration_recovery_20260801.csv,approved,target_unresolved
2020,7b52204cdb2119b057e5d961ecd75ab33858a3f5a1323d5018d9649e24f53840,SDRW2000000176.1.1.237,audio_pairing_unresolved,alignment_and_analysis,C:\Users\ari30\research\2026_summer_research\outputs\reports\PLAN_2020_wav_duration_recovery_20260801.csv,approved,target_unresolved
2020,7b52204cdb2119b057e5d961ecd75ab33858a3f5a1323d5018d9649e24f53840,SDRW2000000176.1.1.238,audio_pairing_unresolved,alignment_and_analysis,C:\Users\ari30\research\2026_summer_research\outputs\reports\PLAN_2020_wav_duration_recovery_20260801.csv,approved,target_unresolved
2020,7b52204cdb2119b057e5d961ecd75ab33858a3f5a1323d5018d9649e24f53840,SDRW2000000176.1.1.239,audio_pairing_unresolved,alignment_and_analysis,C:\Users\ari30\research\2026_summer_research\outputs\reports\PLAN_2020_wav_duration_recovery_20260801.csv,approved,target_unresolved
2020,7b52204cdb2119b057e5d961ecd75ab33858a3f5a1323d5018d9649e24f53840,SDRW2000000176.1.1.24,audio_pairing_unresolved,alignment_and_analysis,C:\Users\ari30\research\2026_summer_research\outputs\reports\PLAN_2020_wav_duration_recovery_20260801.csv,approved,target_unresolved
2020,7b52204cdb2119b057e5d961ecd75ab33858a3f5a1323d5018d9649e24f53840,SDRW2000000176.1.1.240,audio_pairing_unresolved,alignment_and_analysis,C:\Users\ari30\research\2026_summer_research\outputs\reports\PLAN_2020_wav_duration_recovery_20260801.csv,approved,target_unresolved
2020,7b52204cdb2119b057e5d961ecd75ab33858a3f5a1323d5018d9649e24f53840,SDRW2000000176.1.1.241,audio_pairing_unresolved,alignment_and_analysis,C:\Users\ari30\research\2026_summer_research\outputs\reports\PLAN_2020_wav_duration_recovery_20260801.csv,approved,target_unresolved
2020,7b52204cdb2119b057e5d961ecd75ab33858a3f5a1323d5018d9649e24f53840,SDRW2000000176.1.1.242,audio_pairing_unresolved,alignment_and_analysis,C:\Users\ari30\research\2026_summer_research\outputs\reports\PLAN_2020_wav_duration_recovery_20260801.csv,approved,target_unresolved
2020,7b52204cdb2119b057e5d961ecd75ab33858a3f5a1323d5018d9649e24f53840,SDRW2000000176.1.1.243,audio_pairing_unresolved,alignment_and_analysis,C:\Users\ari30\research\2026_summer_research\outputs\reports\PLAN_2020_wav_duration_recovery_20260801.csv,approved,target_unresolved
2020,7b52204cdb2119b057e5d961ecd75ab33858a3f5a1323d5018d9649e24f53840,SDRW2000000176.1.1.244,audio_pairing_unresolved,alignment_and_analysis,C:\Users\ari30\research\2026_summer_research\outputs\reports\PLAN_2020_wav_duration_recovery_20260801.csv,approved,target_unresolved
2020,7b52204cdb2119b057e5d961ecd75ab33858a3f5a1323d5018d9649e24f53840,SDRW2000000176.1.1.245,audio_pairing_unresolved,alignment_and_analysis,C:\Users\ari30\research\2026_summer_research\outputs\reports\PLAN_2020_wav_duration_recovery_20260801.csv,approved,target_unresolved
2020,7b52204cdb2119b057e5d961ecd75ab33858a3f5a1323d5018d9649e24f53840,SDRW2000000176.1.1.246,audio_pairing_unresolved,alignment_and_analysis,C:\Users\ari30\research\2026_summer_research\outputs\reports\PLAN_2020_wav_duration_recovery_20260801.csv,approved,target_unresolved
2020,7b52204cdb2119b057e5d961ecd75ab33858a3f5a1323d5018d9649e24f53840,SDRW2000000176.1.1.247,audio_pairing_unresolved,alignment_and_analysis,C:\Users\ari30\research\2026_summer_research\outputs\reports\PLAN_2020_wav_duration_recovery_20260801.csv,approved,target_unresolved
2020,7b52204cdb2119b057e5d961ecd75ab33858a3f5a1323d5018d9649e24f53840,SDRW2000000176.1.1.248,audio_pairing_unresolved,alignment_and_analysis,C:\Users\ari30\research\2026_summer_research\outputs\reports\PLAN_2020_wav_duration_recovery_20260801.csv,approved,target_unresolved
2020,7b52204cdb2119b057e5d961ecd75ab33858a3f5a1323d5018d9649e24f53840,SDRW2000000176.1.1.249,audio_pairing_unresolved,alignment_and_analysis,C:\Users\ari30\research\2026_summer_research\outputs\reports\PLAN_2020_wav_duration_recovery_20260801.csv,approved,target_unresolved
2020,7b52204cdb2119b057e5d961ecd75ab33858a3f5a1323d5018d9649e24f53840,SDRW2000000176.1.1.25,audio_pairing_unresolved,alignment_and_analysis,C:\Users\ari30\research\2026_summer_research\outputs\reports\PLAN_2020_wav_duration_recovery_20260801.csv,approved,target_unresolved
2020,7b52204cdb2119b057e5d961ecd75ab33858a3f5a1323d5018d9649e24f53840,SDRW2000000176.1.1.250,audio_pairing_unresolved,alignment_and_analysis,C:\Users\ari30\research\2026_summer_research\outputs\reports\PLAN_2020_wav_duration_recovery_20260801.csv,approved,target_unresolved
2020,7b52204cdb2119b057e5d961ecd75ab33858a3f5a1323d5018d9649e24f53840,SDRW2000000176.1.1.251,audio_pairing_unresolved,alignment_and_analysis,C:\Users\ari30\research\2026_summer_research\outputs\reports\PLAN_2020_wav_duration_recovery_20260801.csv,approved,target_unresolved
2020,7b52204cdb2119b057e5d961ecd75ab33858a3f5a1323d5018d9649e24f53840,SDRW2000000176.1.1.252,audio_pairing_unresolved,alignment_and_analysis,C:\Users\ari30\research\2026_summer_research\outputs\reports\PLAN_2020_wav_duration_recovery_20260801.csv,approved,target_unresolved
2020,7b52204cdb2119b057e5d961ecd75ab33858a3f5a1323d5018d9649e24f53840,SDRW2000000176.1.1.253,audio_pairing_unresolved,alignment_and_analysis,C:\Users\ari30\research\2026_summer_research\outputs\reports\PLAN_2020_wav_duration_recovery_20260801.csv,approved,target_unresolved
2020,7b52204cdb2119b057e5d961ecd75ab33858a3f5a1323d5018d9649e24f53840,SDRW2000000176.1.1.254,audio_pairing_unresolved,alignment_and_analysis,C:\Users\ari30\research\2026_summer_research\outputs\reports\PLAN_2020_wav_duration_recovery_20260801.csv,approved,target_unresolved
2020,7b52204cdb2119b057e5d961ecd75ab33858a3f5a1323d5018d9649e24f53840,SDRW2000000176.1.1.255,audio_pairing_unresolved,alignment_and_analysis,C:\Users\ari30\research\2026_summer_research\outputs\reports\PLAN_2020_wav_duration_recovery_20260801.csv,approved,target_unresolved
2020,7b52204cdb2119b057e5d961ecd75ab33858a3f5a1323d5018d9649e24f53840,SDRW2000000176.1.1.256,audio_pairing_unresolved,alignment_and_analysis,C:\Users\ari30\research\2026_summer_research\outputs\reports\PLAN_2020_wav_duration_recovery_20260801.csv,approved,target_unresolved
2020,7b52204cdb2119b057e5d961ecd75ab33858a3f5a1323d5018d9649e24f53840,SDRW2000000176.1.1.257,audio_pairing_unresolved,alignment_and_analysis,C:\Users\ari30\research\2026_summer_research\outputs\reports\PLAN_2020_wav_duration_recovery_20260801.csv,approved,target_unresolved
2020,7b52204cdb2119b057e5d961ecd75ab33858a3f5a1323d5018d9649e24f53840,SDRW2000000176.1.1.258,audio_pairing_unresolved,alignment_and_analysis,C:\Users\ari30\research\2026_summer_research\outputs\reports\PLAN_2020_wav_duration_recovery_20260801.csv,approved,target_unresolved
2020,7b52204cdb2119b057e5d961ecd75ab33858a3f5a1323d5018d9649e24f53840,SDRW2000000176.1.1.259,audio_pairing_unresolved,alignment_and_analysis,C:\Users\ari30\research\2026_summer_research\outputs\reports\PLAN_2020_wav_duration_recovery_20260801.csv,approved,target_unresolved
2020,7b52204cdb2119b057e5d961ecd75ab33858a3f5a1323d5018d9649e24f53840,SDRW2000000176.1.1.26,audio_pairing_unresolved,alignment_and_analysis,C:\Users\ari30\research\2026_summer_research\outputs\reports\PLAN_2020_wav_duration_recovery_20260801.csv,approved,target_unresolved
2020,7b52204cdb2119b057e5d961ecd75ab33858a3f5a1323d5018d9649e24f53840,SDRW2000000176.1.1.260,audio_pairing_unresolved,alignment_and_analysis,C:\Users\ari30\research\2026_summer_research\outputs\reports\PLAN_2020_wav_duration_recovery_20260801.csv,approved,target_unresolved
2020,7b52204cdb2119b057e5d961ecd75ab33858a3f5a1323d5018d9649e24f53840,SDRW2000000176.1.1.261,audio_pairing_unresolved,alignment_and_analysis,C:\Users\ari30\research\2026_summer_research\outputs\reports\PLAN_2020_wav_duration_recovery_20260801.csv,approved,target_unresolved
2020,7b52204cdb2119b057e5d961ecd75ab33858a3f5a1323d5018d9649e24f53840,SDRW2000000176.1.1.262,audio_pairing_unresolved,alignment_and_analysis,C:\Users\ari30\research\2026_summer_research\outputs\reports\PLAN_2020_wav_duration_recovery_20260801.csv,approved,target_unresolved
2020,7b52204cdb2119b057e5d961ecd75ab33858a3f5a1323d5018d9649e24f53840,SDRW2000000176.1.1.263,audio_pairing_unresolved,alignment_and_analysis,C:\Users\ari30\research\2026_summer_research\outputs\reports\PLAN_2020_wav_duration_recovery_20260801.csv,approved,target_unresolved
2020,7b52204cdb2119b057e5d961ecd75ab33858a3f5a1323d5018d9649e24f53840,SDRW2000000176.1.1.264,audio_pairing_unresolved,alignment_and_analysis,C:\Users\ari30\research\2026_summer_research\outputs\reports\PLAN_2020_wav_duration_recovery_20260801.csv,approved,target_unresolved
2020,7b52204cdb2119b057e5d961ecd75ab33858a3f5a1323d5018d9649e24f53840,SDRW2000000176.1.1.265,audio_pairing_unresolved,alignment_and_analysis,C:\Users\ari30\research\2026_summer_research\outputs\reports\PLAN_2020_wav_duration_recovery_20260801.csv,approved,target_unresolved
2020,7b52204cdb2119b057e5d961ecd75ab33858a3f5a1323d5018d9649e24f53840,SDRW2000000176.1.1.266,audio_pairing_unresolved,alignment_and_analysis,C:\Users\ari30\research\2026_summer_research\outputs\reports\PLAN_2020_wav_duration_recovery_20260801.csv,approved,target_unresolved
2020,7b52204cdb2119b057e5d961ecd75ab33858a3f5a1323d5018d9649e24f53840,SDRW2000000176.1.1.267,audio_pairing_unresolved,alignment_and_analysis,C:\Users\ari30\research\2026_summer_research\outputs\reports\PLAN_2020_wav_duration_recovery_20260801.csv,approved,target_unresolved
2020,7b52204cdb2119b057e5d961ecd75ab33858a3f5a1323d5018d9649e24f53840,SDRW2000000176.1.1.268,audio_pairing_unresolved,alignment_and_analysis,C:\Users\ari30\research\2026_summer_research\outputs\reports\PLAN_2020_wav_duration_recovery_20260801.csv,approved,target_unresolved
2020,7b52204cdb2119b057e5d961ecd75ab33858a3f5a1323d5018d9649e24f53840,SDRW2000000176.1.1.269,audio_pairing_unresolved,alignment_and_analysis,C:\Users\ari30\research\2026_summer_research\outputs\reports\PLAN_2020_wav_duration_recovery_20260801.csv,approved,target_unresolved
2020,7b52204cdb2119b057e5d961ecd75ab33858a3f5a1323d5018d9649e24f53840,SDRW2000000176.1.1.27,audio_pairing_unresolved,alignment_and_analysis,C:\Users\ari30\research\2026_summer_research\outputs\reports\PLAN_2020_wav_duration_recovery_20260801.csv,approved,target_unresolved
2020,7b52204cdb2119b057e5d961ecd75ab33858a3f5a1323d5018d9649e24f53840,SDRW2000000176.1.1.270,audio_pairing_unresolved,alignment_and_analysis,C:\Users\ari30\research\2026_summer_research\outputs\reports\PLAN_2020_wav_duration_recovery_20260801.csv,approved,target_unresolved
2020,7b52204cdb2119b057e5d961ecd75ab33858a3f5a1323d5018d9649e24f53840,SDRW2000000176.1.1.271,audio_pairing_unresolved,alignment_and_analysis,C:\Users\ari30\research\2026_summer_research\outputs\reports\PLAN_2020_wav_duration_recovery_20260801.csv,approved,target_unresolved
2020,7b52204cdb2119b057e5d961ecd75ab33858a3f5a1323d5018d9649e24f53840,SDRW2000000176.1.1.272,audio_pairing_unresolved,alignment_and_analysis,C:\Users\ari30\research\2026_summer_research\outputs\reports\PLAN_2020_wav_duration_recovery_20260801.csv,approved,target_unresolved
2020,7b52204cdb2119b057e5d961ecd75ab33858a3f5a1323d5018d9649e24f53840,SDRW2000000176.1.1.273,audio_pairing_unresolved,alignment_and_analysis,C:\Users\ari30\research\2026_summer_research\outputs\reports\PLAN_2020_wav_duration_recovery_20260801.csv,approved,target_unresolved
2020,7b52204cdb2119b057e5d961ecd75ab33858a3f5a1323d5018d9649e24f53840,SDRW2000000176.1.1.274,audio_pairing_unresolved,alignment_and_analysis,C:\Users\ari30\research\2026_summer_research\outputs\reports\PLAN_2020_wav_duration_recovery_20260801.csv,approved,target_unresolved
2020,7b52204cdb2119b057e5d961ecd75ab33858a3f5a1323d5018d9649e24f53840,SDRW2000000176.1.1.275,audio_pairing_unresolved,alignment_and_analysis,C:\Users\ari30\research\2026_summer_research\outputs\reports\PLAN_2020_wav_duration_recovery_20260801.csv,approved,target_unresolved
2020,7b52204cdb2119b057e5d961ecd75ab33858a3f5a1323d5018d9649e24f53840,SDRW2000000176.1.1.276,audio_pairing_unresolved,alignment_and_analysis,C:\Users\ari30\research\2026_summer_research\outputs\reports\PLAN_2020_wav_duration_recovery_20260801.csv,approved,target_unresolved
2020,7b52204cdb2119b057e5d961ecd75ab33858a3f5a1323d5018d9649e24f53840,SDRW2000000176.1.1.277,audio_pairing_unresolved,alignment_and_analysis,C:\Users\ari30\research\2026_summer_research\outputs\reports\PLAN_2020_wav_duration_recovery_20260801.csv,approved,target_unresolved
2020,7b52204cdb2119b057e5d961ecd75ab33858a3f5a1323d5018d9649e24f53840,SDRW2000000176.1.1.278,audio_pairing_unresolved,alignment_and_analysis,C:\Users\ari30\research\2026_summer_research\outputs\reports\PLAN_2020_wav_duration_recovery_20260801.csv,approved,target_unresolved
2020,7b52204cdb2119b057e5d961ecd75ab33858a3f5a1323d5018d9649e24f53840,SDRW2000000176.1.1.279,audio_pairing_unresolved,alignment_and_analysis,C:\Users\ari30\research\2026_summer_research\outputs\reports\PLAN_2020_wav_duration_recovery_20260801.csv,approved,target_unresolved
2020,7b52204cdb2119b057e5d961ecd75ab33858a3f5a1323d5018d9649e24f53840,SDRW2000000176.1.1.28,audio_pairing_unresolved,alignment_and_analysis,C:\Users\ari30\research\2026_summer_research\outputs\reports\PLAN_2020_wav_duration_recovery_20260801.csv,approved,target_unresolved
2020,7b52204cdb2119b057e5d961ecd75ab33858a3f5a1323d5018d9649e24f53840,SDRW2000000176.1.1.280,audio_pairing_unresolved,alignment_and_analysis,C:\Users\ari30\research\2026_summer_research\outputs\reports\PLAN_2020_wav_duration_recovery_20260801.csv,approved,target_unresolved
2020,7b52204cdb2119b057e5d961ecd75ab33858a3f5a1323d5018d9649e24f53840,SDRW2000000176.1.1.281,audio_pairing_unresolved,alignment_and_analysis,C:\Users\ari30\research\2026_summer_research\outputs\reports\PLAN_2020_wav_duration_recovery_20260801.csv,approved,target_unresolved
2020,7b52204cdb2119b057e5d961ecd75ab33858a3f5a1323d5018d9649e24f53840,SDRW2000000176.1.1.282,audio_pairing_unresolved,alignment_and_analysis,C:\Users\ari30\research\2026_summer_research\outputs\reports\PLAN_2020_wav_duration_recovery_20260801.csv,approved,target_unresolved
2020,7b52204cdb2119b057e5d961ecd75ab33858a3f5a1323d5018d9649e24f53840,SDRW2000000176.1.1.283,audio_pairing_unresolved,alignment_and_analysis,C:\Users\ari30\research\2026_summer_research\outputs\reports\PLAN_2020_wav_duration_recovery_20260801.csv,approved,target_unresolved
2020,7b52204cdb2119b057e5d961ecd75ab33858a3f5a1323d5018d9649e24f53840,SDRW2000000176.1.1.284,audio_pairing_unresolved,alignment_and_analysis,C:\Users\ari30\research\2026_summer_research\outputs\reports\PLAN_2020_wav_duration_recovery_20260801.csv,approved,target_unresolved
2020,7b52204cdb2119b057e5d961ecd75ab33858a3f5a1323d5018d9649e24f53840,SDRW2000000176.1.1.285,audio_pairing_unresolved,alignment_and_analysis,C:\Users\ari30\research\2026_summer_research\outputs\reports\PLAN_2020_wav_duration_recovery_20260801.csv,approved,target_unresolved
2020,7b52204cdb2119b057e5d961ecd75ab33858a3f5a1323d5018d9649e24f53840,SDRW2000000176.1.1.286,audio_pairing_unresolved,alignment_and_analysis,C:\Users\ari30\research\2026_summer_research\outputs\reports\PLAN_2020_wav_duration_recovery_20260801.csv,approved,target_unresolved
2020,7b52204cdb2119b057e5d961ecd75ab33858a3f5a1323d5018d9649e24f53840,SDRW2000000176.1.1.287,audio_pairing_unresolved,alignment_and_analysis,C:\Users\ari30\research\2026_summer_research\outputs\reports\PLAN_2020_wav_duration_recovery_20260801.csv,approved,target_unresolved
2020,7b52204cdb2119b057e5d961ecd75ab33858a3f5a1323d5018d9649e24f53840,SDRW2000000176.1.1.288,audio_pairing_unresolved,alignment_and_analysis,C:\Users\ari30\research\2026_summer_research\outputs\reports\PLAN_2020_wav_duration_recovery_20260801.csv,approved,target_unresolved
2020,7b52204cdb2119b057e5d961ecd75ab33858a3f5a1323d5018d9649e24f53840,SDRW2000000176.1.1.289,audio_pairing_unresolved,alignment_and_analysis,C:\Users\ari30\research\2026_summer_research\outputs\reports\PLAN_2020_wav_duration_recovery_20260801.csv,approved,target_unresolved
2020,7b52204cdb2119b057e5d961ecd75ab33858a3f5a1323d5018d9649e24f53840,SDRW2000000176.1.1.29,audio_pairing_unresolved,alignment_and_analysis,C:\Users\ari30\research\2026_summer_research\outputs\reports\PLAN_2020_wav_duration_recovery_20260801.csv,approved,target_unresolved
2020,7b52204cdb2119b057e5d961ecd75ab33858a3f5a1323d5018d9649e24f53840,SDRW2000000176.1.1.290,audio_pairing_unresolved,alignment_and_analysis,C:\Users\ari30\research\2026_summer_research\outputs\reports\PLAN_2020_wav_duration_recovery_20260801.csv,approved,target_unresolved
2020,7b52204cdb2119b057e5d961ecd75ab33858a3f5a1323d5018d9649e24f53840,SDRW2000000176.1.1.291,audio_pairing_unresolved,alignment_and_analysis,C:\Users\ari30\research\2026_summer_research\outputs\reports\PLAN_2020_wav_duration_recovery_20260801.csv,approved,target_unresolved
2020,7b52204cdb2119b057e5d961ecd75ab33858a3f5a1323d5018d9649e24f53840,SDRW2000000176.1.1.292,audio_pairing_unresolved,alignment_and_analysis,C:\Users\ari30\research\2026_summer_research\outputs\reports\PLAN_2020_wav_duration_recovery_20260801.csv,approved,target_unresolved
2020,7b52204cdb2119b057e5d961ecd75ab33858a3f5a1323d5018d9649e24f53840,SDRW2000000176.1.1.293,audio_pairing_unresolved,alignment_and_analysis,C:\Users\ari30\research\2026_summer_research\outputs\reports\PLAN_2020_wav_duration_recovery_20260801.csv,approved,target_unresolved
2020,7b52204cdb2119b057e5d961ecd75ab33858a3f5a1323d5018d9649e24f53840,SDRW2000000176.1.1.294,audio_pairing_unresolved,alignment_and_analysis,C:\Users\ari30\research\2026_summer_research\outputs\reports\PLAN_2020_wav_duration_recovery_20260801.csv,approved,target_unresolved
2020,7b52204cdb2119b057e5d961ecd75ab33858a3f5a1323d5018d9649e24f53840,SDRW2000000176.1.1.295,audio_pairing_unresolved,alignment_and_analysis,C:\Users\ari30\research\2026_summer_research\outputs\reports\PLAN_2020_wav_duration_recovery_20260801.csv,approved,target_unresolved
2020,7b52204cdb2119b057e5d961ecd75ab33858a3f5a1323d5018d9649e24f53840,SDRW2000000176.1.1.296,audio_pairing_unresolved,alignment_and_analysis,C:\Users\ari30\research\2026_summer_research\outputs\reports\PLAN_2020_wav_duration_recovery_20260801.csv,approved,target_unresolved
2020,7b52204cdb2119b057e5d961ecd75ab33858a3f5a1323d5018d9649e24f53840,SDRW2000000176.1.1.297,audio_pairing_unresolved,alignment_and_analysis,C:\Users\ari30\research\2026_summer_research\outputs\reports\PLAN_2020_wav_duration_recovery_20260801.csv,approved,target_unresolved
2020,7b52204cdb2119b057e5d961ecd75ab33858a3f5a1323d5018d9649e24f53840,SDRW2000000176.1.1.298,audio_pairing_unresolved,alignment_and_analysis,C:\Users\ari30\research\2026_summer_research\outputs\reports\PLAN_2020_wav_duration_recovery_20260801.csv,approved,target_unresolved
2020,7b52204cdb2119b057e5d961ecd75ab33858a3f5a1323d5018d9649e24f53840,SDRW2000000176.1.1.299,audio_pairing_unresolved,alignment_and_analysis,C:\Users\ari30\research\2026_summer_research\outputs\reports\PLAN_2020_wav_duration_recovery_20260801.csv,approved,target_unresolved
2020,7b52204cdb2119b057e5d961ecd75ab33858a3f5a1323d5018d9649e24f53840,SDRW2000000176.1.1.3,audio_pairing_unresolved,alignment_and_analysis,C:\Users\ari30\research\2026_summer_research\outputs\reports\PLAN_2020_wav_duration_recovery_20260801.csv,approved,target_unresolved
2020,7b52204cdb2119b057e5d961ecd75ab33858a3f5a1323d5018d9649e24f53840,SDRW2000000176.1.1.30,audio_pairing_unresolved,alignment_and_analysis,C:\Users\ari30\research\2026_summer_research\outputs\reports\PLAN_2020_wav_duration_recovery_20260801.csv,approved,target_unresolved
2020,7b52204cdb2119b057e5d961ecd75ab33858a3f5a1323d5018d9649e24f53840,SDRW2000000176.1.1.300,audio_pairing_unresolved,alignment_and_analysis,C:\Users\ari30\research\2026_summer_research\outputs\reports\PLAN_2020_wav_duration_recovery_20260801.csv,approved,target_unresolved
2020,7b52204cdb2119b057e5d961ecd75ab33858a3f5a1323d5018d9649e24f53840,SDRW2000000176.1.1.301,audio_pairing_unresolved,alignment_and_analysis,C:\Users\ari30\research\2026_summer_research\outputs\reports\PLAN_2020_wav_duration_recovery_20260801.csv,approved,target_unresolved
2020,7b52204cdb2119b057e5d961ecd75ab33858a3f5a1323d5018d9649e24f53840,SDRW2000000176.1.1.302,audio_pairing_unresolved,alignment_and_analysis,C:\Users\ari30\research\2026_summer_research\outputs\reports\PLAN_2020_wav_duration_recovery_20260801.csv,approved,target_unresolved
2020,7b52204cdb2119b057e5d961ecd75ab33858a3f5a1323d5018d9649e24f53840,SDRW2000000176.1.1.303,audio_pairing_unresolved,alignment_and_analysis,C:\Users\ari30\research\2026_summer_research\outputs\reports\PLAN_2020_wav_duration_recovery_20260801.csv,approved,target_unresolved
2020,7b52204cdb2119b057e5d961ecd75ab33858a3f5a1323d5018d9649e24f53840,SDRW2000000176.1.1.304,audio_pairing_unresolved,alignment_and_analysis,C:\Users\ari30\research\2026_summer_research\outputs\reports\PLAN_2020_wav_duration_recovery_20260801.csv,approved,target_unresolved
2020,7b52204cdb2119b057e5d961ecd75ab33858a3f5a1323d5018d9649e24f53840,SDRW2000000176.1.1.305,audio_pairing_unresolved,alignment_and_analysis,C:\Users\ari30\research\2026_summer_research\outputs\reports\PLAN_2020_wav_duration_recovery_20260801.csv,approved,target_unresolved
2020,7b52204cdb2119b057e5d961ecd75ab33858a3f5a1323d5018d9649e24f53840,SDRW2000000176.1.1.306,audio_pairing_unresolved,alignment_and_analysis,C:\Users\ari30\research\2026_summer_research\outputs\reports\PLAN_2020_wav_duration_recovery_20260801.csv,approved,target_unresolved
2020,7b52204cdb2119b057e5d961ecd75ab33858a3f5a1323d5018d9649e24f53840,SDRW2000000176.1.1.307,audio_pairing_unresolved,alignment_and_analysis,C:\Users\ari30\research\2026_summer_research\outputs\reports\PLAN_2020_wav_duration_recovery_20260801.csv,approved,target_unresolved
2020,7b52204cdb2119b057e5d961ecd75ab33858a3f5a1323d5018d9649e24f53840,SDRW2000000176.1.1.308,audio_pairing_unresolved,alignment_and_analysis,C:\Users\ari30\research\2026_summer_research\outputs\reports\PLAN_2020_wav_duration_recovery_20260801.csv,approved,target_unresolved
2020,7b52204cdb2119b057e5d961ecd75ab33858a3f5a1323d5018d9649e24f53840,SDRW2000000176.1.1.309,audio_pairing_unresolved,alignment_and_analysis,C:\Users\ari30\research\2026_summer_research\outputs\reports\PLAN_2020_wav_duration_recovery_20260801.csv,approved,target_unresolved
2020,7b52204cdb2119b057e5d961ecd75ab33858a3f5a1323d5018d9649e24f53840,SDRW2000000176.1.1.31,audio_pairing_unresolved,alignment_and_analysis,C:\Users\ari30\research\2026_summer_research\outputs\reports\PLAN_2020_wav_duration_recovery_20260801.csv,approved,target_unresolved
2020,7b52204cdb2119b057e5d961ecd75ab33858a3f5a1323d5018d9649e24f53840,SDRW2000000176.1.1.310,audio_pairing_unresolved,alignment_and_analysis,C:\Users\ari30\research\2026_summer_research\outputs\reports\PLAN_2020_wav_duration_recovery_20260801.csv,approved,target_unresolved
2020,7b52204cdb2119b057e5d961ecd75ab33858a3f5a1323d5018d9649e24f53840,SDRW2000000176.1.1.311,audio_pairing_unresolved,alignment_and_analysis,C:\Users\ari30\research\2026_summer_research\outputs\reports\PLAN_2020_wav_duration_recovery_20260801.csv,approved,target_unresolved
2020,7b52204cdb2119b057e5d961ecd75ab33858a3f5a1323d5018d9649e24f53840,SDRW2000000176.1.1.312,audio_pairing_unresolved,alignment_and_analysis,C:\Users\ari30\research\2026_summer_research\outputs\reports\PLAN_2020_wav_duration_recovery_20260801.csv,approved,target_unresolved
2020,7b52204cdb2119b057e5d961ecd75ab33858a3f5a1323d5018d9649e24f53840,SDRW2000000176.1.1.313,audio_pairing_unresolved,alignment_and_analysis,C:\Users\ari30\research\2026_summer_research\outputs\reports\PLAN_2020_wav_duration_recovery_20260801.csv,approved,target_unresolved
2020,7b52204cdb2119b057e5d961ecd75ab33858a3f5a1323d5018d9649e24f53840,SDRW2000000176.1.1.314,audio_pairing_unresolved,alignment_and_analysis,C:\Users\ari30\research\2026_summer_research\outputs\reports\PLAN_2020_wav_duration_recovery_20260801.csv,approved,target_unresolved
2020,7b52204cdb2119b057e5d961ecd75ab33858a3f5a1323d5018d9649e24f53840,SDRW2000000176.1.1.315,audio_pairing_unresolved,alignment_and_analysis,C:\Users\ari30\research\2026_summer_research\outputs\reports\PLAN_2020_wav_duration_recovery_20260801.csv,approved,target_unresolved
2020,7b52204cdb2119b057e5d961ecd75ab33858a3f5a1323d5018d9649e24f53840,SDRW2000000176.1.1.316,audio_pairing_unresolved,alignment_and_analysis,C:\Users\ari30\research\2026_summer_research\outputs\reports\PLAN_2020_wav_duration_recovery_20260801.csv,approved,target_unresolved
2020,7b52204cdb2119b057e5d961ecd75ab33858a3f5a1323d5018d9649e24f53840,SDRW2000000176.1.1.317,audio_pairing_unresolved,alignment_and_analysis,C:\Users\ari30\research\2026_summer_research\outputs\reports\PLAN_2020_wav_duration_recovery_20260801.csv,approved,target_unresolved
2020,7b52204cdb2119b057e5d961ecd75ab33858a3f5a1323d5018d9649e24f53840,SDRW2000000176.1.1.318,audio_pairing_unresolved,alignment_and_analysis,C:\Users\ari30\research\2026_summer_research\outputs\reports\PLAN_2020_wav_duration_recovery_20260801.csv,approved,target_unresolved
2020,7b52204cdb2119b057e5d961ecd75ab33858a3f5a1323d5018d9649e24f53840,SDRW2000000176.1.1.319,audio_pairing_unresolved,alignment_and_analysis,C:\Users\ari30\research\2026_summer_research\outputs\reports\PLAN_2020_wav_duration_recovery_20260801.csv,approved,target_unresolved
2020,7b52204cdb2119b057e5d961ecd75ab33858a3f5a1323d5018d9649e24f53840,SDRW2000000176.1.1.32,audio_pairing_unresolved,alignment_and_analysis,C:\Users\ari30\research\2026_summer_research\outputs\reports\PLAN_2020_wav_duration_recovery_20260801.csv,approved,target_unresolved
2020,7b52204cdb2119b057e5d961ecd75ab33858a3f5a1323d5018d9649e24f53840,SDRW2000000176.1.1.320,audio_pairing_unresolved,alignment_and_analysis,C:\Users\ari30\research\2026_summer_research\outputs\reports\PLAN_2020_wav_duration_recovery_20260801.csv,approved,target_unresolved
2020,7b52204cdb2119b057e5d961ecd75ab33858a3f5a1323d5018d9649e24f53840,SDRW2000000176.1.1.321,audio_pairing_unresolved,alignment_and_analysis,C:\Users\ari30\research\2026_summer_research\outputs\reports\PLAN_2020_wav_duration_recovery_20260801.csv,approved,target_unresolved
2020,7b52204cdb2119b057e5d961ecd75ab33858a3f5a1323d5018d9649e24f53840,SDRW2000000176.1.1.322,audio_pairing_unresolved,alignment_and_analysis,C:\Users\ari30\research\2026_summer_research\outputs\reports\PLAN_2020_wav_duration_recovery_20260801.csv,approved,target_unresolved
2020,7b52204cdb2119b057e5d961ecd75ab33858a3f5a1323d5018d9649e24f53840,SDRW2000000176.1.1.323,audio_pairing_unresolved,alignment_and_analysis,C:\Users\ari30\research\2026_summer_research\outputs\reports\PLAN_2020_wav_duration_recovery_20260801.csv,approved,target_unresolved
2020,7b52204cdb2119b057e5d961ecd75ab33858a3f5a1323d5018d9649e24f53840,SDRW2000000176.1.1.324,audio_pairing_unresolved,alignment_and_analysis,C:\Users\ari30\research\2026_summer_research\outputs\reports\PLAN_2020_wav_duration_recovery_20260801.csv,approved,target_unresolved
2020,7b52204cdb2119b057e5d961ecd75ab33858a3f5a1323d5018d9649e24f53840,SDRW2000000176.1.1.325,audio_pairing_unresolved,alignment_and_analysis,C:\Users\ari30\research\2026_summer_research\outputs\reports\PLAN_2020_wav_duration_recovery_20260801.csv,approved,target_unresolved
2020,7b52204cdb2119b057e5d961ecd75ab33858a3f5a1323d5018d9649e24f53840,SDRW2000000176.1.1.326,audio_pairing_unresolved,alignment_and_analysis,C:\Users\ari30\research\2026_summer_research\outputs\reports\PLAN_2020_wav_duration_recovery_20260801.csv,approved,target_unresolved
2020,7b52204cdb2119b057e5d961ecd75ab33858a3f5a1323d5018d9649e24f53840,SDRW2000000176.1.1.327,audio_pairing_unresolved,alignment_and_analysis,C:\Users\ari30\research\2026_summer_research\outputs\reports\PLAN_2020_wav_duration_recovery_20260801.csv,approved,target_unresolved
2020,7b52204cdb2119b057e5d961ecd75ab33858a3f5a1323d5018d9649e24f53840,SDRW2000000176.1.1.328,audio_pairing_unresolved,alignment_and_analysis,C:\Users\ari30\research\2026_summer_research\outputs\reports\PLAN_2020_wav_duration_recovery_20260801.csv,approved,target_unresolved
2020,7b52204cdb2119b057e5d961ecd75ab33858a3f5a1323d5018d9649e24f53840,SDRW2000000176.1.1.329,audio_pairing_unresolved,alignment_and_analysis,C:\Users\ari30\research\2026_summer_research\outputs\reports\PLAN_2020_wav_duration_recovery_20260801.csv,approved,target_unresolved
2020,7b52204cdb2119b057e5d961ecd75ab33858a3f5a1323d5018d9649e24f53840,SDRW2000000176.1.1.33,audio_pairing_unresolved,alignment_and_analysis,C:\Users\ari30\research\2026_summer_research\outputs\reports\PLAN_2020_wav_duration_recovery_20260801.csv,approved,target_unresolved
2020,7b52204cdb2119b057e5d961ecd75ab33858a3f5a1323d5018d9649e24f53840,SDRW2000000176.1.1.330,audio_pairing_unresolved,alignment_and_analysis,C:\Users\ari30\research\2026_summer_research\outputs\reports\PLAN_2020_wav_duration_recovery_20260801.csv,approved,target_unresolved
2020,7b52204cdb2119b057e5d961ecd75ab33858a3f5a1323d5018d9649e24f53840,SDRW2000000176.1.1.331,audio_pairing_unresolved,alignment_and_analysis,C:\Users\ari30\research\2026_summer_research\outputs\reports\PLAN_2020_wav_duration_recovery_20260801.csv,approved,target_unresolved
2020,7b52204cdb2119b057e5d961ecd75ab33858a3f5a1323d5018d9649e24f53840,SDRW2000000176.1.1.332,audio_pairing_unresolved,alignment_and_analysis,C:\Users\ari30\research\2026_summer_research\outputs\reports\PLAN_2020_wav_duration_recovery_20260801.csv,approved,target_unresolved
2020,7b52204cdb2119b057e5d961ecd75ab33858a3f5a1323d5018d9649e24f53840,SDRW2000000176.1.1.333,audio_pairing_unresolved,alignment_and_analysis,C:\Users\ari30\research\2026_summer_research\outputs\reports\PLAN_2020_wav_duration_recovery_20260801.csv,approved,target_unresolved
2020,7b52204cdb2119b057e5d961ecd75ab33858a3f5a1323d5018d9649e24f53840,SDRW2000000176.1.1.334,audio_pairing_unresolved,alignment_and_analysis,C:\Users\ari30\research\2026_summer_research\outputs\reports\PLAN_2020_wav_duration_recovery_20260801.csv,approved,target_unresolved
2020,7b52204cdb2119b057e5d961ecd75ab33858a3f5a1323d5018d9649e24f53840,SDRW2000000176.1.1.335,audio_pairing_unresolved,alignment_and_analysis,C:\Users\ari30\research\2026_summer_research\outputs\reports\PLAN_2020_wav_duration_recovery_20260801.csv,approved,target_unresolved
2020,7b52204cdb2119b057e5d961ecd75ab33858a3f5a1323d5018d9649e24f53840,SDRW2000000176.1.1.336,audio_pairing_unresolved,alignment_and_analysis,C:\Users\ari30\research\2026_summer_research\outputs\reports\PLAN_2020_wav_duration_recovery_20260801.csv,approved,target_unresolved
2020,7b52204cdb2119b057e5d961ecd75ab33858a3f5a1323d5018d9649e24f53840,SDRW2000000176.1.1.337,audio_pairing_unresolved,alignment_and_analysis,C:\Users\ari30\research\2026_summer_research\outputs\reports\PLAN_2020_wav_duration_recovery_20260801.csv,approved,target_unresolved
2020,7b52204cdb2119b057e5d961ecd75ab33858a3f5a1323d5018d9649e24f53840,SDRW2000000176.1.1.338,audio_pairing_unresolved,alignment_and_analysis,C:\Users\ari30\research\2026_summer_research\outputs\reports\PLAN_2020_wav_duration_recovery_20260801.csv,approved,target_unresolved
2020,7b52204cdb2119b057e5d961ecd75ab33858a3f5a1323d5018d9649e24f53840,SDRW2000000176.1.1.339,audio_pairing_unresolved,alignment_and_analysis,C:\Users\ari30\research\2026_summer_research\outputs\reports\PLAN_2020_wav_duration_recovery_20260801.csv,approved,target_unresolved
2020,7b52204cdb2119b057e5d961ecd75ab33858a3f5a1323d5018d9649e24f53840,SDRW2000000176.1.1.34,audio_pairing_unresolved,alignment_and_analysis,C:\Users\ari30\research\2026_summer_research\outputs\reports\PLAN_2020_wav_duration_recovery_20260801.csv,approved,target_unresolved
2020,7b52204cdb2119b057e5d961ecd75ab33858a3f5a1323d5018d9649e24f53840,SDRW2000000176.1.1.340,audio_pairing_unresolved,alignment_and_analysis,C:\Users\ari30\research\2026_summer_research\outputs\reports\PLAN_2020_wav_duration_recovery_20260801.csv,approved,target_unresolved
2020,7b52204cdb2119b057e5d961ecd75ab33858a3f5a1323d5018d9649e24f53840,SDRW2000000176.1.1.341,audio_pairing_unresolved,alignment_and_analysis,C:\Users\ari30\research\2026_summer_research\outputs\reports\PLAN_2020_wav_duration_recovery_20260801.csv,approved,target_unresolved
2020,7b52204cdb2119b057e5d961ecd75ab33858a3f5a1323d5018d9649e24f53840,SDRW2000000176.1.1.342,audio_pairing_unresolved,alignment_and_analysis,C:\Users\ari30\research\2026_summer_research\outputs\reports\PLAN_2020_wav_duration_recovery_20260801.csv,approved,target_unresolved
2020,7b52204cdb2119b057e5d961ecd75ab33858a3f5a1323d5018d9649e24f53840,SDRW2000000176.1.1.343,audio_pairing_unresolved,alignment_and_analysis,C:\Users\ari30\research\2026_summer_research\outputs\reports\PLAN_2020_wav_duration_recovery_20260801.csv,approved,target_unresolved
2020,7b52204cdb2119b057e5d961ecd75ab33858a3f5a1323d5018d9649e24f53840,SDRW2000000176.1.1.344,audio_pairing_unresolved,alignment_and_analysis,C:\Users\ari30\research\2026_summer_research\outputs\reports\PLAN_2020_wav_duration_recovery_20260801.csv,approved,target_unresolved
2020,7b52204cdb2119b057e5d961ecd75ab33858a3f5a1323d5018d9649e24f53840,SDRW2000000176.1.1.345,audio_pairing_unresolved,alignment_and_analysis,C:\Users\ari30\research\2026_summer_research\outputs\reports\PLAN_2020_wav_duration_recovery_20260801.csv,approved,target_unresolved
2020,7b52204cdb2119b057e5d961ecd75ab33858a3f5a1323d5018d9649e24f53840,SDRW2000000176.1.1.346,audio_pairing_unresolved,alignment_and_analysis,C:\Users\ari30\research\2026_summer_research\outputs\reports\PLAN_2020_wav_duration_recovery_20260801.csv,approved,target_unresolved
2020,7b52204cdb2119b057e5d961ecd75ab33858a3f5a1323d5018d9649e24f53840,SDRW2000000176.1.1.347,audio_pairing_unresolved,alignment_and_analysis,C:\Users\ari30\research\2026_summer_research\outputs\reports\PLAN_2020_wav_duration_recovery_20260801.csv,approved,target_unresolved
2020,7b52204cdb2119b057e5d961ecd75ab33858a3f5a1323d5018d9649e24f53840,SDRW2000000176.1.1.348,audio_pairing_unresolved,alignment_and_analysis,C:\Users\ari30\research\2026_summer_research\outputs\reports\PLAN_2020_wav_duration_recovery_20260801.csv,approved,target_unresolved
2020,7b52204cdb2119b057e5d961ecd75ab33858a3f5a1323d5018d9649e24f53840,SDRW2000000176.1.1.349,audio_pairing_unresolved,alignment_and_analysis,C:\Users\ari30\research\2026_summer_research\outputs\reports\PLAN_2020_wav_duration_recovery_20260801.csv,approved,target_unresolved
2020,7b52204cdb2119b057e5d961ecd75ab33858a3f5a1323d5018d9649e24f53840,SDRW2000000176.1.1.35,audio_pairing_unresolved,alignment_and_analysis,C:\Users\ari30\research\2026_summer_research\outputs\reports\PLAN_2020_wav_duration_recovery_20260801.csv,approved,target_unresolved
2020,7b52204cdb2119b057e5d961ecd75ab33858a3f5a1323d5018d9649e24f53840,SDRW2000000176.1.1.350,audio_pairing_unresolved,alignment_and_analysis,C:\Users\ari30\research\2026_summer_research\outputs\reports\PLAN_2020_wav_duration_recovery_20260801.csv,approved,target_unresolved
2020,7b52204cdb2119b057e5d961ecd75ab33858a3f5a1323d5018d9649e24f53840,SDRW2000000176.1.1.351,audio_pairing_unresolved,alignment_and_analysis,C:\Users\ari30\research\2026_summer_research\outputs\reports\PLAN_2020_wav_duration_recovery_20260801.csv,approved,target_unresolved
2020,7b52204cdb2119b057e5d961ecd75ab33858a3f5a1323d5018d9649e24f53840,SDRW2000000176.1.1.352,audio_pairing_unresolved,alignment_and_analysis,C:\Users\ari30\research\2026_summer_research\outputs\reports\PLAN_2020_wav_duration_recovery_20260801.csv,approved,target_unresolved
2020,7b52204cdb2119b057e5d961ecd75ab33858a3f5a1323d5018d9649e24f53840,SDRW2000000176.1.1.353,audio_pairing_unresolved,alignment_and_analysis,C:\Users\ari30\research\2026_summer_research\outputs\reports\PLAN_2020_wav_duration_recovery_20260801.csv,approved,target_unresolved
2020,7b52204cdb2119b057e5d961ecd75ab33858a3f5a1323d5018d9649e24f53840,SDRW2000000176.1.1.354,audio_pairing_unresolved,alignment_and_analysis,C:\Users\ari30\research\2026_summer_research\outputs\reports\PLAN_2020_wav_duration_recovery_20260801.csv,approved,target_unresolved
2020,7b52204cdb2119b057e5d961ecd75ab33858a3f5a1323d5018d9649e24f53840,SDRW2000000176.1.1.355,audio_pairing_unresolved,alignment_and_analysis,C:\Users\ari30\research\2026_summer_research\outputs\reports\PLAN_2020_wav_duration_recovery_20260801.csv,approved,target_unresolved
2020,7b52204cdb2119b057e5d961ecd75ab33858a3f5a1323d5018d9649e24f53840,SDRW2000000176.1.1.356,audio_pairing_unresolved,alignment_and_analysis,C:\Users\ari30\research\2026_summer_research\outputs\reports\PLAN_2020_wav_duration_recovery_20260801.csv,approved,target_unresolved
2020,7b52204cdb2119b057e5d961ecd75ab33858a3f5a1323d5018d9649e24f53840,SDRW2000000176.1.1.357,audio_pairing_unresolved,alignment_and_analysis,C:\Users\ari30\research\2026_summer_research\outputs\reports\PLAN_2020_wav_duration_recovery_20260801.csv,approved,target_unresolved
2020,7b52204cdb2119b057e5d961ecd75ab33858a3f5a1323d5018d9649e24f53840,SDRW2000000176.1.1.358,audio_pairing_unresolved,alignment_and_analysis,C:\Users\ari30\research\2026_summer_research\outputs\reports\PLAN_2020_wav_duration_recovery_20260801.csv,approved,target_unresolved
2020,7b52204cdb2119b057e5d961ecd75ab33858a3f5a1323d5018d9649e24f53840,SDRW2000000176.1.1.359,audio_pairing_unresolved,alignment_and_analysis,C:\Users\ari30\research\2026_summer_research\outputs\reports\PLAN_2020_wav_duration_recovery_20260801.csv,approved,target_unresolved
2020,7b52204cdb2119b057e5d961ecd75ab33858a3f5a1323d5018d9649e24f53840,SDRW2000000176.1.1.36,audio_pairing_unresolved,alignment_and_analysis,C:\Users\ari30\research\2026_summer_research\outputs\reports\PLAN_2020_wav_duration_recovery_20260801.csv,approved,target_unresolved
2020,7b52204cdb2119b057e5d961ecd75ab33858a3f5a1323d5018d9649e24f53840,SDRW2000000176.1.1.360,audio_pairing_unresolved,alignment_and_analysis,C:\Users\ari30\research\2026_summer_research\outputs\reports\PLAN_2020_wav_duration_recovery_20260801.csv,approved,target_unresolved
2020,7b52204cdb2119b057e5d961ecd75ab33858a3f5a1323d5018d9649e24f53840,SDRW2000000176.1.1.361,audio_pairing_unresolved,alignment_and_analysis,C:\Users\ari30\research\2026_summer_research\outputs\reports\PLAN_2020_wav_duration_recovery_20260801.csv,approved,target_unresolved
2020,7b52204cdb2119b057e5d961ecd75ab33858a3f5a1323d5018d9649e24f53840,SDRW2000000176.1.1.362,audio_pairing_unresolved,alignment_and_analysis,C:\Users\ari30\research\2026_summer_research\outputs\reports\PLAN_2020_wav_duration_recovery_20260801.csv,approved,target_unresolved
2020,7b52204cdb2119b057e5d961ecd75ab33858a3f5a1323d5018d9649e24f53840,SDRW2000000176.1.1.363,audio_pairing_unresolved,alignment_and_analysis,C:\Users\ari30\research\2026_summer_research\outputs\reports\PLAN_2020_wav_duration_recovery_20260801.csv,approved,target_unresolved
2020,7b52204cdb2119b057e5d961ecd75ab33858a3f5a1323d5018d9649e24f53840,SDRW2000000176.1.1.364,audio_pairing_unresolved,alignment_and_analysis,C:\Users\ari30\research\2026_summer_research\outputs\reports\PLAN_2020_wav_duration_recovery_20260801.csv,approved,target_unresolved
2020,7b52204cdb2119b057e5d961ecd75ab33858a3f5a1323d5018d9649e24f53840,SDRW2000000176.1.1.365,audio_pairing_unresolved,alignment_and_analysis,C:\Users\ari30\research\2026_summer_research\outputs\reports\PLAN_2020_wav_duration_recovery_20260801.csv,approved,target_unresolved
2020,7b52204cdb2119b057e5d961ecd75ab33858a3f5a1323d5018d9649e24f53840,SDRW2000000176.1.1.366,audio_pairing_unresolved,alignment_and_analysis,C:\Users\ari30\research\2026_summer_research\outputs\reports\PLAN_2020_wav_duration_recovery_20260801.csv,approved,target_unresolved
2020,7b52204cdb2119b057e5d961ecd75ab33858a3f5a1323d5018d9649e24f53840,SDRW2000000176.1.1.367,audio_pairing_unresolved,alignment_and_analysis,C:\Users\ari30\research\2026_summer_research\outputs\reports\PLAN_2020_wav_duration_recovery_20260801.csv,approved,target_unresolved
2020,7b52204cdb2119b057e5d961ecd75ab33858a3f5a1323d5018d9649e24f53840,SDRW2000000176.1.1.368,audio_pairing_unresolved,alignment_and_analysis,C:\Users\ari30\research\2026_summer_research\outputs\reports\PLAN_2020_wav_duration_recovery_20260801.csv,approved,target_unresolved
2020,7b52204cdb2119b057e5d961ecd75ab33858a3f5a1323d5018d9649e24f53840,SDRW2000000176.1.1.369,audio_pairing_unresolved,alignment_and_analysis,C:\Users\ari30\research\2026_summer_research\outputs\reports\PLAN_2020_wav_duration_recovery_20260801.csv,approved,target_unresolved
2020,7b52204cdb2119b057e5d961ecd75ab33858a3f5a1323d5018d9649e24f53840,SDRW2000000176.1.1.37,audio_pairing_unresolved,alignment_and_analysis,C:\Users\ari30\research\2026_summer_research\outputs\reports\PLAN_2020_wav_duration_recovery_20260801.csv,approved,target_unresolved
2020,7b52204cdb2119b057e5d961ecd75ab33858a3f5a1323d5018d9649e24f53840,SDRW2000000176.1.1.370,audio_pairing_unresolved,alignment_and_analysis,C:\Users\ari30\research\2026_summer_research\outputs\reports\PLAN_2020_wav_duration_recovery_20260801.csv,approved,target_unresolved
2020,7b52204cdb2119b057e5d961ecd75ab33858a3f5a1323d5018d9649e24f53840,SDRW2000000176.1.1.371,audio_pairing_unresolved,alignment_and_analysis,C:\Users\ari30\research\2026_summer_research\outputs\reports\PLAN_2020_wav_duration_recovery_20260801.csv,approved,target_unresolved
2020,7b52204cdb2119b057e5d961ecd75ab33858a3f5a1323d5018d9649e24f53840,SDRW2000000176.1.1.372,audio_pairing_unresolved,alignment_and_analysis,C:\Users\ari30\research\2026_summer_research\outputs\reports\PLAN_2020_wav_duration_recovery_20260801.csv,approved,target_unresolved
2020,7b52204cdb2119b057e5d961ecd75ab33858a3f5a1323d5018d9649e24f53840,SDRW2000000176.1.1.373,audio_pairing_unresolved,alignment_and_analysis,C:\Users\ari30\research\2026_summer_research\outputs\reports\PLAN_2020_wav_duration_recovery_20260801.csv,approved,target_unresolved
2020,7b52204cdb2119b057e5d961ecd75ab33858a3f5a1323d5018d9649e24f53840,SDRW2000000176.1.1.374,audio_pairing_unresolved,alignment_and_analysis,C:\Users\ari30\research\2026_summer_research\outputs\reports\PLAN_2020_wav_duration_recovery_20260801.csv,approved,target_unresolved
2020,7b52204cdb2119b057e5d961ecd75ab33858a3f5a1323d5018d9649e24f53840,SDRW2000000176.1.1.375,audio_pairing_unresolved,alignment_and_analysis,C:\Users\ari30\research\2026_summer_research\outputs\reports\PLAN_2020_wav_duration_recovery_20260801.csv,approved,target_unresolved
2020,7b52204cdb2119b057e5d961ecd75ab33858a3f5a1323d5018d9649e24f53840,SDRW2000000176.1.1.376,audio_pairing_unresolved,alignment_and_analysis,C:\Users\ari30\research\2026_summer_research\outputs\reports\PLAN_2020_wav_duration_recovery_20260801.csv,approved,target_unresolved
2020,7b52204cdb2119b057e5d961ecd75ab33858a3f5a1323d5018d9649e24f53840,SDRW2000000176.1.1.377,audio_pairing_unresolved,alignment_and_analysis,C:\Users\ari30\research\2026_summer_research\outputs\reports\PLAN_2020_wav_duration_recovery_20260801.csv,approved,target_unresolved
2020,7b52204cdb2119b057e5d961ecd75ab33858a3f5a1323d5018d9649e24f53840,SDRW2000000176.1.1.378,audio_pairing_unresolved,alignment_and_analysis,C:\Users\ari30\research\2026_summer_research\outputs\reports\PLAN_2020_wav_duration_recovery_20260801.csv,approved,target_unresolved
2020,7b52204cdb2119b057e5d961ecd75ab33858a3f5a1323d5018d9649e24f53840,SDRW2000000176.1.1.379,audio_pairing_unresolved,alignment_and_analysis,C:\Users\ari30\research\2026_summer_research\outputs\reports\PLAN_2020_wav_duration_recovery_20260801.csv,approved,target_unresolved
2020,7b52204cdb2119b057e5d961ecd75ab33858a3f5a1323d5018d9649e24f53840,SDRW2000000176.1.1.38,audio_pairing_unresolved,alignment_and_analysis,C:\Users\ari30\research\2026_summer_research\outputs\reports\PLAN_2020_wav_duration_recovery_20260801.csv,approved,target_unresolved
2020,7b52204cdb2119b057e5d961ecd75ab33858a3f5a1323d5018d9649e24f53840,SDRW2000000176.1.1.380,audio_pairing_unresolved,alignment_and_analysis,C:\Users\ari30\research\2026_summer_research\outputs\reports\PLAN_2020_wav_duration_recovery_20260801.csv,approved,target_unresolved
2020,7b52204cdb2119b057e5d961ecd75ab33858a3f5a1323d5018d9649e24f53840,SDRW2000000176.1.1.381,audio_pairing_unresolved,alignment_and_analysis,C:\Users\ari30\research\2026_summer_research\outputs\reports\PLAN_2020_wav_duration_recovery_20260801.csv,approved,target_unresolved
2020,7b52204cdb2119b057e5d961ecd75ab33858a3f5a1323d5018d9649e24f53840,SDRW2000000176.1.1.382,audio_pairing_unresolved,alignment_and_analysis,C:\Users\ari30\research\2026_summer_research\outputs\reports\PLAN_2020_wav_duration_recovery_20260801.csv,approved,target_unresolved
2020,7b52204cdb2119b057e5d961ecd75ab33858a3f5a1323d5018d9649e24f53840,SDRW2000000176.1.1.383,audio_pairing_unresolved,alignment_and_analysis,C:\Users\ari30\research\2026_summer_research\outputs\reports\PLAN_2020_wav_duration_recovery_20260801.csv,approved,target_unresolved
2020,7b52204cdb2119b057e5d961ecd75ab33858a3f5a1323d5018d9649e24f53840,SDRW2000000176.1.1.384,audio_pairing_unresolved,alignment_and_analysis,C:\Users\ari30\research\2026_summer_research\outputs\reports\PLAN_2020_wav_duration_recovery_20260801.csv,approved,target_unresolved
2020,7b52204cdb2119b057e5d961ecd75ab33858a3f5a1323d5018d9649e24f53840,SDRW2000000176.1.1.385,audio_pairing_unresolved,alignment_and_analysis,C:\Users\ari30\research\2026_summer_research\outputs\reports\PLAN_2020_wav_duration_recovery_20260801.csv,approved,target_unresolved
2020,7b52204cdb2119b057e5d961ecd75ab33858a3f5a1323d5018d9649e24f53840,SDRW2000000176.1.1.386,audio_pairing_unresolved,alignment_and_analysis,C:\Users\ari30\research\2026_summer_research\outputs\reports\PLAN_2020_wav_duration_recovery_20260801.csv,approved,target_unresolved
2020,7b52204cdb2119b057e5d961ecd75ab33858a3f5a1323d5018d9649e24f53840,SDRW2000000176.1.1.387,audio_pairing_unresolved,alignment_and_analysis,C:\Users\ari30\research\2026_summer_research\outputs\reports\PLAN_2020_wav_duration_recovery_20260801.csv,approved,target_unresolved
2020,7b52204cdb2119b057e5d961ecd75ab33858a3f5a1323d5018d9649e24f53840,SDRW2000000176.1.1.388,audio_pairing_unresolved,alignment_and_analysis,C:\Users\ari30\research\2026_summer_research\outputs\reports\PLAN_2020_wav_duration_recovery_20260801.csv,approved,target_unresolved
2020,7b52204cdb2119b057e5d961ecd75ab33858a3f5a1323d5018d9649e24f53840,SDRW2000000176.1.1.389,audio_pairing_unresolved,alignment_and_analysis,C:\Users\ari30\research\2026_summer_research\outputs\reports\PLAN_2020_wav_duration_recovery_20260801.csv,approved,target_unresolved
2020,7b52204cdb2119b057e5d961ecd75ab33858a3f5a1323d5018d9649e24f53840,SDRW2000000176.1.1.39,audio_pairing_unresolved,alignment_and_analysis,C:\Users\ari30\research\2026_summer_research\outputs\reports\PLAN_2020_wav_duration_recovery_20260801.csv,approved,target_unresolved
2020,7b52204cdb2119b057e5d961ecd75ab33858a3f5a1323d5018d9649e24f53840,SDRW2000000176.1.1.390,audio_pairing_unresolved,alignment_and_analysis,C:\Users\ari30\research\2026_summer_research\outputs\reports\PLAN_2020_wav_duration_recovery_20260801.csv,approved,target_unresolved
2020,7b52204cdb2119b057e5d961ecd75ab33858a3f5a1323d5018d9649e24f53840,SDRW2000000176.1.1.391,audio_pairing_unresolved,alignment_and_analysis,C:\Users\ari30\research\2026_summer_research\outputs\reports\PLAN_2020_wav_duration_recovery_20260801.csv,approved,target_unresolved
2020,7b52204cdb2119b057e5d961ecd75ab33858a3f5a1323d5018d9649e24f53840,SDRW2000000176.1.1.392,audio_pairing_unresolved,alignment_and_analysis,C:\Users\ari30\research\2026_summer_research\outputs\reports\PLAN_2020_wav_duration_recovery_20260801.csv,approved,target_unresolved
2020,7b52204cdb2119b057e5d961ecd75ab33858a3f5a1323d5018d9649e24f53840,SDRW2000000176.1.1.393,audio_pairing_unresolved,alignment_and_analysis,C:\Users\ari30\research\2026_summer_research\outputs\reports\PLAN_2020_wav_duration_recovery_20260801.csv,approved,target_unresolved
2020,7b52204cdb2119b057e5d961ecd75ab33858a3f5a1323d5018d9649e24f53840,SDRW2000000176.1.1.394,audio_pairing_unresolved,alignment_and_analysis,C:\Users\ari30\research\2026_summer_research\outputs\reports\PLAN_2020_wav_duration_recovery_20260801.csv,approved,target_unresolved
2020,7b52204cdb2119b057e5d961ecd75ab33858a3f5a1323d5018d9649e24f53840,SDRW2000000176.1.1.395,audio_pairing_unresolved,alignment_and_analysis,C:\Users\ari30\research\2026_summer_research\outputs\reports\PLAN_2020_wav_duration_recovery_20260801.csv,approved,target_unresolved
2020,7b52204cdb2119b057e5d961ecd75ab33858a3f5a1323d5018d9649e24f53840,SDRW2000000176.1.1.396,audio_pairing_unresolved,alignment_and_analysis,C:\Users\ari30\research\2026_summer_research\outputs\reports\PLAN_2020_wav_duration_recovery_20260801.csv,approved,target_unresolved
2020,7b52204cdb2119b057e5d961ecd75ab33858a3f5a1323d5018d9649e24f53840,SDRW2000000176.1.1.397,audio_pairing_unresolved,alignment_and_analysis,C:\Users\ari30\research\2026_summer_research\outputs\reports\PLAN_2020_wav_duration_recovery_20260801.csv,approved,target_unresolved
2020,7b52204cdb2119b057e5d961ecd75ab33858a3f5a1323d5018d9649e24f53840,SDRW2000000176.1.1.398,audio_pairing_unresolved,alignment_and_analysis,C:\Users\ari30\research\2026_summer_research\outputs\reports\PLAN_2020_wav_duration_recovery_20260801.csv,approved,target_unresolved
2020,7b52204cdb2119b057e5d961ecd75ab33858a3f5a1323d5018d9649e24f53840,SDRW2000000176.1.1.399,audio_pairing_unresolved,alignment_and_analysis,C:\Users\ari30\research\2026_summer_research\outputs\reports\PLAN_2020_wav_duration_recovery_20260801.csv,approved,target_unresolved
2020,7b52204cdb2119b057e5d961ecd75ab33858a3f5a1323d5018d9649e24f53840,SDRW2000000176.1.1.4,audio_pairing_unresolved,alignment_and_analysis,C:\Users\ari30\research\2026_summer_research\outputs\reports\PLAN_2020_wav_duration_recovery_20260801.csv,approved,target_unresolved
2020,7b52204cdb2119b057e5d961ecd75ab33858a3f5a1323d5018d9649e24f53840,SDRW2000000176.1.1.40,audio_pairing_unresolved,alignment_and_analysis,C:\Users\ari30\research\2026_summer_research\outputs\reports\PLAN_2020_wav_duration_recovery_20260801.csv,approved,target_unresolved
2020,7b52204cdb2119b057e5d961ecd75ab33858a3f5a1323d5018d9649e24f53840,SDRW2000000176.1.1.400,audio_pairing_unresolved,alignment_and_analysis,C:\Users\ari30\research\2026_summer_research\outputs\reports\PLAN_2020_wav_duration_recovery_20260801.csv,approved,target_unresolved
2020,7b52204cdb2119b057e5d961ecd75ab33858a3f5a1323d5018d9649e24f53840,SDRW2000000176.1.1.401,audio_pairing_unresolved,alignment_and_analysis,C:\Users\ari30\research\2026_summer_research\outputs\reports\PLAN_2020_wav_duration_recovery_20260801.csv,approved,target_unresolved
2020,7b52204cdb2119b057e5d961ecd75ab33858a3f5a1323d5018d9649e24f53840,SDRW2000000176.1.1.402,audio_pairing_unresolved,alignment_and_analysis,C:\Users\ari30\research\2026_summer_research\outputs\reports\PLAN_2020_wav_duration_recovery_20260801.csv,approved,target_unresolved
2020,7b52204cdb2119b057e5d961ecd75ab33858a3f5a1323d5018d9649e24f53840,SDRW2000000176.1.1.403,audio_pairing_unresolved,alignment_and_analysis,C:\Users\ari30\research\2026_summer_research\outputs\reports\PLAN_2020_wav_duration_recovery_20260801.csv,approved,target_unresolved
2020,7b52204cdb2119b057e5d961ecd75ab33858a3f5a1323d5018d9649e24f53840,SDRW2000000176.1.1.404,audio_pairing_unresolved,alignment_and_analysis,C:\Users\ari30\research\2026_summer_research\outputs\reports\PLAN_2020_wav_duration_recovery_20260801.csv,approved,target_unresolved
2020,7b52204cdb2119b057e5d961ecd75ab33858a3f5a1323d5018d9649e24f53840,SDRW2000000176.1.1.405,audio_pairing_unresolved,alignment_and_analysis,C:\Users\ari30\research\2026_summer_research\outputs\reports\PLAN_2020_wav_duration_recovery_20260801.csv,approved,target_unresolved
2020,7b52204cdb2119b057e5d961ecd75ab33858a3f5a1323d5018d9649e24f53840,SDRW2000000176.1.1.406,audio_pairing_unresolved,alignment_and_analysis,C:\Users\ari30\research\2026_summer_research\outputs\reports\PLAN_2020_wav_duration_recovery_20260801.csv,approved,target_unresolved
2020,7b52204cdb2119b057e5d961ecd75ab33858a3f5a1323d5018d9649e24f53840,SDRW2000000176.1.1.407,audio_pairing_unresolved,alignment_and_analysis,C:\Users\ari30\research\2026_summer_research\outputs\reports\PLAN_2020_wav_duration_recovery_20260801.csv,approved,target_unresolved
2020,7b52204cdb2119b057e5d961ecd75ab33858a3f5a1323d5018d9649e24f53840,SDRW2000000176.1.1.408,audio_pairing_unresolved,alignment_and_analysis,C:\Users\ari30\research\2026_summer_research\outputs\reports\PLAN_2020_wav_duration_recovery_20260801.csv,approved,target_unresolved
2020,7b52204cdb2119b057e5d961ecd75ab33858a3f5a1323d5018d9649e24f53840,SDRW2000000176.1.1.409,audio_pairing_unresolved,alignment_and_analysis,C:\Users\ari30\research\2026_summer_research\outputs\reports\PLAN_2020_wav_duration_recovery_20260801.csv,approved,target_unresolved
2020,7b52204cdb2119b057e5d961ecd75ab33858a3f5a1323d5018d9649e24f53840,SDRW2000000176.1.1.41,audio_pairing_unresolved,alignment_and_analysis,C:\Users\ari30\research\2026_summer_research\outputs\reports\PLAN_2020_wav_duration_recovery_20260801.csv,approved,target_unresolved
2020,7b52204cdb2119b057e5d961ecd75ab33858a3f5a1323d5018d9649e24f53840,SDRW2000000176.1.1.410,audio_pairing_unresolved,alignment_and_analysis,C:\Users\ari30\research\2026_summer_research\outputs\reports\PLAN_2020_wav_duration_recovery_20260801.csv,approved,target_unresolved
2020,7b52204cdb2119b057e5d961ecd75ab33858a3f5a1323d5018d9649e24f53840,SDRW2000000176.1.1.411,audio_pairing_unresolved,alignment_and_analysis,C:\Users\ari30\research\2026_summer_research\outputs\reports\PLAN_2020_wav_duration_recovery_20260801.csv,approved,target_unresolved
2020,7b52204cdb2119b057e5d961ecd75ab33858a3f5a1323d5018d9649e24f53840,SDRW2000000176.1.1.412,audio_pairing_unresolved,alignment_and_analysis,C:\Users\ari30\research\2026_summer_research\outputs\reports\PLAN_2020_wav_duration_recovery_20260801.csv,approved,target_unresolved
2020,7b52204cdb2119b057e5d961ecd75ab33858a3f5a1323d5018d9649e24f53840,SDRW2000000176.1.1.413,audio_pairing_unresolved,alignment_and_analysis,C:\Users\ari30\research\2026_summer_research\outputs\reports\PLAN_2020_wav_duration_recovery_20260801.csv,approved,target_unresolved
2020,7b52204cdb2119b057e5d961ecd75ab33858a3f5a1323d5018d9649e24f53840,SDRW2000000176.1.1.414,audio_pairing_unresolved,alignment_and_analysis,C:\Users\ari30\research\2026_summer_research\outputs\reports\PLAN_2020_wav_duration_recovery_20260801.csv,approved,target_unresolved
2020,7b52204cdb2119b057e5d961ecd75ab33858a3f5a1323d5018d9649e24f53840,SDRW2000000176.1.1.415,audio_pairing_unresolved,alignment_and_analysis,C:\Users\ari30\research\2026_summer_research\outputs\reports\PLAN_2020_wav_duration_recovery_20260801.csv,approved,target_unresolved
2020,7b52204cdb2119b057e5d961ecd75ab33858a3f5a1323d5018d9649e24f53840,SDRW2000000176.1.1.416,audio_pairing_unresolved,alignment_and_analysis,C:\Users\ari30\research\2026_summer_research\outputs\reports\PLAN_2020_wav_duration_recovery_20260801.csv,approved,target_unresolved
2020,7b52204cdb2119b057e5d961ecd75ab33858a3f5a1323d5018d9649e24f53840,SDRW2000000176.1.1.417,audio_pairing_unresolved,alignment_and_analysis,C:\Users\ari30\research\2026_summer_research\outputs\reports\PLAN_2020_wav_duration_recovery_20260801.csv,approved,target_unresolved
2020,7b52204cdb2119b057e5d961ecd75ab33858a3f5a1323d5018d9649e24f53840,SDRW2000000176.1.1.418,audio_pairing_unresolved,alignment_and_analysis,C:\Users\ari30\research\2026_summer_research\outputs\reports\PLAN_2020_wav_duration_recovery_20260801.csv,approved,target_unresolved
2020,7b52204cdb2119b057e5d961ecd75ab33858a3f5a1323d5018d9649e24f53840,SDRW2000000176.1.1.419,audio_pairing_unresolved,alignment_and_analysis,C:\Users\ari30\research\2026_summer_research\outputs\reports\PLAN_2020_wav_duration_recovery_20260801.csv,approved,target_unresolved
2020,7b52204cdb2119b057e5d961ecd75ab33858a3f5a1323d5018d9649e24f53840,SDRW2000000176.1.1.42,audio_pairing_unresolved,alignment_and_analysis,C:\Users\ari30\research\2026_summer_research\outputs\reports\PLAN_2020_wav_duration_recovery_20260801.csv,approved,target_unresolved
2020,7b52204cdb2119b057e5d961ecd75ab33858a3f5a1323d5018d9649e24f53840,SDRW2000000176.1.1.420,audio_pairing_unresolved,alignment_and_analysis,C:\Users\ari30\research\2026_summer_research\outputs\reports\PLAN_2020_wav_duration_recovery_20260801.csv,approved,target_unresolved
2020,7b52204cdb2119b057e5d961ecd75ab33858a3f5a1323d5018d9649e24f53840,SDRW2000000176.1.1.421,audio_pairing_unresolved,alignment_and_analysis,C:\Users\ari30\research\2026_summer_research\outputs\reports\PLAN_2020_wav_duration_recovery_20260801.csv,approved,target_unresolved
2020,7b52204cdb2119b057e5d961ecd75ab33858a3f5a1323d5018d9649e24f53840,SDRW2000000176.1.1.422,audio_pairing_unresolved,alignment_and_analysis,C:\Users\ari30\research\2026_summer_research\outputs\reports\PLAN_2020_wav_duration_recovery_20260801.csv,approved,target_unresolved
2020,7b52204cdb2119b057e5d961ecd75ab33858a3f5a1323d5018d9649e24f53840,SDRW2000000176.1.1.423,audio_pairing_unresolved,alignment_and_analysis,C:\Users\ari30\research\2026_summer_research\outputs\reports\PLAN_2020_wav_duration_recovery_20260801.csv,approved,target_unresolved
2020,7b52204cdb2119b057e5d961ecd75ab33858a3f5a1323d5018d9649e24f53840,SDRW2000000176.1.1.424,audio_pairing_unresolved,alignment_and_analysis,C:\Users\ari30\research\2026_summer_research\outputs\reports\PLAN_2020_wav_duration_recovery_20260801.csv,approved,target_unresolved
2020,7b52204cdb2119b057e5d961ecd75ab33858a3f5a1323d5018d9649e24f53840,SDRW2000000176.1.1.425,audio_pairing_unresolved,alignment_and_analysis,C:\Users\ari30\research\2026_summer_research\outputs\reports\PLAN_2020_wav_duration_recovery_20260801.csv,approved,target_unresolved
2020,7b52204cdb2119b057e5d961ecd75ab33858a3f5a1323d5018d9649e24f53840,SDRW2000000176.1.1.426,audio_pairing_unresolved,alignment_and_analysis,C:\Users\ari30\research\2026_summer_research\outputs\reports\PLAN_2020_wav_duration_recovery_20260801.csv,approved,target_unresolved
2020,7b52204cdb2119b057e5d961ecd75ab33858a3f5a1323d5018d9649e24f53840,SDRW2000000176.1.1.427,audio_pairing_unresolved,alignment_and_analysis,C:\Users\ari30\research\2026_summer_research\outputs\reports\PLAN_2020_wav_duration_recovery_20260801.csv,approved,target_unresolved
2020,7b52204cdb2119b057e5d961ecd75ab33858a3f5a1323d5018d9649e24f53840,SDRW2000000176.1.1.428,audio_pairing_unresolved,alignment_and_analysis,C:\Users\ari30\research\2026_summer_research\outputs\reports\PLAN_2020_wav_duration_recovery_20260801.csv,approved,target_unresolved
2020,7b52204cdb2119b057e5d961ecd75ab33858a3f5a1323d5018d9649e24f53840,SDRW2000000176.1.1.429,audio_pairing_unresolved,alignment_and_analysis,C:\Users\ari30\research\2026_summer_research\outputs\reports\PLAN_2020_wav_duration_recovery_20260801.csv,approved,target_unresolved
2020,7b52204cdb2119b057e5d961ecd75ab33858a3f5a1323d5018d9649e24f53840,SDRW2000000176.1.1.43,audio_pairing_unresolved,alignment_and_analysis,C:\Users\ari30\research\2026_summer_research\outputs\reports\PLAN_2020_wav_duration_recovery_20260801.csv,approved,target_unresolved
2020,7b52204cdb2119b057e5d961ecd75ab33858a3f5a1323d5018d9649e24f53840,SDRW2000000176.1.1.430,audio_pairing_unresolved,alignment_and_analysis,C:\Users\ari30\research\2026_summer_research\outputs\reports\PLAN_2020_wav_duration_recovery_20260801.csv,approved,target_unresolved
2020,7b52204cdb2119b057e5d961ecd75ab33858a3f5a1323d5018d9649e24f53840,SDRW2000000176.1.1.431,audio_pairing_unresolved,alignment_and_analysis,C:\Users\ari30\research\2026_summer_research\outputs\reports\PLAN_2020_wav_duration_recovery_20260801.csv,approved,target_unresolved
2020,7b52204cdb2119b057e5d961ecd75ab33858a3f5a1323d5018d9649e24f53840,SDRW2000000176.1.1.432,audio_pairing_unresolved,alignment_and_analysis,C:\Users\ari30\research\2026_summer_research\outputs\reports\PLAN_2020_wav_duration_recovery_20260801.csv,approved,target_unresolved
2020,7b52204cdb2119b057e5d961ecd75ab33858a3f5a1323d5018d9649e24f53840,SDRW2000000176.1.1.433,audio_pairing_unresolved,alignment_and_analysis,C:\Users\ari30\research\2026_summer_research\outputs\reports\PLAN_2020_wav_duration_recovery_20260801.csv,approved,target_unresolved
2020,7b52204cdb2119b057e5d961ecd75ab33858a3f5a1323d5018d9649e24f53840,SDRW2000000176.1.1.434,audio_pairing_unresolved,alignment_and_analysis,C:\Users\ari30\research\2026_summer_research\outputs\reports\PLAN_2020_wav_duration_recovery_20260801.csv,approved,target_unresolved
2020,7b52204cdb2119b057e5d961ecd75ab33858a3f5a1323d5018d9649e24f53840,SDRW2000000176.1.1.435,audio_pairing_unresolved,alignment_and_analysis,C:\Users\ari30\research\2026_summer_research\outputs\reports\PLAN_2020_wav_duration_recovery_20260801.csv,approved,target_unresolved
2020,7b52204cdb2119b057e5d961ecd75ab33858a3f5a1323d5018d9649e24f53840,SDRW2000000176.1.1.436,audio_pairing_unresolved,alignment_and_analysis,C:\Users\ari30\research\2026_summer_research\outputs\reports\PLAN_2020_wav_duration_recovery_20260801.csv,approved,target_unresolved
2020,7b52204cdb2119b057e5d961ecd75ab33858a3f5a1323d5018d9649e24f53840,SDRW2000000176.1.1.437,audio_pairing_unresolved,alignment_and_analysis,C:\Users\ari30\research\2026_summer_research\outputs\reports\PLAN_2020_wav_duration_recovery_20260801.csv,approved,target_unresolved
2020,7b52204cdb2119b057e5d961ecd75ab33858a3f5a1323d5018d9649e24f53840,SDRW2000000176.1.1.438,audio_pairing_unresolved,alignment_and_analysis,C:\Users\ari30\research\2026_summer_research\outputs\reports\PLAN_2020_wav_duration_recovery_20260801.csv,approved,target_unresolved
2020,7b52204cdb2119b057e5d961ecd75ab33858a3f5a1323d5018d9649e24f53840,SDRW2000000176.1.1.439,audio_pairing_unresolved,alignment_and_analysis,C:\Users\ari30\research\2026_summer_research\outputs\reports\PLAN_2020_wav_duration_recovery_20260801.csv,approved,target_unresolved
2020,7b52204cdb2119b057e5d961ecd75ab33858a3f5a1323d5018d9649e24f53840,SDRW2000000176.1.1.44,audio_pairing_unresolved,alignment_and_analysis,C:\Users\ari30\research\2026_summer_research\outputs\reports\PLAN_2020_wav_duration_recovery_20260801.csv,approved,target_unresolved
2020,7b52204cdb2119b057e5d961ecd75ab33858a3f5a1323d5018d9649e24f53840,SDRW2000000176.1.1.440,audio_pairing_unresolved,alignment_and_analysis,C:\Users\ari30\research\2026_summer_research\outputs\reports\PLAN_2020_wav_duration_recovery_20260801.csv,approved,target_unresolved
2020,7b52204cdb2119b057e5d961ecd75ab33858a3f5a1323d5018d9649e24f53840,SDRW2000000176.1.1.441,audio_pairing_unresolved,alignment_and_analysis,C:\Users\ari30\research\2026_summer_research\outputs\reports\PLAN_2020_wav_duration_recovery_20260801.csv,approved,target_unresolved
2020,7b52204cdb2119b057e5d961ecd75ab33858a3f5a1323d5018d9649e24f53840,SDRW2000000176.1.1.442,audio_pairing_unresolved,alignment_and_analysis,C:\Users\ari30\research\2026_summer_research\outputs\reports\PLAN_2020_wav_duration_recovery_20260801.csv,approved,target_unresolved
2020,7b52204cdb2119b057e5d961ecd75ab33858a3f5a1323d5018d9649e24f53840,SDRW2000000176.1.1.443,audio_pairing_unresolved,alignment_and_analysis,C:\Users\ari30\research\2026_summer_research\outputs\reports\PLAN_2020_wav_duration_recovery_20260801.csv,approved,target_unresolved
2020,7b52204cdb2119b057e5d961ecd75ab33858a3f5a1323d5018d9649e24f53840,SDRW2000000176.1.1.444,audio_pairing_unresolved,alignment_and_analysis,C:\Users\ari30\research\2026_summer_research\outputs\reports\PLAN_2020_wav_duration_recovery_20260801.csv,approved,target_unresolved
2020,7b52204cdb2119b057e5d961ecd75ab33858a3f5a1323d5018d9649e24f53840,SDRW2000000176.1.1.445,audio_pairing_unresolved,alignment_and_analysis,C:\Users\ari30\research\2026_summer_research\outputs\reports\PLAN_2020_wav_duration_recovery_20260801.csv,approved,target_unresolved
2020,7b52204cdb2119b057e5d961ecd75ab33858a3f5a1323d5018d9649e24f53840,SDRW2000000176.1.1.446,audio_pairing_unresolved,alignment_and_analysis,C:\Users\ari30\research\2026_summer_research\outputs\reports\PLAN_2020_wav_duration_recovery_20260801.csv,approved,target_unresolved
2020,7b52204cdb2119b057e5d961ecd75ab33858a3f5a1323d5018d9649e24f53840,SDRW2000000176.1.1.447,audio_pairing_unresolved,alignment_and_analysis,C:\Users\ari30\research\2026_summer_research\outputs\reports\PLAN_2020_wav_duration_recovery_20260801.csv,approved,target_unresolved
2020,7b52204cdb2119b057e5d961ecd75ab33858a3f5a1323d5018d9649e24f53840,SDRW2000000176.1.1.448,audio_pairing_unresolved,alignment_and_analysis,C:\Users\ari30\research\2026_summer_research\outputs\reports\PLAN_2020_wav_duration_recovery_20260801.csv,approved,target_unresolved
2020,7b52204cdb2119b057e5d961ecd75ab33858a3f5a1323d5018d9649e24f53840,SDRW2000000176.1.1.449,audio_pairing_unresolved,alignment_and_analysis,C:\Users\ari30\research\2026_summer_research\outputs\reports\PLAN_2020_wav_duration_recovery_20260801.csv,approved,target_unresolved
2020,7b52204cdb2119b057e5d961ecd75ab33858a3f5a1323d5018d9649e24f53840,SDRW2000000176.1.1.45,audio_pairing_unresolved,alignment_and_analysis,C:\Users\ari30\research\2026_summer_research\outputs\reports\PLAN_2020_wav_duration_recovery_20260801.csv,approved,target_unresolved
2020,7b52204cdb2119b057e5d961ecd75ab33858a3f5a1323d5018d9649e24f53840,SDRW2000000176.1.1.450,audio_pairing_unresolved,alignment_and_analysis,C:\Users\ari30\research\2026_summer_research\outputs\reports\PLAN_2020_wav_duration_recovery_20260801.csv,approved,target_unresolved
2020,7b52204cdb2119b057e5d961ecd75ab33858a3f5a1323d5018d9649e24f53840,SDRW2000000176.1.1.451,audio_pairing_unresolved,alignment_and_analysis,C:\Users\ari30\research\2026_summer_research\outputs\reports\PLAN_2020_wav_duration_recovery_20260801.csv,approved,target_unresolved
2020,7b52204cdb2119b057e5d961ecd75ab33858a3f5a1323d5018d9649e24f53840,SDRW2000000176.1.1.452,audio_pairing_unresolved,alignment_and_analysis,C:\Users\ari30\research\2026_summer_research\outputs\reports\PLAN_2020_wav_duration_recovery_20260801.csv,approved,target_unresolved
2020,7b52204cdb2119b057e5d961ecd75ab33858a3f5a1323d5018d9649e24f53840,SDRW2000000176.1.1.453,audio_pairing_unresolved,alignment_and_analysis,C:\Users\ari30\research\2026_summer_research\outputs\reports\PLAN_2020_wav_duration_recovery_20260801.csv,approved,target_unresolved
2020,7b52204cdb2119b057e5d961ecd75ab33858a3f5a1323d5018d9649e24f53840,SDRW2000000176.1.1.454,audio_pairing_unresolved,alignment_and_analysis,C:\Users\ari30\research\2026_summer_research\outputs\reports\PLAN_2020_wav_duration_recovery_20260801.csv,approved,target_unresolved
2020,7b52204cdb2119b057e5d961ecd75ab33858a3f5a1323d5018d9649e24f53840,SDRW2000000176.1.1.455,audio_pairing_unresolved,alignment_and_analysis,C:\Users\ari30\research\2026_summer_research\outputs\reports\PLAN_2020_wav_duration_recovery_20260801.csv,approved,target_unresolved
2020,7b52204cdb2119b057e5d961ecd75ab33858a3f5a1323d5018d9649e24f53840,SDRW2000000176.1.1.456,audio_pairing_unresolved,alignment_and_analysis,C:\Users\ari30\research\2026_summer_research\outputs\reports\PLAN_2020_wav_duration_recovery_20260801.csv,approved,target_unresolved
2020,7b52204cdb2119b057e5d961ecd75ab33858a3f5a1323d5018d9649e24f53840,SDRW2000000176.1.1.457,audio_pairing_unresolved,alignment_and_analysis,C:\Users\ari30\research\2026_summer_research\outputs\reports\PLAN_2020_wav_duration_recovery_20260801.csv,approved,target_unresolved
2020,7b52204cdb2119b057e5d961ecd75ab33858a3f5a1323d5018d9649e24f53840,SDRW2000000176.1.1.458,audio_pairing_unresolved,alignment_and_analysis,C:\Users\ari30\research\2026_summer_research\outputs\reports\PLAN_2020_wav_duration_recovery_20260801.csv,approved,target_unresolved
2020,7b52204cdb2119b057e5d961ecd75ab33858a3f5a1323d5018d9649e24f53840,SDRW2000000176.1.1.459,audio_pairing_unresolved,alignment_and_analysis,C:\Users\ari30\research\2026_summer_research\outputs\reports\PLAN_2020_wav_duration_recovery_20260801.csv,approved,target_unresolved
2020,7b52204cdb2119b057e5d961ecd75ab33858a3f5a1323d5018d9649e24f53840,SDRW2000000176.1.1.46,audio_pairing_unresolved,alignment_and_analysis,C:\Users\ari30\research\2026_summer_research\outputs\reports\PLAN_2020_wav_duration_recovery_20260801.csv,approved,target_unresolved
2020,7b52204cdb2119b057e5d961ecd75ab33858a3f5a1323d5018d9649e24f53840,SDRW2000000176.1.1.460,audio_pairing_unresolved,alignment_and_analysis,C:\Users\ari30\research\2026_summer_research\outputs\reports\PLAN_2020_wav_duration_recovery_20260801.csv,approved,target_unresolved
2020,7b52204cdb2119b057e5d961ecd75ab33858a3f5a1323d5018d9649e24f53840,SDRW2000000176.1.1.461,audio_pairing_unresolved,alignment_and_analysis,C:\Users\ari30\research\2026_summer_research\outputs\reports\PLAN_2020_wav_duration_recovery_20260801.csv,approved,target_unresolved
2020,7b52204cdb2119b057e5d961ecd75ab33858a3f5a1323d5018d9649e24f53840,SDRW2000000176.1.1.462,audio_pairing_unresolved,alignment_and_analysis,C:\Users\ari30\research\2026_summer_research\outputs\reports\PLAN_2020_wav_duration_recovery_20260801.csv,approved,target_unresolved
2020,7b52204cdb2119b057e5d961ecd75ab33858a3f5a1323d5018d9649e24f53840,SDRW2000000176.1.1.463,audio_pairing_unresolved,alignment_and_analysis,C:\Users\ari30\research\2026_summer_research\outputs\reports\PLAN_2020_wav_duration_recovery_20260801.csv,approved,target_unresolved
2020,7b52204cdb2119b057e5d961ecd75ab33858a3f5a1323d5018d9649e24f53840,SDRW2000000176.1.1.464,audio_pairing_unresolved,alignment_and_analysis,C:\Users\ari30\research\2026_summer_research\outputs\reports\PLAN_2020_wav_duration_recovery_20260801.csv,approved,target_unresolved
2020,7b52204cdb2119b057e5d961ecd75ab33858a3f5a1323d5018d9649e24f53840,SDRW2000000176.1.1.465,audio_pairing_unresolved,alignment_and_analysis,C:\Users\ari30\research\2026_summer_research\outputs\reports\PLAN_2020_wav_duration_recovery_20260801.csv,approved,target_unresolved
2020,7b52204cdb2119b057e5d961ecd75ab33858a3f5a1323d5018d9649e24f53840,SDRW2000000176.1.1.466,audio_pairing_unresolved,alignment_and_analysis,C:\Users\ari30\research\2026_summer_research\outputs\reports\PLAN_2020_wav_duration_recovery_20260801.csv,approved,target_unresolved
2020,7b52204cdb2119b057e5d961ecd75ab33858a3f5a1323d5018d9649e24f53840,SDRW2000000176.1.1.467,audio_pairing_unresolved,alignment_and_analysis,C:\Users\ari30\research\2026_summer_research\outputs\reports\PLAN_2020_wav_duration_recovery_20260801.csv,approved,target_unresolved
2020,7b52204cdb2119b057e5d961ecd75ab33858a3f5a1323d5018d9649e24f53840,SDRW2000000176.1.1.468,audio_pairing_unresolved,alignment_and_analysis,C:\Users\ari30\research\2026_summer_research\outputs\reports\PLAN_2020_wav_duration_recovery_20260801.csv,approved,target_unresolved
2020,7b52204cdb2119b057e5d961ecd75ab33858a3f5a1323d5018d9649e24f53840,SDRW2000000176.1.1.469,audio_pairing_unresolved,alignment_and_analysis,C:\Users\ari30\research\2026_summer_research\outputs\reports\PLAN_2020_wav_duration_recovery_20260801.csv,approved,target_unresolved
2020,7b52204cdb2119b057e5d961ecd75ab33858a3f5a1323d5018d9649e24f53840,SDRW2000000176.1.1.47,audio_pairing_unresolved,alignment_and_analysis,C:\Users\ari30\research\2026_summer_research\outputs\reports\PLAN_2020_wav_duration_recovery_20260801.csv,approved,target_unresolved
2020,7b52204cdb2119b057e5d961ecd75ab33858a3f5a1323d5018d9649e24f53840,SDRW2000000176.1.1.470,audio_pairing_unresolved,alignment_and_analysis,C:\Users\ari30\research\2026_summer_research\outputs\reports\PLAN_2020_wav_duration_recovery_20260801.csv,approved,target_unresolved
2020,7b52204cdb2119b057e5d961ecd75ab33858a3f5a1323d5018d9649e24f53840,SDRW2000000176.1.1.471,audio_pairing_unresolved,alignment_and_analysis,C:\Users\ari30\research\2026_summer_research\outputs\reports\PLAN_2020_wav_duration_recovery_20260801.csv,approved,target_unresolved
2020,7b52204cdb2119b057e5d961ecd75ab33858a3f5a1323d5018d9649e24f53840,SDRW2000000176.1.1.472,audio_pairing_unresolved,alignment_and_analysis,C:\Users\ari30\research\2026_summer_research\outputs\reports\PLAN_2020_wav_duration_recovery_20260801.csv,approved,target_unresolved
2020,7b52204cdb2119b057e5d961ecd75ab33858a3f5a1323d5018d9649e24f53840,SDRW2000000176.1.1.473,audio_pairing_unresolved,alignment_and_analysis,C:\Users\ari30\research\2026_summer_research\outputs\reports\PLAN_2020_wav_duration_recovery_20260801.csv,approved,target_unresolved
2020,7b52204cdb2119b057e5d961ecd75ab33858a3f5a1323d5018d9649e24f53840,SDRW2000000176.1.1.474,audio_pairing_unresolved,alignment_and_analysis,C:\Users\ari30\research\2026_summer_research\outputs\reports\PLAN_2020_wav_duration_recovery_20260801.csv,approved,target_unresolved
2020,7b52204cdb2119b057e5d961ecd75ab33858a3f5a1323d5018d9649e24f53840,SDRW2000000176.1.1.475,audio_pairing_unresolved,alignment_and_analysis,C:\Users\ari30\research\2026_summer_research\outputs\reports\PLAN_2020_wav_duration_recovery_20260801.csv,approved,target_unresolved
2020,7b52204cdb2119b057e5d961ecd75ab33858a3f5a1323d5018d9649e24f53840,SDRW2000000176.1.1.476,audio_pairing_unresolved,alignment_and_analysis,C:\Users\ari30\research\2026_summer_research\outputs\reports\PLAN_2020_wav_duration_recovery_20260801.csv,approved,target_unresolved
2020,7b52204cdb2119b057e5d961ecd75ab33858a3f5a1323d5018d9649e24f53840,SDRW2000000176.1.1.477,audio_pairing_unresolved,alignment_and_analysis,C:\Users\ari30\research\2026_summer_research\outputs\reports\PLAN_2020_wav_duration_recovery_20260801.csv,approved,target_unresolved
2020,7b52204cdb2119b057e5d961ecd75ab33858a3f5a1323d5018d9649e24f53840,SDRW2000000176.1.1.478,audio_pairing_unresolved,alignment_and_analysis,C:\Users\ari30\research\2026_summer_research\outputs\reports\PLAN_2020_wav_duration_recovery_20260801.csv,approved,target_unresolved
2020,7b52204cdb2119b057e5d961ecd75ab33858a3f5a1323d5018d9649e24f53840,SDRW2000000176.1.1.479,audio_pairing_unresolved,alignment_and_analysis,C:\Users\ari30\research\2026_summer_research\outputs\reports\PLAN_2020_wav_duration_recovery_20260801.csv,approved,target_unresolved
2020,7b52204cdb2119b057e5d961ecd75ab33858a3f5a1323d5018d9649e24f53840,SDRW2000000176.1.1.48,audio_pairing_unresolved,alignment_and_analysis,C:\Users\ari30\research\2026_summer_research\outputs\reports\PLAN_2020_wav_duration_recovery_20260801.csv,approved,target_unresolved
2020,7b52204cdb2119b057e5d961ecd75ab33858a3f5a1323d5018d9649e24f53840,SDRW2000000176.1.1.480,audio_pairing_unresolved,alignment_and_analysis,C:\Users\ari30\research\2026_summer_research\outputs\reports\PLAN_2020_wav_duration_recovery_20260801.csv,approved,target_unresolved
2020,7b52204cdb2119b057e5d961ecd75ab33858a3f5a1323d5018d9649e24f53840,SDRW2000000176.1.1.481,audio_pairing_unresolved,alignment_and_analysis,C:\Users\ari30\research\2026_summer_research\outputs\reports\PLAN_2020_wav_duration_recovery_20260801.csv,approved,target_unresolved
2020,7b52204cdb2119b057e5d961ecd75ab33858a3f5a1323d5018d9649e24f53840,SDRW2000000176.1.1.482,audio_pairing_unresolved,alignment_and_analysis,C:\Users\ari30\research\2026_summer_research\outputs\reports\PLAN_2020_wav_duration_recovery_20260801.csv,approved,target_unresolved
2020,7b52204cdb2119b057e5d961ecd75ab33858a3f5a1323d5018d9649e24f53840,SDRW2000000176.1.1.483,audio_pairing_unresolved,alignment_and_analysis,C:\Users\ari30\research\2026_summer_research\outputs\reports\PLAN_2020_wav_duration_recovery_20260801.csv,approved,target_unresolved
2020,7b52204cdb2119b057e5d961ecd75ab33858a3f5a1323d5018d9649e24f53840,SDRW2000000176.1.1.484,audio_pairing_unresolved,alignment_and_analysis,C:\Users\ari30\research\2026_summer_research\outputs\reports\PLAN_2020_wav_duration_recovery_20260801.csv,approved,target_unresolved
2020,7b52204cdb2119b057e5d961ecd75ab33858a3f5a1323d5018d9649e24f53840,SDRW2000000176.1.1.485,audio_pairing_unresolved,alignment_and_analysis,C:\Users\ari30\research\2026_summer_research\outputs\reports\PLAN_2020_wav_duration_recovery_20260801.csv,approved,target_unresolved
2020,7b52204cdb2119b057e5d961ecd75ab33858a3f5a1323d5018d9649e24f53840,SDRW2000000176.1.1.486,audio_pairing_unresolved,alignment_and_analysis,C:\Users\ari30\research\2026_summer_research\outputs\reports\PLAN_2020_wav_duration_recovery_20260801.csv,approved,target_unresolved
2020,7b52204cdb2119b057e5d961ecd75ab33858a3f5a1323d5018d9649e24f53840,SDRW2000000176.1.1.487,audio_pairing_unresolved,alignment_and_analysis,C:\Users\ari30\research\2026_summer_research\outputs\reports\PLAN_2020_wav_duration_recovery_20260801.csv,approved,target_unresolved
2020,7b52204cdb2119b057e5d961ecd75ab33858a3f5a1323d5018d9649e24f53840,SDRW2000000176.1.1.488,audio_pairing_unresolved,alignment_and_analysis,C:\Users\ari30\research\2026_summer_research\outputs\reports\PLAN_2020_wav_duration_recovery_20260801.csv,approved,target_unresolved
2020,7b52204cdb2119b057e5d961ecd75ab33858a3f5a1323d5018d9649e24f53840,SDRW2000000176.1.1.489,audio_pairing_unresolved,alignment_and_analysis,C:\Users\ari30\research\2026_summer_research\outputs\reports\PLAN_2020_wav_duration_recovery_20260801.csv,approved,target_unresolved
2020,7b52204cdb2119b057e5d961ecd75ab33858a3f5a1323d5018d9649e24f53840,SDRW2000000176.1.1.49,audio_pairing_unresolved,alignment_and_analysis,C:\Users\ari30\research\2026_summer_research\outputs\reports\PLAN_2020_wav_duration_recovery_20260801.csv,approved,target_unresolved
2020,7b52204cdb2119b057e5d961ecd75ab33858a3f5a1323d5018d9649e24f53840,SDRW2000000176.1.1.490,audio_pairing_unresolved,alignment_and_analysis,C:\Users\ari30\research\2026_summer_research\outputs\reports\PLAN_2020_wav_duration_recovery_20260801.csv,approved,target_unresolved
2020,7b52204cdb2119b057e5d961ecd75ab33858a3f5a1323d5018d9649e24f53840,SDRW2000000176.1.1.491,audio_pairing_unresolved,alignment_and_analysis,C:\Users\ari30\research\2026_summer_research\outputs\reports\PLAN_2020_wav_duration_recovery_20260801.csv,approved,target_unresolved
2020,7b52204cdb2119b057e5d961ecd75ab33858a3f5a1323d5018d9649e24f53840,SDRW2000000176.1.1.492,audio_pairing_unresolved,alignment_and_analysis,C:\Users\ari30\research\2026_summer_research\outputs\reports\PLAN_2020_wav_duration_recovery_20260801.csv,approved,target_unresolved
2020,7b52204cdb2119b057e5d961ecd75ab33858a3f5a1323d5018d9649e24f53840,SDRW2000000176.1.1.493,audio_pairing_unresolved,alignment_and_analysis,C:\Users\ari30\research\2026_summer_research\outputs\reports\PLAN_2020_wav_duration_recovery_20260801.csv,approved,target_unresolved
2020,7b52204cdb2119b057e5d961ecd75ab33858a3f5a1323d5018d9649e24f53840,SDRW2000000176.1.1.494,audio_pairing_unresolved,alignment_and_analysis,C:\Users\ari30\research\2026_summer_research\outputs\reports\PLAN_2020_wav_duration_recovery_20260801.csv,approved,target_unresolved
2020,7b52204cdb2119b057e5d961ecd75ab33858a3f5a1323d5018d9649e24f53840,SDRW2000000176.1.1.495,audio_pairing_unresolved,alignment_and_analysis,C:\Users\ari30\research\2026_summer_research\outputs\reports\PLAN_2020_wav_duration_recovery_20260801.csv,approved,target_unresolved
2020,7b52204cdb2119b057e5d961ecd75ab33858a3f5a1323d5018d9649e24f53840,SDRW2000000176.1.1.496,audio_pairing_unresolved,alignment_and_analysis,C:\Users\ari30\research\2026_summer_research\outputs\reports\PLAN_2020_wav_duration_recovery_20260801.csv,approved,target_unresolved
2020,7b52204cdb2119b057e5d961ecd75ab33858a3f5a1323d5018d9649e24f53840,SDRW2000000176.1.1.497,audio_pairing_unresolved,alignment_and_analysis,C:\Users\ari30\research\2026_summer_research\outputs\reports\PLAN_2020_wav_duration_recovery_20260801.csv,approved,target_unresolved
2020,7b52204cdb2119b057e5d961ecd75ab33858a3f5a1323d5018d9649e24f53840,SDRW2000000176.1.1.498,audio_pairing_unresolved,alignment_and_analysis,C:\Users\ari30\research\2026_summer_research\outputs\reports\PLAN_2020_wav_duration_recovery_20260801.csv,approved,target_unresolved
2020,7b52204cdb2119b057e5d961ecd75ab33858a3f5a1323d5018d9649e24f53840,SDRW2000000176.1.1.499,audio_pairing_unresolved,alignment_and_analysis,C:\Users\ari30\research\2026_summer_research\outputs\reports\PLAN_2020_wav_duration_recovery_20260801.csv,approved,target_unresolved
2020,7b52204cdb2119b057e5d961ecd75ab33858a3f5a1323d5018d9649e24f53840,SDRW2000000176.1.1.5,audio_pairing_unresolved,alignment_and_analysis,C:\Users\ari30\research\2026_summer_research\outputs\reports\PLAN_2020_wav_duration_recovery_20260801.csv,approved,target_unresolved
2020,7b52204cdb2119b057e5d961ecd75ab33858a3f5a1323d5018d9649e24f53840,SDRW2000000176.1.1.50,audio_pairing_unresolved,alignment_and_analysis,C:\Users\ari30\research\2026_summer_research\outputs\reports\PLAN_2020_wav_duration_recovery_20260801.csv,approved,target_unresolved
2020,7b52204cdb2119b057e5d961ecd75ab33858a3f5a1323d5018d9649e24f53840,SDRW2000000176.1.1.500,audio_pairing_unresolved,alignment_and_analysis,C:\Users\ari30\research\2026_summer_research\outputs\reports\PLAN_2020_wav_duration_recovery_20260801.csv,approved,target_unresolved
2020,7b52204cdb2119b057e5d961ecd75ab33858a3f5a1323d5018d9649e24f53840,SDRW2000000176.1.1.501,audio_pairing_unresolved,alignment_and_analysis,C:\Users\ari30\research\2026_summer_research\outputs\reports\PLAN_2020_wav_duration_recovery_20260801.csv,approved,target_unresolved
2020,7b52204cdb2119b057e5d961ecd75ab33858a3f5a1323d5018d9649e24f53840,SDRW2000000176.1.1.502,audio_pairing_unresolved,alignment_and_analysis,C:\Users\ari30\research\2026_summer_research\outputs\reports\PLAN_2020_wav_duration_recovery_20260801.csv,approved,target_unresolved
2020,7b52204cdb2119b057e5d961ecd75ab33858a3f5a1323d5018d9649e24f53840,SDRW2000000176.1.1.503,audio_pairing_unresolved,alignment_and_analysis,C:\Users\ari30\research\2026_summer_research\outputs\reports\PLAN_2020_wav_duration_recovery_20260801.csv,approved,target_unresolved
2020,7b52204cdb2119b057e5d961ecd75ab33858a3f5a1323d5018d9649e24f53840,SDRW2000000176.1.1.504,audio_pairing_unresolved,alignment_and_analysis,C:\Users\ari30\research\2026_summer_research\outputs\reports\PLAN_2020_wav_duration_recovery_20260801.csv,approved,target_unresolved
2020,7b52204cdb2119b057e5d961ecd75ab33858a3f5a1323d5018d9649e24f53840,SDRW2000000176.1.1.505,audio_pairing_unresolved,alignment_and_analysis,C:\Users\ari30\research\2026_summer_research\outputs\reports\PLAN_2020_wav_duration_recovery_20260801.csv,approved,target_unresolved
2020,7b52204cdb2119b057e5d961ecd75ab33858a3f5a1323d5018d9649e24f53840,SDRW2000000176.1.1.506,audio_pairing_unresolved,alignment_and_analysis,C:\Users\ari30\research\2026_summer_research\outputs\reports\PLAN_2020_wav_duration_recovery_20260801.csv,approved,target_unresolved
2020,7b52204cdb2119b057e5d961ecd75ab33858a3f5a1323d5018d9649e24f53840,SDRW2000000176.1.1.507,audio_pairing_unresolved,alignment_and_analysis,C:\Users\ari30\research\2026_summer_research\outputs\reports\PLAN_2020_wav_duration_recovery_20260801.csv,approved,target_unresolved
2020,7b52204cdb2119b057e5d961ecd75ab33858a3f5a1323d5018d9649e24f53840,SDRW2000000176.1.1.508,audio_pairing_unresolved,alignment_and_analysis,C:\Users\ari30\research\2026_summer_research\outputs\reports\PLAN_2020_wav_duration_recovery_20260801.csv,approved,target_unresolved
2020,7b52204cdb2119b057e5d961ecd75ab33858a3f5a1323d5018d9649e24f53840,SDRW2000000176.1.1.509,audio_pairing_unresolved,alignment_and_analysis,C:\Users\ari30\research\2026_summer_research\outputs\reports\PLAN_2020_wav_duration_recovery_20260801.csv,approved,target_unresolved
2020,7b52204cdb2119b057e5d961ecd75ab33858a3f5a1323d5018d9649e24f53840,SDRW2000000176.1.1.51,audio_pairing_unresolved,alignment_and_analysis,C:\Users\ari30\research\2026_summer_research\outputs\reports\PLAN_2020_wav_duration_recovery_20260801.csv,approved,target_unresolved
2020,7b52204cdb2119b057e5d961ecd75ab33858a3f5a1323d5018d9649e24f53840,SDRW2000000176.1.1.510,audio_pairing_unresolved,alignment_and_analysis,C:\Users\ari30\research\2026_summer_research\outputs\reports\PLAN_2020_wav_duration_recovery_20260801.csv,approved,target_unresolved
2020,7b52204cdb2119b057e5d961ecd75ab33858a3f5a1323d5018d9649e24f53840,SDRW2000000176.1.1.511,audio_pairing_unresolved,alignment_and_analysis,C:\Users\ari30\research\2026_summer_research\outputs\reports\PLAN_2020_wav_duration_recovery_20260801.csv,approved,target_unresolved
2020,7b52204cdb2119b057e5d961ecd75ab33858a3f5a1323d5018d9649e24f53840,SDRW2000000176.1.1.512,audio_pairing_unresolved,alignment_and_analysis,C:\Users\ari30\research\2026_summer_research\outputs\reports\PLAN_2020_wav_duration_recovery_20260801.csv,approved,target_unresolved
2020,7b52204cdb2119b057e5d961ecd75ab33858a3f5a1323d5018d9649e24f53840,SDRW2000000176.1.1.513,audio_pairing_unresolved,alignment_and_analysis,C:\Users\ari30\research\2026_summer_research\outputs\reports\PLAN_2020_wav_duration_recovery_20260801.csv,approved,target_unresolved
2020,7b52204cdb2119b057e5d961ecd75ab33858a3f5a1323d5018d9649e24f53840,SDRW2000000176.1.1.52,audio_pairing_unresolved,alignment_and_analysis,C:\Users\ari30\research\2026_summer_research\outputs\reports\PLAN_2020_wav_duration_recovery_20260801.csv,approved,target_unresolved
2020,7b52204cdb2119b057e5d961ecd75ab33858a3f5a1323d5018d9649e24f53840,SDRW2000000176.1.1.53,audio_pairing_unresolved,alignment_and_analysis,C:\Users\ari30\research\2026_summer_research\outputs\reports\PLAN_2020_wav_duration_recovery_20260801.csv,approved,target_unresolved
2020,7b52204cdb2119b057e5d961ecd75ab33858a3f5a1323d5018d9649e24f53840,SDRW2000000176.1.1.54,audio_pairing_unresolved,alignment_and_analysis,C:\Users\ari30\research\2026_summer_research\outputs\reports\PLAN_2020_wav_duration_recovery_20260801.csv,approved,target_unresolved
2020,7b52204cdb2119b057e5d961ecd75ab33858a3f5a1323d5018d9649e24f53840,SDRW2000000176.1.1.55,audio_pairing_unresolved,alignment_and_analysis,C:\Users\ari30\research\2026_summer_research\outputs\reports\PLAN_2020_wav_duration_recovery_20260801.csv,approved,target_unresolved
2020,7b52204cdb2119b057e5d961ecd75ab33858a3f5a1323d5018d9649e24f53840,SDRW2000000176.1.1.56,audio_pairing_unresolved,alignment_and_analysis,C:\Users\ari30\research\2026_summer_research\outputs\reports\PLAN_2020_wav_duration_recovery_20260801.csv,approved,target_unresolved
2020,7b52204cdb2119b057e5d961ecd75ab33858a3f5a1323d5018d9649e24f53840,SDRW2000000176.1.1.57,audio_pairing_unresolved,alignment_and_analysis,C:\Users\ari30\research\2026_summer_research\outputs\reports\PLAN_2020_wav_duration_recovery_20260801.csv,approved,target_unresolved
2020,7b52204cdb2119b057e5d961ecd75ab33858a3f5a1323d5018d9649e24f53840,SDRW2000000176.1.1.58,audio_pairing_unresolved,alignment_and_analysis,C:\Users\ari30\research\2026_summer_research\outputs\reports\PLAN_2020_wav_duration_recovery_20260801.csv,approved,target_unresolved
2020,7b52204cdb2119b057e5d961ecd75ab33858a3f5a1323d5018d9649e24f53840,SDRW2000000176.1.1.59,audio_pairing_unresolved,alignment_and_analysis,C:\Users\ari30\research\2026_summer_research\outputs\reports\PLAN_2020_wav_duration_recovery_20260801.csv,approved,target_unresolved
2020,7b52204cdb2119b057e5d961ecd75ab33858a3f5a1323d5018d9649e24f53840,SDRW2000000176.1.1.6,audio_pairing_unresolved,alignment_and_analysis,C:\Users\ari30\research\2026_summer_research\outputs\reports\PLAN_2020_wav_duration_recovery_20260801.csv,approved,target_unresolved
2020,7b52204cdb2119b057e5d961ecd75ab33858a3f5a1323d5018d9649e24f53840,SDRW2000000176.1.1.60,audio_pairing_unresolved,alignment_and_analysis,C:\Users\ari30\research\2026_summer_research\outputs\reports\PLAN_2020_wav_duration_recovery_20260801.csv,approved,target_unresolved
2020,7b52204cdb2119b057e5d961ecd75ab33858a3f5a1323d5018d9649e24f53840,SDRW2000000176.1.1.61,audio_pairing_unresolved,alignment_and_analysis,C:\Users\ari30\research\2026_summer_research\outputs\reports\PLAN_2020_wav_duration_recovery_20260801.csv,approved,target_unresolved
2020,7b52204cdb2119b057e5d961ecd75ab33858a3f5a1323d5018d9649e24f53840,SDRW2000000176.1.1.62,audio_pairing_unresolved,alignment_and_analysis,C:\Users\ari30\research\2026_summer_research\outputs\reports\PLAN_2020_wav_duration_recovery_20260801.csv,approved,target_unresolved
2020,7b52204cdb2119b057e5d961ecd75ab33858a3f5a1323d5018d9649e24f53840,SDRW2000000176.1.1.63,audio_pairing_unresolved,alignment_and_analysis,C:\Users\ari30\research\2026_summer_research\outputs\reports\PLAN_2020_wav_duration_recovery_20260801.csv,approved,target_unresolved
2020,7b52204cdb2119b057e5d961ecd75ab33858a3f5a1323d5018d9649e24f53840,SDRW2000000176.1.1.64,audio_pairing_unresolved,alignment_and_analysis,C:\Users\ari30\research\2026_summer_research\outputs\reports\PLAN_2020_wav_duration_recovery_20260801.csv,approved,target_unresolved
2020,7b52204cdb2119b057e5d961ecd75ab33858a3f5a1323d5018d9649e24f53840,SDRW2000000176.1.1.65,audio_pairing_unresolved,alignment_and_analysis,C:\Users\ari30\research\2026_summer_research\outputs\reports\PLAN_2020_wav_duration_recovery_20260801.csv,approved,target_unresolved
2020,7b52204cdb2119b057e5d961ecd75ab33858a3f5a1323d5018d9649e24f53840,SDRW2000000176.1.1.66,audio_pairing_unresolved,alignment_and_analysis,C:\Users\ari30\research\2026_summer_research\outputs\reports\PLAN_2020_wav_duration_recovery_20260801.csv,approved,target_unresolved
2020,7b52204cdb2119b057e5d961ecd75ab33858a3f5a1323d5018d9649e24f53840,SDRW2000000176.1.1.67,audio_pairing_unresolved,alignment_and_analysis,C:\Users\ari30\research\2026_summer_research\outputs\reports\PLAN_2020_wav_duration_recovery_20260801.csv,approved,target_unresolved
2020,7b52204cdb2119b057e5d961ecd75ab33858a3f5a1323d5018d9649e24f53840,SDRW2000000176.1.1.68,audio_pairing_unresolved,alignment_and_analysis,C:\Users\ari30\research\2026_summer_research\outputs\reports\PLAN_2020_wav_duration_recovery_20260801.csv,approved,target_unresolved
2020,7b52204cdb2119b057e5d961ecd75ab33858a3f5a1323d5018d9649e24f53840,SDRW2000000176.1.1.69,audio_pairing_unresolved,alignment_and_analysis,C:\Users\ari30\research\2026_summer_research\outputs\reports\PLAN_2020_wav_duration_recovery_20260801.csv,approved,target_unresolved
2020,7b52204cdb2119b057e5d961ecd75ab33858a3f5a1323d5018d9649e24f53840,SDRW2000000176.1.1.7,audio_pairing_unresolved,alignment_and_analysis,C:\Users\ari30\research\2026_summer_research\outputs\reports\PLAN_2020_wav_duration_recovery_20260801.csv,approved,target_unresolved
2020,7b52204cdb2119b057e5d961ecd75ab33858a3f5a1323d5018d9649e24f53840,SDRW2000000176.1.1.70,audio_pairing_unresolved,alignment_and_analysis,C:\Users\ari30\research\2026_summer_research\outputs\reports\PLAN_2020_wav_duration_recovery_20260801.csv,approved,target_unresolved
2020,7b52204cdb2119b057e5d961ecd75ab33858a3f5a1323d5018d9649e24f53840,SDRW2000000176.1.1.71,audio_pairing_unresolved,alignment_and_analysis,C:\Users\ari30\research\2026_summer_research\outputs\reports\PLAN_2020_wav_duration_recovery_20260801.csv,approved,target_unresolved
2020,7b52204cdb2119b057e5d961ecd75ab33858a3f5a1323d5018d9649e24f53840,SDRW2000000176.1.1.72,audio_pairing_unresolved,alignment_and_analysis,C:\Users\ari30\research\2026_summer_research\outputs\reports\PLAN_2020_wav_duration_recovery_20260801.csv,approved,target_unresolved
2020,7b52204cdb2119b057e5d961ecd75ab33858a3f5a1323d5018d9649e24f53840,SDRW2000000176.1.1.73,audio_pairing_unresolved,alignment_and_analysis,C:\Users\ari30\research\2026_summer_research\outputs\reports\PLAN_2020_wav_duration_recovery_20260801.csv,approved,target_unresolved
2020,7b52204cdb2119b057e5d961ecd75ab33858a3f5a1323d5018d9649e24f53840,SDRW2000000176.1.1.74,audio_pairing_unresolved,alignment_and_analysis,C:\Users\ari30\research\2026_summer_research\outputs\reports\PLAN_2020_wav_duration_recovery_20260801.csv,approved,target_unresolved
2020,7b52204cdb2119b057e5d961ecd75ab33858a3f5a1323d5018d9649e24f53840,SDRW2000000176.1.1.75,audio_pairing_unresolved,alignment_and_analysis,C:\Users\ari30\research\2026_summer_research\outputs\reports\PLAN_2020_wav_duration_recovery_20260801.csv,approved,target_unresolved
2020,7b52204cdb2119b057e5d961ecd75ab33858a3f5a1323d5018d9649e24f53840,SDRW2000000176.1.1.76,audio_pairing_unresolved,alignment_and_analysis,C:\Users\ari30\research\2026_summer_research\outputs\reports\PLAN_2020_wav_duration_recovery_20260801.csv,approved,target_unresolved
2020,7b52204cdb2119b057e5d961ecd75ab33858a3f5a1323d5018d9649e24f53840,SDRW2000000176.1.1.77,audio_pairing_unresolved,alignment_and_analysis,C:\Users\ari30\research\2026_summer_research\outputs\reports\PLAN_2020_wav_duration_recovery_20260801.csv,approved,target_unresolved
2020,7b52204cdb2119b057e5d961ecd75ab33858a3f5a1323d5018d9649e24f53840,SDRW2000000176.1.1.78,audio_pairing_unresolved,alignment_and_analysis,C:\Users\ari30\research\2026_summer_research\outputs\reports\PLAN_2020_wav_duration_recovery_20260801.csv,approved,target_unresolved
2020,7b52204cdb2119b057e5d961ecd75ab33858a3f5a1323d5018d9649e24f53840,SDRW2000000176.1.1.79,audio_pairing_unresolved,alignment_and_analysis,C:\Users\ari30\research\2026_summer_research\outputs\reports\PLAN_2020_wav_duration_recovery_20260801.csv,approved,target_unresolved
2020,7b52204cdb2119b057e5d961ecd75ab33858a3f5a1323d5018d9649e24f53840,SDRW2000000176.1.1.8,audio_pairing_unresolved,alignment_and_analysis,C:\Users\ari30\research\2026_summer_research\outputs\reports\PLAN_2020_wav_duration_recovery_20260801.csv,approved,target_unresolved
2020,7b52204cdb2119b057e5d961ecd75ab33858a3f5a1323d5018d9649e24f53840,SDRW2000000176.1.1.80,audio_pairing_unresolved,alignment_and_analysis,C:\Users\ari30\research\2026_summer_research\outputs\reports\PLAN_2020_wav_duration_recovery_20260801.csv,approved,target_unresolved
2020,7b52204cdb2119b057e5d961ecd75ab33858a3f5a1323d5018d9649e24f53840,SDRW2000000176.1.1.81,audio_pairing_unresolved,alignment_and_analysis,C:\Users\ari30\research\2026_summer_research\outputs\reports\PLAN_2020_wav_duration_recovery_20260801.csv,approved,target_unresolved
2020,7b52204cdb2119b057e5d961ecd75ab33858a3f5a1323d5018d9649e24f53840,SDRW2000000176.1.1.82,audio_pairing_unresolved,alignment_and_analysis,C:\Users\ari30\research\2026_summer_research\outputs\reports\PLAN_2020_wav_duration_recovery_20260801.csv,approved,target_unresolved
2020,7b52204cdb2119b057e5d961ecd75ab33858a3f5a1323d5018d9649e24f53840,SDRW2000000176.1.1.83,audio_pairing_unresolved,alignment_and_analysis,C:\Users\ari30\research\2026_summer_research\outputs\reports\PLAN_2020_wav_duration_recovery_20260801.csv,approved,target_unresolved
2020,7b52204cdb2119b057e5d961ecd75ab33858a3f5a1323d5018d9649e24f53840,SDRW2000000176.1.1.84,audio_pairing_unresolved,alignment_and_analysis,C:\Users\ari30\research\2026_summer_research\outputs\reports\PLAN_2020_wav_duration_recovery_20260801.csv,approved,target_unresolved
2020,7b52204cdb2119b057e5d961ecd75ab33858a3f5a1323d5018d9649e24f53840,SDRW2000000176.1.1.85,audio_pairing_unresolved,alignment_and_analysis,C:\Users\ari30\research\2026_summer_research\outputs\reports\PLAN_2020_wav_duration_recovery_20260801.csv,approved,target_unresolved
2020,7b52204cdb2119b057e5d961ecd75ab33858a3f5a1323d5018d9649e24f53840,SDRW2000000176.1.1.86,audio_pairing_unresolved,alignment_and_analysis,C:\Users\ari30\research\2026_summer_research\outputs\reports\PLAN_2020_wav_duration_recovery_20260801.csv,approved,target_unresolved
2020,7b52204cdb2119b057e5d961ecd75ab33858a3f5a1323d5018d9649e24f53840,SDRW2000000176.1.1.87,audio_pairing_unresolved,alignment_and_analysis,C:\Users\ari30\research\2026_summer_research\outputs\reports\PLAN_2020_wav_duration_recovery_20260801.csv,approved,target_unresolved
2020,7b52204cdb2119b057e5d961ecd75ab33858a3f5a1323d5018d9649e24f53840,SDRW2000000176.1.1.88,audio_pairing_unresolved,alignment_and_analysis,C:\Users\ari30\research\2026_summer_research\outputs\reports\PLAN_2020_wav_duration_recovery_20260801.csv,approved,target_unresolved
2020,7b52204cdb2119b057e5d961ecd75ab33858a3f5a1323d5018d9649e24f53840,SDRW2000000176.1.1.89,audio_pairing_unresolved,alignment_and_analysis,C:\Users\ari30\research\2026_summer_research\outputs\reports\PLAN_2020_wav_duration_recovery_20260801.csv,approved,target_unresolved
2020,7b52204cdb2119b057e5d961ecd75ab33858a3f5a1323d5018d9649e24f53840,SDRW2000000176.1.1.9,audio_pairing_unresolved,alignment_and_analysis,C:\Users\ari30\research\2026_summer_research\outputs\reports\PLAN_2020_wav_duration_recovery_20260801.csv,approved,target_unresolved
2020,7b52204cdb2119b057e5d961ecd75ab33858a3f5a1323d5018d9649e24f53840,SDRW2000000176.1.1.90,audio_pairing_unresolved,alignment_and_analysis,C:\Users\ari30\research\2026_summer_research\outputs\reports\PLAN_2020_wav_duration_recovery_20260801.csv,approved,target_unresolved
2020,7b52204cdb2119b057e5d961ecd75ab33858a3f5a1323d5018d9649e24f53840,SDRW2000000176.1.1.91,audio_pairing_unresolved,alignment_and_analysis,C:\Users\ari30\research\2026_summer_research\outputs\reports\PLAN_2020_wav_duration_recovery_20260801.csv,approved,target_unresolved
2020,7b52204cdb2119b057e5d961ecd75ab33858a3f5a1323d5018d9649e24f53840,SDRW2000000176.1.1.92,audio_pairing_unresolved,alignment_and_analysis,C:\Users\ari30\research\2026_summer_research\outputs\reports\PLAN_2020_wav_duration_recovery_20260801.csv,approved,target_unresolved
2020,7b52204cdb2119b057e5d961ecd75ab33858a3f5a1323d5018d9649e24f53840,SDRW2000000176.1.1.93,audio_pairing_unresolved,alignment_and_analysis,C:\Users\ari30\research\2026_summer_research\outputs\reports\PLAN_2020_wav_duration_recovery_20260801.csv,approved,target_unresolved
2020,7b52204cdb2119b057e5d961ecd75ab33858a3f5a1323d5018d9649e24f53840,SDRW2000000176.1.1.94,audio_pairing_unresolved,alignment_and_analysis,C:\Users\ari30\research\2026_summer_research\outputs\reports\PLAN_2020_wav_duration_recovery_20260801.csv,approved,target_unresolved
2020,7b52204cdb2119b057e5d961ecd75ab33858a3f5a1323d5018d9649e24f53840,SDRW2000000176.1.1.95,audio_pairing_unresolved,alignment_and_analysis,C:\Users\ari30\research\2026_summer_research\outputs\reports\PLAN_2020_wav_duration_recovery_20260801.csv,approved,target_unresolved
2020,7b52204cdb2119b057e5d961ecd75ab33858a3f5a1323d5018d9649e24f53840,SDRW2000000176.1.1.96,audio_pairing_unresolved,alignment_and_analysis,C:\Users\ari30\research\2026_summer_research\outputs\reports\PLAN_2020_wav_duration_recovery_20260801.csv,approved,target_unresolved
2020,7b52204cdb2119b057e5d961ecd75ab33858a3f5a1323d5018d9649e24f53840,SDRW2000000176.1.1.97,audio_pairing_unresolved,alignment_and_analysis,C:\Users\ari30\research\2026_summer_research\outputs\reports\PLAN_2020_wav_duration_recovery_20260801.csv,approved,target_unresolved
2020,7b52204cdb2119b057e5d961ecd75ab33858a3f5a1323d5018d9649e24f53840,SDRW2000000176.1.1.98,audio_pairing_unresolved,alignment_and_analysis,C:\Users\ari30\research\2026_summer_research\outputs\reports\PLAN_2020_wav_duration_recovery_20260801.csv,approved,target_unresolved
2020,7b52204cdb2119b057e5d961ecd75ab33858a3f5a1323d5018d9649e24f53840,SDRW2000000176.1.1.99,audio_pairing_unresolved,alignment_and_analysis,C:\Users\ari30\research\2026_summer_research\outputs\reports\PLAN_2020_wav_duration_recovery_20260801.csv,approved,target_unresolved
2020,7b52204cdb2119b057e5d961ecd75ab33858a3f5a1323d5018d9649e24f53840,SDRW2000000184.1.1.395,empty_reference_unresolved_symbol,alignment_and_analysis,D:\mfa_eojeol\logs\lab_build_2020_7b52204cdb21_unresolved_symbols.csv,approved,empty_reference_form; unresolved_symbol; no_LAB_generated
2020,7b52204cdb2119b057e5d961ecd75ab33858a3f5a1323d5018d9649e24f53840,SDRW2000000189.1.1.1,audio_pairing_unresolved,alignment_and_analysis,C:\Users\ari30\research\2026_summer_research\outputs\reports\PLAN_2020_wav_duration_recovery_20260801.csv,approved,target_unresolved
2020,7b52204cdb2119b057e5d961ecd75ab33858a3f5a1323d5018d9649e24f53840,SDRW2000000189.1.1.100,audio_pairing_unresolved,alignment_and_analysis,C:\Users\ari30\research\2026_summer_research\outputs\reports\PLAN_2020_wav_duration_recovery_20260801.csv,approved,target_unresolved
2020,7b52204cdb2119b057e5d961ecd75ab33858a3f5a1323d5018d9649e24f53840,SDRW2000000189.1.1.101,audio_pairing_unresolved,alignment_and_analysis,C:\Users\ari30\research\2026_summer_research\outputs\reports\PLAN_2020_wav_duration_recovery_20260801.csv,approved,target_unresolved
2020,7b52204cdb2119b057e5d961ecd75ab33858a3f5a1323d5018d9649e24f53840,SDRW2000000189.1.1.102,audio_pairing_unresolved,alignment_and_analysis,C:\Users\ari30\research\2026_summer_research\outputs\reports\PLAN_2020_wav_duration_recovery_20260801.csv,approved,ambiguous_short_match
2020,7b52204cdb2119b057e5d961ecd75ab33858a3f5a1323d5018d9649e24f53840,SDRW2000000189.1.1.103,audio_pairing_unresolved,alignment_and_analysis,C:\Users\ari30\research\2026_summer_research\outputs\reports\PLAN_2020_wav_duration_recovery_20260801.csv,approved,target_unresolved
2020,7b52204cdb2119b057e5d961ecd75ab33858a3f5a1323d5018d9649e24f53840,SDRW2000000189.1.1.104,audio_pairing_unresolved,alignment_and_analysis,C:\Users\ari30\research\2026_summer_research\outputs\reports\PLAN_2020_wav_duration_recovery_20260801.csv,approved,target_unresolved
2020,7b52204cdb2119b057e5d961ecd75ab33858a3f5a1323d5018d9649e24f53840,SDRW2000000189.1.1.159,audio_pairing_unresolved,alignment_and_analysis,C:\Users\ari30\research\2026_summer_research\outputs\reports\PLAN_2020_wav_duration_recovery_20260801.csv,approved,target_unresolved
2020,7b52204cdb2119b057e5d961ecd75ab33858a3f5a1323d5018d9649e24f53840,SDRW2000000189.1.1.160,audio_pairing_unresolved,alignment_and_analysis,C:\Users\ari30\research\2026_summer_research\outputs\reports\PLAN_2020_wav_duration_recovery_20260801.csv,approved,target_unresolved
2020,7b52204cdb2119b057e5d961ecd75ab33858a3f5a1323d5018d9649e24f53840,SDRW2000000189.1.1.17,audio_pairing_unresolved,alignment_and_analysis,C:\Users\ari30\research\2026_summer_research\outputs\reports\PLAN_2020_wav_duration_recovery_20260801.csv,approved,target_unresolved
2020,7b52204cdb2119b057e5d961ecd75ab33858a3f5a1323d5018d9649e24f53840,SDRW2000000189.1.1.18,audio_pairing_unresolved,alignment_and_analysis,C:\Users\ari30\research\2026_summer_research\outputs\reports\PLAN_2020_wav_duration_recovery_20260801.csv,approved,target_unresolved
2020,7b52204cdb2119b057e5d961ecd75ab33858a3f5a1323d5018d9649e24f53840,SDRW2000000189.1.1.19,audio_pairing_unresolved,alignment_and_analysis,C:\Users\ari30\research\2026_summer_research\outputs\reports\PLAN_2020_wav_duration_recovery_20260801.csv,approved,ambiguous_short_match
2020,7b52204cdb2119b057e5d961ecd75ab33858a3f5a1323d5018d9649e24f53840,SDRW2000000189.1.1.199,audio_pairing_unresolved,alignment_and_analysis,C:\Users\ari30\research\2026_summer_research\outputs\reports\PLAN_2020_wav_duration_recovery_20260801.csv,approved,target_unresolved
2020,7b52204cdb2119b057e5d961ecd75ab33858a3f5a1323d5018d9649e24f53840,SDRW2000000189.1.1.2,audio_pairing_unresolved,alignment_and_analysis,C:\Users\ari30\research\2026_summer_research\outputs\reports\PLAN_2020_wav_duration_recovery_20260801.csv,approved,target_unresolved
2020,7b52204cdb2119b057e5d961ecd75ab33858a3f5a1323d5018d9649e24f53840,SDRW2000000189.1.1.20,audio_pairing_unresolved,alignment_and_analysis,C:\Users\ari30\research\2026_summer_research\outputs\reports\PLAN_2020_wav_duration_recovery_20260801.csv,approved,target_unresolved
2020,7b52204cdb2119b057e5d961ecd75ab33858a3f5a1323d5018d9649e24f53840,SDRW2000000189.1.1.200,audio_pairing_unresolved,alignment_and_analysis,C:\Users\ari30\research\2026_summer_research\outputs\reports\PLAN_2020_wav_duration_recovery_20260801.csv,approved,target_unresolved
2020,7b52204cdb2119b057e5d961ecd75ab33858a3f5a1323d5018d9649e24f53840,SDRW2000000189.1.1.21,audio_pairing_unresolved,alignment_and_analysis,C:\Users\ari30\research\2026_summer_research\outputs\reports\PLAN_2020_wav_duration_recovery_20260801.csv,approved,target_unresolved
2020,7b52204cdb2119b057e5d961ecd75ab33858a3f5a1323d5018d9649e24f53840,SDRW2000000189.1.1.275,audio_pairing_unresolved,alignment_and_analysis,C:\Users\ari30\research\2026_summer_research\outputs\reports\PLAN_2020_wav_duration_recovery_20260801.csv,approved,target_unresolved
2020,7b52204cdb2119b057e5d961ecd75ab33858a3f5a1323d5018d9649e24f53840,SDRW2000000189.1.1.276,audio_pairing_unresolved,alignment_and_analysis,C:\Users\ari30\research\2026_summer_research\outputs\reports\PLAN_2020_wav_duration_recovery_20260801.csv,approved,target_unresolved
2020,7b52204cdb2119b057e5d961ecd75ab33858a3f5a1323d5018d9649e24f53840,SDRW2000000189.1.1.3,audio_pairing_unresolved,alignment_and_analysis,C:\Users\ari30\research\2026_summer_research\outputs\reports\PLAN_2020_wav_duration_recovery_20260801.csv,approved,target_unresolved
2020,7b52204cdb2119b057e5d961ecd75ab33858a3f5a1323d5018d9649e24f53840,SDRW2000000189.1.1.4,audio_pairing_unresolved,alignment_and_analysis,C:\Users\ari30\research\2026_summer_research\outputs\reports\PLAN_2020_wav_duration_recovery_20260801.csv,approved,target_unresolved
2020,7b52204cdb2119b057e5d961ecd75ab33858a3f5a1323d5018d9649e24f53840,SDRW2000000189.1.1.47,audio_pairing_unresolved,alignment_and_analysis,C:\Users\ari30\research\2026_summer_research\outputs\reports\PLAN_2020_wav_duration_recovery_20260801.csv,approved,target_unresolved
2020,7b52204cdb2119b057e5d961ecd75ab33858a3f5a1323d5018d9649e24f53840,SDRW2000000189.1.1.48,audio_pairing_unresolved,alignment_and_analysis,C:\Users\ari30\research\2026_summer_research\outputs\reports\PLAN_2020_wav_duration_recovery_20260801.csv,approved,target_unresolved
2020,7b52204cdb2119b057e5d961ecd75ab33858a3f5a1323d5018d9649e24f53840,SDRW2000000189.1.1.66,audio_pairing_unresolved,alignment_and_analysis,C:\Users\ari30\research\2026_summer_research\outputs\reports\PLAN_2020_wav_duration_recovery_20260801.csv,approved,target_unresolved
2020,7b52204cdb2119b057e5d961ecd75ab33858a3f5a1323d5018d9649e24f53840,SDRW2000000189.1.1.67,audio_pairing_unresolved,alignment_and_analysis,C:\Users\ari30\research\2026_summer_research\outputs\reports\PLAN_2020_wav_duration_recovery_20260801.csv,approved,target_unresolved
2020,7b52204cdb2119b057e5d961ecd75ab33858a3f5a1323d5018d9649e24f53840,SDRW2000000197.1.1.11,audio_pairing_unresolved,alignment_and_analysis,C:\Users\ari30\research\2026_summer_research\outputs\reports\PLAN_2020_wav_duration_recovery_20260801.csv,approved,target_unresolved
2020,7b52204cdb2119b057e5d961ecd75ab33858a3f5a1323d5018d9649e24f53840,SDRW2000000197.1.1.316,audio_pairing_unresolved,alignment_and_analysis,C:\Users\ari30\research\2026_summer_research\outputs\reports\PLAN_2020_wav_duration_recovery_20260801.csv,approved,target_unresolved
2020,7b52204cdb2119b057e5d961ecd75ab33858a3f5a1323d5018d9649e24f53840,SDRW2000000197.1.1.317,audio_pairing_unresolved,alignment_and_analysis,C:\Users\ari30\research\2026_summer_research\outputs\reports\PLAN_2020_wav_duration_recovery_20260801.csv,approved,target_unresolved
2020,7b52204cdb2119b057e5d961ecd75ab33858a3f5a1323d5018d9649e24f53840,SDRW2000000197.1.1.318,audio_pairing_unresolved,alignment_and_analysis,C:\Users\ari30\research\2026_summer_research\outputs\reports\PLAN_2020_wav_duration_recovery_20260801.csv,approved,target_unresolved
2020,7b52204cdb2119b057e5d961ecd75ab33858a3f5a1323d5018d9649e24f53840,SDRW2000000197.1.1.325,audio_pairing_unresolved,alignment_and_analysis,C:\Users\ari30\research\2026_summer_research\outputs\reports\PLAN_2020_wav_duration_recovery_20260801.csv,approved,target_unresolved
2020,7b52204cdb2119b057e5d961ecd75ab33858a3f5a1323d5018d9649e24f53840,SDRW2000000197.1.1.411,audio_pairing_unresolved,alignment_and_analysis,C:\Users\ari30\research\2026_summer_research\outputs\reports\PLAN_2020_wav_duration_recovery_20260801.csv,approved,target_unresolved
2020,7b52204cdb2119b057e5d961ecd75ab33858a3f5a1323d5018d9649e24f53840,SDRW2000000197.1.1.412,audio_pairing_unresolved,alignment_and_analysis,C:\Users\ari30\research\2026_summer_research\outputs\reports\PLAN_2020_wav_duration_recovery_20260801.csv,approved,target_unresolved
2020,7b52204cdb2119b057e5d961ecd75ab33858a3f5a1323d5018d9649e24f53840,SDRW2000000197.1.1.413,audio_pairing_unresolved,alignment_and_analysis,C:\Users\ari30\research\2026_summer_research\outputs\reports\PLAN_2020_wav_duration_recovery_20260801.csv,approved,ambiguous_short_match
2020,7b52204cdb2119b057e5d961ecd75ab33858a3f5a1323d5018d9649e24f53840,SDRW2000000197.1.1.7,audio_pairing_unresolved,alignment_and_analysis,C:\Users\ari30\research\2026_summer_research\outputs\reports\PLAN_2020_wav_duration_recovery_20260801.csv,approved,target_unresolved
2020,7b52204cdb2119b057e5d961ecd75ab33858a3f5a1323d5018d9649e24f53840,SDRW2000000197.1.1.76,audio_pairing_unresolved,alignment_and_analysis,C:\Users\ari30\research\2026_summer_research\outputs\reports\PLAN_2020_wav_duration_recovery_20260801.csv,approved,target_unresolved
2020,7b52204cdb2119b057e5d961ecd75ab33858a3f5a1323d5018d9649e24f53840,SDRW2000000197.1.1.77,audio_pairing_unresolved,alignment_and_analysis,C:\Users\ari30\research\2026_summer_research\outputs\reports\PLAN_2020_wav_duration_recovery_20260801.csv,approved,target_unresolved
2020,7b52204cdb2119b057e5d961ecd75ab33858a3f5a1323d5018d9649e24f53840,SDRW2000000215.1.1.244,empty_reference_unresolved_symbol,alignment_and_analysis,D:\mfa_eojeol\logs\lab_build_2020_7b52204cdb21_unresolved_symbols.csv,approved,empty_reference_form; unresolved_symbol; no_LAB_generated
2020,7b52204cdb2119b057e5d961ecd75ab33858a3f5a1323d5018d9649e24f53840,SDRW2000000236.1.1.14,audio_pairing_unresolved,alignment_and_analysis,C:\Users\ari30\research\2026_summer_research\outputs\reports\PLAN_2020_wav_duration_recovery_20260801.csv,approved,target_unresolved
2020,7b52204cdb2119b057e5d961ecd75ab33858a3f5a1323d5018d9649e24f53840,SDRW2000000236.1.1.146,audio_pairing_unresolved,alignment_and_analysis,C:\Users\ari30\research\2026_summer_research\outputs\reports\PLAN_2020_wav_duration_recovery_20260801.csv,approved,target_unresolved
2020,7b52204cdb2119b057e5d961ecd75ab33858a3f5a1323d5018d9649e24f53840,SDRW2000000236.1.1.147,audio_pairing_unresolved,alignment_and_analysis,C:\Users\ari30\research\2026_summer_research\outputs\reports\PLAN_2020_wav_duration_recovery_20260801.csv,approved,target_unresolved
2020,7b52204cdb2119b057e5d961ecd75ab33858a3f5a1323d5018d9649e24f53840,SDRW2000000236.1.1.148,audio_pairing_unresolved,alignment_and_analysis,C:\Users\ari30\research\2026_summer_research\outputs\reports\PLAN_2020_wav_duration_recovery_20260801.csv,approved,target_unresolved
2020,7b52204cdb2119b057e5d961ecd75ab33858a3f5a1323d5018d9649e24f53840,SDRW2000000236.1.1.15,audio_pairing_unresolved,alignment_and_analysis,C:\Users\ari30\research\2026_summer_research\outputs\reports\PLAN_2020_wav_duration_recovery_20260801.csv,approved,target_unresolved
2020,7b52204cdb2119b057e5d961ecd75ab33858a3f5a1323d5018d9649e24f53840,SDRW2000000236.1.1.296,audio_pairing_unresolved,alignment_and_analysis,C:\Users\ari30\research\2026_summer_research\outputs\reports\PLAN_2020_wav_duration_recovery_20260801.csv,approved,target_unresolved
2020,7b52204cdb2119b057e5d961ecd75ab33858a3f5a1323d5018d9649e24f53840,SDRW2000000236.1.1.297,audio_pairing_unresolved,alignment_and_analysis,C:\Users\ari30\research\2026_summer_research\outputs\reports\PLAN_2020_wav_duration_recovery_20260801.csv,approved,target_unresolved
2020,7b52204cdb2119b057e5d961ecd75ab33858a3f5a1323d5018d9649e24f53840,SDRW2000000254.1.1.3,empty_reference_unresolved_symbol,alignment_and_analysis,D:\mfa_eojeol\logs\lab_build_2020_7b52204cdb21_unresolved_symbols.csv,approved,empty_reference_form; unresolved_symbol; no_LAB_generated
2020,7b52204cdb2119b057e5d961ecd75ab33858a3f5a1323d5018d9649e24f53840,SDRW2000000254.1.1.92,empty_reference_unresolved_symbol,alignment_and_analysis,D:\mfa_eojeol\logs\lab_build_2020_7b52204cdb21_unresolved_symbols.csv,approved,empty_reference_form; unresolved_symbol; no_LAB_generated
2020,7b52204cdb2119b057e5d961ecd75ab33858a3f5a1323d5018d9649e24f53840,SDRW2000000311.1.1.159,audio_pairing_unresolved,alignment_and_analysis,C:\Users\ari30\research\2026_summer_research\outputs\reports\PLAN_2020_wav_duration_recovery_20260801.csv,approved,target_unresolved
2020,7b52204cdb2119b057e5d961ecd75ab33858a3f5a1323d5018d9649e24f53840,SDRW2000000311.1.1.160,audio_pairing_unresolved,alignment_and_analysis,C:\Users\ari30\research\2026_summer_research\outputs\reports\PLAN_2020_wav_duration_recovery_20260801.csv,approved,target_unresolved
2020,7b52204cdb2119b057e5d961ecd75ab33858a3f5a1323d5018d9649e24f53840,SDRW2000000311.1.1.212,audio_pairing_unresolved,alignment_and_analysis,C:\Users\ari30\research\2026_summer_research\outputs\reports\PLAN_2020_wav_duration_recovery_20260801.csv,approved,target_unresolved
2020,7b52204cdb2119b057e5d961ecd75ab33858a3f5a1323d5018d9649e24f53840,SDRW2000000311.1.1.233,audio_pairing_unresolved,alignment_and_analysis,C:\Users\ari30\research\2026_summer_research\outputs\reports\PLAN_2020_wav_duration_recovery_20260801.csv,approved,target_unresolved
2020,7b52204cdb2119b057e5d961ecd75ab33858a3f5a1323d5018d9649e24f53840,SDRW2000000311.1.1.234,audio_pairing_unresolved,alignment_and_analysis,C:\Users\ari30\research\2026_summer_research\outputs\reports\PLAN_2020_wav_duration_recovery_20260801.csv,approved,ambiguous_short_match
2020,7b52204cdb2119b057e5d961ecd75ab33858a3f5a1323d5018d9649e24f53840,SDRW2000000311.1.1.235,audio_pairing_unresolved,alignment_and_analysis,C:\Users\ari30\research\2026_summer_research\outputs\reports\PLAN_2020_wav_duration_recovery_20260801.csv,approved,target_unresolved
2020,7b52204cdb2119b057e5d961ecd75ab33858a3f5a1323d5018d9649e24f53840,SDRW2000000311.1.1.236,audio_pairing_unresolved,alignment_and_analysis,C:\Users\ari30\research\2026_summer_research\outputs\reports\PLAN_2020_wav_duration_recovery_20260801.csv,approved,target_unresolved
2020,7b52204cdb2119b057e5d961ecd75ab33858a3f5a1323d5018d9649e24f53840,SDRW2000000313.1.1.29,audio_pairing_unresolved,alignment_and_analysis,C:\Users\ari30\research\2026_summer_research\outputs\reports\PLAN_2020_wav_duration_recovery_20260801.csv,approved,target_unresolved
2020,7b52204cdb2119b057e5d961ecd75ab33858a3f5a1323d5018d9649e24f53840,SDRW2000000313.1.1.30,audio_pairing_unresolved,alignment_and_analysis,C:\Users\ari30\research\2026_summer_research\outputs\reports\PLAN_2020_wav_duration_recovery_20260801.csv,approved,target_unresolved
2020,7b52204cdb2119b057e5d961ecd75ab33858a3f5a1323d5018d9649e24f53840,SDRW2000000313.1.1.387,audio_pairing_unresolved,alignment_and_analysis,C:\Users\ari30\research\2026_summer_research\outputs\reports\PLAN_2020_wav_duration_recovery_20260801.csv,approved,target_unresolved
2020,7b52204cdb2119b057e5d961ecd75ab33858a3f5a1323d5018d9649e24f53840,SDRW2000000333.1.1.66,empty_reference_unresolved_symbol,alignment_and_analysis,D:\mfa_eojeol\logs\lab_build_2020_7b52204cdb21_unresolved_symbols.csv,approved,empty_reference_form; unresolved_symbol; no_LAB_generated
2020,7b52204cdb2119b057e5d961ecd75ab33858a3f5a1323d5018d9649e24f53840,SDRW2000000333.1.1.72,empty_reference_unresolved_symbol,alignment_and_analysis,D:\mfa_eojeol\logs\lab_build_2020_7b52204cdb21_unresolved_symbols.csv,approved,empty_reference_form; unresolved_symbol; no_LAB_generated
2020,7b52204cdb2119b057e5d961ecd75ab33858a3f5a1323d5018d9649e24f53840,SDRW2000000340.1.1.173,audio_pairing_unresolved,alignment_and_analysis,C:\Users\ari30\research\2026_summer_research\outputs\reports\PLAN_2020_wav_duration_recovery_20260801.csv,approved,target_unresolved
2020,7b52204cdb2119b057e5d961ecd75ab33858a3f5a1323d5018d9649e24f53840,SDRW2000000340.1.1.185,audio_pairing_unresolved,alignment_and_analysis,C:\Users\ari30\research\2026_summer_research\outputs\reports\PLAN_2020_wav_duration_recovery_20260801.csv,approved,target_unresolved
2020,7b52204cdb2119b057e5d961ecd75ab33858a3f5a1323d5018d9649e24f53840,SDRW2000000340.1.1.194,audio_pairing_unresolved,alignment_and_analysis,C:\Users\ari30\research\2026_summer_research\outputs\reports\PLAN_2020_wav_duration_recovery_20260801.csv,approved,target_unresolved
2020,7b52204cdb2119b057e5d961ecd75ab33858a3f5a1323d5018d9649e24f53840,SDRW2000000340.1.1.195,audio_pairing_unresolved,alignment_and_analysis,C:\Users\ari30\research\2026_summer_research\outputs\reports\PLAN_2020_wav_duration_recovery_20260801.csv,approved,target_unresolved
2020,7b52204cdb2119b057e5d961ecd75ab33858a3f5a1323d5018d9649e24f53840,SDRW2000000340.1.1.202,audio_pairing_unresolved,alignment_and_analysis,C:\Users\ari30\research\2026_summer_research\outputs\reports\PLAN_2020_wav_duration_recovery_20260801.csv,approved,target_unresolved
2020,7b52204cdb2119b057e5d961ecd75ab33858a3f5a1323d5018d9649e24f53840,SDRW2000000340.1.1.203,audio_pairing_unresolved,alignment_and_analysis,C:\Users\ari30\research\2026_summer_research\outputs\reports\PLAN_2020_wav_duration_recovery_20260801.csv,approved,target_unresolved
2020,7b52204cdb2119b057e5d961ecd75ab33858a3f5a1323d5018d9649e24f53840,SDRW2000000340.1.1.326,audio_pairing_unresolved,alignment_and_analysis,C:\Users\ari30\research\2026_summer_research\outputs\reports\PLAN_2020_wav_duration_recovery_20260801.csv,approved,target_unresolved
2020,7b52204cdb2119b057e5d961ecd75ab33858a3f5a1323d5018d9649e24f53840,SDRW2000000340.1.1.327,audio_pairing_unresolved,alignment_and_analysis,C:\Users\ari30\research\2026_summer_research\outputs\reports\PLAN_2020_wav_duration_recovery_20260801.csv,approved,target_unresolved
2020,7b52204cdb2119b057e5d961ecd75ab33858a3f5a1323d5018d9649e24f53840,SDRW2000000340.1.1.350,audio_pairing_unresolved,alignment_and_analysis,C:\Users\ari30\research\2026_summer_research\outputs\reports\PLAN_2020_wav_duration_recovery_20260801.csv,approved,target_unresolved
2020,7b52204cdb2119b057e5d961ecd75ab33858a3f5a1323d5018d9649e24f53840,SDRW2000000340.1.1.357,audio_pairing_unresolved,alignment_and_analysis,C:\Users\ari30\research\2026_summer_research\outputs\reports\PLAN_2020_wav_duration_recovery_20260801.csv,approved,target_unresolved
2020,7b52204cdb2119b057e5d961ecd75ab33858a3f5a1323d5018d9649e24f53840,SDRW2000000340.1.1.36,audio_pairing_unresolved,alignment_and_analysis,C:\Users\ari30\research\2026_summer_research\outputs\reports\PLAN_2020_wav_duration_recovery_20260801.csv,approved,target_unresolved
2020,7b52204cdb2119b057e5d961ecd75ab33858a3f5a1323d5018d9649e24f53840,SDRW2000000340.1.1.37,audio_pairing_unresolved,alignment_and_analysis,C:\Users\ari30\research\2026_summer_research\outputs\reports\PLAN_2020_wav_duration_recovery_20260801.csv,approved,target_unresolved
2020,7b52204cdb2119b057e5d961ecd75ab33858a3f5a1323d5018d9649e24f53840,SDRW2000000340.1.1.44,audio_pairing_unresolved,alignment_and_analysis,C:\Users\ari30\research\2026_summer_research\outputs\reports\PLAN_2020_wav_duration_recovery_20260801.csv,approved,target_unresolved
2020,7b52204cdb2119b057e5d961ecd75ab33858a3f5a1323d5018d9649e24f53840,SDRW2000000340.1.1.50,audio_pairing_unresolved,alignment_and_analysis,C:\Users\ari30\research\2026_summer_research\outputs\reports\PLAN_2020_wav_duration_recovery_20260801.csv,approved,target_unresolved
2020,7b52204cdb2119b057e5d961ecd75ab33858a3f5a1323d5018d9649e24f53840,SDRW2000000340.1.1.51,audio_pairing_unresolved,alignment_and_analysis,C:\Users\ari30\research\2026_summer_research\outputs\reports\PLAN_2020_wav_duration_recovery_20260801.csv,approved,target_unresolved
2020,7b52204cdb2119b057e5d961ecd75ab33858a3f5a1323d5018d9649e24f53840,SDRW2000000340.1.1.8,audio_pairing_unresolved,alignment_and_analysis,C:\Users\ari30\research\2026_summer_research\outputs\reports\PLAN_2020_wav_duration_recovery_20260801.csv,approved,target_unresolved
2020,7b52204cdb2119b057e5d961ecd75ab33858a3f5a1323d5018d9649e24f53840,SDRW2000000340.1.1.9,audio_pairing_unresolved,alignment_and_analysis,C:\Users\ari30\research\2026_summer_research\outputs\reports\PLAN_2020_wav_duration_recovery_20260801.csv,approved,target_unresolved
2020,7b52204cdb2119b057e5d961ecd75ab33858a3f5a1323d5018d9649e24f53840,SDRW2000000435.1.1.29,empty_reference_unresolved_symbol,alignment_and_analysis,D:\mfa_eojeol\logs\lab_build_2020_7b52204cdb21_unresolved_symbols.csv,approved,empty_reference_form; unresolved_symbol; no_LAB_generated
2020,7b52204cdb2119b057e5d961ecd75ab33858a3f5a1323d5018d9649e24f53840,SDRW2000000492.1.1.32,empty_reference_unresolved_symbol,alignment_and_analysis,D:\mfa_eojeol\logs\lab_build_2020_7b52204cdb21_unresolved_symbols.csv,approved,empty_reference_form; unresolved_symbol; no_LAB_generated
2020,7b52204cdb2119b057e5d961ecd75ab33858a3f5a1323d5018d9649e24f53840,SDRW2000000509.1.1.207,audio_pairing_unresolved,alignment_and_analysis,C:\Users\ari30\research\2026_summer_research\outputs\reports\PLAN_2020_wav_duration_recovery_20260801.csv,approved,target_unresolved
2020,7b52204cdb2119b057e5d961ecd75ab33858a3f5a1323d5018d9649e24f53840,SDRW2000000521.1.1.174,audio_pairing_unresolved,alignment_and_analysis,C:\Users\ari30\research\2026_summer_research\outputs\reports\PLAN_2020_wav_duration_recovery_20260801.csv,approved,target_unresolved
2020,7b52204cdb2119b057e5d961ecd75ab33858a3f5a1323d5018d9649e24f53840,SDRW2000000521.1.1.175,audio_pairing_unresolved,alignment_and_analysis,C:\Users\ari30\research\2026_summer_research\outputs\reports\PLAN_2020_wav_duration_recovery_20260801.csv,approved,target_unresolved
2020,7b52204cdb2119b057e5d961ecd75ab33858a3f5a1323d5018d9649e24f53840,SDRW2000000521.1.1.176,audio_pairing_unresolved,alignment_and_analysis,C:\Users\ari30\research\2026_summer_research\outputs\reports\PLAN_2020_wav_duration_recovery_20260801.csv,approved,target_unresolved
2020,7b52204cdb2119b057e5d961ecd75ab33858a3f5a1323d5018d9649e24f53840,SDRW2000000521.1.1.177,audio_pairing_unresolved,alignment_and_analysis,C:\Users\ari30\research\2026_summer_research\outputs\reports\PLAN_2020_wav_duration_recovery_20260801.csv,approved,target_unresolved
2020,7b52204cdb2119b057e5d961ecd75ab33858a3f5a1323d5018d9649e24f53840,SDRW2000000521.1.1.385,audio_pairing_unresolved,alignment_and_analysis,C:\Users\ari30\research\2026_summer_research\outputs\reports\PLAN_2020_wav_duration_recovery_20260801.csv,approved,target_unresolved
2020,7b52204cdb2119b057e5d961ecd75ab33858a3f5a1323d5018d9649e24f53840,SDRW2000000535.1.1.200,empty_reference_unresolved_symbol,alignment_and_analysis,D:\mfa_eojeol\logs\lab_build_2020_7b52204cdb21_unresolved_symbols.csv,approved,empty_reference_form; unresolved_symbol; no_LAB_generated
2020,7b52204cdb2119b057e5d961ecd75ab33858a3f5a1323d5018d9649e24f53840,SDRW2000000575.1.1.253,empty_reference_unresolved_symbol,alignment_and_analysis,D:\mfa_eojeol\logs\lab_build_2020_7b52204cdb21_unresolved_symbols.csv,approved,empty_reference_form; unresolved_symbol; no_LAB_generated
2020,7b52204cdb2119b057e5d961ecd75ab33858a3f5a1323d5018d9649e24f53840,SDRW2000000581.1.1.374,audio_pairing_unresolved,alignment_and_analysis,C:\Users\ari30\research\2026_summer_research\outputs\reports\PLAN_2020_wav_duration_recovery_20260801.csv,approved,target_unresolved
2020,7b52204cdb2119b057e5d961ecd75ab33858a3f5a1323d5018d9649e24f53840,SDRW2000000592.1.1.170,audio_pairing_unresolved,alignment_and_analysis,C:\Users\ari30\research\2026_summer_research\outputs\reports\PLAN_2020_wav_duration_recovery_20260801.csv,approved,target_unresolved
2020,7b52204cdb2119b057e5d961ecd75ab33858a3f5a1323d5018d9649e24f53840,SDRW2000000593.1.1.124,audio_pairing_unresolved,alignment_and_analysis,C:\Users\ari30\research\2026_summer_research\outputs\reports\PLAN_2020_wav_duration_recovery_20260801.csv,approved,target_unresolved
2020,7b52204cdb2119b057e5d961ecd75ab33858a3f5a1323d5018d9649e24f53840,SDRW2000000597.1.1.274,audio_pairing_unresolved,alignment_and_analysis,C:\Users\ari30\research\2026_summer_research\outputs\reports\PLAN_2020_wav_duration_recovery_20260801.csv,approved,target_unresolved
2020,7b52204cdb2119b057e5d961ecd75ab33858a3f5a1323d5018d9649e24f53840,SDRW2000000622.1.1.441,empty_reference_unresolved_symbol,alignment_and_analysis,D:\mfa_eojeol\logs\lab_build_2020_7b52204cdb21_unresolved_symbols.csv,approved,empty_reference_form; unresolved_symbol; no_LAB_generated
2020,7b52204cdb2119b057e5d961ecd75ab33858a3f5a1323d5018d9649e24f53840,SDRW2000000634.1.1.224,empty_reference_unresolved_symbol,alignment_and_analysis,D:\mfa_eojeol\logs\lab_build_2020_7b52204cdb21_unresolved_symbols.csv,approved,empty_reference_form; unresolved_symbol; no_LAB_generated
2020,7b52204cdb2119b057e5d961ecd75ab33858a3f5a1323d5018d9649e24f53840,SDRW2000000645.1.1.34,empty_reference_unresolved_symbol,alignment_and_analysis,D:\mfa_eojeol\logs\lab_build_2020_7b52204cdb21_unresolved_symbols.csv,approved,empty_reference_form; unresolved_symbol; no_LAB_generated
2020,7b52204cdb2119b057e5d961ecd75ab33858a3f5a1323d5018d9649e24f53840,SDRW2000000683.1.1.51,empty_reference_unresolved_symbol,alignment_and_analysis,D:\mfa_eojeol\logs\lab_build_2020_7b52204cdb21_unresolved_symbols.csv,approved,empty_reference_form; unresolved_symbol; no_LAB_generated
2020,7b52204cdb2119b057e5d961ecd75ab33858a3f5a1323d5018d9649e24f53840,SDRW2000000690.1.1.20,empty_reference_unresolved_symbol,alignment_and_analysis,D:\mfa_eojeol\logs\lab_build_2020_7b52204cdb21_unresolved_symbols.csv,approved,empty_reference_form; unresolved_symbol; no_LAB_generated
2020,7b52204cdb2119b057e5d961ecd75ab33858a3f5a1323d5018d9649e24f53840,SDRW2000000708.1.1.247,empty_reference_unresolved_symbol,alignment_and_analysis,D:\mfa_eojeol\logs\lab_build_2020_7b52204cdb21_unresolved_symbols.csv,approved,empty_reference_form; unresolved_symbol; no_LAB_generated
2020,7b52204cdb2119b057e5d961ecd75ab33858a3f5a1323d5018d9649e24f53840,SDRW2000000723.1.1.72,empty_reference_unresolved_symbol,alignment_and_analysis,D:\mfa_eojeol\logs\lab_build_2020_7b52204cdb21_unresolved_symbols.csv,approved,empty_reference_form; unresolved_symbol; no_LAB_generated
2020,7b52204cdb2119b057e5d961ecd75ab33858a3f5a1323d5018d9649e24f53840,SDRW2000000735.1.1.52,empty_reference_unresolved_symbol,alignment_and_analysis,D:\mfa_eojeol\logs\lab_build_2020_7b52204cdb21_unresolved_symbols.csv,approved,empty_reference_form; unresolved_symbol; no_LAB_generated
2020,7b52204cdb2119b057e5d961ecd75ab33858a3f5a1323d5018d9649e24f53840,SDRW2000000767.1.1.184,empty_reference_unresolved_symbol,alignment_and_analysis,D:\mfa_eojeol\logs\lab_build_2020_7b52204cdb21_unresolved_symbols.csv,approved,empty_reference_form; unresolved_symbol; no_LAB_generated
2020,7b52204cdb2119b057e5d961ecd75ab33858a3f5a1323d5018d9649e24f53840,SDRW2000000787.1.1.180,empty_reference_unresolved_symbol,alignment_and_analysis,D:\mfa_eojeol\logs\lab_build_2020_7b52204cdb21_unresolved_symbols.csv,approved,empty_reference_form; unresolved_symbol; no_LAB_generated
2020,7b52204cdb2119b057e5d961ecd75ab33858a3f5a1323d5018d9649e24f53840,SDRW2000000822.1.1.146,audio_pairing_unresolved,alignment_and_analysis,C:\Users\ari30\research\2026_summer_research\outputs\reports\PLAN_2020_wav_duration_recovery_20260801.csv,approved,target_unresolved
2020,7b52204cdb2119b057e5d961ecd75ab33858a3f5a1323d5018d9649e24f53840,SDRW2000000827.1.1.110,audio_pairing_unresolved,alignment_and_analysis,C:\Users\ari30\research\2026_summer_research\outputs\reports\PLAN_2020_wav_duration_recovery_20260801.csv,approved,target_unresolved
2020,7b52204cdb2119b057e5d961ecd75ab33858a3f5a1323d5018d9649e24f53840,SDRW2000000827.1.1.179,audio_pairing_unresolved,alignment_and_analysis,C:\Users\ari30\research\2026_summer_research\outputs\reports\PLAN_2020_wav_duration_recovery_20260801.csv,approved,target_unresolved
2020,7b52204cdb2119b057e5d961ecd75ab33858a3f5a1323d5018d9649e24f53840,SDRW2000000829.1.1.171,audio_pairing_unresolved,alignment_and_analysis,C:\Users\ari30\research\2026_summer_research\outputs\reports\PLAN_2020_wav_duration_recovery_20260801.csv,approved,target_unresolved
2020,7b52204cdb2119b057e5d961ecd75ab33858a3f5a1323d5018d9649e24f53840,SDRW2000000860.1.1.120,audio_pairing_unresolved,alignment_and_analysis,C:\Users\ari30\research\2026_summer_research\outputs\reports\PLAN_2020_wav_duration_recovery_20260801.csv,approved,target_unresolved
2020,7b52204cdb2119b057e5d961ecd75ab33858a3f5a1323d5018d9649e24f53840,SDRW2000000904.1.1.33,audio_pairing_unresolved,alignment_and_analysis,C:\Users\ari30\research\2026_summer_research\outputs\reports\PLAN_2020_wav_duration_recovery_20260801.csv,approved,target_unresolved
2020,7b52204cdb2119b057e5d961ecd75ab33858a3f5a1323d5018d9649e24f53840,SDRW2000000906.1.1.314,audio_pairing_unresolved,alignment_and_analysis,C:\Users\ari30\research\2026_summer_research\outputs\reports\PLAN_2020_wav_duration_recovery_20260801.csv,approved,target_unresolved
2020,7b52204cdb2119b057e5d961ecd75ab33858a3f5a1323d5018d9649e24f53840,SDRW2000000906.1.1.47,audio_pairing_unresolved,alignment_and_analysis,C:\Users\ari30\research\2026_summer_research\outputs\reports\PLAN_2020_wav_duration_recovery_20260801.csv,approved,target_unresolved
2020,7b52204cdb2119b057e5d961ecd75ab33858a3f5a1323d5018d9649e24f53840,SDRW2000000912.1.1.14,empty_reference_unresolved_symbol,alignment_and_analysis,D:\mfa_eojeol\logs\lab_build_2020_7b52204cdb21_unresolved_symbols.csv,approved,empty_reference_form; unresolved_symbol; no_LAB_generated
2020,7b52204cdb2119b057e5d961ecd75ab33858a3f5a1323d5018d9649e24f53840,SDRW2000000914.1.1.18,audio_pairing_unresolved,alignment_and_analysis,C:\Users\ari30\research\2026_summer_research\outputs\reports\PLAN_2020_wav_duration_recovery_20260801.csv,approved,target_unresolved
2020,7b52204cdb2119b057e5d961ecd75ab33858a3f5a1323d5018d9649e24f53840,SDRW2000000915.1.1.56,audio_pairing_unresolved,alignment_and_analysis,C:\Users\ari30\research\2026_summer_research\outputs\reports\PLAN_2020_wav_duration_recovery_20260801.csv,approved,target_unresolved
2020,7b52204cdb2119b057e5d961ecd75ab33858a3f5a1323d5018d9649e24f53840,SDRW2000000916.1.1.26,audio_pairing_unresolved,alignment_and_analysis,C:\Users\ari30\research\2026_summer_research\outputs\reports\PLAN_2020_wav_duration_recovery_20260801.csv,approved,target_unresolved
2020,7b52204cdb2119b057e5d961ecd75ab33858a3f5a1323d5018d9649e24f53840,SDRW2000000970.1.1.403,audio_pairing_unresolved,alignment_and_analysis,C:\Users\ari30\research\2026_summer_research\outputs\reports\PLAN_2020_wav_duration_recovery_20260801.csv,approved,target_unresolved
2020,7b52204cdb2119b057e5d961ecd75ab33858a3f5a1323d5018d9649e24f53840,SDRW2000000971.1.1.286,audio_pairing_unresolved,alignment_and_analysis,C:\Users\ari30\research\2026_summer_research\outputs\reports\PLAN_2020_wav_duration_recovery_20260801.csv,approved,target_unresolved
2020,7b52204cdb2119b057e5d961ecd75ab33858a3f5a1323d5018d9649e24f53840,SDRW2000000979.1.1.334,audio_pairing_unresolved,alignment_and_analysis,C:\Users\ari30\research\2026_summer_research\outputs\reports\PLAN_2020_wav_duration_recovery_20260801.csv,approved,target_unresolved
2020,7b52204cdb2119b057e5d961ecd75ab33858a3f5a1323d5018d9649e24f53840,SDRW2000000987.1.1.90,audio_pairing_unresolved,alignment_and_analysis,C:\Users\ari30\research\2026_summer_research\outputs\reports\PLAN_2020_wav_duration_recovery_20260801.csv,approved,target_unresolved
2020,7b52204cdb2119b057e5d961ecd75ab33858a3f5a1323d5018d9649e24f53840,SDRW2000000997.1.1.222,audio_pairing_unresolved,alignment_and_analysis,C:\Users\ari30\research\2026_summer_research\outputs\reports\PLAN_2020_wav_duration_recovery_20260801.csv,approved,target_unresolved
2020,7b52204cdb2119b057e5d961ecd75ab33858a3f5a1323d5018d9649e24f53840,SDRW2000001014.1.1.228,empty_reference_unresolved_symbol,alignment_and_analysis,D:\mfa_eojeol\logs\lab_build_2020_7b52204cdb21_unresolved_symbols.csv,approved,empty_reference_form; unresolved_symbol; no_LAB_generated
2020,7b52204cdb2119b057e5d961ecd75ab33858a3f5a1323d5018d9649e24f53840,SDRW2000001042.1.1.43,empty_reference_unresolved_symbol,alignment_and_analysis,D:\mfa_eojeol\logs\lab_build_2020_7b52204cdb21_unresolved_symbols.csv,approved,empty_reference_form; unresolved_symbol; no_LAB_generated
2020,7b52204cdb2119b057e5d961ecd75ab33858a3f5a1323d5018d9649e24f53840,SDRW2000001061.1.1.1,empty_reference_unresolved_symbol,alignment_and_analysis,D:\mfa_eojeol\logs\lab_build_2020_7b52204cdb21_unresolved_symbols.csv,approved,empty_reference_form; unresolved_symbol; no_LAB_generated
2020,7b52204cdb2119b057e5d961ecd75ab33858a3f5a1323d5018d9649e24f53840,SDRW2000001097.1.1.10,audio_pairing_unresolved,alignment_and_analysis,C:\Users\ari30\research\2026_summer_research\outputs\reports\PLAN_2020_wav_duration_recovery_20260801.csv,approved,target_unresolved
2020,7b52204cdb2119b057e5d961ecd75ab33858a3f5a1323d5018d9649e24f53840,SDRW2000001097.1.1.100,audio_pairing_unresolved,alignment_and_analysis,C:\Users\ari30\research\2026_summer_research\outputs\reports\PLAN_2020_wav_duration_recovery_20260801.csv,approved,target_unresolved
2020,7b52204cdb2119b057e5d961ecd75ab33858a3f5a1323d5018d9649e24f53840,SDRW2000001097.1.1.101,audio_pairing_unresolved,alignment_and_analysis,C:\Users\ari30\research\2026_summer_research\outputs\reports\PLAN_2020_wav_duration_recovery_20260801.csv,approved,target_unresolved
2020,7b52204cdb2119b057e5d961ecd75ab33858a3f5a1323d5018d9649e24f53840,SDRW2000001097.1.1.102,audio_pairing_unresolved,alignment_and_analysis,C:\Users\ari30\research\2026_summer_research\outputs\reports\PLAN_2020_wav_duration_recovery_20260801.csv,approved,target_unresolved
2020,7b52204cdb2119b057e5d961ecd75ab33858a3f5a1323d5018d9649e24f53840,SDRW2000001097.1.1.103,audio_pairing_unresolved,alignment_and_analysis,C:\Users\ari30\research\2026_summer_research\outputs\reports\PLAN_2020_wav_duration_recovery_20260801.csv,approved,target_unresolved
2020,7b52204cdb2119b057e5d961ecd75ab33858a3f5a1323d5018d9649e24f53840,SDRW2000001097.1.1.104,audio_pairing_unresolved,alignment_and_analysis,C:\Users\ari30\research\2026_summer_research\outputs\reports\PLAN_2020_wav_duration_recovery_20260801.csv,approved,target_unresolved
2020,7b52204cdb2119b057e5d961ecd75ab33858a3f5a1323d5018d9649e24f53840,SDRW2000001097.1.1.134,audio_pairing_unresolved,alignment_and_analysis,C:\Users\ari30\research\2026_summer_research\outputs\reports\PLAN_2020_wav_duration_recovery_20260801.csv,approved,target_unresolved
2020,7b52204cdb2119b057e5d961ecd75ab33858a3f5a1323d5018d9649e24f53840,SDRW2000001097.1.1.135,audio_pairing_unresolved,alignment_and_analysis,C:\Users\ari30\research\2026_summer_research\outputs\reports\PLAN_2020_wav_duration_recovery_20260801.csv,approved,target_unresolved
2020,7b52204cdb2119b057e5d961ecd75ab33858a3f5a1323d5018d9649e24f53840,SDRW2000001097.1.1.157,audio_pairing_unresolved,alignment_and_analysis,C:\Users\ari30\research\2026_summer_research\outputs\reports\PLAN_2020_wav_duration_recovery_20260801.csv,approved,target_unresolved
2020,7b52204cdb2119b057e5d961ecd75ab33858a3f5a1323d5018d9649e24f53840,SDRW2000001097.1.1.158,audio_pairing_unresolved,alignment_and_analysis,C:\Users\ari30\research\2026_summer_research\outputs\reports\PLAN_2020_wav_duration_recovery_20260801.csv,approved,target_unresolved
2020,7b52204cdb2119b057e5d961ecd75ab33858a3f5a1323d5018d9649e24f53840,SDRW2000001097.1.1.171,audio_pairing_unresolved,alignment_and_analysis,C:\Users\ari30\research\2026_summer_research\outputs\reports\PLAN_2020_wav_duration_recovery_20260801.csv,approved,target_unresolved
2020,7b52204cdb2119b057e5d961ecd75ab33858a3f5a1323d5018d9649e24f53840,SDRW2000001097.1.1.172,audio_pairing_unresolved,alignment_and_analysis,C:\Users\ari30\research\2026_summer_research\outputs\reports\PLAN_2020_wav_duration_recovery_20260801.csv,approved,target_unresolved
2020,7b52204cdb2119b057e5d961ecd75ab33858a3f5a1323d5018d9649e24f53840,SDRW2000001097.1.1.18,audio_pairing_unresolved,alignment_and_analysis,C:\Users\ari30\research\2026_summer_research\outputs\reports\PLAN_2020_wav_duration_recovery_20260801.csv,approved,target_unresolved
2020,7b52204cdb2119b057e5d961ecd75ab33858a3f5a1323d5018d9649e24f53840,SDRW2000001097.1.1.187,audio_pairing_unresolved,alignment_and_analysis,C:\Users\ari30\research\2026_summer_research\outputs\reports\PLAN_2020_wav_duration_recovery_20260801.csv,approved,target_unresolved
2020,7b52204cdb2119b057e5d961ecd75ab33858a3f5a1323d5018d9649e24f53840,SDRW2000001097.1.1.188,audio_pairing_unresolved,alignment_and_analysis,C:\Users\ari30\research\2026_summer_research\outputs\reports\PLAN_2020_wav_duration_recovery_20260801.csv,approved,target_unresolved
2020,7b52204cdb2119b057e5d961ecd75ab33858a3f5a1323d5018d9649e24f53840,SDRW2000001097.1.1.19,audio_pairing_unresolved,alignment_and_analysis,C:\Users\ari30\research\2026_summer_research\outputs\reports\PLAN_2020_wav_duration_recovery_20260801.csv,approved,target_unresolved
2020,7b52204cdb2119b057e5d961ecd75ab33858a3f5a1323d5018d9649e24f53840,SDRW2000001097.1.1.198,audio_pairing_unresolved,alignment_and_analysis,C:\Users\ari30\research\2026_summer_research\outputs\reports\PLAN_2020_wav_duration_recovery_20260801.csv,approved,target_unresolved
2020,7b52204cdb2119b057e5d961ecd75ab33858a3f5a1323d5018d9649e24f53840,SDRW2000001097.1.1.199,audio_pairing_unresolved,alignment_and_analysis,C:\Users\ari30\research\2026_summer_research\outputs\reports\PLAN_2020_wav_duration_recovery_20260801.csv,approved,target_unresolved
2020,7b52204cdb2119b057e5d961ecd75ab33858a3f5a1323d5018d9649e24f53840,SDRW2000001097.1.1.217,audio_pairing_unresolved,alignment_and_analysis,C:\Users\ari30\research\2026_summer_research\outputs\reports\PLAN_2020_wav_duration_recovery_20260801.csv,approved,target_unresolved
2020,7b52204cdb2119b057e5d961ecd75ab33858a3f5a1323d5018d9649e24f53840,SDRW2000001097.1.1.218,audio_pairing_unresolved,alignment_and_analysis,C:\Users\ari30\research\2026_summer_research\outputs\reports\PLAN_2020_wav_duration_recovery_20260801.csv,approved,target_unresolved
2020,7b52204cdb2119b057e5d961ecd75ab33858a3f5a1323d5018d9649e24f53840,SDRW2000001097.1.1.219,audio_pairing_unresolved,alignment_and_analysis,C:\Users\ari30\research\2026_summer_research\outputs\reports\PLAN_2020_wav_duration_recovery_20260801.csv,approved,ambiguous_short_match
2020,7b52204cdb2119b057e5d961ecd75ab33858a3f5a1323d5018d9649e24f53840,SDRW2000001097.1.1.220,audio_pairing_unresolved,alignment_and_analysis,C:\Users\ari30\research\2026_summer_research\outputs\reports\PLAN_2020_wav_duration_recovery_20260801.csv,approved,ambiguous_short_match
2020,7b52204cdb2119b057e5d961ecd75ab33858a3f5a1323d5018d9649e24f53840,SDRW2000001097.1.1.221,audio_pairing_unresolved,alignment_and_analysis,C:\Users\ari30\research\2026_summer_research\outputs\reports\PLAN_2020_wav_duration_recovery_20260801.csv,approved,target_unresolved
2020,7b52204cdb2119b057e5d961ecd75ab33858a3f5a1323d5018d9649e24f53840,SDRW2000001097.1.1.222,audio_pairing_unresolved,alignment_and_analysis,C:\Users\ari30\research\2026_summer_research\outputs\reports\PLAN_2020_wav_duration_recovery_20260801.csv,approved,target_unresolved
2020,7b52204cdb2119b057e5d961ecd75ab33858a3f5a1323d5018d9649e24f53840,SDRW2000001097.1.1.223,audio_pairing_unresolved,alignment_and_analysis,C:\Users\ari30\research\2026_summer_research\outputs\reports\PLAN_2020_wav_duration_recovery_20260801.csv,approved,target_unresolved
2020,7b52204cdb2119b057e5d961ecd75ab33858a3f5a1323d5018d9649e24f53840,SDRW2000001097.1.1.224,audio_pairing_unresolved,alignment_and_analysis,C:\Users\ari30\research\2026_summer_research\outputs\reports\PLAN_2020_wav_duration_recovery_20260801.csv,approved,target_unresolved
2020,7b52204cdb2119b057e5d961ecd75ab33858a3f5a1323d5018d9649e24f53840,SDRW2000001097.1.1.225,audio_pairing_unresolved,alignment_and_analysis,C:\Users\ari30\research\2026_summer_research\outputs\reports\PLAN_2020_wav_duration_recovery_20260801.csv,approved,ambiguous_short_match
2020,7b52204cdb2119b057e5d961ecd75ab33858a3f5a1323d5018d9649e24f53840,SDRW2000001097.1.1.226,audio_pairing_unresolved,alignment_and_analysis,C:\Users\ari30\research\2026_summer_research\outputs\reports\PLAN_2020_wav_duration_recovery_20260801.csv,approved,target_unresolved
2020,7b52204cdb2119b057e5d961ecd75ab33858a3f5a1323d5018d9649e24f53840,SDRW2000001097.1.1.227,audio_pairing_unresolved,alignment_and_analysis,C:\Users\ari30\research\2026_summer_research\outputs\reports\PLAN_2020_wav_duration_recovery_20260801.csv,approved,target_unresolved
2020,7b52204cdb2119b057e5d961ecd75ab33858a3f5a1323d5018d9649e24f53840,SDRW2000001097.1.1.237,audio_pairing_unresolved,alignment_and_analysis,C:\Users\ari30\research\2026_summer_research\outputs\reports\PLAN_2020_wav_duration_recovery_20260801.csv,approved,target_unresolved
2020,7b52204cdb2119b057e5d961ecd75ab33858a3f5a1323d5018d9649e24f53840,SDRW2000001097.1.1.238,audio_pairing_unresolved,alignment_and_analysis,C:\Users\ari30\research\2026_summer_research\outputs\reports\PLAN_2020_wav_duration_recovery_20260801.csv,approved,target_unresolved
2020,7b52204cdb2119b057e5d961ecd75ab33858a3f5a1323d5018d9649e24f53840,SDRW2000001097.1.1.239,audio_pairing_unresolved,alignment_and_analysis,C:\Users\ari30\research\2026_summer_research\outputs\reports\PLAN_2020_wav_duration_recovery_20260801.csv,approved,ambiguous_short_match
2020,7b52204cdb2119b057e5d961ecd75ab33858a3f5a1323d5018d9649e24f53840,SDRW2000001097.1.1.240,audio_pairing_unresolved,alignment_and_analysis,C:\Users\ari30\research\2026_summer_research\outputs\reports\PLAN_2020_wav_duration_recovery_20260801.csv,approved,ambiguous_short_match
2020,7b52204cdb2119b057e5d961ecd75ab33858a3f5a1323d5018d9649e24f53840,SDRW2000001097.1.1.241,audio_pairing_unresolved,alignment_and_analysis,C:\Users\ari30\research\2026_summer_research\outputs\reports\PLAN_2020_wav_duration_recovery_20260801.csv,approved,target_unresolved
2020,7b52204cdb2119b057e5d961ecd75ab33858a3f5a1323d5018d9649e24f53840,SDRW2000001097.1.1.242,audio_pairing_unresolved,alignment_and_analysis,C:\Users\ari30\research\2026_summer_research\outputs\reports\PLAN_2020_wav_duration_recovery_20260801.csv,approved,target_unresolved
2020,7b52204cdb2119b057e5d961ecd75ab33858a3f5a1323d5018d9649e24f53840,SDRW2000001097.1.1.243,audio_pairing_unresolved,alignment_and_analysis,C:\Users\ari30\research\2026_summer_research\outputs\reports\PLAN_2020_wav_duration_recovery_20260801.csv,approved,target_unresolved
2020,7b52204cdb2119b057e5d961ecd75ab33858a3f5a1323d5018d9649e24f53840,SDRW2000001097.1.1.244,audio_pairing_unresolved,alignment_and_analysis,C:\Users\ari30\research\2026_summer_research\outputs\reports\PLAN_2020_wav_duration_recovery_20260801.csv,approved,ambiguous_short_match
2020,7b52204cdb2119b057e5d961ecd75ab33858a3f5a1323d5018d9649e24f53840,SDRW2000001097.1.1.245,audio_pairing_unresolved,alignment_and_analysis,C:\Users\ari30\research\2026_summer_research\outputs\reports\PLAN_2020_wav_duration_recovery_20260801.csv,approved,target_unresolved
2020,7b52204cdb2119b057e5d961ecd75ab33858a3f5a1323d5018d9649e24f53840,SDRW2000001097.1.1.246,audio_pairing_unresolved,alignment_and_analysis,C:\Users\ari30\research\2026_summer_research\outputs\reports\PLAN_2020_wav_duration_recovery_20260801.csv,approved,target_unresolved
2020,7b52204cdb2119b057e5d961ecd75ab33858a3f5a1323d5018d9649e24f53840,SDRW2000001097.1.1.247,audio_pairing_unresolved,alignment_and_analysis,C:\Users\ari30\research\2026_summer_research\outputs\reports\PLAN_2020_wav_duration_recovery_20260801.csv,approved,ambiguous_short_match
2020,7b52204cdb2119b057e5d961ecd75ab33858a3f5a1323d5018d9649e24f53840,SDRW2000001097.1.1.248,audio_pairing_unresolved,alignment_and_analysis,C:\Users\ari30\research\2026_summer_research\outputs\reports\PLAN_2020_wav_duration_recovery_20260801.csv,approved,ambiguous_short_match
2020,7b52204cdb2119b057e5d961ecd75ab33858a3f5a1323d5018d9649e24f53840,SDRW2000001097.1.1.249,audio_pairing_unresolved,alignment_and_analysis,C:\Users\ari30\research\2026_summer_research\outputs\reports\PLAN_2020_wav_duration_recovery_20260801.csv,approved,target_unresolved
2020,7b52204cdb2119b057e5d961ecd75ab33858a3f5a1323d5018d9649e24f53840,SDRW2000001097.1.1.250,audio_pairing_unresolved,alignment_and_analysis,C:\Users\ari30\research\2026_summer_research\outputs\reports\PLAN_2020_wav_duration_recovery_20260801.csv,approved,target_unresolved
2020,7b52204cdb2119b057e5d961ecd75ab33858a3f5a1323d5018d9649e24f53840,SDRW2000001097.1.1.335,audio_pairing_unresolved,alignment_and_analysis,C:\Users\ari30\research\2026_summer_research\outputs\reports\PLAN_2020_wav_duration_recovery_20260801.csv,approved,target_unresolved
2020,7b52204cdb2119b057e5d961ecd75ab33858a3f5a1323d5018d9649e24f53840,SDRW2000001097.1.1.336,audio_pairing_unresolved,alignment_and_analysis,C:\Users\ari30\research\2026_summer_research\outputs\reports\PLAN_2020_wav_duration_recovery_20260801.csv,approved,target_unresolved
2020,7b52204cdb2119b057e5d961ecd75ab33858a3f5a1323d5018d9649e24f53840,SDRW2000001097.1.1.83,audio_pairing_unresolved,alignment_and_analysis,C:\Users\ari30\research\2026_summer_research\outputs\reports\PLAN_2020_wav_duration_recovery_20260801.csv,approved,target_unresolved
2020,7b52204cdb2119b057e5d961ecd75ab33858a3f5a1323d5018d9649e24f53840,SDRW2000001097.1.1.84,audio_pairing_unresolved,alignment_and_analysis,C:\Users\ari30\research\2026_summer_research\outputs\reports\PLAN_2020_wav_duration_recovery_20260801.csv,approved,target_unresolved
2020,7b52204cdb2119b057e5d961ecd75ab33858a3f5a1323d5018d9649e24f53840,SDRW2000001097.1.1.9,audio_pairing_unresolved,alignment_and_analysis,C:\Users\ari30\research\2026_summer_research\outputs\reports\PLAN_2020_wav_duration_recovery_20260801.csv,approved,target_unresolved
2020,7b52204cdb2119b057e5d961ecd75ab33858a3f5a1323d5018d9649e24f53840,SDRW2000001097.1.1.91,audio_pairing_unresolved,alignment_and_analysis,C:\Users\ari30\research\2026_summer_research\outputs\reports\PLAN_2020_wav_duration_recovery_20260801.csv,approved,target_unresolved
2020,7b52204cdb2119b057e5d961ecd75ab33858a3f5a1323d5018d9649e24f53840,SDRW2000001097.1.1.92,audio_pairing_unresolved,alignment_and_analysis,C:\Users\ari30\research\2026_summer_research\outputs\reports\PLAN_2020_wav_duration_recovery_20260801.csv,approved,target_unresolved
2020,7b52204cdb2119b057e5d961ecd75ab33858a3f5a1323d5018d9649e24f53840,SDRW2000001100.1.1.11,audio_pairing_unresolved,alignment_and_analysis,C:\Users\ari30\research\2026_summer_research\outputs\reports\PLAN_2020_wav_duration_recovery_20260801.csv,approved,target_unresolved
2020,7b52204cdb2119b057e5d961ecd75ab33858a3f5a1323d5018d9649e24f53840,SDRW2000001100.1.1.12,audio_pairing_unresolved,alignment_and_analysis,C:\Users\ari30\research\2026_summer_research\outputs\reports\PLAN_2020_wav_duration_recovery_20260801.csv,approved,target_unresolved
2020,7b52204cdb2119b057e5d961ecd75ab33858a3f5a1323d5018d9649e24f53840,SDRW2000001100.1.1.13,audio_pairing_unresolved,alignment_and_analysis,C:\Users\ari30\research\2026_summer_research\outputs\reports\PLAN_2020_wav_duration_recovery_20260801.csv,approved,target_unresolved
2020,7b52204cdb2119b057e5d961ecd75ab33858a3f5a1323d5018d9649e24f53840,SDRW2000001100.1.1.14,audio_pairing_unresolved,alignment_and_analysis,C:\Users\ari30\research\2026_summer_research\outputs\reports\PLAN_2020_wav_duration_recovery_20260801.csv,approved,target_unresolved
2020,7b52204cdb2119b057e5d961ecd75ab33858a3f5a1323d5018d9649e24f53840,SDRW2000001100.1.1.157,audio_pairing_unresolved,alignment_and_analysis,C:\Users\ari30\research\2026_summer_research\outputs\reports\PLAN_2020_wav_duration_recovery_20260801.csv,approved,target_unresolved
2020,7b52204cdb2119b057e5d961ecd75ab33858a3f5a1323d5018d9649e24f53840,SDRW2000001100.1.1.158,audio_pairing_unresolved,alignment_and_analysis,C:\Users\ari30\research\2026_summer_research\outputs\reports\PLAN_2020_wav_duration_recovery_20260801.csv,approved,target_unresolved
2020,7b52204cdb2119b057e5d961ecd75ab33858a3f5a1323d5018d9649e24f53840,SDRW2000001100.1.1.216,audio_pairing_unresolved,alignment_and_analysis,C:\Users\ari30\research\2026_summer_research\outputs\reports\PLAN_2020_wav_duration_recovery_20260801.csv,approved,target_unresolved
2020,7b52204cdb2119b057e5d961ecd75ab33858a3f5a1323d5018d9649e24f53840,SDRW2000001100.1.1.217,audio_pairing_unresolved,alignment_and_analysis,C:\Users\ari30\research\2026_summer_research\outputs\reports\PLAN_2020_wav_duration_recovery_20260801.csv,approved,target_unresolved
2020,7b52204cdb2119b057e5d961ecd75ab33858a3f5a1323d5018d9649e24f53840,SDRW2000001100.1.1.218,audio_pairing_unresolved,alignment_and_analysis,C:\Users\ari30\research\2026_summer_research\outputs\reports\PLAN_2020_wav_duration_recovery_20260801.csv,approved,target_unresolved
2020,7b52204cdb2119b057e5d961ecd75ab33858a3f5a1323d5018d9649e24f53840,SDRW2000001100.1.1.234,audio_pairing_unresolved,alignment_and_analysis,C:\Users\ari30\research\2026_summer_research\outputs\reports\PLAN_2020_wav_duration_recovery_20260801.csv,approved,target_unresolved
2020,7b52204cdb2119b057e5d961ecd75ab33858a3f5a1323d5018d9649e24f53840,SDRW2000001100.1.1.235,audio_pairing_unresolved,alignment_and_analysis,C:\Users\ari30\research\2026_summer_research\outputs\reports\PLAN_2020_wav_duration_recovery_20260801.csv,approved,target_unresolved
2020,7b52204cdb2119b057e5d961ecd75ab33858a3f5a1323d5018d9649e24f53840,SDRW2000001100.1.1.236,audio_pairing_unresolved,alignment_and_analysis,C:\Users\ari30\research\2026_summer_research\outputs\reports\PLAN_2020_wav_duration_recovery_20260801.csv,approved,target_unresolved
2020,7b52204cdb2119b057e5d961ecd75ab33858a3f5a1323d5018d9649e24f53840,SDRW2000001100.1.1.263,audio_pairing_unresolved,alignment_and_analysis,C:\Users\ari30\research\2026_summer_research\outputs\reports\PLAN_2020_wav_duration_recovery_20260801.csv,approved,target_unresolved
2020,7b52204cdb2119b057e5d961ecd75ab33858a3f5a1323d5018d9649e24f53840,SDRW2000001100.1.1.264,audio_pairing_unresolved,alignment_and_analysis,C:\Users\ari30\research\2026_summer_research\outputs\reports\PLAN_2020_wav_duration_recovery_20260801.csv,approved,target_unresolved
2020,7b52204cdb2119b057e5d961ecd75ab33858a3f5a1323d5018d9649e24f53840,SDRW2000001100.1.1.265,audio_pairing_unresolved,alignment_and_analysis,C:\Users\ari30\research\2026_summer_research\outputs\reports\PLAN_2020_wav_duration_recovery_20260801.csv,approved,ambiguous_short_match
2020,7b52204cdb2119b057e5d961ecd75ab33858a3f5a1323d5018d9649e24f53840,SDRW2000001100.1.1.266,audio_pairing_unresolved,alignment_and_analysis,C:\Users\ari30\research\2026_summer_research\outputs\reports\PLAN_2020_wav_duration_recovery_20260801.csv,approved,target_unresolved
2020,7b52204cdb2119b057e5d961ecd75ab33858a3f5a1323d5018d9649e24f53840,SDRW2000001100.1.1.267,audio_pairing_unresolved,alignment_and_analysis,C:\Users\ari30\research\2026_summer_research\outputs\reports\PLAN_2020_wav_duration_recovery_20260801.csv,approved,target_unresolved
2020,7b52204cdb2119b057e5d961ecd75ab33858a3f5a1323d5018d9649e24f53840,SDRW2000001100.1.1.268,audio_pairing_unresolved,alignment_and_analysis,C:\Users\ari30\research\2026_summer_research\outputs\reports\PLAN_2020_wav_duration_recovery_20260801.csv,approved,ambiguous_short_match
2020,7b52204cdb2119b057e5d961ecd75ab33858a3f5a1323d5018d9649e24f53840,SDRW2000001100.1.1.269,audio_pairing_unresolved,alignment_and_analysis,C:\Users\ari30\research\2026_summer_research\outputs\reports\PLAN_2020_wav_duration_recovery_20260801.csv,approved,target_unresolved
2020,7b52204cdb2119b057e5d961ecd75ab33858a3f5a1323d5018d9649e24f53840,SDRW2000001100.1.1.270,audio_pairing_unresolved,alignment_and_analysis,C:\Users\ari30\research\2026_summer_research\outputs\reports\PLAN_2020_wav_duration_recovery_20260801.csv,approved,target_unresolved
2020,7b52204cdb2119b057e5d961ecd75ab33858a3f5a1323d5018d9649e24f53840,SDRW2000001100.1.1.49,audio_pairing_unresolved,alignment_and_analysis,C:\Users\ari30\research\2026_summer_research\outputs\reports\PLAN_2020_wav_duration_recovery_20260801.csv,approved,target_unresolved
2020,7b52204cdb2119b057e5d961ecd75ab33858a3f5a1323d5018d9649e24f53840,SDRW2000001100.1.1.50,audio_pairing_unresolved,alignment_and_analysis,C:\Users\ari30\research\2026_summer_research\outputs\reports\PLAN_2020_wav_duration_recovery_20260801.csv,approved,target_unresolved
2020,7b52204cdb2119b057e5d961ecd75ab33858a3f5a1323d5018d9649e24f53840,SDRW2000001100.1.1.73,audio_pairing_unresolved,alignment_and_analysis,C:\Users\ari30\research\2026_summer_research\outputs\reports\PLAN_2020_wav_duration_recovery_20260801.csv,approved,target_unresolved
2020,7b52204cdb2119b057e5d961ecd75ab33858a3f5a1323d5018d9649e24f53840,SDRW2000001100.1.1.74,audio_pairing_unresolved,alignment_and_analysis,C:\Users\ari30\research\2026_summer_research\outputs\reports\PLAN_2020_wav_duration_recovery_20260801.csv,approved,target_unresolved
2020,7b52204cdb2119b057e5d961ecd75ab33858a3f5a1323d5018d9649e24f53840,SDRW2000001100.1.1.89,audio_pairing_unresolved,alignment_and_analysis,C:\Users\ari30\research\2026_summer_research\outputs\reports\PLAN_2020_wav_duration_recovery_20260801.csv,approved,target_unresolved
2020,7b52204cdb2119b057e5d961ecd75ab33858a3f5a1323d5018d9649e24f53840,SDRW2000001100.1.1.90,audio_pairing_unresolved,alignment_and_analysis,C:\Users\ari30\research\2026_summer_research\outputs\reports\PLAN_2020_wav_duration_recovery_20260801.csv,approved,target_unresolved
2020,7b52204cdb2119b057e5d961ecd75ab33858a3f5a1323d5018d9649e24f53840,SDRW2000001100.1.1.97,audio_pairing_unresolved,alignment_and_analysis,C:\Users\ari30\research\2026_summer_research\outputs\reports\PLAN_2020_wav_duration_recovery_20260801.csv,approved,target_unresolved
2020,7b52204cdb2119b057e5d961ecd75ab33858a3f5a1323d5018d9649e24f53840,SDRW2000001100.1.1.98,audio_pairing_unresolved,alignment_and_analysis,C:\Users\ari30\research\2026_summer_research\outputs\reports\PLAN_2020_wav_duration_recovery_20260801.csv,approved,target_unresolved
2020,7b52204cdb2119b057e5d961ecd75ab33858a3f5a1323d5018d9649e24f53840,SDRW2000001105.1.1.139,audio_pairing_unresolved,alignment_and_analysis,C:\Users\ari30\research\2026_summer_research\outputs\reports\PLAN_2020_wav_duration_recovery_20260801.csv,approved,target_unresolved
2020,7b52204cdb2119b057e5d961ecd75ab33858a3f5a1323d5018d9649e24f53840,SDRW2000001105.1.1.140,audio_pairing_unresolved,alignment_and_analysis,C:\Users\ari30\research\2026_summer_research\outputs\reports\PLAN_2020_wav_duration_recovery_20260801.csv,approved,target_unresolved
2020,7b52204cdb2119b057e5d961ecd75ab33858a3f5a1323d5018d9649e24f53840,SDRW2000001105.1.1.146,audio_pairing_unresolved,alignment_and_analysis,C:\Users\ari30\research\2026_summer_research\outputs\reports\PLAN_2020_wav_duration_recovery_20260801.csv,approved,target_unresolved
2020,7b52204cdb2119b057e5d961ecd75ab33858a3f5a1323d5018d9649e24f53840,SDRW2000001105.1.1.147,audio_pairing_unresolved,alignment_and_analysis,C:\Users\ari30\research\2026_summer_research\outputs\reports\PLAN_2020_wav_duration_recovery_20260801.csv,approved,target_unresolved
2020,7b52204cdb2119b057e5d961ecd75ab33858a3f5a1323d5018d9649e24f53840,SDRW2000001105.1.1.148,audio_pairing_unresolved,alignment_and_analysis,C:\Users\ari30\research\2026_summer_research\outputs\reports\PLAN_2020_wav_duration_recovery_20260801.csv,approved,target_unresolved
2020,7b52204cdb2119b057e5d961ecd75ab33858a3f5a1323d5018d9649e24f53840,SDRW2000001105.1.1.164,audio_pairing_unresolved,alignment_and_analysis,C:\Users\ari30\research\2026_summer_research\outputs\reports\PLAN_2020_wav_duration_recovery_20260801.csv,approved,target_unresolved
2020,7b52204cdb2119b057e5d961ecd75ab33858a3f5a1323d5018d9649e24f53840,SDRW2000001105.1.1.176,audio_pairing_unresolved,alignment_and_analysis,C:\Users\ari30\research\2026_summer_research\outputs\reports\PLAN_2020_wav_duration_recovery_20260801.csv,approved,target_unresolved
2020,7b52204cdb2119b057e5d961ecd75ab33858a3f5a1323d5018d9649e24f53840,SDRW2000001105.1.1.198,audio_pairing_unresolved,alignment_and_analysis,C:\Users\ari30\research\2026_summer_research\outputs\reports\PLAN_2020_wav_duration_recovery_20260801.csv,approved,target_unresolved
2020,7b52204cdb2119b057e5d961ecd75ab33858a3f5a1323d5018d9649e24f53840,SDRW2000001105.1.1.199,audio_pairing_unresolved,alignment_and_analysis,C:\Users\ari30\research\2026_summer_research\outputs\reports\PLAN_2020_wav_duration_recovery_20260801.csv,approved,target_unresolved
2020,7b52204cdb2119b057e5d961ecd75ab33858a3f5a1323d5018d9649e24f53840,SDRW2000001105.1.1.204,audio_pairing_unresolved,alignment_and_analysis,C:\Users\ari30\research\2026_summer_research\outputs\reports\PLAN_2020_wav_duration_recovery_20260801.csv,approved,target_unresolved
2020,7b52204cdb2119b057e5d961ecd75ab33858a3f5a1323d5018d9649e24f53840,SDRW2000001105.1.1.205,audio_pairing_unresolved,alignment_and_analysis,C:\Users\ari30\research\2026_summer_research\outputs\reports\PLAN_2020_wav_duration_recovery_20260801.csv,approved,target_unresolved
2020,7b52204cdb2119b057e5d961ecd75ab33858a3f5a1323d5018d9649e24f53840,SDRW2000001105.1.1.226,audio_pairing_unresolved,alignment_and_analysis,C:\Users\ari30\research\2026_summer_research\outputs\reports\PLAN_2020_wav_duration_recovery_20260801.csv,approved,target_unresolved
2020,7b52204cdb2119b057e5d961ecd75ab33858a3f5a1323d5018d9649e24f53840,SDRW2000001105.1.1.257,audio_pairing_unresolved,alignment_and_analysis,C:\Users\ari30\research\2026_summer_research\outputs\reports\PLAN_2020_wav_duration_recovery_20260801.csv,approved,target_unresolved
2020,7b52204cdb2119b057e5d961ecd75ab33858a3f5a1323d5018d9649e24f53840,SDRW2000001105.1.1.258,audio_pairing_unresolved,alignment_and_analysis,C:\Users\ari30\research\2026_summer_research\outputs\reports\PLAN_2020_wav_duration_recovery_20260801.csv,approved,target_unresolved
2020,7b52204cdb2119b057e5d961ecd75ab33858a3f5a1323d5018d9649e24f53840,SDRW2000001105.1.1.28,audio_pairing_unresolved,alignment_and_analysis,C:\Users\ari30\research\2026_summer_research\outputs\reports\PLAN_2020_wav_duration_recovery_20260801.csv,approved,target_unresolved
2020,7b52204cdb2119b057e5d961ecd75ab33858a3f5a1323d5018d9649e24f53840,SDRW2000001105.1.1.29,audio_pairing_unresolved,alignment_and_analysis,C:\Users\ari30\research\2026_summer_research\outputs\reports\PLAN_2020_wav_duration_recovery_20260801.csv,approved,target_unresolved
2020,7b52204cdb2119b057e5d961ecd75ab33858a3f5a1323d5018d9649e24f53840,SDRW2000001105.1.1.49,audio_pairing_unresolved,alignment_and_analysis,C:\Users\ari30\research\2026_summer_research\outputs\reports\PLAN_2020_wav_duration_recovery_20260801.csv,approved,target_unresolved
2020,7b52204cdb2119b057e5d961ecd75ab33858a3f5a1323d5018d9649e24f53840,SDRW2000001105.1.1.50,audio_pairing_unresolved,alignment_and_analysis,C:\Users\ari30\research\2026_summer_research\outputs\reports\PLAN_2020_wav_duration_recovery_20260801.csv,approved,target_unresolved
2020,7b52204cdb2119b057e5d961ecd75ab33858a3f5a1323d5018d9649e24f53840,SDRW2000001105.1.1.51,audio_pairing_unresolved,alignment_and_analysis,C:\Users\ari30\research\2026_summer_research\outputs\reports\PLAN_2020_wav_duration_recovery_20260801.csv,approved,ambiguous_short_match
2020,7b52204cdb2119b057e5d961ecd75ab33858a3f5a1323d5018d9649e24f53840,SDRW2000001105.1.1.52,audio_pairing_unresolved,alignment_and_analysis,C:\Users\ari30\research\2026_summer_research\outputs\reports\PLAN_2020_wav_duration_recovery_20260801.csv,approved,ambiguous_short_match
2020,7b52204cdb2119b057e5d961ecd75ab33858a3f5a1323d5018d9649e24f53840,SDRW2000001105.1.1.53,audio_pairing_unresolved,alignment_and_analysis,C:\Users\ari30\research\2026_summer_research\outputs\reports\PLAN_2020_wav_duration_recovery_20260801.csv,approved,target_unresolved
2020,7b52204cdb2119b057e5d961ecd75ab33858a3f5a1323d5018d9649e24f53840,SDRW2000001105.1.1.54,audio_pairing_unresolved,alignment_and_analysis,C:\Users\ari30\research\2026_summer_research\outputs\reports\PLAN_2020_wav_duration_recovery_20260801.csv,approved,target_unresolved
2020,7b52204cdb2119b057e5d961ecd75ab33858a3f5a1323d5018d9649e24f53840,SDRW2000001105.1.1.71,audio_pairing_unresolved,alignment_and_analysis,C:\Users\ari30\research\2026_summer_research\outputs\reports\PLAN_2020_wav_duration_recovery_20260801.csv,approved,target_unresolved
2020,7b52204cdb2119b057e5d961ecd75ab33858a3f5a1323d5018d9649e24f53840,SDRW2000001105.1.1.78,audio_pairing_unresolved,alignment_and_analysis,C:\Users\ari30\research\2026_summer_research\outputs\reports\PLAN_2020_wav_duration_recovery_20260801.csv,approved,target_unresolved
2020,7b52204cdb2119b057e5d961ecd75ab33858a3f5a1323d5018d9649e24f53840,SDRW2000001105.1.1.79,audio_pairing_unresolved,alignment_and_analysis,C:\Users\ari30\research\2026_summer_research\outputs\reports\PLAN_2020_wav_duration_recovery_20260801.csv,approved,target_unresolved
2020,7b52204cdb2119b057e5d961ecd75ab33858a3f5a1323d5018d9649e24f53840,SDRW2000001105.1.1.83,audio_pairing_unresolved,alignment_and_analysis,C:\Users\ari30\research\2026_summer_research\outputs\reports\PLAN_2020_wav_duration_recovery_20260801.csv,approved,target_unresolved
2020,7b52204cdb2119b057e5d961ecd75ab33858a3f5a1323d5018d9649e24f53840,SDRW2000001105.1.1.84,audio_pairing_unresolved,alignment_and_analysis,C:\Users\ari30\research\2026_summer_research\outputs\reports\PLAN_2020_wav_duration_recovery_20260801.csv,approved,target_unresolved
2020,7b52204cdb2119b057e5d961ecd75ab33858a3f5a1323d5018d9649e24f53840,SDRW2000001105.1.1.90,audio_pairing_unresolved,alignment_and_analysis,C:\Users\ari30\research\2026_summer_research\outputs\reports\PLAN_2020_wav_duration_recovery_20260801.csv,approved,target_unresolved
2020,7b52204cdb2119b057e5d961ecd75ab33858a3f5a1323d5018d9649e24f53840,SDRW2000001108.1.1.209,audio_pairing_unresolved,alignment_and_analysis,C:\Users\ari30\research\2026_summer_research\outputs\reports\PLAN_2020_wav_duration_recovery_20260801.csv,approved,target_unresolved
2020,7b52204cdb2119b057e5d961ecd75ab33858a3f5a1323d5018d9649e24f53840,SDRW2000001108.1.1.210,audio_pairing_unresolved,alignment_and_analysis,C:\Users\ari30\research\2026_summer_research\outputs\reports\PLAN_2020_wav_duration_recovery_20260801.csv,approved,target_unresolved
2020,7b52204cdb2119b057e5d961ecd75ab33858a3f5a1323d5018d9649e24f53840,SDRW2000001112.1.1.283,audio_pairing_unresolved,alignment_and_analysis,C:\Users\ari30\research\2026_summer_research\outputs\reports\PLAN_2020_wav_duration_recovery_20260801.csv,approved,target_unresolved
2020,7b52204cdb2119b057e5d961ecd75ab33858a3f5a1323d5018d9649e24f53840,SDRW2000001112.1.1.284,audio_pairing_unresolved,alignment_and_analysis,C:\Users\ari30\research\2026_summer_research\outputs\reports\PLAN_2020_wav_duration_recovery_20260801.csv,approved,target_unresolved
2020,7b52204cdb2119b057e5d961ecd75ab33858a3f5a1323d5018d9649e24f53840,SDRW2000001112.1.1.316,audio_pairing_unresolved,alignment_and_analysis,C:\Users\ari30\research\2026_summer_research\outputs\reports\PLAN_2020_wav_duration_recovery_20260801.csv,approved,target_unresolved
2020,7b52204cdb2119b057e5d961ecd75ab33858a3f5a1323d5018d9649e24f53840,SDRW2000001112.1.1.317,audio_pairing_unresolved,alignment_and_analysis,C:\Users\ari30\research\2026_summer_research\outputs\reports\PLAN_2020_wav_duration_recovery_20260801.csv,approved,target_unresolved
2020,7b52204cdb2119b057e5d961ecd75ab33858a3f5a1323d5018d9649e24f53840,SDRW2000001112.1.1.47,audio_pairing_unresolved,alignment_and_analysis,C:\Users\ari30\research\2026_summer_research\outputs\reports\PLAN_2020_wav_duration_recovery_20260801.csv,approved,target_unresolved
2020,7b52204cdb2119b057e5d961ecd75ab33858a3f5a1323d5018d9649e24f53840,SDRW2000001113.1.1.262,audio_pairing_unresolved,alignment_and_analysis,C:\Users\ari30\research\2026_summer_research\outputs\reports\PLAN_2020_wav_duration_recovery_20260801.csv,approved,target_unresolved
2020,7b52204cdb2119b057e5d961ecd75ab33858a3f5a1323d5018d9649e24f53840,SDRW2000001113.1.1.263,audio_pairing_unresolved,alignment_and_analysis,C:\Users\ari30\research\2026_summer_research\outputs\reports\PLAN_2020_wav_duration_recovery_20260801.csv,approved,target_unresolved
2020,7b52204cdb2119b057e5d961ecd75ab33858a3f5a1323d5018d9649e24f53840,SDRW2000001113.1.1.272,audio_pairing_unresolved,alignment_and_analysis,C:\Users\ari30\research\2026_summer_research\outputs\reports\PLAN_2020_wav_duration_recovery_20260801.csv,approved,target_unresolved
2020,7b52204cdb2119b057e5d961ecd75ab33858a3f5a1323d5018d9649e24f53840,SDRW2000001113.1.1.273,audio_pairing_unresolved,alignment_and_analysis,C:\Users\ari30\research\2026_summer_research\outputs\reports\PLAN_2020_wav_duration_recovery_20260801.csv,approved,target_unresolved
2020,7b52204cdb2119b057e5d961ecd75ab33858a3f5a1323d5018d9649e24f53840,SDRW2000001113.1.1.330,audio_pairing_unresolved,alignment_and_analysis,C:\Users\ari30\research\2026_summer_research\outputs\reports\PLAN_2020_wav_duration_recovery_20260801.csv,approved,target_unresolved
2020,7b52204cdb2119b057e5d961ecd75ab33858a3f5a1323d5018d9649e24f53840,SDRW2000001113.1.1.331,audio_pairing_unresolved,alignment_and_analysis,C:\Users\ari30\research\2026_summer_research\outputs\reports\PLAN_2020_wav_duration_recovery_20260801.csv,approved,target_unresolved
2020,7b52204cdb2119b057e5d961ecd75ab33858a3f5a1323d5018d9649e24f53840,SDRW2000001113.1.1.378,audio_pairing_unresolved,alignment_and_analysis,C:\Users\ari30\research\2026_summer_research\outputs\reports\PLAN_2020_wav_duration_recovery_20260801.csv,approved,target_unresolved
2020,7b52204cdb2119b057e5d961ecd75ab33858a3f5a1323d5018d9649e24f53840,SDRW2000001113.1.1.379,audio_pairing_unresolved,alignment_and_analysis,C:\Users\ari30\research\2026_summer_research\outputs\reports\PLAN_2020_wav_duration_recovery_20260801.csv,approved,target_unresolved
2020,7b52204cdb2119b057e5d961ecd75ab33858a3f5a1323d5018d9649e24f53840,SDRW2000001113.1.1.4,audio_pairing_unresolved,alignment_and_analysis,C:\Users\ari30\research\2026_summer_research\outputs\reports\PLAN_2020_wav_duration_recovery_20260801.csv,approved,target_unresolved
2020,7b52204cdb2119b057e5d961ecd75ab33858a3f5a1323d5018d9649e24f53840,SDRW2000001114.1.1.349,audio_pairing_unresolved,alignment_and_analysis,C:\Users\ari30\research\2026_summer_research\outputs\reports\PLAN_2020_wav_duration_recovery_20260801.csv,approved,target_unresolved
2020,7b52204cdb2119b057e5d961ecd75ab33858a3f5a1323d5018d9649e24f53840,SDRW2000001114.1.1.418,audio_pairing_unresolved,alignment_and_analysis,C:\Users\ari30\research\2026_summer_research\outputs\reports\PLAN_2020_wav_duration_recovery_20260801.csv,approved,target_unresolved
2020,7b52204cdb2119b057e5d961ecd75ab33858a3f5a1323d5018d9649e24f53840,SDRW2000001115.1.1.1,audio_pairing_unresolved,alignment_and_analysis,C:\Users\ari30\research\2026_summer_research\outputs\reports\PLAN_2020_wav_duration_recovery_20260801.csv,approved,target_unresolved
2020,7b52204cdb2119b057e5d961ecd75ab33858a3f5a1323d5018d9649e24f53840,SDRW2000001115.1.1.136,audio_pairing_unresolved,alignment_and_analysis,C:\Users\ari30\research\2026_summer_research\outputs\reports\PLAN_2020_wav_duration_recovery_20260801.csv,approved,target_unresolved
2020,7b52204cdb2119b057e5d961ecd75ab33858a3f5a1323d5018d9649e24f53840,SDRW2000001115.1.1.168,audio_pairing_unresolved,alignment_and_analysis,C:\Users\ari30\research\2026_summer_research\outputs\reports\PLAN_2020_wav_duration_recovery_20260801.csv,approved,target_unresolved
2020,7b52204cdb2119b057e5d961ecd75ab33858a3f5a1323d5018d9649e24f53840,SDRW2000001115.1.1.169,audio_pairing_unresolved,alignment_and_analysis,C:\Users\ari30\research\2026_summer_research\outputs\reports\PLAN_2020_wav_duration_recovery_20260801.csv,approved,target_unresolved
2020,7b52204cdb2119b057e5d961ecd75ab33858a3f5a1323d5018d9649e24f53840,SDRW2000001115.1.1.18,audio_pairing_unresolved,alignment_and_analysis,C:\Users\ari30\research\2026_summer_research\outputs\reports\PLAN_2020_wav_duration_recovery_20260801.csv,approved,target_unresolved
2020,7b52204cdb2119b057e5d961ecd75ab33858a3f5a1323d5018d9649e24f53840,SDRW2000001115.1.1.184,audio_pairing_unresolved,alignment_and_analysis,C:\Users\ari30\research\2026_summer_research\outputs\reports\PLAN_2020_wav_duration_recovery_20260801.csv,approved,target_unresolved
2020,7b52204cdb2119b057e5d961ecd75ab33858a3f5a1323d5018d9649e24f53840,SDRW2000001115.1.1.185,audio_pairing_unresolved,alignment_and_analysis,C:\Users\ari30\research\2026_summer_research\outputs\reports\PLAN_2020_wav_duration_recovery_20260801.csv,approved,target_unresolved
2020,7b52204cdb2119b057e5d961ecd75ab33858a3f5a1323d5018d9649e24f53840,SDRW2000001115.1.1.19,audio_pairing_unresolved,alignment_and_analysis,C:\Users\ari30\research\2026_summer_research\outputs\reports\PLAN_2020_wav_duration_recovery_20260801.csv,approved,target_unresolved
2020,7b52204cdb2119b057e5d961ecd75ab33858a3f5a1323d5018d9649e24f53840,SDRW2000001115.1.1.2,audio_pairing_unresolved,alignment_and_analysis,C:\Users\ari30\research\2026_summer_research\outputs\reports\PLAN_2020_wav_duration_recovery_20260801.csv,approved,target_unresolved
2020,7b52204cdb2119b057e5d961ecd75ab33858a3f5a1323d5018d9649e24f53840,SDRW2000001115.1.1.292,audio_pairing_unresolved,alignment_and_analysis,C:\Users\ari30\research\2026_summer_research\outputs\reports\PLAN_2020_wav_duration_recovery_20260801.csv,approved,target_unresolved
2020,7b52204cdb2119b057e5d961ecd75ab33858a3f5a1323d5018d9649e24f53840,SDRW2000001115.1.1.293,audio_pairing_unresolved,alignment_and_analysis,C:\Users\ari30\research\2026_summer_research\outputs\reports\PLAN_2020_wav_duration_recovery_20260801.csv,approved,target_unresolved
2020,7b52204cdb2119b057e5d961ecd75ab33858a3f5a1323d5018d9649e24f53840,SDRW2000001115.1.1.294,audio_pairing_unresolved,alignment_and_analysis,C:\Users\ari30\research\2026_summer_research\outputs\reports\PLAN_2020_wav_duration_recovery_20260801.csv,approved,ambiguous_short_match
2020,7b52204cdb2119b057e5d961ecd75ab33858a3f5a1323d5018d9649e24f53840,SDRW2000001115.1.1.295,audio_pairing_unresolved,alignment_and_analysis,C:\Users\ari30\research\2026_summer_research\outputs\reports\PLAN_2020_wav_duration_recovery_20260801.csv,approved,target_unresolved
2020,7b52204cdb2119b057e5d961ecd75ab33858a3f5a1323d5018d9649e24f53840,SDRW2000001115.1.1.389,audio_pairing_unresolved,alignment_and_analysis,C:\Users\ari30\research\2026_summer_research\outputs\reports\PLAN_2020_wav_duration_recovery_20260801.csv,approved,target_unresolved
2020,7b52204cdb2119b057e5d961ecd75ab33858a3f5a1323d5018d9649e24f53840,SDRW2000001115.1.1.390,audio_pairing_unresolved,alignment_and_analysis,C:\Users\ari30\research\2026_summer_research\outputs\reports\PLAN_2020_wav_duration_recovery_20260801.csv,approved,target_unresolved
2020,7b52204cdb2119b057e5d961ecd75ab33858a3f5a1323d5018d9649e24f53840,SDRW2000001115.1.1.405,audio_pairing_unresolved,alignment_and_analysis,C:\Users\ari30\research\2026_summer_research\outputs\reports\PLAN_2020_wav_duration_recovery_20260801.csv,approved,target_unresolved
2020,7b52204cdb2119b057e5d961ecd75ab33858a3f5a1323d5018d9649e24f53840,SDRW2000001115.1.1.406,audio_pairing_unresolved,alignment_and_analysis,C:\Users\ari30\research\2026_summer_research\outputs\reports\PLAN_2020_wav_duration_recovery_20260801.csv,approved,target_unresolved
2020,7b52204cdb2119b057e5d961ecd75ab33858a3f5a1323d5018d9649e24f53840,SDRW2000001115.1.1.6,audio_pairing_unresolved,alignment_and_analysis,C:\Users\ari30\research\2026_summer_research\outputs\reports\PLAN_2020_wav_duration_recovery_20260801.csv,approved,target_unresolved
2020,7b52204cdb2119b057e5d961ecd75ab33858a3f5a1323d5018d9649e24f53840,SDRW2000001115.1.1.61,audio_pairing_unresolved,alignment_and_analysis,C:\Users\ari30\research\2026_summer_research\outputs\reports\PLAN_2020_wav_duration_recovery_20260801.csv,approved,target_unresolved
2020,7b52204cdb2119b057e5d961ecd75ab33858a3f5a1323d5018d9649e24f53840,SDRW2000001115.1.1.62,audio_pairing_unresolved,alignment_and_analysis,C:\Users\ari30\research\2026_summer_research\outputs\reports\PLAN_2020_wav_duration_recovery_20260801.csv,approved,target_unresolved
2020,7b52204cdb2119b057e5d961ecd75ab33858a3f5a1323d5018d9649e24f53840,SDRW2000001115.1.1.7,audio_pairing_unresolved,alignment_and_analysis,C:\Users\ari30\research\2026_summer_research\outputs\reports\PLAN_2020_wav_duration_recovery_20260801.csv,approved,target_unresolved
2020,7b52204cdb2119b057e5d961ecd75ab33858a3f5a1323d5018d9649e24f53840,SDRW2000001115.1.1.70,audio_pairing_unresolved,alignment_and_analysis,C:\Users\ari30\research\2026_summer_research\outputs\reports\PLAN_2020_wav_duration_recovery_20260801.csv,approved,target_unresolved
2020,7b52204cdb2119b057e5d961ecd75ab33858a3f5a1323d5018d9649e24f53840,SDRW2000001115.1.1.71,audio_pairing_unresolved,alignment_and_analysis,C:\Users\ari30\research\2026_summer_research\outputs\reports\PLAN_2020_wav_duration_recovery_20260801.csv,approved,target_unresolved
2020,7b52204cdb2119b057e5d961ecd75ab33858a3f5a1323d5018d9649e24f53840,SDRW2000001115.1.1.82,audio_pairing_unresolved,alignment_and_analysis,C:\Users\ari30\research\2026_summer_research\outputs\reports\PLAN_2020_wav_duration_recovery_20260801.csv,approved,target_unresolved
2020,7b52204cdb2119b057e5d961ecd75ab33858a3f5a1323d5018d9649e24f53840,SDRW2000001115.1.1.83,audio_pairing_unresolved,alignment_and_analysis,C:\Users\ari30\research\2026_summer_research\outputs\reports\PLAN_2020_wav_duration_recovery_20260801.csv,approved,target_unresolved
2020,7b52204cdb2119b057e5d961ecd75ab33858a3f5a1323d5018d9649e24f53840,SDRW2000001115.1.1.91,audio_pairing_unresolved,alignment_and_analysis,C:\Users\ari30\research\2026_summer_research\outputs\reports\PLAN_2020_wav_duration_recovery_20260801.csv,approved,target_unresolved
2020,7b52204cdb2119b057e5d961ecd75ab33858a3f5a1323d5018d9649e24f53840,SDRW2000001115.1.1.92,audio_pairing_unresolved,alignment_and_analysis,C:\Users\ari30\research\2026_summer_research\outputs\reports\PLAN_2020_wav_duration_recovery_20260801.csv,approved,target_unresolved
2020,7b52204cdb2119b057e5d961ecd75ab33858a3f5a1323d5018d9649e24f53840,SDRW2000001117.1.1.160,audio_pairing_unresolved,alignment_and_analysis,C:\Users\ari30\research\2026_summer_research\outputs\reports\PLAN_2020_wav_duration_recovery_20260801.csv,approved,target_unresolved
2020,7b52204cdb2119b057e5d961ecd75ab33858a3f5a1323d5018d9649e24f53840,SDRW2000001117.1.1.161,audio_pairing_unresolved,alignment_and_analysis,C:\Users\ari30\research\2026_summer_research\outputs\reports\PLAN_2020_wav_duration_recovery_20260801.csv,approved,target_unresolved
2020,7b52204cdb2119b057e5d961ecd75ab33858a3f5a1323d5018d9649e24f53840,SDRW2000001117.1.1.162,audio_pairing_unresolved,alignment_and_analysis,C:\Users\ari30\research\2026_summer_research\outputs\reports\PLAN_2020_wav_duration_recovery_20260801.csv,approved,target_unresolved
2020,7b52204cdb2119b057e5d961ecd75ab33858a3f5a1323d5018d9649e24f53840,SDRW2000001117.1.1.174,audio_pairing_unresolved,alignment_and_analysis,C:\Users\ari30\research\2026_summer_research\outputs\reports\PLAN_2020_wav_duration_recovery_20260801.csv,approved,target_unresolved
2020,7b52204cdb2119b057e5d961ecd75ab33858a3f5a1323d5018d9649e24f53840,SDRW2000001117.1.1.175,audio_pairing_unresolved,alignment_and_analysis,C:\Users\ari30\research\2026_summer_research\outputs\reports\PLAN_2020_wav_duration_recovery_20260801.csv,approved,target_unresolved
2020,7b52204cdb2119b057e5d961ecd75ab33858a3f5a1323d5018d9649e24f53840,SDRW2000001117.1.1.429,audio_pairing_unresolved,alignment_and_analysis,C:\Users\ari30\research\2026_summer_research\outputs\reports\PLAN_2020_wav_duration_recovery_20260801.csv,approved,target_unresolved
2020,7b52204cdb2119b057e5d961ecd75ab33858a3f5a1323d5018d9649e24f53840,SDRW2000001117.1.1.430,audio_pairing_unresolved,alignment_and_analysis,C:\Users\ari30\research\2026_summer_research\outputs\reports\PLAN_2020_wav_duration_recovery_20260801.csv,approved,target_unresolved
2020,7b52204cdb2119b057e5d961ecd75ab33858a3f5a1323d5018d9649e24f53840,SDRW2000001120.1.1.240,audio_pairing_unresolved,alignment_and_analysis,C:\Users\ari30\research\2026_summer_research\outputs\reports\PLAN_2020_wav_duration_recovery_20260801.csv,approved,target_unresolved
2020,7b52204cdb2119b057e5d961ecd75ab33858a3f5a1323d5018d9649e24f53840,SDRW2000001120.1.1.241,audio_pairing_unresolved,alignment_and_analysis,C:\Users\ari30\research\2026_summer_research\outputs\reports\PLAN_2020_wav_duration_recovery_20260801.csv,approved,target_unresolved
2020,7b52204cdb2119b057e5d961ecd75ab33858a3f5a1323d5018d9649e24f53840,SDRW2000001120.1.1.274,audio_pairing_unresolved,alignment_and_analysis,C:\Users\ari30\research\2026_summer_research\outputs\reports\PLAN_2020_wav_duration_recovery_20260801.csv,approved,target_unresolved
2020,7b52204cdb2119b057e5d961ecd75ab33858a3f5a1323d5018d9649e24f53840,SDRW2000001120.1.1.275,audio_pairing_unresolved,alignment_and_analysis,C:\Users\ari30\research\2026_summer_research\outputs\reports\PLAN_2020_wav_duration_recovery_20260801.csv,approved,target_unresolved
2020,7b52204cdb2119b057e5d961ecd75ab33858a3f5a1323d5018d9649e24f53840,SDRW2000001120.1.1.276,audio_pairing_unresolved,alignment_and_analysis,C:\Users\ari30\research\2026_summer_research\outputs\reports\PLAN_2020_wav_duration_recovery_20260801.csv,approved,target_unresolved
2020,7b52204cdb2119b057e5d961ecd75ab33858a3f5a1323d5018d9649e24f53840,SDRW2000001120.1.1.320,audio_pairing_unresolved,alignment_and_analysis,C:\Users\ari30\research\2026_summer_research\outputs\reports\PLAN_2020_wav_duration_recovery_20260801.csv,approved,target_unresolved
2020,7b52204cdb2119b057e5d961ecd75ab33858a3f5a1323d5018d9649e24f53840,SDRW2000001120.1.1.321,audio_pairing_unresolved,alignment_and_analysis,C:\Users\ari30\research\2026_summer_research\outputs\reports\PLAN_2020_wav_duration_recovery_20260801.csv,approved,target_unresolved
2020,7b52204cdb2119b057e5d961ecd75ab33858a3f5a1323d5018d9649e24f53840,SDRW2000001120.1.1.426,audio_pairing_unresolved,alignment_and_analysis,C:\Users\ari30\research\2026_summer_research\outputs\reports\PLAN_2020_wav_duration_recovery_20260801.csv,approved,target_unresolved
2020,7b52204cdb2119b057e5d961ecd75ab33858a3f5a1323d5018d9649e24f53840,SDRW2000001120.1.1.427,audio_pairing_unresolved,alignment_and_analysis,C:\Users\ari30\research\2026_summer_research\outputs\reports\PLAN_2020_wav_duration_recovery_20260801.csv,approved,target_unresolved
2020,7b52204cdb2119b057e5d961ecd75ab33858a3f5a1323d5018d9649e24f53840,SDRW2000001120.1.1.428,audio_pairing_unresolved,alignment_and_analysis,C:\Users\ari30\research\2026_summer_research\outputs\reports\PLAN_2020_wav_duration_recovery_20260801.csv,approved,ambiguous_short_match
2020,7b52204cdb2119b057e5d961ecd75ab33858a3f5a1323d5018d9649e24f53840,SDRW2000001120.1.1.429,audio_pairing_unresolved,alignment_and_analysis,C:\Users\ari30\research\2026_summer_research\outputs\reports\PLAN_2020_wav_duration_recovery_20260801.csv,approved,ambiguous_short_match
2020,7b52204cdb2119b057e5d961ecd75ab33858a3f5a1323d5018d9649e24f53840,SDRW2000001120.1.1.430,audio_pairing_unresolved,alignment_and_analysis,C:\Users\ari30\research\2026_summer_research\outputs\reports\PLAN_2020_wav_duration_recovery_20260801.csv,approved,target_unresolved
2020,7b52204cdb2119b057e5d961ecd75ab33858a3f5a1323d5018d9649e24f53840,SDRW2000001120.1.1.431,audio_pairing_unresolved,alignment_and_analysis,C:\Users\ari30\research\2026_summer_research\outputs\reports\PLAN_2020_wav_duration_recovery_20260801.csv,approved,target_unresolved
2020,7b52204cdb2119b057e5d961ecd75ab33858a3f5a1323d5018d9649e24f53840,SDRW2000001120.1.1.467,audio_pairing_unresolved,alignment_and_analysis,C:\Users\ari30\research\2026_summer_research\outputs\reports\PLAN_2020_wav_duration_recovery_20260801.csv,approved,target_unresolved
2020,7b52204cdb2119b057e5d961ecd75ab33858a3f5a1323d5018d9649e24f53840,SDRW2000001120.1.1.468,audio_pairing_unresolved,alignment_and_analysis,C:\Users\ari30\research\2026_summer_research\outputs\reports\PLAN_2020_wav_duration_recovery_20260801.csv,approved,target_unresolved
2020,7b52204cdb2119b057e5d961ecd75ab33858a3f5a1323d5018d9649e24f53840,SDRW2000001120.1.1.49,audio_pairing_unresolved,alignment_and_analysis,C:\Users\ari30\research\2026_summer_research\outputs\reports\PLAN_2020_wav_duration_recovery_20260801.csv,approved,target_unresolved
2020,7b52204cdb2119b057e5d961ecd75ab33858a3f5a1323d5018d9649e24f53840,SDRW2000001120.1.1.50,audio_pairing_unresolved,alignment_and_analysis,C:\Users\ari30\research\2026_summer_research\outputs\reports\PLAN_2020_wav_duration_recovery_20260801.csv,approved,target_unresolved
2020,7b52204cdb2119b057e5d961ecd75ab33858a3f5a1323d5018d9649e24f53840,SDRW2000001123.1.1.100,audio_pairing_unresolved,alignment_and_analysis,C:\Users\ari30\research\2026_summer_research\outputs\reports\PLAN_2020_wav_duration_recovery_20260801.csv,approved,target_unresolved
2020,7b52204cdb2119b057e5d961ecd75ab33858a3f5a1323d5018d9649e24f53840,SDRW2000001123.1.1.101,audio_pairing_unresolved,alignment_and_analysis,C:\Users\ari30\research\2026_summer_research\outputs\reports\PLAN_2020_wav_duration_recovery_20260801.csv,approved,target_unresolved
2020,7b52204cdb2119b057e5d961ecd75ab33858a3f5a1323d5018d9649e24f53840,SDRW2000001123.1.1.107,audio_pairing_unresolved,alignment_and_analysis,C:\Users\ari30\research\2026_summer_research\outputs\reports\PLAN_2020_wav_duration_recovery_20260801.csv,approved,target_unresolved
2020,7b52204cdb2119b057e5d961ecd75ab33858a3f5a1323d5018d9649e24f53840,SDRW2000001123.1.1.108,audio_pairing_unresolved,alignment_and_analysis,C:\Users\ari30\research\2026_summer_research\outputs\reports\PLAN_2020_wav_duration_recovery_20260801.csv,approved,target_unresolved
2020,7b52204cdb2119b057e5d961ecd75ab33858a3f5a1323d5018d9649e24f53840,SDRW2000001123.1.1.116,audio_pairing_unresolved,alignment_and_analysis,C:\Users\ari30\research\2026_summer_research\outputs\reports\PLAN_2020_wav_duration_recovery_20260801.csv,approved,target_unresolved
2020,7b52204cdb2119b057e5d961ecd75ab33858a3f5a1323d5018d9649e24f53840,SDRW2000001123.1.1.117,audio_pairing_unresolved,alignment_and_analysis,C:\Users\ari30\research\2026_summer_research\outputs\reports\PLAN_2020_wav_duration_recovery_20260801.csv,approved,target_unresolved
2020,7b52204cdb2119b057e5d961ecd75ab33858a3f5a1323d5018d9649e24f53840,SDRW2000001123.1.1.118,audio_pairing_unresolved,alignment_and_analysis,C:\Users\ari30\research\2026_summer_research\outputs\reports\PLAN_2020_wav_duration_recovery_20260801.csv,approved,target_unresolved
2020,7b52204cdb2119b057e5d961ecd75ab33858a3f5a1323d5018d9649e24f53840,SDRW2000001123.1.1.119,audio_pairing_unresolved,alignment_and_analysis,C:\Users\ari30\research\2026_summer_research\outputs\reports\PLAN_2020_wav_duration_recovery_20260801.csv,approved,target_unresolved
2020,7b52204cdb2119b057e5d961ecd75ab33858a3f5a1323d5018d9649e24f53840,SDRW2000001123.1.1.132,audio_pairing_unresolved,alignment_and_analysis,C:\Users\ari30\research\2026_summer_research\outputs\reports\PLAN_2020_wav_duration_recovery_20260801.csv,approved,target_unresolved
2020,7b52204cdb2119b057e5d961ecd75ab33858a3f5a1323d5018d9649e24f53840,SDRW2000001123.1.1.133,audio_pairing_unresolved,alignment_and_analysis,C:\Users\ari30\research\2026_summer_research\outputs\reports\PLAN_2020_wav_duration_recovery_20260801.csv,approved,target_unresolved
2020,7b52204cdb2119b057e5d961ecd75ab33858a3f5a1323d5018d9649e24f53840,SDRW2000001123.1.1.140,audio_pairing_unresolved,alignment_and_analysis,C:\Users\ari30\research\2026_summer_research\outputs\reports\PLAN_2020_wav_duration_recovery_20260801.csv,approved,target_unresolved
2020,7b52204cdb2119b057e5d961ecd75ab33858a3f5a1323d5018d9649e24f53840,SDRW2000001123.1.1.141,audio_pairing_unresolved,alignment_and_analysis,C:\Users\ari30\research\2026_summer_research\outputs\reports\PLAN_2020_wav_duration_recovery_20260801.csv,approved,target_unresolved
2020,7b52204cdb2119b057e5d961ecd75ab33858a3f5a1323d5018d9649e24f53840,SDRW2000001123.1.1.147,audio_pairing_unresolved,alignment_and_analysis,C:\Users\ari30\research\2026_summer_research\outputs\reports\PLAN_2020_wav_duration_recovery_20260801.csv,approved,target_unresolved
2020,7b52204cdb2119b057e5d961ecd75ab33858a3f5a1323d5018d9649e24f53840,SDRW2000001123.1.1.148,audio_pairing_unresolved,alignment_and_analysis,C:\Users\ari30\research\2026_summer_research\outputs\reports\PLAN_2020_wav_duration_recovery_20260801.csv,approved,target_unresolved
2020,7b52204cdb2119b057e5d961ecd75ab33858a3f5a1323d5018d9649e24f53840,SDRW2000001123.1.1.165,audio_pairing_unresolved,alignment_and_analysis,C:\Users\ari30\research\2026_summer_research\outputs\reports\PLAN_2020_wav_duration_recovery_20260801.csv,approved,target_unresolved
2020,7b52204cdb2119b057e5d961ecd75ab33858a3f5a1323d5018d9649e24f53840,SDRW2000001123.1.1.166,audio_pairing_unresolved,alignment_and_analysis,C:\Users\ari30\research\2026_summer_research\outputs\reports\PLAN_2020_wav_duration_recovery_20260801.csv,approved,target_unresolved
2020,7b52204cdb2119b057e5d961ecd75ab33858a3f5a1323d5018d9649e24f53840,SDRW2000001123.1.1.190,audio_pairing_unresolved,alignment_and_analysis,C:\Users\ari30\research\2026_summer_research\outputs\reports\PLAN_2020_wav_duration_recovery_20260801.csv,approved,target_unresolved
2020,7b52204cdb2119b057e5d961ecd75ab33858a3f5a1323d5018d9649e24f53840,SDRW2000001123.1.1.191,audio_pairing_unresolved,alignment_and_analysis,C:\Users\ari30\research\2026_summer_research\outputs\reports\PLAN_2020_wav_duration_recovery_20260801.csv,approved,target_unresolved
2020,7b52204cdb2119b057e5d961ecd75ab33858a3f5a1323d5018d9649e24f53840,SDRW2000001123.1.1.208,audio_pairing_unresolved,alignment_and_analysis,C:\Users\ari30\research\2026_summer_research\outputs\reports\PLAN_2020_wav_duration_recovery_20260801.csv,approved,target_unresolved
2020,7b52204cdb2119b057e5d961ecd75ab33858a3f5a1323d5018d9649e24f53840,SDRW2000001123.1.1.209,audio_pairing_unresolved,alignment_and_analysis,C:\Users\ari30\research\2026_summer_research\outputs\reports\PLAN_2020_wav_duration_recovery_20260801.csv,approved,target_unresolved
2020,7b52204cdb2119b057e5d961ecd75ab33858a3f5a1323d5018d9649e24f53840,SDRW2000001123.1.1.21,audio_pairing_unresolved,alignment_and_analysis,C:\Users\ari30\research\2026_summer_research\outputs\reports\PLAN_2020_wav_duration_recovery_20260801.csv,approved,target_unresolved
2020,7b52204cdb2119b057e5d961ecd75ab33858a3f5a1323d5018d9649e24f53840,SDRW2000001123.1.1.215,audio_pairing_unresolved,alignment_and_analysis,C:\Users\ari30\research\2026_summer_research\outputs\reports\PLAN_2020_wav_duration_recovery_20260801.csv,approved,target_unresolved
2020,7b52204cdb2119b057e5d961ecd75ab33858a3f5a1323d5018d9649e24f53840,SDRW2000001123.1.1.216,audio_pairing_unresolved,alignment_and_analysis,C:\Users\ari30\research\2026_summer_research\outputs\reports\PLAN_2020_wav_duration_recovery_20260801.csv,approved,target_unresolved
2020,7b52204cdb2119b057e5d961ecd75ab33858a3f5a1323d5018d9649e24f53840,SDRW2000001123.1.1.217,audio_pairing_unresolved,alignment_and_analysis,C:\Users\ari30\research\2026_summer_research\outputs\reports\PLAN_2020_wav_duration_recovery_20260801.csv,approved,ambiguous_short_match
2020,7b52204cdb2119b057e5d961ecd75ab33858a3f5a1323d5018d9649e24f53840,SDRW2000001123.1.1.218,audio_pairing_unresolved,alignment_and_analysis,C:\Users\ari30\research\2026_summer_research\outputs\reports\PLAN_2020_wav_duration_recovery_20260801.csv,approved,target_unresolved
2020,7b52204cdb2119b057e5d961ecd75ab33858a3f5a1323d5018d9649e24f53840,SDRW2000001123.1.1.219,audio_pairing_unresolved,alignment_and_analysis,C:\Users\ari30\research\2026_summer_research\outputs\reports\PLAN_2020_wav_duration_recovery_20260801.csv,approved,target_unresolved
2020,7b52204cdb2119b057e5d961ecd75ab33858a3f5a1323d5018d9649e24f53840,SDRW2000001123.1.1.22,audio_pairing_unresolved,alignment_and_analysis,C:\Users\ari30\research\2026_summer_research\outputs\reports\PLAN_2020_wav_duration_recovery_20260801.csv,approved,target_unresolved
2020,7b52204cdb2119b057e5d961ecd75ab33858a3f5a1323d5018d9649e24f53840,SDRW2000001123.1.1.220,audio_pairing_unresolved,alignment_and_analysis,C:\Users\ari30\research\2026_summer_research\outputs\reports\PLAN_2020_wav_duration_recovery_20260801.csv,approved,ambiguous_short_match
2020,7b52204cdb2119b057e5d961ecd75ab33858a3f5a1323d5018d9649e24f53840,SDRW2000001123.1.1.221,audio_pairing_unresolved,alignment_and_analysis,C:\Users\ari30\research\2026_summer_research\outputs\reports\PLAN_2020_wav_duration_recovery_20260801.csv,approved,target_unresolved
2020,7b52204cdb2119b057e5d961ecd75ab33858a3f5a1323d5018d9649e24f53840,SDRW2000001123.1.1.222,audio_pairing_unresolved,alignment_and_analysis,C:\Users\ari30\research\2026_summer_research\outputs\reports\PLAN_2020_wav_duration_recovery_20260801.csv,approved,target_unresolved
2020,7b52204cdb2119b057e5d961ecd75ab33858a3f5a1323d5018d9649e24f53840,SDRW2000001123.1.1.223,audio_pairing_unresolved,alignment_and_analysis,C:\Users\ari30\research\2026_summer_research\outputs\reports\PLAN_2020_wav_duration_recovery_20260801.csv,approved,ambiguous_short_match
2020,7b52204cdb2119b057e5d961ecd75ab33858a3f5a1323d5018d9649e24f53840,SDRW2000001123.1.1.224,audio_pairing_unresolved,alignment_and_analysis,C:\Users\ari30\research\2026_summer_research\outputs\reports\PLAN_2020_wav_duration_recovery_20260801.csv,approved,ambiguous_short_match
2020,7b52204cdb2119b057e5d961ecd75ab33858a3f5a1323d5018d9649e24f53840,SDRW2000001123.1.1.225,audio_pairing_unresolved,alignment_and_analysis,C:\Users\ari30\research\2026_summer_research\outputs\reports\PLAN_2020_wav_duration_recovery_20260801.csv,approved,target_unresolved
2020,7b52204cdb2119b057e5d961ecd75ab33858a3f5a1323d5018d9649e24f53840,SDRW2000001123.1.1.226,audio_pairing_unresolved,alignment_and_analysis,C:\Users\ari30\research\2026_summer_research\outputs\reports\PLAN_2020_wav_duration_recovery_20260801.csv,approved,target_unresolved
2020,7b52204cdb2119b057e5d961ecd75ab33858a3f5a1323d5018d9649e24f53840,SDRW2000001123.1.1.23,audio_pairing_unresolved,alignment_and_analysis,C:\Users\ari30\research\2026_summer_research\outputs\reports\PLAN_2020_wav_duration_recovery_20260801.csv,approved,ambiguous_short_match
2020,7b52204cdb2119b057e5d961ecd75ab33858a3f5a1323d5018d9649e24f53840,SDRW2000001123.1.1.232,audio_pairing_unresolved,alignment_and_analysis,C:\Users\ari30\research\2026_summer_research\outputs\reports\PLAN_2020_wav_duration_recovery_20260801.csv,approved,target_unresolved
2020,7b52204cdb2119b057e5d961ecd75ab33858a3f5a1323d5018d9649e24f53840,SDRW2000001123.1.1.233,audio_pairing_unresolved,alignment_and_analysis,C:\Users\ari30\research\2026_summer_research\outputs\reports\PLAN_2020_wav_duration_recovery_20260801.csv,approved,target_unresolved
2020,7b52204cdb2119b057e5d961ecd75ab33858a3f5a1323d5018d9649e24f53840,SDRW2000001123.1.1.234,audio_pairing_unresolved,alignment_and_analysis,C:\Users\ari30\research\2026_summer_research\outputs\reports\PLAN_2020_wav_duration_recovery_20260801.csv,approved,ambiguous_short_match
2020,7b52204cdb2119b057e5d961ecd75ab33858a3f5a1323d5018d9649e24f53840,SDRW2000001123.1.1.235,audio_pairing_unresolved,alignment_and_analysis,C:\Users\ari30\research\2026_summer_research\outputs\reports\PLAN_2020_wav_duration_recovery_20260801.csv,approved,ambiguous_short_match
2020,7b52204cdb2119b057e5d961ecd75ab33858a3f5a1323d5018d9649e24f53840,SDRW2000001123.1.1.236,audio_pairing_unresolved,alignment_and_analysis,C:\Users\ari30\research\2026_summer_research\outputs\reports\PLAN_2020_wav_duration_recovery_20260801.csv,approved,target_unresolved
2020,7b52204cdb2119b057e5d961ecd75ab33858a3f5a1323d5018d9649e24f53840,SDRW2000001123.1.1.237,audio_pairing_unresolved,alignment_and_analysis,C:\Users\ari30\research\2026_summer_research\outputs\reports\PLAN_2020_wav_duration_recovery_20260801.csv,approved,target_unresolved
2020,7b52204cdb2119b057e5d961ecd75ab33858a3f5a1323d5018d9649e24f53840,SDRW2000001123.1.1.24,audio_pairing_unresolved,alignment_and_analysis,C:\Users\ari30\research\2026_summer_research\outputs\reports\PLAN_2020_wav_duration_recovery_20260801.csv,approved,target_unresolved
2020,7b52204cdb2119b057e5d961ecd75ab33858a3f5a1323d5018d9649e24f53840,SDRW2000001123.1.1.25,audio_pairing_unresolved,alignment_and_analysis,C:\Users\ari30\research\2026_summer_research\outputs\reports\PLAN_2020_wav_duration_recovery_20260801.csv,approved,target_unresolved
2020,7b52204cdb2119b057e5d961ecd75ab33858a3f5a1323d5018d9649e24f53840,SDRW2000001123.1.1.254,audio_pairing_unresolved,alignment_and_analysis,C:\Users\ari30\research\2026_summer_research\outputs\reports\PLAN_2020_wav_duration_recovery_20260801.csv,approved,target_unresolved
2020,7b52204cdb2119b057e5d961ecd75ab33858a3f5a1323d5018d9649e24f53840,SDRW2000001123.1.1.255,audio_pairing_unresolved,alignment_and_analysis,C:\Users\ari30\research\2026_summer_research\outputs\reports\PLAN_2020_wav_duration_recovery_20260801.csv,approved,target_unresolved
2020,7b52204cdb2119b057e5d961ecd75ab33858a3f5a1323d5018d9649e24f53840,SDRW2000001123.1.1.256,audio_pairing_unresolved,alignment_and_analysis,C:\Users\ari30\research\2026_summer_research\outputs\reports\PLAN_2020_wav_duration_recovery_20260801.csv,approved,ambiguous_short_match
2020,7b52204cdb2119b057e5d961ecd75ab33858a3f5a1323d5018d9649e24f53840,SDRW2000001123.1.1.257,audio_pairing_unresolved,alignment_and_analysis,C:\Users\ari30\research\2026_summer_research\outputs\reports\PLAN_2020_wav_duration_recovery_20260801.csv,approved,ambiguous_short_match
2020,7b52204cdb2119b057e5d961ecd75ab33858a3f5a1323d5018d9649e24f53840,SDRW2000001123.1.1.258,audio_pairing_unresolved,alignment_and_analysis,C:\Users\ari30\research\2026_summer_research\outputs\reports\PLAN_2020_wav_duration_recovery_20260801.csv,approved,target_unresolved
2020,7b52204cdb2119b057e5d961ecd75ab33858a3f5a1323d5018d9649e24f53840,SDRW2000001123.1.1.259,audio_pairing_unresolved,alignment_and_analysis,C:\Users\ari30\research\2026_summer_research\outputs\reports\PLAN_2020_wav_duration_recovery_20260801.csv,approved,target_unresolved
2020,7b52204cdb2119b057e5d961ecd75ab33858a3f5a1323d5018d9649e24f53840,SDRW2000001123.1.1.26,audio_pairing_unresolved,alignment_and_analysis,C:\Users\ari30\research\2026_summer_research\outputs\reports\PLAN_2020_wav_duration_recovery_20260801.csv,approved,ambiguous_short_match
2020,7b52204cdb2119b057e5d961ecd75ab33858a3f5a1323d5018d9649e24f53840,SDRW2000001123.1.1.27,audio_pairing_unresolved,alignment_and_analysis,C:\Users\ari30\research\2026_summer_research\outputs\reports\PLAN_2020_wav_duration_recovery_20260801.csv,approved,ambiguous_short_match
2020,7b52204cdb2119b057e5d961ecd75ab33858a3f5a1323d5018d9649e24f53840,SDRW2000001123.1.1.274,audio_pairing_unresolved,alignment_and_analysis,C:\Users\ari30\research\2026_summer_research\outputs\reports\PLAN_2020_wav_duration_recovery_20260801.csv,approved,target_unresolved
2020,7b52204cdb2119b057e5d961ecd75ab33858a3f5a1323d5018d9649e24f53840,SDRW2000001123.1.1.275,audio_pairing_unresolved,alignment_and_analysis,C:\Users\ari30\research\2026_summer_research\outputs\reports\PLAN_2020_wav_duration_recovery_20260801.csv,approved,target_unresolved
2020,7b52204cdb2119b057e5d961ecd75ab33858a3f5a1323d5018d9649e24f53840,SDRW2000001123.1.1.28,audio_pairing_unresolved,alignment_and_analysis,C:\Users\ari30\research\2026_summer_research\outputs\reports\PLAN_2020_wav_duration_recovery_20260801.csv,approved,target_unresolved
2020,7b52204cdb2119b057e5d961ecd75ab33858a3f5a1323d5018d9649e24f53840,SDRW2000001123.1.1.280,audio_pairing_unresolved,alignment_and_analysis,C:\Users\ari30\research\2026_summer_research\outputs\reports\PLAN_2020_wav_duration_recovery_20260801.csv,approved,target_unresolved
2020,7b52204cdb2119b057e5d961ecd75ab33858a3f5a1323d5018d9649e24f53840,SDRW2000001123.1.1.281,audio_pairing_unresolved,alignment_and_analysis,C:\Users\ari30\research\2026_summer_research\outputs\reports\PLAN_2020_wav_duration_recovery_20260801.csv,approved,target_unresolved
2020,7b52204cdb2119b057e5d961ecd75ab33858a3f5a1323d5018d9649e24f53840,SDRW2000001123.1.1.29,audio_pairing_unresolved,alignment_and_analysis,C:\Users\ari30\research\2026_summer_research\outputs\reports\PLAN_2020_wav_duration_recovery_20260801.csv,approved,target_unresolved
2020,7b52204cdb2119b057e5d961ecd75ab33858a3f5a1323d5018d9649e24f53840,SDRW2000001123.1.1.298,audio_pairing_unresolved,alignment_and_analysis,C:\Users\ari30\research\2026_summer_research\outputs\reports\PLAN_2020_wav_duration_recovery_20260801.csv,approved,target_unresolved
2020,7b52204cdb2119b057e5d961ecd75ab33858a3f5a1323d5018d9649e24f53840,SDRW2000001123.1.1.299,audio_pairing_unresolved,alignment_and_analysis,C:\Users\ari30\research\2026_summer_research\outputs\reports\PLAN_2020_wav_duration_recovery_20260801.csv,approved,target_unresolved
2020,7b52204cdb2119b057e5d961ecd75ab33858a3f5a1323d5018d9649e24f53840,SDRW2000001123.1.1.318,audio_pairing_unresolved,alignment_and_analysis,C:\Users\ari30\research\2026_summer_research\outputs\reports\PLAN_2020_wav_duration_recovery_20260801.csv,approved,target_unresolved
2020,7b52204cdb2119b057e5d961ecd75ab33858a3f5a1323d5018d9649e24f53840,SDRW2000001123.1.1.319,audio_pairing_unresolved,alignment_and_analysis,C:\Users\ari30\research\2026_summer_research\outputs\reports\PLAN_2020_wav_duration_recovery_20260801.csv,approved,target_unresolved
2020,7b52204cdb2119b057e5d961ecd75ab33858a3f5a1323d5018d9649e24f53840,SDRW2000001123.1.1.358,audio_pairing_unresolved,alignment_and_analysis,C:\Users\ari30\research\2026_summer_research\outputs\reports\PLAN_2020_wav_duration_recovery_20260801.csv,approved,target_unresolved
2020,7b52204cdb2119b057e5d961ecd75ab33858a3f5a1323d5018d9649e24f53840,SDRW2000001123.1.1.359,audio_pairing_unresolved,alignment_and_analysis,C:\Users\ari30\research\2026_summer_research\outputs\reports\PLAN_2020_wav_duration_recovery_20260801.csv,approved,target_unresolved
2020,7b52204cdb2119b057e5d961ecd75ab33858a3f5a1323d5018d9649e24f53840,SDRW2000001123.1.1.38,audio_pairing_unresolved,alignment_and_analysis,C:\Users\ari30\research\2026_summer_research\outputs\reports\PLAN_2020_wav_duration_recovery_20260801.csv,approved,target_unresolved
2020,7b52204cdb2119b057e5d961ecd75ab33858a3f5a1323d5018d9649e24f53840,SDRW2000001123.1.1.39,audio_pairing_unresolved,alignment_and_analysis,C:\Users\ari30\research\2026_summer_research\outputs\reports\PLAN_2020_wav_duration_recovery_20260801.csv,approved,target_unresolved
2020,7b52204cdb2119b057e5d961ecd75ab33858a3f5a1323d5018d9649e24f53840,SDRW2000001123.1.1.55,audio_pairing_unresolved,alignment_and_analysis,C:\Users\ari30\research\2026_summer_research\outputs\reports\PLAN_2020_wav_duration_recovery_20260801.csv,approved,target_unresolved
2020,7b52204cdb2119b057e5d961ecd75ab33858a3f5a1323d5018d9649e24f53840,SDRW2000001123.1.1.56,audio_pairing_unresolved,alignment_and_analysis,C:\Users\ari30\research\2026_summer_research\outputs\reports\PLAN_2020_wav_duration_recovery_20260801.csv,approved,target_unresolved
2020,7b52204cdb2119b057e5d961ecd75ab33858a3f5a1323d5018d9649e24f53840,SDRW2000001123.1.1.57,audio_pairing_unresolved,alignment_and_analysis,C:\Users\ari30\research\2026_summer_research\outputs\reports\PLAN_2020_wav_duration_recovery_20260801.csv,approved,ambiguous_short_match
2020,7b52204cdb2119b057e5d961ecd75ab33858a3f5a1323d5018d9649e24f53840,SDRW2000001123.1.1.58,audio_pairing_unresolved,alignment_and_analysis,C:\Users\ari30\research\2026_summer_research\outputs\reports\PLAN_2020_wav_duration_recovery_20260801.csv,approved,ambiguous_short_match
2020,7b52204cdb2119b057e5d961ecd75ab33858a3f5a1323d5018d9649e24f53840,SDRW2000001123.1.1.59,audio_pairing_unresolved,alignment_and_analysis,C:\Users\ari30\research\2026_summer_research\outputs\reports\PLAN_2020_wav_duration_recovery_20260801.csv,approved,target_unresolved
2020,7b52204cdb2119b057e5d961ecd75ab33858a3f5a1323d5018d9649e24f53840,SDRW2000001123.1.1.60,audio_pairing_unresolved,alignment_and_analysis,C:\Users\ari30\research\2026_summer_research\outputs\reports\PLAN_2020_wav_duration_recovery_20260801.csv,approved,target_unresolved
2020,7b52204cdb2119b057e5d961ecd75ab33858a3f5a1323d5018d9649e24f53840,SDRW2000001123.1.1.64,audio_pairing_unresolved,alignment_and_analysis,C:\Users\ari30\research\2026_summer_research\outputs\reports\PLAN_2020_wav_duration_recovery_20260801.csv,approved,target_unresolved
2020,7b52204cdb2119b057e5d961ecd75ab33858a3f5a1323d5018d9649e24f53840,SDRW2000001123.1.1.65,audio_pairing_unresolved,alignment_and_analysis,C:\Users\ari30\research\2026_summer_research\outputs\reports\PLAN_2020_wav_duration_recovery_20260801.csv,approved,target_unresolved
2020,7b52204cdb2119b057e5d961ecd75ab33858a3f5a1323d5018d9649e24f53840,SDRW2000001123.1.1.69,audio_pairing_unresolved,alignment_and_analysis,C:\Users\ari30\research\2026_summer_research\outputs\reports\PLAN_2020_wav_duration_recovery_20260801.csv,approved,target_unresolved
2020,7b52204cdb2119b057e5d961ecd75ab33858a3f5a1323d5018d9649e24f53840,SDRW2000001123.1.1.70,audio_pairing_unresolved,alignment_and_analysis,C:\Users\ari30\research\2026_summer_research\outputs\reports\PLAN_2020_wav_duration_recovery_20260801.csv,approved,target_unresolved
2020,7b52204cdb2119b057e5d961ecd75ab33858a3f5a1323d5018d9649e24f53840,SDRW2000001123.1.1.74,audio_pairing_unresolved,alignment_and_analysis,C:\Users\ari30\research\2026_summer_research\outputs\reports\PLAN_2020_wav_duration_recovery_20260801.csv,approved,target_unresolved
2020,7b52204cdb2119b057e5d961ecd75ab33858a3f5a1323d5018d9649e24f53840,SDRW2000001123.1.1.75,audio_pairing_unresolved,alignment_and_analysis,C:\Users\ari30\research\2026_summer_research\outputs\reports\PLAN_2020_wav_duration_recovery_20260801.csv,approved,target_unresolved
2020,7b52204cdb2119b057e5d961ecd75ab33858a3f5a1323d5018d9649e24f53840,SDRW2000001123.1.1.87,audio_pairing_unresolved,alignment_and_analysis,C:\Users\ari30\research\2026_summer_research\outputs\reports\PLAN_2020_wav_duration_recovery_20260801.csv,approved,target_unresolved
2020,7b52204cdb2119b057e5d961ecd75ab33858a3f5a1323d5018d9649e24f53840,SDRW2000001123.1.1.88,audio_pairing_unresolved,alignment_and_analysis,C:\Users\ari30\research\2026_summer_research\outputs\reports\PLAN_2020_wav_duration_recovery_20260801.csv,approved,target_unresolved
2020,7b52204cdb2119b057e5d961ecd75ab33858a3f5a1323d5018d9649e24f53840,SDRW2000001123.1.1.95,audio_pairing_unresolved,alignment_and_analysis,C:\Users\ari30\research\2026_summer_research\outputs\reports\PLAN_2020_wav_duration_recovery_20260801.csv,approved,target_unresolved
2020,7b52204cdb2119b057e5d961ecd75ab33858a3f5a1323d5018d9649e24f53840,SDRW2000001123.1.1.96,audio_pairing_unresolved,alignment_and_analysis,C:\Users\ari30\research\2026_summer_research\outputs\reports\PLAN_2020_wav_duration_recovery_20260801.csv,approved,target_unresolved
2020,7b52204cdb2119b057e5d961ecd75ab33858a3f5a1323d5018d9649e24f53840,SDRW2000001123.1.1.97,audio_pairing_unresolved,alignment_and_analysis,C:\Users\ari30\research\2026_summer_research\outputs\reports\PLAN_2020_wav_duration_recovery_20260801.csv,approved,target_unresolved
2020,7b52204cdb2119b057e5d961ecd75ab33858a3f5a1323d5018d9649e24f53840,SDRW2000001123.1.1.98,audio_pairing_unresolved,alignment_and_analysis,C:\Users\ari30\research\2026_summer_research\outputs\reports\PLAN_2020_wav_duration_recovery_20260801.csv,approved,ambiguous_short_match
2020,7b52204cdb2119b057e5d961ecd75ab33858a3f5a1323d5018d9649e24f53840,SDRW2000001123.1.1.99,audio_pairing_unresolved,alignment_and_analysis,C:\Users\ari30\research\2026_summer_research\outputs\reports\PLAN_2020_wav_duration_recovery_20260801.csv,approved,ambiguous_short_match
2020,7b52204cdb2119b057e5d961ecd75ab33858a3f5a1323d5018d9649e24f53840,SDRW2000001124.1.1.127,audio_pairing_unresolved,alignment_and_analysis,C:\Users\ari30\research\2026_summer_research\outputs\reports\PLAN_2020_wav_duration_recovery_20260801.csv,approved,target_unresolved
2020,7b52204cdb2119b057e5d961ecd75ab33858a3f5a1323d5018d9649e24f53840,SDRW2000001124.1.1.128,audio_pairing_unresolved,alignment_and_analysis,C:\Users\ari30\research\2026_summer_research\outputs\reports\PLAN_2020_wav_duration_recovery_20260801.csv,approved,target_unresolved
2020,7b52204cdb2119b057e5d961ecd75ab33858a3f5a1323d5018d9649e24f53840,SDRW2000001124.1.1.151,audio_pairing_unresolved,alignment_and_analysis,C:\Users\ari30\research\2026_summer_research\outputs\reports\PLAN_2020_wav_duration_recovery_20260801.csv,approved,target_unresolved
2020,7b52204cdb2119b057e5d961ecd75ab33858a3f5a1323d5018d9649e24f53840,SDRW2000001124.1.1.184,audio_pairing_unresolved,alignment_and_analysis,C:\Users\ari30\research\2026_summer_research\outputs\reports\PLAN_2020_wav_duration_recovery_20260801.csv,approved,target_unresolved
2020,7b52204cdb2119b057e5d961ecd75ab33858a3f5a1323d5018d9649e24f53840,SDRW2000001124.1.1.185,audio_pairing_unresolved,alignment_and_analysis,C:\Users\ari30\research\2026_summer_research\outputs\reports\PLAN_2020_wav_duration_recovery_20260801.csv,approved,target_unresolved
2020,7b52204cdb2119b057e5d961ecd75ab33858a3f5a1323d5018d9649e24f53840,SDRW2000001124.1.1.194,audio_pairing_unresolved,alignment_and_analysis,C:\Users\ari30\research\2026_summer_research\outputs\reports\PLAN_2020_wav_duration_recovery_20260801.csv,approved,target_unresolved
2020,7b52204cdb2119b057e5d961ecd75ab33858a3f5a1323d5018d9649e24f53840,SDRW2000001124.1.1.195,audio_pairing_unresolved,alignment_and_analysis,C:\Users\ari30\research\2026_summer_research\outputs\reports\PLAN_2020_wav_duration_recovery_20260801.csv,approved,target_unresolved
2020,7b52204cdb2119b057e5d961ecd75ab33858a3f5a1323d5018d9649e24f53840,SDRW2000001124.1.1.34,audio_pairing_unresolved,alignment_and_analysis,C:\Users\ari30\research\2026_summer_research\outputs\reports\PLAN_2020_wav_duration_recovery_20260801.csv,approved,target_unresolved
2020,7b52204cdb2119b057e5d961ecd75ab33858a3f5a1323d5018d9649e24f53840,SDRW2000001124.1.1.35,audio_pairing_unresolved,alignment_and_analysis,C:\Users\ari30\research\2026_summer_research\outputs\reports\PLAN_2020_wav_duration_recovery_20260801.csv,approved,target_unresolved
2020,7b52204cdb2119b057e5d961ecd75ab33858a3f5a1323d5018d9649e24f53840,SDRW2000001124.1.1.74,audio_pairing_unresolved,alignment_and_analysis,C:\Users\ari30\research\2026_summer_research\outputs\reports\PLAN_2020_wav_duration_recovery_20260801.csv,approved,target_unresolved
2020,7b52204cdb2119b057e5d961ecd75ab33858a3f5a1323d5018d9649e24f53840,SDRW2000001124.1.1.75,audio_pairing_unresolved,alignment_and_analysis,C:\Users\ari30\research\2026_summer_research\outputs\reports\PLAN_2020_wav_duration_recovery_20260801.csv,approved,target_unresolved
2020,7b52204cdb2119b057e5d961ecd75ab33858a3f5a1323d5018d9649e24f53840,SDRW2000001125.1.1.130,audio_pairing_unresolved,alignment_and_analysis,C:\Users\ari30\research\2026_summer_research\outputs\reports\PLAN_2020_wav_duration_recovery_20260801.csv,approved,target_unresolved
2020,7b52204cdb2119b057e5d961ecd75ab33858a3f5a1323d5018d9649e24f53840,SDRW2000001125.1.1.131,audio_pairing_unresolved,alignment_and_analysis,C:\Users\ari30\research\2026_summer_research\outputs\reports\PLAN_2020_wav_duration_recovery_20260801.csv,approved,target_unresolved
2020,7b52204cdb2119b057e5d961ecd75ab33858a3f5a1323d5018d9649e24f53840,SDRW2000001125.1.1.174,audio_pairing_unresolved,alignment_and_analysis,C:\Users\ari30\research\2026_summer_research\outputs\reports\PLAN_2020_wav_duration_recovery_20260801.csv,approved,target_unresolved
2020,7b52204cdb2119b057e5d961ecd75ab33858a3f5a1323d5018d9649e24f53840,SDRW2000001125.1.1.175,audio_pairing_unresolved,alignment_and_analysis,C:\Users\ari30\research\2026_summer_research\outputs\reports\PLAN_2020_wav_duration_recovery_20260801.csv,approved,target_unresolved
2020,7b52204cdb2119b057e5d961ecd75ab33858a3f5a1323d5018d9649e24f53840,SDRW2000001125.1.1.190,audio_pairing_unresolved,alignment_and_analysis,C:\Users\ari30\research\2026_summer_research\outputs\reports\PLAN_2020_wav_duration_recovery_20260801.csv,approved,target_unresolved
2020,7b52204cdb2119b057e5d961ecd75ab33858a3f5a1323d5018d9649e24f53840,SDRW2000001125.1.1.191,audio_pairing_unresolved,alignment_and_analysis,C:\Users\ari30\research\2026_summer_research\outputs\reports\PLAN_2020_wav_duration_recovery_20260801.csv,approved,target_unresolved
2020,7b52204cdb2119b057e5d961ecd75ab33858a3f5a1323d5018d9649e24f53840,SDRW2000001125.1.1.212,audio_pairing_unresolved,alignment_and_analysis,C:\Users\ari30\research\2026_summer_research\outputs\reports\PLAN_2020_wav_duration_recovery_20260801.csv,approved,target_unresolved
2020,7b52204cdb2119b057e5d961ecd75ab33858a3f5a1323d5018d9649e24f53840,SDRW2000001125.1.1.213,audio_pairing_unresolved,alignment_and_analysis,C:\Users\ari30\research\2026_summer_research\outputs\reports\PLAN_2020_wav_duration_recovery_20260801.csv,approved,target_unresolved
2020,7b52204cdb2119b057e5d961ecd75ab33858a3f5a1323d5018d9649e24f53840,SDRW2000001125.1.1.28,audio_pairing_unresolved,alignment_and_analysis,C:\Users\ari30\research\2026_summer_research\outputs\reports\PLAN_2020_wav_duration_recovery_20260801.csv,approved,target_unresolved
2020,7b52204cdb2119b057e5d961ecd75ab33858a3f5a1323d5018d9649e24f53840,SDRW2000001125.1.1.29,audio_pairing_unresolved,alignment_and_analysis,C:\Users\ari30\research\2026_summer_research\outputs\reports\PLAN_2020_wav_duration_recovery_20260801.csv,approved,target_unresolved
2020,7b52204cdb2119b057e5d961ecd75ab33858a3f5a1323d5018d9649e24f53840,SDRW2000001125.1.1.313,audio_pairing_unresolved,alignment_and_analysis,C:\Users\ari30\research\2026_summer_research\outputs\reports\PLAN_2020_wav_duration_recovery_20260801.csv,approved,target_unresolved
2020,7b52204cdb2119b057e5d961ecd75ab33858a3f5a1323d5018d9649e24f53840,SDRW2000001125.1.1.314,audio_pairing_unresolved,alignment_and_analysis,C:\Users\ari30\research\2026_summer_research\outputs\reports\PLAN_2020_wav_duration_recovery_20260801.csv,approved,target_unresolved
2020,7b52204cdb2119b057e5d961ecd75ab33858a3f5a1323d5018d9649e24f53840,SDRW2000001125.1.1.323,audio_pairing_unresolved,alignment_and_analysis,C:\Users\ari30\research\2026_summer_research\outputs\reports\PLAN_2020_wav_duration_recovery_20260801.csv,approved,target_unresolved
2020,7b52204cdb2119b057e5d961ecd75ab33858a3f5a1323d5018d9649e24f53840,SDRW2000001125.1.1.324,audio_pairing_unresolved,alignment_and_analysis,C:\Users\ari30\research\2026_summer_research\outputs\reports\PLAN_2020_wav_duration_recovery_20260801.csv,approved,target_unresolved
2020,7b52204cdb2119b057e5d961ecd75ab33858a3f5a1323d5018d9649e24f53840,SDRW2000001125.1.1.331,audio_pairing_unresolved,alignment_and_analysis,C:\Users\ari30\research\2026_summer_research\outputs\reports\PLAN_2020_wav_duration_recovery_20260801.csv,approved,target_unresolved
2020,7b52204cdb2119b057e5d961ecd75ab33858a3f5a1323d5018d9649e24f53840,SDRW2000001125.1.1.332,audio_pairing_unresolved,alignment_and_analysis,C:\Users\ari30\research\2026_summer_research\outputs\reports\PLAN_2020_wav_duration_recovery_20260801.csv,approved,target_unresolved
2020,7b52204cdb2119b057e5d961ecd75ab33858a3f5a1323d5018d9649e24f53840,SDRW2000001125.1.1.38,audio_pairing_unresolved,alignment_and_analysis,C:\Users\ari30\research\2026_summer_research\outputs\reports\PLAN_2020_wav_duration_recovery_20260801.csv,approved,target_unresolved
2020,7b52204cdb2119b057e5d961ecd75ab33858a3f5a1323d5018d9649e24f53840,SDRW2000001126.1.1.105,audio_pairing_unresolved,alignment_and_analysis,C:\Users\ari30\research\2026_summer_research\outputs\reports\PLAN_2020_wav_duration_recovery_20260801.csv,approved,target_unresolved
2020,7b52204cdb2119b057e5d961ecd75ab33858a3f5a1323d5018d9649e24f53840,SDRW2000001126.1.1.106,audio_pairing_unresolved,alignment_and_analysis,C:\Users\ari30\research\2026_summer_research\outputs\reports\PLAN_2020_wav_duration_recovery_20260801.csv,approved,target_unresolved
2020,7b52204cdb2119b057e5d961ecd75ab33858a3f5a1323d5018d9649e24f53840,SDRW2000001126.1.1.133,audio_pairing_unresolved,alignment_and_analysis,C:\Users\ari30\research\2026_summer_research\outputs\reports\PLAN_2020_wav_duration_recovery_20260801.csv,approved,target_unresolved
2020,7b52204cdb2119b057e5d961ecd75ab33858a3f5a1323d5018d9649e24f53840,SDRW2000001126.1.1.134,audio_pairing_unresolved,alignment_and_analysis,C:\Users\ari30\research\2026_summer_research\outputs\reports\PLAN_2020_wav_duration_recovery_20260801.csv,approved,target_unresolved
2020,7b52204cdb2119b057e5d961ecd75ab33858a3f5a1323d5018d9649e24f53840,SDRW2000001126.1.1.150,audio_pairing_unresolved,alignment_and_analysis,C:\Users\ari30\research\2026_summer_research\outputs\reports\PLAN_2020_wav_duration_recovery_20260801.csv,approved,target_unresolved
2020,7b52204cdb2119b057e5d961ecd75ab33858a3f5a1323d5018d9649e24f53840,SDRW2000001126.1.1.151,audio_pairing_unresolved,alignment_and_analysis,C:\Users\ari30\research\2026_summer_research\outputs\reports\PLAN_2020_wav_duration_recovery_20260801.csv,approved,target_unresolved
2020,7b52204cdb2119b057e5d961ecd75ab33858a3f5a1323d5018d9649e24f53840,SDRW2000001126.1.1.161,audio_pairing_unresolved,alignment_and_analysis,C:\Users\ari30\research\2026_summer_research\outputs\reports\PLAN_2020_wav_duration_recovery_20260801.csv,approved,target_unresolved
2020,7b52204cdb2119b057e5d961ecd75ab33858a3f5a1323d5018d9649e24f53840,SDRW2000001126.1.1.162,audio_pairing_unresolved,alignment_and_analysis,C:\Users\ari30\research\2026_summer_research\outputs\reports\PLAN_2020_wav_duration_recovery_20260801.csv,approved,target_unresolved
2020,7b52204cdb2119b057e5d961ecd75ab33858a3f5a1323d5018d9649e24f53840,SDRW2000001126.1.1.176,audio_pairing_unresolved,alignment_and_analysis,C:\Users\ari30\research\2026_summer_research\outputs\reports\PLAN_2020_wav_duration_recovery_20260801.csv,approved,target_unresolved
2020,7b52204cdb2119b057e5d961ecd75ab33858a3f5a1323d5018d9649e24f53840,SDRW2000001126.1.1.177,audio_pairing_unresolved,alignment_and_analysis,C:\Users\ari30\research\2026_summer_research\outputs\reports\PLAN_2020_wav_duration_recovery_20260801.csv,approved,target_unresolved
2020,7b52204cdb2119b057e5d961ecd75ab33858a3f5a1323d5018d9649e24f53840,SDRW2000001126.1.1.186,audio_pairing_unresolved,alignment_and_analysis,C:\Users\ari30\research\2026_summer_research\outputs\reports\PLAN_2020_wav_duration_recovery_20260801.csv,approved,target_unresolved
2020,7b52204cdb2119b057e5d961ecd75ab33858a3f5a1323d5018d9649e24f53840,SDRW2000001126.1.1.187,audio_pairing_unresolved,alignment_and_analysis,C:\Users\ari30\research\2026_summer_research\outputs\reports\PLAN_2020_wav_duration_recovery_20260801.csv,approved,target_unresolved
2020,7b52204cdb2119b057e5d961ecd75ab33858a3f5a1323d5018d9649e24f53840,SDRW2000001126.1.1.197,audio_pairing_unresolved,alignment_and_analysis,C:\Users\ari30\research\2026_summer_research\outputs\reports\PLAN_2020_wav_duration_recovery_20260801.csv,approved,target_unresolved
2020,7b52204cdb2119b057e5d961ecd75ab33858a3f5a1323d5018d9649e24f53840,SDRW2000001126.1.1.198,audio_pairing_unresolved,alignment_and_analysis,C:\Users\ari30\research\2026_summer_research\outputs\reports\PLAN_2020_wav_duration_recovery_20260801.csv,approved,target_unresolved
2020,7b52204cdb2119b057e5d961ecd75ab33858a3f5a1323d5018d9649e24f53840,SDRW2000001126.1.1.21,audio_pairing_unresolved,alignment_and_analysis,C:\Users\ari30\research\2026_summer_research\outputs\reports\PLAN_2020_wav_duration_recovery_20260801.csv,approved,target_unresolved
2020,7b52204cdb2119b057e5d961ecd75ab33858a3f5a1323d5018d9649e24f53840,SDRW2000001126.1.1.214,audio_pairing_unresolved,alignment_and_analysis,C:\Users\ari30\research\2026_summer_research\outputs\reports\PLAN_2020_wav_duration_recovery_20260801.csv,approved,target_unresolved
2020,7b52204cdb2119b057e5d961ecd75ab33858a3f5a1323d5018d9649e24f53840,SDRW2000001126.1.1.215,audio_pairing_unresolved,alignment_and_analysis,C:\Users\ari30\research\2026_summer_research\outputs\reports\PLAN_2020_wav_duration_recovery_20260801.csv,approved,target_unresolved
2020,7b52204cdb2119b057e5d961ecd75ab33858a3f5a1323d5018d9649e24f53840,SDRW2000001126.1.1.216,audio_pairing_unresolved,alignment_and_analysis,C:\Users\ari30\research\2026_summer_research\outputs\reports\PLAN_2020_wav_duration_recovery_20260801.csv,approved,ambiguous_short_match
2020,7b52204cdb2119b057e5d961ecd75ab33858a3f5a1323d5018d9649e24f53840,SDRW2000001126.1.1.217,audio_pairing_unresolved,alignment_and_analysis,C:\Users\ari30\research\2026_summer_research\outputs\reports\PLAN_2020_wav_duration_recovery_20260801.csv,approved,ambiguous_short_match
2020,7b52204cdb2119b057e5d961ecd75ab33858a3f5a1323d5018d9649e24f53840,SDRW2000001126.1.1.218,audio_pairing_unresolved,alignment_and_analysis,C:\Users\ari30\research\2026_summer_research\outputs\reports\PLAN_2020_wav_duration_recovery_20260801.csv,approved,target_unresolved
2020,7b52204cdb2119b057e5d961ecd75ab33858a3f5a1323d5018d9649e24f53840,SDRW2000001126.1.1.219,audio_pairing_unresolved,alignment_and_analysis,C:\Users\ari30\research\2026_summer_research\outputs\reports\PLAN_2020_wav_duration_recovery_20260801.csv,approved,target_unresolved
2020,7b52204cdb2119b057e5d961ecd75ab33858a3f5a1323d5018d9649e24f53840,SDRW2000001126.1.1.22,audio_pairing_unresolved,alignment_and_analysis,C:\Users\ari30\research\2026_summer_research\outputs\reports\PLAN_2020_wav_duration_recovery_20260801.csv,approved,target_unresolved
2020,7b52204cdb2119b057e5d961ecd75ab33858a3f5a1323d5018d9649e24f53840,SDRW2000001126.1.1.223,audio_pairing_unresolved,alignment_and_analysis,C:\Users\ari30\research\2026_summer_research\outputs\reports\PLAN_2020_wav_duration_recovery_20260801.csv,approved,target_unresolved
2020,7b52204cdb2119b057e5d961ecd75ab33858a3f5a1323d5018d9649e24f53840,SDRW2000001126.1.1.224,audio_pairing_unresolved,alignment_and_analysis,C:\Users\ari30\research\2026_summer_research\outputs\reports\PLAN_2020_wav_duration_recovery_20260801.csv,approved,target_unresolved
2020,7b52204cdb2119b057e5d961ecd75ab33858a3f5a1323d5018d9649e24f53840,SDRW2000001126.1.1.23,audio_pairing_unresolved,alignment_and_analysis,C:\Users\ari30\research\2026_summer_research\outputs\reports\PLAN_2020_wav_duration_recovery_20260801.csv,approved,target_unresolved
2020,7b52204cdb2119b057e5d961ecd75ab33858a3f5a1323d5018d9649e24f53840,SDRW2000001126.1.1.236,audio_pairing_unresolved,alignment_and_analysis,C:\Users\ari30\research\2026_summer_research\outputs\reports\PLAN_2020_wav_duration_recovery_20260801.csv,approved,target_unresolved
2020,7b52204cdb2119b057e5d961ecd75ab33858a3f5a1323d5018d9649e24f53840,SDRW2000001126.1.1.237,audio_pairing_unresolved,alignment_and_analysis,C:\Users\ari30\research\2026_summer_research\outputs\reports\PLAN_2020_wav_duration_recovery_20260801.csv,approved,target_unresolved
2020,7b52204cdb2119b057e5d961ecd75ab33858a3f5a1323d5018d9649e24f53840,SDRW2000001126.1.1.24,audio_pairing_unresolved,alignment_and_analysis,C:\Users\ari30\research\2026_summer_research\outputs\reports\PLAN_2020_wav_duration_recovery_20260801.csv,approved,target_unresolved
2020,7b52204cdb2119b057e5d961ecd75ab33858a3f5a1323d5018d9649e24f53840,SDRW2000001126.1.1.242,audio_pairing_unresolved,alignment_and_analysis,C:\Users\ari30\research\2026_summer_research\outputs\reports\PLAN_2020_wav_duration_recovery_20260801.csv,approved,target_unresolved
2020,7b52204cdb2119b057e5d961ecd75ab33858a3f5a1323d5018d9649e24f53840,SDRW2000001126.1.1.243,audio_pairing_unresolved,alignment_and_analysis,C:\Users\ari30\research\2026_summer_research\outputs\reports\PLAN_2020_wav_duration_recovery_20260801.csv,approved,target_unresolved
2020,7b52204cdb2119b057e5d961ecd75ab33858a3f5a1323d5018d9649e24f53840,SDRW2000001126.1.1.268,audio_pairing_unresolved,alignment_and_analysis,C:\Users\ari30\research\2026_summer_research\outputs\reports\PLAN_2020_wav_duration_recovery_20260801.csv,approved,target_unresolved
2020,7b52204cdb2119b057e5d961ecd75ab33858a3f5a1323d5018d9649e24f53840,SDRW2000001126.1.1.269,audio_pairing_unresolved,alignment_and_analysis,C:\Users\ari30\research\2026_summer_research\outputs\reports\PLAN_2020_wav_duration_recovery_20260801.csv,approved,target_unresolved
2020,7b52204cdb2119b057e5d961ecd75ab33858a3f5a1323d5018d9649e24f53840,SDRW2000001126.1.1.280,audio_pairing_unresolved,alignment_and_analysis,C:\Users\ari30\research\2026_summer_research\outputs\reports\PLAN_2020_wav_duration_recovery_20260801.csv,approved,target_unresolved
2020,7b52204cdb2119b057e5d961ecd75ab33858a3f5a1323d5018d9649e24f53840,SDRW2000001126.1.1.281,audio_pairing_unresolved,alignment_and_analysis,C:\Users\ari30\research\2026_summer_research\outputs\reports\PLAN_2020_wav_duration_recovery_20260801.csv,approved,target_unresolved
2020,7b52204cdb2119b057e5d961ecd75ab33858a3f5a1323d5018d9649e24f53840,SDRW2000001126.1.1.299,audio_pairing_unresolved,alignment_and_analysis,C:\Users\ari30\research\2026_summer_research\outputs\reports\PLAN_2020_wav_duration_recovery_20260801.csv,approved,target_unresolved
2020,7b52204cdb2119b057e5d961ecd75ab33858a3f5a1323d5018d9649e24f53840,SDRW2000001126.1.1.300,audio_pairing_unresolved,alignment_and_analysis,C:\Users\ari30\research\2026_summer_research\outputs\reports\PLAN_2020_wav_duration_recovery_20260801.csv,approved,target_unresolved
2020,7b52204cdb2119b057e5d961ecd75ab33858a3f5a1323d5018d9649e24f53840,SDRW2000001126.1.1.320,audio_pairing_unresolved,alignment_and_analysis,C:\Users\ari30\research\2026_summer_research\outputs\reports\PLAN_2020_wav_duration_recovery_20260801.csv,approved,target_unresolved
2020,7b52204cdb2119b057e5d961ecd75ab33858a3f5a1323d5018d9649e24f53840,SDRW2000001126.1.1.321,audio_pairing_unresolved,alignment_and_analysis,C:\Users\ari30\research\2026_summer_research\outputs\reports\PLAN_2020_wav_duration_recovery_20260801.csv,approved,target_unresolved
2020,7b52204cdb2119b057e5d961ecd75ab33858a3f5a1323d5018d9649e24f53840,SDRW2000001126.1.1.331,audio_pairing_unresolved,alignment_and_analysis,C:\Users\ari30\research\2026_summer_research\outputs\reports\PLAN_2020_wav_duration_recovery_20260801.csv,approved,target_unresolved
2020,7b52204cdb2119b057e5d961ecd75ab33858a3f5a1323d5018d9649e24f53840,SDRW2000001126.1.1.332,audio_pairing_unresolved,alignment_and_analysis,C:\Users\ari30\research\2026_summer_research\outputs\reports\PLAN_2020_wav_duration_recovery_20260801.csv,approved,target_unresolved
2020,7b52204cdb2119b057e5d961ecd75ab33858a3f5a1323d5018d9649e24f53840,SDRW2000001126.1.1.333,audio_pairing_unresolved,alignment_and_analysis,C:\Users\ari30\research\2026_summer_research\outputs\reports\PLAN_2020_wav_duration_recovery_20260801.csv,approved,target_unresolved
2020,7b52204cdb2119b057e5d961ecd75ab33858a3f5a1323d5018d9649e24f53840,SDRW2000001126.1.1.334,audio_pairing_unresolved,alignment_and_analysis,C:\Users\ari30\research\2026_summer_research\outputs\reports\PLAN_2020_wav_duration_recovery_20260801.csv,approved,ambiguous_short_match
2020,7b52204cdb2119b057e5d961ecd75ab33858a3f5a1323d5018d9649e24f53840,SDRW2000001126.1.1.335,audio_pairing_unresolved,alignment_and_analysis,C:\Users\ari30\research\2026_summer_research\outputs\reports\PLAN_2020_wav_duration_recovery_20260801.csv,approved,ambiguous_short_match
2020,7b52204cdb2119b057e5d961ecd75ab33858a3f5a1323d5018d9649e24f53840,SDRW2000001126.1.1.336,audio_pairing_unresolved,alignment_and_analysis,C:\Users\ari30\research\2026_summer_research\outputs\reports\PLAN_2020_wav_duration_recovery_20260801.csv,approved,target_unresolved
2020,7b52204cdb2119b057e5d961ecd75ab33858a3f5a1323d5018d9649e24f53840,SDRW2000001126.1.1.337,audio_pairing_unresolved,alignment_and_analysis,C:\Users\ari30\research\2026_summer_research\outputs\reports\PLAN_2020_wav_duration_recovery_20260801.csv,approved,target_unresolved
2020,7b52204cdb2119b057e5d961ecd75ab33858a3f5a1323d5018d9649e24f53840,SDRW2000001126.1.1.350,audio_pairing_unresolved,alignment_and_analysis,C:\Users\ari30\research\2026_summer_research\outputs\reports\PLAN_2020_wav_duration_recovery_20260801.csv,approved,target_unresolved
2020,7b52204cdb2119b057e5d961ecd75ab33858a3f5a1323d5018d9649e24f53840,SDRW2000001126.1.1.351,audio_pairing_unresolved,alignment_and_analysis,C:\Users\ari30\research\2026_summer_research\outputs\reports\PLAN_2020_wav_duration_recovery_20260801.csv,approved,target_unresolved
2020,7b52204cdb2119b057e5d961ecd75ab33858a3f5a1323d5018d9649e24f53840,SDRW2000001126.1.1.36,audio_pairing_unresolved,alignment_and_analysis,C:\Users\ari30\research\2026_summer_research\outputs\reports\PLAN_2020_wav_duration_recovery_20260801.csv,approved,target_unresolved
2020,7b52204cdb2119b057e5d961ecd75ab33858a3f5a1323d5018d9649e24f53840,SDRW2000001126.1.1.37,audio_pairing_unresolved,alignment_and_analysis,C:\Users\ari30\research\2026_summer_research\outputs\reports\PLAN_2020_wav_duration_recovery_20260801.csv,approved,target_unresolved
2020,7b52204cdb2119b057e5d961ecd75ab33858a3f5a1323d5018d9649e24f53840,SDRW2000001126.1.1.46,audio_pairing_unresolved,alignment_and_analysis,C:\Users\ari30\research\2026_summer_research\outputs\reports\PLAN_2020_wav_duration_recovery_20260801.csv,approved,target_unresolved
2020,7b52204cdb2119b057e5d961ecd75ab33858a3f5a1323d5018d9649e24f53840,SDRW2000001126.1.1.47,audio_pairing_unresolved,alignment_and_analysis,C:\Users\ari30\research\2026_summer_research\outputs\reports\PLAN_2020_wav_duration_recovery_20260801.csv,approved,target_unresolved
2020,7b52204cdb2119b057e5d961ecd75ab33858a3f5a1323d5018d9649e24f53840,SDRW2000001126.1.1.48,audio_pairing_unresolved,alignment_and_analysis,C:\Users\ari30\research\2026_summer_research\outputs\reports\PLAN_2020_wav_duration_recovery_20260801.csv,approved,target_unresolved
2020,7b52204cdb2119b057e5d961ecd75ab33858a3f5a1323d5018d9649e24f53840,SDRW2000001126.1.1.49,audio_pairing_unresolved,alignment_and_analysis,C:\Users\ari30\research\2026_summer_research\outputs\reports\PLAN_2020_wav_duration_recovery_20260801.csv,approved,target_unresolved
2020,7b52204cdb2119b057e5d961ecd75ab33858a3f5a1323d5018d9649e24f53840,SDRW2000001126.1.1.5,audio_pairing_unresolved,alignment_and_analysis,C:\Users\ari30\research\2026_summer_research\outputs\reports\PLAN_2020_wav_duration_recovery_20260801.csv,approved,target_unresolved
2020,7b52204cdb2119b057e5d961ecd75ab33858a3f5a1323d5018d9649e24f53840,SDRW2000001126.1.1.6,audio_pairing_unresolved,alignment_and_analysis,C:\Users\ari30\research\2026_summer_research\outputs\reports\PLAN_2020_wav_duration_recovery_20260801.csv,approved,target_unresolved
2020,7b52204cdb2119b057e5d961ecd75ab33858a3f5a1323d5018d9649e24f53840,SDRW2000001126.1.1.63,audio_pairing_unresolved,alignment_and_analysis,C:\Users\ari30\research\2026_summer_research\outputs\reports\PLAN_2020_wav_duration_recovery_20260801.csv,approved,target_unresolved
2020,7b52204cdb2119b057e5d961ecd75ab33858a3f5a1323d5018d9649e24f53840,SDRW2000001126.1.1.64,audio_pairing_unresolved,alignment_and_analysis,C:\Users\ari30\research\2026_summer_research\outputs\reports\PLAN_2020_wav_duration_recovery_20260801.csv,approved,target_unresolved
2020,7b52204cdb2119b057e5d961ecd75ab33858a3f5a1323d5018d9649e24f53840,SDRW2000001126.1.1.69,audio_pairing_unresolved,alignment_and_analysis,C:\Users\ari30\research\2026_summer_research\outputs\reports\PLAN_2020_wav_duration_recovery_20260801.csv,approved,target_unresolved
2020,7b52204cdb2119b057e5d961ecd75ab33858a3f5a1323d5018d9649e24f53840,SDRW2000001126.1.1.70,audio_pairing_unresolved,alignment_and_analysis,C:\Users\ari30\research\2026_summer_research\outputs\reports\PLAN_2020_wav_duration_recovery_20260801.csv,approved,target_unresolved
2020,7b52204cdb2119b057e5d961ecd75ab33858a3f5a1323d5018d9649e24f53840,SDRW2000001126.1.1.76,audio_pairing_unresolved,alignment_and_analysis,C:\Users\ari30\research\2026_summer_research\outputs\reports\PLAN_2020_wav_duration_recovery_20260801.csv,approved,target_unresolved
2020,7b52204cdb2119b057e5d961ecd75ab33858a3f5a1323d5018d9649e24f53840,SDRW2000001126.1.1.77,audio_pairing_unresolved,alignment_and_analysis,C:\Users\ari30\research\2026_summer_research\outputs\reports\PLAN_2020_wav_duration_recovery_20260801.csv,approved,target_unresolved
2020,7b52204cdb2119b057e5d961ecd75ab33858a3f5a1323d5018d9649e24f53840,SDRW2000001142.1.1.101,audio_pairing_unresolved,alignment_and_analysis,C:\Users\ari30\research\2026_summer_research\outputs\reports\PLAN_2020_wav_duration_recovery_20260801.csv,approved,target_unresolved
2020,7b52204cdb2119b057e5d961ecd75ab33858a3f5a1323d5018d9649e24f53840,SDRW2000001142.1.1.114,audio_pairing_unresolved,alignment_and_analysis,C:\Users\ari30\research\2026_summer_research\outputs\reports\PLAN_2020_wav_duration_recovery_20260801.csv,approved,target_unresolved
2020,7b52204cdb2119b057e5d961ecd75ab33858a3f5a1323d5018d9649e24f53840,SDRW2000001142.1.1.115,audio_pairing_unresolved,alignment_and_analysis,C:\Users\ari30\research\2026_summer_research\outputs\reports\PLAN_2020_wav_duration_recovery_20260801.csv,approved,target_unresolved
2020,7b52204cdb2119b057e5d961ecd75ab33858a3f5a1323d5018d9649e24f53840,SDRW2000001142.1.1.120,audio_pairing_unresolved,alignment_and_analysis,C:\Users\ari30\research\2026_summer_research\outputs\reports\PLAN_2020_wav_duration_recovery_20260801.csv,approved,target_unresolved
2020,7b52204cdb2119b057e5d961ecd75ab33858a3f5a1323d5018d9649e24f53840,SDRW2000001142.1.1.121,audio_pairing_unresolved,alignment_and_analysis,C:\Users\ari30\research\2026_summer_research\outputs\reports\PLAN_2020_wav_duration_recovery_20260801.csv,approved,target_unresolved
2020,7b52204cdb2119b057e5d961ecd75ab33858a3f5a1323d5018d9649e24f53840,SDRW2000001142.1.1.122,audio_pairing_unresolved,alignment_and_analysis,C:\Users\ari30\research\2026_summer_research\outputs\reports\PLAN_2020_wav_duration_recovery_20260801.csv,approved,target_unresolved
2020,7b52204cdb2119b057e5d961ecd75ab33858a3f5a1323d5018d9649e24f53840,SDRW2000001142.1.1.153,audio_pairing_unresolved,alignment_and_analysis,C:\Users\ari30\research\2026_summer_research\outputs\reports\PLAN_2020_wav_duration_recovery_20260801.csv,approved,target_unresolved
2020,7b52204cdb2119b057e5d961ecd75ab33858a3f5a1323d5018d9649e24f53840,SDRW2000001142.1.1.154,audio_pairing_unresolved,alignment_and_analysis,C:\Users\ari30\research\2026_summer_research\outputs\reports\PLAN_2020_wav_duration_recovery_20260801.csv,approved,target_unresolved
2020,7b52204cdb2119b057e5d961ecd75ab33858a3f5a1323d5018d9649e24f53840,SDRW2000001142.1.1.187,audio_pairing_unresolved,alignment_and_analysis,C:\Users\ari30\research\2026_summer_research\outputs\reports\PLAN_2020_wav_duration_recovery_20260801.csv,approved,target_unresolved
2020,7b52204cdb2119b057e5d961ecd75ab33858a3f5a1323d5018d9649e24f53840,SDRW2000001142.1.1.188,audio_pairing_unresolved,alignment_and_analysis,C:\Users\ari30\research\2026_summer_research\outputs\reports\PLAN_2020_wav_duration_recovery_20260801.csv,approved,target_unresolved
2020,7b52204cdb2119b057e5d961ecd75ab33858a3f5a1323d5018d9649e24f53840,SDRW2000001142.1.1.202,audio_pairing_unresolved,alignment_and_analysis,C:\Users\ari30\research\2026_summer_research\outputs\reports\PLAN_2020_wav_duration_recovery_20260801.csv,approved,target_unresolved
2020,7b52204cdb2119b057e5d961ecd75ab33858a3f5a1323d5018d9649e24f53840,SDRW2000001142.1.1.212,audio_pairing_unresolved,alignment_and_analysis,C:\Users\ari30\research\2026_summer_research\outputs\reports\PLAN_2020_wav_duration_recovery_20260801.csv,approved,target_unresolved
2020,7b52204cdb2119b057e5d961ecd75ab33858a3f5a1323d5018d9649e24f53840,SDRW2000001142.1.1.213,audio_pairing_unresolved,alignment_and_analysis,C:\Users\ari30\research\2026_summer_research\outputs\reports\PLAN_2020_wav_duration_recovery_20260801.csv,approved,target_unresolved
2020,7b52204cdb2119b057e5d961ecd75ab33858a3f5a1323d5018d9649e24f53840,SDRW2000001142.1.1.249,audio_pairing_unresolved,alignment_and_analysis,C:\Users\ari30\research\2026_summer_research\outputs\reports\PLAN_2020_wav_duration_recovery_20260801.csv,approved,target_unresolved
2020,7b52204cdb2119b057e5d961ecd75ab33858a3f5a1323d5018d9649e24f53840,SDRW2000001142.1.1.250,audio_pairing_unresolved,alignment_and_analysis,C:\Users\ari30\research\2026_summer_research\outputs\reports\PLAN_2020_wav_duration_recovery_20260801.csv,approved,target_unresolved
2020,7b52204cdb2119b057e5d961ecd75ab33858a3f5a1323d5018d9649e24f53840,SDRW2000001142.1.1.41,audio_pairing_unresolved,alignment_and_analysis,C:\Users\ari30\research\2026_summer_research\outputs\reports\PLAN_2020_wav_duration_recovery_20260801.csv,approved,target_unresolved
2020,7b52204cdb2119b057e5d961ecd75ab33858a3f5a1323d5018d9649e24f53840,SDRW2000001142.1.1.42,audio_pairing_unresolved,alignment_and_analysis,C:\Users\ari30\research\2026_summer_research\outputs\reports\PLAN_2020_wav_duration_recovery_20260801.csv,approved,ambiguous_short_match
2020,7b52204cdb2119b057e5d961ecd75ab33858a3f5a1323d5018d9649e24f53840,SDRW2000001142.1.1.43,audio_pairing_unresolved,alignment_and_analysis,C:\Users\ari30\research\2026_summer_research\outputs\reports\PLAN_2020_wav_duration_recovery_20260801.csv,approved,target_unresolved
2020,7b52204cdb2119b057e5d961ecd75ab33858a3f5a1323d5018d9649e24f53840,SDRW2000001142.1.1.44,audio_pairing_unresolved,alignment_and_analysis,C:\Users\ari30\research\2026_summer_research\outputs\reports\PLAN_2020_wav_duration_recovery_20260801.csv,approved,ambiguous_short_match
2020,7b52204cdb2119b057e5d961ecd75ab33858a3f5a1323d5018d9649e24f53840,SDRW2000001142.1.1.45,audio_pairing_unresolved,alignment_and_analysis,C:\Users\ari30\research\2026_summer_research\outputs\reports\PLAN_2020_wav_duration_recovery_20260801.csv,approved,target_unresolved
2020,7b52204cdb2119b057e5d961ecd75ab33858a3f5a1323d5018d9649e24f53840,SDRW2000001142.1.1.46,audio_pairing_unresolved,alignment_and_analysis,C:\Users\ari30\research\2026_summer_research\outputs\reports\PLAN_2020_wav_duration_recovery_20260801.csv,approved,target_unresolved
2020,7b52204cdb2119b057e5d961ecd75ab33858a3f5a1323d5018d9649e24f53840,SDRW2000001142.1.1.83,audio_pairing_unresolved,alignment_and_analysis,C:\Users\ari30\research\2026_summer_research\outputs\reports\PLAN_2020_wav_duration_recovery_20260801.csv,approved,target_unresolved
2020,7b52204cdb2119b057e5d961ecd75ab33858a3f5a1323d5018d9649e24f53840,SDRW2000001142.1.1.84,audio_pairing_unresolved,alignment_and_analysis,C:\Users\ari30\research\2026_summer_research\outputs\reports\PLAN_2020_wav_duration_recovery_20260801.csv,approved,target_unresolved
2020,7b52204cdb2119b057e5d961ecd75ab33858a3f5a1323d5018d9649e24f53840,SDRW2000001147.1.1.104,audio_pairing_unresolved,alignment_and_analysis,C:\Users\ari30\research\2026_summer_research\outputs\reports\PLAN_2020_wav_duration_recovery_20260801.csv,approved,target_unresolved
2020,7b52204cdb2119b057e5d961ecd75ab33858a3f5a1323d5018d9649e24f53840,SDRW2000001147.1.1.120,audio_pairing_unresolved,alignment_and_analysis,C:\Users\ari30\research\2026_summer_research\outputs\reports\PLAN_2020_wav_duration_recovery_20260801.csv,approved,target_unresolved
2020,7b52204cdb2119b057e5d961ecd75ab33858a3f5a1323d5018d9649e24f53840,SDRW2000001147.1.1.121,audio_pairing_unresolved,alignment_and_analysis,C:\Users\ari30\research\2026_summer_research\outputs\reports\PLAN_2020_wav_duration_recovery_20260801.csv,approved,target_unresolved
2020,7b52204cdb2119b057e5d961ecd75ab33858a3f5a1323d5018d9649e24f53840,SDRW2000001147.1.1.131,audio_pairing_unresolved,alignment_and_analysis,C:\Users\ari30\research\2026_summer_research\outputs\reports\PLAN_2020_wav_duration_recovery_20260801.csv,approved,target_unresolved
2020,7b52204cdb2119b057e5d961ecd75ab33858a3f5a1323d5018d9649e24f53840,SDRW2000001147.1.1.132,audio_pairing_unresolved,alignment_and_analysis,C:\Users\ari30\research\2026_summer_research\outputs\reports\PLAN_2020_wav_duration_recovery_20260801.csv,approved,target_unresolved
2020,7b52204cdb2119b057e5d961ecd75ab33858a3f5a1323d5018d9649e24f53840,SDRW2000001147.1.1.139,audio_pairing_unresolved,alignment_and_analysis,C:\Users\ari30\research\2026_summer_research\outputs\reports\PLAN_2020_wav_duration_recovery_20260801.csv,approved,target_unresolved
2020,7b52204cdb2119b057e5d961ecd75ab33858a3f5a1323d5018d9649e24f53840,SDRW2000001147.1.1.140,audio_pairing_unresolved,alignment_and_analysis,C:\Users\ari30\research\2026_summer_research\outputs\reports\PLAN_2020_wav_duration_recovery_20260801.csv,approved,target_unresolved
2020,7b52204cdb2119b057e5d961ecd75ab33858a3f5a1323d5018d9649e24f53840,SDRW2000001147.1.1.156,audio_pairing_unresolved,alignment_and_analysis,C:\Users\ari30\research\2026_summer_research\outputs\reports\PLAN_2020_wav_duration_recovery_20260801.csv,approved,target_unresolved
2020,7b52204cdb2119b057e5d961ecd75ab33858a3f5a1323d5018d9649e24f53840,SDRW2000001147.1.1.157,audio_pairing_unresolved,alignment_and_analysis,C:\Users\ari30\research\2026_summer_research\outputs\reports\PLAN_2020_wav_duration_recovery_20260801.csv,approved,target_unresolved
2020,7b52204cdb2119b057e5d961ecd75ab33858a3f5a1323d5018d9649e24f53840,SDRW2000001147.1.1.174,audio_pairing_unresolved,alignment_and_analysis,C:\Users\ari30\research\2026_summer_research\outputs\reports\PLAN_2020_wav_duration_recovery_20260801.csv,approved,target_unresolved
2020,7b52204cdb2119b057e5d961ecd75ab33858a3f5a1323d5018d9649e24f53840,SDRW2000001147.1.1.175,audio_pairing_unresolved,alignment_and_analysis,C:\Users\ari30\research\2026_summer_research\outputs\reports\PLAN_2020_wav_duration_recovery_20260801.csv,approved,target_unresolved
2020,7b52204cdb2119b057e5d961ecd75ab33858a3f5a1323d5018d9649e24f53840,SDRW2000001147.1.1.210,audio_pairing_unresolved,alignment_and_analysis,C:\Users\ari30\research\2026_summer_research\outputs\reports\PLAN_2020_wav_duration_recovery_20260801.csv,approved,target_unresolved
2020,7b52204cdb2119b057e5d961ecd75ab33858a3f5a1323d5018d9649e24f53840,SDRW2000001147.1.1.25,audio_pairing_unresolved,alignment_and_analysis,C:\Users\ari30\research\2026_summer_research\outputs\reports\PLAN_2020_wav_duration_recovery_20260801.csv,approved,target_unresolved
2020,7b52204cdb2119b057e5d961ecd75ab33858a3f5a1323d5018d9649e24f53840,SDRW2000001147.1.1.26,audio_pairing_unresolved,alignment_and_analysis,C:\Users\ari30\research\2026_summer_research\outputs\reports\PLAN_2020_wav_duration_recovery_20260801.csv,approved,target_unresolved
2020,7b52204cdb2119b057e5d961ecd75ab33858a3f5a1323d5018d9649e24f53840,SDRW2000001147.1.1.276,audio_pairing_unresolved,alignment_and_analysis,C:\Users\ari30\research\2026_summer_research\outputs\reports\PLAN_2020_wav_duration_recovery_20260801.csv,approved,target_unresolved
2020,7b52204cdb2119b057e5d961ecd75ab33858a3f5a1323d5018d9649e24f53840,SDRW2000001147.1.1.277,audio_pairing_unresolved,alignment_and_analysis,C:\Users\ari30\research\2026_summer_research\outputs\reports\PLAN_2020_wav_duration_recovery_20260801.csv,approved,target_unresolved
2020,7b52204cdb2119b057e5d961ecd75ab33858a3f5a1323d5018d9649e24f53840,SDRW2000001147.1.1.283,audio_pairing_unresolved,alignment_and_analysis,C:\Users\ari30\research\2026_summer_research\outputs\reports\PLAN_2020_wav_duration_recovery_20260801.csv,approved,target_unresolved
2020,7b52204cdb2119b057e5d961ecd75ab33858a3f5a1323d5018d9649e24f53840,SDRW2000001147.1.1.284,audio_pairing_unresolved,alignment_and_analysis,C:\Users\ari30\research\2026_summer_research\outputs\reports\PLAN_2020_wav_duration_recovery_20260801.csv,approved,target_unresolved
2020,7b52204cdb2119b057e5d961ecd75ab33858a3f5a1323d5018d9649e24f53840,SDRW2000001147.1.1.285,audio_pairing_unresolved,alignment_and_analysis,C:\Users\ari30\research\2026_summer_research\outputs\reports\PLAN_2020_wav_duration_recovery_20260801.csv,approved,target_unresolved
2020,7b52204cdb2119b057e5d961ecd75ab33858a3f5a1323d5018d9649e24f53840,SDRW2000001147.1.1.286,audio_pairing_unresolved,alignment_and_analysis,C:\Users\ari30\research\2026_summer_research\outputs\reports\PLAN_2020_wav_duration_recovery_20260801.csv,approved,target_unresolved
2020,7b52204cdb2119b057e5d961ecd75ab33858a3f5a1323d5018d9649e24f53840,SDRW2000001147.1.1.299,audio_pairing_unresolved,alignment_and_analysis,C:\Users\ari30\research\2026_summer_research\outputs\reports\PLAN_2020_wav_duration_recovery_20260801.csv,approved,target_unresolved
2020,7b52204cdb2119b057e5d961ecd75ab33858a3f5a1323d5018d9649e24f53840,SDRW2000001147.1.1.300,audio_pairing_unresolved,alignment_and_analysis,C:\Users\ari30\research\2026_summer_research\outputs\reports\PLAN_2020_wav_duration_recovery_20260801.csv,approved,target_unresolved
2020,7b52204cdb2119b057e5d961ecd75ab33858a3f5a1323d5018d9649e24f53840,SDRW2000001147.1.1.54,audio_pairing_unresolved,alignment_and_analysis,C:\Users\ari30\research\2026_summer_research\outputs\reports\PLAN_2020_wav_duration_recovery_20260801.csv,approved,target_unresolved
2020,7b52204cdb2119b057e5d961ecd75ab33858a3f5a1323d5018d9649e24f53840,SDRW2000001147.1.1.55,audio_pairing_unresolved,alignment_and_analysis,C:\Users\ari30\research\2026_summer_research\outputs\reports\PLAN_2020_wav_duration_recovery_20260801.csv,approved,target_unresolved
2020,7b52204cdb2119b057e5d961ecd75ab33858a3f5a1323d5018d9649e24f53840,SDRW2000001147.1.1.61,audio_pairing_unresolved,alignment_and_analysis,C:\Users\ari30\research\2026_summer_research\outputs\reports\PLAN_2020_wav_duration_recovery_20260801.csv,approved,target_unresolved
2020,7b52204cdb2119b057e5d961ecd75ab33858a3f5a1323d5018d9649e24f53840,SDRW2000001147.1.1.62,audio_pairing_unresolved,alignment_and_analysis,C:\Users\ari30\research\2026_summer_research\outputs\reports\PLAN_2020_wav_duration_recovery_20260801.csv,approved,target_unresolved
2020,7b52204cdb2119b057e5d961ecd75ab33858a3f5a1323d5018d9649e24f53840,SDRW2000001147.1.1.7,audio_pairing_unresolved,alignment_and_analysis,C:\Users\ari30\research\2026_summer_research\outputs\reports\PLAN_2020_wav_duration_recovery_20260801.csv,approved,target_unresolved
2020,7b52204cdb2119b057e5d961ecd75ab33858a3f5a1323d5018d9649e24f53840,SDRW2000001147.1.1.74,audio_pairing_unresolved,alignment_and_analysis,C:\Users\ari30\research\2026_summer_research\outputs\reports\PLAN_2020_wav_duration_recovery_20260801.csv,approved,target_unresolved
2020,7b52204cdb2119b057e5d961ecd75ab33858a3f5a1323d5018d9649e24f53840,SDRW2000001147.1.1.75,audio_pairing_unresolved,alignment_and_analysis,C:\Users\ari30\research\2026_summer_research\outputs\reports\PLAN_2020_wav_duration_recovery_20260801.csv,approved,target_unresolved
2020,7b52204cdb2119b057e5d961ecd75ab33858a3f5a1323d5018d9649e24f53840,SDRW2000001147.1.1.79,audio_pairing_unresolved,alignment_and_analysis,C:\Users\ari30\research\2026_summer_research\outputs\reports\PLAN_2020_wav_duration_recovery_20260801.csv,approved,target_unresolved
2020,7b52204cdb2119b057e5d961ecd75ab33858a3f5a1323d5018d9649e24f53840,SDRW2000001147.1.1.8,audio_pairing_unresolved,alignment_and_analysis,C:\Users\ari30\research\2026_summer_research\outputs\reports\PLAN_2020_wav_duration_recovery_20260801.csv,approved,target_unresolved
2020,7b52204cdb2119b057e5d961ecd75ab33858a3f5a1323d5018d9649e24f53840,SDRW2000001147.1.1.80,audio_pairing_unresolved,alignment_and_analysis,C:\Users\ari30\research\2026_summer_research\outputs\reports\PLAN_2020_wav_duration_recovery_20260801.csv,approved,target_unresolved
2020,7b52204cdb2119b057e5d961ecd75ab33858a3f5a1323d5018d9649e24f53840,SDRW2000001147.1.1.81,audio_pairing_unresolved,alignment_and_analysis,C:\Users\ari30\research\2026_summer_research\outputs\reports\PLAN_2020_wav_duration_recovery_20260801.csv,approved,target_unresolved
2020,7b52204cdb2119b057e5d961ecd75ab33858a3f5a1323d5018d9649e24f53840,SDRW2000001147.1.1.82,audio_pairing_unresolved,alignment_and_analysis,C:\Users\ari30\research\2026_summer_research\outputs\reports\PLAN_2020_wav_duration_recovery_20260801.csv,approved,ambiguous_short_match
2020,7b52204cdb2119b057e5d961ecd75ab33858a3f5a1323d5018d9649e24f53840,SDRW2000001147.1.1.83,audio_pairing_unresolved,alignment_and_analysis,C:\Users\ari30\research\2026_summer_research\outputs\reports\PLAN_2020_wav_duration_recovery_20260801.csv,approved,ambiguous_short_match
2020,7b52204cdb2119b057e5d961ecd75ab33858a3f5a1323d5018d9649e24f53840,SDRW2000001147.1.1.84,audio_pairing_unresolved,alignment_and_analysis,C:\Users\ari30\research\2026_summer_research\outputs\reports\PLAN_2020_wav_duration_recovery_20260801.csv,approved,target_unresolved
2020,7b52204cdb2119b057e5d961ecd75ab33858a3f5a1323d5018d9649e24f53840,SDRW2000001147.1.1.85,audio_pairing_unresolved,alignment_and_analysis,C:\Users\ari30\research\2026_summer_research\outputs\reports\PLAN_2020_wav_duration_recovery_20260801.csv,approved,target_unresolved
2020,7b52204cdb2119b057e5d961ecd75ab33858a3f5a1323d5018d9649e24f53840,SDRW2000001147.1.1.95,audio_pairing_unresolved,alignment_and_analysis,C:\Users\ari30\research\2026_summer_research\outputs\reports\PLAN_2020_wav_duration_recovery_20260801.csv,approved,target_unresolved
2020,7b52204cdb2119b057e5d961ecd75ab33858a3f5a1323d5018d9649e24f53840,SDRW2000001147.1.1.96,audio_pairing_unresolved,alignment_and_analysis,C:\Users\ari30\research\2026_summer_research\outputs\reports\PLAN_2020_wav_duration_recovery_20260801.csv,approved,target_unresolved
2020,7b52204cdb2119b057e5d961ecd75ab33858a3f5a1323d5018d9649e24f53840,SDRW2000001147.1.1.97,audio_pairing_unresolved,alignment_and_analysis,C:\Users\ari30\research\2026_summer_research\outputs\reports\PLAN_2020_wav_duration_recovery_20260801.csv,approved,ambiguous_short_match
2020,7b52204cdb2119b057e5d961ecd75ab33858a3f5a1323d5018d9649e24f53840,SDRW2000001147.1.1.98,audio_pairing_unresolved,alignment_and_analysis,C:\Users\ari30\research\2026_summer_research\outputs\reports\PLAN_2020_wav_duration_recovery_20260801.csv,approved,target_unresolved
2020,7b52204cdb2119b057e5d961ecd75ab33858a3f5a1323d5018d9649e24f53840,SDRW2000001147.1.1.99,audio_pairing_unresolved,alignment_and_analysis,C:\Users\ari30\research\2026_summer_research\outputs\reports\PLAN_2020_wav_duration_recovery_20260801.csv,approved,target_unresolved
2020,7b52204cdb2119b057e5d961ecd75ab33858a3f5a1323d5018d9649e24f53840,SDRW2000001148.1.1.10,audio_pairing_unresolved,alignment_and_analysis,C:\Users\ari30\research\2026_summer_research\outputs\reports\PLAN_2020_wav_duration_recovery_20260801.csv,approved,target_unresolved
2020,7b52204cdb2119b057e5d961ecd75ab33858a3f5a1323d5018d9649e24f53840,SDRW2000001148.1.1.112,audio_pairing_unresolved,alignment_and_analysis,C:\Users\ari30\research\2026_summer_research\outputs\reports\PLAN_2020_wav_duration_recovery_20260801.csv,approved,target_unresolved
2020,7b52204cdb2119b057e5d961ecd75ab33858a3f5a1323d5018d9649e24f53840,SDRW2000001148.1.1.113,audio_pairing_unresolved,alignment_and_analysis,C:\Users\ari30\research\2026_summer_research\outputs\reports\PLAN_2020_wav_duration_recovery_20260801.csv,approved,target_unresolved
2020,7b52204cdb2119b057e5d961ecd75ab33858a3f5a1323d5018d9649e24f53840,SDRW2000001148.1.1.114,audio_pairing_unresolved,alignment_and_analysis,C:\Users\ari30\research\2026_summer_research\outputs\reports\PLAN_2020_wav_duration_recovery_20260801.csv,approved,target_unresolved
2020,7b52204cdb2119b057e5d961ecd75ab33858a3f5a1323d5018d9649e24f53840,SDRW2000001148.1.1.115,audio_pairing_unresolved,alignment_and_analysis,C:\Users\ari30\research\2026_summer_research\outputs\reports\PLAN_2020_wav_duration_recovery_20260801.csv,approved,target_unresolved
2020,7b52204cdb2119b057e5d961ecd75ab33858a3f5a1323d5018d9649e24f53840,SDRW2000001148.1.1.122,audio_pairing_unresolved,alignment_and_analysis,C:\Users\ari30\research\2026_summer_research\outputs\reports\PLAN_2020_wav_duration_recovery_20260801.csv,approved,target_unresolved
2020,7b52204cdb2119b057e5d961ecd75ab33858a3f5a1323d5018d9649e24f53840,SDRW2000001148.1.1.123,audio_pairing_unresolved,alignment_and_analysis,C:\Users\ari30\research\2026_summer_research\outputs\reports\PLAN_2020_wav_duration_recovery_20260801.csv,approved,target_unresolved
2020,7b52204cdb2119b057e5d961ecd75ab33858a3f5a1323d5018d9649e24f53840,SDRW2000001148.1.1.127,audio_pairing_unresolved,alignment_and_analysis,C:\Users\ari30\research\2026_summer_research\outputs\reports\PLAN_2020_wav_duration_recovery_20260801.csv,approved,target_unresolved
2020,7b52204cdb2119b057e5d961ecd75ab33858a3f5a1323d5018d9649e24f53840,SDRW2000001148.1.1.128,audio_pairing_unresolved,alignment_and_analysis,C:\Users\ari30\research\2026_summer_research\outputs\reports\PLAN_2020_wav_duration_recovery_20260801.csv,approved,target_unresolved
2020,7b52204cdb2119b057e5d961ecd75ab33858a3f5a1323d5018d9649e24f53840,SDRW2000001148.1.1.143,audio_pairing_unresolved,alignment_and_analysis,C:\Users\ari30\research\2026_summer_research\outputs\reports\PLAN_2020_wav_duration_recovery_20260801.csv,approved,target_unresolved
2020,7b52204cdb2119b057e5d961ecd75ab33858a3f5a1323d5018d9649e24f53840,SDRW2000001148.1.1.144,audio_pairing_unresolved,alignment_and_analysis,C:\Users\ari30\research\2026_summer_research\outputs\reports\PLAN_2020_wav_duration_recovery_20260801.csv,approved,target_unresolved
2020,7b52204cdb2119b057e5d961ecd75ab33858a3f5a1323d5018d9649e24f53840,SDRW2000001148.1.1.149,audio_pairing_unresolved,alignment_and_analysis,C:\Users\ari30\research\2026_summer_research\outputs\reports\PLAN_2020_wav_duration_recovery_20260801.csv,approved,target_unresolved
2020,7b52204cdb2119b057e5d961ecd75ab33858a3f5a1323d5018d9649e24f53840,SDRW2000001148.1.1.150,audio_pairing_unresolved,alignment_and_analysis,C:\Users\ari30\research\2026_summer_research\outputs\reports\PLAN_2020_wav_duration_recovery_20260801.csv,approved,target_unresolved
2020,7b52204cdb2119b057e5d961ecd75ab33858a3f5a1323d5018d9649e24f53840,SDRW2000001148.1.1.158,audio_pairing_unresolved,alignment_and_analysis,C:\Users\ari30\research\2026_summer_research\outputs\reports\PLAN_2020_wav_duration_recovery_20260801.csv,approved,target_unresolved
2020,7b52204cdb2119b057e5d961ecd75ab33858a3f5a1323d5018d9649e24f53840,SDRW2000001148.1.1.159,audio_pairing_unresolved,alignment_and_analysis,C:\Users\ari30\research\2026_summer_research\outputs\reports\PLAN_2020_wav_duration_recovery_20260801.csv,approved,target_unresolved
2020,7b52204cdb2119b057e5d961ecd75ab33858a3f5a1323d5018d9649e24f53840,SDRW2000001148.1.1.220,audio_pairing_unresolved,alignment_and_analysis,C:\Users\ari30\research\2026_summer_research\outputs\reports\PLAN_2020_wav_duration_recovery_20260801.csv,approved,target_unresolved
2020,7b52204cdb2119b057e5d961ecd75ab33858a3f5a1323d5018d9649e24f53840,SDRW2000001148.1.1.221,audio_pairing_unresolved,alignment_and_analysis,C:\Users\ari30\research\2026_summer_research\outputs\reports\PLAN_2020_wav_duration_recovery_20260801.csv,approved,target_unresolved
2020,7b52204cdb2119b057e5d961ecd75ab33858a3f5a1323d5018d9649e24f53840,SDRW2000001148.1.1.222,audio_pairing_unresolved,alignment_and_analysis,C:\Users\ari30\research\2026_summer_research\outputs\reports\PLAN_2020_wav_duration_recovery_20260801.csv,approved,target_unresolved
2020,7b52204cdb2119b057e5d961ecd75ab33858a3f5a1323d5018d9649e24f53840,SDRW2000001148.1.1.223,audio_pairing_unresolved,alignment_and_analysis,C:\Users\ari30\research\2026_summer_research\outputs\reports\PLAN_2020_wav_duration_recovery_20260801.csv,approved,target_unresolved
2020,7b52204cdb2119b057e5d961ecd75ab33858a3f5a1323d5018d9649e24f53840,SDRW2000001148.1.1.228,audio_pairing_unresolved,alignment_and_analysis,C:\Users\ari30\research\2026_summer_research\outputs\reports\PLAN_2020_wav_duration_recovery_20260801.csv,approved,target_unresolved
2020,7b52204cdb2119b057e5d961ecd75ab33858a3f5a1323d5018d9649e24f53840,SDRW2000001148.1.1.229,audio_pairing_unresolved,alignment_and_analysis,C:\Users\ari30\research\2026_summer_research\outputs\reports\PLAN_2020_wav_duration_recovery_20260801.csv,approved,target_unresolved
2020,7b52204cdb2119b057e5d961ecd75ab33858a3f5a1323d5018d9649e24f53840,SDRW2000001148.1.1.262,audio_pairing_unresolved,alignment_and_analysis,C:\Users\ari30\research\2026_summer_research\outputs\reports\PLAN_2020_wav_duration_recovery_20260801.csv,approved,target_unresolved
2020,7b52204cdb2119b057e5d961ecd75ab33858a3f5a1323d5018d9649e24f53840,SDRW2000001148.1.1.263,audio_pairing_unresolved,alignment_and_analysis,C:\Users\ari30\research\2026_summer_research\outputs\reports\PLAN_2020_wav_duration_recovery_20260801.csv,approved,target_unresolved
2020,7b52204cdb2119b057e5d961ecd75ab33858a3f5a1323d5018d9649e24f53840,SDRW2000001148.1.1.264,audio_pairing_unresolved,alignment_and_analysis,C:\Users\ari30\research\2026_summer_research\outputs\reports\PLAN_2020_wav_duration_recovery_20260801.csv,approved,ambiguous_short_match
2020,7b52204cdb2119b057e5d961ecd75ab33858a3f5a1323d5018d9649e24f53840,SDRW2000001148.1.1.265,audio_pairing_unresolved,alignment_and_analysis,C:\Users\ari30\research\2026_summer_research\outputs\reports\PLAN_2020_wav_duration_recovery_20260801.csv,approved,target_unresolved
2020,7b52204cdb2119b057e5d961ecd75ab33858a3f5a1323d5018d9649e24f53840,SDRW2000001148.1.1.266,audio_pairing_unresolved,alignment_and_analysis,C:\Users\ari30\research\2026_summer_research\outputs\reports\PLAN_2020_wav_duration_recovery_20260801.csv,approved,target_unresolved
2020,7b52204cdb2119b057e5d961ecd75ab33858a3f5a1323d5018d9649e24f53840,SDRW2000001148.1.1.267,audio_pairing_unresolved,alignment_and_analysis,C:\Users\ari30\research\2026_summer_research\outputs\reports\PLAN_2020_wav_duration_recovery_20260801.csv,approved,target_unresolved
2020,7b52204cdb2119b057e5d961ecd75ab33858a3f5a1323d5018d9649e24f53840,SDRW2000001148.1.1.27,audio_pairing_unresolved,alignment_and_analysis,C:\Users\ari30\research\2026_summer_research\outputs\reports\PLAN_2020_wav_duration_recovery_20260801.csv,approved,target_unresolved
2020,7b52204cdb2119b057e5d961ecd75ab33858a3f5a1323d5018d9649e24f53840,SDRW2000001148.1.1.28,audio_pairing_unresolved,alignment_and_analysis,C:\Users\ari30\research\2026_summer_research\outputs\reports\PLAN_2020_wav_duration_recovery_20260801.csv,approved,target_unresolved
2020,7b52204cdb2119b057e5d961ecd75ab33858a3f5a1323d5018d9649e24f53840,SDRW2000001148.1.1.295,audio_pairing_unresolved,alignment_and_analysis,C:\Users\ari30\research\2026_summer_research\outputs\reports\PLAN_2020_wav_duration_recovery_20260801.csv,approved,target_unresolved
2020,7b52204cdb2119b057e5d961ecd75ab33858a3f5a1323d5018d9649e24f53840,SDRW2000001148.1.1.296,audio_pairing_unresolved,alignment_and_analysis,C:\Users\ari30\research\2026_summer_research\outputs\reports\PLAN_2020_wav_duration_recovery_20260801.csv,approved,target_unresolved
2020,7b52204cdb2119b057e5d961ecd75ab33858a3f5a1323d5018d9649e24f53840,SDRW2000001148.1.1.54,audio_pairing_unresolved,alignment_and_analysis,C:\Users\ari30\research\2026_summer_research\outputs\reports\PLAN_2020_wav_duration_recovery_20260801.csv,approved,target_unresolved
2020,7b52204cdb2119b057e5d961ecd75ab33858a3f5a1323d5018d9649e24f53840,SDRW2000001148.1.1.55,audio_pairing_unresolved,alignment_and_analysis,C:\Users\ari30\research\2026_summer_research\outputs\reports\PLAN_2020_wav_duration_recovery_20260801.csv,approved,target_unresolved
2020,7b52204cdb2119b057e5d961ecd75ab33858a3f5a1323d5018d9649e24f53840,SDRW2000001148.1.1.72,audio_pairing_unresolved,alignment_and_analysis,C:\Users\ari30\research\2026_summer_research\outputs\reports\PLAN_2020_wav_duration_recovery_20260801.csv,approved,target_unresolved
2020,7b52204cdb2119b057e5d961ecd75ab33858a3f5a1323d5018d9649e24f53840,SDRW2000001148.1.1.73,audio_pairing_unresolved,alignment_and_analysis,C:\Users\ari30\research\2026_summer_research\outputs\reports\PLAN_2020_wav_duration_recovery_20260801.csv,approved,target_unresolved
2020,7b52204cdb2119b057e5d961ecd75ab33858a3f5a1323d5018d9649e24f53840,SDRW2000001148.1.1.74,audio_pairing_unresolved,alignment_and_analysis,C:\Users\ari30\research\2026_summer_research\outputs\reports\PLAN_2020_wav_duration_recovery_20260801.csv,approved,target_unresolved
2020,7b52204cdb2119b057e5d961ecd75ab33858a3f5a1323d5018d9649e24f53840,SDRW2000001148.1.1.80,audio_pairing_unresolved,alignment_and_analysis,C:\Users\ari30\research\2026_summer_research\outputs\reports\PLAN_2020_wav_duration_recovery_20260801.csv,approved,target_unresolved
2020,7b52204cdb2119b057e5d961ecd75ab33858a3f5a1323d5018d9649e24f53840,SDRW2000001148.1.1.81,audio_pairing_unresolved,alignment_and_analysis,C:\Users\ari30\research\2026_summer_research\outputs\reports\PLAN_2020_wav_duration_recovery_20260801.csv,approved,target_unresolved
2020,7b52204cdb2119b057e5d961ecd75ab33858a3f5a1323d5018d9649e24f53840,SDRW2000001148.1.1.9,audio_pairing_unresolved,alignment_and_analysis,C:\Users\ari30\research\2026_summer_research\outputs\reports\PLAN_2020_wav_duration_recovery_20260801.csv,approved,target_unresolved
2020,7b52204cdb2119b057e5d961ecd75ab33858a3f5a1323d5018d9649e24f53840,SDRW2000001153.1.1.195,audio_pairing_unresolved,alignment_and_analysis,C:\Users\ari30\research\2026_summer_research\outputs\reports\PLAN_2020_wav_duration_recovery_20260801.csv,approved,target_unresolved
2020,7b52204cdb2119b057e5d961ecd75ab33858a3f5a1323d5018d9649e24f53840,SDRW2000001153.1.1.196,audio_pairing_unresolved,alignment_and_analysis,C:\Users\ari30\research\2026_summer_research\outputs\reports\PLAN_2020_wav_duration_recovery_20260801.csv,approved,target_unresolved
2020,7b52204cdb2119b057e5d961ecd75ab33858a3f5a1323d5018d9649e24f53840,SDRW2000001153.1.1.201,audio_pairing_unresolved,alignment_and_analysis,C:\Users\ari30\research\2026_summer_research\outputs\reports\PLAN_2020_wav_duration_recovery_20260801.csv,approved,target_unresolved
2020,7b52204cdb2119b057e5d961ecd75ab33858a3f5a1323d5018d9649e24f53840,SDRW2000001153.1.1.202,audio_pairing_unresolved,alignment_and_analysis,C:\Users\ari30\research\2026_summer_research\outputs\reports\PLAN_2020_wav_duration_recovery_20260801.csv,approved,target_unresolved
2020,7b52204cdb2119b057e5d961ecd75ab33858a3f5a1323d5018d9649e24f53840,SDRW2000001153.1.1.233,audio_pairing_unresolved,alignment_and_analysis,C:\Users\ari30\research\2026_summer_research\outputs\reports\PLAN_2020_wav_duration_recovery_20260801.csv,approved,target_unresolved
2020,7b52204cdb2119b057e5d961ecd75ab33858a3f5a1323d5018d9649e24f53840,SDRW2000001153.1.1.234,audio_pairing_unresolved,alignment_and_analysis,C:\Users\ari30\research\2026_summer_research\outputs\reports\PLAN_2020_wav_duration_recovery_20260801.csv,approved,target_unresolved
2020,7b52204cdb2119b057e5d961ecd75ab33858a3f5a1323d5018d9649e24f53840,SDRW2000001153.1.1.255,audio_pairing_unresolved,alignment_and_analysis,C:\Users\ari30\research\2026_summer_research\outputs\reports\PLAN_2020_wav_duration_recovery_20260801.csv,approved,target_unresolved
2020,7b52204cdb2119b057e5d961ecd75ab33858a3f5a1323d5018d9649e24f53840,SDRW2000001153.1.1.293,audio_pairing_unresolved,alignment_and_analysis,C:\Users\ari30\research\2026_summer_research\outputs\reports\PLAN_2020_wav_duration_recovery_20260801.csv,approved,target_unresolved
2020,7b52204cdb2119b057e5d961ecd75ab33858a3f5a1323d5018d9649e24f53840,SDRW2000001153.1.1.294,audio_pairing_unresolved,alignment_and_analysis,C:\Users\ari30\research\2026_summer_research\outputs\reports\PLAN_2020_wav_duration_recovery_20260801.csv,approved,ambiguous_short_match
2020,7b52204cdb2119b057e5d961ecd75ab33858a3f5a1323d5018d9649e24f53840,SDRW2000001153.1.1.68,audio_pairing_unresolved,alignment_and_analysis,C:\Users\ari30\research\2026_summer_research\outputs\reports\PLAN_2020_wav_duration_recovery_20260801.csv,approved,target_unresolved
2020,7b52204cdb2119b057e5d961ecd75ab33858a3f5a1323d5018d9649e24f53840,SDRW2000001153.1.1.69,audio_pairing_unresolved,alignment_and_analysis,C:\Users\ari30\research\2026_summer_research\outputs\reports\PLAN_2020_wav_duration_recovery_20260801.csv,approved,target_unresolved
2020,7b52204cdb2119b057e5d961ecd75ab33858a3f5a1323d5018d9649e24f53840,SDRW2000001153.1.1.8,audio_pairing_unresolved,alignment_and_analysis,C:\Users\ari30\research\2026_summer_research\outputs\reports\PLAN_2020_wav_duration_recovery_20260801.csv,approved,target_unresolved
2020,7b52204cdb2119b057e5d961ecd75ab33858a3f5a1323d5018d9649e24f53840,SDRW2000001153.1.1.9,audio_pairing_unresolved,alignment_and_analysis,C:\Users\ari30\research\2026_summer_research\outputs\reports\PLAN_2020_wav_duration_recovery_20260801.csv,approved,target_unresolved
2020,7b52204cdb2119b057e5d961ecd75ab33858a3f5a1323d5018d9649e24f53840,SDRW2000001154.1.1.108,audio_pairing_unresolved,alignment_and_analysis,C:\Users\ari30\research\2026_summer_research\outputs\reports\PLAN_2020_wav_duration_recovery_20260801.csv,approved,target_unresolved
2020,7b52204cdb2119b057e5d961ecd75ab33858a3f5a1323d5018d9649e24f53840,SDRW2000001154.1.1.109,audio_pairing_unresolved,alignment_and_analysis,C:\Users\ari30\research\2026_summer_research\outputs\reports\PLAN_2020_wav_duration_recovery_20260801.csv,approved,target_unresolved
2020,7b52204cdb2119b057e5d961ecd75ab33858a3f5a1323d5018d9649e24f53840,SDRW2000001154.1.1.127,audio_pairing_unresolved,alignment_and_analysis,C:\Users\ari30\research\2026_summer_research\outputs\reports\PLAN_2020_wav_duration_recovery_20260801.csv,approved,target_unresolved
2020,7b52204cdb2119b057e5d961ecd75ab33858a3f5a1323d5018d9649e24f53840,SDRW2000001154.1.1.128,audio_pairing_unresolved,alignment_and_analysis,C:\Users\ari30\research\2026_summer_research\outputs\reports\PLAN_2020_wav_duration_recovery_20260801.csv,approved,target_unresolved
2020,7b52204cdb2119b057e5d961ecd75ab33858a3f5a1323d5018d9649e24f53840,SDRW2000001154.1.1.160,audio_pairing_unresolved,alignment_and_analysis,C:\Users\ari30\research\2026_summer_research\outputs\reports\PLAN_2020_wav_duration_recovery_20260801.csv,approved,target_unresolved
2020,7b52204cdb2119b057e5d961ecd75ab33858a3f5a1323d5018d9649e24f53840,SDRW2000001154.1.1.161,audio_pairing_unresolved,alignment_and_analysis,C:\Users\ari30\research\2026_summer_research\outputs\reports\PLAN_2020_wav_duration_recovery_20260801.csv,approved,target_unresolved
2020,7b52204cdb2119b057e5d961ecd75ab33858a3f5a1323d5018d9649e24f53840,SDRW2000001154.1.1.187,audio_pairing_unresolved,alignment_and_analysis,C:\Users\ari30\research\2026_summer_research\outputs\reports\PLAN_2020_wav_duration_recovery_20260801.csv,approved,target_unresolved
2020,7b52204cdb2119b057e5d961ecd75ab33858a3f5a1323d5018d9649e24f53840,SDRW2000001154.1.1.193,audio_pairing_unresolved,alignment_and_analysis,C:\Users\ari30\research\2026_summer_research\outputs\reports\PLAN_2020_wav_duration_recovery_20260801.csv,approved,target_unresolved
2020,7b52204cdb2119b057e5d961ecd75ab33858a3f5a1323d5018d9649e24f53840,SDRW2000001154.1.1.194,audio_pairing_unresolved,alignment_and_analysis,C:\Users\ari30\research\2026_summer_research\outputs\reports\PLAN_2020_wav_duration_recovery_20260801.csv,approved,target_unresolved
2020,7b52204cdb2119b057e5d961ecd75ab33858a3f5a1323d5018d9649e24f53840,SDRW2000001154.1.1.299,audio_pairing_unresolved,alignment_and_analysis,C:\Users\ari30\research\2026_summer_research\outputs\reports\PLAN_2020_wav_duration_recovery_20260801.csv,approved,target_unresolved
2020,7b52204cdb2119b057e5d961ecd75ab33858a3f5a1323d5018d9649e24f53840,SDRW2000001154.1.1.300,audio_pairing_unresolved,alignment_and_analysis,C:\Users\ari30\research\2026_summer_research\outputs\reports\PLAN_2020_wav_duration_recovery_20260801.csv,approved,target_unresolved
2020,7b52204cdb2119b057e5d961ecd75ab33858a3f5a1323d5018d9649e24f53840,SDRW2000001154.1.1.42,audio_pairing_unresolved,alignment_and_analysis,C:\Users\ari30\research\2026_summer_research\outputs\reports\PLAN_2020_wav_duration_recovery_20260801.csv,approved,target_unresolved
2020,7b52204cdb2119b057e5d961ecd75ab33858a3f5a1323d5018d9649e24f53840,SDRW2000001154.1.1.43,audio_pairing_unresolved,alignment_and_analysis,C:\Users\ari30\research\2026_summer_research\outputs\reports\PLAN_2020_wav_duration_recovery_20260801.csv,approved,target_unresolved
2020,7b52204cdb2119b057e5d961ecd75ab33858a3f5a1323d5018d9649e24f53840,SDRW2000001154.1.1.50,audio_pairing_unresolved,alignment_and_analysis,C:\Users\ari30\research\2026_summer_research\outputs\reports\PLAN_2020_wav_duration_recovery_20260801.csv,approved,target_unresolved
2020,7b52204cdb2119b057e5d961ecd75ab33858a3f5a1323d5018d9649e24f53840,SDRW2000001154.1.1.51,audio_pairing_unresolved,alignment_and_analysis,C:\Users\ari30\research\2026_summer_research\outputs\reports\PLAN_2020_wav_duration_recovery_20260801.csv,approved,target_unresolved
2020,7b52204cdb2119b057e5d961ecd75ab33858a3f5a1323d5018d9649e24f53840,SDRW2000001154.1.1.52,audio_pairing_unresolved,alignment_and_analysis,C:\Users\ari30\research\2026_summer_research\outputs\reports\PLAN_2020_wav_duration_recovery_20260801.csv,approved,target_unresolved
2020,7b52204cdb2119b057e5d961ecd75ab33858a3f5a1323d5018d9649e24f53840,SDRW2000001154.1.1.53,audio_pairing_unresolved,alignment_and_analysis,C:\Users\ari30\research\2026_summer_research\outputs\reports\PLAN_2020_wav_duration_recovery_20260801.csv,approved,target_unresolved
2020,7b52204cdb2119b057e5d961ecd75ab33858a3f5a1323d5018d9649e24f53840,SDRW2000001154.1.1.64,audio_pairing_unresolved,alignment_and_analysis,C:\Users\ari30\research\2026_summer_research\outputs\reports\PLAN_2020_wav_duration_recovery_20260801.csv,approved,target_unresolved
2020,7b52204cdb2119b057e5d961ecd75ab33858a3f5a1323d5018d9649e24f53840,SDRW2000001154.1.1.65,audio_pairing_unresolved,alignment_and_analysis,C:\Users\ari30\research\2026_summer_research\outputs\reports\PLAN_2020_wav_duration_recovery_20260801.csv,approved,target_unresolved
2020,7b52204cdb2119b057e5d961ecd75ab33858a3f5a1323d5018d9649e24f53840,SDRW2000001154.1.1.77,audio_pairing_unresolved,alignment_and_analysis,C:\Users\ari30\research\2026_summer_research\outputs\reports\PLAN_2020_wav_duration_recovery_20260801.csv,approved,target_unresolved
2020,7b52204cdb2119b057e5d961ecd75ab33858a3f5a1323d5018d9649e24f53840,SDRW2000001154.1.1.78,audio_pairing_unresolved,alignment_and_analysis,C:\Users\ari30\research\2026_summer_research\outputs\reports\PLAN_2020_wav_duration_recovery_20260801.csv,approved,target_unresolved
2020,7b52204cdb2119b057e5d961ecd75ab33858a3f5a1323d5018d9649e24f53840,SDRW2000001154.1.1.79,audio_pairing_unresolved,alignment_and_analysis,C:\Users\ari30\research\2026_summer_research\outputs\reports\PLAN_2020_wav_duration_recovery_20260801.csv,approved,target_unresolved
2020,7b52204cdb2119b057e5d961ecd75ab33858a3f5a1323d5018d9649e24f53840,SDRW2000001154.1.1.80,audio_pairing_unresolved,alignment_and_analysis,C:\Users\ari30\research\2026_summer_research\outputs\reports\PLAN_2020_wav_duration_recovery_20260801.csv,approved,ambiguous_short_match
2020,7b52204cdb2119b057e5d961ecd75ab33858a3f5a1323d5018d9649e24f53840,SDRW2000001154.1.1.81,audio_pairing_unresolved,alignment_and_analysis,C:\Users\ari30\research\2026_summer_research\outputs\reports\PLAN_2020_wav_duration_recovery_20260801.csv,approved,target_unresolved
2020,7b52204cdb2119b057e5d961ecd75ab33858a3f5a1323d5018d9649e24f53840,SDRW2000001154.1.1.82,audio_pairing_unresolved,alignment_and_analysis,C:\Users\ari30\research\2026_summer_research\outputs\reports\PLAN_2020_wav_duration_recovery_20260801.csv,approved,target_unresolved
2020,7b52204cdb2119b057e5d961ecd75ab33858a3f5a1323d5018d9649e24f53840,SDRW2000001154.1.1.91,audio_pairing_unresolved,alignment_and_analysis,C:\Users\ari30\research\2026_summer_research\outputs\reports\PLAN_2020_wav_duration_recovery_20260801.csv,approved,target_unresolved
2020,7b52204cdb2119b057e5d961ecd75ab33858a3f5a1323d5018d9649e24f53840,SDRW2000001154.1.1.92,audio_pairing_unresolved,alignment_and_analysis,C:\Users\ari30\research\2026_summer_research\outputs\reports\PLAN_2020_wav_duration_recovery_20260801.csv,approved,target_unresolved
2020,7b52204cdb2119b057e5d961ecd75ab33858a3f5a1323d5018d9649e24f53840,SDRW2000001165.1.1.1,audio_pairing_unresolved,alignment_and_analysis,C:\Users\ari30\research\2026_summer_research\outputs\reports\PLAN_2020_wav_duration_recovery_20260801.csv,approved,target_unresolved
2020,7b52204cdb2119b057e5d961ecd75ab33858a3f5a1323d5018d9649e24f53840,SDRW2000001165.1.1.101,audio_pairing_unresolved,alignment_and_analysis,C:\Users\ari30\research\2026_summer_research\outputs\reports\PLAN_2020_wav_duration_recovery_20260801.csv,approved,target_unresolved
2020,7b52204cdb2119b057e5d961ecd75ab33858a3f5a1323d5018d9649e24f53840,SDRW2000001165.1.1.102,audio_pairing_unresolved,alignment_and_analysis,C:\Users\ari30\research\2026_summer_research\outputs\reports\PLAN_2020_wav_duration_recovery_20260801.csv,approved,target_unresolved
2020,7b52204cdb2119b057e5d961ecd75ab33858a3f5a1323d5018d9649e24f53840,SDRW2000001165.1.1.129,audio_pairing_unresolved,alignment_and_analysis,C:\Users\ari30\research\2026_summer_research\outputs\reports\PLAN_2020_wav_duration_recovery_20260801.csv,approved,target_unresolved
2020,7b52204cdb2119b057e5d961ecd75ab33858a3f5a1323d5018d9649e24f53840,SDRW2000001165.1.1.13,audio_pairing_unresolved,alignment_and_analysis,C:\Users\ari30\research\2026_summer_research\outputs\reports\PLAN_2020_wav_duration_recovery_20260801.csv,approved,target_unresolved
2020,7b52204cdb2119b057e5d961ecd75ab33858a3f5a1323d5018d9649e24f53840,SDRW2000001165.1.1.130,audio_pairing_unresolved,alignment_and_analysis,C:\Users\ari30\research\2026_summer_research\outputs\reports\PLAN_2020_wav_duration_recovery_20260801.csv,approved,target_unresolved
2020,7b52204cdb2119b057e5d961ecd75ab33858a3f5a1323d5018d9649e24f53840,SDRW2000001165.1.1.136,audio_pairing_unresolved,alignment_and_analysis,C:\Users\ari30\research\2026_summer_research\outputs\reports\PLAN_2020_wav_duration_recovery_20260801.csv,approved,target_unresolved
2020,7b52204cdb2119b057e5d961ecd75ab33858a3f5a1323d5018d9649e24f53840,SDRW2000001165.1.1.14,audio_pairing_unresolved,alignment_and_analysis,C:\Users\ari30\research\2026_summer_research\outputs\reports\PLAN_2020_wav_duration_recovery_20260801.csv,approved,target_unresolved
2020,7b52204cdb2119b057e5d961ecd75ab33858a3f5a1323d5018d9649e24f53840,SDRW2000001165.1.1.15,audio_pairing_unresolved,alignment_and_analysis,C:\Users\ari30\research\2026_summer_research\outputs\reports\PLAN_2020_wav_duration_recovery_20260801.csv,approved,target_unresolved
2020,7b52204cdb2119b057e5d961ecd75ab33858a3f5a1323d5018d9649e24f53840,SDRW2000001165.1.1.185,audio_pairing_unresolved,alignment_and_analysis,C:\Users\ari30\research\2026_summer_research\outputs\reports\PLAN_2020_wav_duration_recovery_20260801.csv,approved,target_unresolved
2020,7b52204cdb2119b057e5d961ecd75ab33858a3f5a1323d5018d9649e24f53840,SDRW2000001165.1.1.186,audio_pairing_unresolved,alignment_and_analysis,C:\Users\ari30\research\2026_summer_research\outputs\reports\PLAN_2020_wav_duration_recovery_20260801.csv,approved,target_unresolved
2020,7b52204cdb2119b057e5d961ecd75ab33858a3f5a1323d5018d9649e24f53840,SDRW2000001165.1.1.199,audio_pairing_unresolved,alignment_and_analysis,C:\Users\ari30\research\2026_summer_research\outputs\reports\PLAN_2020_wav_duration_recovery_20260801.csv,approved,target_unresolved
2020,7b52204cdb2119b057e5d961ecd75ab33858a3f5a1323d5018d9649e24f53840,SDRW2000001165.1.1.2,audio_pairing_unresolved,alignment_and_analysis,C:\Users\ari30\research\2026_summer_research\outputs\reports\PLAN_2020_wav_duration_recovery_20260801.csv,approved,ambiguous_short_match
2020,7b52204cdb2119b057e5d961ecd75ab33858a3f5a1323d5018d9649e24f53840,SDRW2000001165.1.1.20,audio_pairing_unresolved,alignment_and_analysis,C:\Users\ari30\research\2026_summer_research\outputs\reports\PLAN_2020_wav_duration_recovery_20260801.csv,approved,target_unresolved
2020,7b52204cdb2119b057e5d961ecd75ab33858a3f5a1323d5018d9649e24f53840,SDRW2000001165.1.1.200,audio_pairing_unresolved,alignment_and_analysis,C:\Users\ari30\research\2026_summer_research\outputs\reports\PLAN_2020_wav_duration_recovery_20260801.csv,approved,target_unresolved
2020,7b52204cdb2119b057e5d961ecd75ab33858a3f5a1323d5018d9649e24f53840,SDRW2000001165.1.1.21,audio_pairing_unresolved,alignment_and_analysis,C:\Users\ari30\research\2026_summer_research\outputs\reports\PLAN_2020_wav_duration_recovery_20260801.csv,approved,target_unresolved
2020,7b52204cdb2119b057e5d961ecd75ab33858a3f5a1323d5018d9649e24f53840,SDRW2000001165.1.1.250,audio_pairing_unresolved,alignment_and_analysis,C:\Users\ari30\research\2026_summer_research\outputs\reports\PLAN_2020_wav_duration_recovery_20260801.csv,approved,target_unresolved
2020,7b52204cdb2119b057e5d961ecd75ab33858a3f5a1323d5018d9649e24f53840,SDRW2000001165.1.1.251,audio_pairing_unresolved,alignment_and_analysis,C:\Users\ari30\research\2026_summer_research\outputs\reports\PLAN_2020_wav_duration_recovery_20260801.csv,approved,target_unresolved
2020,7b52204cdb2119b057e5d961ecd75ab33858a3f5a1323d5018d9649e24f53840,SDRW2000001165.1.1.264,audio_pairing_unresolved,alignment_and_analysis,C:\Users\ari30\research\2026_summer_research\outputs\reports\PLAN_2020_wav_duration_recovery_20260801.csv,approved,target_unresolved
2020,7b52204cdb2119b057e5d961ecd75ab33858a3f5a1323d5018d9649e24f53840,SDRW2000001165.1.1.285,audio_pairing_unresolved,alignment_and_analysis,C:\Users\ari30\research\2026_summer_research\outputs\reports\PLAN_2020_wav_duration_recovery_20260801.csv,approved,target_unresolved
2020,7b52204cdb2119b057e5d961ecd75ab33858a3f5a1323d5018d9649e24f53840,SDRW2000001165.1.1.286,audio_pairing_unresolved,alignment_and_analysis,C:\Users\ari30\research\2026_summer_research\outputs\reports\PLAN_2020_wav_duration_recovery_20260801.csv,approved,target_unresolved
2020,7b52204cdb2119b057e5d961ecd75ab33858a3f5a1323d5018d9649e24f53840,SDRW2000001165.1.1.3,audio_pairing_unresolved,alignment_and_analysis,C:\Users\ari30\research\2026_summer_research\outputs\reports\PLAN_2020_wav_duration_recovery_20260801.csv,approved,ambiguous_short_match
2020,7b52204cdb2119b057e5d961ecd75ab33858a3f5a1323d5018d9649e24f53840,SDRW2000001165.1.1.31,audio_pairing_unresolved,alignment_and_analysis,C:\Users\ari30\research\2026_summer_research\outputs\reports\PLAN_2020_wav_duration_recovery_20260801.csv,approved,target_unresolved
2020,7b52204cdb2119b057e5d961ecd75ab33858a3f5a1323d5018d9649e24f53840,SDRW2000001165.1.1.312,audio_pairing_unresolved,alignment_and_analysis,C:\Users\ari30\research\2026_summer_research\outputs\reports\PLAN_2020_wav_duration_recovery_20260801.csv,approved,target_unresolved
2020,7b52204cdb2119b057e5d961ecd75ab33858a3f5a1323d5018d9649e24f53840,SDRW2000001165.1.1.313,audio_pairing_unresolved,alignment_and_analysis,C:\Users\ari30\research\2026_summer_research\outputs\reports\PLAN_2020_wav_duration_recovery_20260801.csv,approved,target_unresolved
2020,7b52204cdb2119b057e5d961ecd75ab33858a3f5a1323d5018d9649e24f53840,SDRW2000001165.1.1.32,audio_pairing_unresolved,alignment_and_analysis,C:\Users\ari30\research\2026_summer_research\outputs\reports\PLAN_2020_wav_duration_recovery_20260801.csv,approved,target_unresolved
2020,7b52204cdb2119b057e5d961ecd75ab33858a3f5a1323d5018d9649e24f53840,SDRW2000001165.1.1.327,audio_pairing_unresolved,alignment_and_analysis,C:\Users\ari30\research\2026_summer_research\outputs\reports\PLAN_2020_wav_duration_recovery_20260801.csv,approved,target_unresolved
2020,7b52204cdb2119b057e5d961ecd75ab33858a3f5a1323d5018d9649e24f53840,SDRW2000001165.1.1.328,audio_pairing_unresolved,alignment_and_analysis,C:\Users\ari30\research\2026_summer_research\outputs\reports\PLAN_2020_wav_duration_recovery_20260801.csv,approved,target_unresolved
2020,7b52204cdb2119b057e5d961ecd75ab33858a3f5a1323d5018d9649e24f53840,SDRW2000001165.1.1.370,audio_pairing_unresolved,alignment_and_analysis,C:\Users\ari30\research\2026_summer_research\outputs\reports\PLAN_2020_wav_duration_recovery_20260801.csv,approved,target_unresolved
2020,7b52204cdb2119b057e5d961ecd75ab33858a3f5a1323d5018d9649e24f53840,SDRW2000001165.1.1.371,audio_pairing_unresolved,alignment_and_analysis,C:\Users\ari30\research\2026_summer_research\outputs\reports\PLAN_2020_wav_duration_recovery_20260801.csv,approved,target_unresolved
2020,7b52204cdb2119b057e5d961ecd75ab33858a3f5a1323d5018d9649e24f53840,SDRW2000001165.1.1.376,audio_pairing_unresolved,alignment_and_analysis,C:\Users\ari30\research\2026_summer_research\outputs\reports\PLAN_2020_wav_duration_recovery_20260801.csv,approved,target_unresolved
2020,7b52204cdb2119b057e5d961ecd75ab33858a3f5a1323d5018d9649e24f53840,SDRW2000001165.1.1.377,audio_pairing_unresolved,alignment_and_analysis,C:\Users\ari30\research\2026_summer_research\outputs\reports\PLAN_2020_wav_duration_recovery_20260801.csv,approved,target_unresolved
2020,7b52204cdb2119b057e5d961ecd75ab33858a3f5a1323d5018d9649e24f53840,SDRW2000001165.1.1.393,audio_pairing_unresolved,alignment_and_analysis,C:\Users\ari30\research\2026_summer_research\outputs\reports\PLAN_2020_wav_duration_recovery_20260801.csv,approved,target_unresolved
2020,7b52204cdb2119b057e5d961ecd75ab33858a3f5a1323d5018d9649e24f53840,SDRW2000001165.1.1.394,audio_pairing_unresolved,alignment_and_analysis,C:\Users\ari30\research\2026_summer_research\outputs\reports\PLAN_2020_wav_duration_recovery_20260801.csv,approved,target_unresolved
2020,7b52204cdb2119b057e5d961ecd75ab33858a3f5a1323d5018d9649e24f53840,SDRW2000001165.1.1.4,audio_pairing_unresolved,alignment_and_analysis,C:\Users\ari30\research\2026_summer_research\outputs\reports\PLAN_2020_wav_duration_recovery_20260801.csv,approved,target_unresolved
2020,7b52204cdb2119b057e5d961ecd75ab33858a3f5a1323d5018d9649e24f53840,SDRW2000001165.1.1.5,audio_pairing_unresolved,alignment_and_analysis,C:\Users\ari30\research\2026_summer_research\outputs\reports\PLAN_2020_wav_duration_recovery_20260801.csv,approved,target_unresolved
2020,7b52204cdb2119b057e5d961ecd75ab33858a3f5a1323d5018d9649e24f53840,SDRW2000001166.1.1.104,audio_pairing_unresolved,alignment_and_analysis,C:\Users\ari30\research\2026_summer_research\outputs\reports\PLAN_2020_wav_duration_recovery_20260801.csv,approved,target_unresolved
2020,7b52204cdb2119b057e5d961ecd75ab33858a3f5a1323d5018d9649e24f53840,SDRW2000001166.1.1.105,audio_pairing_unresolved,alignment_and_analysis,C:\Users\ari30\research\2026_summer_research\outputs\reports\PLAN_2020_wav_duration_recovery_20260801.csv,approved,target_unresolved
2020,7b52204cdb2119b057e5d961ecd75ab33858a3f5a1323d5018d9649e24f53840,SDRW2000001166.1.1.111,audio_pairing_unresolved,alignment_and_analysis,C:\Users\ari30\research\2026_summer_research\outputs\reports\PLAN_2020_wav_duration_recovery_20260801.csv,approved,target_unresolved
2020,7b52204cdb2119b057e5d961ecd75ab33858a3f5a1323d5018d9649e24f53840,SDRW2000001166.1.1.112,audio_pairing_unresolved,alignment_and_analysis,C:\Users\ari30\research\2026_summer_research\outputs\reports\PLAN_2020_wav_duration_recovery_20260801.csv,approved,target_unresolved
2020,7b52204cdb2119b057e5d961ecd75ab33858a3f5a1323d5018d9649e24f53840,SDRW2000001166.1.1.186,audio_pairing_unresolved,alignment_and_analysis,C:\Users\ari30\research\2026_summer_research\outputs\reports\PLAN_2020_wav_duration_recovery_20260801.csv,approved,target_unresolved
2020,7b52204cdb2119b057e5d961ecd75ab33858a3f5a1323d5018d9649e24f53840,SDRW2000001166.1.1.187,audio_pairing_unresolved,alignment_and_analysis,C:\Users\ari30\research\2026_summer_research\outputs\reports\PLAN_2020_wav_duration_recovery_20260801.csv,approved,target_unresolved
2020,7b52204cdb2119b057e5d961ecd75ab33858a3f5a1323d5018d9649e24f53840,SDRW2000001166.1.1.217,audio_pairing_unresolved,alignment_and_analysis,C:\Users\ari30\research\2026_summer_research\outputs\reports\PLAN_2020_wav_duration_recovery_20260801.csv,approved,target_unresolved
2020,7b52204cdb2119b057e5d961ecd75ab33858a3f5a1323d5018d9649e24f53840,SDRW2000001166.1.1.218,audio_pairing_unresolved,alignment_and_analysis,C:\Users\ari30\research\2026_summer_research\outputs\reports\PLAN_2020_wav_duration_recovery_20260801.csv,approved,ambiguous_short_match
2020,7b52204cdb2119b057e5d961ecd75ab33858a3f5a1323d5018d9649e24f53840,SDRW2000001166.1.1.219,audio_pairing_unresolved,alignment_and_analysis,C:\Users\ari30\research\2026_summer_research\outputs\reports\PLAN_2020_wav_duration_recovery_20260801.csv,approved,ambiguous_short_match
2020,7b52204cdb2119b057e5d961ecd75ab33858a3f5a1323d5018d9649e24f53840,SDRW2000001166.1.1.220,audio_pairing_unresolved,alignment_and_analysis,C:\Users\ari30\research\2026_summer_research\outputs\reports\PLAN_2020_wav_duration_recovery_20260801.csv,approved,target_unresolved
2020,7b52204cdb2119b057e5d961ecd75ab33858a3f5a1323d5018d9649e24f53840,SDRW2000001166.1.1.221,audio_pairing_unresolved,alignment_and_analysis,C:\Users\ari30\research\2026_summer_research\outputs\reports\PLAN_2020_wav_duration_recovery_20260801.csv,approved,target_unresolved
2020,7b52204cdb2119b057e5d961ecd75ab33858a3f5a1323d5018d9649e24f53840,SDRW2000001166.1.1.222,audio_pairing_unresolved,alignment_and_analysis,C:\Users\ari30\research\2026_summer_research\outputs\reports\PLAN_2020_wav_duration_recovery_20260801.csv,approved,target_unresolved
2020,7b52204cdb2119b057e5d961ecd75ab33858a3f5a1323d5018d9649e24f53840,SDRW2000001166.1.1.250,audio_pairing_unresolved,alignment_and_analysis,C:\Users\ari30\research\2026_summer_research\outputs\reports\PLAN_2020_wav_duration_recovery_20260801.csv,approved,target_unresolved
2020,7b52204cdb2119b057e5d961ecd75ab33858a3f5a1323d5018d9649e24f53840,SDRW2000001166.1.1.295,audio_pairing_unresolved,alignment_and_analysis,C:\Users\ari30\research\2026_summer_research\outputs\reports\PLAN_2020_wav_duration_recovery_20260801.csv,approved,target_unresolved
2020,7b52204cdb2119b057e5d961ecd75ab33858a3f5a1323d5018d9649e24f53840,SDRW2000001166.1.1.296,audio_pairing_unresolved,alignment_and_analysis,C:\Users\ari30\research\2026_summer_research\outputs\reports\PLAN_2020_wav_duration_recovery_20260801.csv,approved,target_unresolved
2020,7b52204cdb2119b057e5d961ecd75ab33858a3f5a1323d5018d9649e24f53840,SDRW2000001166.1.1.438,audio_pairing_unresolved,alignment_and_analysis,C:\Users\ari30\research\2026_summer_research\outputs\reports\PLAN_2020_wav_duration_recovery_20260801.csv,approved,target_unresolved
2020,7b52204cdb2119b057e5d961ecd75ab33858a3f5a1323d5018d9649e24f53840,SDRW2000001166.1.1.439,audio_pairing_unresolved,alignment_and_analysis,C:\Users\ari30\research\2026_summer_research\outputs\reports\PLAN_2020_wav_duration_recovery_20260801.csv,approved,target_unresolved
2020,7b52204cdb2119b057e5d961ecd75ab33858a3f5a1323d5018d9649e24f53840,SDRW2000001166.1.1.488,audio_pairing_unresolved,alignment_and_analysis,C:\Users\ari30\research\2026_summer_research\outputs\reports\PLAN_2020_wav_duration_recovery_20260801.csv,approved,target_unresolved
2020,7b52204cdb2119b057e5d961ecd75ab33858a3f5a1323d5018d9649e24f53840,SDRW2000001166.1.1.489,audio_pairing_unresolved,alignment_and_analysis,C:\Users\ari30\research\2026_summer_research\outputs\reports\PLAN_2020_wav_duration_recovery_20260801.csv,approved,target_unresolved
2020,7b52204cdb2119b057e5d961ecd75ab33858a3f5a1323d5018d9649e24f53840,SDRW2000001167.1.1.10,audio_pairing_unresolved,alignment_and_analysis,C:\Users\ari30\research\2026_summer_research\outputs\reports\PLAN_2020_wav_duration_recovery_20260801.csv,approved,target_unresolved
2020,7b52204cdb2119b057e5d961ecd75ab33858a3f5a1323d5018d9649e24f53840,SDRW2000001167.1.1.142,audio_pairing_unresolved,alignment_and_analysis,C:\Users\ari30\research\2026_summer_research\outputs\reports\PLAN_2020_wav_duration_recovery_20260801.csv,approved,target_unresolved
2020,7b52204cdb2119b057e5d961ecd75ab33858a3f5a1323d5018d9649e24f53840,SDRW2000001167.1.1.143,audio_pairing_unresolved,alignment_and_analysis,C:\Users\ari30\research\2026_summer_research\outputs\reports\PLAN_2020_wav_duration_recovery_20260801.csv,approved,target_unresolved
2020,7b52204cdb2119b057e5d961ecd75ab33858a3f5a1323d5018d9649e24f53840,SDRW2000001167.1.1.178,audio_pairing_unresolved,alignment_and_analysis,C:\Users\ari30\research\2026_summer_research\outputs\reports\PLAN_2020_wav_duration_recovery_20260801.csv,approved,target_unresolved
2020,7b52204cdb2119b057e5d961ecd75ab33858a3f5a1323d5018d9649e24f53840,SDRW2000001167.1.1.179,audio_pairing_unresolved,alignment_and_analysis,C:\Users\ari30\research\2026_summer_research\outputs\reports\PLAN_2020_wav_duration_recovery_20260801.csv,approved,target_unresolved
2020,7b52204cdb2119b057e5d961ecd75ab33858a3f5a1323d5018d9649e24f53840,SDRW2000001167.1.1.180,audio_pairing_unresolved,alignment_and_analysis,C:\Users\ari30\research\2026_summer_research\outputs\reports\PLAN_2020_wav_duration_recovery_20260801.csv,approved,target_unresolved
2020,7b52204cdb2119b057e5d961ecd75ab33858a3f5a1323d5018d9649e24f53840,SDRW2000001167.1.1.19,audio_pairing_unresolved,alignment_and_analysis,C:\Users\ari30\research\2026_summer_research\outputs\reports\PLAN_2020_wav_duration_recovery_20260801.csv,approved,target_unresolved
2020,7b52204cdb2119b057e5d961ecd75ab33858a3f5a1323d5018d9649e24f53840,SDRW2000001167.1.1.196,audio_pairing_unresolved,alignment_and_analysis,C:\Users\ari30\research\2026_summer_research\outputs\reports\PLAN_2020_wav_duration_recovery_20260801.csv,approved,target_unresolved
2020,7b52204cdb2119b057e5d961ecd75ab33858a3f5a1323d5018d9649e24f53840,SDRW2000001167.1.1.197,audio_pairing_unresolved,alignment_and_analysis,C:\Users\ari30\research\2026_summer_research\outputs\reports\PLAN_2020_wav_duration_recovery_20260801.csv,approved,target_unresolved
2020,7b52204cdb2119b057e5d961ecd75ab33858a3f5a1323d5018d9649e24f53840,SDRW2000001167.1.1.198,audio_pairing_unresolved,alignment_and_analysis,C:\Users\ari30\research\2026_summer_research\outputs\reports\PLAN_2020_wav_duration_recovery_20260801.csv,approved,target_unresolved
2020,7b52204cdb2119b057e5d961ecd75ab33858a3f5a1323d5018d9649e24f53840,SDRW2000001167.1.1.20,audio_pairing_unresolved,alignment_and_analysis,C:\Users\ari30\research\2026_summer_research\outputs\reports\PLAN_2020_wav_duration_recovery_20260801.csv,approved,target_unresolved
2020,7b52204cdb2119b057e5d961ecd75ab33858a3f5a1323d5018d9649e24f53840,SDRW2000001167.1.1.203,audio_pairing_unresolved,alignment_and_analysis,C:\Users\ari30\research\2026_summer_research\outputs\reports\PLAN_2020_wav_duration_recovery_20260801.csv,approved,target_unresolved
2020,7b52204cdb2119b057e5d961ecd75ab33858a3f5a1323d5018d9649e24f53840,SDRW2000001167.1.1.204,audio_pairing_unresolved,alignment_and_analysis,C:\Users\ari30\research\2026_summer_research\outputs\reports\PLAN_2020_wav_duration_recovery_20260801.csv,approved,target_unresolved
2020,7b52204cdb2119b057e5d961ecd75ab33858a3f5a1323d5018d9649e24f53840,SDRW2000001167.1.1.214,audio_pairing_unresolved,alignment_and_analysis,C:\Users\ari30\research\2026_summer_research\outputs\reports\PLAN_2020_wav_duration_recovery_20260801.csv,approved,target_unresolved
2020,7b52204cdb2119b057e5d961ecd75ab33858a3f5a1323d5018d9649e24f53840,SDRW2000001167.1.1.231,audio_pairing_unresolved,alignment_and_analysis,C:\Users\ari30\research\2026_summer_research\outputs\reports\PLAN_2020_wav_duration_recovery_20260801.csv,approved,target_unresolved
2020,7b52204cdb2119b057e5d961ecd75ab33858a3f5a1323d5018d9649e24f53840,SDRW2000001167.1.1.232,audio_pairing_unresolved,alignment_and_analysis,C:\Users\ari30\research\2026_summer_research\outputs\reports\PLAN_2020_wav_duration_recovery_20260801.csv,approved,target_unresolved
2020,7b52204cdb2119b057e5d961ecd75ab33858a3f5a1323d5018d9649e24f53840,SDRW2000001167.1.1.284,audio_pairing_unresolved,alignment_and_analysis,C:\Users\ari30\research\2026_summer_research\outputs\reports\PLAN_2020_wav_duration_recovery_20260801.csv,approved,target_unresolved
2020,7b52204cdb2119b057e5d961ecd75ab33858a3f5a1323d5018d9649e24f53840,SDRW2000001167.1.1.285,audio_pairing_unresolved,alignment_and_analysis,C:\Users\ari30\research\2026_summer_research\outputs\reports\PLAN_2020_wav_duration_recovery_20260801.csv,approved,target_unresolved
2020,7b52204cdb2119b057e5d961ecd75ab33858a3f5a1323d5018d9649e24f53840,SDRW2000001167.1.1.299,audio_pairing_unresolved,alignment_and_analysis,C:\Users\ari30\research\2026_summer_research\outputs\reports\PLAN_2020_wav_duration_recovery_20260801.csv,approved,target_unresolved
2020,7b52204cdb2119b057e5d961ecd75ab33858a3f5a1323d5018d9649e24f53840,SDRW2000001167.1.1.300,audio_pairing_unresolved,alignment_and_analysis,C:\Users\ari30\research\2026_summer_research\outputs\reports\PLAN_2020_wav_duration_recovery_20260801.csv,approved,target_unresolved
2020,7b52204cdb2119b057e5d961ecd75ab33858a3f5a1323d5018d9649e24f53840,SDRW2000001167.1.1.345,audio_pairing_unresolved,alignment_and_analysis,C:\Users\ari30\research\2026_summer_research\outputs\reports\PLAN_2020_wav_duration_recovery_20260801.csv,approved,target_unresolved
2020,7b52204cdb2119b057e5d961ecd75ab33858a3f5a1323d5018d9649e24f53840,SDRW2000001167.1.1.346,audio_pairing_unresolved,alignment_and_analysis,C:\Users\ari30\research\2026_summer_research\outputs\reports\PLAN_2020_wav_duration_recovery_20260801.csv,approved,target_unresolved
2020,7b52204cdb2119b057e5d961ecd75ab33858a3f5a1323d5018d9649e24f53840,SDRW2000001167.1.1.370,audio_pairing_unresolved,alignment_and_analysis,C:\Users\ari30\research\2026_summer_research\outputs\reports\PLAN_2020_wav_duration_recovery_20260801.csv,approved,target_unresolved
2020,7b52204cdb2119b057e5d961ecd75ab33858a3f5a1323d5018d9649e24f53840,SDRW2000001167.1.1.371,audio_pairing_unresolved,alignment_and_analysis,C:\Users\ari30\research\2026_summer_research\outputs\reports\PLAN_2020_wav_duration_recovery_20260801.csv,approved,target_unresolved
2020,7b52204cdb2119b057e5d961ecd75ab33858a3f5a1323d5018d9649e24f53840,SDRW2000001167.1.1.372,audio_pairing_unresolved,alignment_and_analysis,C:\Users\ari30\research\2026_summer_research\outputs\reports\PLAN_2020_wav_duration_recovery_20260801.csv,approved,ambiguous_short_match
2020,7b52204cdb2119b057e5d961ecd75ab33858a3f5a1323d5018d9649e24f53840,SDRW2000001167.1.1.373,audio_pairing_unresolved,alignment_and_analysis,C:\Users\ari30\research\2026_summer_research\outputs\reports\PLAN_2020_wav_duration_recovery_20260801.csv,approved,target_unresolved
2020,7b52204cdb2119b057e5d961ecd75ab33858a3f5a1323d5018d9649e24f53840,SDRW2000001167.1.1.374,audio_pairing_unresolved,alignment_and_analysis,C:\Users\ari30\research\2026_summer_research\outputs\reports\PLAN_2020_wav_duration_recovery_20260801.csv,approved,target_unresolved
2020,7b52204cdb2119b057e5d961ecd75ab33858a3f5a1323d5018d9649e24f53840,SDRW2000001167.1.1.375,audio_pairing_unresolved,alignment_and_analysis,C:\Users\ari30\research\2026_summer_research\outputs\reports\PLAN_2020_wav_duration_recovery_20260801.csv,approved,target_unresolved
2020,7b52204cdb2119b057e5d961ecd75ab33858a3f5a1323d5018d9649e24f53840,SDRW2000001167.1.1.376,audio_pairing_unresolved,alignment_and_analysis,C:\Users\ari30\research\2026_summer_research\outputs\reports\PLAN_2020_wav_duration_recovery_20260801.csv,approved,ambiguous_short_match
2020,7b52204cdb2119b057e5d961ecd75ab33858a3f5a1323d5018d9649e24f53840,SDRW2000001167.1.1.377,audio_pairing_unresolved,alignment_and_analysis,C:\Users\ari30\research\2026_summer_research\outputs\reports\PLAN_2020_wav_duration_recovery_20260801.csv,approved,target_unresolved
2020,7b52204cdb2119b057e5d961ecd75ab33858a3f5a1323d5018d9649e24f53840,SDRW2000001167.1.1.378,audio_pairing_unresolved,alignment_and_analysis,C:\Users\ari30\research\2026_summer_research\outputs\reports\PLAN_2020_wav_duration_recovery_20260801.csv,approved,target_unresolved
2020,7b52204cdb2119b057e5d961ecd75ab33858a3f5a1323d5018d9649e24f53840,SDRW2000001167.1.1.379,audio_pairing_unresolved,alignment_and_analysis,C:\Users\ari30\research\2026_summer_research\outputs\reports\PLAN_2020_wav_duration_recovery_20260801.csv,approved,target_unresolved
2020,7b52204cdb2119b057e5d961ecd75ab33858a3f5a1323d5018d9649e24f53840,SDRW2000001167.1.1.380,audio_pairing_unresolved,alignment_and_analysis,C:\Users\ari30\research\2026_summer_research\outputs\reports\PLAN_2020_wav_duration_recovery_20260801.csv,approved,target_unresolved
2020,7b52204cdb2119b057e5d961ecd75ab33858a3f5a1323d5018d9649e24f53840,SDRW2000001167.1.1.385,audio_pairing_unresolved,alignment_and_analysis,C:\Users\ari30\research\2026_summer_research\outputs\reports\PLAN_2020_wav_duration_recovery_20260801.csv,approved,target_unresolved
2020,7b52204cdb2119b057e5d961ecd75ab33858a3f5a1323d5018d9649e24f53840,SDRW2000001167.1.1.386,audio_pairing_unresolved,alignment_and_analysis,C:\Users\ari30\research\2026_summer_research\outputs\reports\PLAN_2020_wav_duration_recovery_20260801.csv,approved,target_unresolved
2020,7b52204cdb2119b057e5d961ecd75ab33858a3f5a1323d5018d9649e24f53840,SDRW2000001167.1.1.387,audio_pairing_unresolved,alignment_and_analysis,C:\Users\ari30\research\2026_summer_research\outputs\reports\PLAN_2020_wav_duration_recovery_20260801.csv,approved,target_unresolved
2020,7b52204cdb2119b057e5d961ecd75ab33858a3f5a1323d5018d9649e24f53840,SDRW2000001167.1.1.388,audio_pairing_unresolved,alignment_and_analysis,C:\Users\ari30\research\2026_summer_research\outputs\reports\PLAN_2020_wav_duration_recovery_20260801.csv,approved,ambiguous_short_match
2020,7b52204cdb2119b057e5d961ecd75ab33858a3f5a1323d5018d9649e24f53840,SDRW2000001167.1.1.389,audio_pairing_unresolved,alignment_and_analysis,C:\Users\ari30\research\2026_summer_research\outputs\reports\PLAN_2020_wav_duration_recovery_20260801.csv,approved,target_unresolved
2020,7b52204cdb2119b057e5d961ecd75ab33858a3f5a1323d5018d9649e24f53840,SDRW2000001167.1.1.390,audio_pairing_unresolved,alignment_and_analysis,C:\Users\ari30\research\2026_summer_research\outputs\reports\PLAN_2020_wav_duration_recovery_20260801.csv,approved,target_unresolved
2020,7b52204cdb2119b057e5d961ecd75ab33858a3f5a1323d5018d9649e24f53840,SDRW2000001167.1.1.394,audio_pairing_unresolved,alignment_and_analysis,C:\Users\ari30\research\2026_summer_research\outputs\reports\PLAN_2020_wav_duration_recovery_20260801.csv,approved,target_unresolved
2020,7b52204cdb2119b057e5d961ecd75ab33858a3f5a1323d5018d9649e24f53840,SDRW2000001167.1.1.395,audio_pairing_unresolved,alignment_and_analysis,C:\Users\ari30\research\2026_summer_research\outputs\reports\PLAN_2020_wav_duration_recovery_20260801.csv,approved,target_unresolved
2020,7b52204cdb2119b057e5d961ecd75ab33858a3f5a1323d5018d9649e24f53840,SDRW2000001167.1.1.399,audio_pairing_unresolved,alignment_and_analysis,C:\Users\ari30\research\2026_summer_research\outputs\reports\PLAN_2020_wav_duration_recovery_20260801.csv,approved,target_unresolved
2020,7b52204cdb2119b057e5d961ecd75ab33858a3f5a1323d5018d9649e24f53840,SDRW2000001167.1.1.400,audio_pairing_unresolved,alignment_and_analysis,C:\Users\ari30\research\2026_summer_research\outputs\reports\PLAN_2020_wav_duration_recovery_20260801.csv,approved,target_unresolved
2020,7b52204cdb2119b057e5d961ecd75ab33858a3f5a1323d5018d9649e24f53840,SDRW2000001167.1.1.421,audio_pairing_unresolved,alignment_and_analysis,C:\Users\ari30\research\2026_summer_research\outputs\reports\PLAN_2020_wav_duration_recovery_20260801.csv,approved,target_unresolved
2020,7b52204cdb2119b057e5d961ecd75ab33858a3f5a1323d5018d9649e24f53840,SDRW2000001167.1.1.422,audio_pairing_unresolved,alignment_and_analysis,C:\Users\ari30\research\2026_summer_research\outputs\reports\PLAN_2020_wav_duration_recovery_20260801.csv,approved,target_unresolved
2020,7b52204cdb2119b057e5d961ecd75ab33858a3f5a1323d5018d9649e24f53840,SDRW2000001167.1.1.423,audio_pairing_unresolved,alignment_and_analysis,C:\Users\ari30\research\2026_summer_research\outputs\reports\PLAN_2020_wav_duration_recovery_20260801.csv,approved,target_unresolved
2020,7b52204cdb2119b057e5d961ecd75ab33858a3f5a1323d5018d9649e24f53840,SDRW2000001167.1.1.428,audio_pairing_unresolved,alignment_and_analysis,C:\Users\ari30\research\2026_summer_research\outputs\reports\PLAN_2020_wav_duration_recovery_20260801.csv,approved,target_unresolved
2020,7b52204cdb2119b057e5d961ecd75ab33858a3f5a1323d5018d9649e24f53840,SDRW2000001167.1.1.429,audio_pairing_unresolved,alignment_and_analysis,C:\Users\ari30\research\2026_summer_research\outputs\reports\PLAN_2020_wav_duration_recovery_20260801.csv,approved,target_unresolved
2020,7b52204cdb2119b057e5d961ecd75ab33858a3f5a1323d5018d9649e24f53840,SDRW2000001167.1.1.435,audio_pairing_unresolved,alignment_and_analysis,C:\Users\ari30\research\2026_summer_research\outputs\reports\PLAN_2020_wav_duration_recovery_20260801.csv,approved,target_unresolved
2020,7b52204cdb2119b057e5d961ecd75ab33858a3f5a1323d5018d9649e24f53840,SDRW2000001167.1.1.436,audio_pairing_unresolved,alignment_and_analysis,C:\Users\ari30\research\2026_summer_research\outputs\reports\PLAN_2020_wav_duration_recovery_20260801.csv,approved,target_unresolved
2020,7b52204cdb2119b057e5d961ecd75ab33858a3f5a1323d5018d9649e24f53840,SDRW2000001167.1.1.9,audio_pairing_unresolved,alignment_and_analysis,C:\Users\ari30\research\2026_summer_research\outputs\reports\PLAN_2020_wav_duration_recovery_20260801.csv,approved,target_unresolved
2020,7b52204cdb2119b057e5d961ecd75ab33858a3f5a1323d5018d9649e24f53840,SDRW2000001171.1.1.104,audio_pairing_unresolved,alignment_and_analysis,C:\Users\ari30\research\2026_summer_research\outputs\reports\PLAN_2020_wav_duration_recovery_20260801.csv,approved,target_unresolved
2020,7b52204cdb2119b057e5d961ecd75ab33858a3f5a1323d5018d9649e24f53840,SDRW2000001171.1.1.105,audio_pairing_unresolved,alignment_and_analysis,C:\Users\ari30\research\2026_summer_research\outputs\reports\PLAN_2020_wav_duration_recovery_20260801.csv,approved,target_unresolved
2020,7b52204cdb2119b057e5d961ecd75ab33858a3f5a1323d5018d9649e24f53840,SDRW2000001171.1.1.106,audio_pairing_unresolved,alignment_and_analysis,C:\Users\ari30\research\2026_summer_research\outputs\reports\PLAN_2020_wav_duration_recovery_20260801.csv,approved,target_unresolved
2020,7b52204cdb2119b057e5d961ecd75ab33858a3f5a1323d5018d9649e24f53840,SDRW2000001171.1.1.107,audio_pairing_unresolved,alignment_and_analysis,C:\Users\ari30\research\2026_summer_research\outputs\reports\PLAN_2020_wav_duration_recovery_20260801.csv,approved,target_unresolved
2020,7b52204cdb2119b057e5d961ecd75ab33858a3f5a1323d5018d9649e24f53840,SDRW2000001171.1.1.126,audio_pairing_unresolved,alignment_and_analysis,C:\Users\ari30\research\2026_summer_research\outputs\reports\PLAN_2020_wav_duration_recovery_20260801.csv,approved,target_unresolved
2020,7b52204cdb2119b057e5d961ecd75ab33858a3f5a1323d5018d9649e24f53840,SDRW2000001171.1.1.127,audio_pairing_unresolved,alignment_and_analysis,C:\Users\ari30\research\2026_summer_research\outputs\reports\PLAN_2020_wav_duration_recovery_20260801.csv,approved,target_unresolved
2020,7b52204cdb2119b057e5d961ecd75ab33858a3f5a1323d5018d9649e24f53840,SDRW2000001171.1.1.156,audio_pairing_unresolved,alignment_and_analysis,C:\Users\ari30\research\2026_summer_research\outputs\reports\PLAN_2020_wav_duration_recovery_20260801.csv,approved,target_unresolved
2020,7b52204cdb2119b057e5d961ecd75ab33858a3f5a1323d5018d9649e24f53840,SDRW2000001171.1.1.157,audio_pairing_unresolved,alignment_and_analysis,C:\Users\ari30\research\2026_summer_research\outputs\reports\PLAN_2020_wav_duration_recovery_20260801.csv,approved,target_unresolved
2020,7b52204cdb2119b057e5d961ecd75ab33858a3f5a1323d5018d9649e24f53840,SDRW2000001171.1.1.166,audio_pairing_unresolved,alignment_and_analysis,C:\Users\ari30\research\2026_summer_research\outputs\reports\PLAN_2020_wav_duration_recovery_20260801.csv,approved,target_unresolved
2020,7b52204cdb2119b057e5d961ecd75ab33858a3f5a1323d5018d9649e24f53840,SDRW2000001171.1.1.192,audio_pairing_unresolved,alignment_and_analysis,C:\Users\ari30\research\2026_summer_research\outputs\reports\PLAN_2020_wav_duration_recovery_20260801.csv,approved,target_unresolved
2020,7b52204cdb2119b057e5d961ecd75ab33858a3f5a1323d5018d9649e24f53840,SDRW2000001171.1.1.193,audio_pairing_unresolved,alignment_and_analysis,C:\Users\ari30\research\2026_summer_research\outputs\reports\PLAN_2020_wav_duration_recovery_20260801.csv,approved,target_unresolved
2020,7b52204cdb2119b057e5d961ecd75ab33858a3f5a1323d5018d9649e24f53840,SDRW2000001171.1.1.202,audio_pairing_unresolved,alignment_and_analysis,C:\Users\ari30\research\2026_summer_research\outputs\reports\PLAN_2020_wav_duration_recovery_20260801.csv,approved,target_unresolved
2020,7b52204cdb2119b057e5d961ecd75ab33858a3f5a1323d5018d9649e24f53840,SDRW2000001171.1.1.203,audio_pairing_unresolved,alignment_and_analysis,C:\Users\ari30\research\2026_summer_research\outputs\reports\PLAN_2020_wav_duration_recovery_20260801.csv,approved,target_unresolved
2020,7b52204cdb2119b057e5d961ecd75ab33858a3f5a1323d5018d9649e24f53840,SDRW2000001171.1.1.213,audio_pairing_unresolved,alignment_and_analysis,C:\Users\ari30\research\2026_summer_research\outputs\reports\PLAN_2020_wav_duration_recovery_20260801.csv,approved,target_unresolved
2020,7b52204cdb2119b057e5d961ecd75ab33858a3f5a1323d5018d9649e24f53840,SDRW2000001171.1.1.214,audio_pairing_unresolved,alignment_and_analysis,C:\Users\ari30\research\2026_summer_research\outputs\reports\PLAN_2020_wav_duration_recovery_20260801.csv,approved,target_unresolved
2020,7b52204cdb2119b057e5d961ecd75ab33858a3f5a1323d5018d9649e24f53840,SDRW2000001171.1.1.225,audio_pairing_unresolved,alignment_and_analysis,C:\Users\ari30\research\2026_summer_research\outputs\reports\PLAN_2020_wav_duration_recovery_20260801.csv,approved,target_unresolved
2020,7b52204cdb2119b057e5d961ecd75ab33858a3f5a1323d5018d9649e24f53840,SDRW2000001171.1.1.226,audio_pairing_unresolved,alignment_and_analysis,C:\Users\ari30\research\2026_summer_research\outputs\reports\PLAN_2020_wav_duration_recovery_20260801.csv,approved,target_unresolved
2020,7b52204cdb2119b057e5d961ecd75ab33858a3f5a1323d5018d9649e24f53840,SDRW2000001171.1.1.234,audio_pairing_unresolved,alignment_and_analysis,C:\Users\ari30\research\2026_summer_research\outputs\reports\PLAN_2020_wav_duration_recovery_20260801.csv,approved,target_unresolved
2020,7b52204cdb2119b057e5d961ecd75ab33858a3f5a1323d5018d9649e24f53840,SDRW2000001171.1.1.235,audio_pairing_unresolved,alignment_and_analysis,C:\Users\ari30\research\2026_summer_research\outputs\reports\PLAN_2020_wav_duration_recovery_20260801.csv,approved,target_unresolved
2020,7b52204cdb2119b057e5d961ecd75ab33858a3f5a1323d5018d9649e24f53840,SDRW2000001171.1.1.241,audio_pairing_unresolved,alignment_and_analysis,C:\Users\ari30\research\2026_summer_research\outputs\reports\PLAN_2020_wav_duration_recovery_20260801.csv,approved,target_unresolved
2020,7b52204cdb2119b057e5d961ecd75ab33858a3f5a1323d5018d9649e24f53840,SDRW2000001171.1.1.242,audio_pairing_unresolved,alignment_and_analysis,C:\Users\ari30\research\2026_summer_research\outputs\reports\PLAN_2020_wav_duration_recovery_20260801.csv,approved,target_unresolved
2020,7b52204cdb2119b057e5d961ecd75ab33858a3f5a1323d5018d9649e24f53840,SDRW2000001171.1.1.247,audio_pairing_unresolved,alignment_and_analysis,C:\Users\ari30\research\2026_summer_research\outputs\reports\PLAN_2020_wav_duration_recovery_20260801.csv,approved,target_unresolved
2020,7b52204cdb2119b057e5d961ecd75ab33858a3f5a1323d5018d9649e24f53840,SDRW2000001171.1.1.248,audio_pairing_unresolved,alignment_and_analysis,C:\Users\ari30\research\2026_summer_research\outputs\reports\PLAN_2020_wav_duration_recovery_20260801.csv,approved,target_unresolved
2020,7b52204cdb2119b057e5d961ecd75ab33858a3f5a1323d5018d9649e24f53840,SDRW2000001171.1.1.249,audio_pairing_unresolved,alignment_and_analysis,C:\Users\ari30\research\2026_summer_research\outputs\reports\PLAN_2020_wav_duration_recovery_20260801.csv,approved,ambiguous_short_match
2020,7b52204cdb2119b057e5d961ecd75ab33858a3f5a1323d5018d9649e24f53840,SDRW2000001171.1.1.250,audio_pairing_unresolved,alignment_and_analysis,C:\Users\ari30\research\2026_summer_research\outputs\reports\PLAN_2020_wav_duration_recovery_20260801.csv,approved,ambiguous_short_match
2020,7b52204cdb2119b057e5d961ecd75ab33858a3f5a1323d5018d9649e24f53840,SDRW2000001171.1.1.251,audio_pairing_unresolved,alignment_and_analysis,C:\Users\ari30\research\2026_summer_research\outputs\reports\PLAN_2020_wav_duration_recovery_20260801.csv,approved,target_unresolved
2020,7b52204cdb2119b057e5d961ecd75ab33858a3f5a1323d5018d9649e24f53840,SDRW2000001171.1.1.252,audio_pairing_unresolved,alignment_and_analysis,C:\Users\ari30\research\2026_summer_research\outputs\reports\PLAN_2020_wav_duration_recovery_20260801.csv,approved,target_unresolved
2020,7b52204cdb2119b057e5d961ecd75ab33858a3f5a1323d5018d9649e24f53840,SDRW2000001171.1.1.275,audio_pairing_unresolved,alignment_and_analysis,C:\Users\ari30\research\2026_summer_research\outputs\reports\PLAN_2020_wav_duration_recovery_20260801.csv,approved,target_unresolved
2020,7b52204cdb2119b057e5d961ecd75ab33858a3f5a1323d5018d9649e24f53840,SDRW2000001171.1.1.276,audio_pairing_unresolved,alignment_and_analysis,C:\Users\ari30\research\2026_summer_research\outputs\reports\PLAN_2020_wav_duration_recovery_20260801.csv,approved,target_unresolved
2020,7b52204cdb2119b057e5d961ecd75ab33858a3f5a1323d5018d9649e24f53840,SDRW2000001171.1.1.287,audio_pairing_unresolved,alignment_and_analysis,C:\Users\ari30\research\2026_summer_research\outputs\reports\PLAN_2020_wav_duration_recovery_20260801.csv,approved,target_unresolved
2020,7b52204cdb2119b057e5d961ecd75ab33858a3f5a1323d5018d9649e24f53840,SDRW2000001171.1.1.288,audio_pairing_unresolved,alignment_and_analysis,C:\Users\ari30\research\2026_summer_research\outputs\reports\PLAN_2020_wav_duration_recovery_20260801.csv,approved,target_unresolved
2020,7b52204cdb2119b057e5d961ecd75ab33858a3f5a1323d5018d9649e24f53840,SDRW2000001171.1.1.309,audio_pairing_unresolved,alignment_and_analysis,C:\Users\ari30\research\2026_summer_research\outputs\reports\PLAN_2020_wav_duration_recovery_20260801.csv,approved,target_unresolved
2020,7b52204cdb2119b057e5d961ecd75ab33858a3f5a1323d5018d9649e24f53840,SDRW2000001171.1.1.310,audio_pairing_unresolved,alignment_and_analysis,C:\Users\ari30\research\2026_summer_research\outputs\reports\PLAN_2020_wav_duration_recovery_20260801.csv,approved,ambiguous_short_match
2020,7b52204cdb2119b057e5d961ecd75ab33858a3f5a1323d5018d9649e24f53840,SDRW2000001171.1.1.311,audio_pairing_unresolved,alignment_and_analysis,C:\Users\ari30\research\2026_summer_research\outputs\reports\PLAN_2020_wav_duration_recovery_20260801.csv,approved,target_unresolved
2020,7b52204cdb2119b057e5d961ecd75ab33858a3f5a1323d5018d9649e24f53840,SDRW2000001171.1.1.312,audio_pairing_unresolved,alignment_and_analysis,C:\Users\ari30\research\2026_summer_research\outputs\reports\PLAN_2020_wav_duration_recovery_20260801.csv,approved,target_unresolved
2020,7b52204cdb2119b057e5d961ecd75ab33858a3f5a1323d5018d9649e24f53840,SDRW2000001171.1.1.313,audio_pairing_unresolved,alignment_and_analysis,C:\Users\ari30\research\2026_summer_research\outputs\reports\PLAN_2020_wav_duration_recovery_20260801.csv,approved,ambiguous_short_match
2020,7b52204cdb2119b057e5d961ecd75ab33858a3f5a1323d5018d9649e24f53840,SDRW2000001171.1.1.314,audio_pairing_unresolved,alignment_and_analysis,C:\Users\ari30\research\2026_summer_research\outputs\reports\PLAN_2020_wav_duration_recovery_20260801.csv,approved,target_unresolved
2020,7b52204cdb2119b057e5d961ecd75ab33858a3f5a1323d5018d9649e24f53840,SDRW2000001171.1.1.315,audio_pairing_unresolved,alignment_and_analysis,C:\Users\ari30\research\2026_summer_research\outputs\reports\PLAN_2020_wav_duration_recovery_20260801.csv,approved,target_unresolved
2020,7b52204cdb2119b057e5d961ecd75ab33858a3f5a1323d5018d9649e24f53840,SDRW2000001171.1.1.392,audio_pairing_unresolved,alignment_and_analysis,C:\Users\ari30\research\2026_summer_research\outputs\reports\PLAN_2020_wav_duration_recovery_20260801.csv,approved,target_unresolved
2020,7b52204cdb2119b057e5d961ecd75ab33858a3f5a1323d5018d9649e24f53840,SDRW2000001171.1.1.43,audio_pairing_unresolved,alignment_and_analysis,C:\Users\ari30\research\2026_summer_research\outputs\reports\PLAN_2020_wav_duration_recovery_20260801.csv,approved,target_unresolved
2020,7b52204cdb2119b057e5d961ecd75ab33858a3f5a1323d5018d9649e24f53840,SDRW2000001171.1.1.44,audio_pairing_unresolved,alignment_and_analysis,C:\Users\ari30\research\2026_summer_research\outputs\reports\PLAN_2020_wav_duration_recovery_20260801.csv,approved,target_unresolved
2020,7b52204cdb2119b057e5d961ecd75ab33858a3f5a1323d5018d9649e24f53840,SDRW2000001171.1.1.45,audio_pairing_unresolved,alignment_and_analysis,C:\Users\ari30\research\2026_summer_research\outputs\reports\PLAN_2020_wav_duration_recovery_20260801.csv,approved,target_unresolved
2020,7b52204cdb2119b057e5d961ecd75ab33858a3f5a1323d5018d9649e24f53840,SDRW2000001171.1.1.50,audio_pairing_unresolved,alignment_and_analysis,C:\Users\ari30\research\2026_summer_research\outputs\reports\PLAN_2020_wav_duration_recovery_20260801.csv,approved,target_unresolved
2020,7b52204cdb2119b057e5d961ecd75ab33858a3f5a1323d5018d9649e24f53840,SDRW2000001171.1.1.51,audio_pairing_unresolved,alignment_and_analysis,C:\Users\ari30\research\2026_summer_research\outputs\reports\PLAN_2020_wav_duration_recovery_20260801.csv,approved,target_unresolved
2020,7b52204cdb2119b057e5d961ecd75ab33858a3f5a1323d5018d9649e24f53840,SDRW2000001171.1.1.6,audio_pairing_unresolved,alignment_and_analysis,C:\Users\ari30\research\2026_summer_research\outputs\reports\PLAN_2020_wav_duration_recovery_20260801.csv,approved,target_unresolved
2020,7b52204cdb2119b057e5d961ecd75ab33858a3f5a1323d5018d9649e24f53840,SDRW2000001171.1.1.7,audio_pairing_unresolved,alignment_and_analysis,C:\Users\ari30\research\2026_summer_research\outputs\reports\PLAN_2020_wav_duration_recovery_20260801.csv,approved,target_unresolved
2020,7b52204cdb2119b057e5d961ecd75ab33858a3f5a1323d5018d9649e24f53840,SDRW2000001171.1.1.70,audio_pairing_unresolved,alignment_and_analysis,C:\Users\ari30\research\2026_summer_research\outputs\reports\PLAN_2020_wav_duration_recovery_20260801.csv,approved,target_unresolved
2020,7b52204cdb2119b057e5d961ecd75ab33858a3f5a1323d5018d9649e24f53840,SDRW2000001171.1.1.71,audio_pairing_unresolved,alignment_and_analysis,C:\Users\ari30\research\2026_summer_research\outputs\reports\PLAN_2020_wav_duration_recovery_20260801.csv,approved,target_unresolved
2020,7b52204cdb2119b057e5d961ecd75ab33858a3f5a1323d5018d9649e24f53840,SDRW2000001171.1.1.80,audio_pairing_unresolved,alignment_and_analysis,C:\Users\ari30\research\2026_summer_research\outputs\reports\PLAN_2020_wav_duration_recovery_20260801.csv,approved,target_unresolved
2020,7b52204cdb2119b057e5d961ecd75ab33858a3f5a1323d5018d9649e24f53840,SDRW2000001171.1.1.81,audio_pairing_unresolved,alignment_and_analysis,C:\Users\ari30\research\2026_summer_research\outputs\reports\PLAN_2020_wav_duration_recovery_20260801.csv,approved,target_unresolved
2020,7b52204cdb2119b057e5d961ecd75ab33858a3f5a1323d5018d9649e24f53840,SDRW2000001171.1.1.85,audio_pairing_unresolved,alignment_and_analysis,C:\Users\ari30\research\2026_summer_research\outputs\reports\PLAN_2020_wav_duration_recovery_20260801.csv,approved,target_unresolved
2020,7b52204cdb2119b057e5d961ecd75ab33858a3f5a1323d5018d9649e24f53840,SDRW2000001172.1.1.100,audio_pairing_unresolved,alignment_and_analysis,C:\Users\ari30\research\2026_summer_research\outputs\reports\PLAN_2020_wav_duration_recovery_20260801.csv,approved,target_unresolved
2020,7b52204cdb2119b057e5d961ecd75ab33858a3f5a1323d5018d9649e24f53840,SDRW2000001172.1.1.139,audio_pairing_unresolved,alignment_and_analysis,C:\Users\ari30\research\2026_summer_research\outputs\reports\PLAN_2020_wav_duration_recovery_20260801.csv,approved,target_unresolved
2020,7b52204cdb2119b057e5d961ecd75ab33858a3f5a1323d5018d9649e24f53840,SDRW2000001172.1.1.140,audio_pairing_unresolved,alignment_and_analysis,C:\Users\ari30\research\2026_summer_research\outputs\reports\PLAN_2020_wav_duration_recovery_20260801.csv,approved,target_unresolved
2020,7b52204cdb2119b057e5d961ecd75ab33858a3f5a1323d5018d9649e24f53840,SDRW2000001172.1.1.170,audio_pairing_unresolved,alignment_and_analysis,C:\Users\ari30\research\2026_summer_research\outputs\reports\PLAN_2020_wav_duration_recovery_20260801.csv,approved,target_unresolved
2020,7b52204cdb2119b057e5d961ecd75ab33858a3f5a1323d5018d9649e24f53840,SDRW2000001172.1.1.171,audio_pairing_unresolved,alignment_and_analysis,C:\Users\ari30\research\2026_summer_research\outputs\reports\PLAN_2020_wav_duration_recovery_20260801.csv,approved,target_unresolved
2020,7b52204cdb2119b057e5d961ecd75ab33858a3f5a1323d5018d9649e24f53840,SDRW2000001172.1.1.233,audio_pairing_unresolved,alignment_and_analysis,C:\Users\ari30\research\2026_summer_research\outputs\reports\PLAN_2020_wav_duration_recovery_20260801.csv,approved,target_unresolved
2020,7b52204cdb2119b057e5d961ecd75ab33858a3f5a1323d5018d9649e24f53840,SDRW2000001172.1.1.295,audio_pairing_unresolved,alignment_and_analysis,C:\Users\ari30\research\2026_summer_research\outputs\reports\PLAN_2020_wav_duration_recovery_20260801.csv,approved,target_unresolved
2020,7b52204cdb2119b057e5d961ecd75ab33858a3f5a1323d5018d9649e24f53840,SDRW2000001172.1.1.321,audio_pairing_unresolved,alignment_and_analysis,C:\Users\ari30\research\2026_summer_research\outputs\reports\PLAN_2020_wav_duration_recovery_20260801.csv,approved,target_unresolved
2020,7b52204cdb2119b057e5d961ecd75ab33858a3f5a1323d5018d9649e24f53840,SDRW2000001172.1.1.322,audio_pairing_unresolved,alignment_and_analysis,C:\Users\ari30\research\2026_summer_research\outputs\reports\PLAN_2020_wav_duration_recovery_20260801.csv,approved,target_unresolved
2020,7b52204cdb2119b057e5d961ecd75ab33858a3f5a1323d5018d9649e24f53840,SDRW2000001172.1.1.323,audio_pairing_unresolved,alignment_and_analysis,C:\Users\ari30\research\2026_summer_research\outputs\reports\PLAN_2020_wav_duration_recovery_20260801.csv,approved,ambiguous_short_match
2020,7b52204cdb2119b057e5d961ecd75ab33858a3f5a1323d5018d9649e24f53840,SDRW2000001172.1.1.324,audio_pairing_unresolved,alignment_and_analysis,C:\Users\ari30\research\2026_summer_research\outputs\reports\PLAN_2020_wav_duration_recovery_20260801.csv,approved,ambiguous_short_match
2020,7b52204cdb2119b057e5d961ecd75ab33858a3f5a1323d5018d9649e24f53840,SDRW2000001172.1.1.325,audio_pairing_unresolved,alignment_and_analysis,C:\Users\ari30\research\2026_summer_research\outputs\reports\PLAN_2020_wav_duration_recovery_20260801.csv,approved,target_unresolved
2020,7b52204cdb2119b057e5d961ecd75ab33858a3f5a1323d5018d9649e24f53840,SDRW2000001172.1.1.326,audio_pairing_unresolved,alignment_and_analysis,C:\Users\ari30\research\2026_summer_research\outputs\reports\PLAN_2020_wav_duration_recovery_20260801.csv,approved,target_unresolved
2020,7b52204cdb2119b057e5d961ecd75ab33858a3f5a1323d5018d9649e24f53840,SDRW2000001172.1.1.355,audio_pairing_unresolved,alignment_and_analysis,C:\Users\ari30\research\2026_summer_research\outputs\reports\PLAN_2020_wav_duration_recovery_20260801.csv,approved,target_unresolved
2020,7b52204cdb2119b057e5d961ecd75ab33858a3f5a1323d5018d9649e24f53840,SDRW2000001172.1.1.372,audio_pairing_unresolved,alignment_and_analysis,C:\Users\ari30\research\2026_summer_research\outputs\reports\PLAN_2020_wav_duration_recovery_20260801.csv,approved,target_unresolved
2020,7b52204cdb2119b057e5d961ecd75ab33858a3f5a1323d5018d9649e24f53840,SDRW2000001172.1.1.373,audio_pairing_unresolved,alignment_and_analysis,C:\Users\ari30\research\2026_summer_research\outputs\reports\PLAN_2020_wav_duration_recovery_20260801.csv,approved,target_unresolved
2020,7b52204cdb2119b057e5d961ecd75ab33858a3f5a1323d5018d9649e24f53840,SDRW2000001172.1.1.399,audio_pairing_unresolved,alignment_and_analysis,C:\Users\ari30\research\2026_summer_research\outputs\reports\PLAN_2020_wav_duration_recovery_20260801.csv,approved,target_unresolved
2020,7b52204cdb2119b057e5d961ecd75ab33858a3f5a1323d5018d9649e24f53840,SDRW2000001172.1.1.400,audio_pairing_unresolved,alignment_and_analysis,C:\Users\ari30\research\2026_summer_research\outputs\reports\PLAN_2020_wav_duration_recovery_20260801.csv,approved,target_unresolved
2020,7b52204cdb2119b057e5d961ecd75ab33858a3f5a1323d5018d9649e24f53840,SDRW2000001172.1.1.46,audio_pairing_unresolved,alignment_and_analysis,C:\Users\ari30\research\2026_summer_research\outputs\reports\PLAN_2020_wav_duration_recovery_20260801.csv,approved,target_unresolved
2020,7b52204cdb2119b057e5d961ecd75ab33858a3f5a1323d5018d9649e24f53840,SDRW2000001172.1.1.47,audio_pairing_unresolved,alignment_and_analysis,C:\Users\ari30\research\2026_summer_research\outputs\reports\PLAN_2020_wav_duration_recovery_20260801.csv,approved,target_unresolved
2020,7b52204cdb2119b057e5d961ecd75ab33858a3f5a1323d5018d9649e24f53840,SDRW2000001172.1.1.6,audio_pairing_unresolved,alignment_and_analysis,C:\Users\ari30\research\2026_summer_research\outputs\reports\PLAN_2020_wav_duration_recovery_20260801.csv,approved,target_unresolved
2020,7b52204cdb2119b057e5d961ecd75ab33858a3f5a1323d5018d9649e24f53840,SDRW2000001172.1.1.65,audio_pairing_unresolved,alignment_and_analysis,C:\Users\ari30\research\2026_summer_research\outputs\reports\PLAN_2020_wav_duration_recovery_20260801.csv,approved,target_unresolved
2020,7b52204cdb2119b057e5d961ecd75ab33858a3f5a1323d5018d9649e24f53840,SDRW2000001172.1.1.7,audio_pairing_unresolved,alignment_and_analysis,C:\Users\ari30\research\2026_summer_research\outputs\reports\PLAN_2020_wav_duration_recovery_20260801.csv,approved,target_unresolved
2020,7b52204cdb2119b057e5d961ecd75ab33858a3f5a1323d5018d9649e24f53840,SDRW2000001172.1.1.83,audio_pairing_unresolved,alignment_and_analysis,C:\Users\ari30\research\2026_summer_research\outputs\reports\PLAN_2020_wav_duration_recovery_20260801.csv,approved,target_unresolved
2020,7b52204cdb2119b057e5d961ecd75ab33858a3f5a1323d5018d9649e24f53840,SDRW2000001172.1.1.84,audio_pairing_unresolved,alignment_and_analysis,C:\Users\ari30\research\2026_summer_research\outputs\reports\PLAN_2020_wav_duration_recovery_20260801.csv,approved,ambiguous_short_match
2020,7b52204cdb2119b057e5d961ecd75ab33858a3f5a1323d5018d9649e24f53840,SDRW2000001172.1.1.85,audio_pairing_unresolved,alignment_and_analysis,C:\Users\ari30\research\2026_summer_research\outputs\reports\PLAN_2020_wav_duration_recovery_20260801.csv,approved,target_unresolved
2020,7b52204cdb2119b057e5d961ecd75ab33858a3f5a1323d5018d9649e24f53840,SDRW2000001172.1.1.99,audio_pairing_unresolved,alignment_and_analysis,C:\Users\ari30\research\2026_summer_research\outputs\reports\PLAN_2020_wav_duration_recovery_20260801.csv,approved,target_unresolved
2020,7b52204cdb2119b057e5d961ecd75ab33858a3f5a1323d5018d9649e24f53840,SDRW2000001177.1.1.183,audio_pairing_unresolved,alignment_and_analysis,C:\Users\ari30\research\2026_summer_research\outputs\reports\PLAN_2020_wav_duration_recovery_20260801.csv,approved,target_unresolved
2020,7b52204cdb2119b057e5d961ecd75ab33858a3f5a1323d5018d9649e24f53840,SDRW2000001177.1.1.184,audio_pairing_unresolved,alignment_and_analysis,C:\Users\ari30\research\2026_summer_research\outputs\reports\PLAN_2020_wav_duration_recovery_20260801.csv,approved,target_unresolved
2020,7b52204cdb2119b057e5d961ecd75ab33858a3f5a1323d5018d9649e24f53840,SDRW2000001177.1.1.202,audio_pairing_unresolved,alignment_and_analysis,C:\Users\ari30\research\2026_summer_research\outputs\reports\PLAN_2020_wav_duration_recovery_20260801.csv,approved,target_unresolved
2020,7b52204cdb2119b057e5d961ecd75ab33858a3f5a1323d5018d9649e24f53840,SDRW2000001177.1.1.203,audio_pairing_unresolved,alignment_and_analysis,C:\Users\ari30\research\2026_summer_research\outputs\reports\PLAN_2020_wav_duration_recovery_20260801.csv,approved,target_unresolved
2020,7b52204cdb2119b057e5d961ecd75ab33858a3f5a1323d5018d9649e24f53840,SDRW2000001177.1.1.214,audio_pairing_unresolved,alignment_and_analysis,C:\Users\ari30\research\2026_summer_research\outputs\reports\PLAN_2020_wav_duration_recovery_20260801.csv,approved,target_unresolved
2020,7b52204cdb2119b057e5d961ecd75ab33858a3f5a1323d5018d9649e24f53840,SDRW2000001177.1.1.215,audio_pairing_unresolved,alignment_and_analysis,C:\Users\ari30\research\2026_summer_research\outputs\reports\PLAN_2020_wav_duration_recovery_20260801.csv,approved,target_unresolved
2020,7b52204cdb2119b057e5d961ecd75ab33858a3f5a1323d5018d9649e24f53840,SDRW2000001177.1.1.227,audio_pairing_unresolved,alignment_and_analysis,C:\Users\ari30\research\2026_summer_research\outputs\reports\PLAN_2020_wav_duration_recovery_20260801.csv,approved,target_unresolved
2020,7b52204cdb2119b057e5d961ecd75ab33858a3f5a1323d5018d9649e24f53840,SDRW2000001177.1.1.228,audio_pairing_unresolved,alignment_and_analysis,C:\Users\ari30\research\2026_summer_research\outputs\reports\PLAN_2020_wav_duration_recovery_20260801.csv,approved,target_unresolved
2020,7b52204cdb2119b057e5d961ecd75ab33858a3f5a1323d5018d9649e24f53840,SDRW2000001177.1.1.233,audio_pairing_unresolved,alignment_and_analysis,C:\Users\ari30\research\2026_summer_research\outputs\reports\PLAN_2020_wav_duration_recovery_20260801.csv,approved,target_unresolved
2020,7b52204cdb2119b057e5d961ecd75ab33858a3f5a1323d5018d9649e24f53840,SDRW2000001177.1.1.234,audio_pairing_unresolved,alignment_and_analysis,C:\Users\ari30\research\2026_summer_research\outputs\reports\PLAN_2020_wav_duration_recovery_20260801.csv,approved,target_unresolved
2020,7b52204cdb2119b057e5d961ecd75ab33858a3f5a1323d5018d9649e24f53840,SDRW2000001177.1.1.25,audio_pairing_unresolved,alignment_and_analysis,C:\Users\ari30\research\2026_summer_research\outputs\reports\PLAN_2020_wav_duration_recovery_20260801.csv,approved,target_unresolved
2020,7b52204cdb2119b057e5d961ecd75ab33858a3f5a1323d5018d9649e24f53840,SDRW2000001177.1.1.26,audio_pairing_unresolved,alignment_and_analysis,C:\Users\ari30\research\2026_summer_research\outputs\reports\PLAN_2020_wav_duration_recovery_20260801.csv,approved,target_unresolved
2020,7b52204cdb2119b057e5d961ecd75ab33858a3f5a1323d5018d9649e24f53840,SDRW2000001177.1.1.45,audio_pairing_unresolved,alignment_and_analysis,C:\Users\ari30\research\2026_summer_research\outputs\reports\PLAN_2020_wav_duration_recovery_20260801.csv,approved,target_unresolved
2020,7b52204cdb2119b057e5d961ecd75ab33858a3f5a1323d5018d9649e24f53840,SDRW2000001177.1.1.46,audio_pairing_unresolved,alignment_and_analysis,C:\Users\ari30\research\2026_summer_research\outputs\reports\PLAN_2020_wav_duration_recovery_20260801.csv,approved,target_unresolved
2020,7b52204cdb2119b057e5d961ecd75ab33858a3f5a1323d5018d9649e24f53840,SDRW2000001177.1.1.77,audio_pairing_unresolved,alignment_and_analysis,C:\Users\ari30\research\2026_summer_research\outputs\reports\PLAN_2020_wav_duration_recovery_20260801.csv,approved,target_unresolved
2020,7b52204cdb2119b057e5d961ecd75ab33858a3f5a1323d5018d9649e24f53840,SDRW2000001177.1.1.78,audio_pairing_unresolved,alignment_and_analysis,C:\Users\ari30\research\2026_summer_research\outputs\reports\PLAN_2020_wav_duration_recovery_20260801.csv,approved,target_unresolved
2020,7b52204cdb2119b057e5d961ecd75ab33858a3f5a1323d5018d9649e24f53840,SDRW2000001177.1.1.79,audio_pairing_unresolved,alignment_and_analysis,C:\Users\ari30\research\2026_summer_research\outputs\reports\PLAN_2020_wav_duration_recovery_20260801.csv,approved,ambiguous_short_match
2020,7b52204cdb2119b057e5d961ecd75ab33858a3f5a1323d5018d9649e24f53840,SDRW2000001177.1.1.80,audio_pairing_unresolved,alignment_and_analysis,C:\Users\ari30\research\2026_summer_research\outputs\reports\PLAN_2020_wav_duration_recovery_20260801.csv,approved,target_unresolved
2020,7b52204cdb2119b057e5d961ecd75ab33858a3f5a1323d5018d9649e24f53840,SDRW2000001177.1.1.81,audio_pairing_unresolved,alignment_and_analysis,C:\Users\ari30\research\2026_summer_research\outputs\reports\PLAN_2020_wav_duration_recovery_20260801.csv,approved,target_unresolved
2020,7b52204cdb2119b057e5d961ecd75ab33858a3f5a1323d5018d9649e24f53840,SDRW2000001177.1.1.95,audio_pairing_unresolved,alignment_and_analysis,C:\Users\ari30\research\2026_summer_research\outputs\reports\PLAN_2020_wav_duration_recovery_20260801.csv,approved,target_unresolved
2020,7b52204cdb2119b057e5d961ecd75ab33858a3f5a1323d5018d9649e24f53840,SDRW2000001177.1.1.96,audio_pairing_unresolved,alignment_and_analysis,C:\Users\ari30\research\2026_summer_research\outputs\reports\PLAN_2020_wav_duration_recovery_20260801.csv,approved,target_unresolved
2020,7b52204cdb2119b057e5d961ecd75ab33858a3f5a1323d5018d9649e24f53840,SDRW2000001178.1.1.10,audio_pairing_unresolved,alignment_and_analysis,C:\Users\ari30\research\2026_summer_research\outputs\reports\PLAN_2020_wav_duration_recovery_20260801.csv,approved,target_unresolved
2020,7b52204cdb2119b057e5d961ecd75ab33858a3f5a1323d5018d9649e24f53840,SDRW2000001178.1.1.100,audio_pairing_unresolved,alignment_and_analysis,C:\Users\ari30\research\2026_summer_research\outputs\reports\PLAN_2020_wav_duration_recovery_20260801.csv,approved,target_unresolved
2020,7b52204cdb2119b057e5d961ecd75ab33858a3f5a1323d5018d9649e24f53840,SDRW2000001178.1.1.101,audio_pairing_unresolved,alignment_and_analysis,C:\Users\ari30\research\2026_summer_research\outputs\reports\PLAN_2020_wav_duration_recovery_20260801.csv,approved,target_unresolved
2020,7b52204cdb2119b057e5d961ecd75ab33858a3f5a1323d5018d9649e24f53840,SDRW2000001178.1.1.102,audio_pairing_unresolved,alignment_and_analysis,C:\Users\ari30\research\2026_summer_research\outputs\reports\PLAN_2020_wav_duration_recovery_20260801.csv,approved,target_unresolved
2020,7b52204cdb2119b057e5d961ecd75ab33858a3f5a1323d5018d9649e24f53840,SDRW2000001178.1.1.103,audio_pairing_unresolved,alignment_and_analysis,C:\Users\ari30\research\2026_summer_research\outputs\reports\PLAN_2020_wav_duration_recovery_20260801.csv,approved,target_unresolved
2020,7b52204cdb2119b057e5d961ecd75ab33858a3f5a1323d5018d9649e24f53840,SDRW2000001178.1.1.104,audio_pairing_unresolved,alignment_and_analysis,C:\Users\ari30\research\2026_summer_research\outputs\reports\PLAN_2020_wav_duration_recovery_20260801.csv,approved,target_unresolved
2020,7b52204cdb2119b057e5d961ecd75ab33858a3f5a1323d5018d9649e24f53840,SDRW2000001178.1.1.11,audio_pairing_unresolved,alignment_and_analysis,C:\Users\ari30\research\2026_summer_research\outputs\reports\PLAN_2020_wav_duration_recovery_20260801.csv,approved,target_unresolved
2020,7b52204cdb2119b057e5d961ecd75ab33858a3f5a1323d5018d9649e24f53840,SDRW2000001178.1.1.113,audio_pairing_unresolved,alignment_and_analysis,C:\Users\ari30\research\2026_summer_research\outputs\reports\PLAN_2020_wav_duration_recovery_20260801.csv,approved,target_unresolved
2020,7b52204cdb2119b057e5d961ecd75ab33858a3f5a1323d5018d9649e24f53840,SDRW2000001178.1.1.114,audio_pairing_unresolved,alignment_and_analysis,C:\Users\ari30\research\2026_summer_research\outputs\reports\PLAN_2020_wav_duration_recovery_20260801.csv,approved,target_unresolved
2020,7b52204cdb2119b057e5d961ecd75ab33858a3f5a1323d5018d9649e24f53840,SDRW2000001178.1.1.115,audio_pairing_unresolved,alignment_and_analysis,C:\Users\ari30\research\2026_summer_research\outputs\reports\PLAN_2020_wav_duration_recovery_20260801.csv,approved,target_unresolved
2020,7b52204cdb2119b057e5d961ecd75ab33858a3f5a1323d5018d9649e24f53840,SDRW2000001178.1.1.12,audio_pairing_unresolved,alignment_and_analysis,C:\Users\ari30\research\2026_summer_research\outputs\reports\PLAN_2020_wav_duration_recovery_20260801.csv,approved,ambiguous_short_match
2020,7b52204cdb2119b057e5d961ecd75ab33858a3f5a1323d5018d9649e24f53840,SDRW2000001178.1.1.13,audio_pairing_unresolved,alignment_and_analysis,C:\Users\ari30\research\2026_summer_research\outputs\reports\PLAN_2020_wav_duration_recovery_20260801.csv,approved,target_unresolved
2020,7b52204cdb2119b057e5d961ecd75ab33858a3f5a1323d5018d9649e24f53840,SDRW2000001178.1.1.14,audio_pairing_unresolved,alignment_and_analysis,C:\Users\ari30\research\2026_summer_research\outputs\reports\PLAN_2020_wav_duration_recovery_20260801.csv,approved,target_unresolved
2020,7b52204cdb2119b057e5d961ecd75ab33858a3f5a1323d5018d9649e24f53840,SDRW2000001178.1.1.146,audio_pairing_unresolved,alignment_and_analysis,C:\Users\ari30\research\2026_summer_research\outputs\reports\PLAN_2020_wav_duration_recovery_20260801.csv,approved,target_unresolved
2020,7b52204cdb2119b057e5d961ecd75ab33858a3f5a1323d5018d9649e24f53840,SDRW2000001178.1.1.147,audio_pairing_unresolved,alignment_and_analysis,C:\Users\ari30\research\2026_summer_research\outputs\reports\PLAN_2020_wav_duration_recovery_20260801.csv,approved,target_unresolved
2020,7b52204cdb2119b057e5d961ecd75ab33858a3f5a1323d5018d9649e24f53840,SDRW2000001178.1.1.153,audio_pairing_unresolved,alignment_and_analysis,C:\Users\ari30\research\2026_summer_research\outputs\reports\PLAN_2020_wav_duration_recovery_20260801.csv,approved,target_unresolved
2020,7b52204cdb2119b057e5d961ecd75ab33858a3f5a1323d5018d9649e24f53840,SDRW2000001178.1.1.154,audio_pairing_unresolved,alignment_and_analysis,C:\Users\ari30\research\2026_summer_research\outputs\reports\PLAN_2020_wav_duration_recovery_20260801.csv,approved,target_unresolved
2020,7b52204cdb2119b057e5d961ecd75ab33858a3f5a1323d5018d9649e24f53840,SDRW2000001178.1.1.167,audio_pairing_unresolved,alignment_and_analysis,C:\Users\ari30\research\2026_summer_research\outputs\reports\PLAN_2020_wav_duration_recovery_20260801.csv,approved,target_unresolved
2020,7b52204cdb2119b057e5d961ecd75ab33858a3f5a1323d5018d9649e24f53840,SDRW2000001178.1.1.168,audio_pairing_unresolved,alignment_and_analysis,C:\Users\ari30\research\2026_summer_research\outputs\reports\PLAN_2020_wav_duration_recovery_20260801.csv,approved,target_unresolved
2020,7b52204cdb2119b057e5d961ecd75ab33858a3f5a1323d5018d9649e24f53840,SDRW2000001178.1.1.169,audio_pairing_unresolved,alignment_and_analysis,C:\Users\ari30\research\2026_summer_research\outputs\reports\PLAN_2020_wav_duration_recovery_20260801.csv,approved,ambiguous_short_match
2020,7b52204cdb2119b057e5d961ecd75ab33858a3f5a1323d5018d9649e24f53840,SDRW2000001178.1.1.170,audio_pairing_unresolved,alignment_and_analysis,C:\Users\ari30\research\2026_summer_research\outputs\reports\PLAN_2020_wav_duration_recovery_20260801.csv,approved,target_unresolved
2020,7b52204cdb2119b057e5d961ecd75ab33858a3f5a1323d5018d9649e24f53840,SDRW2000001178.1.1.171,audio_pairing_unresolved,alignment_and_analysis,C:\Users\ari30\research\2026_summer_research\outputs\reports\PLAN_2020_wav_duration_recovery_20260801.csv,approved,target_unresolved
2020,7b52204cdb2119b057e5d961ecd75ab33858a3f5a1323d5018d9649e24f53840,SDRW2000001178.1.1.176,audio_pairing_unresolved,alignment_and_analysis,C:\Users\ari30\research\2026_summer_research\outputs\reports\PLAN_2020_wav_duration_recovery_20260801.csv,approved,target_unresolved
2020,7b52204cdb2119b057e5d961ecd75ab33858a3f5a1323d5018d9649e24f53840,SDRW2000001178.1.1.177,audio_pairing_unresolved,alignment_and_analysis,C:\Users\ari30\research\2026_summer_research\outputs\reports\PLAN_2020_wav_duration_recovery_20260801.csv,approved,target_unresolved
2020,7b52204cdb2119b057e5d961ecd75ab33858a3f5a1323d5018d9649e24f53840,SDRW2000001178.1.1.190,audio_pairing_unresolved,alignment_and_analysis,C:\Users\ari30\research\2026_summer_research\outputs\reports\PLAN_2020_wav_duration_recovery_20260801.csv,approved,target_unresolved
2020,7b52204cdb2119b057e5d961ecd75ab33858a3f5a1323d5018d9649e24f53840,SDRW2000001178.1.1.191,audio_pairing_unresolved,alignment_and_analysis,C:\Users\ari30\research\2026_summer_research\outputs\reports\PLAN_2020_wav_duration_recovery_20260801.csv,approved,target_unresolved
2020,7b52204cdb2119b057e5d961ecd75ab33858a3f5a1323d5018d9649e24f53840,SDRW2000001178.1.1.192,audio_pairing_unresolved,alignment_and_analysis,C:\Users\ari30\research\2026_summer_research\outputs\reports\PLAN_2020_wav_duration_recovery_20260801.csv,approved,target_unresolved
2020,7b52204cdb2119b057e5d961ecd75ab33858a3f5a1323d5018d9649e24f53840,SDRW2000001178.1.1.193,audio_pairing_unresolved,alignment_and_analysis,C:\Users\ari30\research\2026_summer_research\outputs\reports\PLAN_2020_wav_duration_recovery_20260801.csv,approved,ambiguous_short_match
2020,7b52204cdb2119b057e5d961ecd75ab33858a3f5a1323d5018d9649e24f53840,SDRW2000001178.1.1.194,audio_pairing_unresolved,alignment_and_analysis,C:\Users\ari30\research\2026_summer_research\outputs\reports\PLAN_2020_wav_duration_recovery_20260801.csv,approved,target_unresolved
2020,7b52204cdb2119b057e5d961ecd75ab33858a3f5a1323d5018d9649e24f53840,SDRW2000001178.1.1.195,audio_pairing_unresolved,alignment_and_analysis,C:\Users\ari30\research\2026_summer_research\outputs\reports\PLAN_2020_wav_duration_recovery_20260801.csv,approved,target_unresolved
2020,7b52204cdb2119b057e5d961ecd75ab33858a3f5a1323d5018d9649e24f53840,SDRW2000001178.1.1.207,audio_pairing_unresolved,alignment_and_analysis,C:\Users\ari30\research\2026_summer_research\outputs\reports\PLAN_2020_wav_duration_recovery_20260801.csv,approved,target_unresolved
2020,7b52204cdb2119b057e5d961ecd75ab33858a3f5a1323d5018d9649e24f53840,SDRW2000001178.1.1.208,audio_pairing_unresolved,alignment_and_analysis,C:\Users\ari30\research\2026_summer_research\outputs\reports\PLAN_2020_wav_duration_recovery_20260801.csv,approved,target_unresolved
2020,7b52204cdb2119b057e5d961ecd75ab33858a3f5a1323d5018d9649e24f53840,SDRW2000001178.1.1.209,audio_pairing_unresolved,alignment_and_analysis,C:\Users\ari30\research\2026_summer_research\outputs\reports\PLAN_2020_wav_duration_recovery_20260801.csv,approved,ambiguous_short_match
2020,7b52204cdb2119b057e5d961ecd75ab33858a3f5a1323d5018d9649e24f53840,SDRW2000001178.1.1.210,audio_pairing_unresolved,alignment_and_analysis,C:\Users\ari30\research\2026_summer_research\outputs\reports\PLAN_2020_wav_duration_recovery_20260801.csv,approved,target_unresolved
2020,7b52204cdb2119b057e5d961ecd75ab33858a3f5a1323d5018d9649e24f53840,SDRW2000001178.1.1.211,audio_pairing_unresolved,alignment_and_analysis,C:\Users\ari30\research\2026_summer_research\outputs\reports\PLAN_2020_wav_duration_recovery_20260801.csv,approved,target_unresolved
2020,7b52204cdb2119b057e5d961ecd75ab33858a3f5a1323d5018d9649e24f53840,SDRW2000001178.1.1.212,audio_pairing_unresolved,alignment_and_analysis,C:\Users\ari30\research\2026_summer_research\outputs\reports\PLAN_2020_wav_duration_recovery_20260801.csv,approved,ambiguous_short_match
2020,7b52204cdb2119b057e5d961ecd75ab33858a3f5a1323d5018d9649e24f53840,SDRW2000001178.1.1.213,audio_pairing_unresolved,alignment_and_analysis,C:\Users\ari30\research\2026_summer_research\outputs\reports\PLAN_2020_wav_duration_recovery_20260801.csv,approved,ambiguous_short_match
2020,7b52204cdb2119b057e5d961ecd75ab33858a3f5a1323d5018d9649e24f53840,SDRW2000001178.1.1.214,audio_pairing_unresolved,alignment_and_analysis,C:\Users\ari30\research\2026_summer_research\outputs\reports\PLAN_2020_wav_duration_recovery_20260801.csv,approved,target_unresolved
2020,7b52204cdb2119b057e5d961ecd75ab33858a3f5a1323d5018d9649e24f53840,SDRW2000001178.1.1.215,audio_pairing_unresolved,alignment_and_analysis,C:\Users\ari30\research\2026_summer_research\outputs\reports\PLAN_2020_wav_duration_recovery_20260801.csv,approved,target_unresolved
2020,7b52204cdb2119b057e5d961ecd75ab33858a3f5a1323d5018d9649e24f53840,SDRW2000001178.1.1.216,audio_pairing_unresolved,alignment_and_analysis,C:\Users\ari30\research\2026_summer_research\outputs\reports\PLAN_2020_wav_duration_recovery_20260801.csv,approved,target_unresolved
2020,7b52204cdb2119b057e5d961ecd75ab33858a3f5a1323d5018d9649e24f53840,SDRW2000001178.1.1.233,audio_pairing_unresolved,alignment_and_analysis,C:\Users\ari30\research\2026_summer_research\outputs\reports\PLAN_2020_wav_duration_recovery_20260801.csv,approved,target_unresolved
2020,7b52204cdb2119b057e5d961ecd75ab33858a3f5a1323d5018d9649e24f53840,SDRW2000001178.1.1.234,audio_pairing_unresolved,alignment_and_analysis,C:\Users\ari30\research\2026_summer_research\outputs\reports\PLAN_2020_wav_duration_recovery_20260801.csv,approved,target_unresolved
2020,7b52204cdb2119b057e5d961ecd75ab33858a3f5a1323d5018d9649e24f53840,SDRW2000001178.1.1.51,audio_pairing_unresolved,alignment_and_analysis,C:\Users\ari30\research\2026_summer_research\outputs\reports\PLAN_2020_wav_duration_recovery_20260801.csv,approved,target_unresolved
2020,7b52204cdb2119b057e5d961ecd75ab33858a3f5a1323d5018d9649e24f53840,SDRW2000001178.1.1.52,audio_pairing_unresolved,alignment_and_analysis,C:\Users\ari30\research\2026_summer_research\outputs\reports\PLAN_2020_wav_duration_recovery_20260801.csv,approved,target_unresolved
2020,7b52204cdb2119b057e5d961ecd75ab33858a3f5a1323d5018d9649e24f53840,SDRW2000001179.1.1.108,audio_pairing_unresolved,alignment_and_analysis,C:\Users\ari30\research\2026_summer_research\outputs\reports\PLAN_2020_wav_duration_recovery_20260801.csv,approved,target_unresolved
2020,7b52204cdb2119b057e5d961ecd75ab33858a3f5a1323d5018d9649e24f53840,SDRW2000001179.1.1.109,audio_pairing_unresolved,alignment_and_analysis,C:\Users\ari30\research\2026_summer_research\outputs\reports\PLAN_2020_wav_duration_recovery_20260801.csv,approved,target_unresolved
2020,7b52204cdb2119b057e5d961ecd75ab33858a3f5a1323d5018d9649e24f53840,SDRW2000001179.1.1.121,audio_pairing_unresolved,alignment_and_analysis,C:\Users\ari30\research\2026_summer_research\outputs\reports\PLAN_2020_wav_duration_recovery_20260801.csv,approved,target_unresolved
2020,7b52204cdb2119b057e5d961ecd75ab33858a3f5a1323d5018d9649e24f53840,SDRW2000001179.1.1.122,audio_pairing_unresolved,alignment_and_analysis,C:\Users\ari30\research\2026_summer_research\outputs\reports\PLAN_2020_wav_duration_recovery_20260801.csv,approved,target_unresolved
2020,7b52204cdb2119b057e5d961ecd75ab33858a3f5a1323d5018d9649e24f53840,SDRW2000001179.1.1.123,audio_pairing_unresolved,alignment_and_analysis,C:\Users\ari30\research\2026_summer_research\outputs\reports\PLAN_2020_wav_duration_recovery_20260801.csv,approved,ambiguous_short_match
2020,7b52204cdb2119b057e5d961ecd75ab33858a3f5a1323d5018d9649e24f53840,SDRW2000001179.1.1.124,audio_pairing_unresolved,alignment_and_analysis,C:\Users\ari30\research\2026_summer_research\outputs\reports\PLAN_2020_wav_duration_recovery_20260801.csv,approved,ambiguous_short_match
2020,7b52204cdb2119b057e5d961ecd75ab33858a3f5a1323d5018d9649e24f53840,SDRW2000001179.1.1.125,audio_pairing_unresolved,alignment_and_analysis,C:\Users\ari30\research\2026_summer_research\outputs\reports\PLAN_2020_wav_duration_recovery_20260801.csv,approved,target_unresolved
2020,7b52204cdb2119b057e5d961ecd75ab33858a3f5a1323d5018d9649e24f53840,SDRW2000001179.1.1.126,audio_pairing_unresolved,alignment_and_analysis,C:\Users\ari30\research\2026_summer_research\outputs\reports\PLAN_2020_wav_duration_recovery_20260801.csv,approved,target_unresolved
2020,7b52204cdb2119b057e5d961ecd75ab33858a3f5a1323d5018d9649e24f53840,SDRW2000001179.1.1.127,audio_pairing_unresolved,alignment_and_analysis,C:\Users\ari30\research\2026_summer_research\outputs\reports\PLAN_2020_wav_duration_recovery_20260801.csv,approved,target_unresolved
2020,7b52204cdb2119b057e5d961ecd75ab33858a3f5a1323d5018d9649e24f53840,SDRW2000001179.1.1.132,audio_pairing_unresolved,alignment_and_analysis,C:\Users\ari30\research\2026_summer_research\outputs\reports\PLAN_2020_wav_duration_recovery_20260801.csv,approved,target_unresolved
2020,7b52204cdb2119b057e5d961ecd75ab33858a3f5a1323d5018d9649e24f53840,SDRW2000001179.1.1.133,audio_pairing_unresolved,alignment_and_analysis,C:\Users\ari30\research\2026_summer_research\outputs\reports\PLAN_2020_wav_duration_recovery_20260801.csv,approved,target_unresolved
2020,7b52204cdb2119b057e5d961ecd75ab33858a3f5a1323d5018d9649e24f53840,SDRW2000001179.1.1.134,audio_pairing_unresolved,alignment_and_analysis,C:\Users\ari30\research\2026_summer_research\outputs\reports\PLAN_2020_wav_duration_recovery_20260801.csv,approved,target_unresolved
2020,7b52204cdb2119b057e5d961ecd75ab33858a3f5a1323d5018d9649e24f53840,SDRW2000001179.1.1.14,audio_pairing_unresolved,alignment_and_analysis,C:\Users\ari30\research\2026_summer_research\outputs\reports\PLAN_2020_wav_duration_recovery_20260801.csv,approved,target_unresolved
2020,7b52204cdb2119b057e5d961ecd75ab33858a3f5a1323d5018d9649e24f53840,SDRW2000001179.1.1.140,audio_pairing_unresolved,alignment_and_analysis,C:\Users\ari30\research\2026_summer_research\outputs\reports\PLAN_2020_wav_duration_recovery_20260801.csv,approved,target_unresolved
2020,7b52204cdb2119b057e5d961ecd75ab33858a3f5a1323d5018d9649e24f53840,SDRW2000001179.1.1.141,audio_pairing_unresolved,alignment_and_analysis,C:\Users\ari30\research\2026_summer_research\outputs\reports\PLAN_2020_wav_duration_recovery_20260801.csv,approved,target_unresolved
2020,7b52204cdb2119b057e5d961ecd75ab33858a3f5a1323d5018d9649e24f53840,SDRW2000001179.1.1.15,audio_pairing_unresolved,alignment_and_analysis,C:\Users\ari30\research\2026_summer_research\outputs\reports\PLAN_2020_wav_duration_recovery_20260801.csv,approved,target_unresolved
2020,7b52204cdb2119b057e5d961ecd75ab33858a3f5a1323d5018d9649e24f53840,SDRW2000001179.1.1.161,audio_pairing_unresolved,alignment_and_analysis,C:\Users\ari30\research\2026_summer_research\outputs\reports\PLAN_2020_wav_duration_recovery_20260801.csv,approved,target_unresolved
2020,7b52204cdb2119b057e5d961ecd75ab33858a3f5a1323d5018d9649e24f53840,SDRW2000001179.1.1.162,audio_pairing_unresolved,alignment_and_analysis,C:\Users\ari30\research\2026_summer_research\outputs\reports\PLAN_2020_wav_duration_recovery_20260801.csv,approved,target_unresolved
2020,7b52204cdb2119b057e5d961ecd75ab33858a3f5a1323d5018d9649e24f53840,SDRW2000001179.1.1.196,audio_pairing_unresolved,alignment_and_analysis,C:\Users\ari30\research\2026_summer_research\outputs\reports\PLAN_2020_wav_duration_recovery_20260801.csv,approved,target_unresolved
2020,7b52204cdb2119b057e5d961ecd75ab33858a3f5a1323d5018d9649e24f53840,SDRW2000001179.1.1.197,audio_pairing_unresolved,alignment_and_analysis,C:\Users\ari30\research\2026_summer_research\outputs\reports\PLAN_2020_wav_duration_recovery_20260801.csv,approved,target_unresolved
2020,7b52204cdb2119b057e5d961ecd75ab33858a3f5a1323d5018d9649e24f53840,SDRW2000001179.1.1.203,audio_pairing_unresolved,alignment_and_analysis,C:\Users\ari30\research\2026_summer_research\outputs\reports\PLAN_2020_wav_duration_recovery_20260801.csv,approved,target_unresolved
2020,7b52204cdb2119b057e5d961ecd75ab33858a3f5a1323d5018d9649e24f53840,SDRW2000001179.1.1.204,audio_pairing_unresolved,alignment_and_analysis,C:\Users\ari30\research\2026_summer_research\outputs\reports\PLAN_2020_wav_duration_recovery_20260801.csv,approved,target_unresolved
2020,7b52204cdb2119b057e5d961ecd75ab33858a3f5a1323d5018d9649e24f53840,SDRW2000001179.1.1.223,audio_pairing_unresolved,alignment_and_analysis,C:\Users\ari30\research\2026_summer_research\outputs\reports\PLAN_2020_wav_duration_recovery_20260801.csv,approved,target_unresolved
2020,7b52204cdb2119b057e5d961ecd75ab33858a3f5a1323d5018d9649e24f53840,SDRW2000001179.1.1.224,audio_pairing_unresolved,alignment_and_analysis,C:\Users\ari30\research\2026_summer_research\outputs\reports\PLAN_2020_wav_duration_recovery_20260801.csv,approved,target_unresolved
2020,7b52204cdb2119b057e5d961ecd75ab33858a3f5a1323d5018d9649e24f53840,SDRW2000001179.1.1.257,audio_pairing_unresolved,alignment_and_analysis,C:\Users\ari30\research\2026_summer_research\outputs\reports\PLAN_2020_wav_duration_recovery_20260801.csv,approved,target_unresolved
2020,7b52204cdb2119b057e5d961ecd75ab33858a3f5a1323d5018d9649e24f53840,SDRW2000001179.1.1.258,audio_pairing_unresolved,alignment_and_analysis,C:\Users\ari30\research\2026_summer_research\outputs\reports\PLAN_2020_wav_duration_recovery_20260801.csv,approved,target_unresolved
2020,7b52204cdb2119b057e5d961ecd75ab33858a3f5a1323d5018d9649e24f53840,SDRW2000001179.1.1.32,audio_pairing_unresolved,alignment_and_analysis,C:\Users\ari30\research\2026_summer_research\outputs\reports\PLAN_2020_wav_duration_recovery_20260801.csv,approved,target_unresolved
2020,7b52204cdb2119b057e5d961ecd75ab33858a3f5a1323d5018d9649e24f53840,SDRW2000001179.1.1.33,audio_pairing_unresolved,alignment_and_analysis,C:\Users\ari30\research\2026_summer_research\outputs\reports\PLAN_2020_wav_duration_recovery_20260801.csv,approved,target_unresolved
2020,7b52204cdb2119b057e5d961ecd75ab33858a3f5a1323d5018d9649e24f53840,SDRW2000001179.1.1.48,audio_pairing_unresolved,alignment_and_analysis,C:\Users\ari30\research\2026_summer_research\outputs\reports\PLAN_2020_wav_duration_recovery_20260801.csv,approved,target_unresolved
2020,7b52204cdb2119b057e5d961ecd75ab33858a3f5a1323d5018d9649e24f53840,SDRW2000001179.1.1.49,audio_pairing_unresolved,alignment_and_analysis,C:\Users\ari30\research\2026_summer_research\outputs\reports\PLAN_2020_wav_duration_recovery_20260801.csv,approved,target_unresolved
2020,7b52204cdb2119b057e5d961ecd75ab33858a3f5a1323d5018d9649e24f53840,SDRW2000001179.1.1.77,audio_pairing_unresolved,alignment_and_analysis,C:\Users\ari30\research\2026_summer_research\outputs\reports\PLAN_2020_wav_duration_recovery_20260801.csv,approved,target_unresolved
2020,7b52204cdb2119b057e5d961ecd75ab33858a3f5a1323d5018d9649e24f53840,SDRW2000001179.1.1.78,audio_pairing_unresolved,alignment_and_analysis,C:\Users\ari30\research\2026_summer_research\outputs\reports\PLAN_2020_wav_duration_recovery_20260801.csv,approved,target_unresolved
2020,7b52204cdb2119b057e5d961ecd75ab33858a3f5a1323d5018d9649e24f53840,SDRW2000001179.1.1.84,audio_pairing_unresolved,alignment_and_analysis,C:\Users\ari30\research\2026_summer_research\outputs\reports\PLAN_2020_wav_duration_recovery_20260801.csv,approved,target_unresolved
2020,7b52204cdb2119b057e5d961ecd75ab33858a3f5a1323d5018d9649e24f53840,SDRW2000001179.1.1.85,audio_pairing_unresolved,alignment_and_analysis,C:\Users\ari30\research\2026_summer_research\outputs\reports\PLAN_2020_wav_duration_recovery_20260801.csv,approved,target_unresolved
2020,7b52204cdb2119b057e5d961ecd75ab33858a3f5a1323d5018d9649e24f53840,SDRW2000001180.1.1.118,audio_pairing_unresolved,alignment_and_analysis,C:\Users\ari30\research\2026_summer_research\outputs\reports\PLAN_2020_wav_duration_recovery_20260801.csv,approved,target_unresolved
2020,7b52204cdb2119b057e5d961ecd75ab33858a3f5a1323d5018d9649e24f53840,SDRW2000001180.1.1.119,audio_pairing_unresolved,alignment_and_analysis,C:\Users\ari30\research\2026_summer_research\outputs\reports\PLAN_2020_wav_duration_recovery_20260801.csv,approved,target_unresolved
2020,7b52204cdb2119b057e5d961ecd75ab33858a3f5a1323d5018d9649e24f53840,SDRW2000001180.1.1.156,audio_pairing_unresolved,alignment_and_analysis,C:\Users\ari30\research\2026_summer_research\outputs\reports\PLAN_2020_wav_duration_recovery_20260801.csv,approved,target_unresolved
2020,7b52204cdb2119b057e5d961ecd75ab33858a3f5a1323d5018d9649e24f53840,SDRW2000001180.1.1.216,audio_pairing_unresolved,alignment_and_analysis,C:\Users\ari30\research\2026_summer_research\outputs\reports\PLAN_2020_wav_duration_recovery_20260801.csv,approved,target_unresolved
2020,7b52204cdb2119b057e5d961ecd75ab33858a3f5a1323d5018d9649e24f53840,SDRW2000001180.1.1.217,audio_pairing_unresolved,alignment_and_analysis,C:\Users\ari30\research\2026_summer_research\outputs\reports\PLAN_2020_wav_duration_recovery_20260801.csv,approved,target_unresolved
2020,7b52204cdb2119b057e5d961ecd75ab33858a3f5a1323d5018d9649e24f53840,SDRW2000001180.1.1.242,audio_pairing_unresolved,alignment_and_analysis,C:\Users\ari30\research\2026_summer_research\outputs\reports\PLAN_2020_wav_duration_recovery_20260801.csv,approved,target_unresolved
2020,7b52204cdb2119b057e5d961ecd75ab33858a3f5a1323d5018d9649e24f53840,SDRW2000001180.1.1.243,audio_pairing_unresolved,alignment_and_analysis,C:\Users\ari30\research\2026_summer_research\outputs\reports\PLAN_2020_wav_duration_recovery_20260801.csv,approved,target_unresolved
2020,7b52204cdb2119b057e5d961ecd75ab33858a3f5a1323d5018d9649e24f53840,SDRW2000001180.1.1.252,audio_pairing_unresolved,alignment_and_analysis,C:\Users\ari30\research\2026_summer_research\outputs\reports\PLAN_2020_wav_duration_recovery_20260801.csv,approved,target_unresolved
2020,7b52204cdb2119b057e5d961ecd75ab33858a3f5a1323d5018d9649e24f53840,SDRW2000001180.1.1.263,audio_pairing_unresolved,alignment_and_analysis,C:\Users\ari30\research\2026_summer_research\outputs\reports\PLAN_2020_wav_duration_recovery_20260801.csv,approved,target_unresolved
2020,7b52204cdb2119b057e5d961ecd75ab33858a3f5a1323d5018d9649e24f53840,SDRW2000001180.1.1.36,audio_pairing_unresolved,alignment_and_analysis,C:\Users\ari30\research\2026_summer_research\outputs\reports\PLAN_2020_wav_duration_recovery_20260801.csv,approved,target_unresolved
2020,7b52204cdb2119b057e5d961ecd75ab33858a3f5a1323d5018d9649e24f53840,SDRW2000001180.1.1.37,audio_pairing_unresolved,alignment_and_analysis,C:\Users\ari30\research\2026_summer_research\outputs\reports\PLAN_2020_wav_duration_recovery_20260801.csv,approved,target_unresolved
2020,7b52204cdb2119b057e5d961ecd75ab33858a3f5a1323d5018d9649e24f53840,SDRW2000001180.1.1.54,audio_pairing_unresolved,alignment_and_analysis,C:\Users\ari30\research\2026_summer_research\outputs\reports\PLAN_2020_wav_duration_recovery_20260801.csv,approved,target_unresolved
2020,7b52204cdb2119b057e5d961ecd75ab33858a3f5a1323d5018d9649e24f53840,SDRW2000001180.1.1.55,audio_pairing_unresolved,alignment_and_analysis,C:\Users\ari30\research\2026_summer_research\outputs\reports\PLAN_2020_wav_duration_recovery_20260801.csv,approved,target_unresolved
2020,7b52204cdb2119b057e5d961ecd75ab33858a3f5a1323d5018d9649e24f53840,SDRW2000001180.1.1.56,audio_pairing_unresolved,alignment_and_analysis,C:\Users\ari30\research\2026_summer_research\outputs\reports\PLAN_2020_wav_duration_recovery_20260801.csv,approved,target_unresolved
2020,7b52204cdb2119b057e5d961ecd75ab33858a3f5a1323d5018d9649e24f53840,SDRW2000001180.1.1.68,audio_pairing_unresolved,alignment_and_analysis,C:\Users\ari30\research\2026_summer_research\outputs\reports\PLAN_2020_wav_duration_recovery_20260801.csv,approved,target_unresolved
2020,7b52204cdb2119b057e5d961ecd75ab33858a3f5a1323d5018d9649e24f53840,SDRW2000001180.1.1.69,audio_pairing_unresolved,alignment_and_analysis,C:\Users\ari30\research\2026_summer_research\outputs\reports\PLAN_2020_wav_duration_recovery_20260801.csv,approved,target_unresolved
2020,7b52204cdb2119b057e5d961ecd75ab33858a3f5a1323d5018d9649e24f53840,SDRW2000001183.1.1.257,audio_pairing_unresolved,alignment_and_analysis,C:\Users\ari30\research\2026_summer_research\outputs\reports\PLAN_2020_wav_duration_recovery_20260801.csv,approved,target_unresolved
2020,7b52204cdb2119b057e5d961ecd75ab33858a3f5a1323d5018d9649e24f53840,SDRW2000001183.1.1.258,audio_pairing_unresolved,alignment_and_analysis,C:\Users\ari30\research\2026_summer_research\outputs\reports\PLAN_2020_wav_duration_recovery_20260801.csv,approved,target_unresolved
2020,7b52204cdb2119b057e5d961ecd75ab33858a3f5a1323d5018d9649e24f53840,SDRW2000001183.1.1.64,audio_pairing_unresolved,alignment_and_analysis,C:\Users\ari30\research\2026_summer_research\outputs\reports\PLAN_2020_wav_duration_recovery_20260801.csv,approved,target_unresolved
2020,7b52204cdb2119b057e5d961ecd75ab33858a3f5a1323d5018d9649e24f53840,SDRW2000001183.1.1.72,audio_pairing_unresolved,alignment_and_analysis,C:\Users\ari30\research\2026_summer_research\outputs\reports\PLAN_2020_wav_duration_recovery_20260801.csv,approved,target_unresolved
2020,7b52204cdb2119b057e5d961ecd75ab33858a3f5a1323d5018d9649e24f53840,SDRW2000001183.1.1.73,audio_pairing_unresolved,alignment_and_analysis,C:\Users\ari30\research\2026_summer_research\outputs\reports\PLAN_2020_wav_duration_recovery_20260801.csv,approved,target_unresolved
2020,7b52204cdb2119b057e5d961ecd75ab33858a3f5a1323d5018d9649e24f53840,SDRW2000001185.1.1.117,audio_pairing_unresolved,alignment_and_analysis,C:\Users\ari30\research\2026_summer_research\outputs\reports\PLAN_2020_wav_duration_recovery_20260801.csv,approved,target_unresolved
2020,7b52204cdb2119b057e5d961ecd75ab33858a3f5a1323d5018d9649e24f53840,SDRW2000001185.1.1.118,audio_pairing_unresolved,alignment_and_analysis,C:\Users\ari30\research\2026_summer_research\outputs\reports\PLAN_2020_wav_duration_recovery_20260801.csv,approved,target_unresolved
2020,7b52204cdb2119b057e5d961ecd75ab33858a3f5a1323d5018d9649e24f53840,SDRW2000001185.1.1.119,audio_pairing_unresolved,alignment_and_analysis,C:\Users\ari30\research\2026_summer_research\outputs\reports\PLAN_2020_wav_duration_recovery_20260801.csv,approved,target_unresolved
2020,7b52204cdb2119b057e5d961ecd75ab33858a3f5a1323d5018d9649e24f53840,SDRW2000001185.1.1.120,audio_pairing_unresolved,alignment_and_analysis,C:\Users\ari30\research\2026_summer_research\outputs\reports\PLAN_2020_wav_duration_recovery_20260801.csv,approved,target_unresolved
2020,7b52204cdb2119b057e5d961ecd75ab33858a3f5a1323d5018d9649e24f53840,SDRW2000001185.1.1.126,audio_pairing_unresolved,alignment_and_analysis,C:\Users\ari30\research\2026_summer_research\outputs\reports\PLAN_2020_wav_duration_recovery_20260801.csv,approved,target_unresolved
2020,7b52204cdb2119b057e5d961ecd75ab33858a3f5a1323d5018d9649e24f53840,SDRW2000001185.1.1.127,audio_pairing_unresolved,alignment_and_analysis,C:\Users\ari30\research\2026_summer_research\outputs\reports\PLAN_2020_wav_duration_recovery_20260801.csv,approved,target_unresolved
2020,7b52204cdb2119b057e5d961ecd75ab33858a3f5a1323d5018d9649e24f53840,SDRW2000001185.1.1.160,audio_pairing_unresolved,alignment_and_analysis,C:\Users\ari30\research\2026_summer_research\outputs\reports\PLAN_2020_wav_duration_recovery_20260801.csv,approved,target_unresolved
2020,7b52204cdb2119b057e5d961ecd75ab33858a3f5a1323d5018d9649e24f53840,SDRW2000001185.1.1.161,audio_pairing_unresolved,alignment_and_analysis,C:\Users\ari30\research\2026_summer_research\outputs\reports\PLAN_2020_wav_duration_recovery_20260801.csv,approved,target_unresolved
2020,7b52204cdb2119b057e5d961ecd75ab33858a3f5a1323d5018d9649e24f53840,SDRW2000001185.1.1.232,audio_pairing_unresolved,alignment_and_analysis,C:\Users\ari30\research\2026_summer_research\outputs\reports\PLAN_2020_wav_duration_recovery_20260801.csv,approved,target_unresolved
2020,7b52204cdb2119b057e5d961ecd75ab33858a3f5a1323d5018d9649e24f53840,SDRW2000001185.1.1.233,audio_pairing_unresolved,alignment_and_analysis,C:\Users\ari30\research\2026_summer_research\outputs\reports\PLAN_2020_wav_duration_recovery_20260801.csv,approved,target_unresolved
2020,7b52204cdb2119b057e5d961ecd75ab33858a3f5a1323d5018d9649e24f53840,SDRW2000001187.1.1.1,audio_pairing_unresolved,alignment_and_analysis,C:\Users\ari30\research\2026_summer_research\outputs\reports\PLAN_2020_wav_duration_recovery_20260801.csv,approved,ambiguous_short_match
2020,7b52204cdb2119b057e5d961ecd75ab33858a3f5a1323d5018d9649e24f53840,SDRW2000001187.1.1.134,audio_pairing_unresolved,alignment_and_analysis,C:\Users\ari30\research\2026_summer_research\outputs\reports\PLAN_2020_wav_duration_recovery_20260801.csv,approved,target_unresolved
2020,7b52204cdb2119b057e5d961ecd75ab33858a3f5a1323d5018d9649e24f53840,SDRW2000001187.1.1.135,audio_pairing_unresolved,alignment_and_analysis,C:\Users\ari30\research\2026_summer_research\outputs\reports\PLAN_2020_wav_duration_recovery_20260801.csv,approved,target_unresolved
2020,7b52204cdb2119b057e5d961ecd75ab33858a3f5a1323d5018d9649e24f53840,SDRW2000001187.1.1.155,audio_pairing_unresolved,alignment_and_analysis,C:\Users\ari30\research\2026_summer_research\outputs\reports\PLAN_2020_wav_duration_recovery_20260801.csv,approved,target_unresolved
2020,7b52204cdb2119b057e5d961ecd75ab33858a3f5a1323d5018d9649e24f53840,SDRW2000001187.1.1.156,audio_pairing_unresolved,alignment_and_analysis,C:\Users\ari30\research\2026_summer_research\outputs\reports\PLAN_2020_wav_duration_recovery_20260801.csv,approved,target_unresolved
2020,7b52204cdb2119b057e5d961ecd75ab33858a3f5a1323d5018d9649e24f53840,SDRW2000001187.1.1.172,audio_pairing_unresolved,alignment_and_analysis,C:\Users\ari30\research\2026_summer_research\outputs\reports\PLAN_2020_wav_duration_recovery_20260801.csv,approved,target_unresolved
2020,7b52204cdb2119b057e5d961ecd75ab33858a3f5a1323d5018d9649e24f53840,SDRW2000001187.1.1.173,audio_pairing_unresolved,alignment_and_analysis,C:\Users\ari30\research\2026_summer_research\outputs\reports\PLAN_2020_wav_duration_recovery_20260801.csv,approved,target_unresolved
2020,7b52204cdb2119b057e5d961ecd75ab33858a3f5a1323d5018d9649e24f53840,SDRW2000001187.1.1.184,audio_pairing_unresolved,alignment_and_analysis,C:\Users\ari30\research\2026_summer_research\outputs\reports\PLAN_2020_wav_duration_recovery_20260801.csv,approved,target_unresolved
2020,7b52204cdb2119b057e5d961ecd75ab33858a3f5a1323d5018d9649e24f53840,SDRW2000001187.1.1.185,audio_pairing_unresolved,alignment_and_analysis,C:\Users\ari30\research\2026_summer_research\outputs\reports\PLAN_2020_wav_duration_recovery_20260801.csv,approved,target_unresolved
2020,7b52204cdb2119b057e5d961ecd75ab33858a3f5a1323d5018d9649e24f53840,SDRW2000001187.1.1.190,audio_pairing_unresolved,alignment_and_analysis,C:\Users\ari30\research\2026_summer_research\outputs\reports\PLAN_2020_wav_duration_recovery_20260801.csv,approved,target_unresolved
2020,7b52204cdb2119b057e5d961ecd75ab33858a3f5a1323d5018d9649e24f53840,SDRW2000001187.1.1.2,audio_pairing_unresolved,alignment_and_analysis,C:\Users\ari30\research\2026_summer_research\outputs\reports\PLAN_2020_wav_duration_recovery_20260801.csv,approved,ambiguous_short_match
2020,7b52204cdb2119b057e5d961ecd75ab33858a3f5a1323d5018d9649e24f53840,SDRW2000001187.1.1.204,audio_pairing_unresolved,alignment_and_analysis,C:\Users\ari30\research\2026_summer_research\outputs\reports\PLAN_2020_wav_duration_recovery_20260801.csv,approved,target_unresolved
2020,7b52204cdb2119b057e5d961ecd75ab33858a3f5a1323d5018d9649e24f53840,SDRW2000001187.1.1.205,audio_pairing_unresolved,alignment_and_analysis,C:\Users\ari30\research\2026_summer_research\outputs\reports\PLAN_2020_wav_duration_recovery_20260801.csv,approved,target_unresolved
2020,7b52204cdb2119b057e5d961ecd75ab33858a3f5a1323d5018d9649e24f53840,SDRW2000001187.1.1.3,audio_pairing_unresolved,alignment_and_analysis,C:\Users\ari30\research\2026_summer_research\outputs\reports\PLAN_2020_wav_duration_recovery_20260801.csv,approved,target_unresolved
2020,7b52204cdb2119b057e5d961ecd75ab33858a3f5a1323d5018d9649e24f53840,SDRW2000001187.1.1.33,audio_pairing_unresolved,alignment_and_analysis,C:\Users\ari30\research\2026_summer_research\outputs\reports\PLAN_2020_wav_duration_recovery_20260801.csv,approved,target_unresolved
2020,7b52204cdb2119b057e5d961ecd75ab33858a3f5a1323d5018d9649e24f53840,SDRW2000001187.1.1.34,audio_pairing_unresolved,alignment_and_analysis,C:\Users\ari30\research\2026_summer_research\outputs\reports\PLAN_2020_wav_duration_recovery_20260801.csv,approved,target_unresolved
2020,7b52204cdb2119b057e5d961ecd75ab33858a3f5a1323d5018d9649e24f53840,SDRW2000001187.1.1.4,audio_pairing_unresolved,alignment_and_analysis,C:\Users\ari30\research\2026_summer_research\outputs\reports\PLAN_2020_wav_duration_recovery_20260801.csv,approved,target_unresolved
2020,7b52204cdb2119b057e5d961ecd75ab33858a3f5a1323d5018d9649e24f53840,SDRW2000001187.1.1.81,audio_pairing_unresolved,alignment_and_analysis,C:\Users\ari30\research\2026_summer_research\outputs\reports\PLAN_2020_wav_duration_recovery_20260801.csv,approved,target_unresolved
2020,7b52204cdb2119b057e5d961ecd75ab33858a3f5a1323d5018d9649e24f53840,SDRW2000001188.1.1.1,audio_pairing_unresolved,alignment_and_analysis,C:\Users\ari30\research\2026_summer_research\outputs\reports\PLAN_2020_wav_duration_recovery_20260801.csv,approved,target_unresolved
2020,7b52204cdb2119b057e5d961ecd75ab33858a3f5a1323d5018d9649e24f53840,SDRW2000001188.1.1.121,audio_pairing_unresolved,alignment_and_analysis,C:\Users\ari30\research\2026_summer_research\outputs\reports\PLAN_2020_wav_duration_recovery_20260801.csv,approved,target_unresolved
2020,7b52204cdb2119b057e5d961ecd75ab33858a3f5a1323d5018d9649e24f53840,SDRW2000001188.1.1.122,audio_pairing_unresolved,alignment_and_analysis,C:\Users\ari30\research\2026_summer_research\outputs\reports\PLAN_2020_wav_duration_recovery_20260801.csv,approved,target_unresolved
2020,7b52204cdb2119b057e5d961ecd75ab33858a3f5a1323d5018d9649e24f53840,SDRW2000001188.1.1.123,audio_pairing_unresolved,alignment_and_analysis,C:\Users\ari30\research\2026_summer_research\outputs\reports\PLAN_2020_wav_duration_recovery_20260801.csv,approved,ambiguous_short_match
2020,7b52204cdb2119b057e5d961ecd75ab33858a3f5a1323d5018d9649e24f53840,SDRW2000001188.1.1.124,audio_pairing_unresolved,alignment_and_analysis,C:\Users\ari30\research\2026_summer_research\outputs\reports\PLAN_2020_wav_duration_recovery_20260801.csv,approved,ambiguous_short_match
2020,7b52204cdb2119b057e5d961ecd75ab33858a3f5a1323d5018d9649e24f53840,SDRW2000001188.1.1.125,audio_pairing_unresolved,alignment_and_analysis,C:\Users\ari30\research\2026_summer_research\outputs\reports\PLAN_2020_wav_duration_recovery_20260801.csv,approved,target_unresolved
2020,7b52204cdb2119b057e5d961ecd75ab33858a3f5a1323d5018d9649e24f53840,SDRW2000001188.1.1.126,audio_pairing_unresolved,alignment_and_analysis,C:\Users\ari30\research\2026_summer_research\outputs\reports\PLAN_2020_wav_duration_recovery_20260801.csv,approved,target_unresolved
2020,7b52204cdb2119b057e5d961ecd75ab33858a3f5a1323d5018d9649e24f53840,SDRW2000001188.1.1.127,audio_pairing_unresolved,alignment_and_analysis,C:\Users\ari30\research\2026_summer_research\outputs\reports\PLAN_2020_wav_duration_recovery_20260801.csv,approved,ambiguous_short_match
2020,7b52204cdb2119b057e5d961ecd75ab33858a3f5a1323d5018d9649e24f53840,SDRW2000001188.1.1.128,audio_pairing_unresolved,alignment_and_analysis,C:\Users\ari30\research\2026_summer_research\outputs\reports\PLAN_2020_wav_duration_recovery_20260801.csv,approved,target_unresolved
2020,7b52204cdb2119b057e5d961ecd75ab33858a3f5a1323d5018d9649e24f53840,SDRW2000001188.1.1.129,audio_pairing_unresolved,alignment_and_analysis,C:\Users\ari30\research\2026_summer_research\outputs\reports\PLAN_2020_wav_duration_recovery_20260801.csv,approved,target_unresolved
2020,7b52204cdb2119b057e5d961ecd75ab33858a3f5a1323d5018d9649e24f53840,SDRW2000001188.1.1.130,audio_pairing_unresolved,alignment_and_analysis,C:\Users\ari30\research\2026_summer_research\outputs\reports\PLAN_2020_wav_duration_recovery_20260801.csv,approved,target_unresolved
2020,7b52204cdb2119b057e5d961ecd75ab33858a3f5a1323d5018d9649e24f53840,SDRW2000001188.1.1.14,audio_pairing_unresolved,alignment_and_analysis,C:\Users\ari30\research\2026_summer_research\outputs\reports\PLAN_2020_wav_duration_recovery_20260801.csv,approved,target_unresolved
2020,7b52204cdb2119b057e5d961ecd75ab33858a3f5a1323d5018d9649e24f53840,SDRW2000001188.1.1.143,audio_pairing_unresolved,alignment_and_analysis,C:\Users\ari30\research\2026_summer_research\outputs\reports\PLAN_2020_wav_duration_recovery_20260801.csv,approved,target_unresolved
2020,7b52204cdb2119b057e5d961ecd75ab33858a3f5a1323d5018d9649e24f53840,SDRW2000001188.1.1.15,audio_pairing_unresolved,alignment_and_analysis,C:\Users\ari30\research\2026_summer_research\outputs\reports\PLAN_2020_wav_duration_recovery_20260801.csv,approved,target_unresolved
2020,7b52204cdb2119b057e5d961ecd75ab33858a3f5a1323d5018d9649e24f53840,SDRW2000001188.1.1.153,audio_pairing_unresolved,alignment_and_analysis,C:\Users\ari30\research\2026_summer_research\outputs\reports\PLAN_2020_wav_duration_recovery_20260801.csv,approved,target_unresolved
2020,7b52204cdb2119b057e5d961ecd75ab33858a3f5a1323d5018d9649e24f53840,SDRW2000001188.1.1.154,audio_pairing_unresolved,alignment_and_analysis,C:\Users\ari30\research\2026_summer_research\outputs\reports\PLAN_2020_wav_duration_recovery_20260801.csv,approved,target_unresolved
2020,7b52204cdb2119b057e5d961ecd75ab33858a3f5a1323d5018d9649e24f53840,SDRW2000001188.1.1.155,audio_pairing_unresolved,alignment_and_analysis,C:\Users\ari30\research\2026_summer_research\outputs\reports\PLAN_2020_wav_duration_recovery_20260801.csv,approved,ambiguous_short_match
2020,7b52204cdb2119b057e5d961ecd75ab33858a3f5a1323d5018d9649e24f53840,SDRW2000001188.1.1.156,audio_pairing_unresolved,alignment_and_analysis,C:\Users\ari30\research\2026_summer_research\outputs\reports\PLAN_2020_wav_duration_recovery_20260801.csv,approved,ambiguous_short_match
2020,7b52204cdb2119b057e5d961ecd75ab33858a3f5a1323d5018d9649e24f53840,SDRW2000001188.1.1.157,audio_pairing_unresolved,alignment_and_analysis,C:\Users\ari30\research\2026_summer_research\outputs\reports\PLAN_2020_wav_duration_recovery_20260801.csv,approved,target_unresolved
2020,7b52204cdb2119b057e5d961ecd75ab33858a3f5a1323d5018d9649e24f53840,SDRW2000001188.1.1.16,audio_pairing_unresolved,alignment_and_analysis,C:\Users\ari30\research\2026_summer_research\outputs\reports\PLAN_2020_wav_duration_recovery_20260801.csv,approved,ambiguous_short_match
2020,7b52204cdb2119b057e5d961ecd75ab33858a3f5a1323d5018d9649e24f53840,SDRW2000001188.1.1.17,audio_pairing_unresolved,alignment_and_analysis,C:\Users\ari30\research\2026_summer_research\outputs\reports\PLAN_2020_wav_duration_recovery_20260801.csv,approved,ambiguous_short_match
2020,7b52204cdb2119b057e5d961ecd75ab33858a3f5a1323d5018d9649e24f53840,SDRW2000001188.1.1.18,audio_pairing_unresolved,alignment_and_analysis,C:\Users\ari30\research\2026_summer_research\outputs\reports\PLAN_2020_wav_duration_recovery_20260801.csv,approved,target_unresolved
2020,7b52204cdb2119b057e5d961ecd75ab33858a3f5a1323d5018d9649e24f53840,SDRW2000001188.1.1.19,audio_pairing_unresolved,alignment_and_analysis,C:\Users\ari30\research\2026_summer_research\outputs\reports\PLAN_2020_wav_duration_recovery_20260801.csv,approved,target_unresolved
2020,7b52204cdb2119b057e5d961ecd75ab33858a3f5a1323d5018d9649e24f53840,SDRW2000001188.1.1.2,audio_pairing_unresolved,alignment_and_analysis,C:\Users\ari30\research\2026_summer_research\outputs\reports\PLAN_2020_wav_duration_recovery_20260801.csv,approved,target_unresolved
2020,7b52204cdb2119b057e5d961ecd75ab33858a3f5a1323d5018d9649e24f53840,SDRW2000001188.1.1.20,audio_pairing_unresolved,alignment_and_analysis,C:\Users\ari30\research\2026_summer_research\outputs\reports\PLAN_2020_wav_duration_recovery_20260801.csv,approved,target_unresolved
2020,7b52204cdb2119b057e5d961ecd75ab33858a3f5a1323d5018d9649e24f53840,SDRW2000001188.1.1.21,audio_pairing_unresolved,alignment_and_analysis,C:\Users\ari30\research\2026_summer_research\outputs\reports\PLAN_2020_wav_duration_recovery_20260801.csv,approved,target_unresolved
2020,7b52204cdb2119b057e5d961ecd75ab33858a3f5a1323d5018d9649e24f53840,SDRW2000001188.1.1.35,audio_pairing_unresolved,alignment_and_analysis,C:\Users\ari30\research\2026_summer_research\outputs\reports\PLAN_2020_wav_duration_recovery_20260801.csv,approved,target_unresolved
2020,7b52204cdb2119b057e5d961ecd75ab33858a3f5a1323d5018d9649e24f53840,SDRW2000001188.1.1.36,audio_pairing_unresolved,alignment_and_analysis,C:\Users\ari30\research\2026_summer_research\outputs\reports\PLAN_2020_wav_duration_recovery_20260801.csv,approved,target_unresolved
2020,7b52204cdb2119b057e5d961ecd75ab33858a3f5a1323d5018d9649e24f53840,SDRW2000001188.1.1.51,audio_pairing_unresolved,alignment_and_analysis,C:\Users\ari30\research\2026_summer_research\outputs\reports\PLAN_2020_wav_duration_recovery_20260801.csv,approved,target_unresolved
2020,7b52204cdb2119b057e5d961ecd75ab33858a3f5a1323d5018d9649e24f53840,SDRW2000001188.1.1.52,audio_pairing_unresolved,alignment_and_analysis,C:\Users\ari30\research\2026_summer_research\outputs\reports\PLAN_2020_wav_duration_recovery_20260801.csv,approved,target_unresolved
2020,7b52204cdb2119b057e5d961ecd75ab33858a3f5a1323d5018d9649e24f53840,SDRW2000001188.1.1.64,audio_pairing_unresolved,alignment_and_analysis,C:\Users\ari30\research\2026_summer_research\outputs\reports\PLAN_2020_wav_duration_recovery_20260801.csv,approved,target_unresolved
2020,7b52204cdb2119b057e5d961ecd75ab33858a3f5a1323d5018d9649e24f53840,SDRW2000001188.1.1.65,audio_pairing_unresolved,alignment_and_analysis,C:\Users\ari30\research\2026_summer_research\outputs\reports\PLAN_2020_wav_duration_recovery_20260801.csv,approved,target_unresolved
2020,7b52204cdb2119b057e5d961ecd75ab33858a3f5a1323d5018d9649e24f53840,SDRW2000001188.1.1.79,audio_pairing_unresolved,alignment_and_analysis,C:\Users\ari30\research\2026_summer_research\outputs\reports\PLAN_2020_wav_duration_recovery_20260801.csv,approved,target_unresolved
2020,7b52204cdb2119b057e5d961ecd75ab33858a3f5a1323d5018d9649e24f53840,SDRW2000001199.1.1.1,audio_pairing_unresolved,alignment_and_analysis,C:\Users\ari30\research\2026_summer_research\outputs\reports\PLAN_2020_wav_duration_recovery_20260801.csv,approved,ambiguous_short_match
2020,7b52204cdb2119b057e5d961ecd75ab33858a3f5a1323d5018d9649e24f53840,SDRW2000001199.1.1.135,audio_pairing_unresolved,alignment_and_analysis,C:\Users\ari30\research\2026_summer_research\outputs\reports\PLAN_2020_wav_duration_recovery_20260801.csv,approved,target_unresolved
2020,7b52204cdb2119b057e5d961ecd75ab33858a3f5a1323d5018d9649e24f53840,SDRW2000001199.1.1.136,audio_pairing_unresolved,alignment_and_analysis,C:\Users\ari30\research\2026_summer_research\outputs\reports\PLAN_2020_wav_duration_recovery_20260801.csv,approved,target_unresolved
2020,7b52204cdb2119b057e5d961ecd75ab33858a3f5a1323d5018d9649e24f53840,SDRW2000001199.1.1.137,audio_pairing_unresolved,alignment_and_analysis,C:\Users\ari30\research\2026_summer_research\outputs\reports\PLAN_2020_wav_duration_recovery_20260801.csv,approved,target_unresolved
2020,7b52204cdb2119b057e5d961ecd75ab33858a3f5a1323d5018d9649e24f53840,SDRW2000001199.1.1.2,audio_pairing_unresolved,alignment_and_analysis,C:\Users\ari30\research\2026_summer_research\outputs\reports\PLAN_2020_wav_duration_recovery_20260801.csv,approved,target_unresolved
2020,7b52204cdb2119b057e5d961ecd75ab33858a3f5a1323d5018d9649e24f53840,SDRW2000001199.1.1.209,audio_pairing_unresolved,alignment_and_analysis,C:\Users\ari30\research\2026_summer_research\outputs\reports\PLAN_2020_wav_duration_recovery_20260801.csv,approved,target_unresolved
2020,7b52204cdb2119b057e5d961ecd75ab33858a3f5a1323d5018d9649e24f53840,SDRW2000001199.1.1.210,audio_pairing_unresolved,alignment_and_analysis,C:\Users\ari30\research\2026_summer_research\outputs\reports\PLAN_2020_wav_duration_recovery_20260801.csv,approved,target_unresolved
2020,7b52204cdb2119b057e5d961ecd75ab33858a3f5a1323d5018d9649e24f53840,SDRW2000001199.1.1.234,audio_pairing_unresolved,alignment_and_analysis,C:\Users\ari30\research\2026_summer_research\outputs\reports\PLAN_2020_wav_duration_recovery_20260801.csv,approved,target_unresolved
2020,7b52204cdb2119b057e5d961ecd75ab33858a3f5a1323d5018d9649e24f53840,SDRW2000001199.1.1.235,audio_pairing_unresolved,alignment_and_analysis,C:\Users\ari30\research\2026_summer_research\outputs\reports\PLAN_2020_wav_duration_recovery_20260801.csv,approved,target_unresolved
2020,7b52204cdb2119b057e5d961ecd75ab33858a3f5a1323d5018d9649e24f53840,SDRW2000001199.1.1.266,audio_pairing_unresolved,alignment_and_analysis,C:\Users\ari30\research\2026_summer_research\outputs\reports\PLAN_2020_wav_duration_recovery_20260801.csv,approved,target_unresolved
2020,7b52204cdb2119b057e5d961ecd75ab33858a3f5a1323d5018d9649e24f53840,SDRW2000001199.1.1.267,audio_pairing_unresolved,alignment_and_analysis,C:\Users\ari30\research\2026_summer_research\outputs\reports\PLAN_2020_wav_duration_recovery_20260801.csv,approved,target_unresolved
2020,7b52204cdb2119b057e5d961ecd75ab33858a3f5a1323d5018d9649e24f53840,SDRW2000001199.1.1.3,audio_pairing_unresolved,alignment_and_analysis,C:\Users\ari30\research\2026_summer_research\outputs\reports\PLAN_2020_wav_duration_recovery_20260801.csv,approved,target_unresolved
2020,7b52204cdb2119b057e5d961ecd75ab33858a3f5a1323d5018d9649e24f53840,SDRW2000001199.1.1.374,audio_pairing_unresolved,alignment_and_analysis,C:\Users\ari30\research\2026_summer_research\outputs\reports\PLAN_2020_wav_duration_recovery_20260801.csv,approved,target_unresolved
2020,7b52204cdb2119b057e5d961ecd75ab33858a3f5a1323d5018d9649e24f53840,SDRW2000001199.1.1.375,audio_pairing_unresolved,alignment_and_analysis,C:\Users\ari30\research\2026_summer_research\outputs\reports\PLAN_2020_wav_duration_recovery_20260801.csv,approved,target_unresolved
2020,7b52204cdb2119b057e5d961ecd75ab33858a3f5a1323d5018d9649e24f53840,SDRW2000001199.1.1.376,audio_pairing_unresolved,alignment_and_analysis,C:\Users\ari30\research\2026_summer_research\outputs\reports\PLAN_2020_wav_duration_recovery_20260801.csv,approved,target_unresolved
2020,7b52204cdb2119b057e5d961ecd75ab33858a3f5a1323d5018d9649e24f53840,SDRW2000001199.1.1.390,audio_pairing_unresolved,alignment_and_analysis,C:\Users\ari30\research\2026_summer_research\outputs\reports\PLAN_2020_wav_duration_recovery_20260801.csv,approved,target_unresolved
2020,7b52204cdb2119b057e5d961ecd75ab33858a3f5a1323d5018d9649e24f53840,SDRW2000001199.1.1.391,audio_pairing_unresolved,alignment_and_analysis,C:\Users\ari30\research\2026_summer_research\outputs\reports\PLAN_2020_wav_duration_recovery_20260801.csv,approved,target_unresolved
2020,7b52204cdb2119b057e5d961ecd75ab33858a3f5a1323d5018d9649e24f53840,SDRW2000001199.1.1.40,audio_pairing_unresolved,alignment_and_analysis,C:\Users\ari30\research\2026_summer_research\outputs\reports\PLAN_2020_wav_duration_recovery_20260801.csv,approved,target_unresolved
2020,7b52204cdb2119b057e5d961ecd75ab33858a3f5a1323d5018d9649e24f53840,SDRW2000001199.1.1.41,audio_pairing_unresolved,alignment_and_analysis,C:\Users\ari30\research\2026_summer_research\outputs\reports\PLAN_2020_wav_duration_recovery_20260801.csv,approved,target_unresolved
2020,7b52204cdb2119b057e5d961ecd75ab33858a3f5a1323d5018d9649e24f53840,SDRW2000001199.1.1.428,audio_pairing_unresolved,alignment_and_analysis,C:\Users\ari30\research\2026_summer_research\outputs\reports\PLAN_2020_wav_duration_recovery_20260801.csv,approved,target_unresolved
2020,7b52204cdb2119b057e5d961ecd75ab33858a3f5a1323d5018d9649e24f53840,SDRW2000001199.1.1.73,audio_pairing_unresolved,alignment_and_analysis,C:\Users\ari30\research\2026_summer_research\outputs\reports\PLAN_2020_wav_duration_recovery_20260801.csv,approved,target_unresolved
2020,7b52204cdb2119b057e5d961ecd75ab33858a3f5a1323d5018d9649e24f53840,SDRW2000001199.1.1.74,audio_pairing_unresolved,alignment_and_analysis,C:\Users\ari30\research\2026_summer_research\outputs\reports\PLAN_2020_wav_duration_recovery_20260801.csv,approved,target_unresolved
2020,7b52204cdb2119b057e5d961ecd75ab33858a3f5a1323d5018d9649e24f53840,SDRW2000001201.1.1.191,audio_pairing_unresolved,alignment_and_analysis,C:\Users\ari30\research\2026_summer_research\outputs\reports\PLAN_2020_wav_duration_recovery_20260801.csv,approved,target_unresolved
2020,7b52204cdb2119b057e5d961ecd75ab33858a3f5a1323d5018d9649e24f53840,SDRW2000001201.1.1.263,audio_pairing_unresolved,alignment_and_analysis,C:\Users\ari30\research\2026_summer_research\outputs\reports\PLAN_2020_wav_duration_recovery_20260801.csv,approved,target_unresolved
2020,7b52204cdb2119b057e5d961ecd75ab33858a3f5a1323d5018d9649e24f53840,SDRW2000001201.1.1.264,audio_pairing_unresolved,alignment_and_analysis,C:\Users\ari30\research\2026_summer_research\outputs\reports\PLAN_2020_wav_duration_recovery_20260801.csv,approved,target_unresolved
2020,7b52204cdb2119b057e5d961ecd75ab33858a3f5a1323d5018d9649e24f53840,SDRW2000001201.1.1.27,audio_pairing_unresolved,alignment_and_analysis,C:\Users\ari30\research\2026_summer_research\outputs\reports\PLAN_2020_wav_duration_recovery_20260801.csv,approved,target_unresolved
2020,7b52204cdb2119b057e5d961ecd75ab33858a3f5a1323d5018d9649e24f53840,SDRW2000001201.1.1.277,audio_pairing_unresolved,alignment_and_analysis,C:\Users\ari30\research\2026_summer_research\outputs\reports\PLAN_2020_wav_duration_recovery_20260801.csv,approved,target_unresolved
2020,7b52204cdb2119b057e5d961ecd75ab33858a3f5a1323d5018d9649e24f53840,SDRW2000001201.1.1.278,audio_pairing_unresolved,alignment_and_analysis,C:\Users\ari30\research\2026_summer_research\outputs\reports\PLAN_2020_wav_duration_recovery_20260801.csv,approved,target_unresolved
2020,7b52204cdb2119b057e5d961ecd75ab33858a3f5a1323d5018d9649e24f53840,SDRW2000001201.1.1.28,audio_pairing_unresolved,alignment_and_analysis,C:\Users\ari30\research\2026_summer_research\outputs\reports\PLAN_2020_wav_duration_recovery_20260801.csv,approved,target_unresolved
2020,7b52204cdb2119b057e5d961ecd75ab33858a3f5a1323d5018d9649e24f53840,SDRW2000001201.1.1.332,audio_pairing_unresolved,alignment_and_analysis,C:\Users\ari30\research\2026_summer_research\outputs\reports\PLAN_2020_wav_duration_recovery_20260801.csv,approved,target_unresolved
2020,7b52204cdb2119b057e5d961ecd75ab33858a3f5a1323d5018d9649e24f53840,SDRW2000001201.1.1.333,audio_pairing_unresolved,alignment_and_analysis,C:\Users\ari30\research\2026_summer_research\outputs\reports\PLAN_2020_wav_duration_recovery_20260801.csv,approved,target_unresolved
2020,7b52204cdb2119b057e5d961ecd75ab33858a3f5a1323d5018d9649e24f53840,SDRW2000001201.1.1.404,audio_pairing_unresolved,alignment_and_analysis,C:\Users\ari30\research\2026_summer_research\outputs\reports\PLAN_2020_wav_duration_recovery_20260801.csv,approved,target_unresolved
2020,7b52204cdb2119b057e5d961ecd75ab33858a3f5a1323d5018d9649e24f53840,SDRW2000001201.1.1.5,audio_pairing_unresolved,alignment_and_analysis,C:\Users\ari30\research\2026_summer_research\outputs\reports\PLAN_2020_wav_duration_recovery_20260801.csv,approved,target_unresolved
2020,7b52204cdb2119b057e5d961ecd75ab33858a3f5a1323d5018d9649e24f53840,SDRW2000001201.1.1.6,audio_pairing_unresolved,alignment_and_analysis,C:\Users\ari30\research\2026_summer_research\outputs\reports\PLAN_2020_wav_duration_recovery_20260801.csv,approved,target_unresolved
2020,7b52204cdb2119b057e5d961ecd75ab33858a3f5a1323d5018d9649e24f53840,SDRW2000001201.1.1.90,audio_pairing_unresolved,alignment_and_analysis,C:\Users\ari30\research\2026_summer_research\outputs\reports\PLAN_2020_wav_duration_recovery_20260801.csv,approved,target_unresolved
2020,7b52204cdb2119b057e5d961ecd75ab33858a3f5a1323d5018d9649e24f53840,SDRW2000001201.1.1.91,audio_pairing_unresolved,alignment_and_analysis,C:\Users\ari30\research\2026_summer_research\outputs\reports\PLAN_2020_wav_duration_recovery_20260801.csv,approved,target_unresolved
2020,7b52204cdb2119b057e5d961ecd75ab33858a3f5a1323d5018d9649e24f53840,SDRW2000001202.1.1.106,audio_pairing_unresolved,alignment_and_analysis,C:\Users\ari30\research\2026_summer_research\outputs\reports\PLAN_2020_wav_duration_recovery_20260801.csv,approved,target_unresolved
2020,7b52204cdb2119b057e5d961ecd75ab33858a3f5a1323d5018d9649e24f53840,SDRW2000001202.1.1.154,audio_pairing_unresolved,alignment_and_analysis,C:\Users\ari30\research\2026_summer_research\outputs\reports\PLAN_2020_wav_duration_recovery_20260801.csv,approved,target_unresolved
2020,7b52204cdb2119b057e5d961ecd75ab33858a3f5a1323d5018d9649e24f53840,SDRW2000001202.1.1.176,audio_pairing_unresolved,alignment_and_analysis,C:\Users\ari30\research\2026_summer_research\outputs\reports\PLAN_2020_wav_duration_recovery_20260801.csv,approved,target_unresolved
2020,7b52204cdb2119b057e5d961ecd75ab33858a3f5a1323d5018d9649e24f53840,SDRW2000001202.1.1.177,audio_pairing_unresolved,alignment_and_analysis,C:\Users\ari30\research\2026_summer_research\outputs\reports\PLAN_2020_wav_duration_recovery_20260801.csv,approved,target_unresolved
2020,7b52204cdb2119b057e5d961ecd75ab33858a3f5a1323d5018d9649e24f53840,SDRW2000001202.1.1.243,audio_pairing_unresolved,alignment_and_analysis,C:\Users\ari30\research\2026_summer_research\outputs\reports\PLAN_2020_wav_duration_recovery_20260801.csv,approved,target_unresolved
2020,7b52204cdb2119b057e5d961ecd75ab33858a3f5a1323d5018d9649e24f53840,SDRW2000001202.1.1.244,audio_pairing_unresolved,alignment_and_analysis,C:\Users\ari30\research\2026_summer_research\outputs\reports\PLAN_2020_wav_duration_recovery_20260801.csv,approved,target_unresolved
2020,7b52204cdb2119b057e5d961ecd75ab33858a3f5a1323d5018d9649e24f53840,SDRW2000001202.1.1.261,audio_pairing_unresolved,alignment_and_analysis,C:\Users\ari30\research\2026_summer_research\outputs\reports\PLAN_2020_wav_duration_recovery_20260801.csv,approved,target_unresolved
2020,7b52204cdb2119b057e5d961ecd75ab33858a3f5a1323d5018d9649e24f53840,SDRW2000001202.1.1.262,audio_pairing_unresolved,alignment_and_analysis,C:\Users\ari30\research\2026_summer_research\outputs\reports\PLAN_2020_wav_duration_recovery_20260801.csv,approved,target_unresolved
2020,7b52204cdb2119b057e5d961ecd75ab33858a3f5a1323d5018d9649e24f53840,SDRW2000001202.1.1.337,audio_pairing_unresolved,alignment_and_analysis,C:\Users\ari30\research\2026_summer_research\outputs\reports\PLAN_2020_wav_duration_recovery_20260801.csv,approved,target_unresolved
2020,7b52204cdb2119b057e5d961ecd75ab33858a3f5a1323d5018d9649e24f53840,SDRW2000001202.1.1.338,audio_pairing_unresolved,alignment_and_analysis,C:\Users\ari30\research\2026_summer_research\outputs\reports\PLAN_2020_wav_duration_recovery_20260801.csv,approved,target_unresolved
2020,7b52204cdb2119b057e5d961ecd75ab33858a3f5a1323d5018d9649e24f53840,SDRW2000001202.1.1.381,audio_pairing_unresolved,alignment_and_analysis,C:\Users\ari30\research\2026_summer_research\outputs\reports\PLAN_2020_wav_duration_recovery_20260801.csv,approved,target_unresolved
2020,7b52204cdb2119b057e5d961ecd75ab33858a3f5a1323d5018d9649e24f53840,SDRW2000001202.1.1.382,audio_pairing_unresolved,alignment_and_analysis,C:\Users\ari30\research\2026_summer_research\outputs\reports\PLAN_2020_wav_duration_recovery_20260801.csv,approved,target_unresolved
2020,7b52204cdb2119b057e5d961ecd75ab33858a3f5a1323d5018d9649e24f53840,SDRW2000001202.1.1.4,audio_pairing_unresolved,alignment_and_analysis,C:\Users\ari30\research\2026_summer_research\outputs\reports\PLAN_2020_wav_duration_recovery_20260801.csv,approved,target_unresolved
2020,7b52204cdb2119b057e5d961ecd75ab33858a3f5a1323d5018d9649e24f53840,SDRW2000001202.1.1.400,audio_pairing_unresolved,alignment_and_analysis,C:\Users\ari30\research\2026_summer_research\outputs\reports\PLAN_2020_wav_duration_recovery_20260801.csv,approved,target_unresolved
2020,7b52204cdb2119b057e5d961ecd75ab33858a3f5a1323d5018d9649e24f53840,SDRW2000001202.1.1.401,audio_pairing_unresolved,alignment_and_analysis,C:\Users\ari30\research\2026_summer_research\outputs\reports\PLAN_2020_wav_duration_recovery_20260801.csv,approved,target_unresolved
2020,7b52204cdb2119b057e5d961ecd75ab33858a3f5a1323d5018d9649e24f53840,SDRW2000001202.1.1.435,audio_pairing_unresolved,alignment_and_analysis,C:\Users\ari30\research\2026_summer_research\outputs\reports\PLAN_2020_wav_duration_recovery_20260801.csv,approved,ambiguous_short_match
2020,7b52204cdb2119b057e5d961ecd75ab33858a3f5a1323d5018d9649e24f53840,SDRW2000001208.1.1.132,audio_pairing_unresolved,alignment_and_analysis,C:\Users\ari30\research\2026_summer_research\outputs\reports\PLAN_2020_wav_duration_recovery_20260801.csv,approved,target_unresolved
2020,7b52204cdb2119b057e5d961ecd75ab33858a3f5a1323d5018d9649e24f53840,SDRW2000001208.1.1.133,audio_pairing_unresolved,alignment_and_analysis,C:\Users\ari30\research\2026_summer_research\outputs\reports\PLAN_2020_wav_duration_recovery_20260801.csv,approved,target_unresolved
2020,7b52204cdb2119b057e5d961ecd75ab33858a3f5a1323d5018d9649e24f53840,SDRW2000001208.1.1.153,audio_pairing_unresolved,alignment_and_analysis,C:\Users\ari30\research\2026_summer_research\outputs\reports\PLAN_2020_wav_duration_recovery_20260801.csv,approved,target_unresolved
2020,7b52204cdb2119b057e5d961ecd75ab33858a3f5a1323d5018d9649e24f53840,SDRW2000001208.1.1.158,audio_pairing_unresolved,alignment_and_analysis,C:\Users\ari30\research\2026_summer_research\outputs\reports\PLAN_2020_wav_duration_recovery_20260801.csv,approved,target_unresolved
2020,7b52204cdb2119b057e5d961ecd75ab33858a3f5a1323d5018d9649e24f53840,SDRW2000001208.1.1.159,audio_pairing_unresolved,alignment_and_analysis,C:\Users\ari30\research\2026_summer_research\outputs\reports\PLAN_2020_wav_duration_recovery_20260801.csv,approved,target_unresolved
2020,7b52204cdb2119b057e5d961ecd75ab33858a3f5a1323d5018d9649e24f53840,SDRW2000001208.1.1.160,audio_pairing_unresolved,alignment_and_analysis,C:\Users\ari30\research\2026_summer_research\outputs\reports\PLAN_2020_wav_duration_recovery_20260801.csv,approved,ambiguous_short_match
2020,7b52204cdb2119b057e5d961ecd75ab33858a3f5a1323d5018d9649e24f53840,SDRW2000001208.1.1.161,audio_pairing_unresolved,alignment_and_analysis,C:\Users\ari30\research\2026_summer_research\outputs\reports\PLAN_2020_wav_duration_recovery_20260801.csv,approved,target_unresolved
2020,7b52204cdb2119b057e5d961ecd75ab33858a3f5a1323d5018d9649e24f53840,SDRW2000001208.1.1.162,audio_pairing_unresolved,alignment_and_analysis,C:\Users\ari30\research\2026_summer_research\outputs\reports\PLAN_2020_wav_duration_recovery_20260801.csv,approved,target_unresolved
2020,7b52204cdb2119b057e5d961ecd75ab33858a3f5a1323d5018d9649e24f53840,SDRW2000001208.1.1.168,audio_pairing_unresolved,alignment_and_analysis,C:\Users\ari30\research\2026_summer_research\outputs\reports\PLAN_2020_wav_duration_recovery_20260801.csv,approved,target_unresolved
2020,7b52204cdb2119b057e5d961ecd75ab33858a3f5a1323d5018d9649e24f53840,SDRW2000001208.1.1.169,audio_pairing_unresolved,alignment_and_analysis,C:\Users\ari30\research\2026_summer_research\outputs\reports\PLAN_2020_wav_duration_recovery_20260801.csv,approved,target_unresolved
2020,7b52204cdb2119b057e5d961ecd75ab33858a3f5a1323d5018d9649e24f53840,SDRW2000001208.1.1.170,audio_pairing_unresolved,alignment_and_analysis,C:\Users\ari30\research\2026_summer_research\outputs\reports\PLAN_2020_wav_duration_recovery_20260801.csv,approved,ambiguous_short_match
2020,7b52204cdb2119b057e5d961ecd75ab33858a3f5a1323d5018d9649e24f53840,SDRW2000001208.1.1.171,audio_pairing_unresolved,alignment_and_analysis,C:\Users\ari30\research\2026_summer_research\outputs\reports\PLAN_2020_wav_duration_recovery_20260801.csv,approved,target_unresolved
2020,7b52204cdb2119b057e5d961ecd75ab33858a3f5a1323d5018d9649e24f53840,SDRW2000001208.1.1.172,audio_pairing_unresolved,alignment_and_analysis,C:\Users\ari30\research\2026_summer_research\outputs\reports\PLAN_2020_wav_duration_recovery_20260801.csv,approved,target_unresolved
2020,7b52204cdb2119b057e5d961ecd75ab33858a3f5a1323d5018d9649e24f53840,SDRW2000001208.1.1.179,audio_pairing_unresolved,alignment_and_analysis,C:\Users\ari30\research\2026_summer_research\outputs\reports\PLAN_2020_wav_duration_recovery_20260801.csv,approved,target_unresolved
2020,7b52204cdb2119b057e5d961ecd75ab33858a3f5a1323d5018d9649e24f53840,SDRW2000001208.1.1.180,audio_pairing_unresolved,alignment_and_analysis,C:\Users\ari30\research\2026_summer_research\outputs\reports\PLAN_2020_wav_duration_recovery_20260801.csv,approved,target_unresolved
2020,7b52204cdb2119b057e5d961ecd75ab33858a3f5a1323d5018d9649e24f53840,SDRW2000001208.1.1.231,audio_pairing_unresolved,alignment_and_analysis,C:\Users\ari30\research\2026_summer_research\outputs\reports\PLAN_2020_wav_duration_recovery_20260801.csv,approved,target_unresolved
2020,7b52204cdb2119b057e5d961ecd75ab33858a3f5a1323d5018d9649e24f53840,SDRW2000001208.1.1.232,audio_pairing_unresolved,alignment_and_analysis,C:\Users\ari30\research\2026_summer_research\outputs\reports\PLAN_2020_wav_duration_recovery_20260801.csv,approved,target_unresolved
2020,7b52204cdb2119b057e5d961ecd75ab33858a3f5a1323d5018d9649e24f53840,SDRW2000001208.1.1.24,audio_pairing_unresolved,alignment_and_analysis,C:\Users\ari30\research\2026_summer_research\outputs\reports\PLAN_2020_wav_duration_recovery_20260801.csv,approved,target_unresolved
2020,7b52204cdb2119b057e5d961ecd75ab33858a3f5a1323d5018d9649e24f53840,SDRW2000001208.1.1.25,audio_pairing_unresolved,alignment_and_analysis,C:\Users\ari30\research\2026_summer_research\outputs\reports\PLAN_2020_wav_duration_recovery_20260801.csv,approved,target_unresolved
2020,7b52204cdb2119b057e5d961ecd75ab33858a3f5a1323d5018d9649e24f53840,SDRW2000001208.1.1.261,audio_pairing_unresolved,alignment_and_analysis,C:\Users\ari30\research\2026_summer_research\outputs\reports\PLAN_2020_wav_duration_recovery_20260801.csv,approved,target_unresolved
2020,7b52204cdb2119b057e5d961ecd75ab33858a3f5a1323d5018d9649e24f53840,SDRW2000001208.1.1.272,audio_pairing_unresolved,alignment_and_analysis,C:\Users\ari30\research\2026_summer_research\outputs\reports\PLAN_2020_wav_duration_recovery_20260801.csv,approved,target_unresolved
2020,7b52204cdb2119b057e5d961ecd75ab33858a3f5a1323d5018d9649e24f53840,SDRW2000001208.1.1.291,audio_pairing_unresolved,alignment_and_analysis,C:\Users\ari30\research\2026_summer_research\outputs\reports\PLAN_2020_wav_duration_recovery_20260801.csv,approved,target_unresolved
2020,7b52204cdb2119b057e5d961ecd75ab33858a3f5a1323d5018d9649e24f53840,SDRW2000001208.1.1.292,audio_pairing_unresolved,alignment_and_analysis,C:\Users\ari30\research\2026_summer_research\outputs\reports\PLAN_2020_wav_duration_recovery_20260801.csv,approved,target_unresolved
2020,7b52204cdb2119b057e5d961ecd75ab33858a3f5a1323d5018d9649e24f53840,SDRW2000001208.1.1.320,audio_pairing_unresolved,alignment_and_analysis,C:\Users\ari30\research\2026_summer_research\outputs\reports\PLAN_2020_wav_duration_recovery_20260801.csv,approved,target_unresolved
2020,7b52204cdb2119b057e5d961ecd75ab33858a3f5a1323d5018d9649e24f53840,SDRW2000001208.1.1.321,audio_pairing_unresolved,alignment_and_analysis,C:\Users\ari30\research\2026_summer_research\outputs\reports\PLAN_2020_wav_duration_recovery_20260801.csv,approved,target_unresolved
2020,7b52204cdb2119b057e5d961ecd75ab33858a3f5a1323d5018d9649e24f53840,SDRW2000001208.1.1.330,audio_pairing_unresolved,alignment_and_analysis,C:\Users\ari30\research\2026_summer_research\outputs\reports\PLAN_2020_wav_duration_recovery_20260801.csv,approved,target_unresolved
2020,7b52204cdb2119b057e5d961ecd75ab33858a3f5a1323d5018d9649e24f53840,SDRW2000001208.1.1.331,audio_pairing_unresolved,alignment_and_analysis,C:\Users\ari30\research\2026_summer_research\outputs\reports\PLAN_2020_wav_duration_recovery_20260801.csv,approved,target_unresolved
2020,7b52204cdb2119b057e5d961ecd75ab33858a3f5a1323d5018d9649e24f53840,SDRW2000001208.1.1.336,audio_pairing_unresolved,alignment_and_analysis,C:\Users\ari30\research\2026_summer_research\outputs\reports\PLAN_2020_wav_duration_recovery_20260801.csv,approved,target_unresolved
2020,7b52204cdb2119b057e5d961ecd75ab33858a3f5a1323d5018d9649e24f53840,SDRW2000001208.1.1.337,audio_pairing_unresolved,alignment_and_analysis,C:\Users\ari30\research\2026_summer_research\outputs\reports\PLAN_2020_wav_duration_recovery_20260801.csv,approved,target_unresolved
2020,7b52204cdb2119b057e5d961ecd75ab33858a3f5a1323d5018d9649e24f53840,SDRW2000001208.1.1.71,audio_pairing_unresolved,alignment_and_analysis,C:\Users\ari30\research\2026_summer_research\outputs\reports\PLAN_2020_wav_duration_recovery_20260801.csv,approved,target_unresolved
2020,7b52204cdb2119b057e5d961ecd75ab33858a3f5a1323d5018d9649e24f53840,SDRW2000001208.1.1.72,audio_pairing_unresolved,alignment_and_analysis,C:\Users\ari30\research\2026_summer_research\outputs\reports\PLAN_2020_wav_duration_recovery_20260801.csv,approved,target_unresolved
2020,7b52204cdb2119b057e5d961ecd75ab33858a3f5a1323d5018d9649e24f53840,SDRW2000001208.1.1.91,audio_pairing_unresolved,alignment_and_analysis,C:\Users\ari30\research\2026_summer_research\outputs\reports\PLAN_2020_wav_duration_recovery_20260801.csv,approved,target_unresolved
2020,7b52204cdb2119b057e5d961ecd75ab33858a3f5a1323d5018d9649e24f53840,SDRW2000001211.1.1.116,empty_reference_unresolved_symbol,alignment_and_analysis,D:\mfa_eojeol\logs\lab_build_2020_7b52204cdb21_unresolved_symbols.csv,approved,empty_reference_form; unresolved_symbol; no_LAB_generated
2020,7b52204cdb2119b057e5d961ecd75ab33858a3f5a1323d5018d9649e24f53840,SDRW2000001212.1.1.110,audio_pairing_unresolved,alignment_and_analysis,C:\Users\ari30\research\2026_summer_research\outputs\reports\PLAN_2020_wav_duration_recovery_20260801.csv,approved,target_unresolved
2020,7b52204cdb2119b057e5d961ecd75ab33858a3f5a1323d5018d9649e24f53840,SDRW2000001212.1.1.111,audio_pairing_unresolved,alignment_and_analysis,C:\Users\ari30\research\2026_summer_research\outputs\reports\PLAN_2020_wav_duration_recovery_20260801.csv,approved,target_unresolved
2020,7b52204cdb2119b057e5d961ecd75ab33858a3f5a1323d5018d9649e24f53840,SDRW2000001212.1.1.117,audio_pairing_unresolved,alignment_and_analysis,C:\Users\ari30\research\2026_summer_research\outputs\reports\PLAN_2020_wav_duration_recovery_20260801.csv,approved,target_unresolved
2020,7b52204cdb2119b057e5d961ecd75ab33858a3f5a1323d5018d9649e24f53840,SDRW2000001212.1.1.118,audio_pairing_unresolved,alignment_and_analysis,C:\Users\ari30\research\2026_summer_research\outputs\reports\PLAN_2020_wav_duration_recovery_20260801.csv,approved,target_unresolved
2020,7b52204cdb2119b057e5d961ecd75ab33858a3f5a1323d5018d9649e24f53840,SDRW2000001212.1.1.119,audio_pairing_unresolved,alignment_and_analysis,C:\Users\ari30\research\2026_summer_research\outputs\reports\PLAN_2020_wav_duration_recovery_20260801.csv,approved,ambiguous_short_match
2020,7b52204cdb2119b057e5d961ecd75ab33858a3f5a1323d5018d9649e24f53840,SDRW2000001212.1.1.12,audio_pairing_unresolved,alignment_and_analysis,C:\Users\ari30\research\2026_summer_research\outputs\reports\PLAN_2020_wav_duration_recovery_20260801.csv,approved,target_unresolved
2020,7b52204cdb2119b057e5d961ecd75ab33858a3f5a1323d5018d9649e24f53840,SDRW2000001212.1.1.120,audio_pairing_unresolved,alignment_and_analysis,C:\Users\ari30\research\2026_summer_research\outputs\reports\PLAN_2020_wav_duration_recovery_20260801.csv,approved,target_unresolved
2020,7b52204cdb2119b057e5d961ecd75ab33858a3f5a1323d5018d9649e24f53840,SDRW2000001212.1.1.121,audio_pairing_unresolved,alignment_and_analysis,C:\Users\ari30\research\2026_summer_research\outputs\reports\PLAN_2020_wav_duration_recovery_20260801.csv,approved,target_unresolved
2020,7b52204cdb2119b057e5d961ecd75ab33858a3f5a1323d5018d9649e24f53840,SDRW2000001212.1.1.129,audio_pairing_unresolved,alignment_and_analysis,C:\Users\ari30\research\2026_summer_research\outputs\reports\PLAN_2020_wav_duration_recovery_20260801.csv,approved,target_unresolved
2020,7b52204cdb2119b057e5d961ecd75ab33858a3f5a1323d5018d9649e24f53840,SDRW2000001212.1.1.13,audio_pairing_unresolved,alignment_and_analysis,C:\Users\ari30\research\2026_summer_research\outputs\reports\PLAN_2020_wav_duration_recovery_20260801.csv,approved,target_unresolved
2020,7b52204cdb2119b057e5d961ecd75ab33858a3f5a1323d5018d9649e24f53840,SDRW2000001212.1.1.130,audio_pairing_unresolved,alignment_and_analysis,C:\Users\ari30\research\2026_summer_research\outputs\reports\PLAN_2020_wav_duration_recovery_20260801.csv,approved,target_unresolved
2020,7b52204cdb2119b057e5d961ecd75ab33858a3f5a1323d5018d9649e24f53840,SDRW2000001212.1.1.131,audio_pairing_unresolved,alignment_and_analysis,C:\Users\ari30\research\2026_summer_research\outputs\reports\PLAN_2020_wav_duration_recovery_20260801.csv,approved,target_unresolved
2020,7b52204cdb2119b057e5d961ecd75ab33858a3f5a1323d5018d9649e24f53840,SDRW2000001212.1.1.137,audio_pairing_unresolved,alignment_and_analysis,C:\Users\ari30\research\2026_summer_research\outputs\reports\PLAN_2020_wav_duration_recovery_20260801.csv,approved,target_unresolved
2020,7b52204cdb2119b057e5d961ecd75ab33858a3f5a1323d5018d9649e24f53840,SDRW2000001212.1.1.138,audio_pairing_unresolved,alignment_and_analysis,C:\Users\ari30\research\2026_summer_research\outputs\reports\PLAN_2020_wav_duration_recovery_20260801.csv,approved,target_unresolved
2020,7b52204cdb2119b057e5d961ecd75ab33858a3f5a1323d5018d9649e24f53840,SDRW2000001212.1.1.139,audio_pairing_unresolved,alignment_and_analysis,C:\Users\ari30\research\2026_summer_research\outputs\reports\PLAN_2020_wav_duration_recovery_20260801.csv,approved,ambiguous_short_match
2020,7b52204cdb2119b057e5d961ecd75ab33858a3f5a1323d5018d9649e24f53840,SDRW2000001212.1.1.140,audio_pairing_unresolved,alignment_and_analysis,C:\Users\ari30\research\2026_summer_research\outputs\reports\PLAN_2020_wav_duration_recovery_20260801.csv,approved,ambiguous_short_match
2020,7b52204cdb2119b057e5d961ecd75ab33858a3f5a1323d5018d9649e24f53840,SDRW2000001212.1.1.141,audio_pairing_unresolved,alignment_and_analysis,C:\Users\ari30\research\2026_summer_research\outputs\reports\PLAN_2020_wav_duration_recovery_20260801.csv,approved,target_unresolved
2020,7b52204cdb2119b057e5d961ecd75ab33858a3f5a1323d5018d9649e24f53840,SDRW2000001212.1.1.142,audio_pairing_unresolved,alignment_and_analysis,C:\Users\ari30\research\2026_summer_research\outputs\reports\PLAN_2020_wav_duration_recovery_20260801.csv,approved,target_unresolved
2020,7b52204cdb2119b057e5d961ecd75ab33858a3f5a1323d5018d9649e24f53840,SDRW2000001212.1.1.157,audio_pairing_unresolved,alignment_and_analysis,C:\Users\ari30\research\2026_summer_research\outputs\reports\PLAN_2020_wav_duration_recovery_20260801.csv,approved,target_unresolved
2020,7b52204cdb2119b057e5d961ecd75ab33858a3f5a1323d5018d9649e24f53840,SDRW2000001212.1.1.158,audio_pairing_unresolved,alignment_and_analysis,C:\Users\ari30\research\2026_summer_research\outputs\reports\PLAN_2020_wav_duration_recovery_20260801.csv,approved,target_unresolved
2020,7b52204cdb2119b057e5d961ecd75ab33858a3f5a1323d5018d9649e24f53840,SDRW2000001212.1.1.180,audio_pairing_unresolved,alignment_and_analysis,C:\Users\ari30\research\2026_summer_research\outputs\reports\PLAN_2020_wav_duration_recovery_20260801.csv,approved,target_unresolved
2020,7b52204cdb2119b057e5d961ecd75ab33858a3f5a1323d5018d9649e24f53840,SDRW2000001212.1.1.181,audio_pairing_unresolved,alignment_and_analysis,C:\Users\ari30\research\2026_summer_research\outputs\reports\PLAN_2020_wav_duration_recovery_20260801.csv,approved,target_unresolved
2020,7b52204cdb2119b057e5d961ecd75ab33858a3f5a1323d5018d9649e24f53840,SDRW2000001212.1.1.182,audio_pairing_unresolved,alignment_and_analysis,C:\Users\ari30\research\2026_summer_research\outputs\reports\PLAN_2020_wav_duration_recovery_20260801.csv,approved,target_unresolved
2020,7b52204cdb2119b057e5d961ecd75ab33858a3f5a1323d5018d9649e24f53840,SDRW2000001212.1.1.218,audio_pairing_unresolved,alignment_and_analysis,C:\Users\ari30\research\2026_summer_research\outputs\reports\PLAN_2020_wav_duration_recovery_20260801.csv,approved,target_unresolved
2020,7b52204cdb2119b057e5d961ecd75ab33858a3f5a1323d5018d9649e24f53840,SDRW2000001212.1.1.219,audio_pairing_unresolved,alignment_and_analysis,C:\Users\ari30\research\2026_summer_research\outputs\reports\PLAN_2020_wav_duration_recovery_20260801.csv,approved,target_unresolved
2020,7b52204cdb2119b057e5d961ecd75ab33858a3f5a1323d5018d9649e24f53840,SDRW2000001212.1.1.22,audio_pairing_unresolved,alignment_and_analysis,C:\Users\ari30\research\2026_summer_research\outputs\reports\PLAN_2020_wav_duration_recovery_20260801.csv,approved,target_unresolved
2020,7b52204cdb2119b057e5d961ecd75ab33858a3f5a1323d5018d9649e24f53840,SDRW2000001212.1.1.220,audio_pairing_unresolved,alignment_and_analysis,C:\Users\ari30\research\2026_summer_research\outputs\reports\PLAN_2020_wav_duration_recovery_20260801.csv,approved,target_unresolved
2020,7b52204cdb2119b057e5d961ecd75ab33858a3f5a1323d5018d9649e24f53840,SDRW2000001212.1.1.221,audio_pairing_unresolved,alignment_and_analysis,C:\Users\ari30\research\2026_summer_research\outputs\reports\PLAN_2020_wav_duration_recovery_20260801.csv,approved,ambiguous_short_match
2020,7b52204cdb2119b057e5d961ecd75ab33858a3f5a1323d5018d9649e24f53840,SDRW2000001212.1.1.222,audio_pairing_unresolved,alignment_and_analysis,C:\Users\ari30\research\2026_summer_research\outputs\reports\PLAN_2020_wav_duration_recovery_20260801.csv,approved,target_unresolved
2020,7b52204cdb2119b057e5d961ecd75ab33858a3f5a1323d5018d9649e24f53840,SDRW2000001212.1.1.223,audio_pairing_unresolved,alignment_and_analysis,C:\Users\ari30\research\2026_summer_research\outputs\reports\PLAN_2020_wav_duration_recovery_20260801.csv,approved,target_unresolved
2020,7b52204cdb2119b057e5d961ecd75ab33858a3f5a1323d5018d9649e24f53840,SDRW2000001212.1.1.228,audio_pairing_unresolved,alignment_and_analysis,C:\Users\ari30\research\2026_summer_research\outputs\reports\PLAN_2020_wav_duration_recovery_20260801.csv,approved,target_unresolved
2020,7b52204cdb2119b057e5d961ecd75ab33858a3f5a1323d5018d9649e24f53840,SDRW2000001212.1.1.229,audio_pairing_unresolved,alignment_and_analysis,C:\Users\ari30\research\2026_summer_research\outputs\reports\PLAN_2020_wav_duration_recovery_20260801.csv,approved,target_unresolved
2020,7b52204cdb2119b057e5d961ecd75ab33858a3f5a1323d5018d9649e24f53840,SDRW2000001212.1.1.23,audio_pairing_unresolved,alignment_and_analysis,C:\Users\ari30\research\2026_summer_research\outputs\reports\PLAN_2020_wav_duration_recovery_20260801.csv,approved,target_unresolved
2020,7b52204cdb2119b057e5d961ecd75ab33858a3f5a1323d5018d9649e24f53840,SDRW2000001212.1.1.248,audio_pairing_unresolved,alignment_and_analysis,C:\Users\ari30\research\2026_summer_research\outputs\reports\PLAN_2020_wav_duration_recovery_20260801.csv,approved,target_unresolved
2020,7b52204cdb2119b057e5d961ecd75ab33858a3f5a1323d5018d9649e24f53840,SDRW2000001212.1.1.249,audio_pairing_unresolved,alignment_and_analysis,C:\Users\ari30\research\2026_summer_research\outputs\reports\PLAN_2020_wav_duration_recovery_20260801.csv,approved,target_unresolved
2020,7b52204cdb2119b057e5d961ecd75ab33858a3f5a1323d5018d9649e24f53840,SDRW2000001212.1.1.265,audio_pairing_unresolved,alignment_and_analysis,C:\Users\ari30\research\2026_summer_research\outputs\reports\PLAN_2020_wav_duration_recovery_20260801.csv,approved,target_unresolved
2020,7b52204cdb2119b057e5d961ecd75ab33858a3f5a1323d5018d9649e24f53840,SDRW2000001212.1.1.266,audio_pairing_unresolved,alignment_and_analysis,C:\Users\ari30\research\2026_summer_research\outputs\reports\PLAN_2020_wav_duration_recovery_20260801.csv,approved,target_unresolved
2020,7b52204cdb2119b057e5d961ecd75ab33858a3f5a1323d5018d9649e24f53840,SDRW2000001212.1.1.335,audio_pairing_unresolved,alignment_and_analysis,C:\Users\ari30\research\2026_summer_research\outputs\reports\PLAN_2020_wav_duration_recovery_20260801.csv,approved,target_unresolved
2020,7b52204cdb2119b057e5d961ecd75ab33858a3f5a1323d5018d9649e24f53840,SDRW2000001212.1.1.336,audio_pairing_unresolved,alignment_and_analysis,C:\Users\ari30\research\2026_summer_research\outputs\reports\PLAN_2020_wav_duration_recovery_20260801.csv,approved,target_unresolved
2020,7b52204cdb2119b057e5d961ecd75ab33858a3f5a1323d5018d9649e24f53840,SDRW2000001212.1.1.344,audio_pairing_unresolved,alignment_and_analysis,C:\Users\ari30\research\2026_summer_research\outputs\reports\PLAN_2020_wav_duration_recovery_20260801.csv,approved,target_unresolved
2020,7b52204cdb2119b057e5d961ecd75ab33858a3f5a1323d5018d9649e24f53840,SDRW2000001212.1.1.345,audio_pairing_unresolved,alignment_and_analysis,C:\Users\ari30\research\2026_summer_research\outputs\reports\PLAN_2020_wav_duration_recovery_20260801.csv,approved,target_unresolved
2020,7b52204cdb2119b057e5d961ecd75ab33858a3f5a1323d5018d9649e24f53840,SDRW2000001212.1.1.374,audio_pairing_unresolved,alignment_and_analysis,C:\Users\ari30\research\2026_summer_research\outputs\reports\PLAN_2020_wav_duration_recovery_20260801.csv,approved,target_unresolved
2020,7b52204cdb2119b057e5d961ecd75ab33858a3f5a1323d5018d9649e24f53840,SDRW2000001212.1.1.375,audio_pairing_unresolved,alignment_and_analysis,C:\Users\ari30\research\2026_summer_research\outputs\reports\PLAN_2020_wav_duration_recovery_20260801.csv,approved,target_unresolved
2020,7b52204cdb2119b057e5d961ecd75ab33858a3f5a1323d5018d9649e24f53840,SDRW2000001212.1.1.397,audio_pairing_unresolved,alignment_and_analysis,C:\Users\ari30\research\2026_summer_research\outputs\reports\PLAN_2020_wav_duration_recovery_20260801.csv,approved,target_unresolved
2020,7b52204cdb2119b057e5d961ecd75ab33858a3f5a1323d5018d9649e24f53840,SDRW2000001212.1.1.398,audio_pairing_unresolved,alignment_and_analysis,C:\Users\ari30\research\2026_summer_research\outputs\reports\PLAN_2020_wav_duration_recovery_20260801.csv,approved,target_unresolved
2020,7b52204cdb2119b057e5d961ecd75ab33858a3f5a1323d5018d9649e24f53840,SDRW2000001212.1.1.53,audio_pairing_unresolved,alignment_and_analysis,C:\Users\ari30\research\2026_summer_research\outputs\reports\PLAN_2020_wav_duration_recovery_20260801.csv,approved,target_unresolved
2020,7b52204cdb2119b057e5d961ecd75ab33858a3f5a1323d5018d9649e24f53840,SDRW2000001212.1.1.54,audio_pairing_unresolved,alignment_and_analysis,C:\Users\ari30\research\2026_summer_research\outputs\reports\PLAN_2020_wav_duration_recovery_20260801.csv,approved,target_unresolved
2020,7b52204cdb2119b057e5d961ecd75ab33858a3f5a1323d5018d9649e24f53840,SDRW2000001212.1.1.70,audio_pairing_unresolved,alignment_and_analysis,C:\Users\ari30\research\2026_summer_research\outputs\reports\PLAN_2020_wav_duration_recovery_20260801.csv,approved,target_unresolved
2020,7b52204cdb2119b057e5d961ecd75ab33858a3f5a1323d5018d9649e24f53840,SDRW2000001212.1.1.71,audio_pairing_unresolved,alignment_and_analysis,C:\Users\ari30\research\2026_summer_research\outputs\reports\PLAN_2020_wav_duration_recovery_20260801.csv,approved,target_unresolved
2020,7b52204cdb2119b057e5d961ecd75ab33858a3f5a1323d5018d9649e24f53840,SDRW2000001212.1.1.76,audio_pairing_unresolved,alignment_and_analysis,C:\Users\ari30\research\2026_summer_research\outputs\reports\PLAN_2020_wav_duration_recovery_20260801.csv,approved,target_unresolved
2020,7b52204cdb2119b057e5d961ecd75ab33858a3f5a1323d5018d9649e24f53840,SDRW2000001212.1.1.77,audio_pairing_unresolved,alignment_and_analysis,C:\Users\ari30\research\2026_summer_research\outputs\reports\PLAN_2020_wav_duration_recovery_20260801.csv,approved,target_unresolved
2020,7b52204cdb2119b057e5d961ecd75ab33858a3f5a1323d5018d9649e24f53840,SDRW2000001212.1.1.82,audio_pairing_unresolved,alignment_and_analysis,C:\Users\ari30\research\2026_summer_research\outputs\reports\PLAN_2020_wav_duration_recovery_20260801.csv,approved,target_unresolved
2020,7b52204cdb2119b057e5d961ecd75ab33858a3f5a1323d5018d9649e24f53840,SDRW2000001212.1.1.83,audio_pairing_unresolved,alignment_and_analysis,C:\Users\ari30\research\2026_summer_research\outputs\reports\PLAN_2020_wav_duration_recovery_20260801.csv,approved,target_unresolved
2020,7b52204cdb2119b057e5d961ecd75ab33858a3f5a1323d5018d9649e24f53840,SDRW2000001212.1.1.88,audio_pairing_unresolved,alignment_and_analysis,C:\Users\ari30\research\2026_summer_research\outputs\reports\PLAN_2020_wav_duration_recovery_20260801.csv,approved,target_unresolved
2020,7b52204cdb2119b057e5d961ecd75ab33858a3f5a1323d5018d9649e24f53840,SDRW2000001212.1.1.89,audio_pairing_unresolved,alignment_and_analysis,C:\Users\ari30\research\2026_summer_research\outputs\reports\PLAN_2020_wav_duration_recovery_20260801.csv,approved,target_unresolved
2020,7b52204cdb2119b057e5d961ecd75ab33858a3f5a1323d5018d9649e24f53840,SDRW2000001213.1.1.108,audio_pairing_unresolved,alignment_and_analysis,C:\Users\ari30\research\2026_summer_research\outputs\reports\PLAN_2020_wav_duration_recovery_20260801.csv,approved,target_unresolved
2020,7b52204cdb2119b057e5d961ecd75ab33858a3f5a1323d5018d9649e24f53840,SDRW2000001213.1.1.11,audio_pairing_unresolved,alignment_and_analysis,C:\Users\ari30\research\2026_summer_research\outputs\reports\PLAN_2020_wav_duration_recovery_20260801.csv,approved,target_unresolved
2020,7b52204cdb2119b057e5d961ecd75ab33858a3f5a1323d5018d9649e24f53840,SDRW2000001213.1.1.115,audio_pairing_unresolved,alignment_and_analysis,C:\Users\ari30\research\2026_summer_research\outputs\reports\PLAN_2020_wav_duration_recovery_20260801.csv,approved,target_unresolved
2020,7b52204cdb2119b057e5d961ecd75ab33858a3f5a1323d5018d9649e24f53840,SDRW2000001213.1.1.116,audio_pairing_unresolved,alignment_and_analysis,C:\Users\ari30\research\2026_summer_research\outputs\reports\PLAN_2020_wav_duration_recovery_20260801.csv,approved,target_unresolved
2020,7b52204cdb2119b057e5d961ecd75ab33858a3f5a1323d5018d9649e24f53840,SDRW2000001213.1.1.12,audio_pairing_unresolved,alignment_and_analysis,C:\Users\ari30\research\2026_summer_research\outputs\reports\PLAN_2020_wav_duration_recovery_20260801.csv,approved,target_unresolved
2020,7b52204cdb2119b057e5d961ecd75ab33858a3f5a1323d5018d9649e24f53840,SDRW2000001213.1.1.123,audio_pairing_unresolved,alignment_and_analysis,C:\Users\ari30\research\2026_summer_research\outputs\reports\PLAN_2020_wav_duration_recovery_20260801.csv,approved,target_unresolved
2020,7b52204cdb2119b057e5d961ecd75ab33858a3f5a1323d5018d9649e24f53840,SDRW2000001213.1.1.124,audio_pairing_unresolved,alignment_and_analysis,C:\Users\ari30\research\2026_summer_research\outputs\reports\PLAN_2020_wav_duration_recovery_20260801.csv,approved,target_unresolved
2020,7b52204cdb2119b057e5d961ecd75ab33858a3f5a1323d5018d9649e24f53840,SDRW2000001213.1.1.125,audio_pairing_unresolved,alignment_and_analysis,C:\Users\ari30\research\2026_summer_research\outputs\reports\PLAN_2020_wav_duration_recovery_20260801.csv,approved,target_unresolved
2020,7b52204cdb2119b057e5d961ecd75ab33858a3f5a1323d5018d9649e24f53840,SDRW2000001213.1.1.171,audio_pairing_unresolved,alignment_and_analysis,C:\Users\ari30\research\2026_summer_research\outputs\reports\PLAN_2020_wav_duration_recovery_20260801.csv,approved,target_unresolved
2020,7b52204cdb2119b057e5d961ecd75ab33858a3f5a1323d5018d9649e24f53840,SDRW2000001213.1.1.172,audio_pairing_unresolved,alignment_and_analysis,C:\Users\ari30\research\2026_summer_research\outputs\reports\PLAN_2020_wav_duration_recovery_20260801.csv,approved,target_unresolved
2020,7b52204cdb2119b057e5d961ecd75ab33858a3f5a1323d5018d9649e24f53840,SDRW2000001213.1.1.185,audio_pairing_unresolved,alignment_and_analysis,C:\Users\ari30\research\2026_summer_research\outputs\reports\PLAN_2020_wav_duration_recovery_20260801.csv,approved,target_unresolved
2020,7b52204cdb2119b057e5d961ecd75ab33858a3f5a1323d5018d9649e24f53840,SDRW2000001213.1.1.186,audio_pairing_unresolved,alignment_and_analysis,C:\Users\ari30\research\2026_summer_research\outputs\reports\PLAN_2020_wav_duration_recovery_20260801.csv,approved,target_unresolved
2020,7b52204cdb2119b057e5d961ecd75ab33858a3f5a1323d5018d9649e24f53840,SDRW2000001213.1.1.192,audio_pairing_unresolved,alignment_and_analysis,C:\Users\ari30\research\2026_summer_research\outputs\reports\PLAN_2020_wav_duration_recovery_20260801.csv,approved,target_unresolved
2020,7b52204cdb2119b057e5d961ecd75ab33858a3f5a1323d5018d9649e24f53840,SDRW2000001213.1.1.193,audio_pairing_unresolved,alignment_and_analysis,C:\Users\ari30\research\2026_summer_research\outputs\reports\PLAN_2020_wav_duration_recovery_20260801.csv,approved,target_unresolved
2020,7b52204cdb2119b057e5d961ecd75ab33858a3f5a1323d5018d9649e24f53840,SDRW2000001213.1.1.269,audio_pairing_unresolved,alignment_and_analysis,C:\Users\ari30\research\2026_summer_research\outputs\reports\PLAN_2020_wav_duration_recovery_20260801.csv,approved,target_unresolved
2020,7b52204cdb2119b057e5d961ecd75ab33858a3f5a1323d5018d9649e24f53840,SDRW2000001213.1.1.270,audio_pairing_unresolved,alignment_and_analysis,C:\Users\ari30\research\2026_summer_research\outputs\reports\PLAN_2020_wav_duration_recovery_20260801.csv,approved,target_unresolved
2020,7b52204cdb2119b057e5d961ecd75ab33858a3f5a1323d5018d9649e24f53840,SDRW2000001213.1.1.271,audio_pairing_unresolved,alignment_and_analysis,C:\Users\ari30\research\2026_summer_research\outputs\reports\PLAN_2020_wav_duration_recovery_20260801.csv,approved,ambiguous_short_match
2020,7b52204cdb2119b057e5d961ecd75ab33858a3f5a1323d5018d9649e24f53840,SDRW2000001213.1.1.272,audio_pairing_unresolved,alignment_and_analysis,C:\Users\ari30\research\2026_summer_research\outputs\reports\PLAN_2020_wav_duration_recovery_20260801.csv,approved,target_unresolved
2020,7b52204cdb2119b057e5d961ecd75ab33858a3f5a1323d5018d9649e24f53840,SDRW2000001213.1.1.273,audio_pairing_unresolved,alignment_and_analysis,C:\Users\ari30\research\2026_summer_research\outputs\reports\PLAN_2020_wav_duration_recovery_20260801.csv,approved,target_unresolved
2020,7b52204cdb2119b057e5d961ecd75ab33858a3f5a1323d5018d9649e24f53840,SDRW2000001213.1.1.283,audio_pairing_unresolved,alignment_and_analysis,C:\Users\ari30\research\2026_summer_research\outputs\reports\PLAN_2020_wav_duration_recovery_20260801.csv,approved,target_unresolved
2020,7b52204cdb2119b057e5d961ecd75ab33858a3f5a1323d5018d9649e24f53840,SDRW2000001213.1.1.284,audio_pairing_unresolved,alignment_and_analysis,C:\Users\ari30\research\2026_summer_research\outputs\reports\PLAN_2020_wav_duration_recovery_20260801.csv,approved,target_unresolved
2020,7b52204cdb2119b057e5d961ecd75ab33858a3f5a1323d5018d9649e24f53840,SDRW2000001213.1.1.301,audio_pairing_unresolved,alignment_and_analysis,C:\Users\ari30\research\2026_summer_research\outputs\reports\PLAN_2020_wav_duration_recovery_20260801.csv,approved,target_unresolved
2020,7b52204cdb2119b057e5d961ecd75ab33858a3f5a1323d5018d9649e24f53840,SDRW2000001213.1.1.302,audio_pairing_unresolved,alignment_and_analysis,C:\Users\ari30\research\2026_summer_research\outputs\reports\PLAN_2020_wav_duration_recovery_20260801.csv,approved,target_unresolved
2020,7b52204cdb2119b057e5d961ecd75ab33858a3f5a1323d5018d9649e24f53840,SDRW2000001213.1.1.32,audio_pairing_unresolved,alignment_and_analysis,C:\Users\ari30\research\2026_summer_research\outputs\reports\PLAN_2020_wav_duration_recovery_20260801.csv,approved,target_unresolved
2020,7b52204cdb2119b057e5d961ecd75ab33858a3f5a1323d5018d9649e24f53840,SDRW2000001213.1.1.33,audio_pairing_unresolved,alignment_and_analysis,C:\Users\ari30\research\2026_summer_research\outputs\reports\PLAN_2020_wav_duration_recovery_20260801.csv,approved,target_unresolved
2020,7b52204cdb2119b057e5d961ecd75ab33858a3f5a1323d5018d9649e24f53840,SDRW2000001213.1.1.366,audio_pairing_unresolved,alignment_and_analysis,C:\Users\ari30\research\2026_summer_research\outputs\reports\PLAN_2020_wav_duration_recovery_20260801.csv,approved,target_unresolved
2020,7b52204cdb2119b057e5d961ecd75ab33858a3f5a1323d5018d9649e24f53840,SDRW2000001213.1.1.367,audio_pairing_unresolved,alignment_and_analysis,C:\Users\ari30\research\2026_summer_research\outputs\reports\PLAN_2020_wav_duration_recovery_20260801.csv,approved,target_unresolved
2020,7b52204cdb2119b057e5d961ecd75ab33858a3f5a1323d5018d9649e24f53840,SDRW2000001213.1.1.4,audio_pairing_unresolved,alignment_and_analysis,C:\Users\ari30\research\2026_summer_research\outputs\reports\PLAN_2020_wav_duration_recovery_20260801.csv,approved,target_unresolved
2020,7b52204cdb2119b057e5d961ecd75ab33858a3f5a1323d5018d9649e24f53840,SDRW2000001213.1.1.5,audio_pairing_unresolved,alignment_and_analysis,C:\Users\ari30\research\2026_summer_research\outputs\reports\PLAN_2020_wav_duration_recovery_20260801.csv,approved,target_unresolved
2020,7b52204cdb2119b057e5d961ecd75ab33858a3f5a1323d5018d9649e24f53840,SDRW2000001213.1.1.56,audio_pairing_unresolved,alignment_and_analysis,C:\Users\ari30\research\2026_summer_research\outputs\reports\PLAN_2020_wav_duration_recovery_20260801.csv,approved,target_unresolved
2020,7b52204cdb2119b057e5d961ecd75ab33858a3f5a1323d5018d9649e24f53840,SDRW2000001213.1.1.57,audio_pairing_unresolved,alignment_and_analysis,C:\Users\ari30\research\2026_summer_research\outputs\reports\PLAN_2020_wav_duration_recovery_20260801.csv,approved,target_unresolved
2020,7b52204cdb2119b057e5d961ecd75ab33858a3f5a1323d5018d9649e24f53840,SDRW2000001213.1.1.6,audio_pairing_unresolved,alignment_and_analysis,C:\Users\ari30\research\2026_summer_research\outputs\reports\PLAN_2020_wav_duration_recovery_20260801.csv,approved,target_unresolved
2020,7b52204cdb2119b057e5d961ecd75ab33858a3f5a1323d5018d9649e24f53840,SDRW2000001213.1.1.7,audio_pairing_unresolved,alignment_and_analysis,C:\Users\ari30\research\2026_summer_research\outputs\reports\PLAN_2020_wav_duration_recovery_20260801.csv,approved,target_unresolved
2020,7b52204cdb2119b057e5d961ecd75ab33858a3f5a1323d5018d9649e24f53840,SDRW2000001213.1.1.79,audio_pairing_unresolved,alignment_and_analysis,C:\Users\ari30\research\2026_summer_research\outputs\reports\PLAN_2020_wav_duration_recovery_20260801.csv,approved,target_unresolved
2020,7b52204cdb2119b057e5d961ecd75ab33858a3f5a1323d5018d9649e24f53840,SDRW2000001213.1.1.80,audio_pairing_unresolved,alignment_and_analysis,C:\Users\ari30\research\2026_summer_research\outputs\reports\PLAN_2020_wav_duration_recovery_20260801.csv,approved,target_unresolved
2020,7b52204cdb2119b057e5d961ecd75ab33858a3f5a1323d5018d9649e24f53840,SDRW2000001213.1.1.90,audio_pairing_unresolved,alignment_and_analysis,C:\Users\ari30\research\2026_summer_research\outputs\reports\PLAN_2020_wav_duration_recovery_20260801.csv,approved,target_unresolved
2020,7b52204cdb2119b057e5d961ecd75ab33858a3f5a1323d5018d9649e24f53840,SDRW2000001213.1.1.91,audio_pairing_unresolved,alignment_and_analysis,C:\Users\ari30\research\2026_summer_research\outputs\reports\PLAN_2020_wav_duration_recovery_20260801.csv,approved,target_unresolved
2020,7b52204cdb2119b057e5d961ecd75ab33858a3f5a1323d5018d9649e24f53840,SDRW2000001215.1.1.100,audio_pairing_unresolved,alignment_and_analysis,C:\Users\ari30\research\2026_summer_research\outputs\reports\PLAN_2020_wav_duration_recovery_20260801.csv,approved,target_unresolved
2020,7b52204cdb2119b057e5d961ecd75ab33858a3f5a1323d5018d9649e24f53840,SDRW2000001215.1.1.101,audio_pairing_unresolved,alignment_and_analysis,C:\Users\ari30\research\2026_summer_research\outputs\reports\PLAN_2020_wav_duration_recovery_20260801.csv,approved,target_unresolved
2020,7b52204cdb2119b057e5d961ecd75ab33858a3f5a1323d5018d9649e24f53840,SDRW2000001215.1.1.113,audio_pairing_unresolved,alignment_and_analysis,C:\Users\ari30\research\2026_summer_research\outputs\reports\PLAN_2020_wav_duration_recovery_20260801.csv,approved,target_unresolved
2020,7b52204cdb2119b057e5d961ecd75ab33858a3f5a1323d5018d9649e24f53840,SDRW2000001215.1.1.114,audio_pairing_unresolved,alignment_and_analysis,C:\Users\ari30\research\2026_summer_research\outputs\reports\PLAN_2020_wav_duration_recovery_20260801.csv,approved,target_unresolved
2020,7b52204cdb2119b057e5d961ecd75ab33858a3f5a1323d5018d9649e24f53840,SDRW2000001215.1.1.128,audio_pairing_unresolved,alignment_and_analysis,C:\Users\ari30\research\2026_summer_research\outputs\reports\PLAN_2020_wav_duration_recovery_20260801.csv,approved,target_unresolved
2020,7b52204cdb2119b057e5d961ecd75ab33858a3f5a1323d5018d9649e24f53840,SDRW2000001215.1.1.129,audio_pairing_unresolved,alignment_and_analysis,C:\Users\ari30\research\2026_summer_research\outputs\reports\PLAN_2020_wav_duration_recovery_20260801.csv,approved,target_unresolved
2020,7b52204cdb2119b057e5d961ecd75ab33858a3f5a1323d5018d9649e24f53840,SDRW2000001215.1.1.130,audio_pairing_unresolved,alignment_and_analysis,C:\Users\ari30\research\2026_summer_research\outputs\reports\PLAN_2020_wav_duration_recovery_20260801.csv,approved,ambiguous_short_match
2020,7b52204cdb2119b057e5d961ecd75ab33858a3f5a1323d5018d9649e24f53840,SDRW2000001215.1.1.131,audio_pairing_unresolved,alignment_and_analysis,C:\Users\ari30\research\2026_summer_research\outputs\reports\PLAN_2020_wav_duration_recovery_20260801.csv,approved,target_unresolved
2020,7b52204cdb2119b057e5d961ecd75ab33858a3f5a1323d5018d9649e24f53840,SDRW2000001215.1.1.132,audio_pairing_unresolved,alignment_and_analysis,C:\Users\ari30\research\2026_summer_research\outputs\reports\PLAN_2020_wav_duration_recovery_20260801.csv,approved,target_unresolved
2020,7b52204cdb2119b057e5d961ecd75ab33858a3f5a1323d5018d9649e24f53840,SDRW2000001215.1.1.133,audio_pairing_unresolved,alignment_and_analysis,C:\Users\ari30\research\2026_summer_research\outputs\reports\PLAN_2020_wav_duration_recovery_20260801.csv,approved,target_unresolved
2020,7b52204cdb2119b057e5d961ecd75ab33858a3f5a1323d5018d9649e24f53840,SDRW2000001215.1.1.149,audio_pairing_unresolved,alignment_and_analysis,C:\Users\ari30\research\2026_summer_research\outputs\reports\PLAN_2020_wav_duration_recovery_20260801.csv,approved,target_unresolved
2020,7b52204cdb2119b057e5d961ecd75ab33858a3f5a1323d5018d9649e24f53840,SDRW2000001215.1.1.150,audio_pairing_unresolved,alignment_and_analysis,C:\Users\ari30\research\2026_summer_research\outputs\reports\PLAN_2020_wav_duration_recovery_20260801.csv,approved,target_unresolved
2020,7b52204cdb2119b057e5d961ecd75ab33858a3f5a1323d5018d9649e24f53840,SDRW2000001215.1.1.155,audio_pairing_unresolved,alignment_and_analysis,C:\Users\ari30\research\2026_summer_research\outputs\reports\PLAN_2020_wav_duration_recovery_20260801.csv,approved,target_unresolved
2020,7b52204cdb2119b057e5d961ecd75ab33858a3f5a1323d5018d9649e24f53840,SDRW2000001215.1.1.156,audio_pairing_unresolved,alignment_and_analysis,C:\Users\ari30\research\2026_summer_research\outputs\reports\PLAN_2020_wav_duration_recovery_20260801.csv,approved,target_unresolved
2020,7b52204cdb2119b057e5d961ecd75ab33858a3f5a1323d5018d9649e24f53840,SDRW2000001215.1.1.157,audio_pairing_unresolved,alignment_and_analysis,C:\Users\ari30\research\2026_summer_research\outputs\reports\PLAN_2020_wav_duration_recovery_20260801.csv,approved,target_unresolved
2020,7b52204cdb2119b057e5d961ecd75ab33858a3f5a1323d5018d9649e24f53840,SDRW2000001215.1.1.176,audio_pairing_unresolved,alignment_and_analysis,C:\Users\ari30\research\2026_summer_research\outputs\reports\PLAN_2020_wav_duration_recovery_20260801.csv,approved,target_unresolved
2020,7b52204cdb2119b057e5d961ecd75ab33858a3f5a1323d5018d9649e24f53840,SDRW2000001215.1.1.177,audio_pairing_unresolved,alignment_and_analysis,C:\Users\ari30\research\2026_summer_research\outputs\reports\PLAN_2020_wav_duration_recovery_20260801.csv,approved,target_unresolved
2020,7b52204cdb2119b057e5d961ecd75ab33858a3f5a1323d5018d9649e24f53840,SDRW2000001215.1.1.188,audio_pairing_unresolved,alignment_and_analysis,C:\Users\ari30\research\2026_summer_research\outputs\reports\PLAN_2020_wav_duration_recovery_20260801.csv,approved,target_unresolved
2020,7b52204cdb2119b057e5d961ecd75ab33858a3f5a1323d5018d9649e24f53840,SDRW2000001215.1.1.189,audio_pairing_unresolved,alignment_and_analysis,C:\Users\ari30\research\2026_summer_research\outputs\reports\PLAN_2020_wav_duration_recovery_20260801.csv,approved,target_unresolved
2020,7b52204cdb2119b057e5d961ecd75ab33858a3f5a1323d5018d9649e24f53840,SDRW2000001215.1.1.196,audio_pairing_unresolved,alignment_and_analysis,C:\Users\ari30\research\2026_summer_research\outputs\reports\PLAN_2020_wav_duration_recovery_20260801.csv,approved,target_unresolved
2020,7b52204cdb2119b057e5d961ecd75ab33858a3f5a1323d5018d9649e24f53840,SDRW2000001215.1.1.197,audio_pairing_unresolved,alignment_and_analysis,C:\Users\ari30\research\2026_summer_research\outputs\reports\PLAN_2020_wav_duration_recovery_20260801.csv,approved,target_unresolved
2020,7b52204cdb2119b057e5d961ecd75ab33858a3f5a1323d5018d9649e24f53840,SDRW2000001215.1.1.21,audio_pairing_unresolved,alignment_and_analysis,C:\Users\ari30\research\2026_summer_research\outputs\reports\PLAN_2020_wav_duration_recovery_20260801.csv,approved,target_unresolved
2020,7b52204cdb2119b057e5d961ecd75ab33858a3f5a1323d5018d9649e24f53840,SDRW2000001215.1.1.22,audio_pairing_unresolved,alignment_and_analysis,C:\Users\ari30\research\2026_summer_research\outputs\reports\PLAN_2020_wav_duration_recovery_20260801.csv,approved,target_unresolved
2020,7b52204cdb2119b057e5d961ecd75ab33858a3f5a1323d5018d9649e24f53840,SDRW2000001215.1.1.23,audio_pairing_unresolved,alignment_and_analysis,C:\Users\ari30\research\2026_summer_research\outputs\reports\PLAN_2020_wav_duration_recovery_20260801.csv,approved,target_unresolved
2020,7b52204cdb2119b057e5d961ecd75ab33858a3f5a1323d5018d9649e24f53840,SDRW2000001215.1.1.231,audio_pairing_unresolved,alignment_and_analysis,C:\Users\ari30\research\2026_summer_research\outputs\reports\PLAN_2020_wav_duration_recovery_20260801.csv,approved,target_unresolved
2020,7b52204cdb2119b057e5d961ecd75ab33858a3f5a1323d5018d9649e24f53840,SDRW2000001215.1.1.232,audio_pairing_unresolved,alignment_and_analysis,C:\Users\ari30\research\2026_summer_research\outputs\reports\PLAN_2020_wav_duration_recovery_20260801.csv,approved,target_unresolved
2020,7b52204cdb2119b057e5d961ecd75ab33858a3f5a1323d5018d9649e24f53840,SDRW2000001215.1.1.233,audio_pairing_unresolved,alignment_and_analysis,C:\Users\ari30\research\2026_summer_research\outputs\reports\PLAN_2020_wav_duration_recovery_20260801.csv,approved,target_unresolved
2020,7b52204cdb2119b057e5d961ecd75ab33858a3f5a1323d5018d9649e24f53840,SDRW2000001215.1.1.259,audio_pairing_unresolved,alignment_and_analysis,C:\Users\ari30\research\2026_summer_research\outputs\reports\PLAN_2020_wav_duration_recovery_20260801.csv,approved,target_unresolved
2020,7b52204cdb2119b057e5d961ecd75ab33858a3f5a1323d5018d9649e24f53840,SDRW2000001215.1.1.260,audio_pairing_unresolved,alignment_and_analysis,C:\Users\ari30\research\2026_summer_research\outputs\reports\PLAN_2020_wav_duration_recovery_20260801.csv,approved,target_unresolved
2020,7b52204cdb2119b057e5d961ecd75ab33858a3f5a1323d5018d9649e24f53840,SDRW2000001215.1.1.274,audio_pairing_unresolved,alignment_and_analysis,C:\Users\ari30\research\2026_summer_research\outputs\reports\PLAN_2020_wav_duration_recovery_20260801.csv,approved,target_unresolved
2020,7b52204cdb2119b057e5d961ecd75ab33858a3f5a1323d5018d9649e24f53840,SDRW2000001215.1.1.275,audio_pairing_unresolved,alignment_and_analysis,C:\Users\ari30\research\2026_summer_research\outputs\reports\PLAN_2020_wav_duration_recovery_20260801.csv,approved,target_unresolved
2020,7b52204cdb2119b057e5d961ecd75ab33858a3f5a1323d5018d9649e24f53840,SDRW2000001215.1.1.281,audio_pairing_unresolved,alignment_and_analysis,C:\Users\ari30\research\2026_summer_research\outputs\reports\PLAN_2020_wav_duration_recovery_20260801.csv,approved,target_unresolved
2020,7b52204cdb2119b057e5d961ecd75ab33858a3f5a1323d5018d9649e24f53840,SDRW2000001215.1.1.282,audio_pairing_unresolved,alignment_and_analysis,C:\Users\ari30\research\2026_summer_research\outputs\reports\PLAN_2020_wav_duration_recovery_20260801.csv,approved,target_unresolved
2020,7b52204cdb2119b057e5d961ecd75ab33858a3f5a1323d5018d9649e24f53840,SDRW2000001215.1.1.301,audio_pairing_unresolved,alignment_and_analysis,C:\Users\ari30\research\2026_summer_research\outputs\reports\PLAN_2020_wav_duration_recovery_20260801.csv,approved,target_unresolved
2020,7b52204cdb2119b057e5d961ecd75ab33858a3f5a1323d5018d9649e24f53840,SDRW2000001215.1.1.302,audio_pairing_unresolved,alignment_and_analysis,C:\Users\ari30\research\2026_summer_research\outputs\reports\PLAN_2020_wav_duration_recovery_20260801.csv,approved,target_unresolved
2020,7b52204cdb2119b057e5d961ecd75ab33858a3f5a1323d5018d9649e24f53840,SDRW2000001215.1.1.303,audio_pairing_unresolved,alignment_and_analysis,C:\Users\ari30\research\2026_summer_research\outputs\reports\PLAN_2020_wav_duration_recovery_20260801.csv,approved,target_unresolved
2020,7b52204cdb2119b057e5d961ecd75ab33858a3f5a1323d5018d9649e24f53840,SDRW2000001215.1.1.353,audio_pairing_unresolved,alignment_and_analysis,C:\Users\ari30\research\2026_summer_research\outputs\reports\PLAN_2020_wav_duration_recovery_20260801.csv,approved,target_unresolved
2020,7b52204cdb2119b057e5d961ecd75ab33858a3f5a1323d5018d9649e24f53840,SDRW2000001215.1.1.354,audio_pairing_unresolved,alignment_and_analysis,C:\Users\ari30\research\2026_summer_research\outputs\reports\PLAN_2020_wav_duration_recovery_20260801.csv,approved,target_unresolved
2020,7b52204cdb2119b057e5d961ecd75ab33858a3f5a1323d5018d9649e24f53840,SDRW2000001215.1.1.355,audio_pairing_unresolved,alignment_and_analysis,C:\Users\ari30\research\2026_summer_research\outputs\reports\PLAN_2020_wav_duration_recovery_20260801.csv,approved,ambiguous_short_match
2020,7b52204cdb2119b057e5d961ecd75ab33858a3f5a1323d5018d9649e24f53840,SDRW2000001215.1.1.356,audio_pairing_unresolved,alignment_and_analysis,C:\Users\ari30\research\2026_summer_research\outputs\reports\PLAN_2020_wav_duration_recovery_20260801.csv,approved,target_unresolved
2020,7b52204cdb2119b057e5d961ecd75ab33858a3f5a1323d5018d9649e24f53840,SDRW2000001215.1.1.357,audio_pairing_unresolved,alignment_and_analysis,C:\Users\ari30\research\2026_summer_research\outputs\reports\PLAN_2020_wav_duration_recovery_20260801.csv,approved,target_unresolved
2020,7b52204cdb2119b057e5d961ecd75ab33858a3f5a1323d5018d9649e24f53840,SDRW2000001215.1.1.358,audio_pairing_unresolved,alignment_and_analysis,C:\Users\ari30\research\2026_summer_research\outputs\reports\PLAN_2020_wav_duration_recovery_20260801.csv,approved,target_unresolved
2020,7b52204cdb2119b057e5d961ecd75ab33858a3f5a1323d5018d9649e24f53840,SDRW2000001215.1.1.359,audio_pairing_unresolved,alignment_and_analysis,C:\Users\ari30\research\2026_summer_research\outputs\reports\PLAN_2020_wav_duration_recovery_20260801.csv,approved,target_unresolved
2020,7b52204cdb2119b057e5d961ecd75ab33858a3f5a1323d5018d9649e24f53840,SDRW2000001215.1.1.83,audio_pairing_unresolved,alignment_and_analysis,C:\Users\ari30\research\2026_summer_research\outputs\reports\PLAN_2020_wav_duration_recovery_20260801.csv,approved,target_unresolved
2020,7b52204cdb2119b057e5d961ecd75ab33858a3f5a1323d5018d9649e24f53840,SDRW2000001215.1.1.84,audio_pairing_unresolved,alignment_and_analysis,C:\Users\ari30\research\2026_summer_research\outputs\reports\PLAN_2020_wav_duration_recovery_20260801.csv,approved,target_unresolved
2020,7b52204cdb2119b057e5d961ecd75ab33858a3f5a1323d5018d9649e24f53840,SDRW2000001215.1.1.90,audio_pairing_unresolved,alignment_and_analysis,C:\Users\ari30\research\2026_summer_research\outputs\reports\PLAN_2020_wav_duration_recovery_20260801.csv,approved,target_unresolved
2020,7b52204cdb2119b057e5d961ecd75ab33858a3f5a1323d5018d9649e24f53840,SDRW2000001215.1.1.91,audio_pairing_unresolved,alignment_and_analysis,C:\Users\ari30\research\2026_summer_research\outputs\reports\PLAN_2020_wav_duration_recovery_20260801.csv,approved,target_unresolved
2020,7b52204cdb2119b057e5d961ecd75ab33858a3f5a1323d5018d9649e24f53840,SDRW2000001217.1.1.113,audio_pairing_unresolved,alignment_and_analysis,C:\Users\ari30\research\2026_summer_research\outputs\reports\PLAN_2020_wav_duration_recovery_20260801.csv,approved,target_unresolved
2020,7b52204cdb2119b057e5d961ecd75ab33858a3f5a1323d5018d9649e24f53840,SDRW2000001217.1.1.114,audio_pairing_unresolved,alignment_and_analysis,C:\Users\ari30\research\2026_summer_research\outputs\reports\PLAN_2020_wav_duration_recovery_20260801.csv,approved,target_unresolved
2020,7b52204cdb2119b057e5d961ecd75ab33858a3f5a1323d5018d9649e24f53840,SDRW2000001217.1.1.184,audio_pairing_unresolved,alignment_and_analysis,C:\Users\ari30\research\2026_summer_research\outputs\reports\PLAN_2020_wav_duration_recovery_20260801.csv,approved,target_unresolved
2020,7b52204cdb2119b057e5d961ecd75ab33858a3f5a1323d5018d9649e24f53840,SDRW2000001217.1.1.185,audio_pairing_unresolved,alignment_and_analysis,C:\Users\ari30\research\2026_summer_research\outputs\reports\PLAN_2020_wav_duration_recovery_20260801.csv,approved,target_unresolved
2020,7b52204cdb2119b057e5d961ecd75ab33858a3f5a1323d5018d9649e24f53840,SDRW2000001217.1.1.186,audio_pairing_unresolved,alignment_and_analysis,C:\Users\ari30\research\2026_summer_research\outputs\reports\PLAN_2020_wav_duration_recovery_20260801.csv,approved,target_unresolved
2020,7b52204cdb2119b057e5d961ecd75ab33858a3f5a1323d5018d9649e24f53840,SDRW2000001217.1.1.187,audio_pairing_unresolved,alignment_and_analysis,C:\Users\ari30\research\2026_summer_research\outputs\reports\PLAN_2020_wav_duration_recovery_20260801.csv,approved,target_unresolved
2020,7b52204cdb2119b057e5d961ecd75ab33858a3f5a1323d5018d9649e24f53840,SDRW2000001217.1.1.19,audio_pairing_unresolved,alignment_and_analysis,C:\Users\ari30\research\2026_summer_research\outputs\reports\PLAN_2020_wav_duration_recovery_20260801.csv,approved,target_unresolved
2020,7b52204cdb2119b057e5d961ecd75ab33858a3f5a1323d5018d9649e24f53840,SDRW2000001217.1.1.20,audio_pairing_unresolved,alignment_and_analysis,C:\Users\ari30\research\2026_summer_research\outputs\reports\PLAN_2020_wav_duration_recovery_20260801.csv,approved,target_unresolved
2020,7b52204cdb2119b057e5d961ecd75ab33858a3f5a1323d5018d9649e24f53840,SDRW2000001217.1.1.21,audio_pairing_unresolved,alignment_and_analysis,C:\Users\ari30\research\2026_summer_research\outputs\reports\PLAN_2020_wav_duration_recovery_20260801.csv,approved,target_unresolved
2020,7b52204cdb2119b057e5d961ecd75ab33858a3f5a1323d5018d9649e24f53840,SDRW2000001217.1.1.22,audio_pairing_unresolved,alignment_and_analysis,C:\Users\ari30\research\2026_summer_research\outputs\reports\PLAN_2020_wav_duration_recovery_20260801.csv,approved,target_unresolved
2020,7b52204cdb2119b057e5d961ecd75ab33858a3f5a1323d5018d9649e24f53840,SDRW2000001217.1.1.276,audio_pairing_unresolved,alignment_and_analysis,C:\Users\ari30\research\2026_summer_research\outputs\reports\PLAN_2020_wav_duration_recovery_20260801.csv,approved,target_unresolved
2020,7b52204cdb2119b057e5d961ecd75ab33858a3f5a1323d5018d9649e24f53840,SDRW2000001217.1.1.277,audio_pairing_unresolved,alignment_and_analysis,C:\Users\ari30\research\2026_summer_research\outputs\reports\PLAN_2020_wav_duration_recovery_20260801.csv,approved,target_unresolved
2020,7b52204cdb2119b057e5d961ecd75ab33858a3f5a1323d5018d9649e24f53840,SDRW2000001217.1.1.31,audio_pairing_unresolved,alignment_and_analysis,C:\Users\ari30\research\2026_summer_research\outputs\reports\PLAN_2020_wav_duration_recovery_20260801.csv,approved,target_unresolved
2020,7b52204cdb2119b057e5d961ecd75ab33858a3f5a1323d5018d9649e24f53840,SDRW2000001217.1.1.32,audio_pairing_unresolved,alignment_and_analysis,C:\Users\ari30\research\2026_summer_research\outputs\reports\PLAN_2020_wav_duration_recovery_20260801.csv,approved,target_unresolved
2020,7b52204cdb2119b057e5d961ecd75ab33858a3f5a1323d5018d9649e24f53840,SDRW2000001217.1.1.340,audio_pairing_unresolved,alignment_and_analysis,C:\Users\ari30\research\2026_summer_research\outputs\reports\PLAN_2020_wav_duration_recovery_20260801.csv,approved,target_unresolved
2020,7b52204cdb2119b057e5d961ecd75ab33858a3f5a1323d5018d9649e24f53840,SDRW2000001217.1.1.341,audio_pairing_unresolved,alignment_and_analysis,C:\Users\ari30\research\2026_summer_research\outputs\reports\PLAN_2020_wav_duration_recovery_20260801.csv,approved,target_unresolved
2020,7b52204cdb2119b057e5d961ecd75ab33858a3f5a1323d5018d9649e24f53840,SDRW2000001217.1.1.349,audio_pairing_unresolved,alignment_and_analysis,C:\Users\ari30\research\2026_summer_research\outputs\reports\PLAN_2020_wav_duration_recovery_20260801.csv,approved,target_unresolved
2020,7b52204cdb2119b057e5d961ecd75ab33858a3f5a1323d5018d9649e24f53840,SDRW2000001217.1.1.350,audio_pairing_unresolved,alignment_and_analysis,C:\Users\ari30\research\2026_summer_research\outputs\reports\PLAN_2020_wav_duration_recovery_20260801.csv,approved,target_unresolved
2020,7b52204cdb2119b057e5d961ecd75ab33858a3f5a1323d5018d9649e24f53840,SDRW2000001218.1.1.221,empty_reference_unresolved_symbol,alignment_and_analysis,D:\mfa_eojeol\logs\lab_build_2020_7b52204cdb21_unresolved_symbols.csv,approved,empty_reference_form; unresolved_symbol; no_LAB_generated
2020,7b52204cdb2119b057e5d961ecd75ab33858a3f5a1323d5018d9649e24f53840,SDRW2000001220.1.1.230,empty_reference_unresolved_symbol,alignment_and_analysis,D:\mfa_eojeol\logs\lab_build_2020_7b52204cdb21_unresolved_symbols.csv,approved,empty_reference_form; unresolved_symbol; no_LAB_generated
2020,7b52204cdb2119b057e5d961ecd75ab33858a3f5a1323d5018d9649e24f53840,SDRW2000001223.1.1.150,audio_pairing_unresolved,alignment_and_analysis,C:\Users\ari30\research\2026_summer_research\outputs\reports\PLAN_2020_wav_duration_recovery_20260801.csv,approved,target_unresolved
2020,7b52204cdb2119b057e5d961ecd75ab33858a3f5a1323d5018d9649e24f53840,SDRW2000001223.1.1.151,audio_pairing_unresolved,alignment_and_analysis,C:\Users\ari30\research\2026_summer_research\outputs\reports\PLAN_2020_wav_duration_recovery_20260801.csv,approved,target_unresolved
2020,7b52204cdb2119b057e5d961ecd75ab33858a3f5a1323d5018d9649e24f53840,SDRW2000001223.1.1.170,audio_pairing_unresolved,alignment_and_analysis,C:\Users\ari30\research\2026_summer_research\outputs\reports\PLAN_2020_wav_duration_recovery_20260801.csv,approved,target_unresolved
2020,7b52204cdb2119b057e5d961ecd75ab33858a3f5a1323d5018d9649e24f53840,SDRW2000001223.1.1.171,audio_pairing_unresolved,alignment_and_analysis,C:\Users\ari30\research\2026_summer_research\outputs\reports\PLAN_2020_wav_duration_recovery_20260801.csv,approved,target_unresolved
2020,7b52204cdb2119b057e5d961ecd75ab33858a3f5a1323d5018d9649e24f53840,SDRW2000001223.1.1.243,audio_pairing_unresolved,alignment_and_analysis,C:\Users\ari30\research\2026_summer_research\outputs\reports\PLAN_2020_wav_duration_recovery_20260801.csv,approved,target_unresolved
2020,7b52204cdb2119b057e5d961ecd75ab33858a3f5a1323d5018d9649e24f53840,SDRW2000001223.1.1.244,audio_pairing_unresolved,alignment_and_analysis,C:\Users\ari30\research\2026_summer_research\outputs\reports\PLAN_2020_wav_duration_recovery_20260801.csv,approved,target_unresolved
2020,7b52204cdb2119b057e5d961ecd75ab33858a3f5a1323d5018d9649e24f53840,SDRW2000001223.1.1.403,audio_pairing_unresolved,alignment_and_analysis,C:\Users\ari30\research\2026_summer_research\outputs\reports\PLAN_2020_wav_duration_recovery_20260801.csv,approved,target_unresolved
2020,7b52204cdb2119b057e5d961ecd75ab33858a3f5a1323d5018d9649e24f53840,SDRW2000001223.1.1.404,audio_pairing_unresolved,alignment_and_analysis,C:\Users\ari30\research\2026_summer_research\outputs\reports\PLAN_2020_wav_duration_recovery_20260801.csv,approved,target_unresolved
2020,7b52204cdb2119b057e5d961ecd75ab33858a3f5a1323d5018d9649e24f53840,SDRW2000001223.1.1.50,audio_pairing_unresolved,alignment_and_analysis,C:\Users\ari30\research\2026_summer_research\outputs\reports\PLAN_2020_wav_duration_recovery_20260801.csv,approved,target_unresolved
2020,7b52204cdb2119b057e5d961ecd75ab33858a3f5a1323d5018d9649e24f53840,SDRW2000001223.1.1.51,audio_pairing_unresolved,alignment_and_analysis,C:\Users\ari30\research\2026_summer_research\outputs\reports\PLAN_2020_wav_duration_recovery_20260801.csv,approved,target_unresolved
2020,7b52204cdb2119b057e5d961ecd75ab33858a3f5a1323d5018d9649e24f53840,SDRW2000001223.1.1.60,audio_pairing_unresolved,alignment_and_analysis,C:\Users\ari30\research\2026_summer_research\outputs\reports\PLAN_2020_wav_duration_recovery_20260801.csv,approved,target_unresolved
2020,7b52204cdb2119b057e5d961ecd75ab33858a3f5a1323d5018d9649e24f53840,SDRW2000001223.1.1.61,audio_pairing_unresolved,alignment_and_analysis,C:\Users\ari30\research\2026_summer_research\outputs\reports\PLAN_2020_wav_duration_recovery_20260801.csv,approved,target_unresolved
2020,7b52204cdb2119b057e5d961ecd75ab33858a3f5a1323d5018d9649e24f53840,SDRW2000001223.1.1.81,audio_pairing_unresolved,alignment_and_analysis,C:\Users\ari30\research\2026_summer_research\outputs\reports\PLAN_2020_wav_duration_recovery_20260801.csv,approved,target_unresolved
2020,7b52204cdb2119b057e5d961ecd75ab33858a3f5a1323d5018d9649e24f53840,SDRW2000001223.1.1.82,audio_pairing_unresolved,alignment_and_analysis,C:\Users\ari30\research\2026_summer_research\outputs\reports\PLAN_2020_wav_duration_recovery_20260801.csv,approved,ambiguous_short_match
2020,7b52204cdb2119b057e5d961ecd75ab33858a3f5a1323d5018d9649e24f53840,SDRW2000001223.1.1.83,audio_pairing_unresolved,alignment_and_analysis,C:\Users\ari30\research\2026_summer_research\outputs\reports\PLAN_2020_wav_duration_recovery_20260801.csv,approved,target_unresolved
2020,7b52204cdb2119b057e5d961ecd75ab33858a3f5a1323d5018d9649e24f53840,SDRW2000001223.1.1.84,audio_pairing_unresolved,alignment_and_analysis,C:\Users\ari30\research\2026_summer_research\outputs\reports\PLAN_2020_wav_duration_recovery_20260801.csv,approved,target_unresolved
2020,7b52204cdb2119b057e5d961ecd75ab33858a3f5a1323d5018d9649e24f53840,SDRW2000001223.1.1.85,audio_pairing_unresolved,alignment_and_analysis,C:\Users\ari30\research\2026_summer_research\outputs\reports\PLAN_2020_wav_duration_recovery_20260801.csv,approved,target_unresolved
2020,7b52204cdb2119b057e5d961ecd75ab33858a3f5a1323d5018d9649e24f53840,SDRW2000001248.1.1.155,empty_reference_unresolved_symbol,alignment_and_analysis,D:\mfa_eojeol\logs\lab_build_2020_7b52204cdb21_unresolved_symbols.csv,approved,empty_reference_form; unresolved_symbol; no_LAB_generated
2020,7b52204cdb2119b057e5d961ecd75ab33858a3f5a1323d5018d9649e24f53840,SDRW2000001277.1.1.46,audio_pairing_unresolved,alignment_and_analysis,C:\Users\ari30\research\2026_summer_research\outputs\reports\PLAN_2020_wav_duration_recovery_20260801.csv,approved,target_unresolved
2020,7b52204cdb2119b057e5d961ecd75ab33858a3f5a1323d5018d9649e24f53840,SDRW2000001313.1.1.295,empty_reference_unresolved_symbol,alignment_and_analysis,D:\mfa_eojeol\logs\lab_build_2020_7b52204cdb21_unresolved_symbols.csv,approved,empty_reference_form; unresolved_symbol; no_LAB_generated
2020,7b52204cdb2119b057e5d961ecd75ab33858a3f5a1323d5018d9649e24f53840,SDRW2000001407.1.1.265,empty_reference_unresolved_symbol,alignment_and_analysis,D:\mfa_eojeol\logs\lab_build_2020_7b52204cdb21_unresolved_symbols.csv,approved,empty_reference_form; unresolved_symbol; no_LAB_generated
2020,7b52204cdb2119b057e5d961ecd75ab33858a3f5a1323d5018d9649e24f53840,SDRW2000001425.1.1.138,empty_reference_unresolved_symbol,alignment_and_analysis,D:\mfa_eojeol\logs\lab_build_2020_7b52204cdb21_unresolved_symbols.csv,approved,empty_reference_form; unresolved_symbol; no_LAB_generated
2020,7b52204cdb2119b057e5d961ecd75ab33858a3f5a1323d5018d9649e24f53840,SDRW2000001426.1.1.16,empty_reference_unresolved_symbol,alignment_and_analysis,D:\mfa_eojeol\logs\lab_build_2020_7b52204cdb21_unresolved_symbols.csv,approved,empty_reference_form; unresolved_symbol; no_LAB_generated
2020,7b52204cdb2119b057e5d961ecd75ab33858a3f5a1323d5018d9649e24f53840,SDRW2000001426.1.1.49,empty_reference_unresolved_symbol,alignment_and_analysis,D:\mfa_eojeol\logs\lab_build_2020_7b52204cdb21_unresolved_symbols.csv,approved,empty_reference_form; unresolved_symbol; no_LAB_generated
2020,7b52204cdb2119b057e5d961ecd75ab33858a3f5a1323d5018d9649e24f53840,SDRW2000001438.1.1.177,empty_reference_unresolved_symbol,alignment_and_analysis,D:\mfa_eojeol\logs\lab_build_2020_7b52204cdb21_unresolved_symbols.csv,approved,empty_reference_form; unresolved_symbol; no_LAB_generated
2020,7b52204cdb2119b057e5d961ecd75ab33858a3f5a1323d5018d9649e24f53840,SDRW2000001446.1.1.4,audio_pairing_unresolved,alignment_and_analysis,C:\Users\ari30\research\2026_summer_research\outputs\reports\PLAN_2020_wav_duration_recovery_20260801.csv,approved,target_unresolved
2020,7b52204cdb2119b057e5d961ecd75ab33858a3f5a1323d5018d9649e24f53840,SDRW2000001455.1.1.226,empty_reference_unresolved_symbol,alignment_and_analysis,D:\mfa_eojeol\logs\lab_build_2020_7b52204cdb21_unresolved_symbols.csv,approved,empty_reference_form; unresolved_symbol; no_LAB_generated
2020,7b52204cdb2119b057e5d961ecd75ab33858a3f5a1323d5018d9649e24f53840,SDRW2000001500.1.1.99,audio_pairing_unresolved,alignment_and_analysis,C:\Users\ari30\research\2026_summer_research\outputs\reports\PLAN_2020_wav_duration_recovery_20260801.csv,approved,target_unresolved
2020,7b52204cdb2119b057e5d961ecd75ab33858a3f5a1323d5018d9649e24f53840,SDRW2000001501.1.1.249,audio_pairing_unresolved,alignment_and_analysis,C:\Users\ari30\research\2026_summer_research\outputs\reports\PLAN_2020_wav_duration_recovery_20260801.csv,approved,target_unresolved
2020,7b52204cdb2119b057e5d961ecd75ab33858a3f5a1323d5018d9649e24f53840,SDRW2000001505.1.1.117,audio_pairing_unresolved,alignment_and_analysis,C:\Users\ari30\research\2026_summer_research\outputs\reports\PLAN_2020_wav_duration_recovery_20260801.csv,approved,target_unresolved
2020,7b52204cdb2119b057e5d961ecd75ab33858a3f5a1323d5018d9649e24f53840,SDRW2000001543.1.1.109,audio_pairing_unresolved,alignment_and_analysis,C:\Users\ari30\research\2026_summer_research\outputs\reports\PLAN_2020_wav_duration_recovery_20260801.csv,approved,target_unresolved
2020,7b52204cdb2119b057e5d961ecd75ab33858a3f5a1323d5018d9649e24f53840,SDRW2000001548.1.1.305,audio_pairing_unresolved,alignment_and_analysis,C:\Users\ari30\research\2026_summer_research\outputs\reports\PLAN_2020_wav_duration_recovery_20260801.csv,approved,target_unresolved
2020,7b52204cdb2119b057e5d961ecd75ab33858a3f5a1323d5018d9649e24f53840,SDRW2000001557.1.1.407,audio_pairing_unresolved,alignment_and_analysis,C:\Users\ari30\research\2026_summer_research\outputs\reports\PLAN_2020_wav_duration_recovery_20260801.csv,approved,target_unresolved
2020,7b52204cdb2119b057e5d961ecd75ab33858a3f5a1323d5018d9649e24f53840,SDRW2000001561.1.1.49,audio_pairing_unresolved,alignment_and_analysis,C:\Users\ari30\research\2026_summer_research\outputs\reports\PLAN_2020_wav_duration_recovery_20260801.csv,approved,target_unresolved
2020,7b52204cdb2119b057e5d961ecd75ab33858a3f5a1323d5018d9649e24f53840,SDRW2000001576.1.1.441,audio_pairing_unresolved,alignment_and_analysis,C:\Users\ari30\research\2026_summer_research\outputs\reports\PLAN_2020_wav_duration_recovery_20260801.csv,approved,target_unresolved
2020,7b52204cdb2119b057e5d961ecd75ab33858a3f5a1323d5018d9649e24f53840,SDRW2000001584.1.1.295,audio_pairing_unresolved,alignment_and_analysis,C:\Users\ari30\research\2026_summer_research\outputs\reports\PLAN_2020_wav_duration_recovery_20260801.csv,approved,target_unresolved
2020,7b52204cdb2119b057e5d961ecd75ab33858a3f5a1323d5018d9649e24f53840,SDRW2000001589.1.1.302,audio_pairing_unresolved,alignment_and_analysis,C:\Users\ari30\research\2026_summer_research\outputs\reports\PLAN_2020_wav_duration_recovery_20260801.csv,approved,target_unresolved
2020,7b52204cdb2119b057e5d961ecd75ab33858a3f5a1323d5018d9649e24f53840,SDRW2000001595.1.1.157,empty_reference_unresolved_symbol,alignment_and_analysis,D:\mfa_eojeol\logs\lab_build_2020_7b52204cdb21_unresolved_symbols.csv,approved,empty_reference_form; unresolved_symbol; no_LAB_generated
2020,7b52204cdb2119b057e5d961ecd75ab33858a3f5a1323d5018d9649e24f53840,SDRW2000001596.1.1.405,audio_pairing_unresolved,alignment_and_analysis,C:\Users\ari30\research\2026_summer_research\outputs\reports\PLAN_2020_wav_duration_recovery_20260801.csv,approved,target_unresolved
2020,7b52204cdb2119b057e5d961ecd75ab33858a3f5a1323d5018d9649e24f53840,SDRW2000001645.1.1.134,audio_pairing_unresolved,alignment_and_analysis,C:\Users\ari30\research\2026_summer_research\outputs\reports\PLAN_2020_wav_duration_recovery_20260801.csv,approved,target_unresolved
2020,7b52204cdb2119b057e5d961ecd75ab33858a3f5a1323d5018d9649e24f53840,SDRW2000001662.1.1.83,audio_pairing_unresolved,alignment_and_analysis,C:\Users\ari30\research\2026_summer_research\outputs\reports\PLAN_2020_wav_duration_recovery_20260801.csv,approved,target_unresolved
2020,7b52204cdb2119b057e5d961ecd75ab33858a3f5a1323d5018d9649e24f53840,SDRW2000001673.1.1.187,audio_pairing_unresolved,alignment_and_analysis,C:\Users\ari30\research\2026_summer_research\outputs\reports\PLAN_2020_wav_duration_recovery_20260801.csv,approved,target_unresolved
2020,7b52204cdb2119b057e5d961ecd75ab33858a3f5a1323d5018d9649e24f53840,SDRW2000001682.1.1.160,audio_pairing_unresolved,alignment_and_analysis,C:\Users\ari30\research\2026_summer_research\outputs\reports\PLAN_2020_wav_duration_recovery_20260801.csv,approved,target_unresolved
2020,7b52204cdb2119b057e5d961ecd75ab33858a3f5a1323d5018d9649e24f53840,SDRW2000001683.1.1.342,empty_reference_unresolved_symbol,alignment_and_analysis,D:\mfa_eojeol\logs\lab_build_2020_7b52204cdb21_unresolved_symbols.csv,approved,empty_reference_form; unresolved_symbol; no_LAB_generated
2020,7b52204cdb2119b057e5d961ecd75ab33858a3f5a1323d5018d9649e24f53840,SDRW2000001688.1.1.159,audio_pairing_unresolved,alignment_and_analysis,C:\Users\ari30\research\2026_summer_research\outputs\reports\PLAN_2020_wav_duration_recovery_20260801.csv,approved,target_unresolved
2020,7b52204cdb2119b057e5d961ecd75ab33858a3f5a1323d5018d9649e24f53840,SDRW2000001703.1.1.119,audio_pairing_unresolved,alignment_and_analysis,C:\Users\ari30\research\2026_summer_research\outputs\reports\PLAN_2020_wav_duration_recovery_20260801.csv,approved,target_unresolved
2020,7b52204cdb2119b057e5d961ecd75ab33858a3f5a1323d5018d9649e24f53840,SDRW2000001707.1.1.215,audio_pairing_unresolved,alignment_and_analysis,C:\Users\ari30\research\2026_summer_research\outputs\reports\PLAN_2020_wav_duration_recovery_20260801.csv,approved,target_unresolved
2020,7b52204cdb2119b057e5d961ecd75ab33858a3f5a1323d5018d9649e24f53840,SDRW2000001709.1.1.172,audio_pairing_unresolved,alignment_and_analysis,C:\Users\ari30\research\2026_summer_research\outputs\reports\PLAN_2020_wav_duration_recovery_20260801.csv,approved,target_unresolved
2020,7b52204cdb2119b057e5d961ecd75ab33858a3f5a1323d5018d9649e24f53840,SDRW2000001710.1.1.152,empty_reference_unresolved_symbol,alignment_and_analysis,D:\mfa_eojeol\logs\lab_build_2020_7b52204cdb21_unresolved_symbols.csv,approved,empty_reference_form; unresolved_symbol; no_LAB_generated
2020,7b52204cdb2119b057e5d961ecd75ab33858a3f5a1323d5018d9649e24f53840,SDRW2000001713.1.1.260,audio_pairing_unresolved,alignment_and_analysis,C:\Users\ari30\research\2026_summer_research\outputs\reports\PLAN_2020_wav_duration_recovery_20260801.csv,approved,target_unresolved
2020,7b52204cdb2119b057e5d961ecd75ab33858a3f5a1323d5018d9649e24f53840,SDRW2000001713.1.1.261,audio_pairing_unresolved,alignment_and_analysis,C:\Users\ari30\research\2026_summer_research\outputs\reports\PLAN_2020_wav_duration_recovery_20260801.csv,approved,target_unresolved
2020,7b52204cdb2119b057e5d961ecd75ab33858a3f5a1323d5018d9649e24f53840,SDRW2000001713.1.1.82,audio_pairing_unresolved,alignment_and_analysis,C:\Users\ari30\research\2026_summer_research\outputs\reports\PLAN_2020_wav_duration_recovery_20260801.csv,approved,target_unresolved
2020,7b52204cdb2119b057e5d961ecd75ab33858a3f5a1323d5018d9649e24f53840,SDRW2000001716.1.1.385,audio_pairing_unresolved,alignment_and_analysis,C:\Users\ari30\research\2026_summer_research\outputs\reports\PLAN_2020_wav_duration_recovery_20260801.csv,approved,target_unresolved
2020,7b52204cdb2119b057e5d961ecd75ab33858a3f5a1323d5018d9649e24f53840,SDRW2000001716.1.1.386,audio_pairing_unresolved,alignment_and_analysis,C:\Users\ari30\research\2026_summer_research\outputs\reports\PLAN_2020_wav_duration_recovery_20260801.csv,approved,target_unresolved
2020,7b52204cdb2119b057e5d961ecd75ab33858a3f5a1323d5018d9649e24f53840,SDRW2000001716.1.1.387,audio_pairing_unresolved,alignment_and_analysis,C:\Users\ari30\research\2026_summer_research\outputs\reports\PLAN_2020_wav_duration_recovery_20260801.csv,approved,target_unresolved
2020,7b52204cdb2119b057e5d961ecd75ab33858a3f5a1323d5018d9649e24f53840,SDRW2000001719.1.1.344,audio_pairing_unresolved,alignment_and_analysis,C:\Users\ari30\research\2026_summer_research\outputs\reports\PLAN_2020_wav_duration_recovery_20260801.csv,approved,target_unresolved
2020,7b52204cdb2119b057e5d961ecd75ab33858a3f5a1323d5018d9649e24f53840,SDRW2000001723.1.1.72,audio_pairing_unresolved,alignment_and_analysis,C:\Users\ari30\research\2026_summer_research\outputs\reports\PLAN_2020_wav_duration_recovery_20260801.csv,approved,target_unresolved
2020,7b52204cdb2119b057e5d961ecd75ab33858a3f5a1323d5018d9649e24f53840,SDRW2000001735.1.1.80,empty_reference_unresolved_symbol,alignment_and_analysis,D:\mfa_eojeol\logs\lab_build_2020_7b52204cdb21_unresolved_symbols.csv,approved,empty_reference_form; unresolved_symbol; no_LAB_generated
2020,7b52204cdb2119b057e5d961ecd75ab33858a3f5a1323d5018d9649e24f53840,SDRW2000001750.1.1.88,audio_pairing_unresolved,alignment_and_analysis,C:\Users\ari30\research\2026_summer_research\outputs\reports\PLAN_2020_wav_duration_recovery_20260801.csv,approved,target_unresolved
2020,7b52204cdb2119b057e5d961ecd75ab33858a3f5a1323d5018d9649e24f53840,SDRW2000001752.1.1.327,audio_pairing_unresolved,alignment_and_analysis,C:\Users\ari30\research\2026_summer_research\outputs\reports\PLAN_2020_wav_duration_recovery_20260801.csv,approved,target_unresolved
2020,7b52204cdb2119b057e5d961ecd75ab33858a3f5a1323d5018d9649e24f53840,SDRW2000001766.1.1.105,audio_pairing_unresolved,alignment_and_analysis,C:\Users\ari30\research\2026_summer_research\outputs\reports\PLAN_2020_wav_duration_recovery_20260801.csv,approved,target_unresolved
2020,7b52204cdb2119b057e5d961ecd75ab33858a3f5a1323d5018d9649e24f53840,SDRW2000001767.1.1.156,audio_pairing_unresolved,alignment_and_analysis,C:\Users\ari30\research\2026_summer_research\outputs\reports\PLAN_2020_wav_duration_recovery_20260801.csv,approved,target_unresolved
2020,7b52204cdb2119b057e5d961ecd75ab33858a3f5a1323d5018d9649e24f53840,SDRW2000001767.1.1.51,audio_pairing_unresolved,alignment_and_analysis,C:\Users\ari30\research\2026_summer_research\outputs\reports\PLAN_2020_wav_duration_recovery_20260801.csv,approved,target_unresolved
2020,7b52204cdb2119b057e5d961ecd75ab33858a3f5a1323d5018d9649e24f53840,SDRW2000001768.1.1.76,empty_reference_unresolved_symbol,alignment_and_analysis,D:\mfa_eojeol\logs\lab_build_2020_7b52204cdb21_unresolved_symbols.csv,approved,empty_reference_form; unresolved_symbol; no_LAB_generated
2020,7b52204cdb2119b057e5d961ecd75ab33858a3f5a1323d5018d9649e24f53840,SDRW2000001774.1.1.392,audio_pairing_unresolved,alignment_and_analysis,C:\Users\ari30\research\2026_summer_research\outputs\reports\PLAN_2020_wav_duration_recovery_20260801.csv,approved,target_unresolved
2020,7b52204cdb2119b057e5d961ecd75ab33858a3f5a1323d5018d9649e24f53840,SDRW2000001793.1.1.238,audio_pairing_unresolved,alignment_and_analysis,C:\Users\ari30\research\2026_summer_research\outputs\reports\PLAN_2020_wav_duration_recovery_20260801.csv,approved,target_unresolved
2020,7b52204cdb2119b057e5d961ecd75ab33858a3f5a1323d5018d9649e24f53840,SDRW2000001793.1.1.239,audio_pairing_unresolved,alignment_and_analysis,C:\Users\ari30\research\2026_summer_research\outputs\reports\PLAN_2020_wav_duration_recovery_20260801.csv,approved,target_unresolved
2020,7b52204cdb2119b057e5d961ecd75ab33858a3f5a1323d5018d9649e24f53840,SDRW2000001793.1.1.244,audio_pairing_unresolved,alignment_and_analysis,C:\Users\ari30\research\2026_summer_research\outputs\reports\PLAN_2020_wav_duration_recovery_20260801.csv,approved,target_unresolved
2020,7b52204cdb2119b057e5d961ecd75ab33858a3f5a1323d5018d9649e24f53840,SDRW2000001793.1.1.30,audio_pairing_unresolved,alignment_and_analysis,C:\Users\ari30\research\2026_summer_research\outputs\reports\PLAN_2020_wav_duration_recovery_20260801.csv,approved,target_unresolved
2020,7b52204cdb2119b057e5d961ecd75ab33858a3f5a1323d5018d9649e24f53840,SDRW2000001793.1.1.307,audio_pairing_unresolved,alignment_and_analysis,C:\Users\ari30\research\2026_summer_research\outputs\reports\PLAN_2020_wav_duration_recovery_20260801.csv,approved,target_unresolved
2020,7b52204cdb2119b057e5d961ecd75ab33858a3f5a1323d5018d9649e24f53840,SDRW2000001793.1.1.308,audio_pairing_unresolved,alignment_and_analysis,C:\Users\ari30\research\2026_summer_research\outputs\reports\PLAN_2020_wav_duration_recovery_20260801.csv,approved,target_unresolved
2020,7b52204cdb2119b057e5d961ecd75ab33858a3f5a1323d5018d9649e24f53840,SDRW2000001793.1.1.31,audio_pairing_unresolved,alignment_and_analysis,C:\Users\ari30\research\2026_summer_research\outputs\reports\PLAN_2020_wav_duration_recovery_20260801.csv,approved,target_unresolved
2020,7b52204cdb2119b057e5d961ecd75ab33858a3f5a1323d5018d9649e24f53840,SDRW2000001793.1.1.329,audio_pairing_unresolved,alignment_and_analysis,C:\Users\ari30\research\2026_summer_research\outputs\reports\PLAN_2020_wav_duration_recovery_20260801.csv,approved,target_unresolved
2020,7b52204cdb2119b057e5d961ecd75ab33858a3f5a1323d5018d9649e24f53840,SDRW2000001793.1.1.330,audio_pairing_unresolved,alignment_and_analysis,C:\Users\ari30\research\2026_summer_research\outputs\reports\PLAN_2020_wav_duration_recovery_20260801.csv,approved,target_unresolved
2020,7b52204cdb2119b057e5d961ecd75ab33858a3f5a1323d5018d9649e24f53840,SDRW2000001793.1.1.61,audio_pairing_unresolved,alignment_and_analysis,C:\Users\ari30\research\2026_summer_research\outputs\reports\PLAN_2020_wav_duration_recovery_20260801.csv,approved,target_unresolved
2020,7b52204cdb2119b057e5d961ecd75ab33858a3f5a1323d5018d9649e24f53840,SDRW2000001793.1.1.62,audio_pairing_unresolved,alignment_and_analysis,C:\Users\ari30\research\2026_summer_research\outputs\reports\PLAN_2020_wav_duration_recovery_20260801.csv,approved,target_unresolved
2020,7b52204cdb2119b057e5d961ecd75ab33858a3f5a1323d5018d9649e24f53840,SDRW2000001831.1.1.260,audio_pairing_unresolved,alignment_and_analysis,C:\Users\ari30\research\2026_summer_research\outputs\reports\PLAN_2020_wav_duration_recovery_20260801.csv,approved,target_unresolved
2020,7b52204cdb2119b057e5d961ecd75ab33858a3f5a1323d5018d9649e24f53840,SDRW2000001848.1.1.178,audio_pairing_unresolved,alignment_and_analysis,C:\Users\ari30\research\2026_summer_research\outputs\reports\PLAN_2020_wav_duration_recovery_20260801.csv,approved,target_unresolved
2020,7b52204cdb2119b057e5d961ecd75ab33858a3f5a1323d5018d9649e24f53840,SDRW2000001848.1.1.238,audio_pairing_unresolved,alignment_and_analysis,C:\Users\ari30\research\2026_summer_research\outputs\reports\PLAN_2020_wav_duration_recovery_20260801.csv,approved,target_unresolved
2020,7b52204cdb2119b057e5d961ecd75ab33858a3f5a1323d5018d9649e24f53840,SDRW2000001848.1.1.351,audio_pairing_unresolved,alignment_and_analysis,C:\Users\ari30\research\2026_summer_research\outputs\reports\PLAN_2020_wav_duration_recovery_20260801.csv,approved,target_unresolved
2020,7b52204cdb2119b057e5d961ecd75ab33858a3f5a1323d5018d9649e24f53840,SDRW2000001848.1.1.352,audio_pairing_unresolved,alignment_and_analysis,C:\Users\ari30\research\2026_summer_research\outputs\reports\PLAN_2020_wav_duration_recovery_20260801.csv,approved,target_unresolved
2020,7b52204cdb2119b057e5d961ecd75ab33858a3f5a1323d5018d9649e24f53840,SDRW2000001848.1.1.366,audio_pairing_unresolved,alignment_and_analysis,C:\Users\ari30\research\2026_summer_research\outputs\reports\PLAN_2020_wav_duration_recovery_20260801.csv,approved,target_unresolved
2020,7b52204cdb2119b057e5d961ecd75ab33858a3f5a1323d5018d9649e24f53840,SDRW2000001848.1.1.95,audio_pairing_unresolved,alignment_and_analysis,C:\Users\ari30\research\2026_summer_research\outputs\reports\PLAN_2020_wav_duration_recovery_20260801.csv,approved,target_unresolved
2020,7b52204cdb2119b057e5d961ecd75ab33858a3f5a1323d5018d9649e24f53840,SDRW2000001848.1.1.96,audio_pairing_unresolved,alignment_and_analysis,C:\Users\ari30\research\2026_summer_research\outputs\reports\PLAN_2020_wav_duration_recovery_20260801.csv,approved,target_unresolved
2020,7b52204cdb2119b057e5d961ecd75ab33858a3f5a1323d5018d9649e24f53840,SDRW2000001854.1.1.191,empty_reference_unresolved_symbol,alignment_and_analysis,D:\mfa_eojeol\logs\lab_build_2020_7b52204cdb21_unresolved_symbols.csv,approved,empty_reference_form; unresolved_symbol; no_LAB_generated
2020,7b52204cdb2119b057e5d961ecd75ab33858a3f5a1323d5018d9649e24f53840,SDRW2000001859.1.1.100,audio_pairing_unresolved,alignment_and_analysis,C:\Users\ari30\research\2026_summer_research\outputs\reports\PLAN_2020_wav_duration_recovery_20260801.csv,approved,target_unresolved
2020,7b52204cdb2119b057e5d961ecd75ab33858a3f5a1323d5018d9649e24f53840,SDRW2000001859.1.1.192,audio_pairing_unresolved,alignment_and_analysis,C:\Users\ari30\research\2026_summer_research\outputs\reports\PLAN_2020_wav_duration_recovery_20260801.csv,approved,target_unresolved
2020,7b52204cdb2119b057e5d961ecd75ab33858a3f5a1323d5018d9649e24f53840,SDRW2000001859.1.1.99,audio_pairing_unresolved,alignment_and_analysis,C:\Users\ari30\research\2026_summer_research\outputs\reports\PLAN_2020_wav_duration_recovery_20260801.csv,approved,target_unresolved
2020,7b52204cdb2119b057e5d961ecd75ab33858a3f5a1323d5018d9649e24f53840,SDRW2000001864.1.1.132,empty_reference_unresolved_symbol,alignment_and_analysis,D:\mfa_eojeol\logs\lab_build_2020_7b52204cdb21_unresolved_symbols.csv,approved,empty_reference_form; unresolved_symbol; no_LAB_generated
2020,7b52204cdb2119b057e5d961ecd75ab33858a3f5a1323d5018d9649e24f53840,SDRW2000001898.1.1.255,empty_reference_unresolved_symbol,alignment_and_analysis,D:\mfa_eojeol\logs\lab_build_2020_7b52204cdb21_unresolved_symbols.csv,approved,empty_reference_form; unresolved_symbol; no_LAB_generated
2020,7b52204cdb2119b057e5d961ecd75ab33858a3f5a1323d5018d9649e24f53840,SDRW2000001967.1.1.126,audio_pairing_unresolved,alignment_and_analysis,C:\Users\ari30\research\2026_summer_research\outputs\reports\PLAN_2020_wav_duration_recovery_20260801.csv,approved,target_unresolved
2020,7b52204cdb2119b057e5d961ecd75ab33858a3f5a1323d5018d9649e24f53840,SDRW2000001967.1.1.127,audio_pairing_unresolved,alignment_and_analysis,C:\Users\ari30\research\2026_summer_research\outputs\reports\PLAN_2020_wav_duration_recovery_20260801.csv,approved,target_unresolved
2020,7b52204cdb2119b057e5d961ecd75ab33858a3f5a1323d5018d9649e24f53840,SDRW2000001967.1.1.131,audio_pairing_unresolved,alignment_and_analysis,C:\Users\ari30\research\2026_summer_research\outputs\reports\PLAN_2020_wav_duration_recovery_20260801.csv,approved,target_unresolved
2020,7b52204cdb2119b057e5d961ecd75ab33858a3f5a1323d5018d9649e24f53840,SDRW2000001967.1.1.132,audio_pairing_unresolved,alignment_and_analysis,C:\Users\ari30\research\2026_summer_research\outputs\reports\PLAN_2020_wav_duration_recovery_20260801.csv,approved,target_unresolved
2020,7b52204cdb2119b057e5d961ecd75ab33858a3f5a1323d5018d9649e24f53840,SDRW2000001967.1.1.140,audio_pairing_unresolved,alignment_and_analysis,C:\Users\ari30\research\2026_summer_research\outputs\reports\PLAN_2020_wav_duration_recovery_20260801.csv,approved,target_unresolved
2020,7b52204cdb2119b057e5d961ecd75ab33858a3f5a1323d5018d9649e24f53840,SDRW2000001967.1.1.141,audio_pairing_unresolved,alignment_and_analysis,C:\Users\ari30\research\2026_summer_research\outputs\reports\PLAN_2020_wav_duration_recovery_20260801.csv,approved,target_unresolved
2020,7b52204cdb2119b057e5d961ecd75ab33858a3f5a1323d5018d9649e24f53840,SDRW2000001967.1.1.220,audio_pairing_unresolved,alignment_and_analysis,C:\Users\ari30\research\2026_summer_research\outputs\reports\PLAN_2020_wav_duration_recovery_20260801.csv,approved,target_unresolved
2020,7b52204cdb2119b057e5d961ecd75ab33858a3f5a1323d5018d9649e24f53840,SDRW2000001967.1.1.221,audio_pairing_unresolved,alignment_and_analysis,C:\Users\ari30\research\2026_summer_research\outputs\reports\PLAN_2020_wav_duration_recovery_20260801.csv,approved,target_unresolved
2020,7b52204cdb2119b057e5d961ecd75ab33858a3f5a1323d5018d9649e24f53840,SDRW2000001967.1.1.222,audio_pairing_unresolved,alignment_and_analysis,C:\Users\ari30\research\2026_summer_research\outputs\reports\PLAN_2020_wav_duration_recovery_20260801.csv,approved,ambiguous_short_match
2020,7b52204cdb2119b057e5d961ecd75ab33858a3f5a1323d5018d9649e24f53840,SDRW2000001967.1.1.223,audio_pairing_unresolved,alignment_and_analysis,C:\Users\ari30\research\2026_summer_research\outputs\reports\PLAN_2020_wav_duration_recovery_20260801.csv,approved,ambiguous_short_match
2020,7b52204cdb2119b057e5d961ecd75ab33858a3f5a1323d5018d9649e24f53840,SDRW2000001967.1.1.224,audio_pairing_unresolved,alignment_and_analysis,C:\Users\ari30\research\2026_summer_research\outputs\reports\PLAN_2020_wav_duration_recovery_20260801.csv,approved,target_unresolved
2020,7b52204cdb2119b057e5d961ecd75ab33858a3f5a1323d5018d9649e24f53840,SDRW2000001967.1.1.225,audio_pairing_unresolved,alignment_and_analysis,C:\Users\ari30\research\2026_summer_research\outputs\reports\PLAN_2020_wav_duration_recovery_20260801.csv,approved,target_unresolved
2020,7b52204cdb2119b057e5d961ecd75ab33858a3f5a1323d5018d9649e24f53840,SDRW2000001967.1.1.333,audio_pairing_unresolved,alignment_and_analysis,C:\Users\ari30\research\2026_summer_research\outputs\reports\PLAN_2020_wav_duration_recovery_20260801.csv,approved,target_unresolved
2020,7b52204cdb2119b057e5d961ecd75ab33858a3f5a1323d5018d9649e24f53840,SDRW2000001967.1.1.334,audio_pairing_unresolved,alignment_and_analysis,C:\Users\ari30\research\2026_summer_research\outputs\reports\PLAN_2020_wav_duration_recovery_20260801.csv,approved,target_unresolved
2020,7b52204cdb2119b057e5d961ecd75ab33858a3f5a1323d5018d9649e24f53840,SDRW2000001967.1.1.52,audio_pairing_unresolved,alignment_and_analysis,C:\Users\ari30\research\2026_summer_research\outputs\reports\PLAN_2020_wav_duration_recovery_20260801.csv,approved,target_unresolved
2020,7b52204cdb2119b057e5d961ecd75ab33858a3f5a1323d5018d9649e24f53840,SDRW2000001967.1.1.53,audio_pairing_unresolved,alignment_and_analysis,C:\Users\ari30\research\2026_summer_research\outputs\reports\PLAN_2020_wav_duration_recovery_20260801.csv,approved,target_unresolved
2020,7b52204cdb2119b057e5d961ecd75ab33858a3f5a1323d5018d9649e24f53840,SDRW2000001981.1.1.37,empty_reference_unresolved_symbol,alignment_and_analysis,D:\mfa_eojeol\logs\lab_build_2020_7b52204cdb21_unresolved_symbols.csv,approved,empty_reference_form; unresolved_symbol; no_LAB_generated
2020,7b52204cdb2119b057e5d961ecd75ab33858a3f5a1323d5018d9649e24f53840,SDRW2000001993.1.1.322,empty_reference_unresolved_symbol,alignment_and_analysis,D:\mfa_eojeol\logs\lab_build_2020_7b52204cdb21_unresolved_symbols.csv,approved,empty_reference_form; unresolved_symbol; no_LAB_generated
2020,7b52204cdb2119b057e5d961ecd75ab33858a3f5a1323d5018d9649e24f53840,SDRW2000002010.1.1.231,empty_reference_unresolved_symbol,alignment_and_analysis,D:\mfa_eojeol\logs\lab_build_2020_7b52204cdb21_unresolved_symbols.csv,approved,empty_reference_form; unresolved_symbol; no_LAB_generated
2020,7b52204cdb2119b057e5d961ecd75ab33858a3f5a1323d5018d9649e24f53840,SDRW2000002109.1.1.313,empty_reference_unresolved_symbol,alignment_and_analysis,D:\mfa_eojeol\logs\lab_build_2020_7b52204cdb21_unresolved_symbols.csv,approved,empty_reference_form; unresolved_symbol; no_LAB_generated
2020,7b52204cdb2119b057e5d961ecd75ab33858a3f5a1323d5018d9649e24f53840,SDRW2000002112.1.1.166,empty_reference_unresolved_symbol,alignment_and_analysis,D:\mfa_eojeol\logs\lab_build_2020_7b52204cdb21_unresolved_symbols.csv,approved,empty_reference_form; unresolved_symbol; no_LAB_generated
2020,7b52204cdb2119b057e5d961ecd75ab33858a3f5a1323d5018d9649e24f53840,SDRW2000002140.1.1.415,empty_reference_unresolved_symbol,alignment_and_analysis,D:\mfa_eojeol\logs\lab_build_2020_7b52204cdb21_unresolved_symbols.csv,approved,empty_reference_form; unresolved_symbol; no_LAB_generated
2020,7b52204cdb2119b057e5d961ecd75ab33858a3f5a1323d5018d9649e24f53840,SDRW2000002218.1.1.134,audio_pairing_unresolved,alignment_and_analysis,C:\Users\ari30\research\2026_summer_research\outputs\reports\PLAN_2020_wav_duration_recovery_20260801.csv,approved,target_unresolved
2020,7b52204cdb2119b057e5d961ecd75ab33858a3f5a1323d5018d9649e24f53840,SDRW2000002218.1.1.135,audio_pairing_unresolved,alignment_and_analysis,C:\Users\ari30\research\2026_summer_research\outputs\reports\PLAN_2020_wav_duration_recovery_20260801.csv,approved,target_unresolved
2020,7b52204cdb2119b057e5d961ecd75ab33858a3f5a1323d5018d9649e24f53840,SDRW2000002218.1.1.249,audio_pairing_unresolved,alignment_and_analysis,C:\Users\ari30\research\2026_summer_research\outputs\reports\PLAN_2020_wav_duration_recovery_20260801.csv,approved,target_unresolved
2020,7b52204cdb2119b057e5d961ecd75ab33858a3f5a1323d5018d9649e24f53840,SDRW2000002218.1.1.250,audio_pairing_unresolved,alignment_and_analysis,C:\Users\ari30\research\2026_summer_research\outputs\reports\PLAN_2020_wav_duration_recovery_20260801.csv,approved,target_unresolved
2020,7b52204cdb2119b057e5d961ecd75ab33858a3f5a1323d5018d9649e24f53840,SDRW2000002218.1.1.271,audio_pairing_unresolved,alignment_and_analysis,C:\Users\ari30\research\2026_summer_research\outputs\reports\PLAN_2020_wav_duration_recovery_20260801.csv,approved,target_unresolved
2020,7b52204cdb2119b057e5d961ecd75ab33858a3f5a1323d5018d9649e24f53840,SDRW2000002218.1.1.388,audio_pairing_unresolved,alignment_and_analysis,C:\Users\ari30\research\2026_summer_research\outputs\reports\PLAN_2020_wav_duration_recovery_20260801.csv,approved,target_unresolved
2020,7b52204cdb2119b057e5d961ecd75ab33858a3f5a1323d5018d9649e24f53840,SDRW2000002218.1.1.389,audio_pairing_unresolved,alignment_and_analysis,C:\Users\ari30\research\2026_summer_research\outputs\reports\PLAN_2020_wav_duration_recovery_20260801.csv,approved,target_unresolved
2020,7b52204cdb2119b057e5d961ecd75ab33858a3f5a1323d5018d9649e24f53840,SDRW2000002218.1.1.452,audio_pairing_unresolved,alignment_and_analysis,C:\Users\ari30\research\2026_summer_research\outputs\reports\PLAN_2020_wav_duration_recovery_20260801.csv,approved,target_unresolved
2020,7b52204cdb2119b057e5d961ecd75ab33858a3f5a1323d5018d9649e24f53840,SDRW2000002218.1.1.63,audio_pairing_unresolved,alignment_and_analysis,C:\Users\ari30\research\2026_summer_research\outputs\reports\PLAN_2020_wav_duration_recovery_20260801.csv,approved,target_unresolved
2020,7b52204cdb2119b057e5d961ecd75ab33858a3f5a1323d5018d9649e24f53840,SDRW2000002218.1.1.64,audio_pairing_unresolved,alignment_and_analysis,C:\Users\ari30\research\2026_summer_research\outputs\reports\PLAN_2020_wav_duration_recovery_20260801.csv,approved,target_unresolved
2020,7b52204cdb2119b057e5d961ecd75ab33858a3f5a1323d5018d9649e24f53840,SDRW2000002218.1.1.79,audio_pairing_unresolved,alignment_and_analysis,C:\Users\ari30\research\2026_summer_research\outputs\reports\PLAN_2020_wav_duration_recovery_20260801.csv,approved,target_unresolved
2020,7b52204cdb2119b057e5d961ecd75ab33858a3f5a1323d5018d9649e24f53840,SDRW2000002218.1.1.83,audio_pairing_unresolved,alignment_and_analysis,C:\Users\ari30\research\2026_summer_research\outputs\reports\PLAN_2020_wav_duration_recovery_20260801.csv,approved,target_unresolved
2020,7b52204cdb2119b057e5d961ecd75ab33858a3f5a1323d5018d9649e24f53840,SDRW2000000057.1.1.70,mfa_alignment_missing,alignment_and_analysis,C:\Users\ari30\research\2026_summer_research\outputs\reviews\mfa_post_alignment_2020_mfa_r2_prod_2020_20260802\02_RESEARCHER_DECISIONS.csv,approved,2026-08-03 researcher infrastructure review complete; retain MFA DB and exclude unaligned utterance without rerun
2020,7b52204cdb2119b057e5d961ecd75ab33858a3f5a1323d5018d9649e24f53840,SDRW2000000109.1.1.149,mfa_alignment_missing,alignment_and_analysis,C:\Users\ari30\research\2026_summer_research\outputs\reviews\mfa_post_alignment_2020_mfa_r2_prod_2020_20260802\02_RESEARCHER_DECISIONS.csv,approved,2026-08-03 researcher infrastructure review complete; retain MFA DB and exclude unaligned utterance without rerun
2020,7b52204cdb2119b057e5d961ecd75ab33858a3f5a1323d5018d9649e24f53840,SDRW2000000115.1.1.149,mfa_alignment_missing,alignment_and_analysis,C:\Users\ari30\research\2026_summer_research\outputs\reviews\mfa_post_alignment_2020_mfa_r2_prod_2020_20260802\02_RESEARCHER_DECISIONS.csv,approved,2026-08-03 researcher infrastructure review complete; retain MFA DB and exclude unaligned utterance without rerun
2020,7b52204cdb2119b057e5d961ecd75ab33858a3f5a1323d5018d9649e24f53840,SDRW2000000120.1.1.296,mfa_alignment_missing,alignment_and_analysis,C:\Users\ari30\research\2026_summer_research\outputs\reviews\mfa_post_alignment_2020_mfa_r2_prod_2020_20260802\02_RESEARCHER_DECISIONS.csv,approved,2026-08-03 researcher infrastructure review complete; retain MFA DB and exclude unaligned utterance without rerun
2020,7b52204cdb2119b057e5d961ecd75ab33858a3f5a1323d5018d9649e24f53840,SDRW2000000180.1.1.67,mfa_alignment_missing,alignment_and_analysis,C:\Users\ari30\research\2026_summer_research\outputs\reviews\mfa_post_alignment_2020_mfa_r2_prod_2020_20260802\02_RESEARCHER_DECISIONS.csv,approved,2026-08-03 researcher infrastructure review complete; retain MFA DB and exclude unaligned utterance without rerun
2020,7b52204cdb2119b057e5d961ecd75ab33858a3f5a1323d5018d9649e24f53840,SDRW2000000181.1.1.179,mfa_alignment_missing,alignment_and_analysis,C:\Users\ari30\research\2026_summer_research\outputs\reviews\mfa_post_alignment_2020_mfa_r2_prod_2020_20260802\02_RESEARCHER_DECISIONS.csv,approved,2026-08-03 researcher infrastructure review complete; retain MFA DB and exclude unaligned utterance without rerun
2020,7b52204cdb2119b057e5d961ecd75ab33858a3f5a1323d5018d9649e24f53840,SDRW2000000181.1.1.188,mfa_alignment_missing,alignment_and_analysis,C:\Users\ari30\research\2026_summer_research\outputs\reviews\mfa_post_alignment_2020_mfa_r2_prod_2020_20260802\02_RESEARCHER_DECISIONS.csv,approved,2026-08-03 researcher infrastructure review complete; retain MFA DB and exclude unaligned utterance without rerun
2020,7b52204cdb2119b057e5d961ecd75ab33858a3f5a1323d5018d9649e24f53840,SDRW2000000181.1.1.291,mfa_alignment_missing,alignment_and_analysis,C:\Users\ari30\research\2026_summer_research\outputs\reviews\mfa_post_alignment_2020_mfa_r2_prod_2020_20260802\02_RESEARCHER_DECISIONS.csv,approved,2026-08-03 researcher infrastructure review complete; retain MFA DB and exclude unaligned utterance without rerun
2020,7b52204cdb2119b057e5d961ecd75ab33858a3f5a1323d5018d9649e24f53840,SDRW2000000194.1.1.214,mfa_alignment_missing,alignment_and_analysis,C:\Users\ari30\research\2026_summer_research\outputs\reviews\mfa_post_alignment_2020_mfa_r2_prod_2020_20260802\02_RESEARCHER_DECISIONS.csv,approved,2026-08-03 researcher infrastructure review complete; retain MFA DB and exclude unaligned utterance without rerun
2020,7b52204cdb2119b057e5d961ecd75ab33858a3f5a1323d5018d9649e24f53840,SDRW2000000219.1.1.112,mfa_alignment_missing,alignment_and_analysis,C:\Users\ari30\research\2026_summer_research\outputs\reviews\mfa_post_alignment_2020_mfa_r2_prod_2020_20260802\02_RESEARCHER_DECISIONS.csv,approved,2026-08-03 researcher infrastructure review complete; retain MFA DB and exclude unaligned utterance without rerun
2020,7b52204cdb2119b057e5d961ecd75ab33858a3f5a1323d5018d9649e24f53840,SDRW2000000219.1.1.118,mfa_alignment_missing,alignment_and_analysis,C:\Users\ari30\research\2026_summer_research\outputs\reviews\mfa_post_alignment_2020_mfa_r2_prod_2020_20260802\02_RESEARCHER_DECISIONS.csv,approved,2026-08-03 researcher infrastructure review complete; retain MFA DB and exclude unaligned utterance without rerun
2020,7b52204cdb2119b057e5d961ecd75ab33858a3f5a1323d5018d9649e24f53840,SDRW2000000219.1.1.120,mfa_alignment_missing,alignment_and_analysis,C:\Users\ari30\research\2026_summer_research\outputs\reviews\mfa_post_alignment_2020_mfa_r2_prod_2020_20260802\02_RESEARCHER_DECISIONS.csv,approved,2026-08-03 researcher infrastructure review complete; retain MFA DB and exclude unaligned utterance without rerun
2020,7b52204cdb2119b057e5d961ecd75ab33858a3f5a1323d5018d9649e24f53840,SDRW2000000219.1.1.59,mfa_alignment_missing,alignment_and_analysis,C:\Users\ari30\research\2026_summer_research\outputs\reviews\mfa_post_alignment_2020_mfa_r2_prod_2020_20260802\02_RESEARCHER_DECISIONS.csv,approved,2026-08-03 researcher infrastructure review complete; retain MFA DB and exclude unaligned utterance without rerun
2020,7b52204cdb2119b057e5d961ecd75ab33858a3f5a1323d5018d9649e24f53840,SDRW2000000219.1.1.84,mfa_alignment_missing,alignment_and_analysis,C:\Users\ari30\research\2026_summer_research\outputs\reviews\mfa_post_alignment_2020_mfa_r2_prod_2020_20260802\02_RESEARCHER_DECISIONS.csv,approved,2026-08-03 researcher infrastructure review complete; retain MFA DB and exclude unaligned utterance without rerun
2020,7b52204cdb2119b057e5d961ecd75ab33858a3f5a1323d5018d9649e24f53840,SDRW2000000219.1.1.92,mfa_alignment_missing,alignment_and_analysis,C:\Users\ari30\research\2026_summer_research\outputs\reviews\mfa_post_alignment_2020_mfa_r2_prod_2020_20260802\02_RESEARCHER_DECISIONS.csv,approved,2026-08-03 researcher infrastructure review complete; retain MFA DB and exclude unaligned utterance without rerun
2020,7b52204cdb2119b057e5d961ecd75ab33858a3f5a1323d5018d9649e24f53840,SDRW2000000257.1.1.100,mfa_alignment_missing,alignment_and_analysis,C:\Users\ari30\research\2026_summer_research\outputs\reviews\mfa_post_alignment_2020_mfa_r2_prod_2020_20260802\02_RESEARCHER_DECISIONS.csv,approved,2026-08-03 researcher infrastructure review complete; retain MFA DB and exclude unaligned utterance without rerun
2020,7b52204cdb2119b057e5d961ecd75ab33858a3f5a1323d5018d9649e24f53840,SDRW2000000257.1.1.135,mfa_alignment_missing,alignment_and_analysis,C:\Users\ari30\research\2026_summer_research\outputs\reviews\mfa_post_alignment_2020_mfa_r2_prod_2020_20260802\02_RESEARCHER_DECISIONS.csv,approved,2026-08-03 researcher infrastructure review complete; retain MFA DB and exclude unaligned utterance without rerun
2020,7b52204cdb2119b057e5d961ecd75ab33858a3f5a1323d5018d9649e24f53840,SDRW2000000257.1.1.137,mfa_alignment_missing,alignment_and_analysis,C:\Users\ari30\research\2026_summer_research\outputs\reviews\mfa_post_alignment_2020_mfa_r2_prod_2020_20260802\02_RESEARCHER_DECISIONS.csv,approved,2026-08-03 researcher infrastructure review complete; retain MFA DB and exclude unaligned utterance without rerun
2020,7b52204cdb2119b057e5d961ecd75ab33858a3f5a1323d5018d9649e24f53840,SDRW2000000257.1.1.138,mfa_alignment_missing,alignment_and_analysis,C:\Users\ari30\research\2026_summer_research\outputs\reviews\mfa_post_alignment_2020_mfa_r2_prod_2020_20260802\02_RESEARCHER_DECISIONS.csv,approved,2026-08-03 researcher infrastructure review complete; retain MFA DB and exclude unaligned utterance without rerun
2020,7b52204cdb2119b057e5d961ecd75ab33858a3f5a1323d5018d9649e24f53840,SDRW2000000257.1.1.139,mfa_alignment_missing,alignment_and_analysis,C:\Users\ari30\research\2026_summer_research\outputs\reviews\mfa_post_alignment_2020_mfa_r2_prod_2020_20260802\02_RESEARCHER_DECISIONS.csv,approved,2026-08-03 researcher infrastructure review complete; retain MFA DB and exclude unaligned utterance without rerun
2020,7b52204cdb2119b057e5d961ecd75ab33858a3f5a1323d5018d9649e24f53840,SDRW2000000257.1.1.14,mfa_alignment_missing,alignment_and_analysis,C:\Users\ari30\research\2026_summer_research\outputs\reviews\mfa_post_alignment_2020_mfa_r2_prod_2020_20260802\02_RESEARCHER_DECISIONS.csv,approved,2026-08-03 researcher infrastructure review complete; retain MFA DB and exclude unaligned utterance without rerun
2020,7b52204cdb2119b057e5d961ecd75ab33858a3f5a1323d5018d9649e24f53840,SDRW2000000257.1.1.144,mfa_alignment_missing,alignment_and_analysis,C:\Users\ari30\research\2026_summer_research\outputs\reviews\mfa_post_alignment_2020_mfa_r2_prod_2020_20260802\02_RESEARCHER_DECISIONS.csv,approved,2026-08-03 researcher infrastructure review complete; retain MFA DB and exclude unaligned utterance without rerun
2020,7b52204cdb2119b057e5d961ecd75ab33858a3f5a1323d5018d9649e24f53840,SDRW2000000257.1.1.145,mfa_alignment_missing,alignment_and_analysis,C:\Users\ari30\research\2026_summer_research\outputs\reviews\mfa_post_alignment_2020_mfa_r2_prod_2020_20260802\02_RESEARCHER_DECISIONS.csv,approved,2026-08-03 researcher infrastructure review complete; retain MFA DB and exclude unaligned utterance without rerun
2020,7b52204cdb2119b057e5d961ecd75ab33858a3f5a1323d5018d9649e24f53840,SDRW2000000257.1.1.146,mfa_alignment_missing,alignment_and_analysis,C:\Users\ari30\research\2026_summer_research\outputs\reviews\mfa_post_alignment_2020_mfa_r2_prod_2020_20260802\02_RESEARCHER_DECISIONS.csv,approved,2026-08-03 researcher infrastructure review complete; retain MFA DB and exclude unaligned utterance without rerun
2020,7b52204cdb2119b057e5d961ecd75ab33858a3f5a1323d5018d9649e24f53840,SDRW2000000257.1.1.147,mfa_alignment_missing,alignment_and_analysis,C:\Users\ari30\research\2026_summer_research\outputs\reviews\mfa_post_alignment_2020_mfa_r2_prod_2020_20260802\02_RESEARCHER_DECISIONS.csv,approved,2026-08-03 researcher infrastructure review complete; retain MFA DB and exclude unaligned utterance without rerun
2020,7b52204cdb2119b057e5d961ecd75ab33858a3f5a1323d5018d9649e24f53840,SDRW2000000257.1.1.149,mfa_alignment_missing,alignment_and_analysis,C:\Users\ari30\research\2026_summer_research\outputs\reviews\mfa_post_alignment_2020_mfa_r2_prod_2020_20260802\02_RESEARCHER_DECISIONS.csv,approved,2026-08-03 researcher infrastructure review complete; retain MFA DB and exclude unaligned utterance without rerun
2020,7b52204cdb2119b057e5d961ecd75ab33858a3f5a1323d5018d9649e24f53840,SDRW2000000257.1.1.15,mfa_alignment_missing,alignment_and_analysis,C:\Users\ari30\research\2026_summer_research\outputs\reviews\mfa_post_alignment_2020_mfa_r2_prod_2020_20260802\02_RESEARCHER_DECISIONS.csv,approved,2026-08-03 researcher infrastructure review complete; retain MFA DB and exclude unaligned utterance without rerun
2020,7b52204cdb2119b057e5d961ecd75ab33858a3f5a1323d5018d9649e24f53840,SDRW2000000257.1.1.150,mfa_alignment_missing,alignment_and_analysis,C:\Users\ari30\research\2026_summer_research\outputs\reviews\mfa_post_alignment_2020_mfa_r2_prod_2020_20260802\02_RESEARCHER_DECISIONS.csv,approved,2026-08-03 researcher infrastructure review complete; retain MFA DB and exclude unaligned utterance without rerun
2020,7b52204cdb2119b057e5d961ecd75ab33858a3f5a1323d5018d9649e24f53840,SDRW2000000257.1.1.151,mfa_alignment_missing,alignment_and_analysis,C:\Users\ari30\research\2026_summer_research\outputs\reviews\mfa_post_alignment_2020_mfa_r2_prod_2020_20260802\02_RESEARCHER_DECISIONS.csv,approved,2026-08-03 researcher infrastructure review complete; retain MFA DB and exclude unaligned utterance without rerun
2020,7b52204cdb2119b057e5d961ecd75ab33858a3f5a1323d5018d9649e24f53840,SDRW2000000257.1.1.152,mfa_alignment_missing,alignment_and_analysis,C:\Users\ari30\research\2026_summer_research\outputs\reviews\mfa_post_alignment_2020_mfa_r2_prod_2020_20260802\02_RESEARCHER_DECISIONS.csv,approved,2026-08-03 researcher infrastructure review complete; retain MFA DB and exclude unaligned utterance without rerun
2020,7b52204cdb2119b057e5d961ecd75ab33858a3f5a1323d5018d9649e24f53840,SDRW2000000257.1.1.153,mfa_alignment_missing,alignment_and_analysis,C:\Users\ari30\research\2026_summer_research\outputs\reviews\mfa_post_alignment_2020_mfa_r2_prod_2020_20260802\02_RESEARCHER_DECISIONS.csv,approved,2026-08-03 researcher infrastructure review complete; retain MFA DB and exclude unaligned utterance without rerun
2020,7b52204cdb2119b057e5d961ecd75ab33858a3f5a1323d5018d9649e24f53840,SDRW2000000257.1.1.154,mfa_alignment_missing,alignment_and_analysis,C:\Users\ari30\research\2026_summer_research\outputs\reviews\mfa_post_alignment_2020_mfa_r2_prod_2020_20260802\02_RESEARCHER_DECISIONS.csv,approved,2026-08-03 researcher infrastructure review complete; retain MFA DB and exclude unaligned utterance without rerun
2020,7b52204cdb2119b057e5d961ecd75ab33858a3f5a1323d5018d9649e24f53840,SDRW2000000257.1.1.155,mfa_alignment_missing,alignment_and_analysis,C:\Users\ari30\research\2026_summer_research\outputs\reviews\mfa_post_alignment_2020_mfa_r2_prod_2020_20260802\02_RESEARCHER_DECISIONS.csv,approved,2026-08-03 researcher infrastructure review complete; retain MFA DB and exclude unaligned utterance without rerun
2020,7b52204cdb2119b057e5d961ecd75ab33858a3f5a1323d5018d9649e24f53840,SDRW2000000257.1.1.156,mfa_alignment_missing,alignment_and_analysis,C:\Users\ari30\research\2026_summer_research\outputs\reviews\mfa_post_alignment_2020_mfa_r2_prod_2020_20260802\02_RESEARCHER_DECISIONS.csv,approved,2026-08-03 researcher infrastructure review complete; retain MFA DB and exclude unaligned utterance without rerun
2020,7b52204cdb2119b057e5d961ecd75ab33858a3f5a1323d5018d9649e24f53840,SDRW2000000257.1.1.157,mfa_alignment_missing,alignment_and_analysis,C:\Users\ari30\research\2026_summer_research\outputs\reviews\mfa_post_alignment_2020_mfa_r2_prod_2020_20260802\02_RESEARCHER_DECISIONS.csv,approved,2026-08-03 researcher infrastructure review complete; retain MFA DB and exclude unaligned utterance without rerun
2020,7b52204cdb2119b057e5d961ecd75ab33858a3f5a1323d5018d9649e24f53840,SDRW2000000257.1.1.158,mfa_alignment_missing,alignment_and_analysis,C:\Users\ari30\research\2026_summer_research\outputs\reviews\mfa_post_alignment_2020_mfa_r2_prod_2020_20260802\02_RESEARCHER_DECISIONS.csv,approved,2026-08-03 researcher infrastructure review complete; retain MFA DB and exclude unaligned utterance without rerun
2020,7b52204cdb2119b057e5d961ecd75ab33858a3f5a1323d5018d9649e24f53840,SDRW2000000257.1.1.159,mfa_alignment_missing,alignment_and_analysis,C:\Users\ari30\research\2026_summer_research\outputs\reviews\mfa_post_alignment_2020_mfa_r2_prod_2020_20260802\02_RESEARCHER_DECISIONS.csv,approved,2026-08-03 researcher infrastructure review complete; retain MFA DB and exclude unaligned utterance without rerun
2020,7b52204cdb2119b057e5d961ecd75ab33858a3f5a1323d5018d9649e24f53840,SDRW2000000257.1.1.16,mfa_alignment_missing,alignment_and_analysis,C:\Users\ari30\research\2026_summer_research\outputs\reviews\mfa_post_alignment_2020_mfa_r2_prod_2020_20260802\02_RESEARCHER_DECISIONS.csv,approved,2026-08-03 researcher infrastructure review complete; retain MFA DB and exclude unaligned utterance without rerun
2020,7b52204cdb2119b057e5d961ecd75ab33858a3f5a1323d5018d9649e24f53840,SDRW2000000257.1.1.161,mfa_alignment_missing,alignment_and_analysis,C:\Users\ari30\research\2026_summer_research\outputs\reviews\mfa_post_alignment_2020_mfa_r2_prod_2020_20260802\02_RESEARCHER_DECISIONS.csv,approved,2026-08-03 researcher infrastructure review complete; retain MFA DB and exclude unaligned utterance without rerun
2020,7b52204cdb2119b057e5d961ecd75ab33858a3f5a1323d5018d9649e24f53840,SDRW2000000257.1.1.162,mfa_alignment_missing,alignment_and_analysis,C:\Users\ari30\research\2026_summer_research\outputs\reviews\mfa_post_alignment_2020_mfa_r2_prod_2020_20260802\02_RESEARCHER_DECISIONS.csv,approved,2026-08-03 researcher infrastructure review complete; retain MFA DB and exclude unaligned utterance without rerun
2020,7b52204cdb2119b057e5d961ecd75ab33858a3f5a1323d5018d9649e24f53840,SDRW2000000257.1.1.163,mfa_alignment_missing,alignment_and_analysis,C:\Users\ari30\research\2026_summer_research\outputs\reviews\mfa_post_alignment_2020_mfa_r2_prod_2020_20260802\02_RESEARCHER_DECISIONS.csv,approved,2026-08-03 researcher infrastructure review complete; retain MFA DB and exclude unaligned utterance without rerun
2020,7b52204cdb2119b057e5d961ecd75ab33858a3f5a1323d5018d9649e24f53840,SDRW2000000257.1.1.164,mfa_alignment_missing,alignment_and_analysis,C:\Users\ari30\research\2026_summer_research\outputs\reviews\mfa_post_alignment_2020_mfa_r2_prod_2020_20260802\02_RESEARCHER_DECISIONS.csv,approved,2026-08-03 researcher infrastructure review complete; retain MFA DB and exclude unaligned utterance without rerun
2020,7b52204cdb2119b057e5d961ecd75ab33858a3f5a1323d5018d9649e24f53840,SDRW2000000257.1.1.166,mfa_alignment_missing,alignment_and_analysis,C:\Users\ari30\research\2026_summer_research\outputs\reviews\mfa_post_alignment_2020_mfa_r2_prod_2020_20260802\02_RESEARCHER_DECISIONS.csv,approved,2026-08-03 researcher infrastructure review complete; retain MFA DB and exclude unaligned utterance without rerun
2020,7b52204cdb2119b057e5d961ecd75ab33858a3f5a1323d5018d9649e24f53840,SDRW2000000257.1.1.17,mfa_alignment_missing,alignment_and_analysis,C:\Users\ari30\research\2026_summer_research\outputs\reviews\mfa_post_alignment_2020_mfa_r2_prod_2020_20260802\02_RESEARCHER_DECISIONS.csv,approved,2026-08-03 researcher infrastructure review complete; retain MFA DB and exclude unaligned utterance without rerun
2020,7b52204cdb2119b057e5d961ecd75ab33858a3f5a1323d5018d9649e24f53840,SDRW2000000257.1.1.178,mfa_alignment_missing,alignment_and_analysis,C:\Users\ari30\research\2026_summer_research\outputs\reviews\mfa_post_alignment_2020_mfa_r2_prod_2020_20260802\02_RESEARCHER_DECISIONS.csv,approved,2026-08-03 researcher infrastructure review complete; retain MFA DB and exclude unaligned utterance without rerun
2020,7b52204cdb2119b057e5d961ecd75ab33858a3f5a1323d5018d9649e24f53840,SDRW2000000257.1.1.18,mfa_alignment_missing,alignment_and_analysis,C:\Users\ari30\research\2026_summer_research\outputs\reviews\mfa_post_alignment_2020_mfa_r2_prod_2020_20260802\02_RESEARCHER_DECISIONS.csv,approved,2026-08-03 researcher infrastructure review complete; retain MFA DB and exclude unaligned utterance without rerun
2020,7b52204cdb2119b057e5d961ecd75ab33858a3f5a1323d5018d9649e24f53840,SDRW2000000257.1.1.19,mfa_alignment_missing,alignment_and_analysis,C:\Users\ari30\research\2026_summer_research\outputs\reviews\mfa_post_alignment_2020_mfa_r2_prod_2020_20260802\02_RESEARCHER_DECISIONS.csv,approved,2026-08-03 researcher infrastructure review complete; retain MFA DB and exclude unaligned utterance without rerun
2020,7b52204cdb2119b057e5d961ecd75ab33858a3f5a1323d5018d9649e24f53840,SDRW2000000257.1.1.193,mfa_alignment_missing,alignment_and_analysis,C:\Users\ari30\research\2026_summer_research\outputs\reviews\mfa_post_alignment_2020_mfa_r2_prod_2020_20260802\02_RESEARCHER_DECISIONS.csv,approved,2026-08-03 researcher infrastructure review complete; retain MFA DB and exclude unaligned utterance without rerun
2020,7b52204cdb2119b057e5d961ecd75ab33858a3f5a1323d5018d9649e24f53840,SDRW2000000257.1.1.194,mfa_alignment_missing,alignment_and_analysis,C:\Users\ari30\research\2026_summer_research\outputs\reviews\mfa_post_alignment_2020_mfa_r2_prod_2020_20260802\02_RESEARCHER_DECISIONS.csv,approved,2026-08-03 researcher infrastructure review complete; retain MFA DB and exclude unaligned utterance without rerun
2020,7b52204cdb2119b057e5d961ecd75ab33858a3f5a1323d5018d9649e24f53840,SDRW2000000257.1.1.195,mfa_alignment_missing,alignment_and_analysis,C:\Users\ari30\research\2026_summer_research\outputs\reviews\mfa_post_alignment_2020_mfa_r2_prod_2020_20260802\02_RESEARCHER_DECISIONS.csv,approved,2026-08-03 researcher infrastructure review complete; retain MFA DB and exclude unaligned utterance without rerun
2020,7b52204cdb2119b057e5d961ecd75ab33858a3f5a1323d5018d9649e24f53840,SDRW2000000257.1.1.196,mfa_alignment_missing,alignment_and_analysis,C:\Users\ari30\research\2026_summer_research\outputs\reviews\mfa_post_alignment_2020_mfa_r2_prod_2020_20260802\02_RESEARCHER_DECISIONS.csv,approved,2026-08-03 researcher infrastructure review complete; retain MFA DB and exclude unaligned utterance without rerun
2020,7b52204cdb2119b057e5d961ecd75ab33858a3f5a1323d5018d9649e24f53840,SDRW2000000257.1.1.197,mfa_alignment_missing,alignment_and_analysis,C:\Users\ari30\research\2026_summer_research\outputs\reviews\mfa_post_alignment_2020_mfa_r2_prod_2020_20260802\02_RESEARCHER_DECISIONS.csv,approved,2026-08-03 researcher infrastructure review complete; retain MFA DB and exclude unaligned utterance without rerun
2020,7b52204cdb2119b057e5d961ecd75ab33858a3f5a1323d5018d9649e24f53840,SDRW2000000257.1.1.199,mfa_alignment_missing,alignment_and_analysis,C:\Users\ari30\research\2026_summer_research\outputs\reviews\mfa_post_alignment_2020_mfa_r2_prod_2020_20260802\02_RESEARCHER_DECISIONS.csv,approved,2026-08-03 researcher infrastructure review complete; retain MFA DB and exclude unaligned utterance without rerun
2020,7b52204cdb2119b057e5d961ecd75ab33858a3f5a1323d5018d9649e24f53840,SDRW2000000257.1.1.20,mfa_alignment_missing,alignment_and_analysis,C:\Users\ari30\research\2026_summer_research\outputs\reviews\mfa_post_alignment_2020_mfa_r2_prod_2020_20260802\02_RESEARCHER_DECISIONS.csv,approved,2026-08-03 researcher infrastructure review complete; retain MFA DB and exclude unaligned utterance without rerun
2020,7b52204cdb2119b057e5d961ecd75ab33858a3f5a1323d5018d9649e24f53840,SDRW2000000257.1.1.200,mfa_alignment_missing,alignment_and_analysis,C:\Users\ari30\research\2026_summer_research\outputs\reviews\mfa_post_alignment_2020_mfa_r2_prod_2020_20260802\02_RESEARCHER_DECISIONS.csv,approved,2026-08-03 researcher infrastructure review complete; retain MFA DB and exclude unaligned utterance without rerun
2020,7b52204cdb2119b057e5d961ecd75ab33858a3f5a1323d5018d9649e24f53840,SDRW2000000257.1.1.201,mfa_alignment_missing,alignment_and_analysis,C:\Users\ari30\research\2026_summer_research\outputs\reviews\mfa_post_alignment_2020_mfa_r2_prod_2020_20260802\02_RESEARCHER_DECISIONS.csv,approved,2026-08-03 researcher infrastructure review complete; retain MFA DB and exclude unaligned utterance without rerun
2020,7b52204cdb2119b057e5d961ecd75ab33858a3f5a1323d5018d9649e24f53840,SDRW2000000257.1.1.202,mfa_alignment_missing,alignment_and_analysis,C:\Users\ari30\research\2026_summer_research\outputs\reviews\mfa_post_alignment_2020_mfa_r2_prod_2020_20260802\02_RESEARCHER_DECISIONS.csv,approved,2026-08-03 researcher infrastructure review complete; retain MFA DB and exclude unaligned utterance without rerun
2020,7b52204cdb2119b057e5d961ecd75ab33858a3f5a1323d5018d9649e24f53840,SDRW2000000257.1.1.203,mfa_alignment_missing,alignment_and_analysis,C:\Users\ari30\research\2026_summer_research\outputs\reviews\mfa_post_alignment_2020_mfa_r2_prod_2020_20260802\02_RESEARCHER_DECISIONS.csv,approved,2026-08-03 researcher infrastructure review complete; retain MFA DB and exclude unaligned utterance without rerun
2020,7b52204cdb2119b057e5d961ecd75ab33858a3f5a1323d5018d9649e24f53840,SDRW2000000257.1.1.206,mfa_alignment_missing,alignment_and_analysis,C:\Users\ari30\research\2026_summer_research\outputs\reviews\mfa_post_alignment_2020_mfa_r2_prod_2020_20260802\02_RESEARCHER_DECISIONS.csv,approved,2026-08-03 researcher infrastructure review complete; retain MFA DB and exclude unaligned utterance without rerun
2020,7b52204cdb2119b057e5d961ecd75ab33858a3f5a1323d5018d9649e24f53840,SDRW2000000257.1.1.207,mfa_alignment_missing,alignment_and_analysis,C:\Users\ari30\research\2026_summer_research\outputs\reviews\mfa_post_alignment_2020_mfa_r2_prod_2020_20260802\02_RESEARCHER_DECISIONS.csv,approved,2026-08-03 researcher infrastructure review complete; retain MFA DB and exclude unaligned utterance without rerun
2020,7b52204cdb2119b057e5d961ecd75ab33858a3f5a1323d5018d9649e24f53840,SDRW2000000257.1.1.21,mfa_alignment_missing,alignment_and_analysis,C:\Users\ari30\research\2026_summer_research\outputs\reviews\mfa_post_alignment_2020_mfa_r2_prod_2020_20260802\02_RESEARCHER_DECISIONS.csv,approved,2026-08-03 researcher infrastructure review complete; retain MFA DB and exclude unaligned utterance without rerun
2020,7b52204cdb2119b057e5d961ecd75ab33858a3f5a1323d5018d9649e24f53840,SDRW2000000257.1.1.210,mfa_alignment_missing,alignment_and_analysis,C:\Users\ari30\research\2026_summer_research\outputs\reviews\mfa_post_alignment_2020_mfa_r2_prod_2020_20260802\02_RESEARCHER_DECISIONS.csv,approved,2026-08-03 researcher infrastructure review complete; retain MFA DB and exclude unaligned utterance without rerun
2020,7b52204cdb2119b057e5d961ecd75ab33858a3f5a1323d5018d9649e24f53840,SDRW2000000257.1.1.211,mfa_alignment_missing,alignment_and_analysis,C:\Users\ari30\research\2026_summer_research\outputs\reviews\mfa_post_alignment_2020_mfa_r2_prod_2020_20260802\02_RESEARCHER_DECISIONS.csv,approved,2026-08-03 researcher infrastructure review complete; retain MFA DB and exclude unaligned utterance without rerun
2020,7b52204cdb2119b057e5d961ecd75ab33858a3f5a1323d5018d9649e24f53840,SDRW2000000257.1.1.212,mfa_alignment_missing,alignment_and_analysis,C:\Users\ari30\research\2026_summer_research\outputs\reviews\mfa_post_alignment_2020_mfa_r2_prod_2020_20260802\02_RESEARCHER_DECISIONS.csv,approved,2026-08-03 researcher infrastructure review complete; retain MFA DB and exclude unaligned utterance without rerun
2020,7b52204cdb2119b057e5d961ecd75ab33858a3f5a1323d5018d9649e24f53840,SDRW2000000257.1.1.213,mfa_alignment_missing,alignment_and_analysis,C:\Users\ari30\research\2026_summer_research\outputs\reviews\mfa_post_alignment_2020_mfa_r2_prod_2020_20260802\02_RESEARCHER_DECISIONS.csv,approved,2026-08-03 researcher infrastructure review complete; retain MFA DB and exclude unaligned utterance without rerun
2020,7b52204cdb2119b057e5d961ecd75ab33858a3f5a1323d5018d9649e24f53840,SDRW2000000257.1.1.214,mfa_alignment_missing,alignment_and_analysis,C:\Users\ari30\research\2026_summer_research\outputs\reviews\mfa_post_alignment_2020_mfa_r2_prod_2020_20260802\02_RESEARCHER_DECISIONS.csv,approved,2026-08-03 researcher infrastructure review complete; retain MFA DB and exclude unaligned utterance without rerun
2020,7b52204cdb2119b057e5d961ecd75ab33858a3f5a1323d5018d9649e24f53840,SDRW2000000257.1.1.215,mfa_alignment_missing,alignment_and_analysis,C:\Users\ari30\research\2026_summer_research\outputs\reviews\mfa_post_alignment_2020_mfa_r2_prod_2020_20260802\02_RESEARCHER_DECISIONS.csv,approved,2026-08-03 researcher infrastructure review complete; retain MFA DB and exclude unaligned utterance without rerun
2020,7b52204cdb2119b057e5d961ecd75ab33858a3f5a1323d5018d9649e24f53840,SDRW2000000257.1.1.216,mfa_alignment_missing,alignment_and_analysis,C:\Users\ari30\research\2026_summer_research\outputs\reviews\mfa_post_alignment_2020_mfa_r2_prod_2020_20260802\02_RESEARCHER_DECISIONS.csv,approved,2026-08-03 researcher infrastructure review complete; retain MFA DB and exclude unaligned utterance without rerun
2020,7b52204cdb2119b057e5d961ecd75ab33858a3f5a1323d5018d9649e24f53840,SDRW2000000257.1.1.217,mfa_alignment_missing,alignment_and_analysis,C:\Users\ari30\research\2026_summer_research\outputs\reviews\mfa_post_alignment_2020_mfa_r2_prod_2020_20260802\02_RESEARCHER_DECISIONS.csv,approved,2026-08-03 researcher infrastructure review complete; retain MFA DB and exclude unaligned utterance without rerun
2020,7b52204cdb2119b057e5d961ecd75ab33858a3f5a1323d5018d9649e24f53840,SDRW2000000257.1.1.218,mfa_alignment_missing,alignment_and_analysis,C:\Users\ari30\research\2026_summer_research\outputs\reviews\mfa_post_alignment_2020_mfa_r2_prod_2020_20260802\02_RESEARCHER_DECISIONS.csv,approved,2026-08-03 researcher infrastructure review complete; retain MFA DB and exclude unaligned utterance without rerun
2020,7b52204cdb2119b057e5d961ecd75ab33858a3f5a1323d5018d9649e24f53840,SDRW2000000257.1.1.219,mfa_alignment_missing,alignment_and_analysis,C:\Users\ari30\research\2026_summer_research\outputs\reviews\mfa_post_alignment_2020_mfa_r2_prod_2020_20260802\02_RESEARCHER_DECISIONS.csv,approved,2026-08-03 researcher infrastructure review complete; retain MFA DB and exclude unaligned utterance without rerun
2020,7b52204cdb2119b057e5d961ecd75ab33858a3f5a1323d5018d9649e24f53840,SDRW2000000257.1.1.22,mfa_alignment_missing,alignment_and_analysis,C:\Users\ari30\research\2026_summer_research\outputs\reviews\mfa_post_alignment_2020_mfa_r2_prod_2020_20260802\02_RESEARCHER_DECISIONS.csv,approved,2026-08-03 researcher infrastructure review complete; retain MFA DB and exclude unaligned utterance without rerun
2020,7b52204cdb2119b057e5d961ecd75ab33858a3f5a1323d5018d9649e24f53840,SDRW2000000257.1.1.220,mfa_alignment_missing,alignment_and_analysis,C:\Users\ari30\research\2026_summer_research\outputs\reviews\mfa_post_alignment_2020_mfa_r2_prod_2020_20260802\02_RESEARCHER_DECISIONS.csv,approved,2026-08-03 researcher infrastructure review complete; retain MFA DB and exclude unaligned utterance without rerun
2020,7b52204cdb2119b057e5d961ecd75ab33858a3f5a1323d5018d9649e24f53840,SDRW2000000257.1.1.221,mfa_alignment_missing,alignment_and_analysis,C:\Users\ari30\research\2026_summer_research\outputs\reviews\mfa_post_alignment_2020_mfa_r2_prod_2020_20260802\02_RESEARCHER_DECISIONS.csv,approved,2026-08-03 researcher infrastructure review complete; retain MFA DB and exclude unaligned utterance without rerun
2020,7b52204cdb2119b057e5d961ecd75ab33858a3f5a1323d5018d9649e24f53840,SDRW2000000257.1.1.223,mfa_alignment_missing,alignment_and_analysis,C:\Users\ari30\research\2026_summer_research\outputs\reviews\mfa_post_alignment_2020_mfa_r2_prod_2020_20260802\02_RESEARCHER_DECISIONS.csv,approved,2026-08-03 researcher infrastructure review complete; retain MFA DB and exclude unaligned utterance without rerun
2020,7b52204cdb2119b057e5d961ecd75ab33858a3f5a1323d5018d9649e24f53840,SDRW2000000257.1.1.224,mfa_alignment_missing,alignment_and_analysis,C:\Users\ari30\research\2026_summer_research\outputs\reviews\mfa_post_alignment_2020_mfa_r2_prod_2020_20260802\02_RESEARCHER_DECISIONS.csv,approved,2026-08-03 researcher infrastructure review complete; retain MFA DB and exclude unaligned utterance without rerun
2020,7b52204cdb2119b057e5d961ecd75ab33858a3f5a1323d5018d9649e24f53840,SDRW2000000257.1.1.225,mfa_alignment_missing,alignment_and_analysis,C:\Users\ari30\research\2026_summer_research\outputs\reviews\mfa_post_alignment_2020_mfa_r2_prod_2020_20260802\02_RESEARCHER_DECISIONS.csv,approved,2026-08-03 researcher infrastructure review complete; retain MFA DB and exclude unaligned utterance without rerun
2020,7b52204cdb2119b057e5d961ecd75ab33858a3f5a1323d5018d9649e24f53840,SDRW2000000257.1.1.226,mfa_alignment_missing,alignment_and_analysis,C:\Users\ari30\research\2026_summer_research\outputs\reviews\mfa_post_alignment_2020_mfa_r2_prod_2020_20260802\02_RESEARCHER_DECISIONS.csv,approved,2026-08-03 researcher infrastructure review complete; retain MFA DB and exclude unaligned utterance without rerun
2020,7b52204cdb2119b057e5d961ecd75ab33858a3f5a1323d5018d9649e24f53840,SDRW2000000257.1.1.227,mfa_alignment_missing,alignment_and_analysis,C:\Users\ari30\research\2026_summer_research\outputs\reviews\mfa_post_alignment_2020_mfa_r2_prod_2020_20260802\02_RESEARCHER_DECISIONS.csv,approved,2026-08-03 researcher infrastructure review complete; retain MFA DB and exclude unaligned utterance without rerun
2020,7b52204cdb2119b057e5d961ecd75ab33858a3f5a1323d5018d9649e24f53840,SDRW2000000257.1.1.23,mfa_alignment_missing,alignment_and_analysis,C:\Users\ari30\research\2026_summer_research\outputs\reviews\mfa_post_alignment_2020_mfa_r2_prod_2020_20260802\02_RESEARCHER_DECISIONS.csv,approved,2026-08-03 researcher infrastructure review complete; retain MFA DB and exclude unaligned utterance without rerun
2020,7b52204cdb2119b057e5d961ecd75ab33858a3f5a1323d5018d9649e24f53840,SDRW2000000257.1.1.230,mfa_alignment_missing,alignment_and_analysis,C:\Users\ari30\research\2026_summer_research\outputs\reviews\mfa_post_alignment_2020_mfa_r2_prod_2020_20260802\02_RESEARCHER_DECISIONS.csv,approved,2026-08-03 researcher infrastructure review complete; retain MFA DB and exclude unaligned utterance without rerun
2020,7b52204cdb2119b057e5d961ecd75ab33858a3f5a1323d5018d9649e24f53840,SDRW2000000257.1.1.231,audio_unusable,alignment_and_analysis,C:\Users\ari30\research\2026_summer_research\outputs\reviews\MFA_2020_REVIEW_SIMPLE_V2_20260803\MANIFEST.json,approved,2026-08-03 researcher listening review: audio not audible; exclude from alignment and analysis
2020,7b52204cdb2119b057e5d961ecd75ab33858a3f5a1323d5018d9649e24f53840,SDRW2000000257.1.1.232,mfa_alignment_missing,alignment_and_analysis,C:\Users\ari30\research\2026_summer_research\outputs\reviews\mfa_post_alignment_2020_mfa_r2_prod_2020_20260802\02_RESEARCHER_DECISIONS.csv,approved,2026-08-03 researcher infrastructure review complete; retain MFA DB and exclude unaligned utterance without rerun
2020,7b52204cdb2119b057e5d961ecd75ab33858a3f5a1323d5018d9649e24f53840,SDRW2000000257.1.1.233,mfa_alignment_missing,alignment_and_analysis,C:\Users\ari30\research\2026_summer_research\outputs\reviews\mfa_post_alignment_2020_mfa_r2_prod_2020_20260802\02_RESEARCHER_DECISIONS.csv,approved,2026-08-03 researcher infrastructure review complete; retain MFA DB and exclude unaligned utterance without rerun
2020,7b52204cdb2119b057e5d961ecd75ab33858a3f5a1323d5018d9649e24f53840,SDRW2000000257.1.1.234,mfa_alignment_missing,alignment_and_analysis,C:\Users\ari30\research\2026_summer_research\outputs\reviews\mfa_post_alignment_2020_mfa_r2_prod_2020_20260802\02_RESEARCHER_DECISIONS.csv,approved,2026-08-03 researcher infrastructure review complete; retain MFA DB and exclude unaligned utterance without rerun
2020,7b52204cdb2119b057e5d961ecd75ab33858a3f5a1323d5018d9649e24f53840,SDRW2000000257.1.1.235,mfa_alignment_missing,alignment_and_analysis,C:\Users\ari30\research\2026_summer_research\outputs\reviews\mfa_post_alignment_2020_mfa_r2_prod_2020_20260802\02_RESEARCHER_DECISIONS.csv,approved,2026-08-03 researcher infrastructure review complete; retain MFA DB and exclude unaligned utterance without rerun
2020,7b52204cdb2119b057e5d961ecd75ab33858a3f5a1323d5018d9649e24f53840,SDRW2000000257.1.1.236,mfa_alignment_missing,alignment_and_analysis,C:\Users\ari30\research\2026_summer_research\outputs\reviews\mfa_post_alignment_2020_mfa_r2_prod_2020_20260802\02_RESEARCHER_DECISIONS.csv,approved,2026-08-03 researcher infrastructure review complete; retain MFA DB and exclude unaligned utterance without rerun
2020,7b52204cdb2119b057e5d961ecd75ab33858a3f5a1323d5018d9649e24f53840,SDRW2000000257.1.1.237,mfa_alignment_missing,alignment_and_analysis,C:\Users\ari30\research\2026_summer_research\outputs\reviews\mfa_post_alignment_2020_mfa_r2_prod_2020_20260802\02_RESEARCHER_DECISIONS.csv,approved,2026-08-03 researcher infrastructure review complete; retain MFA DB and exclude unaligned utterance without rerun
2020,7b52204cdb2119b057e5d961ecd75ab33858a3f5a1323d5018d9649e24f53840,SDRW2000000257.1.1.238,mfa_alignment_missing,alignment_and_analysis,C:\Users\ari30\research\2026_summer_research\outputs\reviews\mfa_post_alignment_2020_mfa_r2_prod_2020_20260802\02_RESEARCHER_DECISIONS.csv,approved,2026-08-03 researcher infrastructure review complete; retain MFA DB and exclude unaligned utterance without rerun
2020,7b52204cdb2119b057e5d961ecd75ab33858a3f5a1323d5018d9649e24f53840,SDRW2000000257.1.1.241,mfa_alignment_missing,alignment_and_analysis,C:\Users\ari30\research\2026_summer_research\outputs\reviews\mfa_post_alignment_2020_mfa_r2_prod_2020_20260802\02_RESEARCHER_DECISIONS.csv,approved,2026-08-03 researcher infrastructure review complete; retain MFA DB and exclude unaligned utterance without rerun
2020,7b52204cdb2119b057e5d961ecd75ab33858a3f5a1323d5018d9649e24f53840,SDRW2000000257.1.1.243,mfa_alignment_missing,alignment_and_analysis,C:\Users\ari30\research\2026_summer_research\outputs\reviews\mfa_post_alignment_2020_mfa_r2_prod_2020_20260802\02_RESEARCHER_DECISIONS.csv,approved,2026-08-03 researcher infrastructure review complete; retain MFA DB and exclude unaligned utterance without rerun
2020,7b52204cdb2119b057e5d961ecd75ab33858a3f5a1323d5018d9649e24f53840,SDRW2000000257.1.1.244,mfa_alignment_missing,alignment_and_analysis,C:\Users\ari30\research\2026_summer_research\outputs\reviews\mfa_post_alignment_2020_mfa_r2_prod_2020_20260802\02_RESEARCHER_DECISIONS.csv,approved,2026-08-03 researcher infrastructure review complete; retain MFA DB and exclude unaligned utterance without rerun
2020,7b52204cdb2119b057e5d961ecd75ab33858a3f5a1323d5018d9649e24f53840,SDRW2000000257.1.1.247,mfa_alignment_missing,alignment_and_analysis,C:\Users\ari30\research\2026_summer_research\outputs\reviews\mfa_post_alignment_2020_mfa_r2_prod_2020_20260802\02_RESEARCHER_DECISIONS.csv,approved,2026-08-03 researcher infrastructure review complete; retain MFA DB and exclude unaligned utterance without rerun
2020,7b52204cdb2119b057e5d961ecd75ab33858a3f5a1323d5018d9649e24f53840,SDRW2000000257.1.1.25,mfa_alignment_missing,alignment_and_analysis,C:\Users\ari30\research\2026_summer_research\outputs\reviews\mfa_post_alignment_2020_mfa_r2_prod_2020_20260802\02_RESEARCHER_DECISIONS.csv,approved,2026-08-03 researcher infrastructure review complete; retain MFA DB and exclude unaligned utterance without rerun
2020,7b52204cdb2119b057e5d961ecd75ab33858a3f5a1323d5018d9649e24f53840,SDRW2000000257.1.1.26,mfa_alignment_missing,alignment_and_analysis,C:\Users\ari30\research\2026_summer_research\outputs\reviews\mfa_post_alignment_2020_mfa_r2_prod_2020_20260802\02_RESEARCHER_DECISIONS.csv,approved,2026-08-03 researcher infrastructure review complete; retain MFA DB and exclude unaligned utterance without rerun
2020,7b52204cdb2119b057e5d961ecd75ab33858a3f5a1323d5018d9649e24f53840,SDRW2000000257.1.1.267,mfa_alignment_missing,alignment_and_analysis,C:\Users\ari30\research\2026_summer_research\outputs\reviews\mfa_post_alignment_2020_mfa_r2_prod_2020_20260802\02_RESEARCHER_DECISIONS.csv,approved,2026-08-03 researcher infrastructure review complete; retain MFA DB and exclude unaligned utterance without rerun
2020,7b52204cdb2119b057e5d961ecd75ab33858a3f5a1323d5018d9649e24f53840,SDRW2000000257.1.1.27,mfa_alignment_missing,alignment_and_analysis,C:\Users\ari30\research\2026_summer_research\outputs\reviews\mfa_post_alignment_2020_mfa_r2_prod_2020_20260802\02_RESEARCHER_DECISIONS.csv,approved,2026-08-03 researcher infrastructure review complete; retain MFA DB and exclude unaligned utterance without rerun
2020,7b52204cdb2119b057e5d961ecd75ab33858a3f5a1323d5018d9649e24f53840,SDRW2000000257.1.1.28,mfa_alignment_missing,alignment_and_analysis,C:\Users\ari30\research\2026_summer_research\outputs\reviews\mfa_post_alignment_2020_mfa_r2_prod_2020_20260802\02_RESEARCHER_DECISIONS.csv,approved,2026-08-03 researcher infrastructure review complete; retain MFA DB and exclude unaligned utterance without rerun
2020,7b52204cdb2119b057e5d961ecd75ab33858a3f5a1323d5018d9649e24f53840,SDRW2000000257.1.1.282,mfa_alignment_missing,alignment_and_analysis,C:\Users\ari30\research\2026_summer_research\outputs\reviews\mfa_post_alignment_2020_mfa_r2_prod_2020_20260802\02_RESEARCHER_DECISIONS.csv,approved,2026-08-03 researcher infrastructure review complete; retain MFA DB and exclude unaligned utterance without rerun
2020,7b52204cdb2119b057e5d961ecd75ab33858a3f5a1323d5018d9649e24f53840,SDRW2000000257.1.1.284,mfa_alignment_missing,alignment_and_analysis,C:\Users\ari30\research\2026_summer_research\outputs\reviews\mfa_post_alignment_2020_mfa_r2_prod_2020_20260802\02_RESEARCHER_DECISIONS.csv,approved,2026-08-03 researcher infrastructure review complete; retain MFA DB and exclude unaligned utterance without rerun
2020,7b52204cdb2119b057e5d961ecd75ab33858a3f5a1323d5018d9649e24f53840,SDRW2000000257.1.1.285,mfa_alignment_missing,alignment_and_analysis,C:\Users\ari30\research\2026_summer_research\outputs\reviews\mfa_post_alignment_2020_mfa_r2_prod_2020_20260802\02_RESEARCHER_DECISIONS.csv,approved,2026-08-03 researcher infrastructure review complete; retain MFA DB and exclude unaligned utterance without rerun
2020,7b52204cdb2119b057e5d961ecd75ab33858a3f5a1323d5018d9649e24f53840,SDRW2000000257.1.1.286,mfa_alignment_missing,alignment_and_analysis,C:\Users\ari30\research\2026_summer_research\outputs\reviews\mfa_post_alignment_2020_mfa_r2_prod_2020_20260802\02_RESEARCHER_DECISIONS.csv,approved,2026-08-03 researcher infrastructure review complete; retain MFA DB and exclude unaligned utterance without rerun
2020,7b52204cdb2119b057e5d961ecd75ab33858a3f5a1323d5018d9649e24f53840,SDRW2000000257.1.1.287,mfa_alignment_missing,alignment_and_analysis,C:\Users\ari30\research\2026_summer_research\outputs\reviews\mfa_post_alignment_2020_mfa_r2_prod_2020_20260802\02_RESEARCHER_DECISIONS.csv,approved,2026-08-03 researcher infrastructure review complete; retain MFA DB and exclude unaligned utterance without rerun
2020,7b52204cdb2119b057e5d961ecd75ab33858a3f5a1323d5018d9649e24f53840,SDRW2000000257.1.1.288,mfa_alignment_missing,alignment_and_analysis,C:\Users\ari30\research\2026_summer_research\outputs\reviews\mfa_post_alignment_2020_mfa_r2_prod_2020_20260802\02_RESEARCHER_DECISIONS.csv,approved,2026-08-03 researcher infrastructure review complete; retain MFA DB and exclude unaligned utterance without rerun
2020,7b52204cdb2119b057e5d961ecd75ab33858a3f5a1323d5018d9649e24f53840,SDRW2000000257.1.1.289,mfa_alignment_missing,alignment_and_analysis,C:\Users\ari30\research\2026_summer_research\outputs\reviews\mfa_post_alignment_2020_mfa_r2_prod_2020_20260802\02_RESEARCHER_DECISIONS.csv,approved,2026-08-03 researcher infrastructure review complete; retain MFA DB and exclude unaligned utterance without rerun
2020,7b52204cdb2119b057e5d961ecd75ab33858a3f5a1323d5018d9649e24f53840,SDRW2000000257.1.1.29,mfa_alignment_missing,alignment_and_analysis,C:\Users\ari30\research\2026_summer_research\outputs\reviews\mfa_post_alignment_2020_mfa_r2_prod_2020_20260802\02_RESEARCHER_DECISIONS.csv,approved,2026-08-03 researcher infrastructure review complete; retain MFA DB and exclude unaligned utterance without rerun
2020,7b52204cdb2119b057e5d961ecd75ab33858a3f5a1323d5018d9649e24f53840,SDRW2000000257.1.1.290,mfa_alignment_missing,alignment_and_analysis,C:\Users\ari30\research\2026_summer_research\outputs\reviews\mfa_post_alignment_2020_mfa_r2_prod_2020_20260802\02_RESEARCHER_DECISIONS.csv,approved,2026-08-03 researcher infrastructure review complete; retain MFA DB and exclude unaligned utterance without rerun
2020,7b52204cdb2119b057e5d961ecd75ab33858a3f5a1323d5018d9649e24f53840,SDRW2000000257.1.1.292,mfa_alignment_missing,alignment_and_analysis,C:\Users\ari30\research\2026_summer_research\outputs\reviews\mfa_post_alignment_2020_mfa_r2_prod_2020_20260802\02_RESEARCHER_DECISIONS.csv,approved,2026-08-03 researcher infrastructure review complete; retain MFA DB and exclude unaligned utterance without rerun
2020,7b52204cdb2119b057e5d961ecd75ab33858a3f5a1323d5018d9649e24f53840,SDRW2000000257.1.1.293,mfa_alignment_missing,alignment_and_analysis,C:\Users\ari30\research\2026_summer_research\outputs\reviews\mfa_post_alignment_2020_mfa_r2_prod_2020_20260802\02_RESEARCHER_DECISIONS.csv,approved,2026-08-03 researcher infrastructure review complete; retain MFA DB and exclude unaligned utterance without rerun
2020,7b52204cdb2119b057e5d961ecd75ab33858a3f5a1323d5018d9649e24f53840,SDRW2000000257.1.1.294,mfa_alignment_missing,alignment_and_analysis,C:\Users\ari30\research\2026_summer_research\outputs\reviews\mfa_post_alignment_2020_mfa_r2_prod_2020_20260802\02_RESEARCHER_DECISIONS.csv,approved,2026-08-03 researcher infrastructure review complete; retain MFA DB and exclude unaligned utterance without rerun
2020,7b52204cdb2119b057e5d961ecd75ab33858a3f5a1323d5018d9649e24f53840,SDRW2000000257.1.1.295,mfa_alignment_missing,alignment_and_analysis,C:\Users\ari30\research\2026_summer_research\outputs\reviews\mfa_post_alignment_2020_mfa_r2_prod_2020_20260802\02_RESEARCHER_DECISIONS.csv,approved,2026-08-03 researcher infrastructure review complete; retain MFA DB and exclude unaligned utterance without rerun
2020,7b52204cdb2119b057e5d961ecd75ab33858a3f5a1323d5018d9649e24f53840,SDRW2000000257.1.1.296,mfa_alignment_missing,alignment_and_analysis,C:\Users\ari30\research\2026_summer_research\outputs\reviews\mfa_post_alignment_2020_mfa_r2_prod_2020_20260802\02_RESEARCHER_DECISIONS.csv,approved,2026-08-03 researcher infrastructure review complete; retain MFA DB and exclude unaligned utterance without rerun
2020,7b52204cdb2119b057e5d961ecd75ab33858a3f5a1323d5018d9649e24f53840,SDRW2000000257.1.1.30,mfa_alignment_missing,alignment_and_analysis,C:\Users\ari30\research\2026_summer_research\outputs\reviews\mfa_post_alignment_2020_mfa_r2_prod_2020_20260802\02_RESEARCHER_DECISIONS.csv,approved,2026-08-03 researcher infrastructure review complete; retain MFA DB and exclude unaligned utterance without rerun
2020,7b52204cdb2119b057e5d961ecd75ab33858a3f5a1323d5018d9649e24f53840,SDRW2000000257.1.1.300,mfa_alignment_missing,alignment_and_analysis,C:\Users\ari30\research\2026_summer_research\outputs\reviews\mfa_post_alignment_2020_mfa_r2_prod_2020_20260802\02_RESEARCHER_DECISIONS.csv,approved,2026-08-03 researcher infrastructure review complete; retain MFA DB and exclude unaligned utterance without rerun
2020,7b52204cdb2119b057e5d961ecd75ab33858a3f5a1323d5018d9649e24f53840,SDRW2000000257.1.1.301,mfa_alignment_missing,alignment_and_analysis,C:\Users\ari30\research\2026_summer_research\outputs\reviews\mfa_post_alignment_2020_mfa_r2_prod_2020_20260802\02_RESEARCHER_DECISIONS.csv,approved,2026-08-03 researcher infrastructure review complete; retain MFA DB and exclude unaligned utterance without rerun
2020,7b52204cdb2119b057e5d961ecd75ab33858a3f5a1323d5018d9649e24f53840,SDRW2000000257.1.1.302,mfa_alignment_missing,alignment_and_analysis,C:\Users\ari30\research\2026_summer_research\outputs\reviews\mfa_post_alignment_2020_mfa_r2_prod_2020_20260802\02_RESEARCHER_DECISIONS.csv,approved,2026-08-03 researcher infrastructure review complete; retain MFA DB and exclude unaligned utterance without rerun
2020,7b52204cdb2119b057e5d961ecd75ab33858a3f5a1323d5018d9649e24f53840,SDRW2000000257.1.1.303,mfa_alignment_missing,alignment_and_analysis,C:\Users\ari30\research\2026_summer_research\outputs\reviews\mfa_post_alignment_2020_mfa_r2_prod_2020_20260802\02_RESEARCHER_DECISIONS.csv,approved,2026-08-03 researcher infrastructure review complete; retain MFA DB and exclude unaligned utterance without rerun
2020,7b52204cdb2119b057e5d961ecd75ab33858a3f5a1323d5018d9649e24f53840,SDRW2000000257.1.1.304,mfa_alignment_missing,alignment_and_analysis,C:\Users\ari30\research\2026_summer_research\outputs\reviews\mfa_post_alignment_2020_mfa_r2_prod_2020_20260802\02_RESEARCHER_DECISIONS.csv,approved,2026-08-03 researcher infrastructure review complete; retain MFA DB and exclude unaligned utterance without rerun
2020,7b52204cdb2119b057e5d961ecd75ab33858a3f5a1323d5018d9649e24f53840,SDRW2000000257.1.1.306,mfa_alignment_missing,alignment_and_analysis,C:\Users\ari30\research\2026_summer_research\outputs\reviews\mfa_post_alignment_2020_mfa_r2_prod_2020_20260802\02_RESEARCHER_DECISIONS.csv,approved,2026-08-03 researcher infrastructure review complete; retain MFA DB and exclude unaligned utterance without rerun
2020,7b52204cdb2119b057e5d961ecd75ab33858a3f5a1323d5018d9649e24f53840,SDRW2000000257.1.1.32,mfa_alignment_missing,alignment_and_analysis,C:\Users\ari30\research\2026_summer_research\outputs\reviews\mfa_post_alignment_2020_mfa_r2_prod_2020_20260802\02_RESEARCHER_DECISIONS.csv,approved,2026-08-03 researcher infrastructure review complete; retain MFA DB and exclude unaligned utterance without rerun
2020,7b52204cdb2119b057e5d961ecd75ab33858a3f5a1323d5018d9649e24f53840,SDRW2000000257.1.1.33,mfa_alignment_missing,alignment_and_analysis,C:\Users\ari30\research\2026_summer_research\outputs\reviews\mfa_post_alignment_2020_mfa_r2_prod_2020_20260802\02_RESEARCHER_DECISIONS.csv,approved,2026-08-03 researcher infrastructure review complete; retain MFA DB and exclude unaligned utterance without rerun
2020,7b52204cdb2119b057e5d961ecd75ab33858a3f5a1323d5018d9649e24f53840,SDRW2000000257.1.1.334,mfa_alignment_missing,alignment_and_analysis,C:\Users\ari30\research\2026_summer_research\outputs\reviews\mfa_post_alignment_2020_mfa_r2_prod_2020_20260802\02_RESEARCHER_DECISIONS.csv,approved,2026-08-03 researcher infrastructure review complete; retain MFA DB and exclude unaligned utterance without rerun
2020,7b52204cdb2119b057e5d961ecd75ab33858a3f5a1323d5018d9649e24f53840,SDRW2000000257.1.1.336,mfa_alignment_missing,alignment_and_analysis,C:\Users\ari30\research\2026_summer_research\outputs\reviews\mfa_post_alignment_2020_mfa_r2_prod_2020_20260802\02_RESEARCHER_DECISIONS.csv,approved,2026-08-03 researcher infrastructure review complete; retain MFA DB and exclude unaligned utterance without rerun
2020,7b52204cdb2119b057e5d961ecd75ab33858a3f5a1323d5018d9649e24f53840,SDRW2000000257.1.1.337,mfa_alignment_missing,alignment_and_analysis,C:\Users\ari30\research\2026_summer_research\outputs\reviews\mfa_post_alignment_2020_mfa_r2_prod_2020_20260802\02_RESEARCHER_DECISIONS.csv,approved,2026-08-03 researcher infrastructure review complete; retain MFA DB and exclude unaligned utterance without rerun
2020,7b52204cdb2119b057e5d961ecd75ab33858a3f5a1323d5018d9649e24f53840,SDRW2000000257.1.1.338,mfa_alignment_missing,alignment_and_analysis,C:\Users\ari30\research\2026_summer_research\outputs\reviews\mfa_post_alignment_2020_mfa_r2_prod_2020_20260802\02_RESEARCHER_DECISIONS.csv,approved,2026-08-03 researcher infrastructure review complete; retain MFA DB and exclude unaligned utterance without rerun
2020,7b52204cdb2119b057e5d961ecd75ab33858a3f5a1323d5018d9649e24f53840,SDRW2000000257.1.1.339,mfa_alignment_missing,alignment_and_analysis,C:\Users\ari30\research\2026_summer_research\outputs\reviews\mfa_post_alignment_2020_mfa_r2_prod_2020_20260802\02_RESEARCHER_DECISIONS.csv,approved,2026-08-03 researcher infrastructure review complete; retain MFA DB and exclude unaligned utterance without rerun
2020,7b52204cdb2119b057e5d961ecd75ab33858a3f5a1323d5018d9649e24f53840,SDRW2000000257.1.1.34,mfa_alignment_missing,alignment_and_analysis,C:\Users\ari30\research\2026_summer_research\outputs\reviews\mfa_post_alignment_2020_mfa_r2_prod_2020_20260802\02_RESEARCHER_DECISIONS.csv,approved,2026-08-03 researcher infrastructure review complete; retain MFA DB and exclude unaligned utterance without rerun
2020,7b52204cdb2119b057e5d961ecd75ab33858a3f5a1323d5018d9649e24f53840,SDRW2000000257.1.1.340,mfa_alignment_missing,alignment_and_analysis,C:\Users\ari30\research\2026_summer_research\outputs\reviews\mfa_post_alignment_2020_mfa_r2_prod_2020_20260802\02_RESEARCHER_DECISIONS.csv,approved,2026-08-03 researcher infrastructure review complete; retain MFA DB and exclude unaligned utterance without rerun
2020,7b52204cdb2119b057e5d961ecd75ab33858a3f5a1323d5018d9649e24f53840,SDRW2000000257.1.1.341,mfa_alignment_missing,alignment_and_analysis,C:\Users\ari30\research\2026_summer_research\outputs\reviews\mfa_post_alignment_2020_mfa_r2_prod_2020_20260802\02_RESEARCHER_DECISIONS.csv,approved,2026-08-03 researcher infrastructure review complete; retain MFA DB and exclude unaligned utterance without rerun
2020,7b52204cdb2119b057e5d961ecd75ab33858a3f5a1323d5018d9649e24f53840,SDRW2000000257.1.1.342,mfa_alignment_missing,alignment_and_analysis,C:\Users\ari30\research\2026_summer_research\outputs\reviews\mfa_post_alignment_2020_mfa_r2_prod_2020_20260802\02_RESEARCHER_DECISIONS.csv,approved,2026-08-03 researcher infrastructure review complete; retain MFA DB and exclude unaligned utterance without rerun
2020,7b52204cdb2119b057e5d961ecd75ab33858a3f5a1323d5018d9649e24f53840,SDRW2000000257.1.1.343,mfa_alignment_missing,alignment_and_analysis,C:\Users\ari30\research\2026_summer_research\outputs\reviews\mfa_post_alignment_2020_mfa_r2_prod_2020_20260802\02_RESEARCHER_DECISIONS.csv,approved,2026-08-03 researcher infrastructure review complete; retain MFA DB and exclude unaligned utterance without rerun
2020,7b52204cdb2119b057e5d961ecd75ab33858a3f5a1323d5018d9649e24f53840,SDRW2000000257.1.1.344,mfa_alignment_missing,alignment_and_analysis,C:\Users\ari30\research\2026_summer_research\outputs\reviews\mfa_post_alignment_2020_mfa_r2_prod_2020_20260802\02_RESEARCHER_DECISIONS.csv,approved,2026-08-03 researcher infrastructure review complete; retain MFA DB and exclude unaligned utterance without rerun
2020,7b52204cdb2119b057e5d961ecd75ab33858a3f5a1323d5018d9649e24f53840,SDRW2000000257.1.1.345,mfa_alignment_missing,alignment_and_analysis,C:\Users\ari30\research\2026_summer_research\outputs\reviews\mfa_post_alignment_2020_mfa_r2_prod_2020_20260802\02_RESEARCHER_DECISIONS.csv,approved,2026-08-03 researcher infrastructure review complete; retain MFA DB and exclude unaligned utterance without rerun
2020,7b52204cdb2119b057e5d961ecd75ab33858a3f5a1323d5018d9649e24f53840,SDRW2000000257.1.1.346,mfa_alignment_missing,alignment_and_analysis,C:\Users\ari30\research\2026_summer_research\outputs\reviews\mfa_post_alignment_2020_mfa_r2_prod_2020_20260802\02_RESEARCHER_DECISIONS.csv,approved,2026-08-03 researcher infrastructure review complete; retain MFA DB and exclude unaligned utterance without rerun
2020,7b52204cdb2119b057e5d961ecd75ab33858a3f5a1323d5018d9649e24f53840,SDRW2000000257.1.1.347,mfa_alignment_missing,alignment_and_analysis,C:\Users\ari30\research\2026_summer_research\outputs\reviews\mfa_post_alignment_2020_mfa_r2_prod_2020_20260802\02_RESEARCHER_DECISIONS.csv,approved,2026-08-03 researcher infrastructure review complete; retain MFA DB and exclude unaligned utterance without rerun
2020,7b52204cdb2119b057e5d961ecd75ab33858a3f5a1323d5018d9649e24f53840,SDRW2000000257.1.1.348,mfa_alignment_missing,alignment_and_analysis,C:\Users\ari30\research\2026_summer_research\outputs\reviews\mfa_post_alignment_2020_mfa_r2_prod_2020_20260802\02_RESEARCHER_DECISIONS.csv,approved,2026-08-03 researcher infrastructure review complete; retain MFA DB and exclude unaligned utterance without rerun
2020,7b52204cdb2119b057e5d961ecd75ab33858a3f5a1323d5018d9649e24f53840,SDRW2000000257.1.1.349,mfa_alignment_missing,alignment_and_analysis,C:\Users\ari30\research\2026_summer_research\outputs\reviews\mfa_post_alignment_2020_mfa_r2_prod_2020_20260802\02_RESEARCHER_DECISIONS.csv,approved,2026-08-03 researcher infrastructure review complete; retain MFA DB and exclude unaligned utterance without rerun
2020,7b52204cdb2119b057e5d961ecd75ab33858a3f5a1323d5018d9649e24f53840,SDRW2000000257.1.1.35,mfa_alignment_missing,alignment_and_analysis,C:\Users\ari30\research\2026_summer_research\outputs\reviews\mfa_post_alignment_2020_mfa_r2_prod_2020_20260802\02_RESEARCHER_DECISIONS.csv,approved,2026-08-03 researcher infrastructure review complete; retain MFA DB and exclude unaligned utterance without rerun
2020,7b52204cdb2119b057e5d961ecd75ab33858a3f5a1323d5018d9649e24f53840,SDRW2000000257.1.1.350,mfa_alignment_missing,alignment_and_analysis,C:\Users\ari30\research\2026_summer_research\outputs\reviews\mfa_post_alignment_2020_mfa_r2_prod_2020_20260802\02_RESEARCHER_DECISIONS.csv,approved,2026-08-03 researcher infrastructure review complete; retain MFA DB and exclude unaligned utterance without rerun
2020,7b52204cdb2119b057e5d961ecd75ab33858a3f5a1323d5018d9649e24f53840,SDRW2000000257.1.1.351,mfa_alignment_missing,alignment_and_analysis,C:\Users\ari30\research\2026_summer_research\outputs\reviews\mfa_post_alignment_2020_mfa_r2_prod_2020_20260802\02_RESEARCHER_DECISIONS.csv,approved,2026-08-03 researcher infrastructure review complete; retain MFA DB and exclude unaligned utterance without rerun
2020,7b52204cdb2119b057e5d961ecd75ab33858a3f5a1323d5018d9649e24f53840,SDRW2000000257.1.1.352,mfa_alignment_missing,alignment_and_analysis,C:\Users\ari30\research\2026_summer_research\outputs\reviews\mfa_post_alignment_2020_mfa_r2_prod_2020_20260802\02_RESEARCHER_DECISIONS.csv,approved,2026-08-03 researcher infrastructure review complete; retain MFA DB and exclude unaligned utterance without rerun
2020,7b52204cdb2119b057e5d961ecd75ab33858a3f5a1323d5018d9649e24f53840,SDRW2000000257.1.1.354,mfa_alignment_missing,alignment_and_analysis,C:\Users\ari30\research\2026_summer_research\outputs\reviews\mfa_post_alignment_2020_mfa_r2_prod_2020_20260802\02_RESEARCHER_DECISIONS.csv,approved,2026-08-03 researcher infrastructure review complete; retain MFA DB and exclude unaligned utterance without rerun
2020,7b52204cdb2119b057e5d961ecd75ab33858a3f5a1323d5018d9649e24f53840,SDRW2000000257.1.1.355,mfa_alignment_missing,alignment_and_analysis,C:\Users\ari30\research\2026_summer_research\outputs\reviews\mfa_post_alignment_2020_mfa_r2_prod_2020_20260802\02_RESEARCHER_DECISIONS.csv,approved,2026-08-03 researcher infrastructure review complete; retain MFA DB and exclude unaligned utterance without rerun
2020,7b52204cdb2119b057e5d961ecd75ab33858a3f5a1323d5018d9649e24f53840,SDRW2000000257.1.1.356,mfa_alignment_missing,alignment_and_analysis,C:\Users\ari30\research\2026_summer_research\outputs\reviews\mfa_post_alignment_2020_mfa_r2_prod_2020_20260802\02_RESEARCHER_DECISIONS.csv,approved,2026-08-03 researcher infrastructure review complete; retain MFA DB and exclude unaligned utterance without rerun
2020,7b52204cdb2119b057e5d961ecd75ab33858a3f5a1323d5018d9649e24f53840,SDRW2000000257.1.1.357,mfa_alignment_missing,alignment_and_analysis,C:\Users\ari30\research\2026_summer_research\outputs\reviews\mfa_post_alignment_2020_mfa_r2_prod_2020_20260802\02_RESEARCHER_DECISIONS.csv,approved,2026-08-03 researcher infrastructure review complete; retain MFA DB and exclude unaligned utterance without rerun
2020,7b52204cdb2119b057e5d961ecd75ab33858a3f5a1323d5018d9649e24f53840,SDRW2000000257.1.1.37,mfa_alignment_missing,alignment_and_analysis,C:\Users\ari30\research\2026_summer_research\outputs\reviews\mfa_post_alignment_2020_mfa_r2_prod_2020_20260802\02_RESEARCHER_DECISIONS.csv,approved,2026-08-03 researcher infrastructure review complete; retain MFA DB and exclude unaligned utterance without rerun
2020,7b52204cdb2119b057e5d961ecd75ab33858a3f5a1323d5018d9649e24f53840,SDRW2000000257.1.1.377,mfa_alignment_missing,alignment_and_analysis,C:\Users\ari30\research\2026_summer_research\outputs\reviews\mfa_post_alignment_2020_mfa_r2_prod_2020_20260802\02_RESEARCHER_DECISIONS.csv,approved,2026-08-03 researcher infrastructure review complete; retain MFA DB and exclude unaligned utterance without rerun
2020,7b52204cdb2119b057e5d961ecd75ab33858a3f5a1323d5018d9649e24f53840,SDRW2000000257.1.1.382,mfa_alignment_missing,alignment_and_analysis,C:\Users\ari30\research\2026_summer_research\outputs\reviews\mfa_post_alignment_2020_mfa_r2_prod_2020_20260802\02_RESEARCHER_DECISIONS.csv,approved,2026-08-03 researcher infrastructure review complete; retain MFA DB and exclude unaligned utterance without rerun
2020,7b52204cdb2119b057e5d961ecd75ab33858a3f5a1323d5018d9649e24f53840,SDRW2000000257.1.1.39,audio_unusable,alignment_and_analysis,C:\Users\ari30\research\2026_summer_research\outputs\reviews\MFA_2020_REVIEW_SIMPLE_V2_20260803\MANIFEST.json,approved,2026-08-03 researcher listening review: audio not audible; exclude from alignment and analysis
2020,7b52204cdb2119b057e5d961ecd75ab33858a3f5a1323d5018d9649e24f53840,SDRW2000000257.1.1.395,mfa_alignment_missing,alignment_and_analysis,C:\Users\ari30\research\2026_summer_research\outputs\reviews\mfa_post_alignment_2020_mfa_r2_prod_2020_20260802\02_RESEARCHER_DECISIONS.csv,approved,2026-08-03 researcher infrastructure review complete; retain MFA DB and exclude unaligned utterance without rerun
2020,7b52204cdb2119b057e5d961ecd75ab33858a3f5a1323d5018d9649e24f53840,SDRW2000000257.1.1.396,mfa_alignment_missing,alignment_and_analysis,C:\Users\ari30\research\2026_summer_research\outputs\reviews\mfa_post_alignment_2020_mfa_r2_prod_2020_20260802\02_RESEARCHER_DECISIONS.csv,approved,2026-08-03 researcher infrastructure review complete; retain MFA DB and exclude unaligned utterance without rerun
2020,7b52204cdb2119b057e5d961ecd75ab33858a3f5a1323d5018d9649e24f53840,SDRW2000000257.1.1.397,mfa_alignment_missing,alignment_and_analysis,C:\Users\ari30\research\2026_summer_research\outputs\reviews\mfa_post_alignment_2020_mfa_r2_prod_2020_20260802\02_RESEARCHER_DECISIONS.csv,approved,2026-08-03 researcher infrastructure review complete; retain MFA DB and exclude unaligned utterance without rerun
2020,7b52204cdb2119b057e5d961ecd75ab33858a3f5a1323d5018d9649e24f53840,SDRW2000000257.1.1.398,mfa_alignment_missing,alignment_and_analysis,C:\Users\ari30\research\2026_summer_research\outputs\reviews\mfa_post_alignment_2020_mfa_r2_prod_2020_20260802\02_RESEARCHER_DECISIONS.csv,approved,2026-08-03 researcher infrastructure review complete; retain MFA DB and exclude unaligned utterance without rerun
2020,7b52204cdb2119b057e5d961ecd75ab33858a3f5a1323d5018d9649e24f53840,SDRW2000000257.1.1.399,mfa_alignment_missing,alignment_and_analysis,C:\Users\ari30\research\2026_summer_research\outputs\reviews\mfa_post_alignment_2020_mfa_r2_prod_2020_20260802\02_RESEARCHER_DECISIONS.csv,approved,2026-08-03 researcher infrastructure review complete; retain MFA DB and exclude unaligned utterance without rerun
2020,7b52204cdb2119b057e5d961ecd75ab33858a3f5a1323d5018d9649e24f53840,SDRW2000000257.1.1.400,mfa_alignment_missing,alignment_and_analysis,C:\Users\ari30\research\2026_summer_research\outputs\reviews\mfa_post_alignment_2020_mfa_r2_prod_2020_20260802\02_RESEARCHER_DECISIONS.csv,approved,2026-08-03 researcher infrastructure review complete; retain MFA DB and exclude unaligned utterance without rerun
2020,7b52204cdb2119b057e5d961ecd75ab33858a3f5a1323d5018d9649e24f53840,SDRW2000000257.1.1.401,mfa_alignment_missing,alignment_and_analysis,C:\Users\ari30\research\2026_summer_research\outputs\reviews\mfa_post_alignment_2020_mfa_r2_prod_2020_20260802\02_RESEARCHER_DECISIONS.csv,approved,2026-08-03 researcher infrastructure review complete; retain MFA DB and exclude unaligned utterance without rerun
2020,7b52204cdb2119b057e5d961ecd75ab33858a3f5a1323d5018d9649e24f53840,SDRW2000000257.1.1.402,mfa_alignment_missing,alignment_and_analysis,C:\Users\ari30\research\2026_summer_research\outputs\reviews\mfa_post_alignment_2020_mfa_r2_prod_2020_20260802\02_RESEARCHER_DECISIONS.csv,approved,2026-08-03 researcher infrastructure review complete; retain MFA DB and exclude unaligned utterance without rerun
2020,7b52204cdb2119b057e5d961ecd75ab33858a3f5a1323d5018d9649e24f53840,SDRW2000000257.1.1.403,mfa_alignment_missing,alignment_and_analysis,C:\Users\ari30\research\2026_summer_research\outputs\reviews\mfa_post_alignment_2020_mfa_r2_prod_2020_20260802\02_RESEARCHER_DECISIONS.csv,approved,2026-08-03 researcher infrastructure review complete; retain MFA DB and exclude unaligned utterance without rerun
2020,7b52204cdb2119b057e5d961ecd75ab33858a3f5a1323d5018d9649e24f53840,SDRW2000000257.1.1.404,mfa_alignment_missing,alignment_and_analysis,C:\Users\ari30\research\2026_summer_research\outputs\reviews\mfa_post_alignment_2020_mfa_r2_prod_2020_20260802\02_RESEARCHER_DECISIONS.csv,approved,2026-08-03 researcher infrastructure review complete; retain MFA DB and exclude unaligned utterance without rerun
2020,7b52204cdb2119b057e5d961ecd75ab33858a3f5a1323d5018d9649e24f53840,SDRW2000000257.1.1.405,mfa_alignment_missing,alignment_and_analysis,C:\Users\ari30\research\2026_summer_research\outputs\reviews\mfa_post_alignment_2020_mfa_r2_prod_2020_20260802\02_RESEARCHER_DECISIONS.csv,approved,2026-08-03 researcher infrastructure review complete; retain MFA DB and exclude unaligned utterance without rerun
2020,7b52204cdb2119b057e5d961ecd75ab33858a3f5a1323d5018d9649e24f53840,SDRW2000000257.1.1.406,mfa_alignment_missing,alignment_and_analysis,C:\Users\ari30\research\2026_summer_research\outputs\reviews\mfa_post_alignment_2020_mfa_r2_prod_2020_20260802\02_RESEARCHER_DECISIONS.csv,approved,2026-08-03 researcher infrastructure review complete; retain MFA DB and exclude unaligned utterance without rerun
2020,7b52204cdb2119b057e5d961ecd75ab33858a3f5a1323d5018d9649e24f53840,SDRW2000000257.1.1.407,mfa_alignment_missing,alignment_and_analysis,C:\Users\ari30\research\2026_summer_research\outputs\reviews\mfa_post_alignment_2020_mfa_r2_prod_2020_20260802\02_RESEARCHER_DECISIONS.csv,approved,2026-08-03 researcher infrastructure review complete; retain MFA DB and exclude unaligned utterance without rerun
2020,7b52204cdb2119b057e5d961ecd75ab33858a3f5a1323d5018d9649e24f53840,SDRW2000000257.1.1.408,mfa_alignment_missing,alignment_and_analysis,C:\Users\ari30\research\2026_summer_research\outputs\reviews\mfa_post_alignment_2020_mfa_r2_prod_2020_20260802\02_RESEARCHER_DECISIONS.csv,approved,2026-08-03 researcher infrastructure review complete; retain MFA DB and exclude unaligned utterance without rerun
2020,7b52204cdb2119b057e5d961ecd75ab33858a3f5a1323d5018d9649e24f53840,SDRW2000000257.1.1.410,mfa_alignment_missing,alignment_and_analysis,C:\Users\ari30\research\2026_summer_research\outputs\reviews\mfa_post_alignment_2020_mfa_r2_prod_2020_20260802\02_RESEARCHER_DECISIONS.csv,approved,2026-08-03 researcher infrastructure review complete; retain MFA DB and exclude unaligned utterance without rerun
2020,7b52204cdb2119b057e5d961ecd75ab33858a3f5a1323d5018d9649e24f53840,SDRW2000000257.1.1.412,mfa_alignment_missing,alignment_and_analysis,C:\Users\ari30\research\2026_summer_research\outputs\reviews\mfa_post_alignment_2020_mfa_r2_prod_2020_20260802\02_RESEARCHER_DECISIONS.csv,approved,2026-08-03 researcher infrastructure review complete; retain MFA DB and exclude unaligned utterance without rerun
2020,7b52204cdb2119b057e5d961ecd75ab33858a3f5a1323d5018d9649e24f53840,SDRW2000000257.1.1.413,mfa_alignment_missing,alignment_and_analysis,C:\Users\ari30\research\2026_summer_research\outputs\reviews\mfa_post_alignment_2020_mfa_r2_prod_2020_20260802\02_RESEARCHER_DECISIONS.csv,approved,2026-08-03 researcher infrastructure review complete; retain MFA DB and exclude unaligned utterance without rerun
2020,7b52204cdb2119b057e5d961ecd75ab33858a3f5a1323d5018d9649e24f53840,SDRW2000000257.1.1.415,mfa_alignment_missing,alignment_and_analysis,C:\Users\ari30\research\2026_summer_research\outputs\reviews\mfa_post_alignment_2020_mfa_r2_prod_2020_20260802\02_RESEARCHER_DECISIONS.csv,approved,2026-08-03 researcher infrastructure review complete; retain MFA DB and exclude unaligned utterance without rerun
2020,7b52204cdb2119b057e5d961ecd75ab33858a3f5a1323d5018d9649e24f53840,SDRW2000000257.1.1.416,mfa_alignment_missing,alignment_and_analysis,C:\Users\ari30\research\2026_summer_research\outputs\reviews\mfa_post_alignment_2020_mfa_r2_prod_2020_20260802\02_RESEARCHER_DECISIONS.csv,approved,2026-08-03 researcher infrastructure review complete; retain MFA DB and exclude unaligned utterance without rerun
2020,7b52204cdb2119b057e5d961ecd75ab33858a3f5a1323d5018d9649e24f53840,SDRW2000000257.1.1.417,mfa_alignment_missing,alignment_and_analysis,C:\Users\ari30\research\2026_summer_research\outputs\reviews\mfa_post_alignment_2020_mfa_r2_prod_2020_20260802\02_RESEARCHER_DECISIONS.csv,approved,2026-08-03 researcher infrastructure review complete; retain MFA DB and exclude unaligned utterance without rerun
2020,7b52204cdb2119b057e5d961ecd75ab33858a3f5a1323d5018d9649e24f53840,SDRW2000000257.1.1.418,mfa_alignment_missing,alignment_and_analysis,C:\Users\ari30\research\2026_summer_research\outputs\reviews\mfa_post_alignment_2020_mfa_r2_prod_2020_20260802\02_RESEARCHER_DECISIONS.csv,approved,2026-08-03 researcher infrastructure review complete; retain MFA DB and exclude unaligned utterance without rerun
2020,7b52204cdb2119b057e5d961ecd75ab33858a3f5a1323d5018d9649e24f53840,SDRW2000000257.1.1.419,mfa_alignment_missing,alignment_and_analysis,C:\Users\ari30\research\2026_summer_research\outputs\reviews\mfa_post_alignment_2020_mfa_r2_prod_2020_20260802\02_RESEARCHER_DECISIONS.csv,approved,2026-08-03 researcher infrastructure review complete; retain MFA DB and exclude unaligned utterance without rerun
2020,7b52204cdb2119b057e5d961ecd75ab33858a3f5a1323d5018d9649e24f53840,SDRW2000000257.1.1.420,mfa_alignment_missing,alignment_and_analysis,C:\Users\ari30\research\2026_summer_research\outputs\reviews\mfa_post_alignment_2020_mfa_r2_prod_2020_20260802\02_RESEARCHER_DECISIONS.csv,approved,2026-08-03 researcher infrastructure review complete; retain MFA DB and exclude unaligned utterance without rerun
2020,7b52204cdb2119b057e5d961ecd75ab33858a3f5a1323d5018d9649e24f53840,SDRW2000000257.1.1.421,mfa_alignment_missing,alignment_and_analysis,C:\Users\ari30\research\2026_summer_research\outputs\reviews\mfa_post_alignment_2020_mfa_r2_prod_2020_20260802\02_RESEARCHER_DECISIONS.csv,approved,2026-08-03 researcher infrastructure review complete; retain MFA DB and exclude unaligned utterance without rerun
2020,7b52204cdb2119b057e5d961ecd75ab33858a3f5a1323d5018d9649e24f53840,SDRW2000000257.1.1.424,mfa_alignment_missing,alignment_and_analysis,C:\Users\ari30\research\2026_summer_research\outputs\reviews\mfa_post_alignment_2020_mfa_r2_prod_2020_20260802\02_RESEARCHER_DECISIONS.csv,approved,2026-08-03 researcher infrastructure review complete; retain MFA DB and exclude unaligned utterance without rerun
2020,7b52204cdb2119b057e5d961ecd75ab33858a3f5a1323d5018d9649e24f53840,SDRW2000000257.1.1.425,mfa_alignment_missing,alignment_and_analysis,C:\Users\ari30\research\2026_summer_research\outputs\reviews\mfa_post_alignment_2020_mfa_r2_prod_2020_20260802\02_RESEARCHER_DECISIONS.csv,approved,2026-08-03 researcher infrastructure review complete; retain MFA DB and exclude unaligned utterance without rerun
2020,7b52204cdb2119b057e5d961ecd75ab33858a3f5a1323d5018d9649e24f53840,SDRW2000000257.1.1.426,mfa_alignment_missing,alignment_and_analysis,C:\Users\ari30\research\2026_summer_research\outputs\reviews\mfa_post_alignment_2020_mfa_r2_prod_2020_20260802\02_RESEARCHER_DECISIONS.csv,approved,2026-08-03 researcher infrastructure review complete; retain MFA DB and exclude unaligned utterance without rerun
2020,7b52204cdb2119b057e5d961ecd75ab33858a3f5a1323d5018d9649e24f53840,SDRW2000000257.1.1.427,mfa_alignment_missing,alignment_and_analysis,C:\Users\ari30\research\2026_summer_research\outputs\reviews\mfa_post_alignment_2020_mfa_r2_prod_2020_20260802\02_RESEARCHER_DECISIONS.csv,approved,2026-08-03 researcher infrastructure review complete; retain MFA DB and exclude unaligned utterance without rerun
2020,7b52204cdb2119b057e5d961ecd75ab33858a3f5a1323d5018d9649e24f53840,SDRW2000000257.1.1.429,mfa_alignment_missing,alignment_and_analysis,C:\Users\ari30\research\2026_summer_research\outputs\reviews\mfa_post_alignment_2020_mfa_r2_prod_2020_20260802\02_RESEARCHER_DECISIONS.csv,approved,2026-08-03 researcher infrastructure review complete; retain MFA DB and exclude unaligned utterance without rerun
2020,7b52204cdb2119b057e5d961ecd75ab33858a3f5a1323d5018d9649e24f53840,SDRW2000000257.1.1.430,mfa_alignment_missing,alignment_and_analysis,C:\Users\ari30\research\2026_summer_research\outputs\reviews\mfa_post_alignment_2020_mfa_r2_prod_2020_20260802\02_RESEARCHER_DECISIONS.csv,approved,2026-08-03 researcher infrastructure review complete; retain MFA DB and exclude unaligned utterance without rerun
2020,7b52204cdb2119b057e5d961ecd75ab33858a3f5a1323d5018d9649e24f53840,SDRW2000000257.1.1.431,mfa_alignment_missing,alignment_and_analysis,C:\Users\ari30\research\2026_summer_research\outputs\reviews\mfa_post_alignment_2020_mfa_r2_prod_2020_20260802\02_RESEARCHER_DECISIONS.csv,approved,2026-08-03 researcher infrastructure review complete; retain MFA DB and exclude unaligned utterance without rerun
2020,7b52204cdb2119b057e5d961ecd75ab33858a3f5a1323d5018d9649e24f53840,SDRW2000000257.1.1.5,mfa_alignment_missing,alignment_and_analysis,C:\Users\ari30\research\2026_summer_research\outputs\reviews\mfa_post_alignment_2020_mfa_r2_prod_2020_20260802\02_RESEARCHER_DECISIONS.csv,approved,2026-08-03 researcher infrastructure review complete; retain MFA DB and exclude unaligned utterance without rerun
2020,7b52204cdb2119b057e5d961ecd75ab33858a3f5a1323d5018d9649e24f53840,SDRW2000000257.1.1.6,mfa_alignment_missing,alignment_and_analysis,C:\Users\ari30\research\2026_summer_research\outputs\reviews\mfa_post_alignment_2020_mfa_r2_prod_2020_20260802\02_RESEARCHER_DECISIONS.csv,approved,2026-08-03 researcher infrastructure review complete; retain MFA DB and exclude unaligned utterance without rerun
2020,7b52204cdb2119b057e5d961ecd75ab33858a3f5a1323d5018d9649e24f53840,SDRW2000000257.1.1.64,mfa_alignment_missing,alignment_and_analysis,C:\Users\ari30\research\2026_summer_research\outputs\reviews\mfa_post_alignment_2020_mfa_r2_prod_2020_20260802\02_RESEARCHER_DECISIONS.csv,approved,2026-08-03 researcher infrastructure review complete; retain MFA DB and exclude unaligned utterance without rerun
2020,7b52204cdb2119b057e5d961ecd75ab33858a3f5a1323d5018d9649e24f53840,SDRW2000000257.1.1.65,mfa_alignment_missing,alignment_and_analysis,C:\Users\ari30\research\2026_summer_research\outputs\reviews\mfa_post_alignment_2020_mfa_r2_prod_2020_20260802\02_RESEARCHER_DECISIONS.csv,approved,2026-08-03 researcher infrastructure review complete; retain MFA DB and exclude unaligned utterance without rerun
2020,7b52204cdb2119b057e5d961ecd75ab33858a3f5a1323d5018d9649e24f53840,SDRW2000000257.1.1.66,mfa_alignment_missing,alignment_and_analysis,C:\Users\ari30\research\2026_summer_research\outputs\reviews\mfa_post_alignment_2020_mfa_r2_prod_2020_20260802\02_RESEARCHER_DECISIONS.csv,approved,2026-08-03 researcher infrastructure review complete; retain MFA DB and exclude unaligned utterance without rerun
2020,7b52204cdb2119b057e5d961ecd75ab33858a3f5a1323d5018d9649e24f53840,SDRW2000000257.1.1.67,mfa_alignment_missing,alignment_and_analysis,C:\Users\ari30\research\2026_summer_research\outputs\reviews\mfa_post_alignment_2020_mfa_r2_prod_2020_20260802\02_RESEARCHER_DECISIONS.csv,approved,2026-08-03 researcher infrastructure review complete; retain MFA DB and exclude unaligned utterance without rerun
2020,7b52204cdb2119b057e5d961ecd75ab33858a3f5a1323d5018d9649e24f53840,SDRW2000000257.1.1.68,mfa_alignment_missing,alignment_and_analysis,C:\Users\ari30\research\2026_summer_research\outputs\reviews\mfa_post_alignment_2020_mfa_r2_prod_2020_20260802\02_RESEARCHER_DECISIONS.csv,approved,2026-08-03 researcher infrastructure review complete; retain MFA DB and exclude unaligned utterance without rerun
2020,7b52204cdb2119b057e5d961ecd75ab33858a3f5a1323d5018d9649e24f53840,SDRW2000000257.1.1.7,mfa_alignment_missing,alignment_and_analysis,C:\Users\ari30\research\2026_summer_research\outputs\reviews\mfa_post_alignment_2020_mfa_r2_prod_2020_20260802\02_RESEARCHER_DECISIONS.csv,approved,2026-08-03 researcher infrastructure review complete; retain MFA DB and exclude unaligned utterance without rerun
2020,7b52204cdb2119b057e5d961ecd75ab33858a3f5a1323d5018d9649e24f53840,SDRW2000000257.1.1.70,mfa_alignment_missing,alignment_and_analysis,C:\Users\ari30\research\2026_summer_research\outputs\reviews\mfa_post_alignment_2020_mfa_r2_prod_2020_20260802\02_RESEARCHER_DECISIONS.csv,approved,2026-08-03 researcher infrastructure review complete; retain MFA DB and exclude unaligned utterance without rerun
2020,7b52204cdb2119b057e5d961ecd75ab33858a3f5a1323d5018d9649e24f53840,SDRW2000000257.1.1.71,mfa_alignment_missing,alignment_and_analysis,C:\Users\ari30\research\2026_summer_research\outputs\reviews\mfa_post_alignment_2020_mfa_r2_prod_2020_20260802\02_RESEARCHER_DECISIONS.csv,approved,2026-08-03 researcher infrastructure review complete; retain MFA DB and exclude unaligned utterance without rerun
2020,7b52204cdb2119b057e5d961ecd75ab33858a3f5a1323d5018d9649e24f53840,SDRW2000000257.1.1.72,mfa_alignment_missing,alignment_and_analysis,C:\Users\ari30\research\2026_summer_research\outputs\reviews\mfa_post_alignment_2020_mfa_r2_prod_2020_20260802\02_RESEARCHER_DECISIONS.csv,approved,2026-08-03 researcher infrastructure review complete; retain MFA DB and exclude unaligned utterance without rerun
2020,7b52204cdb2119b057e5d961ecd75ab33858a3f5a1323d5018d9649e24f53840,SDRW2000000257.1.1.73,mfa_alignment_missing,alignment_and_analysis,C:\Users\ari30\research\2026_summer_research\outputs\reviews\mfa_post_alignment_2020_mfa_r2_prod_2020_20260802\02_RESEARCHER_DECISIONS.csv,approved,2026-08-03 researcher infrastructure review complete; retain MFA DB and exclude unaligned utterance without rerun
2020,7b52204cdb2119b057e5d961ecd75ab33858a3f5a1323d5018d9649e24f53840,SDRW2000000257.1.1.74,mfa_alignment_missing,alignment_and_analysis,C:\Users\ari30\research\2026_summer_research\outputs\reviews\mfa_post_alignment_2020_mfa_r2_prod_2020_20260802\02_RESEARCHER_DECISIONS.csv,approved,2026-08-03 researcher infrastructure review complete; retain MFA DB and exclude unaligned utterance without rerun
2020,7b52204cdb2119b057e5d961ecd75ab33858a3f5a1323d5018d9649e24f53840,SDRW2000000257.1.1.76,mfa_alignment_missing,alignment_and_analysis,C:\Users\ari30\research\2026_summer_research\outputs\reviews\mfa_post_alignment_2020_mfa_r2_prod_2020_20260802\02_RESEARCHER_DECISIONS.csv,approved,2026-08-03 researcher infrastructure review complete; retain MFA DB and exclude unaligned utterance without rerun
2020,7b52204cdb2119b057e5d961ecd75ab33858a3f5a1323d5018d9649e24f53840,SDRW2000000257.1.1.77,mfa_alignment_missing,alignment_and_analysis,C:\Users\ari30\research\2026_summer_research\outputs\reviews\mfa_post_alignment_2020_mfa_r2_prod_2020_20260802\02_RESEARCHER_DECISIONS.csv,approved,2026-08-03 researcher infrastructure review complete; retain MFA DB and exclude unaligned utterance without rerun
2020,7b52204cdb2119b057e5d961ecd75ab33858a3f5a1323d5018d9649e24f53840,SDRW2000000257.1.1.78,mfa_alignment_missing,alignment_and_analysis,C:\Users\ari30\research\2026_summer_research\outputs\reviews\mfa_post_alignment_2020_mfa_r2_prod_2020_20260802\02_RESEARCHER_DECISIONS.csv,approved,2026-08-03 researcher infrastructure review complete; retain MFA DB and exclude unaligned utterance without rerun
2020,7b52204cdb2119b057e5d961ecd75ab33858a3f5a1323d5018d9649e24f53840,SDRW2000000257.1.1.79,mfa_alignment_missing,alignment_and_analysis,C:\Users\ari30\research\2026_summer_research\outputs\reviews\mfa_post_alignment_2020_mfa_r2_prod_2020_20260802\02_RESEARCHER_DECISIONS.csv,approved,2026-08-03 researcher infrastructure review complete; retain MFA DB and exclude unaligned utterance without rerun
2020,7b52204cdb2119b057e5d961ecd75ab33858a3f5a1323d5018d9649e24f53840,SDRW2000000257.1.1.8,mfa_alignment_missing,alignment_and_analysis,C:\Users\ari30\research\2026_summer_research\outputs\reviews\mfa_post_alignment_2020_mfa_r2_prod_2020_20260802\02_RESEARCHER_DECISIONS.csv,approved,2026-08-03 researcher infrastructure review complete; retain MFA DB and exclude unaligned utterance without rerun
2020,7b52204cdb2119b057e5d961ecd75ab33858a3f5a1323d5018d9649e24f53840,SDRW2000000257.1.1.80,mfa_alignment_missing,alignment_and_analysis,C:\Users\ari30\research\2026_summer_research\outputs\reviews\mfa_post_alignment_2020_mfa_r2_prod_2020_20260802\02_RESEARCHER_DECISIONS.csv,approved,2026-08-03 researcher infrastructure review complete; retain MFA DB and exclude unaligned utterance without rerun
2020,7b52204cdb2119b057e5d961ecd75ab33858a3f5a1323d5018d9649e24f53840,SDRW2000000257.1.1.81,mfa_alignment_missing,alignment_and_analysis,C:\Users\ari30\research\2026_summer_research\outputs\reviews\mfa_post_alignment_2020_mfa_r2_prod_2020_20260802\02_RESEARCHER_DECISIONS.csv,approved,2026-08-03 researcher infrastructure review complete; retain MFA DB and exclude unaligned utterance without rerun
2020,7b52204cdb2119b057e5d961ecd75ab33858a3f5a1323d5018d9649e24f53840,SDRW2000000257.1.1.82,mfa_alignment_missing,alignment_and_analysis,C:\Users\ari30\research\2026_summer_research\outputs\reviews\mfa_post_alignment_2020_mfa_r2_prod_2020_20260802\02_RESEARCHER_DECISIONS.csv,approved,2026-08-03 researcher infrastructure review complete; retain MFA DB and exclude unaligned utterance without rerun
2020,7b52204cdb2119b057e5d961ecd75ab33858a3f5a1323d5018d9649e24f53840,SDRW2000000257.1.1.83,mfa_alignment_missing,alignment_and_analysis,C:\Users\ari30\research\2026_summer_research\outputs\reviews\mfa_post_alignment_2020_mfa_r2_prod_2020_20260802\02_RESEARCHER_DECISIONS.csv,approved,2026-08-03 researcher infrastructure review complete; retain MFA DB and exclude unaligned utterance without rerun
2020,7b52204cdb2119b057e5d961ecd75ab33858a3f5a1323d5018d9649e24f53840,SDRW2000000257.1.1.84,mfa_alignment_missing,alignment_and_analysis,C:\Users\ari30\research\2026_summer_research\outputs\reviews\mfa_post_alignment_2020_mfa_r2_prod_2020_20260802\02_RESEARCHER_DECISIONS.csv,approved,2026-08-03 researcher infrastructure review complete; retain MFA DB and exclude unaligned utterance without rerun
2020,7b52204cdb2119b057e5d961ecd75ab33858a3f5a1323d5018d9649e24f53840,SDRW2000000257.1.1.85,mfa_alignment_missing,alignment_and_analysis,C:\Users\ari30\research\2026_summer_research\outputs\reviews\mfa_post_alignment_2020_mfa_r2_prod_2020_20260802\02_RESEARCHER_DECISIONS.csv,approved,2026-08-03 researcher infrastructure review complete; retain MFA DB and exclude unaligned utterance without rerun
2020,7b52204cdb2119b057e5d961ecd75ab33858a3f5a1323d5018d9649e24f53840,SDRW2000000257.1.1.86,mfa_alignment_missing,alignment_and_analysis,C:\Users\ari30\research\2026_summer_research\outputs\reviews\mfa_post_alignment_2020_mfa_r2_prod_2020_20260802\02_RESEARCHER_DECISIONS.csv,approved,2026-08-03 researcher infrastructure review complete; retain MFA DB and exclude unaligned utterance without rerun
2020,7b52204cdb2119b057e5d961ecd75ab33858a3f5a1323d5018d9649e24f53840,SDRW2000000257.1.1.87,mfa_alignment_missing,alignment_and_analysis,C:\Users\ari30\research\2026_summer_research\outputs\reviews\mfa_post_alignment_2020_mfa_r2_prod_2020_20260802\02_RESEARCHER_DECISIONS.csv,approved,2026-08-03 researcher infrastructure review complete; retain MFA DB and exclude unaligned utterance without rerun
2020,7b52204cdb2119b057e5d961ecd75ab33858a3f5a1323d5018d9649e24f53840,SDRW2000000257.1.1.89,mfa_alignment_missing,alignment_and_analysis,C:\Users\ari30\research\2026_summer_research\outputs\reviews\mfa_post_alignment_2020_mfa_r2_prod_2020_20260802\02_RESEARCHER_DECISIONS.csv,approved,2026-08-03 researcher infrastructure review complete; retain MFA DB and exclude unaligned utterance without rerun
2020,7b52204cdb2119b057e5d961ecd75ab33858a3f5a1323d5018d9649e24f53840,SDRW2000000257.1.1.9,mfa_alignment_missing,alignment_and_analysis,C:\Users\ari30\research\2026_summer_research\outputs\reviews\mfa_post_alignment_2020_mfa_r2_prod_2020_20260802\02_RESEARCHER_DECISIONS.csv,approved,2026-08-03 researcher infrastructure review complete; retain MFA DB and exclude unaligned utterance without rerun
2020,7b52204cdb2119b057e5d961ecd75ab33858a3f5a1323d5018d9649e24f53840,SDRW2000000257.1.1.90,mfa_alignment_missing,alignment_and_analysis,C:\Users\ari30\research\2026_summer_research\outputs\reviews\mfa_post_alignment_2020_mfa_r2_prod_2020_20260802\02_RESEARCHER_DECISIONS.csv,approved,2026-08-03 researcher infrastructure review complete; retain MFA DB and exclude unaligned utterance without rerun
2020,7b52204cdb2119b057e5d961ecd75ab33858a3f5a1323d5018d9649e24f53840,SDRW2000000257.1.1.91,mfa_alignment_missing,alignment_and_analysis,C:\Users\ari30\research\2026_summer_research\outputs\reviews\mfa_post_alignment_2020_mfa_r2_prod_2020_20260802\02_RESEARCHER_DECISIONS.csv,approved,2026-08-03 researcher infrastructure review complete; retain MFA DB and exclude unaligned utterance without rerun
2020,7b52204cdb2119b057e5d961ecd75ab33858a3f5a1323d5018d9649e24f53840,SDRW2000000257.1.1.92,mfa_alignment_missing,alignment_and_analysis,C:\Users\ari30\research\2026_summer_research\outputs\reviews\mfa_post_alignment_2020_mfa_r2_prod_2020_20260802\02_RESEARCHER_DECISIONS.csv,approved,2026-08-03 researcher infrastructure review complete; retain MFA DB and exclude unaligned utterance without rerun
2020,7b52204cdb2119b057e5d961ecd75ab33858a3f5a1323d5018d9649e24f53840,SDRW2000000257.1.1.93,mfa_alignment_missing,alignment_and_analysis,C:\Users\ari30\research\2026_summer_research\outputs\reviews\mfa_post_alignment_2020_mfa_r2_prod_2020_20260802\02_RESEARCHER_DECISIONS.csv,approved,2026-08-03 researcher infrastructure review complete; retain MFA DB and exclude unaligned utterance without rerun
2020,7b52204cdb2119b057e5d961ecd75ab33858a3f5a1323d5018d9649e24f53840,SDRW2000000257.1.1.94,mfa_alignment_missing,alignment_and_analysis,C:\Users\ari30\research\2026_summer_research\outputs\reviews\mfa_post_alignment_2020_mfa_r2_prod_2020_20260802\02_RESEARCHER_DECISIONS.csv,approved,2026-08-03 researcher infrastructure review complete; retain MFA DB and exclude unaligned utterance without rerun
2020,7b52204cdb2119b057e5d961ecd75ab33858a3f5a1323d5018d9649e24f53840,SDRW2000000257.1.1.96,mfa_alignment_missing,alignment_and_analysis,C:\Users\ari30\research\2026_summer_research\outputs\reviews\mfa_post_alignment_2020_mfa_r2_prod_2020_20260802\02_RESEARCHER_DECISIONS.csv,approved,2026-08-03 researcher infrastructure review complete; retain MFA DB and exclude unaligned utterance without rerun
2020,7b52204cdb2119b057e5d961ecd75ab33858a3f5a1323d5018d9649e24f53840,SDRW2000000257.1.1.97,audio_unusable,alignment_and_analysis,C:\Users\ari30\research\2026_summer_research\outputs\reviews\MFA_2020_REVIEW_SIMPLE_V2_20260803\MANIFEST.json,approved,2026-08-03 researcher listening review: audio not audible; exclude from alignment and analysis
2020,7b52204cdb2119b057e5d961ecd75ab33858a3f5a1323d5018d9649e24f53840,SDRW2000000285.1.1.101,mfa_alignment_missing,alignment_and_analysis,C:\Users\ari30\research\2026_summer_research\outputs\reviews\mfa_post_alignment_2020_mfa_r2_prod_2020_20260802\02_RESEARCHER_DECISIONS.csv,approved,2026-08-03 researcher infrastructure review complete; retain MFA DB and exclude unaligned utterance without rerun
2020,7b52204cdb2119b057e5d961ecd75ab33858a3f5a1323d5018d9649e24f53840,SDRW2000000309.1.1.81,mfa_alignment_missing,alignment_and_analysis,C:\Users\ari30\research\2026_summer_research\outputs\reviews\mfa_post_alignment_2020_mfa_r2_prod_2020_20260802\02_RESEARCHER_DECISIONS.csv,approved,2026-08-03 researcher infrastructure review complete; retain MFA DB and exclude unaligned utterance without rerun
2020,7b52204cdb2119b057e5d961ecd75ab33858a3f5a1323d5018d9649e24f53840,SDRW2000000336.1.1.86,mfa_alignment_missing,alignment_and_analysis,C:\Users\ari30\research\2026_summer_research\outputs\reviews\mfa_post_alignment_2020_mfa_r2_prod_2020_20260802\02_RESEARCHER_DECISIONS.csv,approved,2026-08-03 researcher infrastructure review complete; retain MFA DB and exclude unaligned utterance without rerun
2020,7b52204cdb2119b057e5d961ecd75ab33858a3f5a1323d5018d9649e24f53840,SDRW2000000350.1.1.35,mfa_alignment_missing,alignment_and_analysis,C:\Users\ari30\research\2026_summer_research\outputs\reviews\mfa_post_alignment_2020_mfa_r2_prod_2020_20260802\02_RESEARCHER_DECISIONS.csv,approved,2026-08-03 researcher infrastructure review complete; retain MFA DB and exclude unaligned utterance without rerun
2020,7b52204cdb2119b057e5d961ecd75ab33858a3f5a1323d5018d9649e24f53840,SDRW2000000467.1.1.90,mfa_alignment_missing,alignment_and_analysis,C:\Users\ari30\research\2026_summer_research\outputs\reviews\mfa_post_alignment_2020_mfa_r2_prod_2020_20260802\02_RESEARCHER_DECISIONS.csv,approved,2026-08-03 researcher infrastructure review complete; retain MFA DB and exclude unaligned utterance without rerun
2020,7b52204cdb2119b057e5d961ecd75ab33858a3f5a1323d5018d9649e24f53840,SDRW2000000509.1.1.252,mfa_alignment_missing,alignment_and_analysis,C:\Users\ari30\research\2026_summer_research\outputs\reviews\mfa_post_alignment_2020_mfa_r2_prod_2020_20260802\02_RESEARCHER_DECISIONS.csv,approved,2026-08-03 researcher infrastructure review complete; retain MFA DB and exclude unaligned utterance without rerun
2020,7b52204cdb2119b057e5d961ecd75ab33858a3f5a1323d5018d9649e24f53840,SDRW2000000514.1.1.169,mfa_alignment_missing,alignment_and_analysis,C:\Users\ari30\research\2026_summer_research\outputs\reviews\mfa_post_alignment_2020_mfa_r2_prod_2020_20260802\02_RESEARCHER_DECISIONS.csv,approved,2026-08-03 researcher infrastructure review complete; retain MFA DB and exclude unaligned utterance without rerun
2020,7b52204cdb2119b057e5d961ecd75ab33858a3f5a1323d5018d9649e24f53840,SDRW2000000514.1.1.181,mfa_alignment_missing,alignment_and_analysis,C:\Users\ari30\research\2026_summer_research\outputs\reviews\mfa_post_alignment_2020_mfa_r2_prod_2020_20260802\02_RESEARCHER_DECISIONS.csv,approved,2026-08-03 researcher infrastructure review complete; retain MFA DB and exclude unaligned utterance without rerun
2020,7b52204cdb2119b057e5d961ecd75ab33858a3f5a1323d5018d9649e24f53840,SDRW2000000514.1.1.182,mfa_alignment_missing,alignment_and_analysis,C:\Users\ari30\research\2026_summer_research\outputs\reviews\mfa_post_alignment_2020_mfa_r2_prod_2020_20260802\02_RESEARCHER_DECISIONS.csv,approved,2026-08-03 researcher infrastructure review complete; retain MFA DB and exclude unaligned utterance without rerun
2020,7b52204cdb2119b057e5d961ecd75ab33858a3f5a1323d5018d9649e24f53840,SDRW2000000514.1.1.184,mfa_alignment_missing,alignment_and_analysis,C:\Users\ari30\research\2026_summer_research\outputs\reviews\mfa_post_alignment_2020_mfa_r2_prod_2020_20260802\02_RESEARCHER_DECISIONS.csv,approved,2026-08-03 researcher infrastructure review complete; retain MFA DB and exclude unaligned utterance without rerun
2020,7b52204cdb2119b057e5d961ecd75ab33858a3f5a1323d5018d9649e24f53840,SDRW2000000514.1.1.185,mfa_alignment_missing,alignment_and_analysis,C:\Users\ari30\research\2026_summer_research\outputs\reviews\mfa_post_alignment_2020_mfa_r2_prod_2020_20260802\02_RESEARCHER_DECISIONS.csv,approved,2026-08-03 researcher infrastructure review complete; retain MFA DB and exclude unaligned utterance without rerun
2020,7b52204cdb2119b057e5d961ecd75ab33858a3f5a1323d5018d9649e24f53840,SDRW2000000514.1.1.189,mfa_alignment_missing,alignment_and_analysis,C:\Users\ari30\research\2026_summer_research\outputs\reviews\mfa_post_alignment_2020_mfa_r2_prod_2020_20260802\02_RESEARCHER_DECISIONS.csv,approved,2026-08-03 researcher infrastructure review complete; retain MFA DB and exclude unaligned utterance without rerun
2020,7b52204cdb2119b057e5d961ecd75ab33858a3f5a1323d5018d9649e24f53840,SDRW2000000514.1.1.193,mfa_alignment_missing,alignment_and_analysis,C:\Users\ari30\research\2026_summer_research\outputs\reviews\mfa_post_alignment_2020_mfa_r2_prod_2020_20260802\02_RESEARCHER_DECISIONS.csv,approved,2026-08-03 researcher infrastructure review complete; retain MFA DB and exclude unaligned utterance without rerun
2020,7b52204cdb2119b057e5d961ecd75ab33858a3f5a1323d5018d9649e24f53840,SDRW2000000514.1.1.196,mfa_alignment_missing,alignment_and_analysis,C:\Users\ari30\research\2026_summer_research\outputs\reviews\mfa_post_alignment_2020_mfa_r2_prod_2020_20260802\02_RESEARCHER_DECISIONS.csv,approved,2026-08-03 researcher infrastructure review complete; retain MFA DB and exclude unaligned utterance without rerun
2020,7b52204cdb2119b057e5d961ecd75ab33858a3f5a1323d5018d9649e24f53840,SDRW2000000514.1.1.201,mfa_alignment_missing,alignment_and_analysis,C:\Users\ari30\research\2026_summer_research\outputs\reviews\mfa_post_alignment_2020_mfa_r2_prod_2020_20260802\02_RESEARCHER_DECISIONS.csv,approved,2026-08-03 researcher infrastructure review complete; retain MFA DB and exclude unaligned utterance without rerun
2020,7b52204cdb2119b057e5d961ecd75ab33858a3f5a1323d5018d9649e24f53840,SDRW2000000514.1.1.209,mfa_alignment_missing,alignment_and_analysis,C:\Users\ari30\research\2026_summer_research\outputs\reviews\mfa_post_alignment_2020_mfa_r2_prod_2020_20260802\02_RESEARCHER_DECISIONS.csv,approved,2026-08-03 researcher infrastructure review complete; retain MFA DB and exclude unaligned utterance without rerun
2020,7b52204cdb2119b057e5d961ecd75ab33858a3f5a1323d5018d9649e24f53840,SDRW2000000514.1.1.223,mfa_alignment_missing,alignment_and_analysis,C:\Users\ari30\research\2026_summer_research\outputs\reviews\mfa_post_alignment_2020_mfa_r2_prod_2020_20260802\02_RESEARCHER_DECISIONS.csv,approved,2026-08-03 researcher infrastructure review complete; retain MFA DB and exclude unaligned utterance without rerun
2020,7b52204cdb2119b057e5d961ecd75ab33858a3f5a1323d5018d9649e24f53840,SDRW2000000514.1.1.237,mfa_alignment_missing,alignment_and_analysis,C:\Users\ari30\research\2026_summer_research\outputs\reviews\mfa_post_alignment_2020_mfa_r2_prod_2020_20260802\02_RESEARCHER_DECISIONS.csv,approved,2026-08-03 researcher infrastructure review complete; retain MFA DB and exclude unaligned utterance without rerun
2020,7b52204cdb2119b057e5d961ecd75ab33858a3f5a1323d5018d9649e24f53840,SDRW2000000514.1.1.241,mfa_alignment_missing,alignment_and_analysis,C:\Users\ari30\research\2026_summer_research\outputs\reviews\mfa_post_alignment_2020_mfa_r2_prod_2020_20260802\02_RESEARCHER_DECISIONS.csv,approved,2026-08-03 researcher infrastructure review complete; retain MFA DB and exclude unaligned utterance without rerun
2020,7b52204cdb2119b057e5d961ecd75ab33858a3f5a1323d5018d9649e24f53840,SDRW2000000514.1.1.244,mfa_alignment_missing,alignment_and_analysis,C:\Users\ari30\research\2026_summer_research\outputs\reviews\mfa_post_alignment_2020_mfa_r2_prod_2020_20260802\02_RESEARCHER_DECISIONS.csv,approved,2026-08-03 researcher infrastructure review complete; retain MFA DB and exclude unaligned utterance without rerun
2020,7b52204cdb2119b057e5d961ecd75ab33858a3f5a1323d5018d9649e24f53840,SDRW2000000514.1.1.264,mfa_alignment_missing,alignment_and_analysis,C:\Users\ari30\research\2026_summer_research\outputs\reviews\mfa_post_alignment_2020_mfa_r2_prod_2020_20260802\02_RESEARCHER_DECISIONS.csv,approved,2026-08-03 researcher infrastructure review complete; retain MFA DB and exclude unaligned utterance without rerun
2020,7b52204cdb2119b057e5d961ecd75ab33858a3f5a1323d5018d9649e24f53840,SDRW2000000514.1.1.272,mfa_alignment_missing,alignment_and_analysis,C:\Users\ari30\research\2026_summer_research\outputs\reviews\mfa_post_alignment_2020_mfa_r2_prod_2020_20260802\02_RESEARCHER_DECISIONS.csv,approved,2026-08-03 researcher infrastructure review complete; retain MFA DB and exclude unaligned utterance without rerun
2020,7b52204cdb2119b057e5d961ecd75ab33858a3f5a1323d5018d9649e24f53840,SDRW2000000514.1.1.275,mfa_alignment_missing,alignment_and_analysis,C:\Users\ari30\research\2026_summer_research\outputs\reviews\mfa_post_alignment_2020_mfa_r2_prod_2020_20260802\02_RESEARCHER_DECISIONS.csv,approved,2026-08-03 researcher infrastructure review complete; retain MFA DB and exclude unaligned utterance without rerun
2020,7b52204cdb2119b057e5d961ecd75ab33858a3f5a1323d5018d9649e24f53840,SDRW2000000514.1.1.283,mfa_alignment_missing,alignment_and_analysis,C:\Users\ari30\research\2026_summer_research\outputs\reviews\mfa_post_alignment_2020_mfa_r2_prod_2020_20260802\02_RESEARCHER_DECISIONS.csv,approved,2026-08-03 researcher infrastructure review complete; retain MFA DB and exclude unaligned utterance without rerun
2020,7b52204cdb2119b057e5d961ecd75ab33858a3f5a1323d5018d9649e24f53840,SDRW2000000514.1.1.284,mfa_alignment_missing,alignment_and_analysis,C:\Users\ari30\research\2026_summer_research\outputs\reviews\mfa_post_alignment_2020_mfa_r2_prod_2020_20260802\02_RESEARCHER_DECISIONS.csv,approved,2026-08-03 researcher infrastructure review complete; retain MFA DB and exclude unaligned utterance without rerun
2020,7b52204cdb2119b057e5d961ecd75ab33858a3f5a1323d5018d9649e24f53840,SDRW2000000514.1.1.292,mfa_alignment_missing,alignment_and_analysis,C:\Users\ari30\research\2026_summer_research\outputs\reviews\mfa_post_alignment_2020_mfa_r2_prod_2020_20260802\02_RESEARCHER_DECISIONS.csv,approved,2026-08-03 researcher infrastructure review complete; retain MFA DB and exclude unaligned utterance without rerun
2020,7b52204cdb2119b057e5d961ecd75ab33858a3f5a1323d5018d9649e24f53840,SDRW2000000514.1.1.295,mfa_alignment_missing,alignment_and_analysis,C:\Users\ari30\research\2026_summer_research\outputs\reviews\mfa_post_alignment_2020_mfa_r2_prod_2020_20260802\02_RESEARCHER_DECISIONS.csv,approved,2026-08-03 researcher infrastructure review complete; retain MFA DB and exclude unaligned utterance without rerun
2020,7b52204cdb2119b057e5d961ecd75ab33858a3f5a1323d5018d9649e24f53840,SDRW2000000514.1.1.296,mfa_alignment_missing,alignment_and_analysis,C:\Users\ari30\research\2026_summer_research\outputs\reviews\mfa_post_alignment_2020_mfa_r2_prod_2020_20260802\02_RESEARCHER_DECISIONS.csv,approved,2026-08-03 researcher infrastructure review complete; retain MFA DB and exclude unaligned utterance without rerun
2020,7b52204cdb2119b057e5d961ecd75ab33858a3f5a1323d5018d9649e24f53840,SDRW2000000514.1.1.297,mfa_alignment_missing,alignment_and_analysis,C:\Users\ari30\research\2026_summer_research\outputs\reviews\mfa_post_alignment_2020_mfa_r2_prod_2020_20260802\02_RESEARCHER_DECISIONS.csv,approved,2026-08-03 researcher infrastructure review complete; retain MFA DB and exclude unaligned utterance without rerun
2020,7b52204cdb2119b057e5d961ecd75ab33858a3f5a1323d5018d9649e24f53840,SDRW2000000514.1.1.298,mfa_alignment_missing,alignment_and_analysis,C:\Users\ari30\research\2026_summer_research\outputs\reviews\mfa_post_alignment_2020_mfa_r2_prod_2020_20260802\02_RESEARCHER_DECISIONS.csv,approved,2026-08-03 researcher infrastructure review complete; retain MFA DB and exclude unaligned utterance without rerun
2020,7b52204cdb2119b057e5d961ecd75ab33858a3f5a1323d5018d9649e24f53840,SDRW2000000514.1.1.300,mfa_alignment_missing,alignment_and_analysis,C:\Users\ari30\research\2026_summer_research\outputs\reviews\mfa_post_alignment_2020_mfa_r2_prod_2020_20260802\02_RESEARCHER_DECISIONS.csv,approved,2026-08-03 researcher infrastructure review complete; retain MFA DB and exclude unaligned utterance without rerun
2020,7b52204cdb2119b057e5d961ecd75ab33858a3f5a1323d5018d9649e24f53840,SDRW2000000514.1.1.301,mfa_alignment_missing,alignment_and_analysis,C:\Users\ari30\research\2026_summer_research\outputs\reviews\mfa_post_alignment_2020_mfa_r2_prod_2020_20260802\02_RESEARCHER_DECISIONS.csv,approved,2026-08-03 researcher infrastructure review complete; retain MFA DB and exclude unaligned utterance without rerun
2020,7b52204cdb2119b057e5d961ecd75ab33858a3f5a1323d5018d9649e24f53840,SDRW2000000514.1.1.304,mfa_alignment_missing,alignment_and_analysis,C:\Users\ari30\research\2026_summer_research\outputs\reviews\mfa_post_alignment_2020_mfa_r2_prod_2020_20260802\02_RESEARCHER_DECISIONS.csv,approved,2026-08-03 researcher infrastructure review complete; retain MFA DB and exclude unaligned utterance without rerun
2020,7b52204cdb2119b057e5d961ecd75ab33858a3f5a1323d5018d9649e24f53840,SDRW2000000514.1.1.309,mfa_alignment_missing,alignment_and_analysis,C:\Users\ari30\research\2026_summer_research\outputs\reviews\mfa_post_alignment_2020_mfa_r2_prod_2020_20260802\02_RESEARCHER_DECISIONS.csv,approved,2026-08-03 researcher infrastructure review complete; retain MFA DB and exclude unaligned utterance without rerun
2020,7b52204cdb2119b057e5d961ecd75ab33858a3f5a1323d5018d9649e24f53840,SDRW2000000541.1.1.162,mfa_alignment_missing,alignment_and_analysis,C:\Users\ari30\research\2026_summer_research\outputs\reviews\mfa_post_alignment_2020_mfa_r2_prod_2020_20260802\02_RESEARCHER_DECISIONS.csv,approved,2026-08-03 researcher infrastructure review complete; retain MFA DB and exclude unaligned utterance without rerun
2020,7b52204cdb2119b057e5d961ecd75ab33858a3f5a1323d5018d9649e24f53840,SDRW2000000541.1.1.87,mfa_alignment_missing,alignment_and_analysis,C:\Users\ari30\research\2026_summer_research\outputs\reviews\mfa_post_alignment_2020_mfa_r2_prod_2020_20260802\02_RESEARCHER_DECISIONS.csv,approved,2026-08-03 researcher infrastructure review complete; retain MFA DB and exclude unaligned utterance without rerun
2020,7b52204cdb2119b057e5d961ecd75ab33858a3f5a1323d5018d9649e24f53840,SDRW2000000551.1.1.167,mfa_alignment_missing,alignment_and_analysis,C:\Users\ari30\research\2026_summer_research\outputs\reviews\mfa_post_alignment_2020_mfa_r2_prod_2020_20260802\02_RESEARCHER_DECISIONS.csv,approved,2026-08-03 researcher infrastructure review complete; retain MFA DB and exclude unaligned utterance without rerun
2020,7b52204cdb2119b057e5d961ecd75ab33858a3f5a1323d5018d9649e24f53840,SDRW2000000596.1.1.319,mfa_alignment_missing,alignment_and_analysis,C:\Users\ari30\research\2026_summer_research\outputs\reviews\mfa_post_alignment_2020_mfa_r2_prod_2020_20260802\02_RESEARCHER_DECISIONS.csv,approved,2026-08-03 researcher infrastructure review complete; retain MFA DB and exclude unaligned utterance without rerun
2020,7b52204cdb2119b057e5d961ecd75ab33858a3f5a1323d5018d9649e24f53840,SDRW2000000599.1.1.349,mfa_alignment_missing,alignment_and_analysis,C:\Users\ari30\research\2026_summer_research\outputs\reviews\mfa_post_alignment_2020_mfa_r2_prod_2020_20260802\02_RESEARCHER_DECISIONS.csv,approved,2026-08-03 researcher infrastructure review complete; retain MFA DB and exclude unaligned utterance without rerun
2020,7b52204cdb2119b057e5d961ecd75ab33858a3f5a1323d5018d9649e24f53840,SDRW2000000601.1.1.21,mfa_alignment_missing,alignment_and_analysis,C:\Users\ari30\research\2026_summer_research\outputs\reviews\mfa_post_alignment_2020_mfa_r2_prod_2020_20260802\02_RESEARCHER_DECISIONS.csv,approved,2026-08-03 researcher infrastructure review complete; retain MFA DB and exclude unaligned utterance without rerun
2020,7b52204cdb2119b057e5d961ecd75ab33858a3f5a1323d5018d9649e24f53840,SDRW2000000658.1.1.278,mfa_alignment_missing,alignment_and_analysis,C:\Users\ari30\research\2026_summer_research\outputs\reviews\mfa_post_alignment_2020_mfa_r2_prod_2020_20260802\02_RESEARCHER_DECISIONS.csv,approved,2026-08-03 researcher infrastructure review complete; retain MFA DB and exclude unaligned utterance without rerun
2020,7b52204cdb2119b057e5d961ecd75ab33858a3f5a1323d5018d9649e24f53840,SDRW2000000665.1.1.20,mfa_alignment_missing,alignment_and_analysis,C:\Users\ari30\research\2026_summer_research\outputs\reviews\mfa_post_alignment_2020_mfa_r2_prod_2020_20260802\02_RESEARCHER_DECISIONS.csv,approved,2026-08-03 researcher infrastructure review complete; retain MFA DB and exclude unaligned utterance without rerun
2020,7b52204cdb2119b057e5d961ecd75ab33858a3f5a1323d5018d9649e24f53840,SDRW2000000683.1.1.172,mfa_alignment_missing,alignment_and_analysis,C:\Users\ari30\research\2026_summer_research\outputs\reviews\mfa_post_alignment_2020_mfa_r2_prod_2020_20260802\02_RESEARCHER_DECISIONS.csv,approved,2026-08-03 researcher infrastructure review complete; retain MFA DB and exclude unaligned utterance without rerun
2020,7b52204cdb2119b057e5d961ecd75ab33858a3f5a1323d5018d9649e24f53840,SDRW2000000684.1.1.239,mfa_alignment_missing,alignment_and_analysis,C:\Users\ari30\research\2026_summer_research\outputs\reviews\mfa_post_alignment_2020_mfa_r2_prod_2020_20260802\02_RESEARCHER_DECISIONS.csv,approved,2026-08-03 researcher infrastructure review complete; retain MFA DB and exclude unaligned utterance without rerun
2020,7b52204cdb2119b057e5d961ecd75ab33858a3f5a1323d5018d9649e24f53840,SDRW2000000720.1.1.328,mfa_alignment_missing,alignment_and_analysis,C:\Users\ari30\research\2026_summer_research\outputs\reviews\mfa_post_alignment_2020_mfa_r2_prod_2020_20260802\02_RESEARCHER_DECISIONS.csv,approved,2026-08-03 researcher infrastructure review complete; retain MFA DB and exclude unaligned utterance without rerun
2020,7b52204cdb2119b057e5d961ecd75ab33858a3f5a1323d5018d9649e24f53840,SDRW2000000766.1.1.43,mfa_alignment_missing,alignment_and_analysis,C:\Users\ari30\research\2026_summer_research\outputs\reviews\mfa_post_alignment_2020_mfa_r2_prod_2020_20260802\02_RESEARCHER_DECISIONS.csv,approved,2026-08-03 researcher infrastructure review complete; retain MFA DB and exclude unaligned utterance without rerun
2020,7b52204cdb2119b057e5d961ecd75ab33858a3f5a1323d5018d9649e24f53840,SDRW2000000783.1.1.8,mfa_alignment_missing,alignment_and_analysis,C:\Users\ari30\research\2026_summer_research\outputs\reviews\mfa_post_alignment_2020_mfa_r2_prod_2020_20260802\02_RESEARCHER_DECISIONS.csv,approved,2026-08-03 researcher infrastructure review complete; retain MFA DB and exclude unaligned utterance without rerun
2020,7b52204cdb2119b057e5d961ecd75ab33858a3f5a1323d5018d9649e24f53840,SDRW2000000860.1.1.305,mfa_alignment_missing,alignment_and_analysis,C:\Users\ari30\research\2026_summer_research\outputs\reviews\mfa_post_alignment_2020_mfa_r2_prod_2020_20260802\02_RESEARCHER_DECISIONS.csv,approved,2026-08-03 researcher infrastructure review complete; retain MFA DB and exclude unaligned utterance without rerun
2020,7b52204cdb2119b057e5d961ecd75ab33858a3f5a1323d5018d9649e24f53840,SDRW2000000902.1.1.277,mfa_alignment_missing,alignment_and_analysis,C:\Users\ari30\research\2026_summer_research\outputs\reviews\mfa_post_alignment_2020_mfa_r2_prod_2020_20260802\02_RESEARCHER_DECISIONS.csv,approved,2026-08-03 researcher infrastructure review complete; retain MFA DB and exclude unaligned utterance without rerun
2020,7b52204cdb2119b057e5d961ecd75ab33858a3f5a1323d5018d9649e24f53840,SDRW2000000952.1.1.186,mfa_alignment_missing,alignment_and_analysis,C:\Users\ari30\research\2026_summer_research\outputs\reviews\mfa_post_alignment_2020_mfa_r2_prod_2020_20260802\02_RESEARCHER_DECISIONS.csv,approved,2026-08-03 researcher infrastructure review complete; retain MFA DB and exclude unaligned utterance without rerun
2020,7b52204cdb2119b057e5d961ecd75ab33858a3f5a1323d5018d9649e24f53840,SDRW2000000966.1.1.100,mfa_alignment_missing,alignment_and_analysis,C:\Users\ari30\research\2026_summer_research\outputs\reviews\mfa_post_alignment_2020_mfa_r2_prod_2020_20260802\02_RESEARCHER_DECISIONS.csv,approved,2026-08-03 researcher infrastructure review complete; retain MFA DB and exclude unaligned utterance without rerun
2020,7b52204cdb2119b057e5d961ecd75ab33858a3f5a1323d5018d9649e24f53840,SDRW2000000989.1.1.395,mfa_alignment_missing,alignment_and_analysis,C:\Users\ari30\research\2026_summer_research\outputs\reviews\mfa_post_alignment_2020_mfa_r2_prod_2020_20260802\02_RESEARCHER_DECISIONS.csv,approved,2026-08-03 researcher infrastructure review complete; retain MFA DB and exclude unaligned utterance without rerun
2020,7b52204cdb2119b057e5d961ecd75ab33858a3f5a1323d5018d9649e24f53840,SDRW2000001008.1.1.285,mfa_alignment_missing,alignment_and_analysis,C:\Users\ari30\research\2026_summer_research\outputs\reviews\mfa_post_alignment_2020_mfa_r2_prod_2020_20260802\02_RESEARCHER_DECISIONS.csv,approved,2026-08-03 researcher infrastructure review complete; retain MFA DB and exclude unaligned utterance without rerun
2020,7b52204cdb2119b057e5d961ecd75ab33858a3f5a1323d5018d9649e24f53840,SDRW2000001063.1.1.219,mfa_alignment_missing,alignment_and_analysis,C:\Users\ari30\research\2026_summer_research\outputs\reviews\mfa_post_alignment_2020_mfa_r2_prod_2020_20260802\02_RESEARCHER_DECISIONS.csv,approved,2026-08-03 researcher infrastructure review complete; retain MFA DB and exclude unaligned utterance without rerun
2020,7b52204cdb2119b057e5d961ecd75ab33858a3f5a1323d5018d9649e24f53840,SDRW2000001069.1.1.365,mfa_alignment_missing,alignment_and_analysis,C:\Users\ari30\research\2026_summer_research\outputs\reviews\mfa_post_alignment_2020_mfa_r2_prod_2020_20260802\02_RESEARCHER_DECISIONS.csv,approved,2026-08-03 researcher infrastructure review complete; retain MFA DB and exclude unaligned utterance without rerun
2020,7b52204cdb2119b057e5d961ecd75ab33858a3f5a1323d5018d9649e24f53840,SDRW2000001095.1.1.67,mfa_alignment_missing,alignment_and_analysis,C:\Users\ari30\research\2026_summer_research\outputs\reviews\mfa_post_alignment_2020_mfa_r2_prod_2020_20260802\02_RESEARCHER_DECISIONS.csv,approved,2026-08-03 researcher infrastructure review complete; retain MFA DB and exclude unaligned utterance without rerun
2020,7b52204cdb2119b057e5d961ecd75ab33858a3f5a1323d5018d9649e24f53840,SDRW2000001095.1.1.83,mfa_alignment_missing,alignment_and_analysis,C:\Users\ari30\research\2026_summer_research\outputs\reviews\mfa_post_alignment_2020_mfa_r2_prod_2020_20260802\02_RESEARCHER_DECISIONS.csv,approved,2026-08-03 researcher infrastructure review complete; retain MFA DB and exclude unaligned utterance without rerun
2020,7b52204cdb2119b057e5d961ecd75ab33858a3f5a1323d5018d9649e24f53840,SDRW2000001136.1.1.112,mfa_alignment_missing,alignment_and_analysis,C:\Users\ari30\research\2026_summer_research\outputs\reviews\mfa_post_alignment_2020_mfa_r2_prod_2020_20260802\02_RESEARCHER_DECISIONS.csv,approved,2026-08-03 researcher infrastructure review complete; retain MFA DB and exclude unaligned utterance without rerun
2020,7b52204cdb2119b057e5d961ecd75ab33858a3f5a1323d5018d9649e24f53840,SDRW2000001148.1.1.256,mfa_alignment_missing,alignment_and_analysis,C:\Users\ari30\research\2026_summer_research\outputs\reviews\mfa_post_alignment_2020_mfa_r2_prod_2020_20260802\02_RESEARCHER_DECISIONS.csv,approved,2026-08-03 researcher infrastructure review complete; retain MFA DB and exclude unaligned utterance without rerun
2020,7b52204cdb2119b057e5d961ecd75ab33858a3f5a1323d5018d9649e24f53840,SDRW2000001166.1.1.346,mfa_alignment_missing,alignment_and_analysis,C:\Users\ari30\research\2026_summer_research\outputs\reviews\mfa_post_alignment_2020_mfa_r2_prod_2020_20260802\02_RESEARCHER_DECISIONS.csv,approved,2026-08-03 researcher infrastructure review complete; retain MFA DB and exclude unaligned utterance without rerun
2020,7b52204cdb2119b057e5d961ecd75ab33858a3f5a1323d5018d9649e24f53840,SDRW2000001207.1.1.284,mfa_alignment_missing,alignment_and_analysis,C:\Users\ari30\research\2026_summer_research\outputs\reviews\mfa_post_alignment_2020_mfa_r2_prod_2020_20260802\02_RESEARCHER_DECISIONS.csv,approved,2026-08-03 researcher infrastructure review complete; retain MFA DB and exclude unaligned utterance without rerun
2020,7b52204cdb2119b057e5d961ecd75ab33858a3f5a1323d5018d9649e24f53840,SDRW2000001244.1.1.74,mfa_alignment_missing,alignment_and_analysis,C:\Users\ari30\research\2026_summer_research\outputs\reviews\mfa_post_alignment_2020_mfa_r2_prod_2020_20260802\02_RESEARCHER_DECISIONS.csv,approved,2026-08-03 researcher infrastructure review complete; retain MFA DB and exclude unaligned utterance without rerun
2020,7b52204cdb2119b057e5d961ecd75ab33858a3f5a1323d5018d9649e24f53840,SDRW2000001269.1.1.256,mfa_alignment_missing,alignment_and_analysis,C:\Users\ari30\research\2026_summer_research\outputs\reviews\mfa_post_alignment_2020_mfa_r2_prod_2020_20260802\02_RESEARCHER_DECISIONS.csv,approved,2026-08-03 researcher infrastructure review complete; retain MFA DB and exclude unaligned utterance without rerun
2020,7b52204cdb2119b057e5d961ecd75ab33858a3f5a1323d5018d9649e24f53840,SDRW2000001407.1.1.335,mfa_alignment_missing,alignment_and_analysis,C:\Users\ari30\research\2026_summer_research\outputs\reviews\mfa_post_alignment_2020_mfa_r2_prod_2020_20260802\02_RESEARCHER_DECISIONS.csv,approved,2026-08-03 researcher infrastructure review complete; retain MFA DB and exclude unaligned utterance without rerun
2020,7b52204cdb2119b057e5d961ecd75ab33858a3f5a1323d5018d9649e24f53840,SDRW2000001407.1.1.417,mfa_alignment_missing,alignment_and_analysis,C:\Users\ari30\research\2026_summer_research\outputs\reviews\mfa_post_alignment_2020_mfa_r2_prod_2020_20260802\02_RESEARCHER_DECISIONS.csv,approved,2026-08-03 researcher infrastructure review complete; retain MFA DB and exclude unaligned utterance without rerun
2020,7b52204cdb2119b057e5d961ecd75ab33858a3f5a1323d5018d9649e24f53840,SDRW2000001419.1.1.193,mfa_alignment_missing,alignment_and_analysis,C:\Users\ari30\research\2026_summer_research\outputs\reviews\mfa_post_alignment_2020_mfa_r2_prod_2020_20260802\02_RESEARCHER_DECISIONS.csv,approved,2026-08-03 researcher infrastructure review complete; retain MFA DB and exclude unaligned utterance without rerun
2020,7b52204cdb2119b057e5d961ecd75ab33858a3f5a1323d5018d9649e24f53840,SDRW2000001419.1.1.54,mfa_alignment_missing,alignment_and_analysis,C:\Users\ari30\research\2026_summer_research\outputs\reviews\mfa_post_alignment_2020_mfa_r2_prod_2020_20260802\02_RESEARCHER_DECISIONS.csv,approved,2026-08-03 researcher infrastructure review complete; retain MFA DB and exclude unaligned utterance without rerun
2020,7b52204cdb2119b057e5d961ecd75ab33858a3f5a1323d5018d9649e24f53840,SDRW2000001445.1.1.149,mfa_alignment_missing,alignment_and_analysis,C:\Users\ari30\research\2026_summer_research\outputs\reviews\mfa_post_alignment_2020_mfa_r2_prod_2020_20260802\02_RESEARCHER_DECISIONS.csv,approved,2026-08-03 researcher infrastructure review complete; retain MFA DB and exclude unaligned utterance without rerun
2020,7b52204cdb2119b057e5d961ecd75ab33858a3f5a1323d5018d9649e24f53840,SDRW2000001445.1.1.155,mfa_alignment_missing,alignment_and_analysis,C:\Users\ari30\research\2026_summer_research\outputs\reviews\mfa_post_alignment_2020_mfa_r2_prod_2020_20260802\02_RESEARCHER_DECISIONS.csv,approved,2026-08-03 researcher infrastructure review complete; retain MFA DB and exclude unaligned utterance without rerun
2020,7b52204cdb2119b057e5d961ecd75ab33858a3f5a1323d5018d9649e24f53840,SDRW2000001466.1.1.192,mfa_alignment_missing,alignment_and_analysis,C:\Users\ari30\research\2026_summer_research\outputs\reviews\mfa_post_alignment_2020_mfa_r2_prod_2020_20260802\02_RESEARCHER_DECISIONS.csv,approved,2026-08-03 researcher infrastructure review complete; retain MFA DB and exclude unaligned utterance without rerun
2020,7b52204cdb2119b057e5d961ecd75ab33858a3f5a1323d5018d9649e24f53840,SDRW2000001470.1.1.48,mfa_alignment_missing,alignment_and_analysis,C:\Users\ari30\research\2026_summer_research\outputs\reviews\mfa_post_alignment_2020_mfa_r2_prod_2020_20260802\02_RESEARCHER_DECISIONS.csv,approved,2026-08-03 researcher infrastructure review complete; retain MFA DB and exclude unaligned utterance without rerun
2020,7b52204cdb2119b057e5d961ecd75ab33858a3f5a1323d5018d9649e24f53840,SDRW2000001535.1.1.265,mfa_alignment_missing,alignment_and_analysis,C:\Users\ari30\research\2026_summer_research\outputs\reviews\mfa_post_alignment_2020_mfa_r2_prod_2020_20260802\02_RESEARCHER_DECISIONS.csv,approved,2026-08-03 researcher infrastructure review complete; retain MFA DB and exclude unaligned utterance without rerun
2020,7b52204cdb2119b057e5d961ecd75ab33858a3f5a1323d5018d9649e24f53840,SDRW2000001565.1.1.111,mfa_alignment_missing,alignment_and_analysis,C:\Users\ari30\research\2026_summer_research\outputs\reviews\mfa_post_alignment_2020_mfa_r2_prod_2020_20260802\02_RESEARCHER_DECISIONS.csv,approved,2026-08-03 researcher infrastructure review complete; retain MFA DB and exclude unaligned utterance without rerun
2020,7b52204cdb2119b057e5d961ecd75ab33858a3f5a1323d5018d9649e24f53840,SDRW2000001580.1.1.129,mfa_alignment_missing,alignment_and_analysis,C:\Users\ari30\research\2026_summer_research\outputs\reviews\mfa_post_alignment_2020_mfa_r2_prod_2020_20260802\02_RESEARCHER_DECISIONS.csv,approved,2026-08-03 researcher infrastructure review complete; retain MFA DB and exclude unaligned utterance without rerun
2020,7b52204cdb2119b057e5d961ecd75ab33858a3f5a1323d5018d9649e24f53840,SDRW2000001612.1.1.402,mfa_alignment_missing,alignment_and_analysis,C:\Users\ari30\research\2026_summer_research\outputs\reviews\mfa_post_alignment_2020_mfa_r2_prod_2020_20260802\02_RESEARCHER_DECISIONS.csv,approved,2026-08-03 researcher infrastructure review complete; retain MFA DB and exclude unaligned utterance without rerun
2020,7b52204cdb2119b057e5d961ecd75ab33858a3f5a1323d5018d9649e24f53840,SDRW2000001613.1.1.217,mfa_alignment_missing,alignment_and_analysis,C:\Users\ari30\research\2026_summer_research\outputs\reviews\mfa_post_alignment_2020_mfa_r2_prod_2020_20260802\02_RESEARCHER_DECISIONS.csv,approved,2026-08-03 researcher infrastructure review complete; retain MFA DB and exclude unaligned utterance without rerun
2020,7b52204cdb2119b057e5d961ecd75ab33858a3f5a1323d5018d9649e24f53840,SDRW2000001613.1.1.98,mfa_alignment_missing,alignment_and_analysis,C:\Users\ari30\research\2026_summer_research\outputs\reviews\mfa_post_alignment_2020_mfa_r2_prod_2020_20260802\02_RESEARCHER_DECISIONS.csv,approved,2026-08-03 researcher infrastructure review complete; retain MFA DB and exclude unaligned utterance without rerun
2020,7b52204cdb2119b057e5d961ecd75ab33858a3f5a1323d5018d9649e24f53840,SDRW2000001626.1.1.156,mfa_alignment_missing,alignment_and_analysis,C:\Users\ari30\research\2026_summer_research\outputs\reviews\mfa_post_alignment_2020_mfa_r2_prod_2020_20260802\02_RESEARCHER_DECISIONS.csv,approved,2026-08-03 researcher infrastructure review complete; retain MFA DB and exclude unaligned utterance without rerun
2020,7b52204cdb2119b057e5d961ecd75ab33858a3f5a1323d5018d9649e24f53840,SDRW2000001672.1.1.347,mfa_alignment_missing,alignment_and_analysis,C:\Users\ari30\research\2026_summer_research\outputs\reviews\mfa_post_alignment_2020_mfa_r2_prod_2020_20260802\02_RESEARCHER_DECISIONS.csv,approved,2026-08-03 researcher infrastructure review complete; retain MFA DB and exclude unaligned utterance without rerun
2020,7b52204cdb2119b057e5d961ecd75ab33858a3f5a1323d5018d9649e24f53840,SDRW2000001683.1.1.33,mfa_alignment_missing,alignment_and_analysis,C:\Users\ari30\research\2026_summer_research\outputs\reviews\mfa_post_alignment_2020_mfa_r2_prod_2020_20260802\02_RESEARCHER_DECISIONS.csv,approved,2026-08-03 researcher infrastructure review complete; retain MFA DB and exclude unaligned utterance without rerun
2020,7b52204cdb2119b057e5d961ecd75ab33858a3f5a1323d5018d9649e24f53840,SDRW2000001685.1.1.212,mfa_alignment_missing,alignment_and_analysis,C:\Users\ari30\research\2026_summer_research\outputs\reviews\mfa_post_alignment_2020_mfa_r2_prod_2020_20260802\02_RESEARCHER_DECISIONS.csv,approved,2026-08-03 researcher infrastructure review complete; retain MFA DB and exclude unaligned utterance without rerun
2020,7b52204cdb2119b057e5d961ecd75ab33858a3f5a1323d5018d9649e24f53840,SDRW2000001685.1.1.296,mfa_alignment_missing,alignment_and_analysis,C:\Users\ari30\research\2026_summer_research\outputs\reviews\mfa_post_alignment_2020_mfa_r2_prod_2020_20260802\02_RESEARCHER_DECISIONS.csv,approved,2026-08-03 researcher infrastructure review complete; retain MFA DB and exclude unaligned utterance without rerun
2020,7b52204cdb2119b057e5d961ecd75ab33858a3f5a1323d5018d9649e24f53840,SDRW2000001694.1.1.183,mfa_alignment_missing,alignment_and_analysis,C:\Users\ari30\research\2026_summer_research\outputs\reviews\mfa_post_alignment_2020_mfa_r2_prod_2020_20260802\02_RESEARCHER_DECISIONS.csv,approved,2026-08-03 researcher infrastructure review complete; retain MFA DB and exclude unaligned utterance without rerun
2020,7b52204cdb2119b057e5d961ecd75ab33858a3f5a1323d5018d9649e24f53840,SDRW2000001694.1.1.312,mfa_alignment_missing,alignment_and_analysis,C:\Users\ari30\research\2026_summer_research\outputs\reviews\mfa_post_alignment_2020_mfa_r2_prod_2020_20260802\02_RESEARCHER_DECISIONS.csv,approved,2026-08-03 researcher infrastructure review complete; retain MFA DB and exclude unaligned utterance without rerun
2020,7b52204cdb2119b057e5d961ecd75ab33858a3f5a1323d5018d9649e24f53840,SDRW2000001694.1.1.403,mfa_alignment_missing,alignment_and_analysis,C:\Users\ari30\research\2026_summer_research\outputs\reviews\mfa_post_alignment_2020_mfa_r2_prod_2020_20260802\02_RESEARCHER_DECISIONS.csv,approved,2026-08-03 researcher infrastructure review complete; retain MFA DB and exclude unaligned utterance without rerun
2020,7b52204cdb2119b057e5d961ecd75ab33858a3f5a1323d5018d9649e24f53840,SDRW2000001699.1.1.15,mfa_alignment_missing,alignment_and_analysis,C:\Users\ari30\research\2026_summer_research\outputs\reviews\mfa_post_alignment_2020_mfa_r2_prod_2020_20260802\02_RESEARCHER_DECISIONS.csv,approved,2026-08-03 researcher infrastructure review complete; retain MFA DB and exclude unaligned utterance without rerun
2020,7b52204cdb2119b057e5d961ecd75ab33858a3f5a1323d5018d9649e24f53840,SDRW2000001708.1.1.267,mfa_alignment_missing,alignment_and_analysis,C:\Users\ari30\research\2026_summer_research\outputs\reviews\mfa_post_alignment_2020_mfa_r2_prod_2020_20260802\02_RESEARCHER_DECISIONS.csv,approved,2026-08-03 researcher infrastructure review complete; retain MFA DB and exclude unaligned utterance without rerun
2020,7b52204cdb2119b057e5d961ecd75ab33858a3f5a1323d5018d9649e24f53840,SDRW2000001718.1.1.126,mfa_alignment_missing,alignment_and_analysis,C:\Users\ari30\research\2026_summer_research\outputs\reviews\mfa_post_alignment_2020_mfa_r2_prod_2020_20260802\02_RESEARCHER_DECISIONS.csv,approved,2026-08-03 researcher infrastructure review complete; retain MFA DB and exclude unaligned utterance without rerun
2020,7b52204cdb2119b057e5d961ecd75ab33858a3f5a1323d5018d9649e24f53840,SDRW2000001724.1.1.109,mfa_alignment_missing,alignment_and_analysis,C:\Users\ari30\research\2026_summer_research\outputs\reviews\mfa_post_alignment_2020_mfa_r2_prod_2020_20260802\02_RESEARCHER_DECISIONS.csv,approved,2026-08-03 researcher infrastructure review complete; retain MFA DB and exclude unaligned utterance without rerun
2020,7b52204cdb2119b057e5d961ecd75ab33858a3f5a1323d5018d9649e24f53840,SDRW2000001732.1.1.29,mfa_alignment_missing,alignment_and_analysis,C:\Users\ari30\research\2026_summer_research\outputs\reviews\mfa_post_alignment_2020_mfa_r2_prod_2020_20260802\02_RESEARCHER_DECISIONS.csv,approved,2026-08-03 researcher infrastructure review complete; retain MFA DB and exclude unaligned utterance without rerun
2020,7b52204cdb2119b057e5d961ecd75ab33858a3f5a1323d5018d9649e24f53840,SDRW2000001739.1.1.281,mfa_alignment_missing,alignment_and_analysis,C:\Users\ari30\research\2026_summer_research\outputs\reviews\mfa_post_alignment_2020_mfa_r2_prod_2020_20260802\02_RESEARCHER_DECISIONS.csv,approved,2026-08-03 researcher infrastructure review complete; retain MFA DB and exclude unaligned utterance without rerun
2020,7b52204cdb2119b057e5d961ecd75ab33858a3f5a1323d5018d9649e24f53840,SDRW2000001823.1.1.198,mfa_alignment_missing,alignment_and_analysis,C:\Users\ari30\research\2026_summer_research\outputs\reviews\mfa_post_alignment_2020_mfa_r2_prod_2020_20260802\02_RESEARCHER_DECISIONS.csv,approved,2026-08-03 researcher infrastructure review complete; retain MFA DB and exclude unaligned utterance without rerun
2020,7b52204cdb2119b057e5d961ecd75ab33858a3f5a1323d5018d9649e24f53840,SDRW2000001823.1.1.316,mfa_alignment_missing,alignment_and_analysis,C:\Users\ari30\research\2026_summer_research\outputs\reviews\mfa_post_alignment_2020_mfa_r2_prod_2020_20260802\02_RESEARCHER_DECISIONS.csv,approved,2026-08-03 researcher infrastructure review complete; retain MFA DB and exclude unaligned utterance without rerun
2020,7b52204cdb2119b057e5d961ecd75ab33858a3f5a1323d5018d9649e24f53840,SDRW2000001846.1.1.283,mfa_alignment_missing,alignment_and_analysis,C:\Users\ari30\research\2026_summer_research\outputs\reviews\mfa_post_alignment_2020_mfa_r2_prod_2020_20260802\02_RESEARCHER_DECISIONS.csv,approved,2026-08-03 researcher infrastructure review complete; retain MFA DB and exclude unaligned utterance without rerun
2020,7b52204cdb2119b057e5d961ecd75ab33858a3f5a1323d5018d9649e24f53840,SDRW2000001859.1.1.367,mfa_alignment_missing,alignment_and_analysis,C:\Users\ari30\research\2026_summer_research\outputs\reviews\mfa_post_alignment_2020_mfa_r2_prod_2020_20260802\02_RESEARCHER_DECISIONS.csv,approved,2026-08-03 researcher infrastructure review complete; retain MFA DB and exclude unaligned utterance without rerun
2020,7b52204cdb2119b057e5d961ecd75ab33858a3f5a1323d5018d9649e24f53840,SDRW2000001967.1.1.106,mfa_alignment_missing,alignment_and_analysis,C:\Users\ari30\research\2026_summer_research\outputs\reviews\mfa_post_alignment_2020_mfa_r2_prod_2020_20260802\02_RESEARCHER_DECISIONS.csv,approved,2026-08-03 researcher infrastructure review complete; retain MFA DB and exclude unaligned utterance without rerun
2020,7b52204cdb2119b057e5d961ecd75ab33858a3f5a1323d5018d9649e24f53840,SDRW2000001987.1.1.205,mfa_alignment_missing,alignment_and_analysis,C:\Users\ari30\research\2026_summer_research\outputs\reviews\mfa_post_alignment_2020_mfa_r2_prod_2020_20260802\02_RESEARCHER_DECISIONS.csv,approved,2026-08-03 researcher infrastructure review complete; retain MFA DB and exclude unaligned utterance without rerun
2020,7b52204cdb2119b057e5d961ecd75ab33858a3f5a1323d5018d9649e24f53840,SDRW2000001988.1.1.162,mfa_alignment_missing,alignment_and_analysis,C:\Users\ari30\research\2026_summer_research\outputs\reviews\mfa_post_alignment_2020_mfa_r2_prod_2020_20260802\02_RESEARCHER_DECISIONS.csv,approved,2026-08-03 researcher infrastructure review complete; retain MFA DB and exclude unaligned utterance without rerun
2020,7b52204cdb2119b057e5d961ecd75ab33858a3f5a1323d5018d9649e24f53840,SDRW2000001988.1.1.202,mfa_alignment_missing,alignment_and_analysis,C:\Users\ari30\research\2026_summer_research\outputs\reviews\mfa_post_alignment_2020_mfa_r2_prod_2020_20260802\02_RESEARCHER_DECISIONS.csv,approved,2026-08-03 researcher infrastructure review complete; retain MFA DB and exclude unaligned utterance without rerun
2020,7b52204cdb2119b057e5d961ecd75ab33858a3f5a1323d5018d9649e24f53840,SDRW2000002008.1.1.400,mfa_alignment_missing,alignment_and_analysis,C:\Users\ari30\research\2026_summer_research\outputs\reviews\mfa_post_alignment_2020_mfa_r2_prod_2020_20260802\02_RESEARCHER_DECISIONS.csv,approved,2026-08-03 researcher infrastructure review complete; retain MFA DB and exclude unaligned utterance without rerun
2020,7b52204cdb2119b057e5d961ecd75ab33858a3f5a1323d5018d9649e24f53840,SDRW2000002013.1.1.396,mfa_alignment_missing,alignment_and_analysis,C:\Users\ari30\research\2026_summer_research\outputs\reviews\mfa_post_alignment_2020_mfa_r2_prod_2020_20260802\02_RESEARCHER_DECISIONS.csv,approved,2026-08-03 researcher infrastructure review complete; retain MFA DB and exclude unaligned utterance without rerun
2020,7b52204cdb2119b057e5d961ecd75ab33858a3f5a1323d5018d9649e24f53840,SDRW2000002099.1.1.105,mfa_alignment_missing,alignment_and_analysis,C:\Users\ari30\research\2026_summer_research\outputs\reviews\mfa_post_alignment_2020_mfa_r2_prod_2020_20260802\02_RESEARCHER_DECISIONS.csv,approved,2026-08-03 researcher infrastructure review complete; retain MFA DB and exclude unaligned utterance without rerun
2020,7b52204cdb2119b057e5d961ecd75ab33858a3f5a1323d5018d9649e24f53840,SDRW2000002118.1.1.113,mfa_alignment_missing,alignment_and_analysis,C:\Users\ari30\research\2026_summer_research\outputs\reviews\mfa_post_alignment_2020_mfa_r2_prod_2020_20260802\02_RESEARCHER_DECISIONS.csv,approved,2026-08-03 researcher infrastructure review complete; retain MFA DB and exclude unaligned utterance without rerun
2020,7b52204cdb2119b057e5d961ecd75ab33858a3f5a1323d5018d9649e24f53840,SDRW2000002164.1.1.123,mfa_alignment_missing,alignment_and_analysis,C:\Users\ari30\research\2026_summer_research\outputs\reviews\mfa_post_alignment_2020_mfa_r2_prod_2020_20260802\02_RESEARCHER_DECISIONS.csv,approved,2026-08-03 researcher infrastructure review complete; retain MFA DB and exclude unaligned utterance without rerun
2020,7b52204cdb2119b057e5d961ecd75ab33858a3f5a1323d5018d9649e24f53840,SDRW2000002164.1.1.160,mfa_alignment_missing,alignment_and_analysis,C:\Users\ari30\research\2026_summer_research\outputs\reviews\mfa_post_alignment_2020_mfa_r2_prod_2020_20260802\02_RESEARCHER_DECISIONS.csv,approved,2026-08-03 researcher infrastructure review complete; retain MFA DB and exclude unaligned utterance without rerun
2020,7b52204cdb2119b057e5d961ecd75ab33858a3f5a1323d5018d9649e24f53840,SDRW2000002164.1.1.208,mfa_alignment_missing,alignment_and_analysis,C:\Users\ari30\research\2026_summer_research\outputs\reviews\mfa_post_alignment_2020_mfa_r2_prod_2020_20260802\02_RESEARCHER_DECISIONS.csv,approved,2026-08-03 researcher infrastructure review complete; retain MFA DB and exclude unaligned utterance without rerun
2020,7b52204cdb2119b057e5d961ecd75ab33858a3f5a1323d5018d9649e24f53840,SDRW2000002164.1.1.213,mfa_alignment_missing,alignment_and_analysis,C:\Users\ari30\research\2026_summer_research\outputs\reviews\mfa_post_alignment_2020_mfa_r2_prod_2020_20260802\02_RESEARCHER_DECISIONS.csv,approved,2026-08-03 researcher infrastructure review complete; retain MFA DB and exclude unaligned utterance without rerun
2020,7b52204cdb2119b057e5d961ecd75ab33858a3f5a1323d5018d9649e24f53840,SDRW2000002164.1.1.242,mfa_alignment_missing,alignment_and_analysis,C:\Users\ari30\research\2026_summer_research\outputs\reviews\mfa_post_alignment_2020_mfa_r2_prod_2020_20260802\02_RESEARCHER_DECISIONS.csv,approved,2026-08-03 researcher infrastructure review complete; retain MFA DB and exclude unaligned utterance without rerun
2020,7b52204cdb2119b057e5d961ecd75ab33858a3f5a1323d5018d9649e24f53840,SDRW2000002164.1.1.272,mfa_alignment_missing,alignment_and_analysis,C:\Users\ari30\research\2026_summer_research\outputs\reviews\mfa_post_alignment_2020_mfa_r2_prod_2020_20260802\02_RESEARCHER_DECISIONS.csv,approved,2026-08-03 researcher infrastructure review complete; retain MFA DB and exclude unaligned utterance without rerun
2020,7b52204cdb2119b057e5d961ecd75ab33858a3f5a1323d5018d9649e24f53840,SDRW2000002164.1.1.275,mfa_alignment_missing,alignment_and_analysis,C:\Users\ari30\research\2026_summer_research\outputs\reviews\mfa_post_alignment_2020_mfa_r2_prod_2020_20260802\02_RESEARCHER_DECISIONS.csv,approved,2026-08-03 researcher infrastructure review complete; retain MFA DB and exclude unaligned utterance without rerun
2020,7b52204cdb2119b057e5d961ecd75ab33858a3f5a1323d5018d9649e24f53840,SDRW2000002164.1.1.383,mfa_alignment_missing,alignment_and_analysis,C:\Users\ari30\research\2026_summer_research\outputs\reviews\mfa_post_alignment_2020_mfa_r2_prod_2020_20260802\02_RESEARCHER_DECISIONS.csv,approved,2026-08-03 researcher infrastructure review complete; retain MFA DB and exclude unaligned utterance without rerun
2020,7b52204cdb2119b057e5d961ecd75ab33858a3f5a1323d5018d9649e24f53840,SDRW2000002164.1.1.397,mfa_alignment_missing,alignment_and_analysis,C:\Users\ari30\research\2026_summer_research\outputs\reviews\mfa_post_alignment_2020_mfa_r2_prod_2020_20260802\02_RESEARCHER_DECISIONS.csv,approved,2026-08-03 researcher infrastructure review complete; retain MFA DB and exclude unaligned utterance without rerun
2020,7b52204cdb2119b057e5d961ecd75ab33858a3f5a1323d5018d9649e24f53840,SDRW2000002165.1.1.139,mfa_alignment_missing,alignment_and_analysis,C:\Users\ari30\research\2026_summer_research\outputs\reviews\mfa_post_alignment_2020_mfa_r2_prod_2020_20260802\02_RESEARCHER_DECISIONS.csv,approved,2026-08-03 researcher infrastructure review complete; retain MFA DB and exclude unaligned utterance without rerun
2020,7b52204cdb2119b057e5d961ecd75ab33858a3f5a1323d5018d9649e24f53840,SDRW2000002165.1.1.145,mfa_alignment_missing,alignment_and_analysis,C:\Users\ari30\research\2026_summer_research\outputs\reviews\mfa_post_alignment_2020_mfa_r2_prod_2020_20260802\02_RESEARCHER_DECISIONS.csv,approved,2026-08-03 researcher infrastructure review complete; retain MFA DB and exclude unaligned utterance without rerun
2020,7b52204cdb2119b057e5d961ecd75ab33858a3f5a1323d5018d9649e24f53840,SDRW2000002165.1.1.163,mfa_alignment_missing,alignment_and_analysis,C:\Users\ari30\research\2026_summer_research\outputs\reviews\mfa_post_alignment_2020_mfa_r2_prod_2020_20260802\02_RESEARCHER_DECISIONS.csv,approved,2026-08-03 researcher infrastructure review complete; retain MFA DB and exclude unaligned utterance without rerun
2020,7b52204cdb2119b057e5d961ecd75ab33858a3f5a1323d5018d9649e24f53840,SDRW2000002165.1.1.219,mfa_alignment_missing,alignment_and_analysis,C:\Users\ari30\research\2026_summer_research\outputs\reviews\mfa_post_alignment_2020_mfa_r2_prod_2020_20260802\02_RESEARCHER_DECISIONS.csv,approved,2026-08-03 researcher infrastructure review complete; retain MFA DB and exclude unaligned utterance without rerun
2020,7b52204cdb2119b057e5d961ecd75ab33858a3f5a1323d5018d9649e24f53840,SDRW2000002165.1.1.222,mfa_alignment_missing,alignment_and_analysis,C:\Users\ari30\research\2026_summer_research\outputs\reviews\mfa_post_alignment_2020_mfa_r2_prod_2020_20260802\02_RESEARCHER_DECISIONS.csv,approved,2026-08-03 researcher infrastructure review complete; retain MFA DB and exclude unaligned utterance without rerun
2020,7b52204cdb2119b057e5d961ecd75ab33858a3f5a1323d5018d9649e24f53840,SDRW2000002165.1.1.223,mfa_alignment_missing,alignment_and_analysis,C:\Users\ari30\research\2026_summer_research\outputs\reviews\mfa_post_alignment_2020_mfa_r2_prod_2020_20260802\02_RESEARCHER_DECISIONS.csv,approved,2026-08-03 researcher infrastructure review complete; retain MFA DB and exclude unaligned utterance without rerun
2020,7b52204cdb2119b057e5d961ecd75ab33858a3f5a1323d5018d9649e24f53840,SDRW2000002165.1.1.231,mfa_alignment_missing,alignment_and_analysis,C:\Users\ari30\research\2026_summer_research\outputs\reviews\mfa_post_alignment_2020_mfa_r2_prod_2020_20260802\02_RESEARCHER_DECISIONS.csv,approved,2026-08-03 researcher infrastructure review complete; retain MFA DB and exclude unaligned utterance without rerun
2020,7b52204cdb2119b057e5d961ecd75ab33858a3f5a1323d5018d9649e24f53840,SDRW2000002165.1.1.232,mfa_alignment_missing,alignment_and_analysis,C:\Users\ari30\research\2026_summer_research\outputs\reviews\mfa_post_alignment_2020_mfa_r2_prod_2020_20260802\02_RESEARCHER_DECISIONS.csv,approved,2026-08-03 researcher infrastructure review complete; retain MFA DB and exclude unaligned utterance without rerun
2020,7b52204cdb2119b057e5d961ecd75ab33858a3f5a1323d5018d9649e24f53840,SDRW2000002165.1.1.239,mfa_alignment_missing,alignment_and_analysis,C:\Users\ari30\research\2026_summer_research\outputs\reviews\mfa_post_alignment_2020_mfa_r2_prod_2020_20260802\02_RESEARCHER_DECISIONS.csv,approved,2026-08-03 researcher infrastructure review complete; retain MFA DB and exclude unaligned utterance without rerun
2020,7b52204cdb2119b057e5d961ecd75ab33858a3f5a1323d5018d9649e24f53840,SDRW2000002165.1.1.240,mfa_alignment_missing,alignment_and_analysis,C:\Users\ari30\research\2026_summer_research\outputs\reviews\mfa_post_alignment_2020_mfa_r2_prod_2020_20260802\02_RESEARCHER_DECISIONS.csv,approved,2026-08-03 researcher infrastructure review complete; retain MFA DB and exclude unaligned utterance without rerun
2020,7b52204cdb2119b057e5d961ecd75ab33858a3f5a1323d5018d9649e24f53840,SDRW2000002165.1.1.250,mfa_alignment_missing,alignment_and_analysis,C:\Users\ari30\research\2026_summer_research\outputs\reviews\mfa_post_alignment_2020_mfa_r2_prod_2020_20260802\02_RESEARCHER_DECISIONS.csv,approved,2026-08-03 researcher infrastructure review complete; retain MFA DB and exclude unaligned utterance without rerun
2020,7b52204cdb2119b057e5d961ecd75ab33858a3f5a1323d5018d9649e24f53840,SDRW2000002165.1.1.264,mfa_alignment_missing,alignment_and_analysis,C:\Users\ari30\research\2026_summer_research\outputs\reviews\mfa_post_alignment_2020_mfa_r2_prod_2020_20260802\02_RESEARCHER_DECISIONS.csv,approved,2026-08-03 researcher infrastructure review complete; retain MFA DB and exclude unaligned utterance without rerun
2020,7b52204cdb2119b057e5d961ecd75ab33858a3f5a1323d5018d9649e24f53840,SDRW2000002165.1.1.302,mfa_alignment_missing,alignment_and_analysis,C:\Users\ari30\research\2026_summer_research\outputs\reviews\mfa_post_alignment_2020_mfa_r2_prod_2020_20260802\02_RESEARCHER_DECISIONS.csv,approved,2026-08-03 researcher infrastructure review complete; retain MFA DB and exclude unaligned utterance without rerun
2020,7b52204cdb2119b057e5d961ecd75ab33858a3f5a1323d5018d9649e24f53840,SDRW2000002165.1.1.322,mfa_alignment_missing,alignment_and_analysis,C:\Users\ari30\research\2026_summer_research\outputs\reviews\mfa_post_alignment_2020_mfa_r2_prod_2020_20260802\02_RESEARCHER_DECISIONS.csv,approved,2026-08-03 researcher infrastructure review complete; retain MFA DB and exclude unaligned utterance without rerun
2020,7b52204cdb2119b057e5d961ecd75ab33858a3f5a1323d5018d9649e24f53840,SDRW2000002165.1.1.325,mfa_alignment_missing,alignment_and_analysis,C:\Users\ari30\research\2026_summer_research\outputs\reviews\mfa_post_alignment_2020_mfa_r2_prod_2020_20260802\02_RESEARCHER_DECISIONS.csv,approved,2026-08-03 researcher infrastructure review complete; retain MFA DB and exclude unaligned utterance without rerun
2020,7b52204cdb2119b057e5d961ecd75ab33858a3f5a1323d5018d9649e24f53840,SDRW2000002165.1.1.414,mfa_alignment_missing,alignment_and_analysis,C:\Users\ari30\research\2026_summer_research\outputs\reviews\mfa_post_alignment_2020_mfa_r2_prod_2020_20260802\02_RESEARCHER_DECISIONS.csv,approved,2026-08-03 researcher infrastructure review complete; retain MFA DB and exclude unaligned utterance without rerun
2020,7b52204cdb2119b057e5d961ecd75ab33858a3f5a1323d5018d9649e24f53840,SDRW2000002165.1.1.86,mfa_alignment_missing,alignment_and_analysis,C:\Users\ari30\research\2026_summer_research\outputs\reviews\mfa_post_alignment_2020_mfa_r2_prod_2020_20260802\02_RESEARCHER_DECISIONS.csv,approved,2026-08-03 researcher infrastructure review complete; retain MFA DB and exclude unaligned utterance without rerun
2020,7b52204cdb2119b057e5d961ecd75ab33858a3f5a1323d5018d9649e24f53840,SDRW2000002167.1.1.304,mfa_alignment_missing,alignment_and_analysis,C:\Users\ari30\research\2026_summer_research\outputs\reviews\mfa_post_alignment_2020_mfa_r2_prod_2020_20260802\02_RESEARCHER_DECISIONS.csv,approved,2026-08-03 researcher infrastructure review complete; retain MFA DB and exclude unaligned utterance without rerun
2020,7b52204cdb2119b057e5d961ecd75ab33858a3f5a1323d5018d9649e24f53840,SDRW2000002171.1.1.324,mfa_alignment_missing,alignment_and_analysis,C:\Users\ari30\research\2026_summer_research\outputs\reviews\mfa_post_alignment_2020_mfa_r2_prod_2020_20260802\02_RESEARCHER_DECISIONS.csv,approved,2026-08-03 researcher infrastructure review complete; retain MFA DB and exclude unaligned utterance without rerun
2020,7b52204cdb2119b057e5d961ecd75ab33858a3f5a1323d5018d9649e24f53840,SDRW2000002171.1.1.86,mfa_alignment_missing,alignment_and_analysis,C:\Users\ari30\research\2026_summer_research\outputs\reviews\mfa_post_alignment_2020_mfa_r2_prod_2020_20260802\02_RESEARCHER_DECISIONS.csv,approved,2026-08-03 researcher infrastructure review complete; retain MFA DB and exclude unaligned utterance without rerun
2020,7b52204cdb2119b057e5d961ecd75ab33858a3f5a1323d5018d9649e24f53840,SDRW2000002180.1.1.155,mfa_alignment_missing,alignment_and_analysis,C:\Users\ari30\research\2026_summer_research\outputs\reviews\mfa_post_alignment_2020_mfa_r2_prod_2020_20260802\02_RESEARCHER_DECISIONS.csv,approved,2026-08-03 researcher infrastructure review complete; retain MFA DB and exclude unaligned utterance without rerun
2020,7b52204cdb2119b057e5d961ecd75ab33858a3f5a1323d5018d9649e24f53840,SDRW2000002180.1.1.167,mfa_alignment_missing,alignment_and_analysis,C:\Users\ari30\research\2026_summer_research\outputs\reviews\mfa_post_alignment_2020_mfa_r2_prod_2020_20260802\02_RESEARCHER_DECISIONS.csv,approved,2026-08-03 researcher infrastructure review complete; retain MFA DB and exclude unaligned utterance without rerun
2020,7b52204cdb2119b057e5d961ecd75ab33858a3f5a1323d5018d9649e24f53840,SDRW2000002180.1.1.334,mfa_alignment_missing,alignment_and_analysis,C:\Users\ari30\research\2026_summer_research\outputs\reviews\mfa_post_alignment_2020_mfa_r2_prod_2020_20260802\02_RESEARCHER_DECISIONS.csv,approved,2026-08-03 researcher infrastructure review complete; retain MFA DB and exclude unaligned utterance without rerun
2020,7b52204cdb2119b057e5d961ecd75ab33858a3f5a1323d5018d9649e24f53840,SDRW2000002183.1.1.200,mfa_alignment_missing,alignment_and_analysis,C:\Users\ari30\research\2026_summer_research\outputs\reviews\mfa_post_alignment_2020_mfa_r2_prod_2020_20260802\02_RESEARCHER_DECISIONS.csv,approved,2026-08-03 researcher infrastructure review complete; retain MFA DB and exclude unaligned utterance without rerun
2020,7b52204cdb2119b057e5d961ecd75ab33858a3f5a1323d5018d9649e24f53840,SDRW2000002183.1.1.295,mfa_alignment_missing,alignment_and_analysis,C:\Users\ari30\research\2026_summer_research\outputs\reviews\mfa_post_alignment_2020_mfa_r2_prod_2020_20260802\02_RESEARCHER_DECISIONS.csv,approved,2026-08-03 researcher infrastructure review complete; retain MFA DB and exclude unaligned utterance without rerun
2020,7b52204cdb2119b057e5d961ecd75ab33858a3f5a1323d5018d9649e24f53840,SDRW2000002187.1.1.317,mfa_alignment_missing,alignment_and_analysis,C:\Users\ari30\research\2026_summer_research\outputs\reviews\mfa_post_alignment_2020_mfa_r2_prod_2020_20260802\02_RESEARCHER_DECISIONS.csv,approved,2026-08-03 researcher infrastructure review complete; retain MFA DB and exclude unaligned utterance without rerun
2020,7b52204cdb2119b057e5d961ecd75ab33858a3f5a1323d5018d9649e24f53840,SDRW2000002187.1.1.4,mfa_alignment_missing,alignment_and_analysis,C:\Users\ari30\research\2026_summer_research\outputs\reviews\mfa_post_alignment_2020_mfa_r2_prod_2020_20260802\02_RESEARCHER_DECISIONS.csv,approved,2026-08-03 researcher infrastructure review complete; retain MFA DB and exclude unaligned utterance without rerun
2020,7b52204cdb2119b057e5d961ecd75ab33858a3f5a1323d5018d9649e24f53840,SDRW2000002187.1.1.54,mfa_alignment_missing,alignment_and_analysis,C:\Users\ari30\research\2026_summer_research\outputs\reviews\mfa_post_alignment_2020_mfa_r2_prod_2020_20260802\02_RESEARCHER_DECISIONS.csv,approved,2026-08-03 researcher infrastructure review complete; retain MFA DB and exclude unaligned utterance without rerun
2020,7b52204cdb2119b057e5d961ecd75ab33858a3f5a1323d5018d9649e24f53840,SDRW2000002210.1.1.101,mfa_alignment_missing,alignment_and_analysis,C:\Users\ari30\research\2026_summer_research\outputs\reviews\mfa_post_alignment_2020_mfa_r2_prod_2020_20260802\02_RESEARCHER_DECISIONS.csv,approved,2026-08-03 researcher infrastructure review complete; retain MFA DB and exclude unaligned utterance without rerun
2020,7b52204cdb2119b057e5d961ecd75ab33858a3f5a1323d5018d9649e24f53840,SDRW2000002210.1.1.157,mfa_alignment_missing,alignment_and_analysis,C:\Users\ari30\research\2026_summer_research\outputs\reviews\mfa_post_alignment_2020_mfa_r2_prod_2020_20260802\02_RESEARCHER_DECISIONS.csv,approved,2026-08-03 researcher infrastructure review complete; retain MFA DB and exclude unaligned utterance without rerun
2020,7b52204cdb2119b057e5d961ecd75ab33858a3f5a1323d5018d9649e24f53840,SDRW2000002210.1.1.199,mfa_alignment_missing,alignment_and_analysis,C:\Users\ari30\research\2026_summer_research\outputs\reviews\mfa_post_alignment_2020_mfa_r2_prod_2020_20260802\02_RESEARCHER_DECISIONS.csv,approved,2026-08-03 researcher infrastructure review complete; retain MFA DB and exclude unaligned utterance without rerun
2020,7b52204cdb2119b057e5d961ecd75ab33858a3f5a1323d5018d9649e24f53840,SDRW2000002210.1.1.24,mfa_alignment_missing,alignment_and_analysis,C:\Users\ari30\research\2026_summer_research\outputs\reviews\mfa_post_alignment_2020_mfa_r2_prod_2020_20260802\02_RESEARCHER_DECISIONS.csv,approved,2026-08-03 researcher infrastructure review complete; retain MFA DB and exclude unaligned utterance without rerun
2020,7b52204cdb2119b057e5d961ecd75ab33858a3f5a1323d5018d9649e24f53840,SDRW2000002210.1.1.312,mfa_alignment_missing,alignment_and_analysis,C:\Users\ari30\research\2026_summer_research\outputs\reviews\mfa_post_alignment_2020_mfa_r2_prod_2020_20260802\02_RESEARCHER_DECISIONS.csv,approved,2026-08-03 researcher infrastructure review complete; retain MFA DB and exclude unaligned utterance without rerun
2020,7b52204cdb2119b057e5d961ecd75ab33858a3f5a1323d5018d9649e24f53840,SDRW2000002210.1.1.448,mfa_alignment_missing,alignment_and_analysis,C:\Users\ari30\research\2026_summer_research\outputs\reviews\mfa_post_alignment_2020_mfa_r2_prod_2020_20260802\02_RESEARCHER_DECISIONS.csv,approved,2026-08-03 researcher infrastructure review complete; retain MFA DB and exclude unaligned utterance without rerun
2020,7b52204cdb2119b057e5d961ecd75ab33858a3f5a1323d5018d9649e24f53840,SDRW2000002210.1.1.462,mfa_alignment_missing,alignment_and_analysis,C:\Users\ari30\research\2026_summer_research\outputs\reviews\mfa_post_alignment_2020_mfa_r2_prod_2020_20260802\02_RESEARCHER_DECISIONS.csv,approved,2026-08-03 researcher infrastructure review complete; retain MFA DB and exclude unaligned utterance without rerun
2020,7b52204cdb2119b057e5d961ecd75ab33858a3f5a1323d5018d9649e24f53840,SDRW2000002210.1.1.67,mfa_alignment_missing,alignment_and_analysis,C:\Users\ari30\research\2026_summer_research\outputs\reviews\mfa_post_alignment_2020_mfa_r2_prod_2020_20260802\02_RESEARCHER_DECISIONS.csv,approved,2026-08-03 researcher infrastructure review complete; retain MFA DB and exclude unaligned utterance without rerun
