year,input_contract_id,utt_id,reason_code,exclusion_scope,evidence_path,decision,notes
2021,1bda84ba0ce02fed685991f1da0dff3b75577fffa07b05b971293f8c189fe0f8,SDRW2100000002.1.1.267,empty_reference_unresolved_symbol,alignment_and_analysis,D:\mfa_eojeol\logs\lab_build_2021_1bda84ba0ce0_unresolved_symbols.csv,pending,empty_reference_form; unresolved_symbol; no_LAB_generated
2021,1bda84ba0ce02fed685991f1da0dff3b75577fffa07b05b971293f8c189fe0f8,SDRW2100000012.1.1.205,empty_reference_unresolved_symbol,alignment_and_analysis,D:\mfa_eojeol\logs\lab_build_2021_1bda84ba0ce0_unresolved_symbols.csv,pending,empty_reference_form; unresolved_symbol; no_LAB_generated
2021,1bda84ba0ce02fed685991f1da0dff3b75577fffa07b05b971293f8c189fe0f8,SDRW2100000012.1.1.234,empty_reference_unresolved_symbol,alignment_and_analysis,D:\mfa_eojeol\logs\lab_build_2021_1bda84ba0ce0_unresolved_symbols.csv,pending,empty_reference_form; unresolved_symbol; no_LAB_generated
2021,1bda84ba0ce02fed685991f1da0dff3b75577fffa07b05b971293f8c189fe0f8,SDRW2100000012.1.1.235,empty_reference_unresolved_symbol,alignment_and_analysis,D:\mfa_eojeol\logs\lab_build_2021_1bda84ba0ce0_unresolved_symbols.csv,pending,empty_reference_form; unresolved_symbol; no_LAB_generated
2021,1bda84ba0ce02fed685991f1da0dff3b75577fffa07b05b971293f8c189fe0f8,SDRW2100000012.1.1.41,empty_reference_unresolved_symbol,alignment_and_analysis,D:\mfa_eojeol\logs\lab_build_2021_1bda84ba0ce0_unresolved_symbols.csv,pending,empty_reference_form; unresolved_symbol; no_LAB_generated
2021,1bda84ba0ce02fed685991f1da0dff3b75577fffa07b05b971293f8c189fe0f8,SDRW2100000012.1.1.421,empty_reference_unresolved_symbol,alignment_and_analysis,D:\mfa_eojeol\logs\lab_build_2021_1bda84ba0ce0_unresolved_symbols.csv,pending,empty_reference_form; unresolved_symbol; no_LAB_generated
2021,1bda84ba0ce02fed685991f1da0dff3b75577fffa07b05b971293f8c189fe0f8,SDRW2100000012.1.1.455,empty_reference_unresolved_symbol,alignment_and_analysis,D:\mfa_eojeol\logs\lab_build_2021_1bda84ba0ce0_unresolved_symbols.csv,pending,empty_reference_form; unresolved_symbol; no_LAB_generated
2021,1bda84ba0ce02fed685991f1da0dff3b75577fffa07b05b971293f8c189fe0f8,SDRW2100000024.1.1.236,text_duration_impossible,alignment_and_analysis,,pending,source_segment_text_duration_impossible
2021,1bda84ba0ce02fed685991f1da0dff3b75577fffa07b05b971293f8c189fe0f8,SDRW2100000034.1.1.117,empty_reference_unresolved_symbol,alignment_and_analysis,D:\mfa_eojeol\logs\lab_build_2021_1bda84ba0ce0_unresolved_symbols.csv,pending,empty_reference_form; unresolved_symbol; no_LAB_generated
2021,1bda84ba0ce02fed685991f1da0dff3b75577fffa07b05b971293f8c189fe0f8,SDRW2100000034.1.1.59,empty_reference_unresolved_symbol,alignment_and_analysis,D:\mfa_eojeol\logs\lab_build_2021_1bda84ba0ce0_unresolved_symbols.csv,pending,empty_reference_form; unresolved_symbol; no_LAB_generated
2021,1bda84ba0ce02fed685991f1da0dff3b75577fffa07b05b971293f8c189fe0f8,SDRW2100000039.1.1.199,text_duration_impossible,alignment_and_analysis,,pending,source_segment_text_duration_impossible
2021,1bda84ba0ce02fed685991f1da0dff3b75577fffa07b05b971293f8c189fe0f8,SDRW2100000039.1.1.207,text_duration_impossible,alignment_and_analysis,,pending,source_segment_text_duration_impossible
2021,1bda84ba0ce02fed685991f1da0dff3b75577fffa07b05b971293f8c189fe0f8,SDRW2100000054.1.1.323,empty_reference_unresolved_symbol,alignment_and_analysis,D:\mfa_eojeol\logs\lab_build_2021_1bda84ba0ce0_unresolved_symbols.csv,pending,empty_reference_form; unresolved_symbol; no_LAB_generated
2021,1bda84ba0ce02fed685991f1da0dff3b75577fffa07b05b971293f8c189fe0f8,SDRW2100000059.1.1.57,text_duration_impossible,alignment_and_analysis,,pending,source_segment_text_duration_impossible
2021,1bda84ba0ce02fed685991f1da0dff3b75577fffa07b05b971293f8c189fe0f8,SDRW2100000073.1.1.310,empty_reference_unresolved_symbol,alignment_and_analysis,D:\mfa_eojeol\logs\lab_build_2021_1bda84ba0ce0_unresolved_symbols.csv,pending,empty_reference_form; unresolved_symbol; no_LAB_generated
2021,1bda84ba0ce02fed685991f1da0dff3b75577fffa07b05b971293f8c189fe0f8,SDRW2100000073.1.1.331,empty_reference_unresolved_symbol,alignment_and_analysis,D:\mfa_eojeol\logs\lab_build_2021_1bda84ba0ce0_unresolved_symbols.csv,pending,empty_reference_form; unresolved_symbol; no_LAB_generated
2021,1bda84ba0ce02fed685991f1da0dff3b75577fffa07b05b971293f8c189fe0f8,SDRW2100000073.1.1.495,empty_reference_unresolved_symbol,alignment_and_analysis,D:\mfa_eojeol\logs\lab_build_2021_1bda84ba0ce0_unresolved_symbols.csv,pending,empty_reference_form; unresolved_symbol; no_LAB_generated
2021,1bda84ba0ce02fed685991f1da0dff3b75577fffa07b05b971293f8c189fe0f8,SDRW2100000073.1.1.534,empty_reference_unresolved_symbol,alignment_and_analysis,D:\mfa_eojeol\logs\lab_build_2021_1bda84ba0ce0_unresolved_symbols.csv,pending,empty_reference_form; unresolved_symbol; no_LAB_generated
2021,1bda84ba0ce02fed685991f1da0dff3b75577fffa07b05b971293f8c189fe0f8,SDRW2100000077.1.1.18,empty_reference_unresolved_symbol,alignment_and_analysis,D:\mfa_eojeol\logs\lab_build_2021_1bda84ba0ce0_unresolved_symbols.csv,pending,empty_reference_form; unresolved_symbol; no_LAB_generated
2021,1bda84ba0ce02fed685991f1da0dff3b75577fffa07b05b971293f8c189fe0f8,SDRW2100000077.1.1.239,empty_reference_unresolved_symbol,alignment_and_analysis,D:\mfa_eojeol\logs\lab_build_2021_1bda84ba0ce0_unresolved_symbols.csv,pending,empty_reference_form; unresolved_symbol; no_LAB_generated
2021,1bda84ba0ce02fed685991f1da0dff3b75577fffa07b05b971293f8c189fe0f8,SDRW2100000077.1.1.250,empty_reference_unresolved_symbol,alignment_and_analysis,D:\mfa_eojeol\logs\lab_build_2021_1bda84ba0ce0_unresolved_symbols.csv,pending,empty_reference_form; unresolved_symbol; no_LAB_generated
2021,1bda84ba0ce02fed685991f1da0dff3b75577fffa07b05b971293f8c189fe0f8,SDRW2100000094.1.1.30,empty_reference_unresolved_symbol,alignment_and_analysis,D:\mfa_eojeol\logs\lab_build_2021_1bda84ba0ce0_unresolved_symbols.csv,pending,empty_reference_form; unresolved_symbol; no_LAB_generated
2021,1bda84ba0ce02fed685991f1da0dff3b75577fffa07b05b971293f8c189fe0f8,SDRW2100000115.1.1.43,empty_reference_unresolved_symbol,alignment_and_analysis,D:\mfa_eojeol\logs\lab_build_2021_1bda84ba0ce0_unresolved_symbols.csv,pending,empty_reference_form; unresolved_symbol; no_LAB_generated
2021,1bda84ba0ce02fed685991f1da0dff3b75577fffa07b05b971293f8c189fe0f8,SDRW2100000115.1.1.46,empty_reference_unresolved_symbol,alignment_and_analysis,D:\mfa_eojeol\logs\lab_build_2021_1bda84ba0ce0_unresolved_symbols.csv,pending,empty_reference_form; unresolved_symbol; no_LAB_generated
2021,1bda84ba0ce02fed685991f1da0dff3b75577fffa07b05b971293f8c189fe0f8,SDRW2100000120.1.1.190,text_duration_impossible,alignment_and_analysis,,pending,source_segment_text_duration_impossible
2021,1bda84ba0ce02fed685991f1da0dff3b75577fffa07b05b971293f8c189fe0f8,SDRW2100000144.1.1.113,empty_reference_unresolved_symbol,alignment_and_analysis,D:\mfa_eojeol\logs\lab_build_2021_1bda84ba0ce0_unresolved_symbols.csv,pending,empty_reference_form; unresolved_symbol; no_LAB_generated
2021,1bda84ba0ce02fed685991f1da0dff3b75577fffa07b05b971293f8c189fe0f8,SDRW2100000145.1.1.187,empty_reference_unresolved_symbol,alignment_and_analysis,D:\mfa_eojeol\logs\lab_build_2021_1bda84ba0ce0_unresolved_symbols.csv,pending,empty_reference_form; unresolved_symbol; no_LAB_generated
2021,1bda84ba0ce02fed685991f1da0dff3b75577fffa07b05b971293f8c189fe0f8,SDRW2100000165.1.1.1,empty_reference_unresolved_symbol,alignment_and_analysis,D:\mfa_eojeol\logs\lab_build_2021_1bda84ba0ce0_unresolved_symbols.csv,pending,empty_reference_form; unresolved_symbol; no_LAB_generated
2021,1bda84ba0ce02fed685991f1da0dff3b75577fffa07b05b971293f8c189fe0f8,SDRW2100000170.1.1.174,empty_reference_unresolved_symbol,alignment_and_analysis,D:\mfa_eojeol\logs\lab_build_2021_1bda84ba0ce0_unresolved_symbols.csv,pending,empty_reference_form; unresolved_symbol; no_LAB_generated
2021,1bda84ba0ce02fed685991f1da0dff3b75577fffa07b05b971293f8c189fe0f8,SDRW2100000170.1.1.175,empty_reference_unresolved_symbol,alignment_and_analysis,D:\mfa_eojeol\logs\lab_build_2021_1bda84ba0ce0_unresolved_symbols.csv,pending,empty_reference_form; unresolved_symbol; no_LAB_generated
2021,1bda84ba0ce02fed685991f1da0dff3b75577fffa07b05b971293f8c189fe0f8,SDRW2100000177.1.1.507,empty_reference_unresolved_symbol,alignment_and_analysis,D:\mfa_eojeol\logs\lab_build_2021_1bda84ba0ce0_unresolved_symbols.csv,pending,empty_reference_form; unresolved_symbol; no_LAB_generated
2021,1bda84ba0ce02fed685991f1da0dff3b75577fffa07b05b971293f8c189fe0f8,SDRW2100000178.1.1.133,empty_reference_unresolved_symbol,alignment_and_analysis,D:\mfa_eojeol\logs\lab_build_2021_1bda84ba0ce0_unresolved_symbols.csv,pending,empty_reference_form; unresolved_symbol; no_LAB_generated
2021,1bda84ba0ce02fed685991f1da0dff3b75577fffa07b05b971293f8c189fe0f8,SDRW2100000187.1.1.160,empty_reference_unresolved_symbol,alignment_and_analysis,D:\mfa_eojeol\logs\lab_build_2021_1bda84ba0ce0_unresolved_symbols.csv,pending,empty_reference_form; unresolved_symbol; no_LAB_generated
2021,1bda84ba0ce02fed685991f1da0dff3b75577fffa07b05b971293f8c189fe0f8,SDRW2100000217.1.1.83,empty_reference_unresolved_symbol,alignment_and_analysis,D:\mfa_eojeol\logs\lab_build_2021_1bda84ba0ce0_unresolved_symbols.csv,pending,empty_reference_form; unresolved_symbol; no_LAB_generated
2021,1bda84ba0ce02fed685991f1da0dff3b75577fffa07b05b971293f8c189fe0f8,SDRW2100000224.1.1.33,text_duration_impossible,alignment_and_analysis,,pending,source_segment_text_duration_impossible
2021,1bda84ba0ce02fed685991f1da0dff3b75577fffa07b05b971293f8c189fe0f8,SDRW2100000233.1.1.3,empty_reference_unresolved_symbol,alignment_and_analysis,D:\mfa_eojeol\logs\lab_build_2021_1bda84ba0ce0_unresolved_symbols.csv,pending,empty_reference_form; unresolved_symbol; no_LAB_generated
2021,1bda84ba0ce02fed685991f1da0dff3b75577fffa07b05b971293f8c189fe0f8,SDRW2100000240.1.1.298,empty_reference_unresolved_symbol,alignment_and_analysis,D:\mfa_eojeol\logs\lab_build_2021_1bda84ba0ce0_unresolved_symbols.csv,pending,empty_reference_form; unresolved_symbol; no_LAB_generated
2021,1bda84ba0ce02fed685991f1da0dff3b75577fffa07b05b971293f8c189fe0f8,SDRW2100000240.1.1.303,empty_reference_unresolved_symbol,alignment_and_analysis,D:\mfa_eojeol\logs\lab_build_2021_1bda84ba0ce0_unresolved_symbols.csv,pending,empty_reference_form; unresolved_symbol; no_LAB_generated
2021,1bda84ba0ce02fed685991f1da0dff3b75577fffa07b05b971293f8c189fe0f8,SDRW2100000247.1.1.89,empty_reference_unresolved_symbol,alignment_and_analysis,D:\mfa_eojeol\logs\lab_build_2021_1bda84ba0ce0_unresolved_symbols.csv,pending,empty_reference_form; unresolved_symbol; no_LAB_generated
2021,1bda84ba0ce02fed685991f1da0dff3b75577fffa07b05b971293f8c189fe0f8,SDRW2100000251.1.1.43,empty_reference_unresolved_symbol,alignment_and_analysis,D:\mfa_eojeol\logs\lab_build_2021_1bda84ba0ce0_unresolved_symbols.csv,pending,empty_reference_form; unresolved_symbol; no_LAB_generated
2021,1bda84ba0ce02fed685991f1da0dff3b75577fffa07b05b971293f8c189fe0f8,SDRW2100000253.1.1.315,empty_reference_unresolved_symbol,alignment_and_analysis,D:\mfa_eojeol\logs\lab_build_2021_1bda84ba0ce0_unresolved_symbols.csv,pending,empty_reference_form; unresolved_symbol; no_LAB_generated
2021,1bda84ba0ce02fed685991f1da0dff3b75577fffa07b05b971293f8c189fe0f8,SDRW2100000253.1.1.358,empty_reference_unresolved_symbol,alignment_and_analysis,D:\mfa_eojeol\logs\lab_build_2021_1bda84ba0ce0_unresolved_symbols.csv,pending,empty_reference_form; unresolved_symbol; no_LAB_generated
2021,1bda84ba0ce02fed685991f1da0dff3b75577fffa07b05b971293f8c189fe0f8,SDRW2100000253.1.1.360,empty_reference_unresolved_symbol,alignment_and_analysis,D:\mfa_eojeol\logs\lab_build_2021_1bda84ba0ce0_unresolved_symbols.csv,pending,empty_reference_form; unresolved_symbol; no_LAB_generated
2021,1bda84ba0ce02fed685991f1da0dff3b75577fffa07b05b971293f8c189fe0f8,SDRW2100000285.1.1.256,empty_reference_unresolved_symbol,alignment_and_analysis,D:\mfa_eojeol\logs\lab_build_2021_1bda84ba0ce0_unresolved_symbols.csv,pending,empty_reference_form; unresolved_symbol; no_LAB_generated
2021,1bda84ba0ce02fed685991f1da0dff3b75577fffa07b05b971293f8c189fe0f8,SDRW2100000285.1.1.5,empty_reference_unresolved_symbol,alignment_and_analysis,D:\mfa_eojeol\logs\lab_build_2021_1bda84ba0ce0_unresolved_symbols.csv,pending,empty_reference_form; unresolved_symbol; no_LAB_generated
2021,1bda84ba0ce02fed685991f1da0dff3b75577fffa07b05b971293f8c189fe0f8,SDRW2100000287.1.1.197,empty_reference_unresolved_symbol,alignment_and_analysis,D:\mfa_eojeol\logs\lab_build_2021_1bda84ba0ce0_unresolved_symbols.csv,pending,empty_reference_form; unresolved_symbol; no_LAB_generated
2021,1bda84ba0ce02fed685991f1da0dff3b75577fffa07b05b971293f8c189fe0f8,SDRW2100000287.1.1.199,empty_reference_unresolved_symbol,alignment_and_analysis,D:\mfa_eojeol\logs\lab_build_2021_1bda84ba0ce0_unresolved_symbols.csv,pending,empty_reference_form; unresolved_symbol; no_LAB_generated
2021,1bda84ba0ce02fed685991f1da0dff3b75577fffa07b05b971293f8c189fe0f8,SDRW2100000287.1.1.200,empty_reference_unresolved_symbol,alignment_and_analysis,D:\mfa_eojeol\logs\lab_build_2021_1bda84ba0ce0_unresolved_symbols.csv,pending,empty_reference_form; unresolved_symbol; no_LAB_generated
2021,1bda84ba0ce02fed685991f1da0dff3b75577fffa07b05b971293f8c189fe0f8,SDRW2100000287.1.1.275,empty_reference_unresolved_symbol,alignment_and_analysis,D:\mfa_eojeol\logs\lab_build_2021_1bda84ba0ce0_unresolved_symbols.csv,pending,empty_reference_form; unresolved_symbol; no_LAB_generated
2021,1bda84ba0ce02fed685991f1da0dff3b75577fffa07b05b971293f8c189fe0f8,SDRW2100000287.1.1.303,empty_reference_unresolved_symbol,alignment_and_analysis,D:\mfa_eojeol\logs\lab_build_2021_1bda84ba0ce0_unresolved_symbols.csv,pending,empty_reference_form; unresolved_symbol; no_LAB_generated
2021,1bda84ba0ce02fed685991f1da0dff3b75577fffa07b05b971293f8c189fe0f8,SDRW2100000287.1.1.304,empty_reference_unresolved_symbol,alignment_and_analysis,D:\mfa_eojeol\logs\lab_build_2021_1bda84ba0ce0_unresolved_symbols.csv,pending,empty_reference_form; unresolved_symbol; no_LAB_generated
2021,1bda84ba0ce02fed685991f1da0dff3b75577fffa07b05b971293f8c189fe0f8,SDRW2100000287.1.1.92,empty_reference_unresolved_symbol,alignment_and_analysis,D:\mfa_eojeol\logs\lab_build_2021_1bda84ba0ce0_unresolved_symbols.csv,pending,empty_reference_form; unresolved_symbol; no_LAB_generated
2021,1bda84ba0ce02fed685991f1da0dff3b75577fffa07b05b971293f8c189fe0f8,SDRW2100000288.1.1.1,empty_reference_unresolved_symbol,alignment_and_analysis,D:\mfa_eojeol\logs\lab_build_2021_1bda84ba0ce0_unresolved_symbols.csv,pending,empty_reference_form; unresolved_symbol; no_LAB_generated
2021,1bda84ba0ce02fed685991f1da0dff3b75577fffa07b05b971293f8c189fe0f8,SDRW2100000300.1.1.23,empty_reference_unresolved_symbol,alignment_and_analysis,D:\mfa_eojeol\logs\lab_build_2021_1bda84ba0ce0_unresolved_symbols.csv,pending,empty_reference_form; unresolved_symbol; no_LAB_generated
2021,1bda84ba0ce02fed685991f1da0dff3b75577fffa07b05b971293f8c189fe0f8,SDRW2100000301.1.1.43,empty_reference_unresolved_symbol,alignment_and_analysis,D:\mfa_eojeol\logs\lab_build_2021_1bda84ba0ce0_unresolved_symbols.csv,pending,empty_reference_form; unresolved_symbol; no_LAB_generated
2021,1bda84ba0ce02fed685991f1da0dff3b75577fffa07b05b971293f8c189fe0f8,SDRW2100000322.1.1.49,empty_reference_unresolved_symbol,alignment_and_analysis,D:\mfa_eojeol\logs\lab_build_2021_1bda84ba0ce0_unresolved_symbols.csv,pending,empty_reference_form; unresolved_symbol; no_LAB_generated
2021,1bda84ba0ce02fed685991f1da0dff3b75577fffa07b05b971293f8c189fe0f8,SDRW2100000322.1.1.60,empty_reference_unresolved_symbol,alignment_and_analysis,D:\mfa_eojeol\logs\lab_build_2021_1bda84ba0ce0_unresolved_symbols.csv,pending,empty_reference_form; unresolved_symbol; no_LAB_generated
2021,1bda84ba0ce02fed685991f1da0dff3b75577fffa07b05b971293f8c189fe0f8,SDRW2100000323.1.1.21,empty_reference_unresolved_symbol,alignment_and_analysis,D:\mfa_eojeol\logs\lab_build_2021_1bda84ba0ce0_unresolved_symbols.csv,pending,empty_reference_form; unresolved_symbol; no_LAB_generated
2021,1bda84ba0ce02fed685991f1da0dff3b75577fffa07b05b971293f8c189fe0f8,SDRW2100000334.1.1.81,empty_reference_unresolved_symbol,alignment_and_analysis,D:\mfa_eojeol\logs\lab_build_2021_1bda84ba0ce0_unresolved_symbols.csv,pending,empty_reference_form; unresolved_symbol; no_LAB_generated
2021,1bda84ba0ce02fed685991f1da0dff3b75577fffa07b05b971293f8c189fe0f8,SDRW2100000347.1.1.328,empty_reference_unresolved_symbol,alignment_and_analysis,D:\mfa_eojeol\logs\lab_build_2021_1bda84ba0ce0_unresolved_symbols.csv,pending,empty_reference_form; unresolved_symbol; no_LAB_generated
2021,1bda84ba0ce02fed685991f1da0dff3b75577fffa07b05b971293f8c189fe0f8,SDRW2100000347.1.1.339,empty_reference_unresolved_symbol,alignment_and_analysis,D:\mfa_eojeol\logs\lab_build_2021_1bda84ba0ce0_unresolved_symbols.csv,pending,empty_reference_form; unresolved_symbol; no_LAB_generated
2021,1bda84ba0ce02fed685991f1da0dff3b75577fffa07b05b971293f8c189fe0f8,SDRW2100000373.1.1.196,empty_reference_unresolved_symbol,alignment_and_analysis,D:\mfa_eojeol\logs\lab_build_2021_1bda84ba0ce0_unresolved_symbols.csv,pending,empty_reference_form; unresolved_symbol; no_LAB_generated
2021,1bda84ba0ce02fed685991f1da0dff3b75577fffa07b05b971293f8c189fe0f8,SDRW2100000373.1.1.35,empty_reference_unresolved_symbol,alignment_and_analysis,D:\mfa_eojeol\logs\lab_build_2021_1bda84ba0ce0_unresolved_symbols.csv,pending,empty_reference_form; unresolved_symbol; no_LAB_generated
2021,1bda84ba0ce02fed685991f1da0dff3b75577fffa07b05b971293f8c189fe0f8,SDRW2100000379.1.1.193,empty_reference_unresolved_symbol,alignment_and_analysis,D:\mfa_eojeol\logs\lab_build_2021_1bda84ba0ce0_unresolved_symbols.csv,pending,empty_reference_form; unresolved_symbol; no_LAB_generated
2021,1bda84ba0ce02fed685991f1da0dff3b75577fffa07b05b971293f8c189fe0f8,SDRW2100000393.1.1.293,empty_reference_unresolved_symbol,alignment_and_analysis,D:\mfa_eojeol\logs\lab_build_2021_1bda84ba0ce0_unresolved_symbols.csv,pending,empty_reference_form; unresolved_symbol; no_LAB_generated
2021,1bda84ba0ce02fed685991f1da0dff3b75577fffa07b05b971293f8c189fe0f8,SDRW2100000427.1.1.283,text_duration_impossible,alignment_and_analysis,,pending,source_segment_text_duration_impossible
2021,1bda84ba0ce02fed685991f1da0dff3b75577fffa07b05b971293f8c189fe0f8,SDRW2100000468.1.1.297,audio_pairing_unresolved,alignment_and_analysis,C:\Users\ari30\research\2026_summer_research\outputs\reports\PLAN_2021_wav_duration_recovery_20260803.csv,pending,target_unresolved
2021,1bda84ba0ce02fed685991f1da0dff3b75577fffa07b05b971293f8c189fe0f8,SDRW2100000487.1.1.254,empty_reference_unresolved_symbol,alignment_and_analysis,D:\mfa_eojeol\logs\lab_build_2021_1bda84ba0ce0_unresolved_symbols.csv,pending,empty_reference_form; unresolved_symbol; no_LAB_generated
2021,1bda84ba0ce02fed685991f1da0dff3b75577fffa07b05b971293f8c189fe0f8,SDRW2100000493.1.1.243,empty_reference_unresolved_symbol,alignment_and_analysis,D:\mfa_eojeol\logs\lab_build_2021_1bda84ba0ce0_unresolved_symbols.csv,pending,empty_reference_form; unresolved_symbol; no_LAB_generated
2021,1bda84ba0ce02fed685991f1da0dff3b75577fffa07b05b971293f8c189fe0f8,SDRW2100000493.1.1.31,empty_reference_unresolved_symbol,alignment_and_analysis,D:\mfa_eojeol\logs\lab_build_2021_1bda84ba0ce0_unresolved_symbols.csv,pending,empty_reference_form; unresolved_symbol; no_LAB_generated
2021,1bda84ba0ce02fed685991f1da0dff3b75577fffa07b05b971293f8c189fe0f8,SDRW2100000493.1.1.339,empty_reference_unresolved_symbol,alignment_and_analysis,D:\mfa_eojeol\logs\lab_build_2021_1bda84ba0ce0_unresolved_symbols.csv,pending,empty_reference_form; unresolved_symbol; no_LAB_generated
2021,1bda84ba0ce02fed685991f1da0dff3b75577fffa07b05b971293f8c189fe0f8,SDRW2100000493.1.1.342,empty_reference_unresolved_symbol,alignment_and_analysis,D:\mfa_eojeol\logs\lab_build_2021_1bda84ba0ce0_unresolved_symbols.csv,pending,empty_reference_form; unresolved_symbol; no_LAB_generated
2021,1bda84ba0ce02fed685991f1da0dff3b75577fffa07b05b971293f8c189fe0f8,SDRW2100000513.1.1.23,empty_reference_unresolved_symbol,alignment_and_analysis,D:\mfa_eojeol\logs\lab_build_2021_1bda84ba0ce0_unresolved_symbols.csv,pending,empty_reference_form; unresolved_symbol; no_LAB_generated
2021,1bda84ba0ce02fed685991f1da0dff3b75577fffa07b05b971293f8c189fe0f8,SDRW2100000531.1.1.184,empty_reference_unresolved_symbol,alignment_and_analysis,D:\mfa_eojeol\logs\lab_build_2021_1bda84ba0ce0_unresolved_symbols.csv,pending,empty_reference_form; unresolved_symbol; no_LAB_generated
2021,1bda84ba0ce02fed685991f1da0dff3b75577fffa07b05b971293f8c189fe0f8,SDRW2100000546.1.1.120,empty_reference_unresolved_symbol,alignment_and_analysis,D:\mfa_eojeol\logs\lab_build_2021_1bda84ba0ce0_unresolved_symbols.csv,pending,empty_reference_form; unresolved_symbol; no_LAB_generated
2021,1bda84ba0ce02fed685991f1da0dff3b75577fffa07b05b971293f8c189fe0f8,SDRW2100000549.1.1.122,text_duration_impossible,alignment_and_analysis,,pending,source_segment_text_duration_impossible
2021,1bda84ba0ce02fed685991f1da0dff3b75577fffa07b05b971293f8c189fe0f8,SDRW2100000550.1.1.196,text_duration_impossible,alignment_and_analysis,,pending,source_segment_text_duration_impossible
2021,1bda84ba0ce02fed685991f1da0dff3b75577fffa07b05b971293f8c189fe0f8,SDRW2100000557.1.1.69,empty_reference_unresolved_symbol,alignment_and_analysis,D:\mfa_eojeol\logs\lab_build_2021_1bda84ba0ce0_unresolved_symbols.csv,pending,empty_reference_form; unresolved_symbol; no_LAB_generated
2021,1bda84ba0ce02fed685991f1da0dff3b75577fffa07b05b971293f8c189fe0f8,SDRW2100000559.1.1.2,empty_reference_unresolved_symbol,alignment_and_analysis,D:\mfa_eojeol\logs\lab_build_2021_1bda84ba0ce0_unresolved_symbols.csv,pending,empty_reference_form; unresolved_symbol; no_LAB_generated
2021,1bda84ba0ce02fed685991f1da0dff3b75577fffa07b05b971293f8c189fe0f8,SDRW2100000559.1.1.267,empty_reference_unresolved_symbol,alignment_and_analysis,D:\mfa_eojeol\logs\lab_build_2021_1bda84ba0ce0_unresolved_symbols.csv,pending,empty_reference_form; unresolved_symbol; no_LAB_generated
2021,1bda84ba0ce02fed685991f1da0dff3b75577fffa07b05b971293f8c189fe0f8,SDRW2100000567.1.1.312,empty_reference_unresolved_symbol,alignment_and_analysis,D:\mfa_eojeol\logs\lab_build_2021_1bda84ba0ce0_unresolved_symbols.csv,pending,empty_reference_form; unresolved_symbol; no_LAB_generated
2021,1bda84ba0ce02fed685991f1da0dff3b75577fffa07b05b971293f8c189fe0f8,SDRW2100000577.1.1.233,empty_reference_unresolved_symbol,alignment_and_analysis,D:\mfa_eojeol\logs\lab_build_2021_1bda84ba0ce0_unresolved_symbols.csv,pending,empty_reference_form; unresolved_symbol; no_LAB_generated
2021,1bda84ba0ce02fed685991f1da0dff3b75577fffa07b05b971293f8c189fe0f8,SDRW2100000577.1.1.301,empty_reference_unresolved_symbol,alignment_and_analysis,D:\mfa_eojeol\logs\lab_build_2021_1bda84ba0ce0_unresolved_symbols.csv,pending,empty_reference_form; unresolved_symbol; no_LAB_generated
2021,1bda84ba0ce02fed685991f1da0dff3b75577fffa07b05b971293f8c189fe0f8,SDRW2100000577.1.1.441,empty_reference_unresolved_symbol,alignment_and_analysis,D:\mfa_eojeol\logs\lab_build_2021_1bda84ba0ce0_unresolved_symbols.csv,pending,empty_reference_form; unresolved_symbol; no_LAB_generated
2021,1bda84ba0ce02fed685991f1da0dff3b75577fffa07b05b971293f8c189fe0f8,SDRW2100000582.1.1.227,empty_reference_unresolved_symbol,alignment_and_analysis,D:\mfa_eojeol\logs\lab_build_2021_1bda84ba0ce0_unresolved_symbols.csv,pending,empty_reference_form; unresolved_symbol; no_LAB_generated
2021,1bda84ba0ce02fed685991f1da0dff3b75577fffa07b05b971293f8c189fe0f8,SDRW2100000584.1.1.192,text_duration_impossible,alignment_and_analysis,,pending,source_segment_text_duration_impossible
2021,1bda84ba0ce02fed685991f1da0dff3b75577fffa07b05b971293f8c189fe0f8,SDRW2100000585.1.1.332,text_duration_impossible,alignment_and_analysis,,pending,source_segment_text_duration_impossible
2021,1bda84ba0ce02fed685991f1da0dff3b75577fffa07b05b971293f8c189fe0f8,SDRW2100000587.1.1.46,empty_reference_unresolved_symbol,alignment_and_analysis,D:\mfa_eojeol\logs\lab_build_2021_1bda84ba0ce0_unresolved_symbols.csv,pending,empty_reference_form; unresolved_symbol; no_LAB_generated
2021,1bda84ba0ce02fed685991f1da0dff3b75577fffa07b05b971293f8c189fe0f8,SDRW2100000594.1.1.302,empty_reference_unresolved_symbol,alignment_and_analysis,D:\mfa_eojeol\logs\lab_build_2021_1bda84ba0ce0_unresolved_symbols.csv,pending,empty_reference_form; unresolved_symbol; no_LAB_generated
2021,1bda84ba0ce02fed685991f1da0dff3b75577fffa07b05b971293f8c189fe0f8,SDRW2100000616.1.1.1,empty_reference_unresolved_symbol,alignment_and_analysis,D:\mfa_eojeol\logs\lab_build_2021_1bda84ba0ce0_unresolved_symbols.csv,pending,empty_reference_form; unresolved_symbol; no_LAB_generated
2021,1bda84ba0ce02fed685991f1da0dff3b75577fffa07b05b971293f8c189fe0f8,SDRW2100000618.1.1.196,empty_reference_unresolved_symbol,alignment_and_analysis,D:\mfa_eojeol\logs\lab_build_2021_1bda84ba0ce0_unresolved_symbols.csv,pending,empty_reference_form; unresolved_symbol; no_LAB_generated
2021,1bda84ba0ce02fed685991f1da0dff3b75577fffa07b05b971293f8c189fe0f8,SDRW2100000625.1.1.165,empty_reference_unresolved_symbol,alignment_and_analysis,D:\mfa_eojeol\logs\lab_build_2021_1bda84ba0ce0_unresolved_symbols.csv,pending,empty_reference_form; unresolved_symbol; no_LAB_generated
2021,1bda84ba0ce02fed685991f1da0dff3b75577fffa07b05b971293f8c189fe0f8,SDRW2100000625.1.1.349,empty_reference_unresolved_symbol,alignment_and_analysis,D:\mfa_eojeol\logs\lab_build_2021_1bda84ba0ce0_unresolved_symbols.csv,pending,empty_reference_form; unresolved_symbol; no_LAB_generated
2021,1bda84ba0ce02fed685991f1da0dff3b75577fffa07b05b971293f8c189fe0f8,SDRW2100000625.1.1.353,empty_reference_unresolved_symbol,alignment_and_analysis,D:\mfa_eojeol\logs\lab_build_2021_1bda84ba0ce0_unresolved_symbols.csv,pending,empty_reference_form; unresolved_symbol; no_LAB_generated
2021,1bda84ba0ce02fed685991f1da0dff3b75577fffa07b05b971293f8c189fe0f8,SDRW2100000626.1.1.195,empty_reference_unresolved_symbol,alignment_and_analysis,D:\mfa_eojeol\logs\lab_build_2021_1bda84ba0ce0_unresolved_symbols.csv,pending,empty_reference_form; unresolved_symbol; no_LAB_generated
2021,1bda84ba0ce02fed685991f1da0dff3b75577fffa07b05b971293f8c189fe0f8,SDRW2100000637.1.1.2,empty_reference_unresolved_symbol,alignment_and_analysis,D:\mfa_eojeol\logs\lab_build_2021_1bda84ba0ce0_unresolved_symbols.csv,pending,empty_reference_form; unresolved_symbol; no_LAB_generated
2021,1bda84ba0ce02fed685991f1da0dff3b75577fffa07b05b971293f8c189fe0f8,SDRW2100000643.1.1.4,empty_reference_unresolved_symbol,alignment_and_analysis,D:\mfa_eojeol\logs\lab_build_2021_1bda84ba0ce0_unresolved_symbols.csv,pending,empty_reference_form; unresolved_symbol; no_LAB_generated
2021,1bda84ba0ce02fed685991f1da0dff3b75577fffa07b05b971293f8c189fe0f8,SDRW2100000643.1.1.8,empty_reference_unresolved_symbol,alignment_and_analysis,D:\mfa_eojeol\logs\lab_build_2021_1bda84ba0ce0_unresolved_symbols.csv,pending,empty_reference_form; unresolved_symbol; no_LAB_generated
2021,1bda84ba0ce02fed685991f1da0dff3b75577fffa07b05b971293f8c189fe0f8,SDRW2100000656.1.1.42,empty_reference_unresolved_symbol,alignment_and_analysis,D:\mfa_eojeol\logs\lab_build_2021_1bda84ba0ce0_unresolved_symbols.csv,pending,empty_reference_form; unresolved_symbol; no_LAB_generated
2021,1bda84ba0ce02fed685991f1da0dff3b75577fffa07b05b971293f8c189fe0f8,SDRW2100000686.1.1.160,empty_reference_unresolved_symbol,alignment_and_analysis,D:\mfa_eojeol\logs\lab_build_2021_1bda84ba0ce0_unresolved_symbols.csv,pending,empty_reference_form; unresolved_symbol; no_LAB_generated
2021,1bda84ba0ce02fed685991f1da0dff3b75577fffa07b05b971293f8c189fe0f8,SDRW2100000695.1.1.128,text_duration_impossible,alignment_and_analysis,,pending,source_segment_text_duration_impossible
2021,1bda84ba0ce02fed685991f1da0dff3b75577fffa07b05b971293f8c189fe0f8,SDRW2100000699.1.1.43,text_duration_impossible,alignment_and_analysis,,pending,source_segment_text_duration_impossible
2021,1bda84ba0ce02fed685991f1da0dff3b75577fffa07b05b971293f8c189fe0f8,SDRW2100000716.1.1.178,empty_reference_unresolved_symbol,alignment_and_analysis,D:\mfa_eojeol\logs\lab_build_2021_1bda84ba0ce0_unresolved_symbols.csv,pending,empty_reference_form; unresolved_symbol; no_LAB_generated
2021,1bda84ba0ce02fed685991f1da0dff3b75577fffa07b05b971293f8c189fe0f8,SDRW2100000719.1.1.276,empty_reference_unresolved_symbol,alignment_and_analysis,D:\mfa_eojeol\logs\lab_build_2021_1bda84ba0ce0_unresolved_symbols.csv,pending,empty_reference_form; unresolved_symbol; no_LAB_generated
2021,1bda84ba0ce02fed685991f1da0dff3b75577fffa07b05b971293f8c189fe0f8,SDRW2100000726.1.1.17,empty_reference_unresolved_symbol,alignment_and_analysis,D:\mfa_eojeol\logs\lab_build_2021_1bda84ba0ce0_unresolved_symbols.csv,pending,empty_reference_form; unresolved_symbol; no_LAB_generated
2021,1bda84ba0ce02fed685991f1da0dff3b75577fffa07b05b971293f8c189fe0f8,SDRW2100000778.1.1.222,empty_reference_unresolved_symbol,alignment_and_analysis,D:\mfa_eojeol\logs\lab_build_2021_1bda84ba0ce0_unresolved_symbols.csv,pending,empty_reference_form; unresolved_symbol; no_LAB_generated
2021,1bda84ba0ce02fed685991f1da0dff3b75577fffa07b05b971293f8c189fe0f8,SDRW2100000779.1.1.95,empty_reference_unresolved_symbol,alignment_and_analysis,D:\mfa_eojeol\logs\lab_build_2021_1bda84ba0ce0_unresolved_symbols.csv,pending,empty_reference_form; unresolved_symbol; no_LAB_generated
2021,1bda84ba0ce02fed685991f1da0dff3b75577fffa07b05b971293f8c189fe0f8,SDRW2100000796.1.1.88,empty_reference_unresolved_symbol,alignment_and_analysis,D:\mfa_eojeol\logs\lab_build_2021_1bda84ba0ce0_unresolved_symbols.csv,pending,empty_reference_form; unresolved_symbol; no_LAB_generated
2021,1bda84ba0ce02fed685991f1da0dff3b75577fffa07b05b971293f8c189fe0f8,SDRW2100000800.1.1.94,audio_pairing_unresolved,alignment_and_analysis,C:\Users\ari30\research\2026_summer_research\outputs\reports\PLAN_2021_wav_duration_recovery_20260803.csv,pending,target_unresolved
2021,1bda84ba0ce02fed685991f1da0dff3b75577fffa07b05b971293f8c189fe0f8,SDRW2100000802.1.1.191,empty_reference_unresolved_symbol,alignment_and_analysis,D:\mfa_eojeol\logs\lab_build_2021_1bda84ba0ce0_unresolved_symbols.csv,pending,empty_reference_form; unresolved_symbol; no_LAB_generated
2021,1bda84ba0ce02fed685991f1da0dff3b75577fffa07b05b971293f8c189fe0f8,SDRW2100000814.1.1.286,text_duration_impossible,alignment_and_analysis,,pending,source_segment_text_duration_impossible
2021,1bda84ba0ce02fed685991f1da0dff3b75577fffa07b05b971293f8c189fe0f8,SDRW2100000824.1.1.55,empty_reference_unresolved_symbol,alignment_and_analysis,D:\mfa_eojeol\logs\lab_build_2021_1bda84ba0ce0_unresolved_symbols.csv,pending,empty_reference_form; unresolved_symbol; no_LAB_generated
2021,1bda84ba0ce02fed685991f1da0dff3b75577fffa07b05b971293f8c189fe0f8,SDRW2100000968.1.1.188,empty_reference_unresolved_symbol,alignment_and_analysis,D:\mfa_eojeol\logs\lab_build_2021_1bda84ba0ce0_unresolved_symbols.csv,pending,empty_reference_form; unresolved_symbol; no_LAB_generated
2021,1bda84ba0ce02fed685991f1da0dff3b75577fffa07b05b971293f8c189fe0f8,SDRW2100000975.1.1.260,text_duration_impossible,alignment_and_analysis,,pending,source_segment_text_duration_impossible
2021,1bda84ba0ce02fed685991f1da0dff3b75577fffa07b05b971293f8c189fe0f8,SDRW2100000998.1.1.90,empty_reference_unresolved_symbol,alignment_and_analysis,D:\mfa_eojeol\logs\lab_build_2021_1bda84ba0ce0_unresolved_symbols.csv,pending,empty_reference_form; unresolved_symbol; no_LAB_generated
2021,1bda84ba0ce02fed685991f1da0dff3b75577fffa07b05b971293f8c189fe0f8,SDRW2100001022.1.1.193,empty_reference_unresolved_symbol,alignment_and_analysis,D:\mfa_eojeol\logs\lab_build_2021_1bda84ba0ce0_unresolved_symbols.csv,pending,empty_reference_form; unresolved_symbol; no_LAB_generated
2021,1bda84ba0ce02fed685991f1da0dff3b75577fffa07b05b971293f8c189fe0f8,SDRW2100001025.1.1.27,empty_reference_unresolved_symbol,alignment_and_analysis,D:\mfa_eojeol\logs\lab_build_2021_1bda84ba0ce0_unresolved_symbols.csv,pending,empty_reference_form; unresolved_symbol; no_LAB_generated
2021,1bda84ba0ce02fed685991f1da0dff3b75577fffa07b05b971293f8c189fe0f8,SDRW2100001025.1.1.277,empty_reference_unresolved_symbol,alignment_and_analysis,D:\mfa_eojeol\logs\lab_build_2021_1bda84ba0ce0_unresolved_symbols.csv,pending,empty_reference_form; unresolved_symbol; no_LAB_generated
2021,1bda84ba0ce02fed685991f1da0dff3b75577fffa07b05b971293f8c189fe0f8,SDRW2100001025.1.1.28,empty_reference_unresolved_symbol,alignment_and_analysis,D:\mfa_eojeol\logs\lab_build_2021_1bda84ba0ce0_unresolved_symbols.csv,pending,empty_reference_form; unresolved_symbol; no_LAB_generated
2021,1bda84ba0ce02fed685991f1da0dff3b75577fffa07b05b971293f8c189fe0f8,SDRW2100001025.1.1.320,empty_reference_unresolved_symbol,alignment_and_analysis,D:\mfa_eojeol\logs\lab_build_2021_1bda84ba0ce0_unresolved_symbols.csv,pending,empty_reference_form; unresolved_symbol; no_LAB_generated
2021,1bda84ba0ce02fed685991f1da0dff3b75577fffa07b05b971293f8c189fe0f8,SDRW2100001025.1.1.9,empty_reference_unresolved_symbol,alignment_and_analysis,D:\mfa_eojeol\logs\lab_build_2021_1bda84ba0ce0_unresolved_symbols.csv,pending,empty_reference_form; unresolved_symbol; no_LAB_generated
2021,1bda84ba0ce02fed685991f1da0dff3b75577fffa07b05b971293f8c189fe0f8,SDRW2100001028.1.1.158,empty_reference_unresolved_symbol,alignment_and_analysis,D:\mfa_eojeol\logs\lab_build_2021_1bda84ba0ce0_unresolved_symbols.csv,pending,empty_reference_form; unresolved_symbol; no_LAB_generated
2021,1bda84ba0ce02fed685991f1da0dff3b75577fffa07b05b971293f8c189fe0f8,SDRW2100001044.1.1.5,empty_reference_unresolved_symbol,alignment_and_analysis,D:\mfa_eojeol\logs\lab_build_2021_1bda84ba0ce0_unresolved_symbols.csv,pending,empty_reference_form; unresolved_symbol; no_LAB_generated
2021,1bda84ba0ce02fed685991f1da0dff3b75577fffa07b05b971293f8c189fe0f8,SDRW2100001055.1.1.35,empty_reference_unresolved_symbol,alignment_and_analysis,D:\mfa_eojeol\logs\lab_build_2021_1bda84ba0ce0_unresolved_symbols.csv,pending,empty_reference_form; unresolved_symbol; no_LAB_generated
2021,1bda84ba0ce02fed685991f1da0dff3b75577fffa07b05b971293f8c189fe0f8,SDRW2100001062.1.1.358,empty_reference_unresolved_symbol,alignment_and_analysis,D:\mfa_eojeol\logs\lab_build_2021_1bda84ba0ce0_unresolved_symbols.csv,pending,empty_reference_form; unresolved_symbol; no_LAB_generated
2021,1bda84ba0ce02fed685991f1da0dff3b75577fffa07b05b971293f8c189fe0f8,SDRW2100001062.1.1.359,empty_reference_unresolved_symbol,alignment_and_analysis,D:\mfa_eojeol\logs\lab_build_2021_1bda84ba0ce0_unresolved_symbols.csv,pending,empty_reference_form; unresolved_symbol; no_LAB_generated
2021,1bda84ba0ce02fed685991f1da0dff3b75577fffa07b05b971293f8c189fe0f8,SDRW2100001069.1.1.171,empty_reference_unresolved_symbol,alignment_and_analysis,D:\mfa_eojeol\logs\lab_build_2021_1bda84ba0ce0_unresolved_symbols.csv,pending,empty_reference_form; unresolved_symbol; no_LAB_generated
2021,1bda84ba0ce02fed685991f1da0dff3b75577fffa07b05b971293f8c189fe0f8,SDRW2100001078.1.1.313,empty_reference_unresolved_symbol,alignment_and_analysis,D:\mfa_eojeol\logs\lab_build_2021_1bda84ba0ce0_unresolved_symbols.csv,pending,empty_reference_form; unresolved_symbol; no_LAB_generated
2021,1bda84ba0ce02fed685991f1da0dff3b75577fffa07b05b971293f8c189fe0f8,SDRW2100001079.1.1.133,empty_reference_unresolved_symbol,alignment_and_analysis,D:\mfa_eojeol\logs\lab_build_2021_1bda84ba0ce0_unresolved_symbols.csv,pending,empty_reference_form; unresolved_symbol; no_LAB_generated
2021,1bda84ba0ce02fed685991f1da0dff3b75577fffa07b05b971293f8c189fe0f8,SDRW2100001081.1.1.256,empty_reference_unresolved_symbol,alignment_and_analysis,D:\mfa_eojeol\logs\lab_build_2021_1bda84ba0ce0_unresolved_symbols.csv,pending,empty_reference_form; unresolved_symbol; no_LAB_generated
2021,1bda84ba0ce02fed685991f1da0dff3b75577fffa07b05b971293f8c189fe0f8,SDRW2100001082.1.1.306,empty_reference_unresolved_symbol,alignment_and_analysis,D:\mfa_eojeol\logs\lab_build_2021_1bda84ba0ce0_unresolved_symbols.csv,pending,empty_reference_form; unresolved_symbol; no_LAB_generated
2021,1bda84ba0ce02fed685991f1da0dff3b75577fffa07b05b971293f8c189fe0f8,SDRW2100001082.1.1.433,empty_reference_unresolved_symbol,alignment_and_analysis,D:\mfa_eojeol\logs\lab_build_2021_1bda84ba0ce0_unresolved_symbols.csv,pending,empty_reference_form; unresolved_symbol; no_LAB_generated
2021,1bda84ba0ce02fed685991f1da0dff3b75577fffa07b05b971293f8c189fe0f8,SDRW2100001082.1.1.434,empty_reference_unresolved_symbol,alignment_and_analysis,D:\mfa_eojeol\logs\lab_build_2021_1bda84ba0ce0_unresolved_symbols.csv,pending,empty_reference_form; unresolved_symbol; no_LAB_generated
2021,1bda84ba0ce02fed685991f1da0dff3b75577fffa07b05b971293f8c189fe0f8,SDRW2100001089.1.1.73,empty_reference_unresolved_symbol,alignment_and_analysis,D:\mfa_eojeol\logs\lab_build_2021_1bda84ba0ce0_unresolved_symbols.csv,pending,empty_reference_form; unresolved_symbol; no_LAB_generated
2021,1bda84ba0ce02fed685991f1da0dff3b75577fffa07b05b971293f8c189fe0f8,SDRW2100001098.1.1.105,empty_reference_unresolved_symbol,alignment_and_analysis,D:\mfa_eojeol\logs\lab_build_2021_1bda84ba0ce0_unresolved_symbols.csv,pending,empty_reference_form; unresolved_symbol; no_LAB_generated
2021,1bda84ba0ce02fed685991f1da0dff3b75577fffa07b05b971293f8c189fe0f8,SDRW2100001098.1.1.128,empty_reference_unresolved_symbol,alignment_and_analysis,D:\mfa_eojeol\logs\lab_build_2021_1bda84ba0ce0_unresolved_symbols.csv,pending,empty_reference_form; unresolved_symbol; no_LAB_generated
2021,1bda84ba0ce02fed685991f1da0dff3b75577fffa07b05b971293f8c189fe0f8,SDRW2100001098.1.1.151,empty_reference_unresolved_symbol,alignment_and_analysis,D:\mfa_eojeol\logs\lab_build_2021_1bda84ba0ce0_unresolved_symbols.csv,pending,empty_reference_form; unresolved_symbol; no_LAB_generated
2021,1bda84ba0ce02fed685991f1da0dff3b75577fffa07b05b971293f8c189fe0f8,SDRW2100001100.1.1.408,empty_reference_unresolved_symbol,alignment_and_analysis,D:\mfa_eojeol\logs\lab_build_2021_1bda84ba0ce0_unresolved_symbols.csv,pending,empty_reference_form; unresolved_symbol; no_LAB_generated
2021,1bda84ba0ce02fed685991f1da0dff3b75577fffa07b05b971293f8c189fe0f8,SDRW2100001100.1.1.410,empty_reference_unresolved_symbol,alignment_and_analysis,D:\mfa_eojeol\logs\lab_build_2021_1bda84ba0ce0_unresolved_symbols.csv,pending,empty_reference_form; unresolved_symbol; no_LAB_generated
2021,1bda84ba0ce02fed685991f1da0dff3b75577fffa07b05b971293f8c189fe0f8,SDRW2100001105.1.1.53,empty_reference_unresolved_symbol,alignment_and_analysis,D:\mfa_eojeol\logs\lab_build_2021_1bda84ba0ce0_unresolved_symbols.csv,pending,empty_reference_form; unresolved_symbol; no_LAB_generated
2021,1bda84ba0ce02fed685991f1da0dff3b75577fffa07b05b971293f8c189fe0f8,SDRW2100001105.1.1.54,empty_reference_unresolved_symbol,alignment_and_analysis,D:\mfa_eojeol\logs\lab_build_2021_1bda84ba0ce0_unresolved_symbols.csv,pending,empty_reference_form; unresolved_symbol; no_LAB_generated
2021,1bda84ba0ce02fed685991f1da0dff3b75577fffa07b05b971293f8c189fe0f8,SDRW2100001119.1.1.537,empty_reference_unresolved_symbol,alignment_and_analysis,D:\mfa_eojeol\logs\lab_build_2021_1bda84ba0ce0_unresolved_symbols.csv,pending,empty_reference_form; unresolved_symbol; no_LAB_generated
2021,1bda84ba0ce02fed685991f1da0dff3b75577fffa07b05b971293f8c189fe0f8,SDRW2100001121.1.1.579,empty_reference_unresolved_symbol,alignment_and_analysis,D:\mfa_eojeol\logs\lab_build_2021_1bda84ba0ce0_unresolved_symbols.csv,pending,empty_reference_form; unresolved_symbol; no_LAB_generated
2021,1bda84ba0ce02fed685991f1da0dff3b75577fffa07b05b971293f8c189fe0f8,SDRW2100001123.1.1.236,empty_reference_unresolved_symbol,alignment_and_analysis,D:\mfa_eojeol\logs\lab_build_2021_1bda84ba0ce0_unresolved_symbols.csv,pending,empty_reference_form; unresolved_symbol; no_LAB_generated
2021,1bda84ba0ce02fed685991f1da0dff3b75577fffa07b05b971293f8c189fe0f8,SDRW2100001128.1.1.297,empty_reference_unresolved_symbol,alignment_and_analysis,D:\mfa_eojeol\logs\lab_build_2021_1bda84ba0ce0_unresolved_symbols.csv,pending,empty_reference_form; unresolved_symbol; no_LAB_generated
2021,1bda84ba0ce02fed685991f1da0dff3b75577fffa07b05b971293f8c189fe0f8,SDRW2100001128.1.1.298,empty_reference_unresolved_symbol,alignment_and_analysis,D:\mfa_eojeol\logs\lab_build_2021_1bda84ba0ce0_unresolved_symbols.csv,pending,empty_reference_form; unresolved_symbol; no_LAB_generated
2021,1bda84ba0ce02fed685991f1da0dff3b75577fffa07b05b971293f8c189fe0f8,SDRW2100001128.1.1.456,empty_reference_unresolved_symbol,alignment_and_analysis,D:\mfa_eojeol\logs\lab_build_2021_1bda84ba0ce0_unresolved_symbols.csv,pending,empty_reference_form; unresolved_symbol; no_LAB_generated
2021,1bda84ba0ce02fed685991f1da0dff3b75577fffa07b05b971293f8c189fe0f8,SDRW2100001130.1.1.71,empty_reference_unresolved_symbol,alignment_and_analysis,D:\mfa_eojeol\logs\lab_build_2021_1bda84ba0ce0_unresolved_symbols.csv,pending,empty_reference_form; unresolved_symbol; no_LAB_generated
2021,1bda84ba0ce02fed685991f1da0dff3b75577fffa07b05b971293f8c189fe0f8,SDRW2100001167.1.1.283,empty_reference_unresolved_symbol,alignment_and_analysis,D:\mfa_eojeol\logs\lab_build_2021_1bda84ba0ce0_unresolved_symbols.csv,pending,empty_reference_form; unresolved_symbol; no_LAB_generated
2021,1bda84ba0ce02fed685991f1da0dff3b75577fffa07b05b971293f8c189fe0f8,SDRW2100001167.1.1.330,empty_reference_unresolved_symbol,alignment_and_analysis,D:\mfa_eojeol\logs\lab_build_2021_1bda84ba0ce0_unresolved_symbols.csv,pending,empty_reference_form; unresolved_symbol; no_LAB_generated
2021,1bda84ba0ce02fed685991f1da0dff3b75577fffa07b05b971293f8c189fe0f8,SDRW2100001168.1.1.151,empty_reference_unresolved_symbol,alignment_and_analysis,D:\mfa_eojeol\logs\lab_build_2021_1bda84ba0ce0_unresolved_symbols.csv,pending,empty_reference_form; unresolved_symbol; no_LAB_generated
2021,1bda84ba0ce02fed685991f1da0dff3b75577fffa07b05b971293f8c189fe0f8,SDRW2100001168.1.1.321,empty_reference_unresolved_symbol,alignment_and_analysis,D:\mfa_eojeol\logs\lab_build_2021_1bda84ba0ce0_unresolved_symbols.csv,pending,empty_reference_form; unresolved_symbol; no_LAB_generated
2021,1bda84ba0ce02fed685991f1da0dff3b75577fffa07b05b971293f8c189fe0f8,SDRW2100001169.1.1.189,empty_reference_unresolved_symbol,alignment_and_analysis,D:\mfa_eojeol\logs\lab_build_2021_1bda84ba0ce0_unresolved_symbols.csv,pending,empty_reference_form; unresolved_symbol; no_LAB_generated
2021,1bda84ba0ce02fed685991f1da0dff3b75577fffa07b05b971293f8c189fe0f8,SDRW2100001184.1.1.3,empty_reference_unresolved_symbol,alignment_and_analysis,D:\mfa_eojeol\logs\lab_build_2021_1bda84ba0ce0_unresolved_symbols.csv,pending,empty_reference_form; unresolved_symbol; no_LAB_generated
2021,1bda84ba0ce02fed685991f1da0dff3b75577fffa07b05b971293f8c189fe0f8,SDRW2100001184.1.1.95,empty_reference_unresolved_symbol,alignment_and_analysis,D:\mfa_eojeol\logs\lab_build_2021_1bda84ba0ce0_unresolved_symbols.csv,pending,empty_reference_form; unresolved_symbol; no_LAB_generated
2021,1bda84ba0ce02fed685991f1da0dff3b75577fffa07b05b971293f8c189fe0f8,SDRW2100001211.1.1.276,text_duration_impossible,alignment_and_analysis,,pending,source_segment_text_duration_impossible
2021,1bda84ba0ce02fed685991f1da0dff3b75577fffa07b05b971293f8c189fe0f8,SDRW2100001235.1.1.146,empty_reference_unresolved_symbol,alignment_and_analysis,D:\mfa_eojeol\logs\lab_build_2021_1bda84ba0ce0_unresolved_symbols.csv,pending,empty_reference_form; unresolved_symbol; no_LAB_generated
2021,1bda84ba0ce02fed685991f1da0dff3b75577fffa07b05b971293f8c189fe0f8,SDRW2100001235.1.1.220,empty_reference_unresolved_symbol,alignment_and_analysis,D:\mfa_eojeol\logs\lab_build_2021_1bda84ba0ce0_unresolved_symbols.csv,pending,empty_reference_form; unresolved_symbol; no_LAB_generated
2021,1bda84ba0ce02fed685991f1da0dff3b75577fffa07b05b971293f8c189fe0f8,SDRW2100001256.1.1.96,empty_reference_unresolved_symbol,alignment_and_analysis,D:\mfa_eojeol\logs\lab_build_2021_1bda84ba0ce0_unresolved_symbols.csv,pending,empty_reference_form; unresolved_symbol; no_LAB_generated
2021,1bda84ba0ce02fed685991f1da0dff3b75577fffa07b05b971293f8c189fe0f8,SDRW2100001259.1.1.256,empty_reference_unresolved_symbol,alignment_and_analysis,D:\mfa_eojeol\logs\lab_build_2021_1bda84ba0ce0_unresolved_symbols.csv,pending,empty_reference_form; unresolved_symbol; no_LAB_generated
2021,1bda84ba0ce02fed685991f1da0dff3b75577fffa07b05b971293f8c189fe0f8,SDRW2100001271.1.1.77,empty_reference_unresolved_symbol,alignment_and_analysis,D:\mfa_eojeol\logs\lab_build_2021_1bda84ba0ce0_unresolved_symbols.csv,pending,empty_reference_form; unresolved_symbol; no_LAB_generated
2021,1bda84ba0ce02fed685991f1da0dff3b75577fffa07b05b971293f8c189fe0f8,SDRW2100001275.1.1.86,empty_reference_unresolved_symbol,alignment_and_analysis,D:\mfa_eojeol\logs\lab_build_2021_1bda84ba0ce0_unresolved_symbols.csv,pending,empty_reference_form; unresolved_symbol; no_LAB_generated
2021,1bda84ba0ce02fed685991f1da0dff3b75577fffa07b05b971293f8c189fe0f8,SDRW2100001277.1.1.4,empty_reference_unresolved_symbol,alignment_and_analysis,D:\mfa_eojeol\logs\lab_build_2021_1bda84ba0ce0_unresolved_symbols.csv,pending,empty_reference_form; unresolved_symbol; no_LAB_generated
2021,1bda84ba0ce02fed685991f1da0dff3b75577fffa07b05b971293f8c189fe0f8,SDRW2100001310.1.1.239,empty_reference_unresolved_symbol,alignment_and_analysis,D:\mfa_eojeol\logs\lab_build_2021_1bda84ba0ce0_unresolved_symbols.csv,pending,empty_reference_form; unresolved_symbol; no_LAB_generated
2021,1bda84ba0ce02fed685991f1da0dff3b75577fffa07b05b971293f8c189fe0f8,SDRW2100001321.1.1.9,empty_reference_unresolved_symbol,alignment_and_analysis,D:\mfa_eojeol\logs\lab_build_2021_1bda84ba0ce0_unresolved_symbols.csv,pending,empty_reference_form; unresolved_symbol; no_LAB_generated
2021,1bda84ba0ce02fed685991f1da0dff3b75577fffa07b05b971293f8c189fe0f8,SDRW2100001340.1.1.214,empty_reference_unresolved_symbol,alignment_and_analysis,D:\mfa_eojeol\logs\lab_build_2021_1bda84ba0ce0_unresolved_symbols.csv,pending,empty_reference_form; unresolved_symbol; no_LAB_generated
2021,1bda84ba0ce02fed685991f1da0dff3b75577fffa07b05b971293f8c189fe0f8,SDRW2100001353.1.1.150,empty_reference_unresolved_symbol,alignment_and_analysis,D:\mfa_eojeol\logs\lab_build_2021_1bda84ba0ce0_unresolved_symbols.csv,pending,empty_reference_form; unresolved_symbol; no_LAB_generated
2021,1bda84ba0ce02fed685991f1da0dff3b75577fffa07b05b971293f8c189fe0f8,SDRW2100001365.1.1.302,empty_reference_unresolved_symbol,alignment_and_analysis,D:\mfa_eojeol\logs\lab_build_2021_1bda84ba0ce0_unresolved_symbols.csv,pending,empty_reference_form; unresolved_symbol; no_LAB_generated
2021,1bda84ba0ce02fed685991f1da0dff3b75577fffa07b05b971293f8c189fe0f8,SDRW2100001386.1.1.204,empty_reference_unresolved_symbol,alignment_and_analysis,D:\mfa_eojeol\logs\lab_build_2021_1bda84ba0ce0_unresolved_symbols.csv,pending,empty_reference_form; unresolved_symbol; no_LAB_generated
2021,1bda84ba0ce02fed685991f1da0dff3b75577fffa07b05b971293f8c189fe0f8,SDRW2100001396.1.1.199,audio_pairing_unresolved,alignment_and_analysis,C:\Users\ari30\research\2026_summer_research\outputs\reports\PLAN_2021_wav_duration_recovery_20260803.csv,pending,target_unresolved
2021,1bda84ba0ce02fed685991f1da0dff3b75577fffa07b05b971293f8c189fe0f8,SDRW2100001503.1.1.277,empty_reference_unresolved_symbol,alignment_and_analysis,D:\mfa_eojeol\logs\lab_build_2021_1bda84ba0ce0_unresolved_symbols.csv,pending,empty_reference_form; unresolved_symbol; no_LAB_generated
2021,1bda84ba0ce02fed685991f1da0dff3b75577fffa07b05b971293f8c189fe0f8,SDRW2100001505.1.1.435,text_duration_impossible,alignment_and_analysis,,pending,source_segment_text_duration_impossible
2021,1bda84ba0ce02fed685991f1da0dff3b75577fffa07b05b971293f8c189fe0f8,SDRW2100001509.1.1.272,empty_reference_unresolved_symbol,alignment_and_analysis,D:\mfa_eojeol\logs\lab_build_2021_1bda84ba0ce0_unresolved_symbols.csv,pending,empty_reference_form; unresolved_symbol; no_LAB_generated
2021,1bda84ba0ce02fed685991f1da0dff3b75577fffa07b05b971293f8c189fe0f8,SDRW2100001509.1.1.310,empty_reference_unresolved_symbol,alignment_and_analysis,D:\mfa_eojeol\logs\lab_build_2021_1bda84ba0ce0_unresolved_symbols.csv,pending,empty_reference_form; unresolved_symbol; no_LAB_generated
2021,1bda84ba0ce02fed685991f1da0dff3b75577fffa07b05b971293f8c189fe0f8,SDRW2100001509.1.1.421,empty_reference_unresolved_symbol,alignment_and_analysis,D:\mfa_eojeol\logs\lab_build_2021_1bda84ba0ce0_unresolved_symbols.csv,pending,empty_reference_form; unresolved_symbol; no_LAB_generated
2021,1bda84ba0ce02fed685991f1da0dff3b75577fffa07b05b971293f8c189fe0f8,SDRW2100001509.1.1.451,empty_reference_unresolved_symbol,alignment_and_analysis,D:\mfa_eojeol\logs\lab_build_2021_1bda84ba0ce0_unresolved_symbols.csv,pending,empty_reference_form; unresolved_symbol; no_LAB_generated
2021,1bda84ba0ce02fed685991f1da0dff3b75577fffa07b05b971293f8c189fe0f8,SDRW2100001511.1.1.171,text_duration_impossible,alignment_and_analysis,,pending,source_segment_text_duration_impossible
2021,1bda84ba0ce02fed685991f1da0dff3b75577fffa07b05b971293f8c189fe0f8,SDRW2100001512.1.1.34,text_duration_impossible,alignment_and_analysis,,pending,source_segment_text_duration_impossible
2021,1bda84ba0ce02fed685991f1da0dff3b75577fffa07b05b971293f8c189fe0f8,SDRW2100001512.1.1.425,text_duration_impossible,alignment_and_analysis,,pending,source_segment_text_duration_impossible
2021,1bda84ba0ce02fed685991f1da0dff3b75577fffa07b05b971293f8c189fe0f8,SDRW2100001512.1.1.488,text_duration_impossible,alignment_and_analysis,,pending,source_segment_text_duration_impossible
2021,1bda84ba0ce02fed685991f1da0dff3b75577fffa07b05b971293f8c189fe0f8,SDRW2100001512.1.1.88,text_duration_impossible,alignment_and_analysis,,pending,source_segment_text_duration_impossible
2021,1bda84ba0ce02fed685991f1da0dff3b75577fffa07b05b971293f8c189fe0f8,SDRW2100001513.1.1.375,empty_reference_unresolved_symbol,alignment_and_analysis,D:\mfa_eojeol\logs\lab_build_2021_1bda84ba0ce0_unresolved_symbols.csv,pending,empty_reference_form; unresolved_symbol; no_LAB_generated
2021,1bda84ba0ce02fed685991f1da0dff3b75577fffa07b05b971293f8c189fe0f8,SDRW2100001518.1.1.391,empty_reference_unresolved_symbol,alignment_and_analysis,D:\mfa_eojeol\logs\lab_build_2021_1bda84ba0ce0_unresolved_symbols.csv,pending,empty_reference_form; unresolved_symbol; no_LAB_generated
2021,1bda84ba0ce02fed685991f1da0dff3b75577fffa07b05b971293f8c189fe0f8,SDRW2100001524.1.1.124,empty_reference_unresolved_symbol,alignment_and_analysis,D:\mfa_eojeol\logs\lab_build_2021_1bda84ba0ce0_unresolved_symbols.csv,pending,empty_reference_form; unresolved_symbol; no_LAB_generated
2021,1bda84ba0ce02fed685991f1da0dff3b75577fffa07b05b971293f8c189fe0f8,SDRW2100001524.1.1.303,empty_reference_unresolved_symbol,alignment_and_analysis,D:\mfa_eojeol\logs\lab_build_2021_1bda84ba0ce0_unresolved_symbols.csv,pending,empty_reference_form; unresolved_symbol; no_LAB_generated
2021,1bda84ba0ce02fed685991f1da0dff3b75577fffa07b05b971293f8c189fe0f8,SDRW2100001524.1.1.50,empty_reference_unresolved_symbol,alignment_and_analysis,D:\mfa_eojeol\logs\lab_build_2021_1bda84ba0ce0_unresolved_symbols.csv,pending,empty_reference_form; unresolved_symbol; no_LAB_generated
2021,1bda84ba0ce02fed685991f1da0dff3b75577fffa07b05b971293f8c189fe0f8,SDRW2100001526.1.1.153,empty_reference_unresolved_symbol,alignment_and_analysis,D:\mfa_eojeol\logs\lab_build_2021_1bda84ba0ce0_unresolved_symbols.csv,pending,empty_reference_form; unresolved_symbol; no_LAB_generated
2021,1bda84ba0ce02fed685991f1da0dff3b75577fffa07b05b971293f8c189fe0f8,SDRW2100001546.1.1.385,empty_reference_unresolved_symbol,alignment_and_analysis,D:\mfa_eojeol\logs\lab_build_2021_1bda84ba0ce0_unresolved_symbols.csv,pending,empty_reference_form; unresolved_symbol; no_LAB_generated
2021,1bda84ba0ce02fed685991f1da0dff3b75577fffa07b05b971293f8c189fe0f8,SDRW2100001546.1.1.388,empty_reference_unresolved_symbol,alignment_and_analysis,D:\mfa_eojeol\logs\lab_build_2021_1bda84ba0ce0_unresolved_symbols.csv,pending,empty_reference_form; unresolved_symbol; no_LAB_generated
2021,1bda84ba0ce02fed685991f1da0dff3b75577fffa07b05b971293f8c189fe0f8,SDRW2100001548.1.1.424,empty_reference_unresolved_symbol,alignment_and_analysis,D:\mfa_eojeol\logs\lab_build_2021_1bda84ba0ce0_unresolved_symbols.csv,pending,empty_reference_form; unresolved_symbol; no_LAB_generated
2021,1bda84ba0ce02fed685991f1da0dff3b75577fffa07b05b971293f8c189fe0f8,SDRW2100001549.1.1.240,empty_reference_unresolved_symbol,alignment_and_analysis,D:\mfa_eojeol\logs\lab_build_2021_1bda84ba0ce0_unresolved_symbols.csv,pending,empty_reference_form; unresolved_symbol; no_LAB_generated
2021,1bda84ba0ce02fed685991f1da0dff3b75577fffa07b05b971293f8c189fe0f8,SDRW2100001549.1.1.252,empty_reference_unresolved_symbol,alignment_and_analysis,D:\mfa_eojeol\logs\lab_build_2021_1bda84ba0ce0_unresolved_symbols.csv,pending,empty_reference_form; unresolved_symbol; no_LAB_generated
2021,1bda84ba0ce02fed685991f1da0dff3b75577fffa07b05b971293f8c189fe0f8,SDRW2100001551.1.1.97,empty_reference_unresolved_symbol,alignment_and_analysis,D:\mfa_eojeol\logs\lab_build_2021_1bda84ba0ce0_unresolved_symbols.csv,pending,empty_reference_form; unresolved_symbol; no_LAB_generated
2021,1bda84ba0ce02fed685991f1da0dff3b75577fffa07b05b971293f8c189fe0f8,SDRW2100001560.1.1.97,empty_reference_unresolved_symbol,alignment_and_analysis,D:\mfa_eojeol\logs\lab_build_2021_1bda84ba0ce0_unresolved_symbols.csv,pending,empty_reference_form; unresolved_symbol; no_LAB_generated
2021,1bda84ba0ce02fed685991f1da0dff3b75577fffa07b05b971293f8c189fe0f8,SDRW2100001563.1.1.420,empty_reference_unresolved_symbol,alignment_and_analysis,D:\mfa_eojeol\logs\lab_build_2021_1bda84ba0ce0_unresolved_symbols.csv,pending,empty_reference_form; unresolved_symbol; no_LAB_generated
2021,1bda84ba0ce02fed685991f1da0dff3b75577fffa07b05b971293f8c189fe0f8,SDRW2100001563.1.1.421,empty_reference_unresolved_symbol,alignment_and_analysis,D:\mfa_eojeol\logs\lab_build_2021_1bda84ba0ce0_unresolved_symbols.csv,pending,empty_reference_form; unresolved_symbol; no_LAB_generated
2021,1bda84ba0ce02fed685991f1da0dff3b75577fffa07b05b971293f8c189fe0f8,SDRW2100001568.1.1.19,empty_reference_unresolved_symbol,alignment_and_analysis,D:\mfa_eojeol\logs\lab_build_2021_1bda84ba0ce0_unresolved_symbols.csv,pending,empty_reference_form; unresolved_symbol; no_LAB_generated
2021,1bda84ba0ce02fed685991f1da0dff3b75577fffa07b05b971293f8c189fe0f8,SDRW2100001575.1.1.106,empty_reference_unresolved_symbol,alignment_and_analysis,D:\mfa_eojeol\logs\lab_build_2021_1bda84ba0ce0_unresolved_symbols.csv,pending,empty_reference_form; unresolved_symbol; no_LAB_generated
2021,1bda84ba0ce02fed685991f1da0dff3b75577fffa07b05b971293f8c189fe0f8,SDRW2100001575.1.1.375,empty_reference_unresolved_symbol,alignment_and_analysis,D:\mfa_eojeol\logs\lab_build_2021_1bda84ba0ce0_unresolved_symbols.csv,pending,empty_reference_form; unresolved_symbol; no_LAB_generated
2021,1bda84ba0ce02fed685991f1da0dff3b75577fffa07b05b971293f8c189fe0f8,SDRW2100001575.1.1.389,empty_reference_unresolved_symbol,alignment_and_analysis,D:\mfa_eojeol\logs\lab_build_2021_1bda84ba0ce0_unresolved_symbols.csv,pending,empty_reference_form; unresolved_symbol; no_LAB_generated
2021,1bda84ba0ce02fed685991f1da0dff3b75577fffa07b05b971293f8c189fe0f8,SDRW2100001575.1.1.392,empty_reference_unresolved_symbol,alignment_and_analysis,D:\mfa_eojeol\logs\lab_build_2021_1bda84ba0ce0_unresolved_symbols.csv,pending,empty_reference_form; unresolved_symbol; no_LAB_generated
2021,1bda84ba0ce02fed685991f1da0dff3b75577fffa07b05b971293f8c189fe0f8,SDRW2100001576.1.1.377,empty_reference_unresolved_symbol,alignment_and_analysis,D:\mfa_eojeol\logs\lab_build_2021_1bda84ba0ce0_unresolved_symbols.csv,pending,empty_reference_form; unresolved_symbol; no_LAB_generated
2021,1bda84ba0ce02fed685991f1da0dff3b75577fffa07b05b971293f8c189fe0f8,SDRW2100001577.1.1.482,empty_reference_unresolved_symbol,alignment_and_analysis,D:\mfa_eojeol\logs\lab_build_2021_1bda84ba0ce0_unresolved_symbols.csv,pending,empty_reference_form; unresolved_symbol; no_LAB_generated
2021,1bda84ba0ce02fed685991f1da0dff3b75577fffa07b05b971293f8c189fe0f8,SDRW2100001580.1.1.250,text_duration_impossible,alignment_and_analysis,,pending,source_segment_text_duration_impossible
2021,1bda84ba0ce02fed685991f1da0dff3b75577fffa07b05b971293f8c189fe0f8,SDRW2100001588.1.1.197,empty_reference_unresolved_symbol,alignment_and_analysis,D:\mfa_eojeol\logs\lab_build_2021_1bda84ba0ce0_unresolved_symbols.csv,pending,empty_reference_form; unresolved_symbol; no_LAB_generated
2021,1bda84ba0ce02fed685991f1da0dff3b75577fffa07b05b971293f8c189fe0f8,SDRW2100001591.1.1.235,text_duration_impossible,alignment_and_analysis,,pending,source_segment_text_duration_impossible
2021,1bda84ba0ce02fed685991f1da0dff3b75577fffa07b05b971293f8c189fe0f8,SDRW2100001591.1.1.386,empty_reference_unresolved_symbol,alignment_and_analysis,D:\mfa_eojeol\logs\lab_build_2021_1bda84ba0ce0_unresolved_symbols.csv,pending,empty_reference_form; unresolved_symbol; no_LAB_generated
2021,1bda84ba0ce02fed685991f1da0dff3b75577fffa07b05b971293f8c189fe0f8,SDRW2100001592.1.1.338,text_duration_impossible,alignment_and_analysis,,pending,source_segment_text_duration_impossible
2021,1bda84ba0ce02fed685991f1da0dff3b75577fffa07b05b971293f8c189fe0f8,SDRW2100001592.1.1.373,audio_pairing_unresolved,alignment_and_analysis,C:\Users\ari30\research\2026_summer_research\outputs\reports\PLAN_2021_wav_duration_recovery_20260803.csv,pending,target_unresolved
2021,1bda84ba0ce02fed685991f1da0dff3b75577fffa07b05b971293f8c189fe0f8,SDRW2100001595.1.1.47,empty_reference_unresolved_symbol,alignment_and_analysis,D:\mfa_eojeol\logs\lab_build_2021_1bda84ba0ce0_unresolved_symbols.csv,pending,empty_reference_form; unresolved_symbol; no_LAB_generated
2021,1bda84ba0ce02fed685991f1da0dff3b75577fffa07b05b971293f8c189fe0f8,SDRW2100001607.1.1.329,empty_reference_unresolved_symbol,alignment_and_analysis,D:\mfa_eojeol\logs\lab_build_2021_1bda84ba0ce0_unresolved_symbols.csv,pending,empty_reference_form; unresolved_symbol; no_LAB_generated
2021,1bda84ba0ce02fed685991f1da0dff3b75577fffa07b05b971293f8c189fe0f8,SDRW2100001607.1.1.489,empty_reference_unresolved_symbol,alignment_and_analysis,D:\mfa_eojeol\logs\lab_build_2021_1bda84ba0ce0_unresolved_symbols.csv,pending,empty_reference_form; unresolved_symbol; no_LAB_generated
2021,1bda84ba0ce02fed685991f1da0dff3b75577fffa07b05b971293f8c189fe0f8,SDRW2100001608.1.1.448,empty_reference_unresolved_symbol,alignment_and_analysis,D:\mfa_eojeol\logs\lab_build_2021_1bda84ba0ce0_unresolved_symbols.csv,pending,empty_reference_form; unresolved_symbol; no_LAB_generated
2021,1bda84ba0ce02fed685991f1da0dff3b75577fffa07b05b971293f8c189fe0f8,SDRW2100001608.1.1.452,empty_reference_unresolved_symbol,alignment_and_analysis,D:\mfa_eojeol\logs\lab_build_2021_1bda84ba0ce0_unresolved_symbols.csv,pending,empty_reference_form; unresolved_symbol; no_LAB_generated
2021,1bda84ba0ce02fed685991f1da0dff3b75577fffa07b05b971293f8c189fe0f8,SDRW2100001614.1.1.139,empty_reference_unresolved_symbol,alignment_and_analysis,D:\mfa_eojeol\logs\lab_build_2021_1bda84ba0ce0_unresolved_symbols.csv,pending,empty_reference_form; unresolved_symbol; no_LAB_generated
2021,1bda84ba0ce02fed685991f1da0dff3b75577fffa07b05b971293f8c189fe0f8,SDRW2100001614.1.1.142,empty_reference_unresolved_symbol,alignment_and_analysis,D:\mfa_eojeol\logs\lab_build_2021_1bda84ba0ce0_unresolved_symbols.csv,pending,empty_reference_form; unresolved_symbol; no_LAB_generated
2021,1bda84ba0ce02fed685991f1da0dff3b75577fffa07b05b971293f8c189fe0f8,SDRW2100001614.1.1.432,empty_reference_unresolved_symbol,alignment_and_analysis,D:\mfa_eojeol\logs\lab_build_2021_1bda84ba0ce0_unresolved_symbols.csv,pending,empty_reference_form; unresolved_symbol; no_LAB_generated
2021,1bda84ba0ce02fed685991f1da0dff3b75577fffa07b05b971293f8c189fe0f8,SDRW2100001614.1.1.80,empty_reference_unresolved_symbol,alignment_and_analysis,D:\mfa_eojeol\logs\lab_build_2021_1bda84ba0ce0_unresolved_symbols.csv,pending,empty_reference_form; unresolved_symbol; no_LAB_generated
2021,1bda84ba0ce02fed685991f1da0dff3b75577fffa07b05b971293f8c189fe0f8,SDRW2100001614.1.1.81,empty_reference_unresolved_symbol,alignment_and_analysis,D:\mfa_eojeol\logs\lab_build_2021_1bda84ba0ce0_unresolved_symbols.csv,pending,empty_reference_form; unresolved_symbol; no_LAB_generated
2021,1bda84ba0ce02fed685991f1da0dff3b75577fffa07b05b971293f8c189fe0f8,SDRW2100001622.1.1.314,empty_reference_unresolved_symbol,alignment_and_analysis,D:\mfa_eojeol\logs\lab_build_2021_1bda84ba0ce0_unresolved_symbols.csv,pending,empty_reference_form; unresolved_symbol; no_LAB_generated
2021,1bda84ba0ce02fed685991f1da0dff3b75577fffa07b05b971293f8c189fe0f8,SDRW2100001622.1.1.5,empty_reference_unresolved_symbol,alignment_and_analysis,D:\mfa_eojeol\logs\lab_build_2021_1bda84ba0ce0_unresolved_symbols.csv,pending,empty_reference_form; unresolved_symbol; no_LAB_generated
2021,1bda84ba0ce02fed685991f1da0dff3b75577fffa07b05b971293f8c189fe0f8,SDRW2100001622.1.1.6,empty_reference_unresolved_symbol,alignment_and_analysis,D:\mfa_eojeol\logs\lab_build_2021_1bda84ba0ce0_unresolved_symbols.csv,pending,empty_reference_form; unresolved_symbol; no_LAB_generated
2021,1bda84ba0ce02fed685991f1da0dff3b75577fffa07b05b971293f8c189fe0f8,SDRW2100001643.1.1.502,audio_pairing_unresolved,alignment_and_analysis,C:\Users\ari30\research\2026_summer_research\outputs\reports\PLAN_2021_wav_duration_recovery_20260803.csv,pending,target_unresolved
2021,1bda84ba0ce02fed685991f1da0dff3b75577fffa07b05b971293f8c189fe0f8,SDRW2100001652.1.1.374,text_duration_impossible,alignment_and_analysis,,pending,source_segment_text_duration_impossible
2021,1bda84ba0ce02fed685991f1da0dff3b75577fffa07b05b971293f8c189fe0f8,SDRW2100001653.1.1.124,empty_reference_unresolved_symbol,alignment_and_analysis,D:\mfa_eojeol\logs\lab_build_2021_1bda84ba0ce0_unresolved_symbols.csv,pending,empty_reference_form; unresolved_symbol; no_LAB_generated
2021,1bda84ba0ce02fed685991f1da0dff3b75577fffa07b05b971293f8c189fe0f8,SDRW2100001664.1.1.343,empty_reference_unresolved_symbol,alignment_and_analysis,D:\mfa_eojeol\logs\lab_build_2021_1bda84ba0ce0_unresolved_symbols.csv,pending,empty_reference_form; unresolved_symbol; no_LAB_generated
2021,1bda84ba0ce02fed685991f1da0dff3b75577fffa07b05b971293f8c189fe0f8,SDRW2100001672.1.1.390,empty_reference_unresolved_symbol,alignment_and_analysis,D:\mfa_eojeol\logs\lab_build_2021_1bda84ba0ce0_unresolved_symbols.csv,pending,empty_reference_form; unresolved_symbol; no_LAB_generated
2021,1bda84ba0ce02fed685991f1da0dff3b75577fffa07b05b971293f8c189fe0f8,SDRW2100001672.1.1.506,empty_reference_unresolved_symbol,alignment_and_analysis,D:\mfa_eojeol\logs\lab_build_2021_1bda84ba0ce0_unresolved_symbols.csv,pending,empty_reference_form; unresolved_symbol; no_LAB_generated
2021,1bda84ba0ce02fed685991f1da0dff3b75577fffa07b05b971293f8c189fe0f8,SDRW2100001673.1.1.551,empty_reference_unresolved_symbol,alignment_and_analysis,D:\mfa_eojeol\logs\lab_build_2021_1bda84ba0ce0_unresolved_symbols.csv,pending,empty_reference_form; unresolved_symbol; no_LAB_generated
2021,1bda84ba0ce02fed685991f1da0dff3b75577fffa07b05b971293f8c189fe0f8,SDRW2100001679.1.1.149,empty_reference_unresolved_symbol,alignment_and_analysis,D:\mfa_eojeol\logs\lab_build_2021_1bda84ba0ce0_unresolved_symbols.csv,pending,empty_reference_form; unresolved_symbol; no_LAB_generated
2021,1bda84ba0ce02fed685991f1da0dff3b75577fffa07b05b971293f8c189fe0f8,SDRW2100001692.1.1.13,empty_reference_unresolved_symbol,alignment_and_analysis,D:\mfa_eojeol\logs\lab_build_2021_1bda84ba0ce0_unresolved_symbols.csv,pending,empty_reference_form; unresolved_symbol; no_LAB_generated
2021,1bda84ba0ce02fed685991f1da0dff3b75577fffa07b05b971293f8c189fe0f8,SDRW2100001700.1.1.313,empty_reference_unresolved_symbol,alignment_and_analysis,D:\mfa_eojeol\logs\lab_build_2021_1bda84ba0ce0_unresolved_symbols.csv,pending,empty_reference_form; unresolved_symbol; no_LAB_generated
2021,1bda84ba0ce02fed685991f1da0dff3b75577fffa07b05b971293f8c189fe0f8,SDRW2100001706.1.1.161,empty_reference_unresolved_symbol,alignment_and_analysis,D:\mfa_eojeol\logs\lab_build_2021_1bda84ba0ce0_unresolved_symbols.csv,pending,empty_reference_form; unresolved_symbol; no_LAB_generated
2021,1bda84ba0ce02fed685991f1da0dff3b75577fffa07b05b971293f8c189fe0f8,SDRW2100001710.1.1.328,empty_reference_unresolved_symbol,alignment_and_analysis,D:\mfa_eojeol\logs\lab_build_2021_1bda84ba0ce0_unresolved_symbols.csv,pending,empty_reference_form; unresolved_symbol; no_LAB_generated
2021,1bda84ba0ce02fed685991f1da0dff3b75577fffa07b05b971293f8c189fe0f8,SDRW2100001711.1.1.451,empty_reference_unresolved_symbol,alignment_and_analysis,D:\mfa_eojeol\logs\lab_build_2021_1bda84ba0ce0_unresolved_symbols.csv,pending,empty_reference_form; unresolved_symbol; no_LAB_generated
2021,1bda84ba0ce02fed685991f1da0dff3b75577fffa07b05b971293f8c189fe0f8,SDRW2100001713.1.1.135,empty_reference_unresolved_symbol,alignment_and_analysis,D:\mfa_eojeol\logs\lab_build_2021_1bda84ba0ce0_unresolved_symbols.csv,pending,empty_reference_form; unresolved_symbol; no_LAB_generated
2021,1bda84ba0ce02fed685991f1da0dff3b75577fffa07b05b971293f8c189fe0f8,SDRW2100001716.1.1.268,empty_reference_unresolved_symbol,alignment_and_analysis,D:\mfa_eojeol\logs\lab_build_2021_1bda84ba0ce0_unresolved_symbols.csv,pending,empty_reference_form; unresolved_symbol; no_LAB_generated
2021,1bda84ba0ce02fed685991f1da0dff3b75577fffa07b05b971293f8c189fe0f8,SDRW2100001733.1.1.170,empty_reference_unresolved_symbol,alignment_and_analysis,D:\mfa_eojeol\logs\lab_build_2021_1bda84ba0ce0_unresolved_symbols.csv,pending,empty_reference_form; unresolved_symbol; no_LAB_generated
2021,1bda84ba0ce02fed685991f1da0dff3b75577fffa07b05b971293f8c189fe0f8,SDRW2100001734.1.1.584,empty_reference_unresolved_symbol,alignment_and_analysis,D:\mfa_eojeol\logs\lab_build_2021_1bda84ba0ce0_unresolved_symbols.csv,pending,empty_reference_form; unresolved_symbol; no_LAB_generated
2021,1bda84ba0ce02fed685991f1da0dff3b75577fffa07b05b971293f8c189fe0f8,SDRW2100001743.1.1.25,empty_reference_unresolved_symbol,alignment_and_analysis,D:\mfa_eojeol\logs\lab_build_2021_1bda84ba0ce0_unresolved_symbols.csv,pending,empty_reference_form; unresolved_symbol; no_LAB_generated
2021,1bda84ba0ce02fed685991f1da0dff3b75577fffa07b05b971293f8c189fe0f8,SDRW2100001747.1.1.1,audio_pairing_unresolved,alignment_and_analysis,C:\Users\ari30\research\2026_summer_research\outputs\reports\PLAN_2021_wav_duration_recovery_20260803.csv,pending,target_unresolved
2021,1bda84ba0ce02fed685991f1da0dff3b75577fffa07b05b971293f8c189fe0f8,SDRW2100001747.1.1.10,audio_pairing_unresolved,alignment_and_analysis,C:\Users\ari30\research\2026_summer_research\outputs\reports\PLAN_2021_wav_duration_recovery_20260803.csv,pending,target_unresolved
2021,1bda84ba0ce02fed685991f1da0dff3b75577fffa07b05b971293f8c189fe0f8,SDRW2100001747.1.1.100,audio_pairing_unresolved,alignment_and_analysis,C:\Users\ari30\research\2026_summer_research\outputs\reports\PLAN_2021_wav_duration_recovery_20260803.csv,pending,target_unresolved
2021,1bda84ba0ce02fed685991f1da0dff3b75577fffa07b05b971293f8c189fe0f8,SDRW2100001747.1.1.101,audio_pairing_unresolved,alignment_and_analysis,C:\Users\ari30\research\2026_summer_research\outputs\reports\PLAN_2021_wav_duration_recovery_20260803.csv,pending,target_unresolved
2021,1bda84ba0ce02fed685991f1da0dff3b75577fffa07b05b971293f8c189fe0f8,SDRW2100001747.1.1.102,audio_pairing_unresolved,alignment_and_analysis,C:\Users\ari30\research\2026_summer_research\outputs\reports\PLAN_2021_wav_duration_recovery_20260803.csv,pending,target_unresolved
2021,1bda84ba0ce02fed685991f1da0dff3b75577fffa07b05b971293f8c189fe0f8,SDRW2100001747.1.1.103,audio_pairing_unresolved,alignment_and_analysis,C:\Users\ari30\research\2026_summer_research\outputs\reports\PLAN_2021_wav_duration_recovery_20260803.csv,pending,target_unresolved
2021,1bda84ba0ce02fed685991f1da0dff3b75577fffa07b05b971293f8c189fe0f8,SDRW2100001747.1.1.104,audio_pairing_unresolved,alignment_and_analysis,C:\Users\ari30\research\2026_summer_research\outputs\reports\PLAN_2021_wav_duration_recovery_20260803.csv,pending,target_unresolved
2021,1bda84ba0ce02fed685991f1da0dff3b75577fffa07b05b971293f8c189fe0f8,SDRW2100001747.1.1.105,audio_pairing_unresolved,alignment_and_analysis,C:\Users\ari30\research\2026_summer_research\outputs\reports\PLAN_2021_wav_duration_recovery_20260803.csv,pending,target_unresolved
2021,1bda84ba0ce02fed685991f1da0dff3b75577fffa07b05b971293f8c189fe0f8,SDRW2100001747.1.1.106,audio_pairing_unresolved,alignment_and_analysis,C:\Users\ari30\research\2026_summer_research\outputs\reports\PLAN_2021_wav_duration_recovery_20260803.csv,pending,target_unresolved
2021,1bda84ba0ce02fed685991f1da0dff3b75577fffa07b05b971293f8c189fe0f8,SDRW2100001747.1.1.107,audio_pairing_unresolved,alignment_and_analysis,C:\Users\ari30\research\2026_summer_research\outputs\reports\PLAN_2021_wav_duration_recovery_20260803.csv,pending,target_unresolved
2021,1bda84ba0ce02fed685991f1da0dff3b75577fffa07b05b971293f8c189fe0f8,SDRW2100001747.1.1.108,audio_pairing_unresolved,alignment_and_analysis,C:\Users\ari30\research\2026_summer_research\outputs\reports\PLAN_2021_wav_duration_recovery_20260803.csv,pending,target_unresolved
2021,1bda84ba0ce02fed685991f1da0dff3b75577fffa07b05b971293f8c189fe0f8,SDRW2100001747.1.1.109,audio_pairing_unresolved,alignment_and_analysis,C:\Users\ari30\research\2026_summer_research\outputs\reports\PLAN_2021_wav_duration_recovery_20260803.csv,pending,target_unresolved
2021,1bda84ba0ce02fed685991f1da0dff3b75577fffa07b05b971293f8c189fe0f8,SDRW2100001747.1.1.11,audio_pairing_unresolved,alignment_and_analysis,C:\Users\ari30\research\2026_summer_research\outputs\reports\PLAN_2021_wav_duration_recovery_20260803.csv,pending,target_unresolved
2021,1bda84ba0ce02fed685991f1da0dff3b75577fffa07b05b971293f8c189fe0f8,SDRW2100001747.1.1.110,audio_pairing_unresolved,alignment_and_analysis,C:\Users\ari30\research\2026_summer_research\outputs\reports\PLAN_2021_wav_duration_recovery_20260803.csv,pending,target_unresolved
2021,1bda84ba0ce02fed685991f1da0dff3b75577fffa07b05b971293f8c189fe0f8,SDRW2100001747.1.1.111,audio_pairing_unresolved,alignment_and_analysis,C:\Users\ari30\research\2026_summer_research\outputs\reports\PLAN_2021_wav_duration_recovery_20260803.csv,pending,target_unresolved
2021,1bda84ba0ce02fed685991f1da0dff3b75577fffa07b05b971293f8c189fe0f8,SDRW2100001747.1.1.112,audio_pairing_unresolved,alignment_and_analysis,C:\Users\ari30\research\2026_summer_research\outputs\reports\PLAN_2021_wav_duration_recovery_20260803.csv,pending,target_unresolved
2021,1bda84ba0ce02fed685991f1da0dff3b75577fffa07b05b971293f8c189fe0f8,SDRW2100001747.1.1.113,audio_pairing_unresolved,alignment_and_analysis,C:\Users\ari30\research\2026_summer_research\outputs\reports\PLAN_2021_wav_duration_recovery_20260803.csv,pending,target_unresolved
2021,1bda84ba0ce02fed685991f1da0dff3b75577fffa07b05b971293f8c189fe0f8,SDRW2100001747.1.1.114,audio_pairing_unresolved,alignment_and_analysis,C:\Users\ari30\research\2026_summer_research\outputs\reports\PLAN_2021_wav_duration_recovery_20260803.csv,pending,target_unresolved
2021,1bda84ba0ce02fed685991f1da0dff3b75577fffa07b05b971293f8c189fe0f8,SDRW2100001747.1.1.115,audio_pairing_unresolved,alignment_and_analysis,C:\Users\ari30\research\2026_summer_research\outputs\reports\PLAN_2021_wav_duration_recovery_20260803.csv,pending,target_unresolved
2021,1bda84ba0ce02fed685991f1da0dff3b75577fffa07b05b971293f8c189fe0f8,SDRW2100001747.1.1.116,audio_pairing_unresolved,alignment_and_analysis,C:\Users\ari30\research\2026_summer_research\outputs\reports\PLAN_2021_wav_duration_recovery_20260803.csv,pending,target_unresolved
2021,1bda84ba0ce02fed685991f1da0dff3b75577fffa07b05b971293f8c189fe0f8,SDRW2100001747.1.1.117,audio_pairing_unresolved,alignment_and_analysis,C:\Users\ari30\research\2026_summer_research\outputs\reports\PLAN_2021_wav_duration_recovery_20260803.csv,pending,target_unresolved
2021,1bda84ba0ce02fed685991f1da0dff3b75577fffa07b05b971293f8c189fe0f8,SDRW2100001747.1.1.118,audio_pairing_unresolved,alignment_and_analysis,C:\Users\ari30\research\2026_summer_research\outputs\reports\PLAN_2021_wav_duration_recovery_20260803.csv,pending,target_unresolved
2021,1bda84ba0ce02fed685991f1da0dff3b75577fffa07b05b971293f8c189fe0f8,SDRW2100001747.1.1.119,audio_pairing_unresolved,alignment_and_analysis,C:\Users\ari30\research\2026_summer_research\outputs\reports\PLAN_2021_wav_duration_recovery_20260803.csv,pending,target_unresolved
2021,1bda84ba0ce02fed685991f1da0dff3b75577fffa07b05b971293f8c189fe0f8,SDRW2100001747.1.1.12,audio_pairing_unresolved,alignment_and_analysis,C:\Users\ari30\research\2026_summer_research\outputs\reports\PLAN_2021_wav_duration_recovery_20260803.csv,pending,target_unresolved
2021,1bda84ba0ce02fed685991f1da0dff3b75577fffa07b05b971293f8c189fe0f8,SDRW2100001747.1.1.120,audio_pairing_unresolved,alignment_and_analysis,C:\Users\ari30\research\2026_summer_research\outputs\reports\PLAN_2021_wav_duration_recovery_20260803.csv,pending,target_unresolved
2021,1bda84ba0ce02fed685991f1da0dff3b75577fffa07b05b971293f8c189fe0f8,SDRW2100001747.1.1.121,audio_pairing_unresolved,alignment_and_analysis,C:\Users\ari30\research\2026_summer_research\outputs\reports\PLAN_2021_wav_duration_recovery_20260803.csv,pending,target_unresolved
2021,1bda84ba0ce02fed685991f1da0dff3b75577fffa07b05b971293f8c189fe0f8,SDRW2100001747.1.1.122,audio_pairing_unresolved,alignment_and_analysis,C:\Users\ari30\research\2026_summer_research\outputs\reports\PLAN_2021_wav_duration_recovery_20260803.csv,pending,target_unresolved
2021,1bda84ba0ce02fed685991f1da0dff3b75577fffa07b05b971293f8c189fe0f8,SDRW2100001747.1.1.123,audio_pairing_unresolved,alignment_and_analysis,C:\Users\ari30\research\2026_summer_research\outputs\reports\PLAN_2021_wav_duration_recovery_20260803.csv,pending,target_unresolved
2021,1bda84ba0ce02fed685991f1da0dff3b75577fffa07b05b971293f8c189fe0f8,SDRW2100001747.1.1.124,audio_pairing_unresolved,alignment_and_analysis,C:\Users\ari30\research\2026_summer_research\outputs\reports\PLAN_2021_wav_duration_recovery_20260803.csv,pending,target_unresolved
2021,1bda84ba0ce02fed685991f1da0dff3b75577fffa07b05b971293f8c189fe0f8,SDRW2100001747.1.1.125,audio_pairing_unresolved,alignment_and_analysis,C:\Users\ari30\research\2026_summer_research\outputs\reports\PLAN_2021_wav_duration_recovery_20260803.csv,pending,target_unresolved
2021,1bda84ba0ce02fed685991f1da0dff3b75577fffa07b05b971293f8c189fe0f8,SDRW2100001747.1.1.126,audio_pairing_unresolved,alignment_and_analysis,C:\Users\ari30\research\2026_summer_research\outputs\reports\PLAN_2021_wav_duration_recovery_20260803.csv,pending,target_unresolved
2021,1bda84ba0ce02fed685991f1da0dff3b75577fffa07b05b971293f8c189fe0f8,SDRW2100001747.1.1.127,audio_pairing_unresolved,alignment_and_analysis,C:\Users\ari30\research\2026_summer_research\outputs\reports\PLAN_2021_wav_duration_recovery_20260803.csv,pending,target_unresolved
2021,1bda84ba0ce02fed685991f1da0dff3b75577fffa07b05b971293f8c189fe0f8,SDRW2100001747.1.1.128,audio_pairing_unresolved,alignment_and_analysis,C:\Users\ari30\research\2026_summer_research\outputs\reports\PLAN_2021_wav_duration_recovery_20260803.csv,pending,target_unresolved
2021,1bda84ba0ce02fed685991f1da0dff3b75577fffa07b05b971293f8c189fe0f8,SDRW2100001747.1.1.129,audio_pairing_unresolved,alignment_and_analysis,C:\Users\ari30\research\2026_summer_research\outputs\reports\PLAN_2021_wav_duration_recovery_20260803.csv,pending,target_unresolved
2021,1bda84ba0ce02fed685991f1da0dff3b75577fffa07b05b971293f8c189fe0f8,SDRW2100001747.1.1.130,audio_pairing_unresolved,alignment_and_analysis,C:\Users\ari30\research\2026_summer_research\outputs\reports\PLAN_2021_wav_duration_recovery_20260803.csv,pending,target_unresolved
2021,1bda84ba0ce02fed685991f1da0dff3b75577fffa07b05b971293f8c189fe0f8,SDRW2100001747.1.1.131,audio_pairing_unresolved,alignment_and_analysis,C:\Users\ari30\research\2026_summer_research\outputs\reports\PLAN_2021_wav_duration_recovery_20260803.csv,pending,target_unresolved
2021,1bda84ba0ce02fed685991f1da0dff3b75577fffa07b05b971293f8c189fe0f8,SDRW2100001747.1.1.132,audio_pairing_unresolved,alignment_and_analysis,C:\Users\ari30\research\2026_summer_research\outputs\reports\PLAN_2021_wav_duration_recovery_20260803.csv,pending,target_unresolved
2021,1bda84ba0ce02fed685991f1da0dff3b75577fffa07b05b971293f8c189fe0f8,SDRW2100001747.1.1.133,audio_pairing_unresolved,alignment_and_analysis,C:\Users\ari30\research\2026_summer_research\outputs\reports\PLAN_2021_wav_duration_recovery_20260803.csv,pending,target_unresolved
2021,1bda84ba0ce02fed685991f1da0dff3b75577fffa07b05b971293f8c189fe0f8,SDRW2100001747.1.1.134,audio_pairing_unresolved,alignment_and_analysis,C:\Users\ari30\research\2026_summer_research\outputs\reports\PLAN_2021_wav_duration_recovery_20260803.csv,pending,target_unresolved
2021,1bda84ba0ce02fed685991f1da0dff3b75577fffa07b05b971293f8c189fe0f8,SDRW2100001747.1.1.135,audio_pairing_unresolved,alignment_and_analysis,C:\Users\ari30\research\2026_summer_research\outputs\reports\PLAN_2021_wav_duration_recovery_20260803.csv,pending,target_unresolved
2021,1bda84ba0ce02fed685991f1da0dff3b75577fffa07b05b971293f8c189fe0f8,SDRW2100001747.1.1.136,audio_pairing_unresolved,alignment_and_analysis,C:\Users\ari30\research\2026_summer_research\outputs\reports\PLAN_2021_wav_duration_recovery_20260803.csv,pending,target_unresolved
2021,1bda84ba0ce02fed685991f1da0dff3b75577fffa07b05b971293f8c189fe0f8,SDRW2100001747.1.1.137,audio_pairing_unresolved,alignment_and_analysis,C:\Users\ari30\research\2026_summer_research\outputs\reports\PLAN_2021_wav_duration_recovery_20260803.csv,pending,target_unresolved
2021,1bda84ba0ce02fed685991f1da0dff3b75577fffa07b05b971293f8c189fe0f8,SDRW2100001747.1.1.138,audio_pairing_unresolved,alignment_and_analysis,C:\Users\ari30\research\2026_summer_research\outputs\reports\PLAN_2021_wav_duration_recovery_20260803.csv,pending,target_unresolved
2021,1bda84ba0ce02fed685991f1da0dff3b75577fffa07b05b971293f8c189fe0f8,SDRW2100001747.1.1.139,audio_pairing_unresolved,alignment_and_analysis,C:\Users\ari30\research\2026_summer_research\outputs\reports\PLAN_2021_wav_duration_recovery_20260803.csv,pending,target_unresolved
2021,1bda84ba0ce02fed685991f1da0dff3b75577fffa07b05b971293f8c189fe0f8,SDRW2100001747.1.1.14,audio_pairing_unresolved,alignment_and_analysis,C:\Users\ari30\research\2026_summer_research\outputs\reports\PLAN_2021_wav_duration_recovery_20260803.csv,pending,target_unresolved
2021,1bda84ba0ce02fed685991f1da0dff3b75577fffa07b05b971293f8c189fe0f8,SDRW2100001747.1.1.140,audio_pairing_unresolved,alignment_and_analysis,C:\Users\ari30\research\2026_summer_research\outputs\reports\PLAN_2021_wav_duration_recovery_20260803.csv,pending,target_unresolved
2021,1bda84ba0ce02fed685991f1da0dff3b75577fffa07b05b971293f8c189fe0f8,SDRW2100001747.1.1.141,audio_pairing_unresolved,alignment_and_analysis,C:\Users\ari30\research\2026_summer_research\outputs\reports\PLAN_2021_wav_duration_recovery_20260803.csv,pending,target_unresolved
2021,1bda84ba0ce02fed685991f1da0dff3b75577fffa07b05b971293f8c189fe0f8,SDRW2100001747.1.1.142,audio_pairing_unresolved,alignment_and_analysis,C:\Users\ari30\research\2026_summer_research\outputs\reports\PLAN_2021_wav_duration_recovery_20260803.csv,pending,target_unresolved
2021,1bda84ba0ce02fed685991f1da0dff3b75577fffa07b05b971293f8c189fe0f8,SDRW2100001747.1.1.143,audio_pairing_unresolved,alignment_and_analysis,C:\Users\ari30\research\2026_summer_research\outputs\reports\PLAN_2021_wav_duration_recovery_20260803.csv,pending,target_unresolved
2021,1bda84ba0ce02fed685991f1da0dff3b75577fffa07b05b971293f8c189fe0f8,SDRW2100001747.1.1.144,audio_pairing_unresolved,alignment_and_analysis,C:\Users\ari30\research\2026_summer_research\outputs\reports\PLAN_2021_wav_duration_recovery_20260803.csv,pending,target_unresolved
2021,1bda84ba0ce02fed685991f1da0dff3b75577fffa07b05b971293f8c189fe0f8,SDRW2100001747.1.1.145,audio_pairing_unresolved,alignment_and_analysis,C:\Users\ari30\research\2026_summer_research\outputs\reports\PLAN_2021_wav_duration_recovery_20260803.csv,pending,target_unresolved
2021,1bda84ba0ce02fed685991f1da0dff3b75577fffa07b05b971293f8c189fe0f8,SDRW2100001747.1.1.146,audio_pairing_unresolved,alignment_and_analysis,C:\Users\ari30\research\2026_summer_research\outputs\reports\PLAN_2021_wav_duration_recovery_20260803.csv,pending,target_unresolved
2021,1bda84ba0ce02fed685991f1da0dff3b75577fffa07b05b971293f8c189fe0f8,SDRW2100001747.1.1.148,audio_pairing_unresolved,alignment_and_analysis,C:\Users\ari30\research\2026_summer_research\outputs\reports\PLAN_2021_wav_duration_recovery_20260803.csv,pending,target_unresolved
2021,1bda84ba0ce02fed685991f1da0dff3b75577fffa07b05b971293f8c189fe0f8,SDRW2100001747.1.1.149,audio_pairing_unresolved,alignment_and_analysis,C:\Users\ari30\research\2026_summer_research\outputs\reports\PLAN_2021_wav_duration_recovery_20260803.csv,pending,target_unresolved
2021,1bda84ba0ce02fed685991f1da0dff3b75577fffa07b05b971293f8c189fe0f8,SDRW2100001747.1.1.15,audio_pairing_unresolved,alignment_and_analysis,C:\Users\ari30\research\2026_summer_research\outputs\reports\PLAN_2021_wav_duration_recovery_20260803.csv,pending,target_unresolved
2021,1bda84ba0ce02fed685991f1da0dff3b75577fffa07b05b971293f8c189fe0f8,SDRW2100001747.1.1.150,audio_pairing_unresolved,alignment_and_analysis,C:\Users\ari30\research\2026_summer_research\outputs\reports\PLAN_2021_wav_duration_recovery_20260803.csv,pending,target_unresolved
2021,1bda84ba0ce02fed685991f1da0dff3b75577fffa07b05b971293f8c189fe0f8,SDRW2100001747.1.1.151,audio_pairing_unresolved,alignment_and_analysis,C:\Users\ari30\research\2026_summer_research\outputs\reports\PLAN_2021_wav_duration_recovery_20260803.csv,pending,target_unresolved
2021,1bda84ba0ce02fed685991f1da0dff3b75577fffa07b05b971293f8c189fe0f8,SDRW2100001747.1.1.152,audio_pairing_unresolved,alignment_and_analysis,C:\Users\ari30\research\2026_summer_research\outputs\reports\PLAN_2021_wav_duration_recovery_20260803.csv,pending,target_unresolved
2021,1bda84ba0ce02fed685991f1da0dff3b75577fffa07b05b971293f8c189fe0f8,SDRW2100001747.1.1.153,audio_pairing_unresolved,alignment_and_analysis,C:\Users\ari30\research\2026_summer_research\outputs\reports\PLAN_2021_wav_duration_recovery_20260803.csv,pending,target_unresolved
2021,1bda84ba0ce02fed685991f1da0dff3b75577fffa07b05b971293f8c189fe0f8,SDRW2100001747.1.1.154,audio_pairing_unresolved,alignment_and_analysis,C:\Users\ari30\research\2026_summer_research\outputs\reports\PLAN_2021_wav_duration_recovery_20260803.csv,pending,target_unresolved
2021,1bda84ba0ce02fed685991f1da0dff3b75577fffa07b05b971293f8c189fe0f8,SDRW2100001747.1.1.155,audio_pairing_unresolved,alignment_and_analysis,C:\Users\ari30\research\2026_summer_research\outputs\reports\PLAN_2021_wav_duration_recovery_20260803.csv,pending,target_unresolved
2021,1bda84ba0ce02fed685991f1da0dff3b75577fffa07b05b971293f8c189fe0f8,SDRW2100001747.1.1.156,audio_pairing_unresolved,alignment_and_analysis,C:\Users\ari30\research\2026_summer_research\outputs\reports\PLAN_2021_wav_duration_recovery_20260803.csv,pending,target_unresolved
2021,1bda84ba0ce02fed685991f1da0dff3b75577fffa07b05b971293f8c189fe0f8,SDRW2100001747.1.1.157,audio_pairing_unresolved,alignment_and_analysis,C:\Users\ari30\research\2026_summer_research\outputs\reports\PLAN_2021_wav_duration_recovery_20260803.csv,pending,target_unresolved
2021,1bda84ba0ce02fed685991f1da0dff3b75577fffa07b05b971293f8c189fe0f8,SDRW2100001747.1.1.158,audio_pairing_unresolved,alignment_and_analysis,C:\Users\ari30\research\2026_summer_research\outputs\reports\PLAN_2021_wav_duration_recovery_20260803.csv,pending,target_unresolved
2021,1bda84ba0ce02fed685991f1da0dff3b75577fffa07b05b971293f8c189fe0f8,SDRW2100001747.1.1.159,audio_pairing_unresolved,alignment_and_analysis,C:\Users\ari30\research\2026_summer_research\outputs\reports\PLAN_2021_wav_duration_recovery_20260803.csv,pending,target_unresolved
2021,1bda84ba0ce02fed685991f1da0dff3b75577fffa07b05b971293f8c189fe0f8,SDRW2100001747.1.1.16,audio_pairing_unresolved,alignment_and_analysis,C:\Users\ari30\research\2026_summer_research\outputs\reports\PLAN_2021_wav_duration_recovery_20260803.csv,pending,target_unresolved
2021,1bda84ba0ce02fed685991f1da0dff3b75577fffa07b05b971293f8c189fe0f8,SDRW2100001747.1.1.160,audio_pairing_unresolved,alignment_and_analysis,C:\Users\ari30\research\2026_summer_research\outputs\reports\PLAN_2021_wav_duration_recovery_20260803.csv,pending,target_unresolved
2021,1bda84ba0ce02fed685991f1da0dff3b75577fffa07b05b971293f8c189fe0f8,SDRW2100001747.1.1.161,audio_pairing_unresolved,alignment_and_analysis,C:\Users\ari30\research\2026_summer_research\outputs\reports\PLAN_2021_wav_duration_recovery_20260803.csv,pending,target_unresolved
2021,1bda84ba0ce02fed685991f1da0dff3b75577fffa07b05b971293f8c189fe0f8,SDRW2100001747.1.1.162,audio_pairing_unresolved,alignment_and_analysis,C:\Users\ari30\research\2026_summer_research\outputs\reports\PLAN_2021_wav_duration_recovery_20260803.csv,pending,target_unresolved
2021,1bda84ba0ce02fed685991f1da0dff3b75577fffa07b05b971293f8c189fe0f8,SDRW2100001747.1.1.163,audio_pairing_unresolved,alignment_and_analysis,C:\Users\ari30\research\2026_summer_research\outputs\reports\PLAN_2021_wav_duration_recovery_20260803.csv,pending,target_unresolved
2021,1bda84ba0ce02fed685991f1da0dff3b75577fffa07b05b971293f8c189fe0f8,SDRW2100001747.1.1.164,audio_pairing_unresolved,alignment_and_analysis,C:\Users\ari30\research\2026_summer_research\outputs\reports\PLAN_2021_wav_duration_recovery_20260803.csv,pending,target_unresolved
2021,1bda84ba0ce02fed685991f1da0dff3b75577fffa07b05b971293f8c189fe0f8,SDRW2100001747.1.1.165,audio_pairing_unresolved,alignment_and_analysis,C:\Users\ari30\research\2026_summer_research\outputs\reports\PLAN_2021_wav_duration_recovery_20260803.csv,pending,target_unresolved
2021,1bda84ba0ce02fed685991f1da0dff3b75577fffa07b05b971293f8c189fe0f8,SDRW2100001747.1.1.166,audio_pairing_unresolved,alignment_and_analysis,C:\Users\ari30\research\2026_summer_research\outputs\reports\PLAN_2021_wav_duration_recovery_20260803.csv,pending,target_unresolved
2021,1bda84ba0ce02fed685991f1da0dff3b75577fffa07b05b971293f8c189fe0f8,SDRW2100001747.1.1.167,audio_pairing_unresolved,alignment_and_analysis,C:\Users\ari30\research\2026_summer_research\outputs\reports\PLAN_2021_wav_duration_recovery_20260803.csv,pending,target_unresolved
2021,1bda84ba0ce02fed685991f1da0dff3b75577fffa07b05b971293f8c189fe0f8,SDRW2100001747.1.1.168,audio_pairing_unresolved,alignment_and_analysis,C:\Users\ari30\research\2026_summer_research\outputs\reports\PLAN_2021_wav_duration_recovery_20260803.csv,pending,target_unresolved
2021,1bda84ba0ce02fed685991f1da0dff3b75577fffa07b05b971293f8c189fe0f8,SDRW2100001747.1.1.169,audio_pairing_unresolved,alignment_and_analysis,C:\Users\ari30\research\2026_summer_research\outputs\reports\PLAN_2021_wav_duration_recovery_20260803.csv,pending,target_unresolved
2021,1bda84ba0ce02fed685991f1da0dff3b75577fffa07b05b971293f8c189fe0f8,SDRW2100001747.1.1.17,audio_pairing_unresolved,alignment_and_analysis,C:\Users\ari30\research\2026_summer_research\outputs\reports\PLAN_2021_wav_duration_recovery_20260803.csv,pending,target_unresolved
2021,1bda84ba0ce02fed685991f1da0dff3b75577fffa07b05b971293f8c189fe0f8,SDRW2100001747.1.1.170,audio_pairing_unresolved,alignment_and_analysis,C:\Users\ari30\research\2026_summer_research\outputs\reports\PLAN_2021_wav_duration_recovery_20260803.csv,pending,target_unresolved
2021,1bda84ba0ce02fed685991f1da0dff3b75577fffa07b05b971293f8c189fe0f8,SDRW2100001747.1.1.171,audio_pairing_unresolved,alignment_and_analysis,C:\Users\ari30\research\2026_summer_research\outputs\reports\PLAN_2021_wav_duration_recovery_20260803.csv,pending,target_unresolved
2021,1bda84ba0ce02fed685991f1da0dff3b75577fffa07b05b971293f8c189fe0f8,SDRW2100001747.1.1.172,audio_pairing_unresolved,alignment_and_analysis,C:\Users\ari30\research\2026_summer_research\outputs\reports\PLAN_2021_wav_duration_recovery_20260803.csv,pending,target_unresolved
2021,1bda84ba0ce02fed685991f1da0dff3b75577fffa07b05b971293f8c189fe0f8,SDRW2100001747.1.1.173,audio_pairing_unresolved,alignment_and_analysis,C:\Users\ari30\research\2026_summer_research\outputs\reports\PLAN_2021_wav_duration_recovery_20260803.csv,pending,target_unresolved
2021,1bda84ba0ce02fed685991f1da0dff3b75577fffa07b05b971293f8c189fe0f8,SDRW2100001747.1.1.174,audio_pairing_unresolved,alignment_and_analysis,C:\Users\ari30\research\2026_summer_research\outputs\reports\PLAN_2021_wav_duration_recovery_20260803.csv,pending,target_unresolved
2021,1bda84ba0ce02fed685991f1da0dff3b75577fffa07b05b971293f8c189fe0f8,SDRW2100001747.1.1.175,audio_pairing_unresolved,alignment_and_analysis,C:\Users\ari30\research\2026_summer_research\outputs\reports\PLAN_2021_wav_duration_recovery_20260803.csv,pending,target_unresolved
2021,1bda84ba0ce02fed685991f1da0dff3b75577fffa07b05b971293f8c189fe0f8,SDRW2100001747.1.1.176,audio_pairing_unresolved,alignment_and_analysis,C:\Users\ari30\research\2026_summer_research\outputs\reports\PLAN_2021_wav_duration_recovery_20260803.csv,pending,target_unresolved
2021,1bda84ba0ce02fed685991f1da0dff3b75577fffa07b05b971293f8c189fe0f8,SDRW2100001747.1.1.177,audio_pairing_unresolved,alignment_and_analysis,C:\Users\ari30\research\2026_summer_research\outputs\reports\PLAN_2021_wav_duration_recovery_20260803.csv,pending,target_unresolved
2021,1bda84ba0ce02fed685991f1da0dff3b75577fffa07b05b971293f8c189fe0f8,SDRW2100001747.1.1.178,audio_pairing_unresolved,alignment_and_analysis,C:\Users\ari30\research\2026_summer_research\outputs\reports\PLAN_2021_wav_duration_recovery_20260803.csv,pending,target_unresolved
2021,1bda84ba0ce02fed685991f1da0dff3b75577fffa07b05b971293f8c189fe0f8,SDRW2100001747.1.1.179,audio_pairing_unresolved,alignment_and_analysis,C:\Users\ari30\research\2026_summer_research\outputs\reports\PLAN_2021_wav_duration_recovery_20260803.csv,pending,target_unresolved
2021,1bda84ba0ce02fed685991f1da0dff3b75577fffa07b05b971293f8c189fe0f8,SDRW2100001747.1.1.18,audio_pairing_unresolved,alignment_and_analysis,C:\Users\ari30\research\2026_summer_research\outputs\reports\PLAN_2021_wav_duration_recovery_20260803.csv,pending,target_unresolved
2021,1bda84ba0ce02fed685991f1da0dff3b75577fffa07b05b971293f8c189fe0f8,SDRW2100001747.1.1.180,audio_pairing_unresolved,alignment_and_analysis,C:\Users\ari30\research\2026_summer_research\outputs\reports\PLAN_2021_wav_duration_recovery_20260803.csv,pending,target_unresolved
2021,1bda84ba0ce02fed685991f1da0dff3b75577fffa07b05b971293f8c189fe0f8,SDRW2100001747.1.1.181,audio_pairing_unresolved,alignment_and_analysis,C:\Users\ari30\research\2026_summer_research\outputs\reports\PLAN_2021_wav_duration_recovery_20260803.csv,pending,target_unresolved
2021,1bda84ba0ce02fed685991f1da0dff3b75577fffa07b05b971293f8c189fe0f8,SDRW2100001747.1.1.182,audio_pairing_unresolved,alignment_and_analysis,C:\Users\ari30\research\2026_summer_research\outputs\reports\PLAN_2021_wav_duration_recovery_20260803.csv,pending,target_unresolved
2021,1bda84ba0ce02fed685991f1da0dff3b75577fffa07b05b971293f8c189fe0f8,SDRW2100001747.1.1.183,audio_pairing_unresolved,alignment_and_analysis,C:\Users\ari30\research\2026_summer_research\outputs\reports\PLAN_2021_wav_duration_recovery_20260803.csv,pending,target_unresolved
2021,1bda84ba0ce02fed685991f1da0dff3b75577fffa07b05b971293f8c189fe0f8,SDRW2100001747.1.1.184,audio_pairing_unresolved,alignment_and_analysis,C:\Users\ari30\research\2026_summer_research\outputs\reports\PLAN_2021_wav_duration_recovery_20260803.csv,pending,target_unresolved
2021,1bda84ba0ce02fed685991f1da0dff3b75577fffa07b05b971293f8c189fe0f8,SDRW2100001747.1.1.185,audio_pairing_unresolved,alignment_and_analysis,C:\Users\ari30\research\2026_summer_research\outputs\reports\PLAN_2021_wav_duration_recovery_20260803.csv,pending,target_unresolved
2021,1bda84ba0ce02fed685991f1da0dff3b75577fffa07b05b971293f8c189fe0f8,SDRW2100001747.1.1.186,audio_pairing_unresolved,alignment_and_analysis,C:\Users\ari30\research\2026_summer_research\outputs\reports\PLAN_2021_wav_duration_recovery_20260803.csv,pending,target_unresolved
2021,1bda84ba0ce02fed685991f1da0dff3b75577fffa07b05b971293f8c189fe0f8,SDRW2100001747.1.1.187,audio_pairing_unresolved,alignment_and_analysis,C:\Users\ari30\research\2026_summer_research\outputs\reports\PLAN_2021_wav_duration_recovery_20260803.csv,pending,target_unresolved
2021,1bda84ba0ce02fed685991f1da0dff3b75577fffa07b05b971293f8c189fe0f8,SDRW2100001747.1.1.188,audio_pairing_unresolved,alignment_and_analysis,C:\Users\ari30\research\2026_summer_research\outputs\reports\PLAN_2021_wav_duration_recovery_20260803.csv,pending,target_unresolved
2021,1bda84ba0ce02fed685991f1da0dff3b75577fffa07b05b971293f8c189fe0f8,SDRW2100001747.1.1.189,audio_pairing_unresolved,alignment_and_analysis,C:\Users\ari30\research\2026_summer_research\outputs\reports\PLAN_2021_wav_duration_recovery_20260803.csv,pending,target_unresolved
2021,1bda84ba0ce02fed685991f1da0dff3b75577fffa07b05b971293f8c189fe0f8,SDRW2100001747.1.1.19,audio_pairing_unresolved,alignment_and_analysis,C:\Users\ari30\research\2026_summer_research\outputs\reports\PLAN_2021_wav_duration_recovery_20260803.csv,pending,target_unresolved
2021,1bda84ba0ce02fed685991f1da0dff3b75577fffa07b05b971293f8c189fe0f8,SDRW2100001747.1.1.190,audio_pairing_unresolved,alignment_and_analysis,C:\Users\ari30\research\2026_summer_research\outputs\reports\PLAN_2021_wav_duration_recovery_20260803.csv,pending,target_unresolved
2021,1bda84ba0ce02fed685991f1da0dff3b75577fffa07b05b971293f8c189fe0f8,SDRW2100001747.1.1.191,audio_pairing_unresolved,alignment_and_analysis,C:\Users\ari30\research\2026_summer_research\outputs\reports\PLAN_2021_wav_duration_recovery_20260803.csv,pending,target_unresolved
2021,1bda84ba0ce02fed685991f1da0dff3b75577fffa07b05b971293f8c189fe0f8,SDRW2100001747.1.1.192,audio_pairing_unresolved,alignment_and_analysis,C:\Users\ari30\research\2026_summer_research\outputs\reports\PLAN_2021_wav_duration_recovery_20260803.csv,pending,target_unresolved
2021,1bda84ba0ce02fed685991f1da0dff3b75577fffa07b05b971293f8c189fe0f8,SDRW2100001747.1.1.193,audio_pairing_unresolved,alignment_and_analysis,C:\Users\ari30\research\2026_summer_research\outputs\reports\PLAN_2021_wav_duration_recovery_20260803.csv,pending,target_unresolved
2021,1bda84ba0ce02fed685991f1da0dff3b75577fffa07b05b971293f8c189fe0f8,SDRW2100001747.1.1.194,audio_pairing_unresolved,alignment_and_analysis,C:\Users\ari30\research\2026_summer_research\outputs\reports\PLAN_2021_wav_duration_recovery_20260803.csv,pending,target_unresolved
2021,1bda84ba0ce02fed685991f1da0dff3b75577fffa07b05b971293f8c189fe0f8,SDRW2100001747.1.1.195,audio_pairing_unresolved,alignment_and_analysis,C:\Users\ari30\research\2026_summer_research\outputs\reports\PLAN_2021_wav_duration_recovery_20260803.csv,pending,target_unresolved
2021,1bda84ba0ce02fed685991f1da0dff3b75577fffa07b05b971293f8c189fe0f8,SDRW2100001747.1.1.196,audio_pairing_unresolved,alignment_and_analysis,C:\Users\ari30\research\2026_summer_research\outputs\reports\PLAN_2021_wav_duration_recovery_20260803.csv,pending,target_unresolved
2021,1bda84ba0ce02fed685991f1da0dff3b75577fffa07b05b971293f8c189fe0f8,SDRW2100001747.1.1.197,audio_pairing_unresolved,alignment_and_analysis,C:\Users\ari30\research\2026_summer_research\outputs\reports\PLAN_2021_wav_duration_recovery_20260803.csv,pending,target_unresolved
2021,1bda84ba0ce02fed685991f1da0dff3b75577fffa07b05b971293f8c189fe0f8,SDRW2100001747.1.1.198,audio_pairing_unresolved,alignment_and_analysis,C:\Users\ari30\research\2026_summer_research\outputs\reports\PLAN_2021_wav_duration_recovery_20260803.csv,pending,target_unresolved
2021,1bda84ba0ce02fed685991f1da0dff3b75577fffa07b05b971293f8c189fe0f8,SDRW2100001747.1.1.199,audio_pairing_unresolved,alignment_and_analysis,C:\Users\ari30\research\2026_summer_research\outputs\reports\PLAN_2021_wav_duration_recovery_20260803.csv,pending,target_unresolved
2021,1bda84ba0ce02fed685991f1da0dff3b75577fffa07b05b971293f8c189fe0f8,SDRW2100001747.1.1.2,audio_pairing_unresolved,alignment_and_analysis,C:\Users\ari30\research\2026_summer_research\outputs\reports\PLAN_2021_wav_duration_recovery_20260803.csv,pending,target_unresolved
2021,1bda84ba0ce02fed685991f1da0dff3b75577fffa07b05b971293f8c189fe0f8,SDRW2100001747.1.1.20,audio_pairing_unresolved,alignment_and_analysis,C:\Users\ari30\research\2026_summer_research\outputs\reports\PLAN_2021_wav_duration_recovery_20260803.csv,pending,target_unresolved
2021,1bda84ba0ce02fed685991f1da0dff3b75577fffa07b05b971293f8c189fe0f8,SDRW2100001747.1.1.200,audio_pairing_unresolved,alignment_and_analysis,C:\Users\ari30\research\2026_summer_research\outputs\reports\PLAN_2021_wav_duration_recovery_20260803.csv,pending,target_unresolved
2021,1bda84ba0ce02fed685991f1da0dff3b75577fffa07b05b971293f8c189fe0f8,SDRW2100001747.1.1.201,audio_pairing_unresolved,alignment_and_analysis,C:\Users\ari30\research\2026_summer_research\outputs\reports\PLAN_2021_wav_duration_recovery_20260803.csv,pending,target_unresolved
2021,1bda84ba0ce02fed685991f1da0dff3b75577fffa07b05b971293f8c189fe0f8,SDRW2100001747.1.1.202,audio_pairing_unresolved,alignment_and_analysis,C:\Users\ari30\research\2026_summer_research\outputs\reports\PLAN_2021_wav_duration_recovery_20260803.csv,pending,target_unresolved
2021,1bda84ba0ce02fed685991f1da0dff3b75577fffa07b05b971293f8c189fe0f8,SDRW2100001747.1.1.203,audio_pairing_unresolved,alignment_and_analysis,C:\Users\ari30\research\2026_summer_research\outputs\reports\PLAN_2021_wav_duration_recovery_20260803.csv,pending,target_unresolved
2021,1bda84ba0ce02fed685991f1da0dff3b75577fffa07b05b971293f8c189fe0f8,SDRW2100001747.1.1.204,audio_pairing_unresolved,alignment_and_analysis,C:\Users\ari30\research\2026_summer_research\outputs\reports\PLAN_2021_wav_duration_recovery_20260803.csv,pending,target_unresolved
2021,1bda84ba0ce02fed685991f1da0dff3b75577fffa07b05b971293f8c189fe0f8,SDRW2100001747.1.1.205,audio_pairing_unresolved,alignment_and_analysis,C:\Users\ari30\research\2026_summer_research\outputs\reports\PLAN_2021_wav_duration_recovery_20260803.csv,pending,target_unresolved
2021,1bda84ba0ce02fed685991f1da0dff3b75577fffa07b05b971293f8c189fe0f8,SDRW2100001747.1.1.206,audio_pairing_unresolved,alignment_and_analysis,C:\Users\ari30\research\2026_summer_research\outputs\reports\PLAN_2021_wav_duration_recovery_20260803.csv,pending,target_unresolved
2021,1bda84ba0ce02fed685991f1da0dff3b75577fffa07b05b971293f8c189fe0f8,SDRW2100001747.1.1.207,audio_pairing_unresolved,alignment_and_analysis,C:\Users\ari30\research\2026_summer_research\outputs\reports\PLAN_2021_wav_duration_recovery_20260803.csv,pending,target_unresolved
2021,1bda84ba0ce02fed685991f1da0dff3b75577fffa07b05b971293f8c189fe0f8,SDRW2100001747.1.1.208,audio_pairing_unresolved,alignment_and_analysis,C:\Users\ari30\research\2026_summer_research\outputs\reports\PLAN_2021_wav_duration_recovery_20260803.csv,pending,target_unresolved
2021,1bda84ba0ce02fed685991f1da0dff3b75577fffa07b05b971293f8c189fe0f8,SDRW2100001747.1.1.209,audio_pairing_unresolved,alignment_and_analysis,C:\Users\ari30\research\2026_summer_research\outputs\reports\PLAN_2021_wav_duration_recovery_20260803.csv,pending,target_unresolved
2021,1bda84ba0ce02fed685991f1da0dff3b75577fffa07b05b971293f8c189fe0f8,SDRW2100001747.1.1.21,audio_pairing_unresolved,alignment_and_analysis,C:\Users\ari30\research\2026_summer_research\outputs\reports\PLAN_2021_wav_duration_recovery_20260803.csv,pending,target_unresolved
2021,1bda84ba0ce02fed685991f1da0dff3b75577fffa07b05b971293f8c189fe0f8,SDRW2100001747.1.1.210,audio_pairing_unresolved,alignment_and_analysis,C:\Users\ari30\research\2026_summer_research\outputs\reports\PLAN_2021_wav_duration_recovery_20260803.csv,pending,target_unresolved
2021,1bda84ba0ce02fed685991f1da0dff3b75577fffa07b05b971293f8c189fe0f8,SDRW2100001747.1.1.211,audio_pairing_unresolved,alignment_and_analysis,C:\Users\ari30\research\2026_summer_research\outputs\reports\PLAN_2021_wav_duration_recovery_20260803.csv,pending,target_unresolved
2021,1bda84ba0ce02fed685991f1da0dff3b75577fffa07b05b971293f8c189fe0f8,SDRW2100001747.1.1.212,audio_pairing_unresolved,alignment_and_analysis,C:\Users\ari30\research\2026_summer_research\outputs\reports\PLAN_2021_wav_duration_recovery_20260803.csv,pending,target_unresolved
2021,1bda84ba0ce02fed685991f1da0dff3b75577fffa07b05b971293f8c189fe0f8,SDRW2100001747.1.1.213,audio_pairing_unresolved,alignment_and_analysis,C:\Users\ari30\research\2026_summer_research\outputs\reports\PLAN_2021_wav_duration_recovery_20260803.csv,pending,target_unresolved
2021,1bda84ba0ce02fed685991f1da0dff3b75577fffa07b05b971293f8c189fe0f8,SDRW2100001747.1.1.214,audio_pairing_unresolved,alignment_and_analysis,C:\Users\ari30\research\2026_summer_research\outputs\reports\PLAN_2021_wav_duration_recovery_20260803.csv,pending,target_unresolved
2021,1bda84ba0ce02fed685991f1da0dff3b75577fffa07b05b971293f8c189fe0f8,SDRW2100001747.1.1.215,audio_pairing_unresolved,alignment_and_analysis,C:\Users\ari30\research\2026_summer_research\outputs\reports\PLAN_2021_wav_duration_recovery_20260803.csv,pending,target_unresolved
2021,1bda84ba0ce02fed685991f1da0dff3b75577fffa07b05b971293f8c189fe0f8,SDRW2100001747.1.1.216,audio_pairing_unresolved,alignment_and_analysis,C:\Users\ari30\research\2026_summer_research\outputs\reports\PLAN_2021_wav_duration_recovery_20260803.csv,pending,target_unresolved
2021,1bda84ba0ce02fed685991f1da0dff3b75577fffa07b05b971293f8c189fe0f8,SDRW2100001747.1.1.217,audio_pairing_unresolved,alignment_and_analysis,C:\Users\ari30\research\2026_summer_research\outputs\reports\PLAN_2021_wav_duration_recovery_20260803.csv,pending,target_unresolved
2021,1bda84ba0ce02fed685991f1da0dff3b75577fffa07b05b971293f8c189fe0f8,SDRW2100001747.1.1.218,audio_pairing_unresolved,alignment_and_analysis,C:\Users\ari30\research\2026_summer_research\outputs\reports\PLAN_2021_wav_duration_recovery_20260803.csv,pending,target_unresolved
2021,1bda84ba0ce02fed685991f1da0dff3b75577fffa07b05b971293f8c189fe0f8,SDRW2100001747.1.1.219,audio_pairing_unresolved,alignment_and_analysis,C:\Users\ari30\research\2026_summer_research\outputs\reports\PLAN_2021_wav_duration_recovery_20260803.csv,pending,target_unresolved
2021,1bda84ba0ce02fed685991f1da0dff3b75577fffa07b05b971293f8c189fe0f8,SDRW2100001747.1.1.22,audio_pairing_unresolved,alignment_and_analysis,C:\Users\ari30\research\2026_summer_research\outputs\reports\PLAN_2021_wav_duration_recovery_20260803.csv,pending,target_unresolved
2021,1bda84ba0ce02fed685991f1da0dff3b75577fffa07b05b971293f8c189fe0f8,SDRW2100001747.1.1.220,audio_pairing_unresolved,alignment_and_analysis,C:\Users\ari30\research\2026_summer_research\outputs\reports\PLAN_2021_wav_duration_recovery_20260803.csv,pending,target_unresolved
2021,1bda84ba0ce02fed685991f1da0dff3b75577fffa07b05b971293f8c189fe0f8,SDRW2100001747.1.1.221,audio_pairing_unresolved,alignment_and_analysis,C:\Users\ari30\research\2026_summer_research\outputs\reports\PLAN_2021_wav_duration_recovery_20260803.csv,pending,target_unresolved
2021,1bda84ba0ce02fed685991f1da0dff3b75577fffa07b05b971293f8c189fe0f8,SDRW2100001747.1.1.222,audio_pairing_unresolved,alignment_and_analysis,C:\Users\ari30\research\2026_summer_research\outputs\reports\PLAN_2021_wav_duration_recovery_20260803.csv,pending,target_unresolved
2021,1bda84ba0ce02fed685991f1da0dff3b75577fffa07b05b971293f8c189fe0f8,SDRW2100001747.1.1.223,audio_pairing_unresolved,alignment_and_analysis,C:\Users\ari30\research\2026_summer_research\outputs\reports\PLAN_2021_wav_duration_recovery_20260803.csv,pending,target_unresolved
2021,1bda84ba0ce02fed685991f1da0dff3b75577fffa07b05b971293f8c189fe0f8,SDRW2100001747.1.1.224,audio_pairing_unresolved,alignment_and_analysis,C:\Users\ari30\research\2026_summer_research\outputs\reports\PLAN_2021_wav_duration_recovery_20260803.csv,pending,target_unresolved
2021,1bda84ba0ce02fed685991f1da0dff3b75577fffa07b05b971293f8c189fe0f8,SDRW2100001747.1.1.225,audio_pairing_unresolved,alignment_and_analysis,C:\Users\ari30\research\2026_summer_research\outputs\reports\PLAN_2021_wav_duration_recovery_20260803.csv,pending,target_unresolved
2021,1bda84ba0ce02fed685991f1da0dff3b75577fffa07b05b971293f8c189fe0f8,SDRW2100001747.1.1.226,audio_pairing_unresolved,alignment_and_analysis,C:\Users\ari30\research\2026_summer_research\outputs\reports\PLAN_2021_wav_duration_recovery_20260803.csv,pending,target_unresolved
2021,1bda84ba0ce02fed685991f1da0dff3b75577fffa07b05b971293f8c189fe0f8,SDRW2100001747.1.1.227,audio_pairing_unresolved,alignment_and_analysis,C:\Users\ari30\research\2026_summer_research\outputs\reports\PLAN_2021_wav_duration_recovery_20260803.csv,pending,target_unresolved
2021,1bda84ba0ce02fed685991f1da0dff3b75577fffa07b05b971293f8c189fe0f8,SDRW2100001747.1.1.228,audio_pairing_unresolved,alignment_and_analysis,C:\Users\ari30\research\2026_summer_research\outputs\reports\PLAN_2021_wav_duration_recovery_20260803.csv,pending,target_unresolved
2021,1bda84ba0ce02fed685991f1da0dff3b75577fffa07b05b971293f8c189fe0f8,SDRW2100001747.1.1.229,audio_pairing_unresolved,alignment_and_analysis,C:\Users\ari30\research\2026_summer_research\outputs\reports\PLAN_2021_wav_duration_recovery_20260803.csv,pending,target_unresolved
2021,1bda84ba0ce02fed685991f1da0dff3b75577fffa07b05b971293f8c189fe0f8,SDRW2100001747.1.1.23,audio_pairing_unresolved,alignment_and_analysis,C:\Users\ari30\research\2026_summer_research\outputs\reports\PLAN_2021_wav_duration_recovery_20260803.csv,pending,target_unresolved
2021,1bda84ba0ce02fed685991f1da0dff3b75577fffa07b05b971293f8c189fe0f8,SDRW2100001747.1.1.230,audio_pairing_unresolved,alignment_and_analysis,C:\Users\ari30\research\2026_summer_research\outputs\reports\PLAN_2021_wav_duration_recovery_20260803.csv,pending,target_unresolved
2021,1bda84ba0ce02fed685991f1da0dff3b75577fffa07b05b971293f8c189fe0f8,SDRW2100001747.1.1.231,audio_pairing_unresolved,alignment_and_analysis,C:\Users\ari30\research\2026_summer_research\outputs\reports\PLAN_2021_wav_duration_recovery_20260803.csv,pending,target_unresolved
2021,1bda84ba0ce02fed685991f1da0dff3b75577fffa07b05b971293f8c189fe0f8,SDRW2100001747.1.1.232,audio_pairing_unresolved,alignment_and_analysis,C:\Users\ari30\research\2026_summer_research\outputs\reports\PLAN_2021_wav_duration_recovery_20260803.csv,pending,target_unresolved
2021,1bda84ba0ce02fed685991f1da0dff3b75577fffa07b05b971293f8c189fe0f8,SDRW2100001747.1.1.233,audio_pairing_unresolved,alignment_and_analysis,C:\Users\ari30\research\2026_summer_research\outputs\reports\PLAN_2021_wav_duration_recovery_20260803.csv,pending,target_unresolved
2021,1bda84ba0ce02fed685991f1da0dff3b75577fffa07b05b971293f8c189fe0f8,SDRW2100001747.1.1.234,audio_pairing_unresolved,alignment_and_analysis,C:\Users\ari30\research\2026_summer_research\outputs\reports\PLAN_2021_wav_duration_recovery_20260803.csv,pending,target_unresolved
2021,1bda84ba0ce02fed685991f1da0dff3b75577fffa07b05b971293f8c189fe0f8,SDRW2100001747.1.1.235,audio_pairing_unresolved,alignment_and_analysis,C:\Users\ari30\research\2026_summer_research\outputs\reports\PLAN_2021_wav_duration_recovery_20260803.csv,pending,target_unresolved
2021,1bda84ba0ce02fed685991f1da0dff3b75577fffa07b05b971293f8c189fe0f8,SDRW2100001747.1.1.236,audio_pairing_unresolved,alignment_and_analysis,C:\Users\ari30\research\2026_summer_research\outputs\reports\PLAN_2021_wav_duration_recovery_20260803.csv,pending,target_unresolved
2021,1bda84ba0ce02fed685991f1da0dff3b75577fffa07b05b971293f8c189fe0f8,SDRW2100001747.1.1.237,audio_pairing_unresolved,alignment_and_analysis,C:\Users\ari30\research\2026_summer_research\outputs\reports\PLAN_2021_wav_duration_recovery_20260803.csv,pending,target_unresolved
2021,1bda84ba0ce02fed685991f1da0dff3b75577fffa07b05b971293f8c189fe0f8,SDRW2100001747.1.1.239,audio_pairing_unresolved,alignment_and_analysis,C:\Users\ari30\research\2026_summer_research\outputs\reports\PLAN_2021_wav_duration_recovery_20260803.csv,pending,target_unresolved
2021,1bda84ba0ce02fed685991f1da0dff3b75577fffa07b05b971293f8c189fe0f8,SDRW2100001747.1.1.24,audio_pairing_unresolved,alignment_and_analysis,C:\Users\ari30\research\2026_summer_research\outputs\reports\PLAN_2021_wav_duration_recovery_20260803.csv,pending,target_unresolved
2021,1bda84ba0ce02fed685991f1da0dff3b75577fffa07b05b971293f8c189fe0f8,SDRW2100001747.1.1.241,audio_pairing_unresolved,alignment_and_analysis,C:\Users\ari30\research\2026_summer_research\outputs\reports\PLAN_2021_wav_duration_recovery_20260803.csv,pending,target_unresolved
2021,1bda84ba0ce02fed685991f1da0dff3b75577fffa07b05b971293f8c189fe0f8,SDRW2100001747.1.1.242,audio_pairing_unresolved,alignment_and_analysis,C:\Users\ari30\research\2026_summer_research\outputs\reports\PLAN_2021_wav_duration_recovery_20260803.csv,pending,target_unresolved
2021,1bda84ba0ce02fed685991f1da0dff3b75577fffa07b05b971293f8c189fe0f8,SDRW2100001747.1.1.243,audio_pairing_unresolved,alignment_and_analysis,C:\Users\ari30\research\2026_summer_research\outputs\reports\PLAN_2021_wav_duration_recovery_20260803.csv,pending,target_unresolved
2021,1bda84ba0ce02fed685991f1da0dff3b75577fffa07b05b971293f8c189fe0f8,SDRW2100001747.1.1.244,audio_pairing_unresolved,alignment_and_analysis,C:\Users\ari30\research\2026_summer_research\outputs\reports\PLAN_2021_wav_duration_recovery_20260803.csv,pending,target_unresolved
2021,1bda84ba0ce02fed685991f1da0dff3b75577fffa07b05b971293f8c189fe0f8,SDRW2100001747.1.1.245,audio_pairing_unresolved,alignment_and_analysis,C:\Users\ari30\research\2026_summer_research\outputs\reports\PLAN_2021_wav_duration_recovery_20260803.csv,pending,target_unresolved
2021,1bda84ba0ce02fed685991f1da0dff3b75577fffa07b05b971293f8c189fe0f8,SDRW2100001747.1.1.246,audio_pairing_unresolved,alignment_and_analysis,C:\Users\ari30\research\2026_summer_research\outputs\reports\PLAN_2021_wav_duration_recovery_20260803.csv,pending,target_unresolved
2021,1bda84ba0ce02fed685991f1da0dff3b75577fffa07b05b971293f8c189fe0f8,SDRW2100001747.1.1.247,audio_pairing_unresolved,alignment_and_analysis,C:\Users\ari30\research\2026_summer_research\outputs\reports\PLAN_2021_wav_duration_recovery_20260803.csv,pending,target_unresolved
2021,1bda84ba0ce02fed685991f1da0dff3b75577fffa07b05b971293f8c189fe0f8,SDRW2100001747.1.1.248,audio_pairing_unresolved,alignment_and_analysis,C:\Users\ari30\research\2026_summer_research\outputs\reports\PLAN_2021_wav_duration_recovery_20260803.csv,pending,target_unresolved
2021,1bda84ba0ce02fed685991f1da0dff3b75577fffa07b05b971293f8c189fe0f8,SDRW2100001747.1.1.249,audio_pairing_unresolved,alignment_and_analysis,C:\Users\ari30\research\2026_summer_research\outputs\reports\PLAN_2021_wav_duration_recovery_20260803.csv,pending,target_unresolved
2021,1bda84ba0ce02fed685991f1da0dff3b75577fffa07b05b971293f8c189fe0f8,SDRW2100001747.1.1.25,audio_pairing_unresolved,alignment_and_analysis,C:\Users\ari30\research\2026_summer_research\outputs\reports\PLAN_2021_wav_duration_recovery_20260803.csv,pending,target_unresolved
2021,1bda84ba0ce02fed685991f1da0dff3b75577fffa07b05b971293f8c189fe0f8,SDRW2100001747.1.1.250,audio_pairing_unresolved,alignment_and_analysis,C:\Users\ari30\research\2026_summer_research\outputs\reports\PLAN_2021_wav_duration_recovery_20260803.csv,pending,target_unresolved
2021,1bda84ba0ce02fed685991f1da0dff3b75577fffa07b05b971293f8c189fe0f8,SDRW2100001747.1.1.251,audio_pairing_unresolved,alignment_and_analysis,C:\Users\ari30\research\2026_summer_research\outputs\reports\PLAN_2021_wav_duration_recovery_20260803.csv,pending,target_unresolved
2021,1bda84ba0ce02fed685991f1da0dff3b75577fffa07b05b971293f8c189fe0f8,SDRW2100001747.1.1.252,audio_pairing_unresolved,alignment_and_analysis,C:\Users\ari30\research\2026_summer_research\outputs\reports\PLAN_2021_wav_duration_recovery_20260803.csv,pending,target_unresolved
2021,1bda84ba0ce02fed685991f1da0dff3b75577fffa07b05b971293f8c189fe0f8,SDRW2100001747.1.1.253,audio_pairing_unresolved,alignment_and_analysis,C:\Users\ari30\research\2026_summer_research\outputs\reports\PLAN_2021_wav_duration_recovery_20260803.csv,pending,target_unresolved
2021,1bda84ba0ce02fed685991f1da0dff3b75577fffa07b05b971293f8c189fe0f8,SDRW2100001747.1.1.254,audio_pairing_unresolved,alignment_and_analysis,C:\Users\ari30\research\2026_summer_research\outputs\reports\PLAN_2021_wav_duration_recovery_20260803.csv,pending,target_unresolved
2021,1bda84ba0ce02fed685991f1da0dff3b75577fffa07b05b971293f8c189fe0f8,SDRW2100001747.1.1.255,audio_pairing_unresolved,alignment_and_analysis,C:\Users\ari30\research\2026_summer_research\outputs\reports\PLAN_2021_wav_duration_recovery_20260803.csv,pending,target_unresolved
2021,1bda84ba0ce02fed685991f1da0dff3b75577fffa07b05b971293f8c189fe0f8,SDRW2100001747.1.1.256,audio_pairing_unresolved,alignment_and_analysis,C:\Users\ari30\research\2026_summer_research\outputs\reports\PLAN_2021_wav_duration_recovery_20260803.csv,pending,target_unresolved
2021,1bda84ba0ce02fed685991f1da0dff3b75577fffa07b05b971293f8c189fe0f8,SDRW2100001747.1.1.257,audio_pairing_unresolved,alignment_and_analysis,C:\Users\ari30\research\2026_summer_research\outputs\reports\PLAN_2021_wav_duration_recovery_20260803.csv,pending,target_unresolved
2021,1bda84ba0ce02fed685991f1da0dff3b75577fffa07b05b971293f8c189fe0f8,SDRW2100001747.1.1.258,audio_pairing_unresolved,alignment_and_analysis,C:\Users\ari30\research\2026_summer_research\outputs\reports\PLAN_2021_wav_duration_recovery_20260803.csv,pending,target_unresolved
2021,1bda84ba0ce02fed685991f1da0dff3b75577fffa07b05b971293f8c189fe0f8,SDRW2100001747.1.1.26,audio_pairing_unresolved,alignment_and_analysis,C:\Users\ari30\research\2026_summer_research\outputs\reports\PLAN_2021_wav_duration_recovery_20260803.csv,pending,target_unresolved
2021,1bda84ba0ce02fed685991f1da0dff3b75577fffa07b05b971293f8c189fe0f8,SDRW2100001747.1.1.27,audio_pairing_unresolved,alignment_and_analysis,C:\Users\ari30\research\2026_summer_research\outputs\reports\PLAN_2021_wav_duration_recovery_20260803.csv,pending,target_unresolved
2021,1bda84ba0ce02fed685991f1da0dff3b75577fffa07b05b971293f8c189fe0f8,SDRW2100001747.1.1.28,audio_pairing_unresolved,alignment_and_analysis,C:\Users\ari30\research\2026_summer_research\outputs\reports\PLAN_2021_wav_duration_recovery_20260803.csv,pending,target_unresolved
2021,1bda84ba0ce02fed685991f1da0dff3b75577fffa07b05b971293f8c189fe0f8,SDRW2100001747.1.1.29,audio_pairing_unresolved,alignment_and_analysis,C:\Users\ari30\research\2026_summer_research\outputs\reports\PLAN_2021_wav_duration_recovery_20260803.csv,pending,target_unresolved
2021,1bda84ba0ce02fed685991f1da0dff3b75577fffa07b05b971293f8c189fe0f8,SDRW2100001747.1.1.3,audio_pairing_unresolved,alignment_and_analysis,C:\Users\ari30\research\2026_summer_research\outputs\reports\PLAN_2021_wav_duration_recovery_20260803.csv,pending,target_unresolved
2021,1bda84ba0ce02fed685991f1da0dff3b75577fffa07b05b971293f8c189fe0f8,SDRW2100001747.1.1.30,audio_pairing_unresolved,alignment_and_analysis,C:\Users\ari30\research\2026_summer_research\outputs\reports\PLAN_2021_wav_duration_recovery_20260803.csv,pending,target_unresolved
2021,1bda84ba0ce02fed685991f1da0dff3b75577fffa07b05b971293f8c189fe0f8,SDRW2100001747.1.1.31,audio_pairing_unresolved,alignment_and_analysis,C:\Users\ari30\research\2026_summer_research\outputs\reports\PLAN_2021_wav_duration_recovery_20260803.csv,pending,target_unresolved
2021,1bda84ba0ce02fed685991f1da0dff3b75577fffa07b05b971293f8c189fe0f8,SDRW2100001747.1.1.32,audio_pairing_unresolved,alignment_and_analysis,C:\Users\ari30\research\2026_summer_research\outputs\reports\PLAN_2021_wav_duration_recovery_20260803.csv,pending,target_unresolved
2021,1bda84ba0ce02fed685991f1da0dff3b75577fffa07b05b971293f8c189fe0f8,SDRW2100001747.1.1.33,audio_pairing_unresolved,alignment_and_analysis,C:\Users\ari30\research\2026_summer_research\outputs\reports\PLAN_2021_wav_duration_recovery_20260803.csv,pending,target_unresolved
2021,1bda84ba0ce02fed685991f1da0dff3b75577fffa07b05b971293f8c189fe0f8,SDRW2100001747.1.1.34,audio_pairing_unresolved,alignment_and_analysis,C:\Users\ari30\research\2026_summer_research\outputs\reports\PLAN_2021_wav_duration_recovery_20260803.csv,pending,target_unresolved
2021,1bda84ba0ce02fed685991f1da0dff3b75577fffa07b05b971293f8c189fe0f8,SDRW2100001747.1.1.35,audio_pairing_unresolved,alignment_and_analysis,C:\Users\ari30\research\2026_summer_research\outputs\reports\PLAN_2021_wav_duration_recovery_20260803.csv,pending,target_unresolved
2021,1bda84ba0ce02fed685991f1da0dff3b75577fffa07b05b971293f8c189fe0f8,SDRW2100001747.1.1.36,audio_pairing_unresolved,alignment_and_analysis,C:\Users\ari30\research\2026_summer_research\outputs\reports\PLAN_2021_wav_duration_recovery_20260803.csv,pending,target_unresolved
2021,1bda84ba0ce02fed685991f1da0dff3b75577fffa07b05b971293f8c189fe0f8,SDRW2100001747.1.1.37,audio_pairing_unresolved,alignment_and_analysis,C:\Users\ari30\research\2026_summer_research\outputs\reports\PLAN_2021_wav_duration_recovery_20260803.csv,pending,target_unresolved
2021,1bda84ba0ce02fed685991f1da0dff3b75577fffa07b05b971293f8c189fe0f8,SDRW2100001747.1.1.38,audio_pairing_unresolved,alignment_and_analysis,C:\Users\ari30\research\2026_summer_research\outputs\reports\PLAN_2021_wav_duration_recovery_20260803.csv,pending,target_unresolved
2021,1bda84ba0ce02fed685991f1da0dff3b75577fffa07b05b971293f8c189fe0f8,SDRW2100001747.1.1.39,audio_pairing_unresolved,alignment_and_analysis,C:\Users\ari30\research\2026_summer_research\outputs\reports\PLAN_2021_wav_duration_recovery_20260803.csv,pending,target_unresolved
2021,1bda84ba0ce02fed685991f1da0dff3b75577fffa07b05b971293f8c189fe0f8,SDRW2100001747.1.1.4,audio_pairing_unresolved,alignment_and_analysis,C:\Users\ari30\research\2026_summer_research\outputs\reports\PLAN_2021_wav_duration_recovery_20260803.csv,pending,target_unresolved
2021,1bda84ba0ce02fed685991f1da0dff3b75577fffa07b05b971293f8c189fe0f8,SDRW2100001747.1.1.40,audio_pairing_unresolved,alignment_and_analysis,C:\Users\ari30\research\2026_summer_research\outputs\reports\PLAN_2021_wav_duration_recovery_20260803.csv,pending,target_unresolved
2021,1bda84ba0ce02fed685991f1da0dff3b75577fffa07b05b971293f8c189fe0f8,SDRW2100001747.1.1.41,audio_pairing_unresolved,alignment_and_analysis,C:\Users\ari30\research\2026_summer_research\outputs\reports\PLAN_2021_wav_duration_recovery_20260803.csv,pending,target_unresolved
2021,1bda84ba0ce02fed685991f1da0dff3b75577fffa07b05b971293f8c189fe0f8,SDRW2100001747.1.1.42,audio_pairing_unresolved,alignment_and_analysis,C:\Users\ari30\research\2026_summer_research\outputs\reports\PLAN_2021_wav_duration_recovery_20260803.csv,pending,target_unresolved
2021,1bda84ba0ce02fed685991f1da0dff3b75577fffa07b05b971293f8c189fe0f8,SDRW2100001747.1.1.43,audio_pairing_unresolved,alignment_and_analysis,C:\Users\ari30\research\2026_summer_research\outputs\reports\PLAN_2021_wav_duration_recovery_20260803.csv,pending,target_unresolved
2021,1bda84ba0ce02fed685991f1da0dff3b75577fffa07b05b971293f8c189fe0f8,SDRW2100001747.1.1.44,audio_pairing_unresolved,alignment_and_analysis,C:\Users\ari30\research\2026_summer_research\outputs\reports\PLAN_2021_wav_duration_recovery_20260803.csv,pending,target_unresolved
2021,1bda84ba0ce02fed685991f1da0dff3b75577fffa07b05b971293f8c189fe0f8,SDRW2100001747.1.1.45,audio_pairing_unresolved,alignment_and_analysis,C:\Users\ari30\research\2026_summer_research\outputs\reports\PLAN_2021_wav_duration_recovery_20260803.csv,pending,target_unresolved
2021,1bda84ba0ce02fed685991f1da0dff3b75577fffa07b05b971293f8c189fe0f8,SDRW2100001747.1.1.46,audio_pairing_unresolved,alignment_and_analysis,C:\Users\ari30\research\2026_summer_research\outputs\reports\PLAN_2021_wav_duration_recovery_20260803.csv,pending,target_unresolved
2021,1bda84ba0ce02fed685991f1da0dff3b75577fffa07b05b971293f8c189fe0f8,SDRW2100001747.1.1.47,audio_pairing_unresolved,alignment_and_analysis,C:\Users\ari30\research\2026_summer_research\outputs\reports\PLAN_2021_wav_duration_recovery_20260803.csv,pending,target_unresolved
2021,1bda84ba0ce02fed685991f1da0dff3b75577fffa07b05b971293f8c189fe0f8,SDRW2100001747.1.1.48,audio_pairing_unresolved,alignment_and_analysis,C:\Users\ari30\research\2026_summer_research\outputs\reports\PLAN_2021_wav_duration_recovery_20260803.csv,pending,target_unresolved
2021,1bda84ba0ce02fed685991f1da0dff3b75577fffa07b05b971293f8c189fe0f8,SDRW2100001747.1.1.49,audio_pairing_unresolved,alignment_and_analysis,C:\Users\ari30\research\2026_summer_research\outputs\reports\PLAN_2021_wav_duration_recovery_20260803.csv,pending,target_unresolved
2021,1bda84ba0ce02fed685991f1da0dff3b75577fffa07b05b971293f8c189fe0f8,SDRW2100001747.1.1.5,audio_pairing_unresolved,alignment_and_analysis,C:\Users\ari30\research\2026_summer_research\outputs\reports\PLAN_2021_wav_duration_recovery_20260803.csv,pending,target_unresolved
2021,1bda84ba0ce02fed685991f1da0dff3b75577fffa07b05b971293f8c189fe0f8,SDRW2100001747.1.1.50,audio_pairing_unresolved,alignment_and_analysis,C:\Users\ari30\research\2026_summer_research\outputs\reports\PLAN_2021_wav_duration_recovery_20260803.csv,pending,target_unresolved
2021,1bda84ba0ce02fed685991f1da0dff3b75577fffa07b05b971293f8c189fe0f8,SDRW2100001747.1.1.51,audio_pairing_unresolved,alignment_and_analysis,C:\Users\ari30\research\2026_summer_research\outputs\reports\PLAN_2021_wav_duration_recovery_20260803.csv,pending,target_unresolved
2021,1bda84ba0ce02fed685991f1da0dff3b75577fffa07b05b971293f8c189fe0f8,SDRW2100001747.1.1.52,audio_pairing_unresolved,alignment_and_analysis,C:\Users\ari30\research\2026_summer_research\outputs\reports\PLAN_2021_wav_duration_recovery_20260803.csv,pending,target_unresolved
2021,1bda84ba0ce02fed685991f1da0dff3b75577fffa07b05b971293f8c189fe0f8,SDRW2100001747.1.1.53,audio_pairing_unresolved,alignment_and_analysis,C:\Users\ari30\research\2026_summer_research\outputs\reports\PLAN_2021_wav_duration_recovery_20260803.csv,pending,target_unresolved
2021,1bda84ba0ce02fed685991f1da0dff3b75577fffa07b05b971293f8c189fe0f8,SDRW2100001747.1.1.54,audio_pairing_unresolved,alignment_and_analysis,C:\Users\ari30\research\2026_summer_research\outputs\reports\PLAN_2021_wav_duration_recovery_20260803.csv,pending,target_unresolved
2021,1bda84ba0ce02fed685991f1da0dff3b75577fffa07b05b971293f8c189fe0f8,SDRW2100001747.1.1.55,audio_pairing_unresolved,alignment_and_analysis,C:\Users\ari30\research\2026_summer_research\outputs\reports\PLAN_2021_wav_duration_recovery_20260803.csv,pending,target_unresolved
2021,1bda84ba0ce02fed685991f1da0dff3b75577fffa07b05b971293f8c189fe0f8,SDRW2100001747.1.1.56,audio_pairing_unresolved,alignment_and_analysis,C:\Users\ari30\research\2026_summer_research\outputs\reports\PLAN_2021_wav_duration_recovery_20260803.csv,pending,target_unresolved
2021,1bda84ba0ce02fed685991f1da0dff3b75577fffa07b05b971293f8c189fe0f8,SDRW2100001747.1.1.58,audio_pairing_unresolved,alignment_and_analysis,C:\Users\ari30\research\2026_summer_research\outputs\reports\PLAN_2021_wav_duration_recovery_20260803.csv,pending,target_unresolved
2021,1bda84ba0ce02fed685991f1da0dff3b75577fffa07b05b971293f8c189fe0f8,SDRW2100001747.1.1.59,audio_pairing_unresolved,alignment_and_analysis,C:\Users\ari30\research\2026_summer_research\outputs\reports\PLAN_2021_wav_duration_recovery_20260803.csv,pending,target_unresolved
2021,1bda84ba0ce02fed685991f1da0dff3b75577fffa07b05b971293f8c189fe0f8,SDRW2100001747.1.1.6,audio_pairing_unresolved,alignment_and_analysis,C:\Users\ari30\research\2026_summer_research\outputs\reports\PLAN_2021_wav_duration_recovery_20260803.csv,pending,target_unresolved
2021,1bda84ba0ce02fed685991f1da0dff3b75577fffa07b05b971293f8c189fe0f8,SDRW2100001747.1.1.60,audio_pairing_unresolved,alignment_and_analysis,C:\Users\ari30\research\2026_summer_research\outputs\reports\PLAN_2021_wav_duration_recovery_20260803.csv,pending,target_unresolved
2021,1bda84ba0ce02fed685991f1da0dff3b75577fffa07b05b971293f8c189fe0f8,SDRW2100001747.1.1.62,audio_pairing_unresolved,alignment_and_analysis,C:\Users\ari30\research\2026_summer_research\outputs\reports\PLAN_2021_wav_duration_recovery_20260803.csv,pending,target_unresolved
2021,1bda84ba0ce02fed685991f1da0dff3b75577fffa07b05b971293f8c189fe0f8,SDRW2100001747.1.1.63,audio_pairing_unresolved,alignment_and_analysis,C:\Users\ari30\research\2026_summer_research\outputs\reports\PLAN_2021_wav_duration_recovery_20260803.csv,pending,target_unresolved
2021,1bda84ba0ce02fed685991f1da0dff3b75577fffa07b05b971293f8c189fe0f8,SDRW2100001747.1.1.64,audio_pairing_unresolved,alignment_and_analysis,C:\Users\ari30\research\2026_summer_research\outputs\reports\PLAN_2021_wav_duration_recovery_20260803.csv,pending,target_unresolved
2021,1bda84ba0ce02fed685991f1da0dff3b75577fffa07b05b971293f8c189fe0f8,SDRW2100001747.1.1.65,audio_pairing_unresolved,alignment_and_analysis,C:\Users\ari30\research\2026_summer_research\outputs\reports\PLAN_2021_wav_duration_recovery_20260803.csv,pending,target_unresolved
2021,1bda84ba0ce02fed685991f1da0dff3b75577fffa07b05b971293f8c189fe0f8,SDRW2100001747.1.1.66,audio_pairing_unresolved,alignment_and_analysis,C:\Users\ari30\research\2026_summer_research\outputs\reports\PLAN_2021_wav_duration_recovery_20260803.csv,pending,target_unresolved
2021,1bda84ba0ce02fed685991f1da0dff3b75577fffa07b05b971293f8c189fe0f8,SDRW2100001747.1.1.67,audio_pairing_unresolved,alignment_and_analysis,C:\Users\ari30\research\2026_summer_research\outputs\reports\PLAN_2021_wav_duration_recovery_20260803.csv,pending,target_unresolved
2021,1bda84ba0ce02fed685991f1da0dff3b75577fffa07b05b971293f8c189fe0f8,SDRW2100001747.1.1.68,audio_pairing_unresolved,alignment_and_analysis,C:\Users\ari30\research\2026_summer_research\outputs\reports\PLAN_2021_wav_duration_recovery_20260803.csv,pending,target_unresolved
2021,1bda84ba0ce02fed685991f1da0dff3b75577fffa07b05b971293f8c189fe0f8,SDRW2100001747.1.1.69,audio_pairing_unresolved,alignment_and_analysis,C:\Users\ari30\research\2026_summer_research\outputs\reports\PLAN_2021_wav_duration_recovery_20260803.csv,pending,target_unresolved
2021,1bda84ba0ce02fed685991f1da0dff3b75577fffa07b05b971293f8c189fe0f8,SDRW2100001747.1.1.7,audio_pairing_unresolved,alignment_and_analysis,C:\Users\ari30\research\2026_summer_research\outputs\reports\PLAN_2021_wav_duration_recovery_20260803.csv,pending,target_unresolved
2021,1bda84ba0ce02fed685991f1da0dff3b75577fffa07b05b971293f8c189fe0f8,SDRW2100001747.1.1.70,audio_pairing_unresolved,alignment_and_analysis,C:\Users\ari30\research\2026_summer_research\outputs\reports\PLAN_2021_wav_duration_recovery_20260803.csv,pending,target_unresolved
2021,1bda84ba0ce02fed685991f1da0dff3b75577fffa07b05b971293f8c189fe0f8,SDRW2100001747.1.1.71,audio_pairing_unresolved,alignment_and_analysis,C:\Users\ari30\research\2026_summer_research\outputs\reports\PLAN_2021_wav_duration_recovery_20260803.csv,pending,target_unresolved
2021,1bda84ba0ce02fed685991f1da0dff3b75577fffa07b05b971293f8c189fe0f8,SDRW2100001747.1.1.72,audio_pairing_unresolved,alignment_and_analysis,C:\Users\ari30\research\2026_summer_research\outputs\reports\PLAN_2021_wav_duration_recovery_20260803.csv,pending,target_unresolved
2021,1bda84ba0ce02fed685991f1da0dff3b75577fffa07b05b971293f8c189fe0f8,SDRW2100001747.1.1.73,audio_pairing_unresolved,alignment_and_analysis,C:\Users\ari30\research\2026_summer_research\outputs\reports\PLAN_2021_wav_duration_recovery_20260803.csv,pending,target_unresolved
2021,1bda84ba0ce02fed685991f1da0dff3b75577fffa07b05b971293f8c189fe0f8,SDRW2100001747.1.1.74,audio_pairing_unresolved,alignment_and_analysis,C:\Users\ari30\research\2026_summer_research\outputs\reports\PLAN_2021_wav_duration_recovery_20260803.csv,pending,target_unresolved
2021,1bda84ba0ce02fed685991f1da0dff3b75577fffa07b05b971293f8c189fe0f8,SDRW2100001747.1.1.75,audio_pairing_unresolved,alignment_and_analysis,C:\Users\ari30\research\2026_summer_research\outputs\reports\PLAN_2021_wav_duration_recovery_20260803.csv,pending,target_unresolved
2021,1bda84ba0ce02fed685991f1da0dff3b75577fffa07b05b971293f8c189fe0f8,SDRW2100001747.1.1.76,audio_pairing_unresolved,alignment_and_analysis,C:\Users\ari30\research\2026_summer_research\outputs\reports\PLAN_2021_wav_duration_recovery_20260803.csv,pending,target_unresolved
2021,1bda84ba0ce02fed685991f1da0dff3b75577fffa07b05b971293f8c189fe0f8,SDRW2100001747.1.1.77,audio_pairing_unresolved,alignment_and_analysis,C:\Users\ari30\research\2026_summer_research\outputs\reports\PLAN_2021_wav_duration_recovery_20260803.csv,pending,target_unresolved
2021,1bda84ba0ce02fed685991f1da0dff3b75577fffa07b05b971293f8c189fe0f8,SDRW2100001747.1.1.78,audio_pairing_unresolved,alignment_and_analysis,C:\Users\ari30\research\2026_summer_research\outputs\reports\PLAN_2021_wav_duration_recovery_20260803.csv,pending,target_unresolved
2021,1bda84ba0ce02fed685991f1da0dff3b75577fffa07b05b971293f8c189fe0f8,SDRW2100001747.1.1.8,audio_pairing_unresolved,alignment_and_analysis,C:\Users\ari30\research\2026_summer_research\outputs\reports\PLAN_2021_wav_duration_recovery_20260803.csv,pending,target_unresolved
2021,1bda84ba0ce02fed685991f1da0dff3b75577fffa07b05b971293f8c189fe0f8,SDRW2100001747.1.1.80,audio_pairing_unresolved,alignment_and_analysis,C:\Users\ari30\research\2026_summer_research\outputs\reports\PLAN_2021_wav_duration_recovery_20260803.csv,pending,target_unresolved
2021,1bda84ba0ce02fed685991f1da0dff3b75577fffa07b05b971293f8c189fe0f8,SDRW2100001747.1.1.81,audio_pairing_unresolved,alignment_and_analysis,C:\Users\ari30\research\2026_summer_research\outputs\reports\PLAN_2021_wav_duration_recovery_20260803.csv,pending,target_unresolved
2021,1bda84ba0ce02fed685991f1da0dff3b75577fffa07b05b971293f8c189fe0f8,SDRW2100001747.1.1.82,audio_pairing_unresolved,alignment_and_analysis,C:\Users\ari30\research\2026_summer_research\outputs\reports\PLAN_2021_wav_duration_recovery_20260803.csv,pending,target_unresolved
2021,1bda84ba0ce02fed685991f1da0dff3b75577fffa07b05b971293f8c189fe0f8,SDRW2100001747.1.1.83,audio_pairing_unresolved,alignment_and_analysis,C:\Users\ari30\research\2026_summer_research\outputs\reports\PLAN_2021_wav_duration_recovery_20260803.csv,pending,target_unresolved
2021,1bda84ba0ce02fed685991f1da0dff3b75577fffa07b05b971293f8c189fe0f8,SDRW2100001747.1.1.84,audio_pairing_unresolved,alignment_and_analysis,C:\Users\ari30\research\2026_summer_research\outputs\reports\PLAN_2021_wav_duration_recovery_20260803.csv,pending,target_unresolved
2021,1bda84ba0ce02fed685991f1da0dff3b75577fffa07b05b971293f8c189fe0f8,SDRW2100001747.1.1.85,audio_pairing_unresolved,alignment_and_analysis,C:\Users\ari30\research\2026_summer_research\outputs\reports\PLAN_2021_wav_duration_recovery_20260803.csv,pending,target_unresolved
2021,1bda84ba0ce02fed685991f1da0dff3b75577fffa07b05b971293f8c189fe0f8,SDRW2100001747.1.1.86,audio_pairing_unresolved,alignment_and_analysis,C:\Users\ari30\research\2026_summer_research\outputs\reports\PLAN_2021_wav_duration_recovery_20260803.csv,pending,target_unresolved
2021,1bda84ba0ce02fed685991f1da0dff3b75577fffa07b05b971293f8c189fe0f8,SDRW2100001747.1.1.87,audio_pairing_unresolved,alignment_and_analysis,C:\Users\ari30\research\2026_summer_research\outputs\reports\PLAN_2021_wav_duration_recovery_20260803.csv,pending,target_unresolved
2021,1bda84ba0ce02fed685991f1da0dff3b75577fffa07b05b971293f8c189fe0f8,SDRW2100001747.1.1.88,audio_pairing_unresolved,alignment_and_analysis,C:\Users\ari30\research\2026_summer_research\outputs\reports\PLAN_2021_wav_duration_recovery_20260803.csv,pending,target_unresolved
2021,1bda84ba0ce02fed685991f1da0dff3b75577fffa07b05b971293f8c189fe0f8,SDRW2100001747.1.1.89,audio_pairing_unresolved,alignment_and_analysis,C:\Users\ari30\research\2026_summer_research\outputs\reports\PLAN_2021_wav_duration_recovery_20260803.csv,pending,target_unresolved
2021,1bda84ba0ce02fed685991f1da0dff3b75577fffa07b05b971293f8c189fe0f8,SDRW2100001747.1.1.9,audio_pairing_unresolved,alignment_and_analysis,C:\Users\ari30\research\2026_summer_research\outputs\reports\PLAN_2021_wav_duration_recovery_20260803.csv,pending,target_unresolved
2021,1bda84ba0ce02fed685991f1da0dff3b75577fffa07b05b971293f8c189fe0f8,SDRW2100001747.1.1.90,audio_pairing_unresolved,alignment_and_analysis,C:\Users\ari30\research\2026_summer_research\outputs\reports\PLAN_2021_wav_duration_recovery_20260803.csv,pending,target_unresolved
2021,1bda84ba0ce02fed685991f1da0dff3b75577fffa07b05b971293f8c189fe0f8,SDRW2100001747.1.1.91,audio_pairing_unresolved,alignment_and_analysis,C:\Users\ari30\research\2026_summer_research\outputs\reports\PLAN_2021_wav_duration_recovery_20260803.csv,pending,target_unresolved
2021,1bda84ba0ce02fed685991f1da0dff3b75577fffa07b05b971293f8c189fe0f8,SDRW2100001747.1.1.92,audio_pairing_unresolved,alignment_and_analysis,C:\Users\ari30\research\2026_summer_research\outputs\reports\PLAN_2021_wav_duration_recovery_20260803.csv,pending,target_unresolved
2021,1bda84ba0ce02fed685991f1da0dff3b75577fffa07b05b971293f8c189fe0f8,SDRW2100001747.1.1.93,audio_pairing_unresolved,alignment_and_analysis,C:\Users\ari30\research\2026_summer_research\outputs\reports\PLAN_2021_wav_duration_recovery_20260803.csv,pending,target_unresolved
2021,1bda84ba0ce02fed685991f1da0dff3b75577fffa07b05b971293f8c189fe0f8,SDRW2100001747.1.1.94,audio_pairing_unresolved,alignment_and_analysis,C:\Users\ari30\research\2026_summer_research\outputs\reports\PLAN_2021_wav_duration_recovery_20260803.csv,pending,target_unresolved
2021,1bda84ba0ce02fed685991f1da0dff3b75577fffa07b05b971293f8c189fe0f8,SDRW2100001747.1.1.95,audio_pairing_unresolved,alignment_and_analysis,C:\Users\ari30\research\2026_summer_research\outputs\reports\PLAN_2021_wav_duration_recovery_20260803.csv,pending,target_unresolved
2021,1bda84ba0ce02fed685991f1da0dff3b75577fffa07b05b971293f8c189fe0f8,SDRW2100001747.1.1.96,audio_pairing_unresolved,alignment_and_analysis,C:\Users\ari30\research\2026_summer_research\outputs\reports\PLAN_2021_wav_duration_recovery_20260803.csv,pending,target_unresolved
2021,1bda84ba0ce02fed685991f1da0dff3b75577fffa07b05b971293f8c189fe0f8,SDRW2100001747.1.1.97,audio_pairing_unresolved,alignment_and_analysis,C:\Users\ari30\research\2026_summer_research\outputs\reports\PLAN_2021_wav_duration_recovery_20260803.csv,pending,target_unresolved
2021,1bda84ba0ce02fed685991f1da0dff3b75577fffa07b05b971293f8c189fe0f8,SDRW2100001747.1.1.98,audio_pairing_unresolved,alignment_and_analysis,C:\Users\ari30\research\2026_summer_research\outputs\reports\PLAN_2021_wav_duration_recovery_20260803.csv,pending,target_unresolved
2021,1bda84ba0ce02fed685991f1da0dff3b75577fffa07b05b971293f8c189fe0f8,SDRW2100001747.1.1.99,audio_pairing_unresolved,alignment_and_analysis,C:\Users\ari30\research\2026_summer_research\outputs\reports\PLAN_2021_wav_duration_recovery_20260803.csv,pending,target_unresolved
2021,1bda84ba0ce02fed685991f1da0dff3b75577fffa07b05b971293f8c189fe0f8,SDRW2100001769.1.1.173,empty_reference_unresolved_symbol,alignment_and_analysis,D:\mfa_eojeol\logs\lab_build_2021_1bda84ba0ce0_unresolved_symbols.csv,pending,empty_reference_form; unresolved_symbol; no_LAB_generated
2021,1bda84ba0ce02fed685991f1da0dff3b75577fffa07b05b971293f8c189fe0f8,SDRW2100001775.1.1.295,empty_reference_unresolved_symbol,alignment_and_analysis,D:\mfa_eojeol\logs\lab_build_2021_1bda84ba0ce0_unresolved_symbols.csv,pending,empty_reference_form; unresolved_symbol; no_LAB_generated
2021,1bda84ba0ce02fed685991f1da0dff3b75577fffa07b05b971293f8c189fe0f8,SDRW2100001780.1.1.416,empty_reference_unresolved_symbol,alignment_and_analysis,D:\mfa_eojeol\logs\lab_build_2021_1bda84ba0ce0_unresolved_symbols.csv,pending,empty_reference_form; unresolved_symbol; no_LAB_generated
2021,1bda84ba0ce02fed685991f1da0dff3b75577fffa07b05b971293f8c189fe0f8,SDRW2100001791.1.1.270,empty_reference_unresolved_symbol,alignment_and_analysis,D:\mfa_eojeol\logs\lab_build_2021_1bda84ba0ce0_unresolved_symbols.csv,pending,empty_reference_form; unresolved_symbol; no_LAB_generated
2021,1bda84ba0ce02fed685991f1da0dff3b75577fffa07b05b971293f8c189fe0f8,SDRW2100001800.1.1.337,empty_reference_unresolved_symbol,alignment_and_analysis,D:\mfa_eojeol\logs\lab_build_2021_1bda84ba0ce0_unresolved_symbols.csv,pending,empty_reference_form; unresolved_symbol; no_LAB_generated
2021,1bda84ba0ce02fed685991f1da0dff3b75577fffa07b05b971293f8c189fe0f8,SDRW2100001802.1.1.153,empty_reference_unresolved_symbol,alignment_and_analysis,D:\mfa_eojeol\logs\lab_build_2021_1bda84ba0ce0_unresolved_symbols.csv,pending,empty_reference_form; unresolved_symbol; no_LAB_generated
2021,1bda84ba0ce02fed685991f1da0dff3b75577fffa07b05b971293f8c189fe0f8,SDRW2100001808.1.1.64,empty_reference_unresolved_symbol,alignment_and_analysis,D:\mfa_eojeol\logs\lab_build_2021_1bda84ba0ce0_unresolved_symbols.csv,pending,empty_reference_form; unresolved_symbol; no_LAB_generated
2021,1bda84ba0ce02fed685991f1da0dff3b75577fffa07b05b971293f8c189fe0f8,SDRW2100001815.1.1.1,empty_reference_unresolved_symbol,alignment_and_analysis,D:\mfa_eojeol\logs\lab_build_2021_1bda84ba0ce0_unresolved_symbols.csv,pending,empty_reference_form; unresolved_symbol; no_LAB_generated
2021,1bda84ba0ce02fed685991f1da0dff3b75577fffa07b05b971293f8c189fe0f8,SDRW2100001817.1.1.436,text_duration_impossible,alignment_and_analysis,,pending,source_segment_text_duration_impossible
2021,1bda84ba0ce02fed685991f1da0dff3b75577fffa07b05b971293f8c189fe0f8,SDRW2100001817.1.1.506,text_duration_impossible,alignment_and_analysis,,pending,source_segment_text_duration_impossible
2021,1bda84ba0ce02fed685991f1da0dff3b75577fffa07b05b971293f8c189fe0f8,SDRW2100001817.1.1.535,text_duration_impossible,alignment_and_analysis,,pending,source_segment_text_duration_impossible
2021,1bda84ba0ce02fed685991f1da0dff3b75577fffa07b05b971293f8c189fe0f8,SDRW2100001852.1.1.242,empty_reference_unresolved_symbol,alignment_and_analysis,D:\mfa_eojeol\logs\lab_build_2021_1bda84ba0ce0_unresolved_symbols.csv,pending,empty_reference_form; unresolved_symbol; no_LAB_generated
2021,1bda84ba0ce02fed685991f1da0dff3b75577fffa07b05b971293f8c189fe0f8,SDRW2100001872.1.1.1,audio_pairing_unresolved,alignment_and_analysis,C:\Users\ari30\research\2026_summer_research\outputs\reports\PLAN_2021_wav_duration_recovery_20260803.csv,pending,target_unresolved
2021,1bda84ba0ce02fed685991f1da0dff3b75577fffa07b05b971293f8c189fe0f8,SDRW2100001872.1.1.10,audio_pairing_unresolved,alignment_and_analysis,C:\Users\ari30\research\2026_summer_research\outputs\reports\PLAN_2021_wav_duration_recovery_20260803.csv,pending,target_unresolved
2021,1bda84ba0ce02fed685991f1da0dff3b75577fffa07b05b971293f8c189fe0f8,SDRW2100001872.1.1.100,audio_pairing_unresolved,alignment_and_analysis,C:\Users\ari30\research\2026_summer_research\outputs\reports\PLAN_2021_wav_duration_recovery_20260803.csv,pending,target_unresolved
2021,1bda84ba0ce02fed685991f1da0dff3b75577fffa07b05b971293f8c189fe0f8,SDRW2100001872.1.1.101,audio_pairing_unresolved,alignment_and_analysis,C:\Users\ari30\research\2026_summer_research\outputs\reports\PLAN_2021_wav_duration_recovery_20260803.csv,pending,target_unresolved
2021,1bda84ba0ce02fed685991f1da0dff3b75577fffa07b05b971293f8c189fe0f8,SDRW2100001872.1.1.102,audio_pairing_unresolved,alignment_and_analysis,C:\Users\ari30\research\2026_summer_research\outputs\reports\PLAN_2021_wav_duration_recovery_20260803.csv,pending,target_unresolved
2021,1bda84ba0ce02fed685991f1da0dff3b75577fffa07b05b971293f8c189fe0f8,SDRW2100001872.1.1.103,audio_pairing_unresolved,alignment_and_analysis,C:\Users\ari30\research\2026_summer_research\outputs\reports\PLAN_2021_wav_duration_recovery_20260803.csv,pending,target_unresolved
2021,1bda84ba0ce02fed685991f1da0dff3b75577fffa07b05b971293f8c189fe0f8,SDRW2100001872.1.1.104,audio_pairing_unresolved,alignment_and_analysis,C:\Users\ari30\research\2026_summer_research\outputs\reports\PLAN_2021_wav_duration_recovery_20260803.csv,pending,target_unresolved
2021,1bda84ba0ce02fed685991f1da0dff3b75577fffa07b05b971293f8c189fe0f8,SDRW2100001872.1.1.105,audio_pairing_unresolved,alignment_and_analysis,C:\Users\ari30\research\2026_summer_research\outputs\reports\PLAN_2021_wav_duration_recovery_20260803.csv,pending,target_unresolved
2021,1bda84ba0ce02fed685991f1da0dff3b75577fffa07b05b971293f8c189fe0f8,SDRW2100001872.1.1.106,audio_pairing_unresolved,alignment_and_analysis,C:\Users\ari30\research\2026_summer_research\outputs\reports\PLAN_2021_wav_duration_recovery_20260803.csv,pending,target_unresolved
2021,1bda84ba0ce02fed685991f1da0dff3b75577fffa07b05b971293f8c189fe0f8,SDRW2100001872.1.1.107,audio_pairing_unresolved,alignment_and_analysis,C:\Users\ari30\research\2026_summer_research\outputs\reports\PLAN_2021_wav_duration_recovery_20260803.csv,pending,target_unresolved
2021,1bda84ba0ce02fed685991f1da0dff3b75577fffa07b05b971293f8c189fe0f8,SDRW2100001872.1.1.108,audio_pairing_unresolved,alignment_and_analysis,C:\Users\ari30\research\2026_summer_research\outputs\reports\PLAN_2021_wav_duration_recovery_20260803.csv,pending,target_unresolved
2021,1bda84ba0ce02fed685991f1da0dff3b75577fffa07b05b971293f8c189fe0f8,SDRW2100001872.1.1.109,audio_pairing_unresolved,alignment_and_analysis,C:\Users\ari30\research\2026_summer_research\outputs\reports\PLAN_2021_wav_duration_recovery_20260803.csv,pending,target_unresolved
2021,1bda84ba0ce02fed685991f1da0dff3b75577fffa07b05b971293f8c189fe0f8,SDRW2100001872.1.1.11,audio_pairing_unresolved,alignment_and_analysis,C:\Users\ari30\research\2026_summer_research\outputs\reports\PLAN_2021_wav_duration_recovery_20260803.csv,pending,target_unresolved
2021,1bda84ba0ce02fed685991f1da0dff3b75577fffa07b05b971293f8c189fe0f8,SDRW2100001872.1.1.110,audio_pairing_unresolved,alignment_and_analysis,C:\Users\ari30\research\2026_summer_research\outputs\reports\PLAN_2021_wav_duration_recovery_20260803.csv,pending,target_unresolved
2021,1bda84ba0ce02fed685991f1da0dff3b75577fffa07b05b971293f8c189fe0f8,SDRW2100001872.1.1.111,audio_pairing_unresolved,alignment_and_analysis,C:\Users\ari30\research\2026_summer_research\outputs\reports\PLAN_2021_wav_duration_recovery_20260803.csv,pending,target_unresolved
2021,1bda84ba0ce02fed685991f1da0dff3b75577fffa07b05b971293f8c189fe0f8,SDRW2100001872.1.1.112,audio_pairing_unresolved,alignment_and_analysis,C:\Users\ari30\research\2026_summer_research\outputs\reports\PLAN_2021_wav_duration_recovery_20260803.csv,pending,target_unresolved
2021,1bda84ba0ce02fed685991f1da0dff3b75577fffa07b05b971293f8c189fe0f8,SDRW2100001872.1.1.113,audio_pairing_unresolved,alignment_and_analysis,C:\Users\ari30\research\2026_summer_research\outputs\reports\PLAN_2021_wav_duration_recovery_20260803.csv,pending,target_unresolved
2021,1bda84ba0ce02fed685991f1da0dff3b75577fffa07b05b971293f8c189fe0f8,SDRW2100001872.1.1.114,audio_pairing_unresolved,alignment_and_analysis,C:\Users\ari30\research\2026_summer_research\outputs\reports\PLAN_2021_wav_duration_recovery_20260803.csv,pending,target_unresolved
2021,1bda84ba0ce02fed685991f1da0dff3b75577fffa07b05b971293f8c189fe0f8,SDRW2100001872.1.1.115,audio_pairing_unresolved,alignment_and_analysis,C:\Users\ari30\research\2026_summer_research\outputs\reports\PLAN_2021_wav_duration_recovery_20260803.csv,pending,target_unresolved
2021,1bda84ba0ce02fed685991f1da0dff3b75577fffa07b05b971293f8c189fe0f8,SDRW2100001872.1.1.116,audio_pairing_unresolved,alignment_and_analysis,C:\Users\ari30\research\2026_summer_research\outputs\reports\PLAN_2021_wav_duration_recovery_20260803.csv,pending,target_unresolved
2021,1bda84ba0ce02fed685991f1da0dff3b75577fffa07b05b971293f8c189fe0f8,SDRW2100001872.1.1.117,audio_pairing_unresolved,alignment_and_analysis,C:\Users\ari30\research\2026_summer_research\outputs\reports\PLAN_2021_wav_duration_recovery_20260803.csv,pending,target_unresolved
2021,1bda84ba0ce02fed685991f1da0dff3b75577fffa07b05b971293f8c189fe0f8,SDRW2100001872.1.1.118,audio_pairing_unresolved,alignment_and_analysis,C:\Users\ari30\research\2026_summer_research\outputs\reports\PLAN_2021_wav_duration_recovery_20260803.csv,pending,target_unresolved
2021,1bda84ba0ce02fed685991f1da0dff3b75577fffa07b05b971293f8c189fe0f8,SDRW2100001872.1.1.119,audio_pairing_unresolved,alignment_and_analysis,C:\Users\ari30\research\2026_summer_research\outputs\reports\PLAN_2021_wav_duration_recovery_20260803.csv,pending,target_unresolved
2021,1bda84ba0ce02fed685991f1da0dff3b75577fffa07b05b971293f8c189fe0f8,SDRW2100001872.1.1.12,audio_pairing_unresolved,alignment_and_analysis,C:\Users\ari30\research\2026_summer_research\outputs\reports\PLAN_2021_wav_duration_recovery_20260803.csv,pending,target_unresolved
2021,1bda84ba0ce02fed685991f1da0dff3b75577fffa07b05b971293f8c189fe0f8,SDRW2100001872.1.1.120,audio_pairing_unresolved,alignment_and_analysis,C:\Users\ari30\research\2026_summer_research\outputs\reports\PLAN_2021_wav_duration_recovery_20260803.csv,pending,target_unresolved
2021,1bda84ba0ce02fed685991f1da0dff3b75577fffa07b05b971293f8c189fe0f8,SDRW2100001872.1.1.121,audio_pairing_unresolved,alignment_and_analysis,C:\Users\ari30\research\2026_summer_research\outputs\reports\PLAN_2021_wav_duration_recovery_20260803.csv,pending,target_unresolved
2021,1bda84ba0ce02fed685991f1da0dff3b75577fffa07b05b971293f8c189fe0f8,SDRW2100001872.1.1.122,audio_pairing_unresolved,alignment_and_analysis,C:\Users\ari30\research\2026_summer_research\outputs\reports\PLAN_2021_wav_duration_recovery_20260803.csv,pending,target_unresolved
2021,1bda84ba0ce02fed685991f1da0dff3b75577fffa07b05b971293f8c189fe0f8,SDRW2100001872.1.1.123,audio_pairing_unresolved,alignment_and_analysis,C:\Users\ari30\research\2026_summer_research\outputs\reports\PLAN_2021_wav_duration_recovery_20260803.csv,pending,target_unresolved
2021,1bda84ba0ce02fed685991f1da0dff3b75577fffa07b05b971293f8c189fe0f8,SDRW2100001872.1.1.124,audio_pairing_unresolved,alignment_and_analysis,C:\Users\ari30\research\2026_summer_research\outputs\reports\PLAN_2021_wav_duration_recovery_20260803.csv,pending,target_unresolved
2021,1bda84ba0ce02fed685991f1da0dff3b75577fffa07b05b971293f8c189fe0f8,SDRW2100001872.1.1.125,audio_pairing_unresolved,alignment_and_analysis,C:\Users\ari30\research\2026_summer_research\outputs\reports\PLAN_2021_wav_duration_recovery_20260803.csv,pending,target_unresolved
2021,1bda84ba0ce02fed685991f1da0dff3b75577fffa07b05b971293f8c189fe0f8,SDRW2100001872.1.1.126,audio_pairing_unresolved,alignment_and_analysis,C:\Users\ari30\research\2026_summer_research\outputs\reports\PLAN_2021_wav_duration_recovery_20260803.csv,pending,target_unresolved
2021,1bda84ba0ce02fed685991f1da0dff3b75577fffa07b05b971293f8c189fe0f8,SDRW2100001872.1.1.127,audio_pairing_unresolved,alignment_and_analysis,C:\Users\ari30\research\2026_summer_research\outputs\reports\PLAN_2021_wav_duration_recovery_20260803.csv,pending,target_unresolved
2021,1bda84ba0ce02fed685991f1da0dff3b75577fffa07b05b971293f8c189fe0f8,SDRW2100001872.1.1.128,audio_pairing_unresolved,alignment_and_analysis,C:\Users\ari30\research\2026_summer_research\outputs\reports\PLAN_2021_wav_duration_recovery_20260803.csv,pending,target_unresolved
2021,1bda84ba0ce02fed685991f1da0dff3b75577fffa07b05b971293f8c189fe0f8,SDRW2100001872.1.1.129,audio_pairing_unresolved,alignment_and_analysis,C:\Users\ari30\research\2026_summer_research\outputs\reports\PLAN_2021_wav_duration_recovery_20260803.csv,pending,target_unresolved
2021,1bda84ba0ce02fed685991f1da0dff3b75577fffa07b05b971293f8c189fe0f8,SDRW2100001872.1.1.13,audio_pairing_unresolved,alignment_and_analysis,C:\Users\ari30\research\2026_summer_research\outputs\reports\PLAN_2021_wav_duration_recovery_20260803.csv,pending,target_unresolved
2021,1bda84ba0ce02fed685991f1da0dff3b75577fffa07b05b971293f8c189fe0f8,SDRW2100001872.1.1.130,audio_pairing_unresolved,alignment_and_analysis,C:\Users\ari30\research\2026_summer_research\outputs\reports\PLAN_2021_wav_duration_recovery_20260803.csv,pending,target_unresolved
2021,1bda84ba0ce02fed685991f1da0dff3b75577fffa07b05b971293f8c189fe0f8,SDRW2100001872.1.1.131,audio_pairing_unresolved,alignment_and_analysis,C:\Users\ari30\research\2026_summer_research\outputs\reports\PLAN_2021_wav_duration_recovery_20260803.csv,pending,target_unresolved
2021,1bda84ba0ce02fed685991f1da0dff3b75577fffa07b05b971293f8c189fe0f8,SDRW2100001872.1.1.132,audio_pairing_unresolved,alignment_and_analysis,C:\Users\ari30\research\2026_summer_research\outputs\reports\PLAN_2021_wav_duration_recovery_20260803.csv,pending,target_unresolved
2021,1bda84ba0ce02fed685991f1da0dff3b75577fffa07b05b971293f8c189fe0f8,SDRW2100001872.1.1.133,audio_pairing_unresolved,alignment_and_analysis,C:\Users\ari30\research\2026_summer_research\outputs\reports\PLAN_2021_wav_duration_recovery_20260803.csv,pending,target_unresolved
2021,1bda84ba0ce02fed685991f1da0dff3b75577fffa07b05b971293f8c189fe0f8,SDRW2100001872.1.1.134,audio_pairing_unresolved,alignment_and_analysis,C:\Users\ari30\research\2026_summer_research\outputs\reports\PLAN_2021_wav_duration_recovery_20260803.csv,pending,target_unresolved
2021,1bda84ba0ce02fed685991f1da0dff3b75577fffa07b05b971293f8c189fe0f8,SDRW2100001872.1.1.135,audio_pairing_unresolved,alignment_and_analysis,C:\Users\ari30\research\2026_summer_research\outputs\reports\PLAN_2021_wav_duration_recovery_20260803.csv,pending,target_unresolved
2021,1bda84ba0ce02fed685991f1da0dff3b75577fffa07b05b971293f8c189fe0f8,SDRW2100001872.1.1.136,audio_pairing_unresolved,alignment_and_analysis,C:\Users\ari30\research\2026_summer_research\outputs\reports\PLAN_2021_wav_duration_recovery_20260803.csv,pending,target_unresolved
2021,1bda84ba0ce02fed685991f1da0dff3b75577fffa07b05b971293f8c189fe0f8,SDRW2100001872.1.1.137,audio_pairing_unresolved,alignment_and_analysis,C:\Users\ari30\research\2026_summer_research\outputs\reports\PLAN_2021_wav_duration_recovery_20260803.csv,pending,target_unresolved
2021,1bda84ba0ce02fed685991f1da0dff3b75577fffa07b05b971293f8c189fe0f8,SDRW2100001872.1.1.138,audio_pairing_unresolved,alignment_and_analysis,C:\Users\ari30\research\2026_summer_research\outputs\reports\PLAN_2021_wav_duration_recovery_20260803.csv,pending,target_unresolved
2021,1bda84ba0ce02fed685991f1da0dff3b75577fffa07b05b971293f8c189fe0f8,SDRW2100001872.1.1.139,audio_pairing_unresolved,alignment_and_analysis,C:\Users\ari30\research\2026_summer_research\outputs\reports\PLAN_2021_wav_duration_recovery_20260803.csv,pending,target_unresolved
2021,1bda84ba0ce02fed685991f1da0dff3b75577fffa07b05b971293f8c189fe0f8,SDRW2100001872.1.1.14,audio_pairing_unresolved,alignment_and_analysis,C:\Users\ari30\research\2026_summer_research\outputs\reports\PLAN_2021_wav_duration_recovery_20260803.csv,pending,target_unresolved
2021,1bda84ba0ce02fed685991f1da0dff3b75577fffa07b05b971293f8c189fe0f8,SDRW2100001872.1.1.140,audio_pairing_unresolved,alignment_and_analysis,C:\Users\ari30\research\2026_summer_research\outputs\reports\PLAN_2021_wav_duration_recovery_20260803.csv,pending,target_unresolved
2021,1bda84ba0ce02fed685991f1da0dff3b75577fffa07b05b971293f8c189fe0f8,SDRW2100001872.1.1.141,audio_pairing_unresolved,alignment_and_analysis,C:\Users\ari30\research\2026_summer_research\outputs\reports\PLAN_2021_wav_duration_recovery_20260803.csv,pending,target_unresolved
2021,1bda84ba0ce02fed685991f1da0dff3b75577fffa07b05b971293f8c189fe0f8,SDRW2100001872.1.1.142,audio_pairing_unresolved,alignment_and_analysis,C:\Users\ari30\research\2026_summer_research\outputs\reports\PLAN_2021_wav_duration_recovery_20260803.csv,pending,target_unresolved
2021,1bda84ba0ce02fed685991f1da0dff3b75577fffa07b05b971293f8c189fe0f8,SDRW2100001872.1.1.143,audio_pairing_unresolved,alignment_and_analysis,C:\Users\ari30\research\2026_summer_research\outputs\reports\PLAN_2021_wav_duration_recovery_20260803.csv,pending,target_unresolved
2021,1bda84ba0ce02fed685991f1da0dff3b75577fffa07b05b971293f8c189fe0f8,SDRW2100001872.1.1.144,audio_pairing_unresolved,alignment_and_analysis,C:\Users\ari30\research\2026_summer_research\outputs\reports\PLAN_2021_wav_duration_recovery_20260803.csv,pending,target_unresolved
2021,1bda84ba0ce02fed685991f1da0dff3b75577fffa07b05b971293f8c189fe0f8,SDRW2100001872.1.1.145,audio_pairing_unresolved,alignment_and_analysis,C:\Users\ari30\research\2026_summer_research\outputs\reports\PLAN_2021_wav_duration_recovery_20260803.csv,pending,target_unresolved
2021,1bda84ba0ce02fed685991f1da0dff3b75577fffa07b05b971293f8c189fe0f8,SDRW2100001872.1.1.146,audio_pairing_unresolved,alignment_and_analysis,C:\Users\ari30\research\2026_summer_research\outputs\reports\PLAN_2021_wav_duration_recovery_20260803.csv,pending,target_unresolved
2021,1bda84ba0ce02fed685991f1da0dff3b75577fffa07b05b971293f8c189fe0f8,SDRW2100001872.1.1.147,audio_pairing_unresolved,alignment_and_analysis,C:\Users\ari30\research\2026_summer_research\outputs\reports\PLAN_2021_wav_duration_recovery_20260803.csv,pending,target_unresolved
2021,1bda84ba0ce02fed685991f1da0dff3b75577fffa07b05b971293f8c189fe0f8,SDRW2100001872.1.1.148,audio_pairing_unresolved,alignment_and_analysis,C:\Users\ari30\research\2026_summer_research\outputs\reports\PLAN_2021_wav_duration_recovery_20260803.csv,pending,target_unresolved
2021,1bda84ba0ce02fed685991f1da0dff3b75577fffa07b05b971293f8c189fe0f8,SDRW2100001872.1.1.149,audio_pairing_unresolved,alignment_and_analysis,C:\Users\ari30\research\2026_summer_research\outputs\reports\PLAN_2021_wav_duration_recovery_20260803.csv,pending,target_unresolved
2021,1bda84ba0ce02fed685991f1da0dff3b75577fffa07b05b971293f8c189fe0f8,SDRW2100001872.1.1.15,audio_pairing_unresolved,alignment_and_analysis,C:\Users\ari30\research\2026_summer_research\outputs\reports\PLAN_2021_wav_duration_recovery_20260803.csv,pending,target_unresolved
2021,1bda84ba0ce02fed685991f1da0dff3b75577fffa07b05b971293f8c189fe0f8,SDRW2100001872.1.1.150,audio_pairing_unresolved,alignment_and_analysis,C:\Users\ari30\research\2026_summer_research\outputs\reports\PLAN_2021_wav_duration_recovery_20260803.csv,pending,target_unresolved
2021,1bda84ba0ce02fed685991f1da0dff3b75577fffa07b05b971293f8c189fe0f8,SDRW2100001872.1.1.151,audio_pairing_unresolved,alignment_and_analysis,C:\Users\ari30\research\2026_summer_research\outputs\reports\PLAN_2021_wav_duration_recovery_20260803.csv,pending,target_unresolved
2021,1bda84ba0ce02fed685991f1da0dff3b75577fffa07b05b971293f8c189fe0f8,SDRW2100001872.1.1.152,audio_pairing_unresolved,alignment_and_analysis,C:\Users\ari30\research\2026_summer_research\outputs\reports\PLAN_2021_wav_duration_recovery_20260803.csv,pending,target_unresolved
2021,1bda84ba0ce02fed685991f1da0dff3b75577fffa07b05b971293f8c189fe0f8,SDRW2100001872.1.1.153,audio_pairing_unresolved,alignment_and_analysis,C:\Users\ari30\research\2026_summer_research\outputs\reports\PLAN_2021_wav_duration_recovery_20260803.csv,pending,target_unresolved
2021,1bda84ba0ce02fed685991f1da0dff3b75577fffa07b05b971293f8c189fe0f8,SDRW2100001872.1.1.154,audio_pairing_unresolved,alignment_and_analysis,C:\Users\ari30\research\2026_summer_research\outputs\reports\PLAN_2021_wav_duration_recovery_20260803.csv,pending,target_unresolved
2021,1bda84ba0ce02fed685991f1da0dff3b75577fffa07b05b971293f8c189fe0f8,SDRW2100001872.1.1.155,audio_pairing_unresolved,alignment_and_analysis,C:\Users\ari30\research\2026_summer_research\outputs\reports\PLAN_2021_wav_duration_recovery_20260803.csv,pending,target_unresolved
2021,1bda84ba0ce02fed685991f1da0dff3b75577fffa07b05b971293f8c189fe0f8,SDRW2100001872.1.1.156,audio_pairing_unresolved,alignment_and_analysis,C:\Users\ari30\research\2026_summer_research\outputs\reports\PLAN_2021_wav_duration_recovery_20260803.csv,pending,target_unresolved
2021,1bda84ba0ce02fed685991f1da0dff3b75577fffa07b05b971293f8c189fe0f8,SDRW2100001872.1.1.157,audio_pairing_unresolved,alignment_and_analysis,C:\Users\ari30\research\2026_summer_research\outputs\reports\PLAN_2021_wav_duration_recovery_20260803.csv,pending,target_unresolved
2021,1bda84ba0ce02fed685991f1da0dff3b75577fffa07b05b971293f8c189fe0f8,SDRW2100001872.1.1.158,audio_pairing_unresolved,alignment_and_analysis,C:\Users\ari30\research\2026_summer_research\outputs\reports\PLAN_2021_wav_duration_recovery_20260803.csv,pending,target_unresolved
2021,1bda84ba0ce02fed685991f1da0dff3b75577fffa07b05b971293f8c189fe0f8,SDRW2100001872.1.1.159,audio_pairing_unresolved,alignment_and_analysis,C:\Users\ari30\research\2026_summer_research\outputs\reports\PLAN_2021_wav_duration_recovery_20260803.csv,pending,target_unresolved
2021,1bda84ba0ce02fed685991f1da0dff3b75577fffa07b05b971293f8c189fe0f8,SDRW2100001872.1.1.16,audio_pairing_unresolved,alignment_and_analysis,C:\Users\ari30\research\2026_summer_research\outputs\reports\PLAN_2021_wav_duration_recovery_20260803.csv,pending,target_unresolved
2021,1bda84ba0ce02fed685991f1da0dff3b75577fffa07b05b971293f8c189fe0f8,SDRW2100001872.1.1.160,audio_pairing_unresolved,alignment_and_analysis,C:\Users\ari30\research\2026_summer_research\outputs\reports\PLAN_2021_wav_duration_recovery_20260803.csv,pending,target_unresolved
2021,1bda84ba0ce02fed685991f1da0dff3b75577fffa07b05b971293f8c189fe0f8,SDRW2100001872.1.1.161,audio_pairing_unresolved,alignment_and_analysis,C:\Users\ari30\research\2026_summer_research\outputs\reports\PLAN_2021_wav_duration_recovery_20260803.csv,pending,target_unresolved
2021,1bda84ba0ce02fed685991f1da0dff3b75577fffa07b05b971293f8c189fe0f8,SDRW2100001872.1.1.162,audio_pairing_unresolved,alignment_and_analysis,C:\Users\ari30\research\2026_summer_research\outputs\reports\PLAN_2021_wav_duration_recovery_20260803.csv,pending,target_unresolved
2021,1bda84ba0ce02fed685991f1da0dff3b75577fffa07b05b971293f8c189fe0f8,SDRW2100001872.1.1.163,audio_pairing_unresolved,alignment_and_analysis,C:\Users\ari30\research\2026_summer_research\outputs\reports\PLAN_2021_wav_duration_recovery_20260803.csv,pending,target_unresolved
2021,1bda84ba0ce02fed685991f1da0dff3b75577fffa07b05b971293f8c189fe0f8,SDRW2100001872.1.1.164,audio_pairing_unresolved,alignment_and_analysis,C:\Users\ari30\research\2026_summer_research\outputs\reports\PLAN_2021_wav_duration_recovery_20260803.csv,pending,target_unresolved
2021,1bda84ba0ce02fed685991f1da0dff3b75577fffa07b05b971293f8c189fe0f8,SDRW2100001872.1.1.165,audio_pairing_unresolved,alignment_and_analysis,C:\Users\ari30\research\2026_summer_research\outputs\reports\PLAN_2021_wav_duration_recovery_20260803.csv,pending,target_unresolved
2021,1bda84ba0ce02fed685991f1da0dff3b75577fffa07b05b971293f8c189fe0f8,SDRW2100001872.1.1.166,audio_pairing_unresolved,alignment_and_analysis,C:\Users\ari30\research\2026_summer_research\outputs\reports\PLAN_2021_wav_duration_recovery_20260803.csv,pending,target_unresolved
2021,1bda84ba0ce02fed685991f1da0dff3b75577fffa07b05b971293f8c189fe0f8,SDRW2100001872.1.1.167,audio_pairing_unresolved,alignment_and_analysis,C:\Users\ari30\research\2026_summer_research\outputs\reports\PLAN_2021_wav_duration_recovery_20260803.csv,pending,target_unresolved
2021,1bda84ba0ce02fed685991f1da0dff3b75577fffa07b05b971293f8c189fe0f8,SDRW2100001872.1.1.168,audio_pairing_unresolved,alignment_and_analysis,C:\Users\ari30\research\2026_summer_research\outputs\reports\PLAN_2021_wav_duration_recovery_20260803.csv,pending,target_unresolved
2021,1bda84ba0ce02fed685991f1da0dff3b75577fffa07b05b971293f8c189fe0f8,SDRW2100001872.1.1.169,audio_pairing_unresolved,alignment_and_analysis,C:\Users\ari30\research\2026_summer_research\outputs\reports\PLAN_2021_wav_duration_recovery_20260803.csv,pending,target_unresolved
2021,1bda84ba0ce02fed685991f1da0dff3b75577fffa07b05b971293f8c189fe0f8,SDRW2100001872.1.1.17,audio_pairing_unresolved,alignment_and_analysis,C:\Users\ari30\research\2026_summer_research\outputs\reports\PLAN_2021_wav_duration_recovery_20260803.csv,pending,target_unresolved
2021,1bda84ba0ce02fed685991f1da0dff3b75577fffa07b05b971293f8c189fe0f8,SDRW2100001872.1.1.170,audio_pairing_unresolved,alignment_and_analysis,C:\Users\ari30\research\2026_summer_research\outputs\reports\PLAN_2021_wav_duration_recovery_20260803.csv,pending,target_unresolved
2021,1bda84ba0ce02fed685991f1da0dff3b75577fffa07b05b971293f8c189fe0f8,SDRW2100001872.1.1.172,audio_pairing_unresolved,alignment_and_analysis,C:\Users\ari30\research\2026_summer_research\outputs\reports\PLAN_2021_wav_duration_recovery_20260803.csv,pending,target_unresolved
2021,1bda84ba0ce02fed685991f1da0dff3b75577fffa07b05b971293f8c189fe0f8,SDRW2100001872.1.1.173,audio_pairing_unresolved,alignment_and_analysis,C:\Users\ari30\research\2026_summer_research\outputs\reports\PLAN_2021_wav_duration_recovery_20260803.csv,pending,target_unresolved
2021,1bda84ba0ce02fed685991f1da0dff3b75577fffa07b05b971293f8c189fe0f8,SDRW2100001872.1.1.174,audio_pairing_unresolved,alignment_and_analysis,C:\Users\ari30\research\2026_summer_research\outputs\reports\PLAN_2021_wav_duration_recovery_20260803.csv,pending,target_unresolved
2021,1bda84ba0ce02fed685991f1da0dff3b75577fffa07b05b971293f8c189fe0f8,SDRW2100001872.1.1.175,audio_pairing_unresolved,alignment_and_analysis,C:\Users\ari30\research\2026_summer_research\outputs\reports\PLAN_2021_wav_duration_recovery_20260803.csv,pending,target_unresolved
2021,1bda84ba0ce02fed685991f1da0dff3b75577fffa07b05b971293f8c189fe0f8,SDRW2100001872.1.1.176,audio_pairing_unresolved,alignment_and_analysis,C:\Users\ari30\research\2026_summer_research\outputs\reports\PLAN_2021_wav_duration_recovery_20260803.csv,pending,target_unresolved
2021,1bda84ba0ce02fed685991f1da0dff3b75577fffa07b05b971293f8c189fe0f8,SDRW2100001872.1.1.177,audio_pairing_unresolved,alignment_and_analysis,C:\Users\ari30\research\2026_summer_research\outputs\reports\PLAN_2021_wav_duration_recovery_20260803.csv,pending,target_unresolved
2021,1bda84ba0ce02fed685991f1da0dff3b75577fffa07b05b971293f8c189fe0f8,SDRW2100001872.1.1.178,audio_pairing_unresolved,alignment_and_analysis,C:\Users\ari30\research\2026_summer_research\outputs\reports\PLAN_2021_wav_duration_recovery_20260803.csv,pending,target_unresolved
2021,1bda84ba0ce02fed685991f1da0dff3b75577fffa07b05b971293f8c189fe0f8,SDRW2100001872.1.1.179,audio_pairing_unresolved,alignment_and_analysis,C:\Users\ari30\research\2026_summer_research\outputs\reports\PLAN_2021_wav_duration_recovery_20260803.csv,pending,target_unresolved
2021,1bda84ba0ce02fed685991f1da0dff3b75577fffa07b05b971293f8c189fe0f8,SDRW2100001872.1.1.18,audio_pairing_unresolved,alignment_and_analysis,C:\Users\ari30\research\2026_summer_research\outputs\reports\PLAN_2021_wav_duration_recovery_20260803.csv,pending,target_unresolved
2021,1bda84ba0ce02fed685991f1da0dff3b75577fffa07b05b971293f8c189fe0f8,SDRW2100001872.1.1.180,audio_pairing_unresolved,alignment_and_analysis,C:\Users\ari30\research\2026_summer_research\outputs\reports\PLAN_2021_wav_duration_recovery_20260803.csv,pending,target_unresolved
2021,1bda84ba0ce02fed685991f1da0dff3b75577fffa07b05b971293f8c189fe0f8,SDRW2100001872.1.1.181,audio_pairing_unresolved,alignment_and_analysis,C:\Users\ari30\research\2026_summer_research\outputs\reports\PLAN_2021_wav_duration_recovery_20260803.csv,pending,target_unresolved
2021,1bda84ba0ce02fed685991f1da0dff3b75577fffa07b05b971293f8c189fe0f8,SDRW2100001872.1.1.182,audio_pairing_unresolved,alignment_and_analysis,C:\Users\ari30\research\2026_summer_research\outputs\reports\PLAN_2021_wav_duration_recovery_20260803.csv,pending,target_unresolved
2021,1bda84ba0ce02fed685991f1da0dff3b75577fffa07b05b971293f8c189fe0f8,SDRW2100001872.1.1.183,audio_pairing_unresolved,alignment_and_analysis,C:\Users\ari30\research\2026_summer_research\outputs\reports\PLAN_2021_wav_duration_recovery_20260803.csv,pending,target_unresolved
2021,1bda84ba0ce02fed685991f1da0dff3b75577fffa07b05b971293f8c189fe0f8,SDRW2100001872.1.1.184,audio_pairing_unresolved,alignment_and_analysis,C:\Users\ari30\research\2026_summer_research\outputs\reports\PLAN_2021_wav_duration_recovery_20260803.csv,pending,target_unresolved
2021,1bda84ba0ce02fed685991f1da0dff3b75577fffa07b05b971293f8c189fe0f8,SDRW2100001872.1.1.185,audio_pairing_unresolved,alignment_and_analysis,C:\Users\ari30\research\2026_summer_research\outputs\reports\PLAN_2021_wav_duration_recovery_20260803.csv,pending,target_unresolved
2021,1bda84ba0ce02fed685991f1da0dff3b75577fffa07b05b971293f8c189fe0f8,SDRW2100001872.1.1.187,audio_pairing_unresolved,alignment_and_analysis,C:\Users\ari30\research\2026_summer_research\outputs\reports\PLAN_2021_wav_duration_recovery_20260803.csv,pending,target_unresolved
2021,1bda84ba0ce02fed685991f1da0dff3b75577fffa07b05b971293f8c189fe0f8,SDRW2100001872.1.1.188,audio_pairing_unresolved,alignment_and_analysis,C:\Users\ari30\research\2026_summer_research\outputs\reports\PLAN_2021_wav_duration_recovery_20260803.csv,pending,target_unresolved
2021,1bda84ba0ce02fed685991f1da0dff3b75577fffa07b05b971293f8c189fe0f8,SDRW2100001872.1.1.189,audio_pairing_unresolved,alignment_and_analysis,C:\Users\ari30\research\2026_summer_research\outputs\reports\PLAN_2021_wav_duration_recovery_20260803.csv,pending,target_unresolved
2021,1bda84ba0ce02fed685991f1da0dff3b75577fffa07b05b971293f8c189fe0f8,SDRW2100001872.1.1.19,audio_pairing_unresolved,alignment_and_analysis,C:\Users\ari30\research\2026_summer_research\outputs\reports\PLAN_2021_wav_duration_recovery_20260803.csv,pending,target_unresolved
2021,1bda84ba0ce02fed685991f1da0dff3b75577fffa07b05b971293f8c189fe0f8,SDRW2100001872.1.1.190,audio_pairing_unresolved,alignment_and_analysis,C:\Users\ari30\research\2026_summer_research\outputs\reports\PLAN_2021_wav_duration_recovery_20260803.csv,pending,target_unresolved
2021,1bda84ba0ce02fed685991f1da0dff3b75577fffa07b05b971293f8c189fe0f8,SDRW2100001872.1.1.191,audio_pairing_unresolved,alignment_and_analysis,C:\Users\ari30\research\2026_summer_research\outputs\reports\PLAN_2021_wav_duration_recovery_20260803.csv,pending,target_unresolved
2021,1bda84ba0ce02fed685991f1da0dff3b75577fffa07b05b971293f8c189fe0f8,SDRW2100001872.1.1.192,audio_pairing_unresolved,alignment_and_analysis,C:\Users\ari30\research\2026_summer_research\outputs\reports\PLAN_2021_wav_duration_recovery_20260803.csv,pending,target_unresolved
2021,1bda84ba0ce02fed685991f1da0dff3b75577fffa07b05b971293f8c189fe0f8,SDRW2100001872.1.1.193,audio_pairing_unresolved,alignment_and_analysis,C:\Users\ari30\research\2026_summer_research\outputs\reports\PLAN_2021_wav_duration_recovery_20260803.csv,pending,target_unresolved
2021,1bda84ba0ce02fed685991f1da0dff3b75577fffa07b05b971293f8c189fe0f8,SDRW2100001872.1.1.194,audio_pairing_unresolved,alignment_and_analysis,C:\Users\ari30\research\2026_summer_research\outputs\reports\PLAN_2021_wav_duration_recovery_20260803.csv,pending,target_unresolved
2021,1bda84ba0ce02fed685991f1da0dff3b75577fffa07b05b971293f8c189fe0f8,SDRW2100001872.1.1.195,audio_pairing_unresolved,alignment_and_analysis,C:\Users\ari30\research\2026_summer_research\outputs\reports\PLAN_2021_wav_duration_recovery_20260803.csv,pending,target_unresolved
2021,1bda84ba0ce02fed685991f1da0dff3b75577fffa07b05b971293f8c189fe0f8,SDRW2100001872.1.1.196,audio_pairing_unresolved,alignment_and_analysis,C:\Users\ari30\research\2026_summer_research\outputs\reports\PLAN_2021_wav_duration_recovery_20260803.csv,pending,target_unresolved
2021,1bda84ba0ce02fed685991f1da0dff3b75577fffa07b05b971293f8c189fe0f8,SDRW2100001872.1.1.197,audio_pairing_unresolved,alignment_and_analysis,C:\Users\ari30\research\2026_summer_research\outputs\reports\PLAN_2021_wav_duration_recovery_20260803.csv,pending,target_unresolved
2021,1bda84ba0ce02fed685991f1da0dff3b75577fffa07b05b971293f8c189fe0f8,SDRW2100001872.1.1.198,audio_pairing_unresolved,alignment_and_analysis,C:\Users\ari30\research\2026_summer_research\outputs\reports\PLAN_2021_wav_duration_recovery_20260803.csv,pending,target_unresolved
2021,1bda84ba0ce02fed685991f1da0dff3b75577fffa07b05b971293f8c189fe0f8,SDRW2100001872.1.1.199,audio_pairing_unresolved,alignment_and_analysis,C:\Users\ari30\research\2026_summer_research\outputs\reports\PLAN_2021_wav_duration_recovery_20260803.csv,pending,target_unresolved
2021,1bda84ba0ce02fed685991f1da0dff3b75577fffa07b05b971293f8c189fe0f8,SDRW2100001872.1.1.2,audio_pairing_unresolved,alignment_and_analysis,C:\Users\ari30\research\2026_summer_research\outputs\reports\PLAN_2021_wav_duration_recovery_20260803.csv,pending,target_unresolved
2021,1bda84ba0ce02fed685991f1da0dff3b75577fffa07b05b971293f8c189fe0f8,SDRW2100001872.1.1.20,audio_pairing_unresolved,alignment_and_analysis,C:\Users\ari30\research\2026_summer_research\outputs\reports\PLAN_2021_wav_duration_recovery_20260803.csv,pending,target_unresolved
2021,1bda84ba0ce02fed685991f1da0dff3b75577fffa07b05b971293f8c189fe0f8,SDRW2100001872.1.1.200,audio_pairing_unresolved,alignment_and_analysis,C:\Users\ari30\research\2026_summer_research\outputs\reports\PLAN_2021_wav_duration_recovery_20260803.csv,pending,target_unresolved
2021,1bda84ba0ce02fed685991f1da0dff3b75577fffa07b05b971293f8c189fe0f8,SDRW2100001872.1.1.201,audio_pairing_unresolved,alignment_and_analysis,C:\Users\ari30\research\2026_summer_research\outputs\reports\PLAN_2021_wav_duration_recovery_20260803.csv,pending,target_unresolved
2021,1bda84ba0ce02fed685991f1da0dff3b75577fffa07b05b971293f8c189fe0f8,SDRW2100001872.1.1.202,audio_pairing_unresolved,alignment_and_analysis,C:\Users\ari30\research\2026_summer_research\outputs\reports\PLAN_2021_wav_duration_recovery_20260803.csv,pending,target_unresolved
2021,1bda84ba0ce02fed685991f1da0dff3b75577fffa07b05b971293f8c189fe0f8,SDRW2100001872.1.1.203,audio_pairing_unresolved,alignment_and_analysis,C:\Users\ari30\research\2026_summer_research\outputs\reports\PLAN_2021_wav_duration_recovery_20260803.csv,pending,target_unresolved
2021,1bda84ba0ce02fed685991f1da0dff3b75577fffa07b05b971293f8c189fe0f8,SDRW2100001872.1.1.204,audio_pairing_unresolved,alignment_and_analysis,C:\Users\ari30\research\2026_summer_research\outputs\reports\PLAN_2021_wav_duration_recovery_20260803.csv,pending,target_unresolved
2021,1bda84ba0ce02fed685991f1da0dff3b75577fffa07b05b971293f8c189fe0f8,SDRW2100001872.1.1.205,audio_pairing_unresolved,alignment_and_analysis,C:\Users\ari30\research\2026_summer_research\outputs\reports\PLAN_2021_wav_duration_recovery_20260803.csv,pending,target_unresolved
2021,1bda84ba0ce02fed685991f1da0dff3b75577fffa07b05b971293f8c189fe0f8,SDRW2100001872.1.1.206,audio_pairing_unresolved,alignment_and_analysis,C:\Users\ari30\research\2026_summer_research\outputs\reports\PLAN_2021_wav_duration_recovery_20260803.csv,pending,target_unresolved
2021,1bda84ba0ce02fed685991f1da0dff3b75577fffa07b05b971293f8c189fe0f8,SDRW2100001872.1.1.207,audio_pairing_unresolved,alignment_and_analysis,C:\Users\ari30\research\2026_summer_research\outputs\reports\PLAN_2021_wav_duration_recovery_20260803.csv,pending,target_unresolved
2021,1bda84ba0ce02fed685991f1da0dff3b75577fffa07b05b971293f8c189fe0f8,SDRW2100001872.1.1.208,audio_pairing_unresolved,alignment_and_analysis,C:\Users\ari30\research\2026_summer_research\outputs\reports\PLAN_2021_wav_duration_recovery_20260803.csv,pending,target_unresolved
2021,1bda84ba0ce02fed685991f1da0dff3b75577fffa07b05b971293f8c189fe0f8,SDRW2100001872.1.1.209,audio_pairing_unresolved,alignment_and_analysis,C:\Users\ari30\research\2026_summer_research\outputs\reports\PLAN_2021_wav_duration_recovery_20260803.csv,pending,target_unresolved
2021,1bda84ba0ce02fed685991f1da0dff3b75577fffa07b05b971293f8c189fe0f8,SDRW2100001872.1.1.21,audio_pairing_unresolved,alignment_and_analysis,C:\Users\ari30\research\2026_summer_research\outputs\reports\PLAN_2021_wav_duration_recovery_20260803.csv,pending,target_unresolved
2021,1bda84ba0ce02fed685991f1da0dff3b75577fffa07b05b971293f8c189fe0f8,SDRW2100001872.1.1.210,audio_pairing_unresolved,alignment_and_analysis,C:\Users\ari30\research\2026_summer_research\outputs\reports\PLAN_2021_wav_duration_recovery_20260803.csv,pending,target_unresolved
2021,1bda84ba0ce02fed685991f1da0dff3b75577fffa07b05b971293f8c189fe0f8,SDRW2100001872.1.1.211,audio_pairing_unresolved,alignment_and_analysis,C:\Users\ari30\research\2026_summer_research\outputs\reports\PLAN_2021_wav_duration_recovery_20260803.csv,pending,target_unresolved
2021,1bda84ba0ce02fed685991f1da0dff3b75577fffa07b05b971293f8c189fe0f8,SDRW2100001872.1.1.212,audio_pairing_unresolved,alignment_and_analysis,C:\Users\ari30\research\2026_summer_research\outputs\reports\PLAN_2021_wav_duration_recovery_20260803.csv,pending,target_unresolved
2021,1bda84ba0ce02fed685991f1da0dff3b75577fffa07b05b971293f8c189fe0f8,SDRW2100001872.1.1.213,audio_pairing_unresolved,alignment_and_analysis,C:\Users\ari30\research\2026_summer_research\outputs\reports\PLAN_2021_wav_duration_recovery_20260803.csv,pending,target_unresolved
2021,1bda84ba0ce02fed685991f1da0dff3b75577fffa07b05b971293f8c189fe0f8,SDRW2100001872.1.1.214,audio_pairing_unresolved,alignment_and_analysis,C:\Users\ari30\research\2026_summer_research\outputs\reports\PLAN_2021_wav_duration_recovery_20260803.csv,pending,target_unresolved
2021,1bda84ba0ce02fed685991f1da0dff3b75577fffa07b05b971293f8c189fe0f8,SDRW2100001872.1.1.215,audio_pairing_unresolved,alignment_and_analysis,C:\Users\ari30\research\2026_summer_research\outputs\reports\PLAN_2021_wav_duration_recovery_20260803.csv,pending,target_unresolved
2021,1bda84ba0ce02fed685991f1da0dff3b75577fffa07b05b971293f8c189fe0f8,SDRW2100001872.1.1.216,audio_pairing_unresolved,alignment_and_analysis,C:\Users\ari30\research\2026_summer_research\outputs\reports\PLAN_2021_wav_duration_recovery_20260803.csv,pending,target_unresolved
2021,1bda84ba0ce02fed685991f1da0dff3b75577fffa07b05b971293f8c189fe0f8,SDRW2100001872.1.1.217,audio_pairing_unresolved,alignment_and_analysis,C:\Users\ari30\research\2026_summer_research\outputs\reports\PLAN_2021_wav_duration_recovery_20260803.csv,pending,target_unresolved
2021,1bda84ba0ce02fed685991f1da0dff3b75577fffa07b05b971293f8c189fe0f8,SDRW2100001872.1.1.218,audio_pairing_unresolved,alignment_and_analysis,C:\Users\ari30\research\2026_summer_research\outputs\reports\PLAN_2021_wav_duration_recovery_20260803.csv,pending,target_unresolved
2021,1bda84ba0ce02fed685991f1da0dff3b75577fffa07b05b971293f8c189fe0f8,SDRW2100001872.1.1.219,audio_pairing_unresolved,alignment_and_analysis,C:\Users\ari30\research\2026_summer_research\outputs\reports\PLAN_2021_wav_duration_recovery_20260803.csv,pending,target_unresolved
2021,1bda84ba0ce02fed685991f1da0dff3b75577fffa07b05b971293f8c189fe0f8,SDRW2100001872.1.1.22,audio_pairing_unresolved,alignment_and_analysis,C:\Users\ari30\research\2026_summer_research\outputs\reports\PLAN_2021_wav_duration_recovery_20260803.csv,pending,target_unresolved
2021,1bda84ba0ce02fed685991f1da0dff3b75577fffa07b05b971293f8c189fe0f8,SDRW2100001872.1.1.220,audio_pairing_unresolved,alignment_and_analysis,C:\Users\ari30\research\2026_summer_research\outputs\reports\PLAN_2021_wav_duration_recovery_20260803.csv,pending,target_unresolved
2021,1bda84ba0ce02fed685991f1da0dff3b75577fffa07b05b971293f8c189fe0f8,SDRW2100001872.1.1.221,audio_pairing_unresolved,alignment_and_analysis,C:\Users\ari30\research\2026_summer_research\outputs\reports\PLAN_2021_wav_duration_recovery_20260803.csv,pending,target_unresolved
2021,1bda84ba0ce02fed685991f1da0dff3b75577fffa07b05b971293f8c189fe0f8,SDRW2100001872.1.1.222,audio_pairing_unresolved,alignment_and_analysis,C:\Users\ari30\research\2026_summer_research\outputs\reports\PLAN_2021_wav_duration_recovery_20260803.csv,pending,target_unresolved
2021,1bda84ba0ce02fed685991f1da0dff3b75577fffa07b05b971293f8c189fe0f8,SDRW2100001872.1.1.223,audio_pairing_unresolved,alignment_and_analysis,C:\Users\ari30\research\2026_summer_research\outputs\reports\PLAN_2021_wav_duration_recovery_20260803.csv,pending,target_unresolved
2021,1bda84ba0ce02fed685991f1da0dff3b75577fffa07b05b971293f8c189fe0f8,SDRW2100001872.1.1.224,audio_pairing_unresolved,alignment_and_analysis,C:\Users\ari30\research\2026_summer_research\outputs\reports\PLAN_2021_wav_duration_recovery_20260803.csv,pending,target_unresolved
2021,1bda84ba0ce02fed685991f1da0dff3b75577fffa07b05b971293f8c189fe0f8,SDRW2100001872.1.1.225,audio_pairing_unresolved,alignment_and_analysis,C:\Users\ari30\research\2026_summer_research\outputs\reports\PLAN_2021_wav_duration_recovery_20260803.csv,pending,target_unresolved
2021,1bda84ba0ce02fed685991f1da0dff3b75577fffa07b05b971293f8c189fe0f8,SDRW2100001872.1.1.227,audio_pairing_unresolved,alignment_and_analysis,C:\Users\ari30\research\2026_summer_research\outputs\reports\PLAN_2021_wav_duration_recovery_20260803.csv,pending,target_unresolved
2021,1bda84ba0ce02fed685991f1da0dff3b75577fffa07b05b971293f8c189fe0f8,SDRW2100001872.1.1.228,audio_pairing_unresolved,alignment_and_analysis,C:\Users\ari30\research\2026_summer_research\outputs\reports\PLAN_2021_wav_duration_recovery_20260803.csv,pending,target_unresolved
2021,1bda84ba0ce02fed685991f1da0dff3b75577fffa07b05b971293f8c189fe0f8,SDRW2100001872.1.1.229,audio_pairing_unresolved,alignment_and_analysis,C:\Users\ari30\research\2026_summer_research\outputs\reports\PLAN_2021_wav_duration_recovery_20260803.csv,pending,target_unresolved
2021,1bda84ba0ce02fed685991f1da0dff3b75577fffa07b05b971293f8c189fe0f8,SDRW2100001872.1.1.23,audio_pairing_unresolved,alignment_and_analysis,C:\Users\ari30\research\2026_summer_research\outputs\reports\PLAN_2021_wav_duration_recovery_20260803.csv,pending,target_unresolved
2021,1bda84ba0ce02fed685991f1da0dff3b75577fffa07b05b971293f8c189fe0f8,SDRW2100001872.1.1.230,audio_pairing_unresolved,alignment_and_analysis,C:\Users\ari30\research\2026_summer_research\outputs\reports\PLAN_2021_wav_duration_recovery_20260803.csv,pending,target_unresolved
2021,1bda84ba0ce02fed685991f1da0dff3b75577fffa07b05b971293f8c189fe0f8,SDRW2100001872.1.1.231,audio_pairing_unresolved,alignment_and_analysis,C:\Users\ari30\research\2026_summer_research\outputs\reports\PLAN_2021_wav_duration_recovery_20260803.csv,pending,target_unresolved
2021,1bda84ba0ce02fed685991f1da0dff3b75577fffa07b05b971293f8c189fe0f8,SDRW2100001872.1.1.232,audio_pairing_unresolved,alignment_and_analysis,C:\Users\ari30\research\2026_summer_research\outputs\reports\PLAN_2021_wav_duration_recovery_20260803.csv,pending,target_unresolved
2021,1bda84ba0ce02fed685991f1da0dff3b75577fffa07b05b971293f8c189fe0f8,SDRW2100001872.1.1.233,audio_pairing_unresolved,alignment_and_analysis,C:\Users\ari30\research\2026_summer_research\outputs\reports\PLAN_2021_wav_duration_recovery_20260803.csv,pending,target_unresolved
2021,1bda84ba0ce02fed685991f1da0dff3b75577fffa07b05b971293f8c189fe0f8,SDRW2100001872.1.1.234,audio_pairing_unresolved,alignment_and_analysis,C:\Users\ari30\research\2026_summer_research\outputs\reports\PLAN_2021_wav_duration_recovery_20260803.csv,pending,target_unresolved
2021,1bda84ba0ce02fed685991f1da0dff3b75577fffa07b05b971293f8c189fe0f8,SDRW2100001872.1.1.235,audio_pairing_unresolved,alignment_and_analysis,C:\Users\ari30\research\2026_summer_research\outputs\reports\PLAN_2021_wav_duration_recovery_20260803.csv,pending,target_unresolved
2021,1bda84ba0ce02fed685991f1da0dff3b75577fffa07b05b971293f8c189fe0f8,SDRW2100001872.1.1.236,audio_pairing_unresolved,alignment_and_analysis,C:\Users\ari30\research\2026_summer_research\outputs\reports\PLAN_2021_wav_duration_recovery_20260803.csv,pending,target_unresolved
2021,1bda84ba0ce02fed685991f1da0dff3b75577fffa07b05b971293f8c189fe0f8,SDRW2100001872.1.1.237,audio_pairing_unresolved,alignment_and_analysis,C:\Users\ari30\research\2026_summer_research\outputs\reports\PLAN_2021_wav_duration_recovery_20260803.csv,pending,target_unresolved
2021,1bda84ba0ce02fed685991f1da0dff3b75577fffa07b05b971293f8c189fe0f8,SDRW2100001872.1.1.238,audio_pairing_unresolved,alignment_and_analysis,C:\Users\ari30\research\2026_summer_research\outputs\reports\PLAN_2021_wav_duration_recovery_20260803.csv,pending,target_unresolved
2021,1bda84ba0ce02fed685991f1da0dff3b75577fffa07b05b971293f8c189fe0f8,SDRW2100001872.1.1.239,audio_pairing_unresolved,alignment_and_analysis,C:\Users\ari30\research\2026_summer_research\outputs\reports\PLAN_2021_wav_duration_recovery_20260803.csv,pending,target_unresolved
2021,1bda84ba0ce02fed685991f1da0dff3b75577fffa07b05b971293f8c189fe0f8,SDRW2100001872.1.1.24,audio_pairing_unresolved,alignment_and_analysis,C:\Users\ari30\research\2026_summer_research\outputs\reports\PLAN_2021_wav_duration_recovery_20260803.csv,pending,target_unresolved
2021,1bda84ba0ce02fed685991f1da0dff3b75577fffa07b05b971293f8c189fe0f8,SDRW2100001872.1.1.240,audio_pairing_unresolved,alignment_and_analysis,C:\Users\ari30\research\2026_summer_research\outputs\reports\PLAN_2021_wav_duration_recovery_20260803.csv,pending,target_unresolved
2021,1bda84ba0ce02fed685991f1da0dff3b75577fffa07b05b971293f8c189fe0f8,SDRW2100001872.1.1.241,audio_pairing_unresolved,alignment_and_analysis,C:\Users\ari30\research\2026_summer_research\outputs\reports\PLAN_2021_wav_duration_recovery_20260803.csv,pending,target_unresolved
2021,1bda84ba0ce02fed685991f1da0dff3b75577fffa07b05b971293f8c189fe0f8,SDRW2100001872.1.1.242,audio_pairing_unresolved,alignment_and_analysis,C:\Users\ari30\research\2026_summer_research\outputs\reports\PLAN_2021_wav_duration_recovery_20260803.csv,pending,target_unresolved
2021,1bda84ba0ce02fed685991f1da0dff3b75577fffa07b05b971293f8c189fe0f8,SDRW2100001872.1.1.243,audio_pairing_unresolved,alignment_and_analysis,C:\Users\ari30\research\2026_summer_research\outputs\reports\PLAN_2021_wav_duration_recovery_20260803.csv,pending,target_unresolved
2021,1bda84ba0ce02fed685991f1da0dff3b75577fffa07b05b971293f8c189fe0f8,SDRW2100001872.1.1.244,audio_pairing_unresolved,alignment_and_analysis,C:\Users\ari30\research\2026_summer_research\outputs\reports\PLAN_2021_wav_duration_recovery_20260803.csv,pending,target_unresolved
2021,1bda84ba0ce02fed685991f1da0dff3b75577fffa07b05b971293f8c189fe0f8,SDRW2100001872.1.1.245,audio_pairing_unresolved,alignment_and_analysis,C:\Users\ari30\research\2026_summer_research\outputs\reports\PLAN_2021_wav_duration_recovery_20260803.csv,pending,target_unresolved
2021,1bda84ba0ce02fed685991f1da0dff3b75577fffa07b05b971293f8c189fe0f8,SDRW2100001872.1.1.246,audio_pairing_unresolved,alignment_and_analysis,C:\Users\ari30\research\2026_summer_research\outputs\reports\PLAN_2021_wav_duration_recovery_20260803.csv,pending,target_unresolved
2021,1bda84ba0ce02fed685991f1da0dff3b75577fffa07b05b971293f8c189fe0f8,SDRW2100001872.1.1.247,audio_pairing_unresolved,alignment_and_analysis,C:\Users\ari30\research\2026_summer_research\outputs\reports\PLAN_2021_wav_duration_recovery_20260803.csv,pending,target_unresolved
2021,1bda84ba0ce02fed685991f1da0dff3b75577fffa07b05b971293f8c189fe0f8,SDRW2100001872.1.1.248,audio_pairing_unresolved,alignment_and_analysis,C:\Users\ari30\research\2026_summer_research\outputs\reports\PLAN_2021_wav_duration_recovery_20260803.csv,pending,target_unresolved
2021,1bda84ba0ce02fed685991f1da0dff3b75577fffa07b05b971293f8c189fe0f8,SDRW2100001872.1.1.249,audio_pairing_unresolved,alignment_and_analysis,C:\Users\ari30\research\2026_summer_research\outputs\reports\PLAN_2021_wav_duration_recovery_20260803.csv,pending,target_unresolved
2021,1bda84ba0ce02fed685991f1da0dff3b75577fffa07b05b971293f8c189fe0f8,SDRW2100001872.1.1.25,audio_pairing_unresolved,alignment_and_analysis,C:\Users\ari30\research\2026_summer_research\outputs\reports\PLAN_2021_wav_duration_recovery_20260803.csv,pending,target_unresolved
2021,1bda84ba0ce02fed685991f1da0dff3b75577fffa07b05b971293f8c189fe0f8,SDRW2100001872.1.1.250,audio_pairing_unresolved,alignment_and_analysis,C:\Users\ari30\research\2026_summer_research\outputs\reports\PLAN_2021_wav_duration_recovery_20260803.csv,pending,target_unresolved
2021,1bda84ba0ce02fed685991f1da0dff3b75577fffa07b05b971293f8c189fe0f8,SDRW2100001872.1.1.251,audio_pairing_unresolved,alignment_and_analysis,C:\Users\ari30\research\2026_summer_research\outputs\reports\PLAN_2021_wav_duration_recovery_20260803.csv,pending,target_unresolved
2021,1bda84ba0ce02fed685991f1da0dff3b75577fffa07b05b971293f8c189fe0f8,SDRW2100001872.1.1.26,audio_pairing_unresolved,alignment_and_analysis,C:\Users\ari30\research\2026_summer_research\outputs\reports\PLAN_2021_wav_duration_recovery_20260803.csv,pending,target_unresolved
2021,1bda84ba0ce02fed685991f1da0dff3b75577fffa07b05b971293f8c189fe0f8,SDRW2100001872.1.1.27,audio_pairing_unresolved,alignment_and_analysis,C:\Users\ari30\research\2026_summer_research\outputs\reports\PLAN_2021_wav_duration_recovery_20260803.csv,pending,target_unresolved
2021,1bda84ba0ce02fed685991f1da0dff3b75577fffa07b05b971293f8c189fe0f8,SDRW2100001872.1.1.28,audio_pairing_unresolved,alignment_and_analysis,C:\Users\ari30\research\2026_summer_research\outputs\reports\PLAN_2021_wav_duration_recovery_20260803.csv,pending,target_unresolved
2021,1bda84ba0ce02fed685991f1da0dff3b75577fffa07b05b971293f8c189fe0f8,SDRW2100001872.1.1.29,audio_pairing_unresolved,alignment_and_analysis,C:\Users\ari30\research\2026_summer_research\outputs\reports\PLAN_2021_wav_duration_recovery_20260803.csv,pending,target_unresolved
2021,1bda84ba0ce02fed685991f1da0dff3b75577fffa07b05b971293f8c189fe0f8,SDRW2100001872.1.1.3,audio_pairing_unresolved,alignment_and_analysis,C:\Users\ari30\research\2026_summer_research\outputs\reports\PLAN_2021_wav_duration_recovery_20260803.csv,pending,target_unresolved
2021,1bda84ba0ce02fed685991f1da0dff3b75577fffa07b05b971293f8c189fe0f8,SDRW2100001872.1.1.30,audio_pairing_unresolved,alignment_and_analysis,C:\Users\ari30\research\2026_summer_research\outputs\reports\PLAN_2021_wav_duration_recovery_20260803.csv,pending,target_unresolved
2021,1bda84ba0ce02fed685991f1da0dff3b75577fffa07b05b971293f8c189fe0f8,SDRW2100001872.1.1.31,audio_pairing_unresolved,alignment_and_analysis,C:\Users\ari30\research\2026_summer_research\outputs\reports\PLAN_2021_wav_duration_recovery_20260803.csv,pending,target_unresolved
2021,1bda84ba0ce02fed685991f1da0dff3b75577fffa07b05b971293f8c189fe0f8,SDRW2100001872.1.1.32,audio_pairing_unresolved,alignment_and_analysis,C:\Users\ari30\research\2026_summer_research\outputs\reports\PLAN_2021_wav_duration_recovery_20260803.csv,pending,target_unresolved
2021,1bda84ba0ce02fed685991f1da0dff3b75577fffa07b05b971293f8c189fe0f8,SDRW2100001872.1.1.33,audio_pairing_unresolved,alignment_and_analysis,C:\Users\ari30\research\2026_summer_research\outputs\reports\PLAN_2021_wav_duration_recovery_20260803.csv,pending,target_unresolved
2021,1bda84ba0ce02fed685991f1da0dff3b75577fffa07b05b971293f8c189fe0f8,SDRW2100001872.1.1.34,audio_pairing_unresolved,alignment_and_analysis,C:\Users\ari30\research\2026_summer_research\outputs\reports\PLAN_2021_wav_duration_recovery_20260803.csv,pending,target_unresolved
2021,1bda84ba0ce02fed685991f1da0dff3b75577fffa07b05b971293f8c189fe0f8,SDRW2100001872.1.1.35,audio_pairing_unresolved,alignment_and_analysis,C:\Users\ari30\research\2026_summer_research\outputs\reports\PLAN_2021_wav_duration_recovery_20260803.csv,pending,target_unresolved
2021,1bda84ba0ce02fed685991f1da0dff3b75577fffa07b05b971293f8c189fe0f8,SDRW2100001872.1.1.36,audio_pairing_unresolved,alignment_and_analysis,C:\Users\ari30\research\2026_summer_research\outputs\reports\PLAN_2021_wav_duration_recovery_20260803.csv,pending,target_unresolved
2021,1bda84ba0ce02fed685991f1da0dff3b75577fffa07b05b971293f8c189fe0f8,SDRW2100001872.1.1.37,audio_pairing_unresolved,alignment_and_analysis,C:\Users\ari30\research\2026_summer_research\outputs\reports\PLAN_2021_wav_duration_recovery_20260803.csv,pending,target_unresolved
2021,1bda84ba0ce02fed685991f1da0dff3b75577fffa07b05b971293f8c189fe0f8,SDRW2100001872.1.1.38,audio_pairing_unresolved,alignment_and_analysis,C:\Users\ari30\research\2026_summer_research\outputs\reports\PLAN_2021_wav_duration_recovery_20260803.csv,pending,target_unresolved
2021,1bda84ba0ce02fed685991f1da0dff3b75577fffa07b05b971293f8c189fe0f8,SDRW2100001872.1.1.39,audio_pairing_unresolved,alignment_and_analysis,C:\Users\ari30\research\2026_summer_research\outputs\reports\PLAN_2021_wav_duration_recovery_20260803.csv,pending,target_unresolved
2021,1bda84ba0ce02fed685991f1da0dff3b75577fffa07b05b971293f8c189fe0f8,SDRW2100001872.1.1.4,audio_pairing_unresolved,alignment_and_analysis,C:\Users\ari30\research\2026_summer_research\outputs\reports\PLAN_2021_wav_duration_recovery_20260803.csv,pending,target_unresolved
2021,1bda84ba0ce02fed685991f1da0dff3b75577fffa07b05b971293f8c189fe0f8,SDRW2100001872.1.1.40,audio_pairing_unresolved,alignment_and_analysis,C:\Users\ari30\research\2026_summer_research\outputs\reports\PLAN_2021_wav_duration_recovery_20260803.csv,pending,target_unresolved
2021,1bda84ba0ce02fed685991f1da0dff3b75577fffa07b05b971293f8c189fe0f8,SDRW2100001872.1.1.41,audio_pairing_unresolved,alignment_and_analysis,C:\Users\ari30\research\2026_summer_research\outputs\reports\PLAN_2021_wav_duration_recovery_20260803.csv,pending,target_unresolved
2021,1bda84ba0ce02fed685991f1da0dff3b75577fffa07b05b971293f8c189fe0f8,SDRW2100001872.1.1.42,audio_pairing_unresolved,alignment_and_analysis,C:\Users\ari30\research\2026_summer_research\outputs\reports\PLAN_2021_wav_duration_recovery_20260803.csv,pending,target_unresolved
2021,1bda84ba0ce02fed685991f1da0dff3b75577fffa07b05b971293f8c189fe0f8,SDRW2100001872.1.1.43,audio_pairing_unresolved,alignment_and_analysis,C:\Users\ari30\research\2026_summer_research\outputs\reports\PLAN_2021_wav_duration_recovery_20260803.csv,pending,target_unresolved
2021,1bda84ba0ce02fed685991f1da0dff3b75577fffa07b05b971293f8c189fe0f8,SDRW2100001872.1.1.44,audio_pairing_unresolved,alignment_and_analysis,C:\Users\ari30\research\2026_summer_research\outputs\reports\PLAN_2021_wav_duration_recovery_20260803.csv,pending,target_unresolved
2021,1bda84ba0ce02fed685991f1da0dff3b75577fffa07b05b971293f8c189fe0f8,SDRW2100001872.1.1.45,audio_pairing_unresolved,alignment_and_analysis,C:\Users\ari30\research\2026_summer_research\outputs\reports\PLAN_2021_wav_duration_recovery_20260803.csv,pending,target_unresolved
2021,1bda84ba0ce02fed685991f1da0dff3b75577fffa07b05b971293f8c189fe0f8,SDRW2100001872.1.1.46,audio_pairing_unresolved,alignment_and_analysis,C:\Users\ari30\research\2026_summer_research\outputs\reports\PLAN_2021_wav_duration_recovery_20260803.csv,pending,target_unresolved
2021,1bda84ba0ce02fed685991f1da0dff3b75577fffa07b05b971293f8c189fe0f8,SDRW2100001872.1.1.47,audio_pairing_unresolved,alignment_and_analysis,C:\Users\ari30\research\2026_summer_research\outputs\reports\PLAN_2021_wav_duration_recovery_20260803.csv,pending,target_unresolved
2021,1bda84ba0ce02fed685991f1da0dff3b75577fffa07b05b971293f8c189fe0f8,SDRW2100001872.1.1.48,audio_pairing_unresolved,alignment_and_analysis,C:\Users\ari30\research\2026_summer_research\outputs\reports\PLAN_2021_wav_duration_recovery_20260803.csv,pending,target_unresolved
2021,1bda84ba0ce02fed685991f1da0dff3b75577fffa07b05b971293f8c189fe0f8,SDRW2100001872.1.1.49,audio_pairing_unresolved,alignment_and_analysis,C:\Users\ari30\research\2026_summer_research\outputs\reports\PLAN_2021_wav_duration_recovery_20260803.csv,pending,target_unresolved
2021,1bda84ba0ce02fed685991f1da0dff3b75577fffa07b05b971293f8c189fe0f8,SDRW2100001872.1.1.5,audio_pairing_unresolved,alignment_and_analysis,C:\Users\ari30\research\2026_summer_research\outputs\reports\PLAN_2021_wav_duration_recovery_20260803.csv,pending,target_unresolved
2021,1bda84ba0ce02fed685991f1da0dff3b75577fffa07b05b971293f8c189fe0f8,SDRW2100001872.1.1.50,audio_pairing_unresolved,alignment_and_analysis,C:\Users\ari30\research\2026_summer_research\outputs\reports\PLAN_2021_wav_duration_recovery_20260803.csv,pending,target_unresolved
2021,1bda84ba0ce02fed685991f1da0dff3b75577fffa07b05b971293f8c189fe0f8,SDRW2100001872.1.1.51,audio_pairing_unresolved,alignment_and_analysis,C:\Users\ari30\research\2026_summer_research\outputs\reports\PLAN_2021_wav_duration_recovery_20260803.csv,pending,target_unresolved
2021,1bda84ba0ce02fed685991f1da0dff3b75577fffa07b05b971293f8c189fe0f8,SDRW2100001872.1.1.52,audio_pairing_unresolved,alignment_and_analysis,C:\Users\ari30\research\2026_summer_research\outputs\reports\PLAN_2021_wav_duration_recovery_20260803.csv,pending,target_unresolved
2021,1bda84ba0ce02fed685991f1da0dff3b75577fffa07b05b971293f8c189fe0f8,SDRW2100001872.1.1.53,audio_pairing_unresolved,alignment_and_analysis,C:\Users\ari30\research\2026_summer_research\outputs\reports\PLAN_2021_wav_duration_recovery_20260803.csv,pending,target_unresolved
2021,1bda84ba0ce02fed685991f1da0dff3b75577fffa07b05b971293f8c189fe0f8,SDRW2100001872.1.1.54,audio_pairing_unresolved,alignment_and_analysis,C:\Users\ari30\research\2026_summer_research\outputs\reports\PLAN_2021_wav_duration_recovery_20260803.csv,pending,target_unresolved
2021,1bda84ba0ce02fed685991f1da0dff3b75577fffa07b05b971293f8c189fe0f8,SDRW2100001872.1.1.55,audio_pairing_unresolved,alignment_and_analysis,C:\Users\ari30\research\2026_summer_research\outputs\reports\PLAN_2021_wav_duration_recovery_20260803.csv,pending,target_unresolved
2021,1bda84ba0ce02fed685991f1da0dff3b75577fffa07b05b971293f8c189fe0f8,SDRW2100001872.1.1.56,audio_pairing_unresolved,alignment_and_analysis,C:\Users\ari30\research\2026_summer_research\outputs\reports\PLAN_2021_wav_duration_recovery_20260803.csv,pending,target_unresolved
2021,1bda84ba0ce02fed685991f1da0dff3b75577fffa07b05b971293f8c189fe0f8,SDRW2100001872.1.1.58,audio_pairing_unresolved,alignment_and_analysis,C:\Users\ari30\research\2026_summer_research\outputs\reports\PLAN_2021_wav_duration_recovery_20260803.csv,pending,target_unresolved
2021,1bda84ba0ce02fed685991f1da0dff3b75577fffa07b05b971293f8c189fe0f8,SDRW2100001872.1.1.59,audio_pairing_unresolved,alignment_and_analysis,C:\Users\ari30\research\2026_summer_research\outputs\reports\PLAN_2021_wav_duration_recovery_20260803.csv,pending,target_unresolved
2021,1bda84ba0ce02fed685991f1da0dff3b75577fffa07b05b971293f8c189fe0f8,SDRW2100001872.1.1.6,audio_pairing_unresolved,alignment_and_analysis,C:\Users\ari30\research\2026_summer_research\outputs\reports\PLAN_2021_wav_duration_recovery_20260803.csv,pending,target_unresolved
2021,1bda84ba0ce02fed685991f1da0dff3b75577fffa07b05b971293f8c189fe0f8,SDRW2100001872.1.1.60,audio_pairing_unresolved,alignment_and_analysis,C:\Users\ari30\research\2026_summer_research\outputs\reports\PLAN_2021_wav_duration_recovery_20260803.csv,pending,target_unresolved
2021,1bda84ba0ce02fed685991f1da0dff3b75577fffa07b05b971293f8c189fe0f8,SDRW2100001872.1.1.61,audio_pairing_unresolved,alignment_and_analysis,C:\Users\ari30\research\2026_summer_research\outputs\reports\PLAN_2021_wav_duration_recovery_20260803.csv,pending,target_unresolved
2021,1bda84ba0ce02fed685991f1da0dff3b75577fffa07b05b971293f8c189fe0f8,SDRW2100001872.1.1.62,audio_pairing_unresolved,alignment_and_analysis,C:\Users\ari30\research\2026_summer_research\outputs\reports\PLAN_2021_wav_duration_recovery_20260803.csv,pending,target_unresolved
2021,1bda84ba0ce02fed685991f1da0dff3b75577fffa07b05b971293f8c189fe0f8,SDRW2100001872.1.1.63,audio_pairing_unresolved,alignment_and_analysis,C:\Users\ari30\research\2026_summer_research\outputs\reports\PLAN_2021_wav_duration_recovery_20260803.csv,pending,target_unresolved
2021,1bda84ba0ce02fed685991f1da0dff3b75577fffa07b05b971293f8c189fe0f8,SDRW2100001872.1.1.64,audio_pairing_unresolved,alignment_and_analysis,C:\Users\ari30\research\2026_summer_research\outputs\reports\PLAN_2021_wav_duration_recovery_20260803.csv,pending,target_unresolved
2021,1bda84ba0ce02fed685991f1da0dff3b75577fffa07b05b971293f8c189fe0f8,SDRW2100001872.1.1.65,audio_pairing_unresolved,alignment_and_analysis,C:\Users\ari30\research\2026_summer_research\outputs\reports\PLAN_2021_wav_duration_recovery_20260803.csv,pending,target_unresolved
2021,1bda84ba0ce02fed685991f1da0dff3b75577fffa07b05b971293f8c189fe0f8,SDRW2100001872.1.1.66,audio_pairing_unresolved,alignment_and_analysis,C:\Users\ari30\research\2026_summer_research\outputs\reports\PLAN_2021_wav_duration_recovery_20260803.csv,pending,target_unresolved
2021,1bda84ba0ce02fed685991f1da0dff3b75577fffa07b05b971293f8c189fe0f8,SDRW2100001872.1.1.67,audio_pairing_unresolved,alignment_and_analysis,C:\Users\ari30\research\2026_summer_research\outputs\reports\PLAN_2021_wav_duration_recovery_20260803.csv,pending,target_unresolved
2021,1bda84ba0ce02fed685991f1da0dff3b75577fffa07b05b971293f8c189fe0f8,SDRW2100001872.1.1.68,audio_pairing_unresolved,alignment_and_analysis,C:\Users\ari30\research\2026_summer_research\outputs\reports\PLAN_2021_wav_duration_recovery_20260803.csv,pending,target_unresolved
2021,1bda84ba0ce02fed685991f1da0dff3b75577fffa07b05b971293f8c189fe0f8,SDRW2100001872.1.1.69,audio_pairing_unresolved,alignment_and_analysis,C:\Users\ari30\research\2026_summer_research\outputs\reports\PLAN_2021_wav_duration_recovery_20260803.csv,pending,target_unresolved
2021,1bda84ba0ce02fed685991f1da0dff3b75577fffa07b05b971293f8c189fe0f8,SDRW2100001872.1.1.7,audio_pairing_unresolved,alignment_and_analysis,C:\Users\ari30\research\2026_summer_research\outputs\reports\PLAN_2021_wav_duration_recovery_20260803.csv,pending,target_unresolved
2021,1bda84ba0ce02fed685991f1da0dff3b75577fffa07b05b971293f8c189fe0f8,SDRW2100001872.1.1.70,audio_pairing_unresolved,alignment_and_analysis,C:\Users\ari30\research\2026_summer_research\outputs\reports\PLAN_2021_wav_duration_recovery_20260803.csv,pending,target_unresolved
2021,1bda84ba0ce02fed685991f1da0dff3b75577fffa07b05b971293f8c189fe0f8,SDRW2100001872.1.1.71,audio_pairing_unresolved,alignment_and_analysis,C:\Users\ari30\research\2026_summer_research\outputs\reports\PLAN_2021_wav_duration_recovery_20260803.csv,pending,target_unresolved
2021,1bda84ba0ce02fed685991f1da0dff3b75577fffa07b05b971293f8c189fe0f8,SDRW2100001872.1.1.72,audio_pairing_unresolved,alignment_and_analysis,C:\Users\ari30\research\2026_summer_research\outputs\reports\PLAN_2021_wav_duration_recovery_20260803.csv,pending,target_unresolved
2021,1bda84ba0ce02fed685991f1da0dff3b75577fffa07b05b971293f8c189fe0f8,SDRW2100001872.1.1.73,audio_pairing_unresolved,alignment_and_analysis,C:\Users\ari30\research\2026_summer_research\outputs\reports\PLAN_2021_wav_duration_recovery_20260803.csv,pending,target_unresolved
2021,1bda84ba0ce02fed685991f1da0dff3b75577fffa07b05b971293f8c189fe0f8,SDRW2100001872.1.1.74,audio_pairing_unresolved,alignment_and_analysis,C:\Users\ari30\research\2026_summer_research\outputs\reports\PLAN_2021_wav_duration_recovery_20260803.csv,pending,target_unresolved
2021,1bda84ba0ce02fed685991f1da0dff3b75577fffa07b05b971293f8c189fe0f8,SDRW2100001872.1.1.75,audio_pairing_unresolved,alignment_and_analysis,C:\Users\ari30\research\2026_summer_research\outputs\reports\PLAN_2021_wav_duration_recovery_20260803.csv,pending,target_unresolved
2021,1bda84ba0ce02fed685991f1da0dff3b75577fffa07b05b971293f8c189fe0f8,SDRW2100001872.1.1.76,audio_pairing_unresolved,alignment_and_analysis,C:\Users\ari30\research\2026_summer_research\outputs\reports\PLAN_2021_wav_duration_recovery_20260803.csv,pending,target_unresolved
2021,1bda84ba0ce02fed685991f1da0dff3b75577fffa07b05b971293f8c189fe0f8,SDRW2100001872.1.1.77,audio_pairing_unresolved,alignment_and_analysis,C:\Users\ari30\research\2026_summer_research\outputs\reports\PLAN_2021_wav_duration_recovery_20260803.csv,pending,target_unresolved
2021,1bda84ba0ce02fed685991f1da0dff3b75577fffa07b05b971293f8c189fe0f8,SDRW2100001872.1.1.79,audio_pairing_unresolved,alignment_and_analysis,C:\Users\ari30\research\2026_summer_research\outputs\reports\PLAN_2021_wav_duration_recovery_20260803.csv,pending,target_unresolved
2021,1bda84ba0ce02fed685991f1da0dff3b75577fffa07b05b971293f8c189fe0f8,SDRW2100001872.1.1.8,audio_pairing_unresolved,alignment_and_analysis,C:\Users\ari30\research\2026_summer_research\outputs\reports\PLAN_2021_wav_duration_recovery_20260803.csv,pending,target_unresolved
2021,1bda84ba0ce02fed685991f1da0dff3b75577fffa07b05b971293f8c189fe0f8,SDRW2100001872.1.1.80,audio_pairing_unresolved,alignment_and_analysis,C:\Users\ari30\research\2026_summer_research\outputs\reports\PLAN_2021_wav_duration_recovery_20260803.csv,pending,target_unresolved
2021,1bda84ba0ce02fed685991f1da0dff3b75577fffa07b05b971293f8c189fe0f8,SDRW2100001872.1.1.81,audio_pairing_unresolved,alignment_and_analysis,C:\Users\ari30\research\2026_summer_research\outputs\reports\PLAN_2021_wav_duration_recovery_20260803.csv,pending,target_unresolved
2021,1bda84ba0ce02fed685991f1da0dff3b75577fffa07b05b971293f8c189fe0f8,SDRW2100001872.1.1.82,audio_pairing_unresolved,alignment_and_analysis,C:\Users\ari30\research\2026_summer_research\outputs\reports\PLAN_2021_wav_duration_recovery_20260803.csv,pending,target_unresolved
2021,1bda84ba0ce02fed685991f1da0dff3b75577fffa07b05b971293f8c189fe0f8,SDRW2100001872.1.1.83,audio_pairing_unresolved,alignment_and_analysis,C:\Users\ari30\research\2026_summer_research\outputs\reports\PLAN_2021_wav_duration_recovery_20260803.csv,pending,target_unresolved
2021,1bda84ba0ce02fed685991f1da0dff3b75577fffa07b05b971293f8c189fe0f8,SDRW2100001872.1.1.84,audio_pairing_unresolved,alignment_and_analysis,C:\Users\ari30\research\2026_summer_research\outputs\reports\PLAN_2021_wav_duration_recovery_20260803.csv,pending,target_unresolved
2021,1bda84ba0ce02fed685991f1da0dff3b75577fffa07b05b971293f8c189fe0f8,SDRW2100001872.1.1.85,audio_pairing_unresolved,alignment_and_analysis,C:\Users\ari30\research\2026_summer_research\outputs\reports\PLAN_2021_wav_duration_recovery_20260803.csv,pending,target_unresolved
2021,1bda84ba0ce02fed685991f1da0dff3b75577fffa07b05b971293f8c189fe0f8,SDRW2100001872.1.1.86,audio_pairing_unresolved,alignment_and_analysis,C:\Users\ari30\research\2026_summer_research\outputs\reports\PLAN_2021_wav_duration_recovery_20260803.csv,pending,target_unresolved
2021,1bda84ba0ce02fed685991f1da0dff3b75577fffa07b05b971293f8c189fe0f8,SDRW2100001872.1.1.87,audio_pairing_unresolved,alignment_and_analysis,C:\Users\ari30\research\2026_summer_research\outputs\reports\PLAN_2021_wav_duration_recovery_20260803.csv,pending,target_unresolved
2021,1bda84ba0ce02fed685991f1da0dff3b75577fffa07b05b971293f8c189fe0f8,SDRW2100001872.1.1.88,audio_pairing_unresolved,alignment_and_analysis,C:\Users\ari30\research\2026_summer_research\outputs\reports\PLAN_2021_wav_duration_recovery_20260803.csv,pending,target_unresolved
2021,1bda84ba0ce02fed685991f1da0dff3b75577fffa07b05b971293f8c189fe0f8,SDRW2100001872.1.1.89,audio_pairing_unresolved,alignment_and_analysis,C:\Users\ari30\research\2026_summer_research\outputs\reports\PLAN_2021_wav_duration_recovery_20260803.csv,pending,target_unresolved
2021,1bda84ba0ce02fed685991f1da0dff3b75577fffa07b05b971293f8c189fe0f8,SDRW2100001872.1.1.9,audio_pairing_unresolved,alignment_and_analysis,C:\Users\ari30\research\2026_summer_research\outputs\reports\PLAN_2021_wav_duration_recovery_20260803.csv,pending,target_unresolved
2021,1bda84ba0ce02fed685991f1da0dff3b75577fffa07b05b971293f8c189fe0f8,SDRW2100001872.1.1.90,audio_pairing_unresolved,alignment_and_analysis,C:\Users\ari30\research\2026_summer_research\outputs\reports\PLAN_2021_wav_duration_recovery_20260803.csv,pending,target_unresolved
2021,1bda84ba0ce02fed685991f1da0dff3b75577fffa07b05b971293f8c189fe0f8,SDRW2100001872.1.1.91,audio_pairing_unresolved,alignment_and_analysis,C:\Users\ari30\research\2026_summer_research\outputs\reports\PLAN_2021_wav_duration_recovery_20260803.csv,pending,target_unresolved
2021,1bda84ba0ce02fed685991f1da0dff3b75577fffa07b05b971293f8c189fe0f8,SDRW2100001872.1.1.92,audio_pairing_unresolved,alignment_and_analysis,C:\Users\ari30\research\2026_summer_research\outputs\reports\PLAN_2021_wav_duration_recovery_20260803.csv,pending,target_unresolved
2021,1bda84ba0ce02fed685991f1da0dff3b75577fffa07b05b971293f8c189fe0f8,SDRW2100001872.1.1.93,audio_pairing_unresolved,alignment_and_analysis,C:\Users\ari30\research\2026_summer_research\outputs\reports\PLAN_2021_wav_duration_recovery_20260803.csv,pending,target_unresolved
2021,1bda84ba0ce02fed685991f1da0dff3b75577fffa07b05b971293f8c189fe0f8,SDRW2100001872.1.1.94,audio_pairing_unresolved,alignment_and_analysis,C:\Users\ari30\research\2026_summer_research\outputs\reports\PLAN_2021_wav_duration_recovery_20260803.csv,pending,target_unresolved
2021,1bda84ba0ce02fed685991f1da0dff3b75577fffa07b05b971293f8c189fe0f8,SDRW2100001872.1.1.95,audio_pairing_unresolved,alignment_and_analysis,C:\Users\ari30\research\2026_summer_research\outputs\reports\PLAN_2021_wav_duration_recovery_20260803.csv,pending,target_unresolved
2021,1bda84ba0ce02fed685991f1da0dff3b75577fffa07b05b971293f8c189fe0f8,SDRW2100001872.1.1.96,audio_pairing_unresolved,alignment_and_analysis,C:\Users\ari30\research\2026_summer_research\outputs\reports\PLAN_2021_wav_duration_recovery_20260803.csv,pending,target_unresolved
2021,1bda84ba0ce02fed685991f1da0dff3b75577fffa07b05b971293f8c189fe0f8,SDRW2100001872.1.1.97,audio_pairing_unresolved,alignment_and_analysis,C:\Users\ari30\research\2026_summer_research\outputs\reports\PLAN_2021_wav_duration_recovery_20260803.csv,pending,target_unresolved
2021,1bda84ba0ce02fed685991f1da0dff3b75577fffa07b05b971293f8c189fe0f8,SDRW2100001872.1.1.98,audio_pairing_unresolved,alignment_and_analysis,C:\Users\ari30\research\2026_summer_research\outputs\reports\PLAN_2021_wav_duration_recovery_20260803.csv,pending,target_unresolved
2021,1bda84ba0ce02fed685991f1da0dff3b75577fffa07b05b971293f8c189fe0f8,SDRW2100001872.1.1.99,audio_pairing_unresolved,alignment_and_analysis,C:\Users\ari30\research\2026_summer_research\outputs\reports\PLAN_2021_wav_duration_recovery_20260803.csv,pending,target_unresolved
2021,1bda84ba0ce02fed685991f1da0dff3b75577fffa07b05b971293f8c189fe0f8,SDRW2100001888.1.1.197,empty_reference_unresolved_symbol,alignment_and_analysis,D:\mfa_eojeol\logs\lab_build_2021_1bda84ba0ce0_unresolved_symbols.csv,pending,empty_reference_form; unresolved_symbol; no_LAB_generated
2021,1bda84ba0ce02fed685991f1da0dff3b75577fffa07b05b971293f8c189fe0f8,SDRW2100001930.1.1.285,empty_reference_unresolved_symbol,alignment_and_analysis,D:\mfa_eojeol\logs\lab_build_2021_1bda84ba0ce0_unresolved_symbols.csv,pending,empty_reference_form; unresolved_symbol; no_LAB_generated
2021,1bda84ba0ce02fed685991f1da0dff3b75577fffa07b05b971293f8c189fe0f8,SDRW2100001933.1.1.156,empty_reference_unresolved_symbol,alignment_and_analysis,D:\mfa_eojeol\logs\lab_build_2021_1bda84ba0ce0_unresolved_symbols.csv,pending,empty_reference_form; unresolved_symbol; no_LAB_generated
2021,1bda84ba0ce02fed685991f1da0dff3b75577fffa07b05b971293f8c189fe0f8,SDRW2100001942.1.1.164,empty_reference_unresolved_symbol,alignment_and_analysis,D:\mfa_eojeol\logs\lab_build_2021_1bda84ba0ce0_unresolved_symbols.csv,pending,empty_reference_form; unresolved_symbol; no_LAB_generated
2021,1bda84ba0ce02fed685991f1da0dff3b75577fffa07b05b971293f8c189fe0f8,SDRW2100001962.1.1.223,audio_pairing_unresolved,alignment_and_analysis,C:\Users\ari30\research\2026_summer_research\outputs\reports\PLAN_2021_wav_duration_recovery_20260803.csv,pending,target_unresolved
2021,1bda84ba0ce02fed685991f1da0dff3b75577fffa07b05b971293f8c189fe0f8,SDRW2100001962.1.1.429,text_duration_impossible,alignment_and_analysis,,pending,source_segment_text_duration_impossible
2021,1bda84ba0ce02fed685991f1da0dff3b75577fffa07b05b971293f8c189fe0f8,SDRW2100001986.1.1.40,empty_reference_unresolved_symbol,alignment_and_analysis,D:\mfa_eojeol\logs\lab_build_2021_1bda84ba0ce0_unresolved_symbols.csv,pending,empty_reference_form; unresolved_symbol; no_LAB_generated
2021,1bda84ba0ce02fed685991f1da0dff3b75577fffa07b05b971293f8c189fe0f8,SDRW2100002001.1.1.95,empty_reference_unresolved_symbol,alignment_and_analysis,D:\mfa_eojeol\logs\lab_build_2021_1bda84ba0ce0_unresolved_symbols.csv,pending,empty_reference_form; unresolved_symbol; no_LAB_generated
2021,1bda84ba0ce02fed685991f1da0dff3b75577fffa07b05b971293f8c189fe0f8,SDRW2100002002.1.1.179,empty_reference_unresolved_symbol,alignment_and_analysis,D:\mfa_eojeol\logs\lab_build_2021_1bda84ba0ce0_unresolved_symbols.csv,pending,empty_reference_form; unresolved_symbol; no_LAB_generated
2021,1bda84ba0ce02fed685991f1da0dff3b75577fffa07b05b971293f8c189fe0f8,SDRW2100002035.1.1.184,empty_reference_unresolved_symbol,alignment_and_analysis,D:\mfa_eojeol\logs\lab_build_2021_1bda84ba0ce0_unresolved_symbols.csv,pending,empty_reference_form; unresolved_symbol; no_LAB_generated
2021,1bda84ba0ce02fed685991f1da0dff3b75577fffa07b05b971293f8c189fe0f8,SDRW2100002035.1.1.353,empty_reference_unresolved_symbol,alignment_and_analysis,D:\mfa_eojeol\logs\lab_build_2021_1bda84ba0ce0_unresolved_symbols.csv,pending,empty_reference_form; unresolved_symbol; no_LAB_generated
2021,1bda84ba0ce02fed685991f1da0dff3b75577fffa07b05b971293f8c189fe0f8,SDRW2100002036.1.1.158,empty_reference_unresolved_symbol,alignment_and_analysis,D:\mfa_eojeol\logs\lab_build_2021_1bda84ba0ce0_unresolved_symbols.csv,pending,empty_reference_form; unresolved_symbol; no_LAB_generated
2021,1bda84ba0ce02fed685991f1da0dff3b75577fffa07b05b971293f8c189fe0f8,SDRW2100002051.1.1.230,empty_reference_unresolved_symbol,alignment_and_analysis,D:\mfa_eojeol\logs\lab_build_2021_1bda84ba0ce0_unresolved_symbols.csv,pending,empty_reference_form; unresolved_symbol; no_LAB_generated
2021,1bda84ba0ce02fed685991f1da0dff3b75577fffa07b05b971293f8c189fe0f8,SDRW2100002057.1.1.158,empty_reference_unresolved_symbol,alignment_and_analysis,D:\mfa_eojeol\logs\lab_build_2021_1bda84ba0ce0_unresolved_symbols.csv,pending,empty_reference_form; unresolved_symbol; no_LAB_generated
2021,1bda84ba0ce02fed685991f1da0dff3b75577fffa07b05b971293f8c189fe0f8,SDRW2100002091.1.1.36,empty_reference_unresolved_symbol,alignment_and_analysis,D:\mfa_eojeol\logs\lab_build_2021_1bda84ba0ce0_unresolved_symbols.csv,pending,empty_reference_form; unresolved_symbol; no_LAB_generated
2021,1bda84ba0ce02fed685991f1da0dff3b75577fffa07b05b971293f8c189fe0f8,SDRW2100002150.1.1.33,empty_reference_unresolved_symbol,alignment_and_analysis,D:\mfa_eojeol\logs\lab_build_2021_1bda84ba0ce0_unresolved_symbols.csv,pending,empty_reference_form; unresolved_symbol; no_LAB_generated
2021,1bda84ba0ce02fed685991f1da0dff3b75577fffa07b05b971293f8c189fe0f8,SDRW2100002151.1.1.163,empty_reference_unresolved_symbol,alignment_and_analysis,D:\mfa_eojeol\logs\lab_build_2021_1bda84ba0ce0_unresolved_symbols.csv,pending,empty_reference_form; unresolved_symbol; no_LAB_generated
2021,1bda84ba0ce02fed685991f1da0dff3b75577fffa07b05b971293f8c189fe0f8,SDRW2100002151.1.1.179,empty_reference_unresolved_symbol,alignment_and_analysis,D:\mfa_eojeol\logs\lab_build_2021_1bda84ba0ce0_unresolved_symbols.csv,pending,empty_reference_form; unresolved_symbol; no_LAB_generated
2021,1bda84ba0ce02fed685991f1da0dff3b75577fffa07b05b971293f8c189fe0f8,SDRW2100002153.1.1.1,audio_pairing_unresolved,alignment_and_analysis,C:\Users\ari30\research\2026_summer_research\outputs\reports\PLAN_2021_wav_duration_recovery_20260803.csv,pending,target_unresolved
2021,1bda84ba0ce02fed685991f1da0dff3b75577fffa07b05b971293f8c189fe0f8,SDRW2100002153.1.1.10,audio_pairing_unresolved,alignment_and_analysis,C:\Users\ari30\research\2026_summer_research\outputs\reports\PLAN_2021_wav_duration_recovery_20260803.csv,pending,target_unresolved
2021,1bda84ba0ce02fed685991f1da0dff3b75577fffa07b05b971293f8c189fe0f8,SDRW2100002153.1.1.100,audio_pairing_unresolved,alignment_and_analysis,C:\Users\ari30\research\2026_summer_research\outputs\reports\PLAN_2021_wav_duration_recovery_20260803.csv,pending,target_unresolved
2021,1bda84ba0ce02fed685991f1da0dff3b75577fffa07b05b971293f8c189fe0f8,SDRW2100002153.1.1.101,audio_pairing_unresolved,alignment_and_analysis,C:\Users\ari30\research\2026_summer_research\outputs\reports\PLAN_2021_wav_duration_recovery_20260803.csv,pending,target_unresolved
2021,1bda84ba0ce02fed685991f1da0dff3b75577fffa07b05b971293f8c189fe0f8,SDRW2100002153.1.1.102,audio_pairing_unresolved,alignment_and_analysis,C:\Users\ari30\research\2026_summer_research\outputs\reports\PLAN_2021_wav_duration_recovery_20260803.csv,pending,target_unresolved
2021,1bda84ba0ce02fed685991f1da0dff3b75577fffa07b05b971293f8c189fe0f8,SDRW2100002153.1.1.103,audio_pairing_unresolved,alignment_and_analysis,C:\Users\ari30\research\2026_summer_research\outputs\reports\PLAN_2021_wav_duration_recovery_20260803.csv,pending,target_unresolved
2021,1bda84ba0ce02fed685991f1da0dff3b75577fffa07b05b971293f8c189fe0f8,SDRW2100002153.1.1.104,audio_pairing_unresolved,alignment_and_analysis,C:\Users\ari30\research\2026_summer_research\outputs\reports\PLAN_2021_wav_duration_recovery_20260803.csv,pending,target_unresolved
2021,1bda84ba0ce02fed685991f1da0dff3b75577fffa07b05b971293f8c189fe0f8,SDRW2100002153.1.1.105,audio_pairing_unresolved,alignment_and_analysis,C:\Users\ari30\research\2026_summer_research\outputs\reports\PLAN_2021_wav_duration_recovery_20260803.csv,pending,target_unresolved
2021,1bda84ba0ce02fed685991f1da0dff3b75577fffa07b05b971293f8c189fe0f8,SDRW2100002153.1.1.106,audio_pairing_unresolved,alignment_and_analysis,C:\Users\ari30\research\2026_summer_research\outputs\reports\PLAN_2021_wav_duration_recovery_20260803.csv,pending,target_unresolved
2021,1bda84ba0ce02fed685991f1da0dff3b75577fffa07b05b971293f8c189fe0f8,SDRW2100002153.1.1.107,audio_pairing_unresolved,alignment_and_analysis,C:\Users\ari30\research\2026_summer_research\outputs\reports\PLAN_2021_wav_duration_recovery_20260803.csv,pending,target_unresolved
2021,1bda84ba0ce02fed685991f1da0dff3b75577fffa07b05b971293f8c189fe0f8,SDRW2100002153.1.1.108,audio_pairing_unresolved,alignment_and_analysis,C:\Users\ari30\research\2026_summer_research\outputs\reports\PLAN_2021_wav_duration_recovery_20260803.csv,pending,target_unresolved
2021,1bda84ba0ce02fed685991f1da0dff3b75577fffa07b05b971293f8c189fe0f8,SDRW2100002153.1.1.109,audio_pairing_unresolved,alignment_and_analysis,C:\Users\ari30\research\2026_summer_research\outputs\reports\PLAN_2021_wav_duration_recovery_20260803.csv,pending,target_unresolved
2021,1bda84ba0ce02fed685991f1da0dff3b75577fffa07b05b971293f8c189fe0f8,SDRW2100002153.1.1.11,audio_pairing_unresolved,alignment_and_analysis,C:\Users\ari30\research\2026_summer_research\outputs\reports\PLAN_2021_wav_duration_recovery_20260803.csv,pending,target_unresolved
2021,1bda84ba0ce02fed685991f1da0dff3b75577fffa07b05b971293f8c189fe0f8,SDRW2100002153.1.1.111,audio_pairing_unresolved,alignment_and_analysis,C:\Users\ari30\research\2026_summer_research\outputs\reports\PLAN_2021_wav_duration_recovery_20260803.csv,pending,target_unresolved
2021,1bda84ba0ce02fed685991f1da0dff3b75577fffa07b05b971293f8c189fe0f8,SDRW2100002153.1.1.112,audio_pairing_unresolved,alignment_and_analysis,C:\Users\ari30\research\2026_summer_research\outputs\reports\PLAN_2021_wav_duration_recovery_20260803.csv,pending,target_unresolved
2021,1bda84ba0ce02fed685991f1da0dff3b75577fffa07b05b971293f8c189fe0f8,SDRW2100002153.1.1.113,audio_pairing_unresolved,alignment_and_analysis,C:\Users\ari30\research\2026_summer_research\outputs\reports\PLAN_2021_wav_duration_recovery_20260803.csv,pending,target_unresolved
2021,1bda84ba0ce02fed685991f1da0dff3b75577fffa07b05b971293f8c189fe0f8,SDRW2100002153.1.1.114,audio_pairing_unresolved,alignment_and_analysis,C:\Users\ari30\research\2026_summer_research\outputs\reports\PLAN_2021_wav_duration_recovery_20260803.csv,pending,target_unresolved
2021,1bda84ba0ce02fed685991f1da0dff3b75577fffa07b05b971293f8c189fe0f8,SDRW2100002153.1.1.115,audio_pairing_unresolved,alignment_and_analysis,C:\Users\ari30\research\2026_summer_research\outputs\reports\PLAN_2021_wav_duration_recovery_20260803.csv,pending,target_unresolved
2021,1bda84ba0ce02fed685991f1da0dff3b75577fffa07b05b971293f8c189fe0f8,SDRW2100002153.1.1.116,audio_pairing_unresolved,alignment_and_analysis,C:\Users\ari30\research\2026_summer_research\outputs\reports\PLAN_2021_wav_duration_recovery_20260803.csv,pending,target_unresolved
2021,1bda84ba0ce02fed685991f1da0dff3b75577fffa07b05b971293f8c189fe0f8,SDRW2100002153.1.1.117,audio_pairing_unresolved,alignment_and_analysis,C:\Users\ari30\research\2026_summer_research\outputs\reports\PLAN_2021_wav_duration_recovery_20260803.csv,pending,target_unresolved
2021,1bda84ba0ce02fed685991f1da0dff3b75577fffa07b05b971293f8c189fe0f8,SDRW2100002153.1.1.118,audio_pairing_unresolved,alignment_and_analysis,C:\Users\ari30\research\2026_summer_research\outputs\reports\PLAN_2021_wav_duration_recovery_20260803.csv,pending,target_unresolved
2021,1bda84ba0ce02fed685991f1da0dff3b75577fffa07b05b971293f8c189fe0f8,SDRW2100002153.1.1.119,audio_pairing_unresolved,alignment_and_analysis,C:\Users\ari30\research\2026_summer_research\outputs\reports\PLAN_2021_wav_duration_recovery_20260803.csv,pending,target_unresolved
2021,1bda84ba0ce02fed685991f1da0dff3b75577fffa07b05b971293f8c189fe0f8,SDRW2100002153.1.1.12,audio_pairing_unresolved,alignment_and_analysis,C:\Users\ari30\research\2026_summer_research\outputs\reports\PLAN_2021_wav_duration_recovery_20260803.csv,pending,target_unresolved
2021,1bda84ba0ce02fed685991f1da0dff3b75577fffa07b05b971293f8c189fe0f8,SDRW2100002153.1.1.120,audio_pairing_unresolved,alignment_and_analysis,C:\Users\ari30\research\2026_summer_research\outputs\reports\PLAN_2021_wav_duration_recovery_20260803.csv,pending,target_unresolved
2021,1bda84ba0ce02fed685991f1da0dff3b75577fffa07b05b971293f8c189fe0f8,SDRW2100002153.1.1.121,audio_pairing_unresolved,alignment_and_analysis,C:\Users\ari30\research\2026_summer_research\outputs\reports\PLAN_2021_wav_duration_recovery_20260803.csv,pending,target_unresolved
2021,1bda84ba0ce02fed685991f1da0dff3b75577fffa07b05b971293f8c189fe0f8,SDRW2100002153.1.1.122,audio_pairing_unresolved,alignment_and_analysis,C:\Users\ari30\research\2026_summer_research\outputs\reports\PLAN_2021_wav_duration_recovery_20260803.csv,pending,target_unresolved
2021,1bda84ba0ce02fed685991f1da0dff3b75577fffa07b05b971293f8c189fe0f8,SDRW2100002153.1.1.123,audio_pairing_unresolved,alignment_and_analysis,C:\Users\ari30\research\2026_summer_research\outputs\reports\PLAN_2021_wav_duration_recovery_20260803.csv,pending,target_unresolved
2021,1bda84ba0ce02fed685991f1da0dff3b75577fffa07b05b971293f8c189fe0f8,SDRW2100002153.1.1.124,audio_pairing_unresolved,alignment_and_analysis,C:\Users\ari30\research\2026_summer_research\outputs\reports\PLAN_2021_wav_duration_recovery_20260803.csv,pending,target_unresolved
2021,1bda84ba0ce02fed685991f1da0dff3b75577fffa07b05b971293f8c189fe0f8,SDRW2100002153.1.1.125,audio_pairing_unresolved,alignment_and_analysis,C:\Users\ari30\research\2026_summer_research\outputs\reports\PLAN_2021_wav_duration_recovery_20260803.csv,pending,target_unresolved
2021,1bda84ba0ce02fed685991f1da0dff3b75577fffa07b05b971293f8c189fe0f8,SDRW2100002153.1.1.126,audio_pairing_unresolved,alignment_and_analysis,C:\Users\ari30\research\2026_summer_research\outputs\reports\PLAN_2021_wav_duration_recovery_20260803.csv,pending,target_unresolved
2021,1bda84ba0ce02fed685991f1da0dff3b75577fffa07b05b971293f8c189fe0f8,SDRW2100002153.1.1.127,audio_pairing_unresolved,alignment_and_analysis,C:\Users\ari30\research\2026_summer_research\outputs\reports\PLAN_2021_wav_duration_recovery_20260803.csv,pending,target_unresolved
2021,1bda84ba0ce02fed685991f1da0dff3b75577fffa07b05b971293f8c189fe0f8,SDRW2100002153.1.1.128,audio_pairing_unresolved,alignment_and_analysis,C:\Users\ari30\research\2026_summer_research\outputs\reports\PLAN_2021_wav_duration_recovery_20260803.csv,pending,target_unresolved
2021,1bda84ba0ce02fed685991f1da0dff3b75577fffa07b05b971293f8c189fe0f8,SDRW2100002153.1.1.129,audio_pairing_unresolved,alignment_and_analysis,C:\Users\ari30\research\2026_summer_research\outputs\reports\PLAN_2021_wav_duration_recovery_20260803.csv,pending,target_unresolved
2021,1bda84ba0ce02fed685991f1da0dff3b75577fffa07b05b971293f8c189fe0f8,SDRW2100002153.1.1.13,audio_pairing_unresolved,alignment_and_analysis,C:\Users\ari30\research\2026_summer_research\outputs\reports\PLAN_2021_wav_duration_recovery_20260803.csv,pending,target_unresolved
2021,1bda84ba0ce02fed685991f1da0dff3b75577fffa07b05b971293f8c189fe0f8,SDRW2100002153.1.1.130,audio_pairing_unresolved,alignment_and_analysis,C:\Users\ari30\research\2026_summer_research\outputs\reports\PLAN_2021_wav_duration_recovery_20260803.csv,pending,target_unresolved
2021,1bda84ba0ce02fed685991f1da0dff3b75577fffa07b05b971293f8c189fe0f8,SDRW2100002153.1.1.131,audio_pairing_unresolved,alignment_and_analysis,C:\Users\ari30\research\2026_summer_research\outputs\reports\PLAN_2021_wav_duration_recovery_20260803.csv,pending,target_unresolved
2021,1bda84ba0ce02fed685991f1da0dff3b75577fffa07b05b971293f8c189fe0f8,SDRW2100002153.1.1.132,audio_pairing_unresolved,alignment_and_analysis,C:\Users\ari30\research\2026_summer_research\outputs\reports\PLAN_2021_wav_duration_recovery_20260803.csv,pending,target_unresolved
2021,1bda84ba0ce02fed685991f1da0dff3b75577fffa07b05b971293f8c189fe0f8,SDRW2100002153.1.1.133,audio_pairing_unresolved,alignment_and_analysis,C:\Users\ari30\research\2026_summer_research\outputs\reports\PLAN_2021_wav_duration_recovery_20260803.csv,pending,target_unresolved
2021,1bda84ba0ce02fed685991f1da0dff3b75577fffa07b05b971293f8c189fe0f8,SDRW2100002153.1.1.134,audio_pairing_unresolved,alignment_and_analysis,C:\Users\ari30\research\2026_summer_research\outputs\reports\PLAN_2021_wav_duration_recovery_20260803.csv,pending,target_unresolved
2021,1bda84ba0ce02fed685991f1da0dff3b75577fffa07b05b971293f8c189fe0f8,SDRW2100002153.1.1.135,audio_pairing_unresolved,alignment_and_analysis,C:\Users\ari30\research\2026_summer_research\outputs\reports\PLAN_2021_wav_duration_recovery_20260803.csv,pending,target_unresolved
2021,1bda84ba0ce02fed685991f1da0dff3b75577fffa07b05b971293f8c189fe0f8,SDRW2100002153.1.1.136,audio_pairing_unresolved,alignment_and_analysis,C:\Users\ari30\research\2026_summer_research\outputs\reports\PLAN_2021_wav_duration_recovery_20260803.csv,pending,target_unresolved
2021,1bda84ba0ce02fed685991f1da0dff3b75577fffa07b05b971293f8c189fe0f8,SDRW2100002153.1.1.137,audio_pairing_unresolved,alignment_and_analysis,C:\Users\ari30\research\2026_summer_research\outputs\reports\PLAN_2021_wav_duration_recovery_20260803.csv,pending,target_unresolved
2021,1bda84ba0ce02fed685991f1da0dff3b75577fffa07b05b971293f8c189fe0f8,SDRW2100002153.1.1.138,audio_pairing_unresolved,alignment_and_analysis,C:\Users\ari30\research\2026_summer_research\outputs\reports\PLAN_2021_wav_duration_recovery_20260803.csv,pending,target_unresolved
2021,1bda84ba0ce02fed685991f1da0dff3b75577fffa07b05b971293f8c189fe0f8,SDRW2100002153.1.1.139,audio_pairing_unresolved,alignment_and_analysis,C:\Users\ari30\research\2026_summer_research\outputs\reports\PLAN_2021_wav_duration_recovery_20260803.csv,pending,target_unresolved
2021,1bda84ba0ce02fed685991f1da0dff3b75577fffa07b05b971293f8c189fe0f8,SDRW2100002153.1.1.14,audio_pairing_unresolved,alignment_and_analysis,C:\Users\ari30\research\2026_summer_research\outputs\reports\PLAN_2021_wav_duration_recovery_20260803.csv,pending,target_unresolved
2021,1bda84ba0ce02fed685991f1da0dff3b75577fffa07b05b971293f8c189fe0f8,SDRW2100002153.1.1.140,audio_pairing_unresolved,alignment_and_analysis,C:\Users\ari30\research\2026_summer_research\outputs\reports\PLAN_2021_wav_duration_recovery_20260803.csv,pending,target_unresolved
2021,1bda84ba0ce02fed685991f1da0dff3b75577fffa07b05b971293f8c189fe0f8,SDRW2100002153.1.1.141,audio_pairing_unresolved,alignment_and_analysis,C:\Users\ari30\research\2026_summer_research\outputs\reports\PLAN_2021_wav_duration_recovery_20260803.csv,pending,target_unresolved
2021,1bda84ba0ce02fed685991f1da0dff3b75577fffa07b05b971293f8c189fe0f8,SDRW2100002153.1.1.142,audio_pairing_unresolved,alignment_and_analysis,C:\Users\ari30\research\2026_summer_research\outputs\reports\PLAN_2021_wav_duration_recovery_20260803.csv,pending,target_unresolved
2021,1bda84ba0ce02fed685991f1da0dff3b75577fffa07b05b971293f8c189fe0f8,SDRW2100002153.1.1.143,audio_pairing_unresolved,alignment_and_analysis,C:\Users\ari30\research\2026_summer_research\outputs\reports\PLAN_2021_wav_duration_recovery_20260803.csv,pending,target_unresolved
2021,1bda84ba0ce02fed685991f1da0dff3b75577fffa07b05b971293f8c189fe0f8,SDRW2100002153.1.1.144,audio_pairing_unresolved,alignment_and_analysis,C:\Users\ari30\research\2026_summer_research\outputs\reports\PLAN_2021_wav_duration_recovery_20260803.csv,pending,target_unresolved
2021,1bda84ba0ce02fed685991f1da0dff3b75577fffa07b05b971293f8c189fe0f8,SDRW2100002153.1.1.145,audio_pairing_unresolved,alignment_and_analysis,C:\Users\ari30\research\2026_summer_research\outputs\reports\PLAN_2021_wav_duration_recovery_20260803.csv,pending,target_unresolved
2021,1bda84ba0ce02fed685991f1da0dff3b75577fffa07b05b971293f8c189fe0f8,SDRW2100002153.1.1.146,audio_pairing_unresolved,alignment_and_analysis,C:\Users\ari30\research\2026_summer_research\outputs\reports\PLAN_2021_wav_duration_recovery_20260803.csv,pending,target_unresolved
2021,1bda84ba0ce02fed685991f1da0dff3b75577fffa07b05b971293f8c189fe0f8,SDRW2100002153.1.1.147,audio_pairing_unresolved,alignment_and_analysis,C:\Users\ari30\research\2026_summer_research\outputs\reports\PLAN_2021_wav_duration_recovery_20260803.csv,pending,target_unresolved
2021,1bda84ba0ce02fed685991f1da0dff3b75577fffa07b05b971293f8c189fe0f8,SDRW2100002153.1.1.148,audio_pairing_unresolved,alignment_and_analysis,C:\Users\ari30\research\2026_summer_research\outputs\reports\PLAN_2021_wav_duration_recovery_20260803.csv,pending,target_unresolved
2021,1bda84ba0ce02fed685991f1da0dff3b75577fffa07b05b971293f8c189fe0f8,SDRW2100002153.1.1.149,audio_pairing_unresolved,alignment_and_analysis,C:\Users\ari30\research\2026_summer_research\outputs\reports\PLAN_2021_wav_duration_recovery_20260803.csv,pending,target_unresolved
2021,1bda84ba0ce02fed685991f1da0dff3b75577fffa07b05b971293f8c189fe0f8,SDRW2100002153.1.1.15,audio_pairing_unresolved,alignment_and_analysis,C:\Users\ari30\research\2026_summer_research\outputs\reports\PLAN_2021_wav_duration_recovery_20260803.csv,pending,target_unresolved
2021,1bda84ba0ce02fed685991f1da0dff3b75577fffa07b05b971293f8c189fe0f8,SDRW2100002153.1.1.150,audio_pairing_unresolved,alignment_and_analysis,C:\Users\ari30\research\2026_summer_research\outputs\reports\PLAN_2021_wav_duration_recovery_20260803.csv,pending,target_unresolved
2021,1bda84ba0ce02fed685991f1da0dff3b75577fffa07b05b971293f8c189fe0f8,SDRW2100002153.1.1.151,audio_pairing_unresolved,alignment_and_analysis,C:\Users\ari30\research\2026_summer_research\outputs\reports\PLAN_2021_wav_duration_recovery_20260803.csv,pending,target_unresolved
2021,1bda84ba0ce02fed685991f1da0dff3b75577fffa07b05b971293f8c189fe0f8,SDRW2100002153.1.1.152,audio_pairing_unresolved,alignment_and_analysis,C:\Users\ari30\research\2026_summer_research\outputs\reports\PLAN_2021_wav_duration_recovery_20260803.csv,pending,target_unresolved
2021,1bda84ba0ce02fed685991f1da0dff3b75577fffa07b05b971293f8c189fe0f8,SDRW2100002153.1.1.153,audio_pairing_unresolved,alignment_and_analysis,C:\Users\ari30\research\2026_summer_research\outputs\reports\PLAN_2021_wav_duration_recovery_20260803.csv,pending,target_unresolved
2021,1bda84ba0ce02fed685991f1da0dff3b75577fffa07b05b971293f8c189fe0f8,SDRW2100002153.1.1.154,audio_pairing_unresolved,alignment_and_analysis,C:\Users\ari30\research\2026_summer_research\outputs\reports\PLAN_2021_wav_duration_recovery_20260803.csv,pending,target_unresolved
2021,1bda84ba0ce02fed685991f1da0dff3b75577fffa07b05b971293f8c189fe0f8,SDRW2100002153.1.1.155,audio_pairing_unresolved,alignment_and_analysis,C:\Users\ari30\research\2026_summer_research\outputs\reports\PLAN_2021_wav_duration_recovery_20260803.csv,pending,target_unresolved
2021,1bda84ba0ce02fed685991f1da0dff3b75577fffa07b05b971293f8c189fe0f8,SDRW2100002153.1.1.156,audio_pairing_unresolved,alignment_and_analysis,C:\Users\ari30\research\2026_summer_research\outputs\reports\PLAN_2021_wav_duration_recovery_20260803.csv,pending,target_unresolved
2021,1bda84ba0ce02fed685991f1da0dff3b75577fffa07b05b971293f8c189fe0f8,SDRW2100002153.1.1.157,audio_pairing_unresolved,alignment_and_analysis,C:\Users\ari30\research\2026_summer_research\outputs\reports\PLAN_2021_wav_duration_recovery_20260803.csv,pending,target_unresolved
2021,1bda84ba0ce02fed685991f1da0dff3b75577fffa07b05b971293f8c189fe0f8,SDRW2100002153.1.1.158,audio_pairing_unresolved,alignment_and_analysis,C:\Users\ari30\research\2026_summer_research\outputs\reports\PLAN_2021_wav_duration_recovery_20260803.csv,pending,target_unresolved
2021,1bda84ba0ce02fed685991f1da0dff3b75577fffa07b05b971293f8c189fe0f8,SDRW2100002153.1.1.159,audio_pairing_unresolved,alignment_and_analysis,C:\Users\ari30\research\2026_summer_research\outputs\reports\PLAN_2021_wav_duration_recovery_20260803.csv,pending,target_unresolved
2021,1bda84ba0ce02fed685991f1da0dff3b75577fffa07b05b971293f8c189fe0f8,SDRW2100002153.1.1.16,audio_pairing_unresolved,alignment_and_analysis,C:\Users\ari30\research\2026_summer_research\outputs\reports\PLAN_2021_wav_duration_recovery_20260803.csv,pending,target_unresolved
2021,1bda84ba0ce02fed685991f1da0dff3b75577fffa07b05b971293f8c189fe0f8,SDRW2100002153.1.1.160,audio_pairing_unresolved,alignment_and_analysis,C:\Users\ari30\research\2026_summer_research\outputs\reports\PLAN_2021_wav_duration_recovery_20260803.csv,pending,target_unresolved
2021,1bda84ba0ce02fed685991f1da0dff3b75577fffa07b05b971293f8c189fe0f8,SDRW2100002153.1.1.161,audio_pairing_unresolved,alignment_and_analysis,C:\Users\ari30\research\2026_summer_research\outputs\reports\PLAN_2021_wav_duration_recovery_20260803.csv,pending,target_unresolved
2021,1bda84ba0ce02fed685991f1da0dff3b75577fffa07b05b971293f8c189fe0f8,SDRW2100002153.1.1.162,audio_pairing_unresolved,alignment_and_analysis,C:\Users\ari30\research\2026_summer_research\outputs\reports\PLAN_2021_wav_duration_recovery_20260803.csv,pending,target_unresolved
2021,1bda84ba0ce02fed685991f1da0dff3b75577fffa07b05b971293f8c189fe0f8,SDRW2100002153.1.1.163,audio_pairing_unresolved,alignment_and_analysis,C:\Users\ari30\research\2026_summer_research\outputs\reports\PLAN_2021_wav_duration_recovery_20260803.csv,pending,target_unresolved
2021,1bda84ba0ce02fed685991f1da0dff3b75577fffa07b05b971293f8c189fe0f8,SDRW2100002153.1.1.164,audio_pairing_unresolved,alignment_and_analysis,C:\Users\ari30\research\2026_summer_research\outputs\reports\PLAN_2021_wav_duration_recovery_20260803.csv,pending,target_unresolved
2021,1bda84ba0ce02fed685991f1da0dff3b75577fffa07b05b971293f8c189fe0f8,SDRW2100002153.1.1.165,audio_pairing_unresolved,alignment_and_analysis,C:\Users\ari30\research\2026_summer_research\outputs\reports\PLAN_2021_wav_duration_recovery_20260803.csv,pending,target_unresolved
2021,1bda84ba0ce02fed685991f1da0dff3b75577fffa07b05b971293f8c189fe0f8,SDRW2100002153.1.1.166,audio_pairing_unresolved,alignment_and_analysis,C:\Users\ari30\research\2026_summer_research\outputs\reports\PLAN_2021_wav_duration_recovery_20260803.csv,pending,target_unresolved
2021,1bda84ba0ce02fed685991f1da0dff3b75577fffa07b05b971293f8c189fe0f8,SDRW2100002153.1.1.167,audio_pairing_unresolved,alignment_and_analysis,C:\Users\ari30\research\2026_summer_research\outputs\reports\PLAN_2021_wav_duration_recovery_20260803.csv,pending,target_unresolved
2021,1bda84ba0ce02fed685991f1da0dff3b75577fffa07b05b971293f8c189fe0f8,SDRW2100002153.1.1.168,audio_pairing_unresolved,alignment_and_analysis,C:\Users\ari30\research\2026_summer_research\outputs\reports\PLAN_2021_wav_duration_recovery_20260803.csv,pending,target_unresolved
2021,1bda84ba0ce02fed685991f1da0dff3b75577fffa07b05b971293f8c189fe0f8,SDRW2100002153.1.1.169,audio_pairing_unresolved,alignment_and_analysis,C:\Users\ari30\research\2026_summer_research\outputs\reports\PLAN_2021_wav_duration_recovery_20260803.csv,pending,target_unresolved
2021,1bda84ba0ce02fed685991f1da0dff3b75577fffa07b05b971293f8c189fe0f8,SDRW2100002153.1.1.17,audio_pairing_unresolved,alignment_and_analysis,C:\Users\ari30\research\2026_summer_research\outputs\reports\PLAN_2021_wav_duration_recovery_20260803.csv,pending,target_unresolved
2021,1bda84ba0ce02fed685991f1da0dff3b75577fffa07b05b971293f8c189fe0f8,SDRW2100002153.1.1.170,audio_pairing_unresolved,alignment_and_analysis,C:\Users\ari30\research\2026_summer_research\outputs\reports\PLAN_2021_wav_duration_recovery_20260803.csv,pending,target_unresolved
2021,1bda84ba0ce02fed685991f1da0dff3b75577fffa07b05b971293f8c189fe0f8,SDRW2100002153.1.1.171,audio_pairing_unresolved,alignment_and_analysis,C:\Users\ari30\research\2026_summer_research\outputs\reports\PLAN_2021_wav_duration_recovery_20260803.csv,pending,target_unresolved
2021,1bda84ba0ce02fed685991f1da0dff3b75577fffa07b05b971293f8c189fe0f8,SDRW2100002153.1.1.172,audio_pairing_unresolved,alignment_and_analysis,C:\Users\ari30\research\2026_summer_research\outputs\reports\PLAN_2021_wav_duration_recovery_20260803.csv,pending,target_unresolved
2021,1bda84ba0ce02fed685991f1da0dff3b75577fffa07b05b971293f8c189fe0f8,SDRW2100002153.1.1.173,audio_pairing_unresolved,alignment_and_analysis,C:\Users\ari30\research\2026_summer_research\outputs\reports\PLAN_2021_wav_duration_recovery_20260803.csv,pending,target_unresolved
2021,1bda84ba0ce02fed685991f1da0dff3b75577fffa07b05b971293f8c189fe0f8,SDRW2100002153.1.1.174,audio_pairing_unresolved,alignment_and_analysis,C:\Users\ari30\research\2026_summer_research\outputs\reports\PLAN_2021_wav_duration_recovery_20260803.csv,pending,target_unresolved
2021,1bda84ba0ce02fed685991f1da0dff3b75577fffa07b05b971293f8c189fe0f8,SDRW2100002153.1.1.175,audio_pairing_unresolved,alignment_and_analysis,C:\Users\ari30\research\2026_summer_research\outputs\reports\PLAN_2021_wav_duration_recovery_20260803.csv,pending,target_unresolved
2021,1bda84ba0ce02fed685991f1da0dff3b75577fffa07b05b971293f8c189fe0f8,SDRW2100002153.1.1.176,audio_pairing_unresolved,alignment_and_analysis,C:\Users\ari30\research\2026_summer_research\outputs\reports\PLAN_2021_wav_duration_recovery_20260803.csv,pending,target_unresolved
2021,1bda84ba0ce02fed685991f1da0dff3b75577fffa07b05b971293f8c189fe0f8,SDRW2100002153.1.1.177,audio_pairing_unresolved,alignment_and_analysis,C:\Users\ari30\research\2026_summer_research\outputs\reports\PLAN_2021_wav_duration_recovery_20260803.csv,pending,target_unresolved
2021,1bda84ba0ce02fed685991f1da0dff3b75577fffa07b05b971293f8c189fe0f8,SDRW2100002153.1.1.178,audio_pairing_unresolved,alignment_and_analysis,C:\Users\ari30\research\2026_summer_research\outputs\reports\PLAN_2021_wav_duration_recovery_20260803.csv,pending,target_unresolved
2021,1bda84ba0ce02fed685991f1da0dff3b75577fffa07b05b971293f8c189fe0f8,SDRW2100002153.1.1.179,audio_pairing_unresolved,alignment_and_analysis,C:\Users\ari30\research\2026_summer_research\outputs\reports\PLAN_2021_wav_duration_recovery_20260803.csv,pending,target_unresolved
2021,1bda84ba0ce02fed685991f1da0dff3b75577fffa07b05b971293f8c189fe0f8,SDRW2100002153.1.1.18,audio_pairing_unresolved,alignment_and_analysis,C:\Users\ari30\research\2026_summer_research\outputs\reports\PLAN_2021_wav_duration_recovery_20260803.csv,pending,target_unresolved
2021,1bda84ba0ce02fed685991f1da0dff3b75577fffa07b05b971293f8c189fe0f8,SDRW2100002153.1.1.180,audio_pairing_unresolved,alignment_and_analysis,C:\Users\ari30\research\2026_summer_research\outputs\reports\PLAN_2021_wav_duration_recovery_20260803.csv,pending,target_unresolved
2021,1bda84ba0ce02fed685991f1da0dff3b75577fffa07b05b971293f8c189fe0f8,SDRW2100002153.1.1.181,audio_pairing_unresolved,alignment_and_analysis,C:\Users\ari30\research\2026_summer_research\outputs\reports\PLAN_2021_wav_duration_recovery_20260803.csv,pending,target_unresolved
2021,1bda84ba0ce02fed685991f1da0dff3b75577fffa07b05b971293f8c189fe0f8,SDRW2100002153.1.1.182,audio_pairing_unresolved,alignment_and_analysis,C:\Users\ari30\research\2026_summer_research\outputs\reports\PLAN_2021_wav_duration_recovery_20260803.csv,pending,target_unresolved
2021,1bda84ba0ce02fed685991f1da0dff3b75577fffa07b05b971293f8c189fe0f8,SDRW2100002153.1.1.183,audio_pairing_unresolved,alignment_and_analysis,C:\Users\ari30\research\2026_summer_research\outputs\reports\PLAN_2021_wav_duration_recovery_20260803.csv,pending,target_unresolved
2021,1bda84ba0ce02fed685991f1da0dff3b75577fffa07b05b971293f8c189fe0f8,SDRW2100002153.1.1.184,audio_pairing_unresolved,alignment_and_analysis,C:\Users\ari30\research\2026_summer_research\outputs\reports\PLAN_2021_wav_duration_recovery_20260803.csv,pending,target_unresolved
2021,1bda84ba0ce02fed685991f1da0dff3b75577fffa07b05b971293f8c189fe0f8,SDRW2100002153.1.1.185,audio_pairing_unresolved,alignment_and_analysis,C:\Users\ari30\research\2026_summer_research\outputs\reports\PLAN_2021_wav_duration_recovery_20260803.csv,pending,target_unresolved
2021,1bda84ba0ce02fed685991f1da0dff3b75577fffa07b05b971293f8c189fe0f8,SDRW2100002153.1.1.186,audio_pairing_unresolved,alignment_and_analysis,C:\Users\ari30\research\2026_summer_research\outputs\reports\PLAN_2021_wav_duration_recovery_20260803.csv,pending,target_unresolved
2021,1bda84ba0ce02fed685991f1da0dff3b75577fffa07b05b971293f8c189fe0f8,SDRW2100002153.1.1.187,audio_pairing_unresolved,alignment_and_analysis,C:\Users\ari30\research\2026_summer_research\outputs\reports\PLAN_2021_wav_duration_recovery_20260803.csv,pending,target_unresolved
2021,1bda84ba0ce02fed685991f1da0dff3b75577fffa07b05b971293f8c189fe0f8,SDRW2100002153.1.1.188,audio_pairing_unresolved,alignment_and_analysis,C:\Users\ari30\research\2026_summer_research\outputs\reports\PLAN_2021_wav_duration_recovery_20260803.csv,pending,target_unresolved
2021,1bda84ba0ce02fed685991f1da0dff3b75577fffa07b05b971293f8c189fe0f8,SDRW2100002153.1.1.189,audio_pairing_unresolved,alignment_and_analysis,C:\Users\ari30\research\2026_summer_research\outputs\reports\PLAN_2021_wav_duration_recovery_20260803.csv,pending,target_unresolved
2021,1bda84ba0ce02fed685991f1da0dff3b75577fffa07b05b971293f8c189fe0f8,SDRW2100002153.1.1.19,audio_pairing_unresolved,alignment_and_analysis,C:\Users\ari30\research\2026_summer_research\outputs\reports\PLAN_2021_wav_duration_recovery_20260803.csv,pending,target_unresolved
2021,1bda84ba0ce02fed685991f1da0dff3b75577fffa07b05b971293f8c189fe0f8,SDRW2100002153.1.1.190,audio_pairing_unresolved,alignment_and_analysis,C:\Users\ari30\research\2026_summer_research\outputs\reports\PLAN_2021_wav_duration_recovery_20260803.csv,pending,target_unresolved
2021,1bda84ba0ce02fed685991f1da0dff3b75577fffa07b05b971293f8c189fe0f8,SDRW2100002153.1.1.191,audio_pairing_unresolved,alignment_and_analysis,C:\Users\ari30\research\2026_summer_research\outputs\reports\PLAN_2021_wav_duration_recovery_20260803.csv,pending,target_unresolved
2021,1bda84ba0ce02fed685991f1da0dff3b75577fffa07b05b971293f8c189fe0f8,SDRW2100002153.1.1.192,audio_pairing_unresolved,alignment_and_analysis,C:\Users\ari30\research\2026_summer_research\outputs\reports\PLAN_2021_wav_duration_recovery_20260803.csv,pending,target_unresolved
2021,1bda84ba0ce02fed685991f1da0dff3b75577fffa07b05b971293f8c189fe0f8,SDRW2100002153.1.1.193,audio_pairing_unresolved,alignment_and_analysis,C:\Users\ari30\research\2026_summer_research\outputs\reports\PLAN_2021_wav_duration_recovery_20260803.csv,pending,target_unresolved
2021,1bda84ba0ce02fed685991f1da0dff3b75577fffa07b05b971293f8c189fe0f8,SDRW2100002153.1.1.194,audio_pairing_unresolved,alignment_and_analysis,C:\Users\ari30\research\2026_summer_research\outputs\reports\PLAN_2021_wav_duration_recovery_20260803.csv,pending,target_unresolved
2021,1bda84ba0ce02fed685991f1da0dff3b75577fffa07b05b971293f8c189fe0f8,SDRW2100002153.1.1.195,audio_pairing_unresolved,alignment_and_analysis,C:\Users\ari30\research\2026_summer_research\outputs\reports\PLAN_2021_wav_duration_recovery_20260803.csv,pending,target_unresolved
2021,1bda84ba0ce02fed685991f1da0dff3b75577fffa07b05b971293f8c189fe0f8,SDRW2100002153.1.1.196,audio_pairing_unresolved,alignment_and_analysis,C:\Users\ari30\research\2026_summer_research\outputs\reports\PLAN_2021_wav_duration_recovery_20260803.csv,pending,target_unresolved
2021,1bda84ba0ce02fed685991f1da0dff3b75577fffa07b05b971293f8c189fe0f8,SDRW2100002153.1.1.197,audio_pairing_unresolved,alignment_and_analysis,C:\Users\ari30\research\2026_summer_research\outputs\reports\PLAN_2021_wav_duration_recovery_20260803.csv,pending,target_unresolved
2021,1bda84ba0ce02fed685991f1da0dff3b75577fffa07b05b971293f8c189fe0f8,SDRW2100002153.1.1.198,audio_pairing_unresolved,alignment_and_analysis,C:\Users\ari30\research\2026_summer_research\outputs\reports\PLAN_2021_wav_duration_recovery_20260803.csv,pending,target_unresolved
2021,1bda84ba0ce02fed685991f1da0dff3b75577fffa07b05b971293f8c189fe0f8,SDRW2100002153.1.1.199,audio_pairing_unresolved,alignment_and_analysis,C:\Users\ari30\research\2026_summer_research\outputs\reports\PLAN_2021_wav_duration_recovery_20260803.csv,pending,target_unresolved
2021,1bda84ba0ce02fed685991f1da0dff3b75577fffa07b05b971293f8c189fe0f8,SDRW2100002153.1.1.2,audio_pairing_unresolved,alignment_and_analysis,C:\Users\ari30\research\2026_summer_research\outputs\reports\PLAN_2021_wav_duration_recovery_20260803.csv,pending,target_unresolved
2021,1bda84ba0ce02fed685991f1da0dff3b75577fffa07b05b971293f8c189fe0f8,SDRW2100002153.1.1.20,audio_pairing_unresolved,alignment_and_analysis,C:\Users\ari30\research\2026_summer_research\outputs\reports\PLAN_2021_wav_duration_recovery_20260803.csv,pending,target_unresolved
2021,1bda84ba0ce02fed685991f1da0dff3b75577fffa07b05b971293f8c189fe0f8,SDRW2100002153.1.1.200,audio_pairing_unresolved,alignment_and_analysis,C:\Users\ari30\research\2026_summer_research\outputs\reports\PLAN_2021_wav_duration_recovery_20260803.csv,pending,target_unresolved
2021,1bda84ba0ce02fed685991f1da0dff3b75577fffa07b05b971293f8c189fe0f8,SDRW2100002153.1.1.201,audio_pairing_unresolved,alignment_and_analysis,C:\Users\ari30\research\2026_summer_research\outputs\reports\PLAN_2021_wav_duration_recovery_20260803.csv,pending,target_unresolved
2021,1bda84ba0ce02fed685991f1da0dff3b75577fffa07b05b971293f8c189fe0f8,SDRW2100002153.1.1.202,audio_pairing_unresolved,alignment_and_analysis,C:\Users\ari30\research\2026_summer_research\outputs\reports\PLAN_2021_wav_duration_recovery_20260803.csv,pending,target_unresolved
2021,1bda84ba0ce02fed685991f1da0dff3b75577fffa07b05b971293f8c189fe0f8,SDRW2100002153.1.1.203,audio_pairing_unresolved,alignment_and_analysis,C:\Users\ari30\research\2026_summer_research\outputs\reports\PLAN_2021_wav_duration_recovery_20260803.csv,pending,target_unresolved
2021,1bda84ba0ce02fed685991f1da0dff3b75577fffa07b05b971293f8c189fe0f8,SDRW2100002153.1.1.204,audio_pairing_unresolved,alignment_and_analysis,C:\Users\ari30\research\2026_summer_research\outputs\reports\PLAN_2021_wav_duration_recovery_20260803.csv,pending,target_unresolved
2021,1bda84ba0ce02fed685991f1da0dff3b75577fffa07b05b971293f8c189fe0f8,SDRW2100002153.1.1.205,audio_pairing_unresolved,alignment_and_analysis,C:\Users\ari30\research\2026_summer_research\outputs\reports\PLAN_2021_wav_duration_recovery_20260803.csv,pending,target_unresolved
2021,1bda84ba0ce02fed685991f1da0dff3b75577fffa07b05b971293f8c189fe0f8,SDRW2100002153.1.1.206,audio_pairing_unresolved,alignment_and_analysis,C:\Users\ari30\research\2026_summer_research\outputs\reports\PLAN_2021_wav_duration_recovery_20260803.csv,pending,target_unresolved
2021,1bda84ba0ce02fed685991f1da0dff3b75577fffa07b05b971293f8c189fe0f8,SDRW2100002153.1.1.207,audio_pairing_unresolved,alignment_and_analysis,C:\Users\ari30\research\2026_summer_research\outputs\reports\PLAN_2021_wav_duration_recovery_20260803.csv,pending,target_unresolved
2021,1bda84ba0ce02fed685991f1da0dff3b75577fffa07b05b971293f8c189fe0f8,SDRW2100002153.1.1.208,audio_pairing_unresolved,alignment_and_analysis,C:\Users\ari30\research\2026_summer_research\outputs\reports\PLAN_2021_wav_duration_recovery_20260803.csv,pending,target_unresolved
2021,1bda84ba0ce02fed685991f1da0dff3b75577fffa07b05b971293f8c189fe0f8,SDRW2100002153.1.1.209,audio_pairing_unresolved,alignment_and_analysis,C:\Users\ari30\research\2026_summer_research\outputs\reports\PLAN_2021_wav_duration_recovery_20260803.csv,pending,target_unresolved
2021,1bda84ba0ce02fed685991f1da0dff3b75577fffa07b05b971293f8c189fe0f8,SDRW2100002153.1.1.21,audio_pairing_unresolved,alignment_and_analysis,C:\Users\ari30\research\2026_summer_research\outputs\reports\PLAN_2021_wav_duration_recovery_20260803.csv,pending,target_unresolved
2021,1bda84ba0ce02fed685991f1da0dff3b75577fffa07b05b971293f8c189fe0f8,SDRW2100002153.1.1.210,audio_pairing_unresolved,alignment_and_analysis,C:\Users\ari30\research\2026_summer_research\outputs\reports\PLAN_2021_wav_duration_recovery_20260803.csv,pending,target_unresolved
2021,1bda84ba0ce02fed685991f1da0dff3b75577fffa07b05b971293f8c189fe0f8,SDRW2100002153.1.1.211,audio_pairing_unresolved,alignment_and_analysis,C:\Users\ari30\research\2026_summer_research\outputs\reports\PLAN_2021_wav_duration_recovery_20260803.csv,pending,target_unresolved
2021,1bda84ba0ce02fed685991f1da0dff3b75577fffa07b05b971293f8c189fe0f8,SDRW2100002153.1.1.212,audio_pairing_unresolved,alignment_and_analysis,C:\Users\ari30\research\2026_summer_research\outputs\reports\PLAN_2021_wav_duration_recovery_20260803.csv,pending,target_unresolved
2021,1bda84ba0ce02fed685991f1da0dff3b75577fffa07b05b971293f8c189fe0f8,SDRW2100002153.1.1.213,audio_pairing_unresolved,alignment_and_analysis,C:\Users\ari30\research\2026_summer_research\outputs\reports\PLAN_2021_wav_duration_recovery_20260803.csv,pending,target_unresolved
2021,1bda84ba0ce02fed685991f1da0dff3b75577fffa07b05b971293f8c189fe0f8,SDRW2100002153.1.1.214,audio_pairing_unresolved,alignment_and_analysis,C:\Users\ari30\research\2026_summer_research\outputs\reports\PLAN_2021_wav_duration_recovery_20260803.csv,pending,target_unresolved
2021,1bda84ba0ce02fed685991f1da0dff3b75577fffa07b05b971293f8c189fe0f8,SDRW2100002153.1.1.215,audio_pairing_unresolved,alignment_and_analysis,C:\Users\ari30\research\2026_summer_research\outputs\reports\PLAN_2021_wav_duration_recovery_20260803.csv,pending,target_unresolved
2021,1bda84ba0ce02fed685991f1da0dff3b75577fffa07b05b971293f8c189fe0f8,SDRW2100002153.1.1.216,audio_pairing_unresolved,alignment_and_analysis,C:\Users\ari30\research\2026_summer_research\outputs\reports\PLAN_2021_wav_duration_recovery_20260803.csv,pending,target_unresolved
2021,1bda84ba0ce02fed685991f1da0dff3b75577fffa07b05b971293f8c189fe0f8,SDRW2100002153.1.1.217,audio_pairing_unresolved,alignment_and_analysis,C:\Users\ari30\research\2026_summer_research\outputs\reports\PLAN_2021_wav_duration_recovery_20260803.csv,pending,target_unresolved
2021,1bda84ba0ce02fed685991f1da0dff3b75577fffa07b05b971293f8c189fe0f8,SDRW2100002153.1.1.218,audio_pairing_unresolved,alignment_and_analysis,C:\Users\ari30\research\2026_summer_research\outputs\reports\PLAN_2021_wav_duration_recovery_20260803.csv,pending,target_unresolved
2021,1bda84ba0ce02fed685991f1da0dff3b75577fffa07b05b971293f8c189fe0f8,SDRW2100002153.1.1.219,audio_pairing_unresolved,alignment_and_analysis,C:\Users\ari30\research\2026_summer_research\outputs\reports\PLAN_2021_wav_duration_recovery_20260803.csv,pending,target_unresolved
2021,1bda84ba0ce02fed685991f1da0dff3b75577fffa07b05b971293f8c189fe0f8,SDRW2100002153.1.1.22,audio_pairing_unresolved,alignment_and_analysis,C:\Users\ari30\research\2026_summer_research\outputs\reports\PLAN_2021_wav_duration_recovery_20260803.csv,pending,target_unresolved
2021,1bda84ba0ce02fed685991f1da0dff3b75577fffa07b05b971293f8c189fe0f8,SDRW2100002153.1.1.220,audio_pairing_unresolved,alignment_and_analysis,C:\Users\ari30\research\2026_summer_research\outputs\reports\PLAN_2021_wav_duration_recovery_20260803.csv,pending,target_unresolved
2021,1bda84ba0ce02fed685991f1da0dff3b75577fffa07b05b971293f8c189fe0f8,SDRW2100002153.1.1.221,audio_pairing_unresolved,alignment_and_analysis,C:\Users\ari30\research\2026_summer_research\outputs\reports\PLAN_2021_wav_duration_recovery_20260803.csv,pending,target_unresolved
2021,1bda84ba0ce02fed685991f1da0dff3b75577fffa07b05b971293f8c189fe0f8,SDRW2100002153.1.1.223,audio_pairing_unresolved,alignment_and_analysis,C:\Users\ari30\research\2026_summer_research\outputs\reports\PLAN_2021_wav_duration_recovery_20260803.csv,pending,target_unresolved
2021,1bda84ba0ce02fed685991f1da0dff3b75577fffa07b05b971293f8c189fe0f8,SDRW2100002153.1.1.224,audio_pairing_unresolved,alignment_and_analysis,C:\Users\ari30\research\2026_summer_research\outputs\reports\PLAN_2021_wav_duration_recovery_20260803.csv,pending,target_unresolved
2021,1bda84ba0ce02fed685991f1da0dff3b75577fffa07b05b971293f8c189fe0f8,SDRW2100002153.1.1.225,audio_pairing_unresolved,alignment_and_analysis,C:\Users\ari30\research\2026_summer_research\outputs\reports\PLAN_2021_wav_duration_recovery_20260803.csv,pending,target_unresolved
2021,1bda84ba0ce02fed685991f1da0dff3b75577fffa07b05b971293f8c189fe0f8,SDRW2100002153.1.1.226,audio_pairing_unresolved,alignment_and_analysis,C:\Users\ari30\research\2026_summer_research\outputs\reports\PLAN_2021_wav_duration_recovery_20260803.csv,pending,target_unresolved
2021,1bda84ba0ce02fed685991f1da0dff3b75577fffa07b05b971293f8c189fe0f8,SDRW2100002153.1.1.227,audio_pairing_unresolved,alignment_and_analysis,C:\Users\ari30\research\2026_summer_research\outputs\reports\PLAN_2021_wav_duration_recovery_20260803.csv,pending,target_unresolved
2021,1bda84ba0ce02fed685991f1da0dff3b75577fffa07b05b971293f8c189fe0f8,SDRW2100002153.1.1.228,audio_pairing_unresolved,alignment_and_analysis,C:\Users\ari30\research\2026_summer_research\outputs\reports\PLAN_2021_wav_duration_recovery_20260803.csv,pending,target_unresolved
2021,1bda84ba0ce02fed685991f1da0dff3b75577fffa07b05b971293f8c189fe0f8,SDRW2100002153.1.1.229,audio_pairing_unresolved,alignment_and_analysis,C:\Users\ari30\research\2026_summer_research\outputs\reports\PLAN_2021_wav_duration_recovery_20260803.csv,pending,target_unresolved
2021,1bda84ba0ce02fed685991f1da0dff3b75577fffa07b05b971293f8c189fe0f8,SDRW2100002153.1.1.23,audio_pairing_unresolved,alignment_and_analysis,C:\Users\ari30\research\2026_summer_research\outputs\reports\PLAN_2021_wav_duration_recovery_20260803.csv,pending,target_unresolved
2021,1bda84ba0ce02fed685991f1da0dff3b75577fffa07b05b971293f8c189fe0f8,SDRW2100002153.1.1.230,audio_pairing_unresolved,alignment_and_analysis,C:\Users\ari30\research\2026_summer_research\outputs\reports\PLAN_2021_wav_duration_recovery_20260803.csv,pending,target_unresolved
2021,1bda84ba0ce02fed685991f1da0dff3b75577fffa07b05b971293f8c189fe0f8,SDRW2100002153.1.1.231,audio_pairing_unresolved,alignment_and_analysis,C:\Users\ari30\research\2026_summer_research\outputs\reports\PLAN_2021_wav_duration_recovery_20260803.csv,pending,target_unresolved
2021,1bda84ba0ce02fed685991f1da0dff3b75577fffa07b05b971293f8c189fe0f8,SDRW2100002153.1.1.232,audio_pairing_unresolved,alignment_and_analysis,C:\Users\ari30\research\2026_summer_research\outputs\reports\PLAN_2021_wav_duration_recovery_20260803.csv,pending,target_unresolved
2021,1bda84ba0ce02fed685991f1da0dff3b75577fffa07b05b971293f8c189fe0f8,SDRW2100002153.1.1.233,audio_pairing_unresolved,alignment_and_analysis,C:\Users\ari30\research\2026_summer_research\outputs\reports\PLAN_2021_wav_duration_recovery_20260803.csv,pending,target_unresolved
2021,1bda84ba0ce02fed685991f1da0dff3b75577fffa07b05b971293f8c189fe0f8,SDRW2100002153.1.1.234,audio_pairing_unresolved,alignment_and_analysis,C:\Users\ari30\research\2026_summer_research\outputs\reports\PLAN_2021_wav_duration_recovery_20260803.csv,pending,target_unresolved
2021,1bda84ba0ce02fed685991f1da0dff3b75577fffa07b05b971293f8c189fe0f8,SDRW2100002153.1.1.235,audio_pairing_unresolved,alignment_and_analysis,C:\Users\ari30\research\2026_summer_research\outputs\reports\PLAN_2021_wav_duration_recovery_20260803.csv,pending,target_unresolved
2021,1bda84ba0ce02fed685991f1da0dff3b75577fffa07b05b971293f8c189fe0f8,SDRW2100002153.1.1.236,audio_pairing_unresolved,alignment_and_analysis,C:\Users\ari30\research\2026_summer_research\outputs\reports\PLAN_2021_wav_duration_recovery_20260803.csv,pending,target_unresolved
2021,1bda84ba0ce02fed685991f1da0dff3b75577fffa07b05b971293f8c189fe0f8,SDRW2100002153.1.1.237,audio_pairing_unresolved,alignment_and_analysis,C:\Users\ari30\research\2026_summer_research\outputs\reports\PLAN_2021_wav_duration_recovery_20260803.csv,pending,target_unresolved
2021,1bda84ba0ce02fed685991f1da0dff3b75577fffa07b05b971293f8c189fe0f8,SDRW2100002153.1.1.238,audio_pairing_unresolved,alignment_and_analysis,C:\Users\ari30\research\2026_summer_research\outputs\reports\PLAN_2021_wav_duration_recovery_20260803.csv,pending,target_unresolved
2021,1bda84ba0ce02fed685991f1da0dff3b75577fffa07b05b971293f8c189fe0f8,SDRW2100002153.1.1.239,audio_pairing_unresolved,alignment_and_analysis,C:\Users\ari30\research\2026_summer_research\outputs\reports\PLAN_2021_wav_duration_recovery_20260803.csv,pending,target_unresolved
2021,1bda84ba0ce02fed685991f1da0dff3b75577fffa07b05b971293f8c189fe0f8,SDRW2100002153.1.1.24,audio_pairing_unresolved,alignment_and_analysis,C:\Users\ari30\research\2026_summer_research\outputs\reports\PLAN_2021_wav_duration_recovery_20260803.csv,pending,target_unresolved
2021,1bda84ba0ce02fed685991f1da0dff3b75577fffa07b05b971293f8c189fe0f8,SDRW2100002153.1.1.240,audio_pairing_unresolved,alignment_and_analysis,C:\Users\ari30\research\2026_summer_research\outputs\reports\PLAN_2021_wav_duration_recovery_20260803.csv,pending,target_unresolved
2021,1bda84ba0ce02fed685991f1da0dff3b75577fffa07b05b971293f8c189fe0f8,SDRW2100002153.1.1.241,audio_pairing_unresolved,alignment_and_analysis,C:\Users\ari30\research\2026_summer_research\outputs\reports\PLAN_2021_wav_duration_recovery_20260803.csv,pending,target_unresolved
2021,1bda84ba0ce02fed685991f1da0dff3b75577fffa07b05b971293f8c189fe0f8,SDRW2100002153.1.1.243,audio_pairing_unresolved,alignment_and_analysis,C:\Users\ari30\research\2026_summer_research\outputs\reports\PLAN_2021_wav_duration_recovery_20260803.csv,pending,target_unresolved
2021,1bda84ba0ce02fed685991f1da0dff3b75577fffa07b05b971293f8c189fe0f8,SDRW2100002153.1.1.244,audio_pairing_unresolved,alignment_and_analysis,C:\Users\ari30\research\2026_summer_research\outputs\reports\PLAN_2021_wav_duration_recovery_20260803.csv,pending,target_unresolved
2021,1bda84ba0ce02fed685991f1da0dff3b75577fffa07b05b971293f8c189fe0f8,SDRW2100002153.1.1.245,audio_pairing_unresolved,alignment_and_analysis,C:\Users\ari30\research\2026_summer_research\outputs\reports\PLAN_2021_wav_duration_recovery_20260803.csv,pending,target_unresolved
2021,1bda84ba0ce02fed685991f1da0dff3b75577fffa07b05b971293f8c189fe0f8,SDRW2100002153.1.1.246,audio_pairing_unresolved,alignment_and_analysis,C:\Users\ari30\research\2026_summer_research\outputs\reports\PLAN_2021_wav_duration_recovery_20260803.csv,pending,target_unresolved
2021,1bda84ba0ce02fed685991f1da0dff3b75577fffa07b05b971293f8c189fe0f8,SDRW2100002153.1.1.247,audio_pairing_unresolved,alignment_and_analysis,C:\Users\ari30\research\2026_summer_research\outputs\reports\PLAN_2021_wav_duration_recovery_20260803.csv,pending,target_unresolved
2021,1bda84ba0ce02fed685991f1da0dff3b75577fffa07b05b971293f8c189fe0f8,SDRW2100002153.1.1.248,audio_pairing_unresolved,alignment_and_analysis,C:\Users\ari30\research\2026_summer_research\outputs\reports\PLAN_2021_wav_duration_recovery_20260803.csv,pending,target_unresolved
2021,1bda84ba0ce02fed685991f1da0dff3b75577fffa07b05b971293f8c189fe0f8,SDRW2100002153.1.1.25,audio_pairing_unresolved,alignment_and_analysis,C:\Users\ari30\research\2026_summer_research\outputs\reports\PLAN_2021_wav_duration_recovery_20260803.csv,pending,target_unresolved
2021,1bda84ba0ce02fed685991f1da0dff3b75577fffa07b05b971293f8c189fe0f8,SDRW2100002153.1.1.26,audio_pairing_unresolved,alignment_and_analysis,C:\Users\ari30\research\2026_summer_research\outputs\reports\PLAN_2021_wav_duration_recovery_20260803.csv,pending,target_unresolved
2021,1bda84ba0ce02fed685991f1da0dff3b75577fffa07b05b971293f8c189fe0f8,SDRW2100002153.1.1.27,audio_pairing_unresolved,alignment_and_analysis,C:\Users\ari30\research\2026_summer_research\outputs\reports\PLAN_2021_wav_duration_recovery_20260803.csv,pending,target_unresolved
2021,1bda84ba0ce02fed685991f1da0dff3b75577fffa07b05b971293f8c189fe0f8,SDRW2100002153.1.1.28,audio_pairing_unresolved,alignment_and_analysis,C:\Users\ari30\research\2026_summer_research\outputs\reports\PLAN_2021_wav_duration_recovery_20260803.csv,pending,target_unresolved
2021,1bda84ba0ce02fed685991f1da0dff3b75577fffa07b05b971293f8c189fe0f8,SDRW2100002153.1.1.29,audio_pairing_unresolved,alignment_and_analysis,C:\Users\ari30\research\2026_summer_research\outputs\reports\PLAN_2021_wav_duration_recovery_20260803.csv,pending,target_unresolved
2021,1bda84ba0ce02fed685991f1da0dff3b75577fffa07b05b971293f8c189fe0f8,SDRW2100002153.1.1.3,audio_pairing_unresolved,alignment_and_analysis,C:\Users\ari30\research\2026_summer_research\outputs\reports\PLAN_2021_wav_duration_recovery_20260803.csv,pending,target_unresolved
2021,1bda84ba0ce02fed685991f1da0dff3b75577fffa07b05b971293f8c189fe0f8,SDRW2100002153.1.1.30,audio_pairing_unresolved,alignment_and_analysis,C:\Users\ari30\research\2026_summer_research\outputs\reports\PLAN_2021_wav_duration_recovery_20260803.csv,pending,target_unresolved
2021,1bda84ba0ce02fed685991f1da0dff3b75577fffa07b05b971293f8c189fe0f8,SDRW2100002153.1.1.31,audio_pairing_unresolved,alignment_and_analysis,C:\Users\ari30\research\2026_summer_research\outputs\reports\PLAN_2021_wav_duration_recovery_20260803.csv,pending,target_unresolved
2021,1bda84ba0ce02fed685991f1da0dff3b75577fffa07b05b971293f8c189fe0f8,SDRW2100002153.1.1.32,audio_pairing_unresolved,alignment_and_analysis,C:\Users\ari30\research\2026_summer_research\outputs\reports\PLAN_2021_wav_duration_recovery_20260803.csv,pending,target_unresolved
2021,1bda84ba0ce02fed685991f1da0dff3b75577fffa07b05b971293f8c189fe0f8,SDRW2100002153.1.1.33,audio_pairing_unresolved,alignment_and_analysis,C:\Users\ari30\research\2026_summer_research\outputs\reports\PLAN_2021_wav_duration_recovery_20260803.csv,pending,target_unresolved
2021,1bda84ba0ce02fed685991f1da0dff3b75577fffa07b05b971293f8c189fe0f8,SDRW2100002153.1.1.34,audio_pairing_unresolved,alignment_and_analysis,C:\Users\ari30\research\2026_summer_research\outputs\reports\PLAN_2021_wav_duration_recovery_20260803.csv,pending,target_unresolved
2021,1bda84ba0ce02fed685991f1da0dff3b75577fffa07b05b971293f8c189fe0f8,SDRW2100002153.1.1.35,audio_pairing_unresolved,alignment_and_analysis,C:\Users\ari30\research\2026_summer_research\outputs\reports\PLAN_2021_wav_duration_recovery_20260803.csv,pending,target_unresolved
2021,1bda84ba0ce02fed685991f1da0dff3b75577fffa07b05b971293f8c189fe0f8,SDRW2100002153.1.1.36,audio_pairing_unresolved,alignment_and_analysis,C:\Users\ari30\research\2026_summer_research\outputs\reports\PLAN_2021_wav_duration_recovery_20260803.csv,pending,target_unresolved
2021,1bda84ba0ce02fed685991f1da0dff3b75577fffa07b05b971293f8c189fe0f8,SDRW2100002153.1.1.37,audio_pairing_unresolved,alignment_and_analysis,C:\Users\ari30\research\2026_summer_research\outputs\reports\PLAN_2021_wav_duration_recovery_20260803.csv,pending,target_unresolved
2021,1bda84ba0ce02fed685991f1da0dff3b75577fffa07b05b971293f8c189fe0f8,SDRW2100002153.1.1.38,audio_pairing_unresolved,alignment_and_analysis,C:\Users\ari30\research\2026_summer_research\outputs\reports\PLAN_2021_wav_duration_recovery_20260803.csv,pending,target_unresolved
2021,1bda84ba0ce02fed685991f1da0dff3b75577fffa07b05b971293f8c189fe0f8,SDRW2100002153.1.1.39,audio_pairing_unresolved,alignment_and_analysis,C:\Users\ari30\research\2026_summer_research\outputs\reports\PLAN_2021_wav_duration_recovery_20260803.csv,pending,target_unresolved
2021,1bda84ba0ce02fed685991f1da0dff3b75577fffa07b05b971293f8c189fe0f8,SDRW2100002153.1.1.4,audio_pairing_unresolved,alignment_and_analysis,C:\Users\ari30\research\2026_summer_research\outputs\reports\PLAN_2021_wav_duration_recovery_20260803.csv,pending,target_unresolved
2021,1bda84ba0ce02fed685991f1da0dff3b75577fffa07b05b971293f8c189fe0f8,SDRW2100002153.1.1.40,audio_pairing_unresolved,alignment_and_analysis,C:\Users\ari30\research\2026_summer_research\outputs\reports\PLAN_2021_wav_duration_recovery_20260803.csv,pending,target_unresolved
2021,1bda84ba0ce02fed685991f1da0dff3b75577fffa07b05b971293f8c189fe0f8,SDRW2100002153.1.1.41,audio_pairing_unresolved,alignment_and_analysis,C:\Users\ari30\research\2026_summer_research\outputs\reports\PLAN_2021_wav_duration_recovery_20260803.csv,pending,target_unresolved
2021,1bda84ba0ce02fed685991f1da0dff3b75577fffa07b05b971293f8c189fe0f8,SDRW2100002153.1.1.42,audio_pairing_unresolved,alignment_and_analysis,C:\Users\ari30\research\2026_summer_research\outputs\reports\PLAN_2021_wav_duration_recovery_20260803.csv,pending,target_unresolved
2021,1bda84ba0ce02fed685991f1da0dff3b75577fffa07b05b971293f8c189fe0f8,SDRW2100002153.1.1.43,audio_pairing_unresolved,alignment_and_analysis,C:\Users\ari30\research\2026_summer_research\outputs\reports\PLAN_2021_wav_duration_recovery_20260803.csv,pending,target_unresolved
2021,1bda84ba0ce02fed685991f1da0dff3b75577fffa07b05b971293f8c189fe0f8,SDRW2100002153.1.1.44,audio_pairing_unresolved,alignment_and_analysis,C:\Users\ari30\research\2026_summer_research\outputs\reports\PLAN_2021_wav_duration_recovery_20260803.csv,pending,target_unresolved
2021,1bda84ba0ce02fed685991f1da0dff3b75577fffa07b05b971293f8c189fe0f8,SDRW2100002153.1.1.45,audio_pairing_unresolved,alignment_and_analysis,C:\Users\ari30\research\2026_summer_research\outputs\reports\PLAN_2021_wav_duration_recovery_20260803.csv,pending,target_unresolved
2021,1bda84ba0ce02fed685991f1da0dff3b75577fffa07b05b971293f8c189fe0f8,SDRW2100002153.1.1.46,audio_pairing_unresolved,alignment_and_analysis,C:\Users\ari30\research\2026_summer_research\outputs\reports\PLAN_2021_wav_duration_recovery_20260803.csv,pending,target_unresolved
2021,1bda84ba0ce02fed685991f1da0dff3b75577fffa07b05b971293f8c189fe0f8,SDRW2100002153.1.1.47,audio_pairing_unresolved,alignment_and_analysis,C:\Users\ari30\research\2026_summer_research\outputs\reports\PLAN_2021_wav_duration_recovery_20260803.csv,pending,target_unresolved
2021,1bda84ba0ce02fed685991f1da0dff3b75577fffa07b05b971293f8c189fe0f8,SDRW2100002153.1.1.48,audio_pairing_unresolved,alignment_and_analysis,C:\Users\ari30\research\2026_summer_research\outputs\reports\PLAN_2021_wav_duration_recovery_20260803.csv,pending,target_unresolved
2021,1bda84ba0ce02fed685991f1da0dff3b75577fffa07b05b971293f8c189fe0f8,SDRW2100002153.1.1.49,audio_pairing_unresolved,alignment_and_analysis,C:\Users\ari30\research\2026_summer_research\outputs\reports\PLAN_2021_wav_duration_recovery_20260803.csv,pending,target_unresolved
2021,1bda84ba0ce02fed685991f1da0dff3b75577fffa07b05b971293f8c189fe0f8,SDRW2100002153.1.1.5,audio_pairing_unresolved,alignment_and_analysis,C:\Users\ari30\research\2026_summer_research\outputs\reports\PLAN_2021_wav_duration_recovery_20260803.csv,pending,target_unresolved
2021,1bda84ba0ce02fed685991f1da0dff3b75577fffa07b05b971293f8c189fe0f8,SDRW2100002153.1.1.50,audio_pairing_unresolved,alignment_and_analysis,C:\Users\ari30\research\2026_summer_research\outputs\reports\PLAN_2021_wav_duration_recovery_20260803.csv,pending,target_unresolved
2021,1bda84ba0ce02fed685991f1da0dff3b75577fffa07b05b971293f8c189fe0f8,SDRW2100002153.1.1.51,audio_pairing_unresolved,alignment_and_analysis,C:\Users\ari30\research\2026_summer_research\outputs\reports\PLAN_2021_wav_duration_recovery_20260803.csv,pending,target_unresolved
2021,1bda84ba0ce02fed685991f1da0dff3b75577fffa07b05b971293f8c189fe0f8,SDRW2100002153.1.1.52,audio_pairing_unresolved,alignment_and_analysis,C:\Users\ari30\research\2026_summer_research\outputs\reports\PLAN_2021_wav_duration_recovery_20260803.csv,pending,target_unresolved
2021,1bda84ba0ce02fed685991f1da0dff3b75577fffa07b05b971293f8c189fe0f8,SDRW2100002153.1.1.53,audio_pairing_unresolved,alignment_and_analysis,C:\Users\ari30\research\2026_summer_research\outputs\reports\PLAN_2021_wav_duration_recovery_20260803.csv,pending,target_unresolved
2021,1bda84ba0ce02fed685991f1da0dff3b75577fffa07b05b971293f8c189fe0f8,SDRW2100002153.1.1.54,audio_pairing_unresolved,alignment_and_analysis,C:\Users\ari30\research\2026_summer_research\outputs\reports\PLAN_2021_wav_duration_recovery_20260803.csv,pending,target_unresolved
2021,1bda84ba0ce02fed685991f1da0dff3b75577fffa07b05b971293f8c189fe0f8,SDRW2100002153.1.1.55,audio_pairing_unresolved,alignment_and_analysis,C:\Users\ari30\research\2026_summer_research\outputs\reports\PLAN_2021_wav_duration_recovery_20260803.csv,pending,target_unresolved
2021,1bda84ba0ce02fed685991f1da0dff3b75577fffa07b05b971293f8c189fe0f8,SDRW2100002153.1.1.56,audio_pairing_unresolved,alignment_and_analysis,C:\Users\ari30\research\2026_summer_research\outputs\reports\PLAN_2021_wav_duration_recovery_20260803.csv,pending,target_unresolved
2021,1bda84ba0ce02fed685991f1da0dff3b75577fffa07b05b971293f8c189fe0f8,SDRW2100002153.1.1.57,audio_pairing_unresolved,alignment_and_analysis,C:\Users\ari30\research\2026_summer_research\outputs\reports\PLAN_2021_wav_duration_recovery_20260803.csv,pending,target_unresolved
2021,1bda84ba0ce02fed685991f1da0dff3b75577fffa07b05b971293f8c189fe0f8,SDRW2100002153.1.1.58,audio_pairing_unresolved,alignment_and_analysis,C:\Users\ari30\research\2026_summer_research\outputs\reports\PLAN_2021_wav_duration_recovery_20260803.csv,pending,target_unresolved
2021,1bda84ba0ce02fed685991f1da0dff3b75577fffa07b05b971293f8c189fe0f8,SDRW2100002153.1.1.59,audio_pairing_unresolved,alignment_and_analysis,C:\Users\ari30\research\2026_summer_research\outputs\reports\PLAN_2021_wav_duration_recovery_20260803.csv,pending,target_unresolved
2021,1bda84ba0ce02fed685991f1da0dff3b75577fffa07b05b971293f8c189fe0f8,SDRW2100002153.1.1.6,audio_pairing_unresolved,alignment_and_analysis,C:\Users\ari30\research\2026_summer_research\outputs\reports\PLAN_2021_wav_duration_recovery_20260803.csv,pending,target_unresolved
2021,1bda84ba0ce02fed685991f1da0dff3b75577fffa07b05b971293f8c189fe0f8,SDRW2100002153.1.1.60,audio_pairing_unresolved,alignment_and_analysis,C:\Users\ari30\research\2026_summer_research\outputs\reports\PLAN_2021_wav_duration_recovery_20260803.csv,pending,target_unresolved
2021,1bda84ba0ce02fed685991f1da0dff3b75577fffa07b05b971293f8c189fe0f8,SDRW2100002153.1.1.61,audio_pairing_unresolved,alignment_and_analysis,C:\Users\ari30\research\2026_summer_research\outputs\reports\PLAN_2021_wav_duration_recovery_20260803.csv,pending,target_unresolved
2021,1bda84ba0ce02fed685991f1da0dff3b75577fffa07b05b971293f8c189fe0f8,SDRW2100002153.1.1.62,audio_pairing_unresolved,alignment_and_analysis,C:\Users\ari30\research\2026_summer_research\outputs\reports\PLAN_2021_wav_duration_recovery_20260803.csv,pending,target_unresolved
2021,1bda84ba0ce02fed685991f1da0dff3b75577fffa07b05b971293f8c189fe0f8,SDRW2100002153.1.1.63,audio_pairing_unresolved,alignment_and_analysis,C:\Users\ari30\research\2026_summer_research\outputs\reports\PLAN_2021_wav_duration_recovery_20260803.csv,pending,target_unresolved
2021,1bda84ba0ce02fed685991f1da0dff3b75577fffa07b05b971293f8c189fe0f8,SDRW2100002153.1.1.64,audio_pairing_unresolved,alignment_and_analysis,C:\Users\ari30\research\2026_summer_research\outputs\reports\PLAN_2021_wav_duration_recovery_20260803.csv,pending,target_unresolved
2021,1bda84ba0ce02fed685991f1da0dff3b75577fffa07b05b971293f8c189fe0f8,SDRW2100002153.1.1.65,audio_pairing_unresolved,alignment_and_analysis,C:\Users\ari30\research\2026_summer_research\outputs\reports\PLAN_2021_wav_duration_recovery_20260803.csv,pending,target_unresolved
2021,1bda84ba0ce02fed685991f1da0dff3b75577fffa07b05b971293f8c189fe0f8,SDRW2100002153.1.1.66,audio_pairing_unresolved,alignment_and_analysis,C:\Users\ari30\research\2026_summer_research\outputs\reports\PLAN_2021_wav_duration_recovery_20260803.csv,pending,target_unresolved
2021,1bda84ba0ce02fed685991f1da0dff3b75577fffa07b05b971293f8c189fe0f8,SDRW2100002153.1.1.67,audio_pairing_unresolved,alignment_and_analysis,C:\Users\ari30\research\2026_summer_research\outputs\reports\PLAN_2021_wav_duration_recovery_20260803.csv,pending,target_unresolved
2021,1bda84ba0ce02fed685991f1da0dff3b75577fffa07b05b971293f8c189fe0f8,SDRW2100002153.1.1.68,audio_pairing_unresolved,alignment_and_analysis,C:\Users\ari30\research\2026_summer_research\outputs\reports\PLAN_2021_wav_duration_recovery_20260803.csv,pending,target_unresolved
2021,1bda84ba0ce02fed685991f1da0dff3b75577fffa07b05b971293f8c189fe0f8,SDRW2100002153.1.1.69,audio_pairing_unresolved,alignment_and_analysis,C:\Users\ari30\research\2026_summer_research\outputs\reports\PLAN_2021_wav_duration_recovery_20260803.csv,pending,target_unresolved
2021,1bda84ba0ce02fed685991f1da0dff3b75577fffa07b05b971293f8c189fe0f8,SDRW2100002153.1.1.70,audio_pairing_unresolved,alignment_and_analysis,C:\Users\ari30\research\2026_summer_research\outputs\reports\PLAN_2021_wav_duration_recovery_20260803.csv,pending,target_unresolved
2021,1bda84ba0ce02fed685991f1da0dff3b75577fffa07b05b971293f8c189fe0f8,SDRW2100002153.1.1.71,audio_pairing_unresolved,alignment_and_analysis,C:\Users\ari30\research\2026_summer_research\outputs\reports\PLAN_2021_wav_duration_recovery_20260803.csv,pending,target_unresolved
2021,1bda84ba0ce02fed685991f1da0dff3b75577fffa07b05b971293f8c189fe0f8,SDRW2100002153.1.1.72,audio_pairing_unresolved,alignment_and_analysis,C:\Users\ari30\research\2026_summer_research\outputs\reports\PLAN_2021_wav_duration_recovery_20260803.csv,pending,target_unresolved
2021,1bda84ba0ce02fed685991f1da0dff3b75577fffa07b05b971293f8c189fe0f8,SDRW2100002153.1.1.73,audio_pairing_unresolved,alignment_and_analysis,C:\Users\ari30\research\2026_summer_research\outputs\reports\PLAN_2021_wav_duration_recovery_20260803.csv,pending,target_unresolved
2021,1bda84ba0ce02fed685991f1da0dff3b75577fffa07b05b971293f8c189fe0f8,SDRW2100002153.1.1.75,audio_pairing_unresolved,alignment_and_analysis,C:\Users\ari30\research\2026_summer_research\outputs\reports\PLAN_2021_wav_duration_recovery_20260803.csv,pending,target_unresolved
2021,1bda84ba0ce02fed685991f1da0dff3b75577fffa07b05b971293f8c189fe0f8,SDRW2100002153.1.1.76,audio_pairing_unresolved,alignment_and_analysis,C:\Users\ari30\research\2026_summer_research\outputs\reports\PLAN_2021_wav_duration_recovery_20260803.csv,pending,target_unresolved
2021,1bda84ba0ce02fed685991f1da0dff3b75577fffa07b05b971293f8c189fe0f8,SDRW2100002153.1.1.77,audio_pairing_unresolved,alignment_and_analysis,C:\Users\ari30\research\2026_summer_research\outputs\reports\PLAN_2021_wav_duration_recovery_20260803.csv,pending,target_unresolved
2021,1bda84ba0ce02fed685991f1da0dff3b75577fffa07b05b971293f8c189fe0f8,SDRW2100002153.1.1.78,audio_pairing_unresolved,alignment_and_analysis,C:\Users\ari30\research\2026_summer_research\outputs\reports\PLAN_2021_wav_duration_recovery_20260803.csv,pending,target_unresolved
2021,1bda84ba0ce02fed685991f1da0dff3b75577fffa07b05b971293f8c189fe0f8,SDRW2100002153.1.1.79,audio_pairing_unresolved,alignment_and_analysis,C:\Users\ari30\research\2026_summer_research\outputs\reports\PLAN_2021_wav_duration_recovery_20260803.csv,pending,target_unresolved
2021,1bda84ba0ce02fed685991f1da0dff3b75577fffa07b05b971293f8c189fe0f8,SDRW2100002153.1.1.8,audio_pairing_unresolved,alignment_and_analysis,C:\Users\ari30\research\2026_summer_research\outputs\reports\PLAN_2021_wav_duration_recovery_20260803.csv,pending,target_unresolved
2021,1bda84ba0ce02fed685991f1da0dff3b75577fffa07b05b971293f8c189fe0f8,SDRW2100002153.1.1.80,audio_pairing_unresolved,alignment_and_analysis,C:\Users\ari30\research\2026_summer_research\outputs\reports\PLAN_2021_wav_duration_recovery_20260803.csv,pending,target_unresolved
2021,1bda84ba0ce02fed685991f1da0dff3b75577fffa07b05b971293f8c189fe0f8,SDRW2100002153.1.1.81,audio_pairing_unresolved,alignment_and_analysis,C:\Users\ari30\research\2026_summer_research\outputs\reports\PLAN_2021_wav_duration_recovery_20260803.csv,pending,target_unresolved
2021,1bda84ba0ce02fed685991f1da0dff3b75577fffa07b05b971293f8c189fe0f8,SDRW2100002153.1.1.82,audio_pairing_unresolved,alignment_and_analysis,C:\Users\ari30\research\2026_summer_research\outputs\reports\PLAN_2021_wav_duration_recovery_20260803.csv,pending,target_unresolved
2021,1bda84ba0ce02fed685991f1da0dff3b75577fffa07b05b971293f8c189fe0f8,SDRW2100002153.1.1.83,audio_pairing_unresolved,alignment_and_analysis,C:\Users\ari30\research\2026_summer_research\outputs\reports\PLAN_2021_wav_duration_recovery_20260803.csv,pending,target_unresolved
2021,1bda84ba0ce02fed685991f1da0dff3b75577fffa07b05b971293f8c189fe0f8,SDRW2100002153.1.1.84,audio_pairing_unresolved,alignment_and_analysis,C:\Users\ari30\research\2026_summer_research\outputs\reports\PLAN_2021_wav_duration_recovery_20260803.csv,pending,target_unresolved
2021,1bda84ba0ce02fed685991f1da0dff3b75577fffa07b05b971293f8c189fe0f8,SDRW2100002153.1.1.85,audio_pairing_unresolved,alignment_and_analysis,C:\Users\ari30\research\2026_summer_research\outputs\reports\PLAN_2021_wav_duration_recovery_20260803.csv,pending,target_unresolved
2021,1bda84ba0ce02fed685991f1da0dff3b75577fffa07b05b971293f8c189fe0f8,SDRW2100002153.1.1.86,audio_pairing_unresolved,alignment_and_analysis,C:\Users\ari30\research\2026_summer_research\outputs\reports\PLAN_2021_wav_duration_recovery_20260803.csv,pending,target_unresolved
2021,1bda84ba0ce02fed685991f1da0dff3b75577fffa07b05b971293f8c189fe0f8,SDRW2100002153.1.1.87,audio_pairing_unresolved,alignment_and_analysis,C:\Users\ari30\research\2026_summer_research\outputs\reports\PLAN_2021_wav_duration_recovery_20260803.csv,pending,target_unresolved
2021,1bda84ba0ce02fed685991f1da0dff3b75577fffa07b05b971293f8c189fe0f8,SDRW2100002153.1.1.88,audio_pairing_unresolved,alignment_and_analysis,C:\Users\ari30\research\2026_summer_research\outputs\reports\PLAN_2021_wav_duration_recovery_20260803.csv,pending,target_unresolved
2021,1bda84ba0ce02fed685991f1da0dff3b75577fffa07b05b971293f8c189fe0f8,SDRW2100002153.1.1.89,audio_pairing_unresolved,alignment_and_analysis,C:\Users\ari30\research\2026_summer_research\outputs\reports\PLAN_2021_wav_duration_recovery_20260803.csv,pending,target_unresolved
2021,1bda84ba0ce02fed685991f1da0dff3b75577fffa07b05b971293f8c189fe0f8,SDRW2100002153.1.1.9,audio_pairing_unresolved,alignment_and_analysis,C:\Users\ari30\research\2026_summer_research\outputs\reports\PLAN_2021_wav_duration_recovery_20260803.csv,pending,target_unresolved
2021,1bda84ba0ce02fed685991f1da0dff3b75577fffa07b05b971293f8c189fe0f8,SDRW2100002153.1.1.90,audio_pairing_unresolved,alignment_and_analysis,C:\Users\ari30\research\2026_summer_research\outputs\reports\PLAN_2021_wav_duration_recovery_20260803.csv,pending,target_unresolved
2021,1bda84ba0ce02fed685991f1da0dff3b75577fffa07b05b971293f8c189fe0f8,SDRW2100002153.1.1.91,audio_pairing_unresolved,alignment_and_analysis,C:\Users\ari30\research\2026_summer_research\outputs\reports\PLAN_2021_wav_duration_recovery_20260803.csv,pending,target_unresolved
2021,1bda84ba0ce02fed685991f1da0dff3b75577fffa07b05b971293f8c189fe0f8,SDRW2100002153.1.1.92,audio_pairing_unresolved,alignment_and_analysis,C:\Users\ari30\research\2026_summer_research\outputs\reports\PLAN_2021_wav_duration_recovery_20260803.csv,pending,target_unresolved
2021,1bda84ba0ce02fed685991f1da0dff3b75577fffa07b05b971293f8c189fe0f8,SDRW2100002153.1.1.93,audio_pairing_unresolved,alignment_and_analysis,C:\Users\ari30\research\2026_summer_research\outputs\reports\PLAN_2021_wav_duration_recovery_20260803.csv,pending,target_unresolved
2021,1bda84ba0ce02fed685991f1da0dff3b75577fffa07b05b971293f8c189fe0f8,SDRW2100002153.1.1.94,audio_pairing_unresolved,alignment_and_analysis,C:\Users\ari30\research\2026_summer_research\outputs\reports\PLAN_2021_wav_duration_recovery_20260803.csv,pending,target_unresolved
2021,1bda84ba0ce02fed685991f1da0dff3b75577fffa07b05b971293f8c189fe0f8,SDRW2100002153.1.1.95,audio_pairing_unresolved,alignment_and_analysis,C:\Users\ari30\research\2026_summer_research\outputs\reports\PLAN_2021_wav_duration_recovery_20260803.csv,pending,target_unresolved
2021,1bda84ba0ce02fed685991f1da0dff3b75577fffa07b05b971293f8c189fe0f8,SDRW2100002153.1.1.96,audio_pairing_unresolved,alignment_and_analysis,C:\Users\ari30\research\2026_summer_research\outputs\reports\PLAN_2021_wav_duration_recovery_20260803.csv,pending,target_unresolved
2021,1bda84ba0ce02fed685991f1da0dff3b75577fffa07b05b971293f8c189fe0f8,SDRW2100002153.1.1.97,audio_pairing_unresolved,alignment_and_analysis,C:\Users\ari30\research\2026_summer_research\outputs\reports\PLAN_2021_wav_duration_recovery_20260803.csv,pending,target_unresolved
2021,1bda84ba0ce02fed685991f1da0dff3b75577fffa07b05b971293f8c189fe0f8,SDRW2100002153.1.1.98,audio_pairing_unresolved,alignment_and_analysis,C:\Users\ari30\research\2026_summer_research\outputs\reports\PLAN_2021_wav_duration_recovery_20260803.csv,pending,target_unresolved
2021,1bda84ba0ce02fed685991f1da0dff3b75577fffa07b05b971293f8c189fe0f8,SDRW2100002153.1.1.99,audio_pairing_unresolved,alignment_and_analysis,C:\Users\ari30\research\2026_summer_research\outputs\reports\PLAN_2021_wav_duration_recovery_20260803.csv,pending,target_unresolved
2021,1bda84ba0ce02fed685991f1da0dff3b75577fffa07b05b971293f8c189fe0f8,SDRW2100002155.1.1.69,empty_reference_unresolved_symbol,alignment_and_analysis,D:\mfa_eojeol\logs\lab_build_2021_1bda84ba0ce0_unresolved_symbols.csv,pending,empty_reference_form; unresolved_symbol; no_LAB_generated
2021,1bda84ba0ce02fed685991f1da0dff3b75577fffa07b05b971293f8c189fe0f8,SDRW2100002160.1.1.242,empty_reference_unresolved_symbol,alignment_and_analysis,D:\mfa_eojeol\logs\lab_build_2021_1bda84ba0ce0_unresolved_symbols.csv,pending,empty_reference_form; unresolved_symbol; no_LAB_generated
2021,1bda84ba0ce02fed685991f1da0dff3b75577fffa07b05b971293f8c189fe0f8,SDRW2100002202.1.1.56,empty_reference_unresolved_symbol,alignment_and_analysis,D:\mfa_eojeol\logs\lab_build_2021_1bda84ba0ce0_unresolved_symbols.csv,pending,empty_reference_form; unresolved_symbol; no_LAB_generated
2021,1bda84ba0ce02fed685991f1da0dff3b75577fffa07b05b971293f8c189fe0f8,SDRW2100002211.1.1.187,empty_reference_unresolved_symbol,alignment_and_analysis,D:\mfa_eojeol\logs\lab_build_2021_1bda84ba0ce0_unresolved_symbols.csv,pending,empty_reference_form; unresolved_symbol; no_LAB_generated
2021,1bda84ba0ce02fed685991f1da0dff3b75577fffa07b05b971293f8c189fe0f8,SDRW2100002212.1.1.95,empty_reference_unresolved_symbol,alignment_and_analysis,D:\mfa_eojeol\logs\lab_build_2021_1bda84ba0ce0_unresolved_symbols.csv,pending,empty_reference_form; unresolved_symbol; no_LAB_generated
2021,1bda84ba0ce02fed685991f1da0dff3b75577fffa07b05b971293f8c189fe0f8,SDRW2100002231.1.1.277,text_duration_impossible,alignment_and_analysis,,pending,source_segment_text_duration_impossible
2021,1bda84ba0ce02fed685991f1da0dff3b75577fffa07b05b971293f8c189fe0f8,SDRW2100002231.1.1.344,text_duration_impossible,alignment_and_analysis,,pending,source_segment_text_duration_impossible
2021,1bda84ba0ce02fed685991f1da0dff3b75577fffa07b05b971293f8c189fe0f8,SDRW2100002234.1.1.177,audio_pairing_unresolved,alignment_and_analysis,C:\Users\ari30\research\2026_summer_research\outputs\reports\PLAN_2021_wav_duration_recovery_20260803.csv,pending,target_unresolved
2021,1bda84ba0ce02fed685991f1da0dff3b75577fffa07b05b971293f8c189fe0f8,SDRW2100002240.1.1.206,empty_reference_unresolved_symbol,alignment_and_analysis,D:\mfa_eojeol\logs\lab_build_2021_1bda84ba0ce0_unresolved_symbols.csv,pending,empty_reference_form; unresolved_symbol; no_LAB_generated
2021,1bda84ba0ce02fed685991f1da0dff3b75577fffa07b05b971293f8c189fe0f8,SDRW2100002268.1.1.379,empty_reference_unresolved_symbol,alignment_and_analysis,D:\mfa_eojeol\logs\lab_build_2021_1bda84ba0ce0_unresolved_symbols.csv,pending,empty_reference_form; unresolved_symbol; no_LAB_generated
2021,1bda84ba0ce02fed685991f1da0dff3b75577fffa07b05b971293f8c189fe0f8,SDRW2100002281.1.1.351,empty_reference_unresolved_symbol,alignment_and_analysis,D:\mfa_eojeol\logs\lab_build_2021_1bda84ba0ce0_unresolved_symbols.csv,pending,empty_reference_form; unresolved_symbol; no_LAB_generated
2021,1bda84ba0ce02fed685991f1da0dff3b75577fffa07b05b971293f8c189fe0f8,SDRW2100002283.1.1.133,empty_reference_unresolved_symbol,alignment_and_analysis,D:\mfa_eojeol\logs\lab_build_2021_1bda84ba0ce0_unresolved_symbols.csv,pending,empty_reference_form; unresolved_symbol; no_LAB_generated
2021,1bda84ba0ce02fed685991f1da0dff3b75577fffa07b05b971293f8c189fe0f8,SDRW2100002283.1.1.276,empty_reference_unresolved_symbol,alignment_and_analysis,D:\mfa_eojeol\logs\lab_build_2021_1bda84ba0ce0_unresolved_symbols.csv,pending,empty_reference_form; unresolved_symbol; no_LAB_generated
2021,1bda84ba0ce02fed685991f1da0dff3b75577fffa07b05b971293f8c189fe0f8,SDRW2100002283.1.1.283,empty_reference_unresolved_symbol,alignment_and_analysis,D:\mfa_eojeol\logs\lab_build_2021_1bda84ba0ce0_unresolved_symbols.csv,pending,empty_reference_form; unresolved_symbol; no_LAB_generated
2021,1bda84ba0ce02fed685991f1da0dff3b75577fffa07b05b971293f8c189fe0f8,SDRW2100002283.1.1.286,empty_reference_unresolved_symbol,alignment_and_analysis,D:\mfa_eojeol\logs\lab_build_2021_1bda84ba0ce0_unresolved_symbols.csv,pending,empty_reference_form; unresolved_symbol; no_LAB_generated
2021,1bda84ba0ce02fed685991f1da0dff3b75577fffa07b05b971293f8c189fe0f8,SDRW2100002285.1.1.167,empty_reference_unresolved_symbol,alignment_and_analysis,D:\mfa_eojeol\logs\lab_build_2021_1bda84ba0ce0_unresolved_symbols.csv,pending,empty_reference_form; unresolved_symbol; no_LAB_generated
2021,1bda84ba0ce02fed685991f1da0dff3b75577fffa07b05b971293f8c189fe0f8,SDRW2100002285.1.1.342,empty_reference_unresolved_symbol,alignment_and_analysis,D:\mfa_eojeol\logs\lab_build_2021_1bda84ba0ce0_unresolved_symbols.csv,pending,empty_reference_form; unresolved_symbol; no_LAB_generated
2021,1bda84ba0ce02fed685991f1da0dff3b75577fffa07b05b971293f8c189fe0f8,SDRW2100002374.1.1.128,empty_reference_unresolved_symbol,alignment_and_analysis,D:\mfa_eojeol\logs\lab_build_2021_1bda84ba0ce0_unresolved_symbols.csv,pending,empty_reference_form; unresolved_symbol; no_LAB_generated
2021,1bda84ba0ce02fed685991f1da0dff3b75577fffa07b05b971293f8c189fe0f8,SDRW2100002418.1.1.30,empty_reference_unresolved_symbol,alignment_and_analysis,D:\mfa_eojeol\logs\lab_build_2021_1bda84ba0ce0_unresolved_symbols.csv,pending,empty_reference_form; unresolved_symbol; no_LAB_generated
2021,1bda84ba0ce02fed685991f1da0dff3b75577fffa07b05b971293f8c189fe0f8,SDRW2100002418.1.1.63,empty_reference_unresolved_symbol,alignment_and_analysis,D:\mfa_eojeol\logs\lab_build_2021_1bda84ba0ce0_unresolved_symbols.csv,pending,empty_reference_form; unresolved_symbol; no_LAB_generated
2021,1bda84ba0ce02fed685991f1da0dff3b75577fffa07b05b971293f8c189fe0f8,SDRW2100002436.1.1.243,empty_reference_unresolved_symbol,alignment_and_analysis,D:\mfa_eojeol\logs\lab_build_2021_1bda84ba0ce0_unresolved_symbols.csv,pending,empty_reference_form; unresolved_symbol; no_LAB_generated
2021,1bda84ba0ce02fed685991f1da0dff3b75577fffa07b05b971293f8c189fe0f8,SDRW2100002454.1.1.328,empty_reference_unresolved_symbol,alignment_and_analysis,D:\mfa_eojeol\logs\lab_build_2021_1bda84ba0ce0_unresolved_symbols.csv,pending,empty_reference_form; unresolved_symbol; no_LAB_generated
2021,1bda84ba0ce02fed685991f1da0dff3b75577fffa07b05b971293f8c189fe0f8,SDRW2100002471.1.1.94,text_duration_impossible,alignment_and_analysis,,pending,source_segment_text_duration_impossible
2021,1bda84ba0ce02fed685991f1da0dff3b75577fffa07b05b971293f8c189fe0f8,SDRW2100002521.1.1.270,empty_reference_unresolved_symbol,alignment_and_analysis,D:\mfa_eojeol\logs\lab_build_2021_1bda84ba0ce0_unresolved_symbols.csv,pending,empty_reference_form; unresolved_symbol; no_LAB_generated
2021,1bda84ba0ce02fed685991f1da0dff3b75577fffa07b05b971293f8c189fe0f8,SDRW2100002531.1.1.182,empty_reference_unresolved_symbol,alignment_and_analysis,D:\mfa_eojeol\logs\lab_build_2021_1bda84ba0ce0_unresolved_symbols.csv,pending,empty_reference_form; unresolved_symbol; no_LAB_generated
2021,1bda84ba0ce02fed685991f1da0dff3b75577fffa07b05b971293f8c189fe0f8,SDRW2100002582.1.1.295,empty_reference_unresolved_symbol,alignment_and_analysis,D:\mfa_eojeol\logs\lab_build_2021_1bda84ba0ce0_unresolved_symbols.csv,pending,empty_reference_form; unresolved_symbol; no_LAB_generated
2021,1bda84ba0ce02fed685991f1da0dff3b75577fffa07b05b971293f8c189fe0f8,SDRW2100002619.1.1.387,empty_reference_unresolved_symbol,alignment_and_analysis,D:\mfa_eojeol\logs\lab_build_2021_1bda84ba0ce0_unresolved_symbols.csv,pending,empty_reference_form; unresolved_symbol; no_LAB_generated
2021,1bda84ba0ce02fed685991f1da0dff3b75577fffa07b05b971293f8c189fe0f8,SDRW2100002621.1.1.271,empty_reference_unresolved_symbol,alignment_and_analysis,D:\mfa_eojeol\logs\lab_build_2021_1bda84ba0ce0_unresolved_symbols.csv,pending,empty_reference_form; unresolved_symbol; no_LAB_generated
2021,1bda84ba0ce02fed685991f1da0dff3b75577fffa07b05b971293f8c189fe0f8,SDRW2100002649.1.1.16,empty_reference_unresolved_symbol,alignment_and_analysis,D:\mfa_eojeol\logs\lab_build_2021_1bda84ba0ce0_unresolved_symbols.csv,pending,empty_reference_form; unresolved_symbol; no_LAB_generated
2021,1bda84ba0ce02fed685991f1da0dff3b75577fffa07b05b971293f8c189fe0f8,SDRW2100002649.1.1.461,empty_reference_unresolved_symbol,alignment_and_analysis,D:\mfa_eojeol\logs\lab_build_2021_1bda84ba0ce0_unresolved_symbols.csv,pending,empty_reference_form; unresolved_symbol; no_LAB_generated
2021,1bda84ba0ce02fed685991f1da0dff3b75577fffa07b05b971293f8c189fe0f8,SDRW2100002783.1.1.274,empty_reference_unresolved_symbol,alignment_and_analysis,D:\mfa_eojeol\logs\lab_build_2021_1bda84ba0ce0_unresolved_symbols.csv,pending,empty_reference_form; unresolved_symbol; no_LAB_generated
2021,1bda84ba0ce02fed685991f1da0dff3b75577fffa07b05b971293f8c189fe0f8,SDRW2100002889.1.1.580,empty_reference_unresolved_symbol,alignment_and_analysis,D:\mfa_eojeol\logs\lab_build_2021_1bda84ba0ce0_unresolved_symbols.csv,pending,empty_reference_form; unresolved_symbol; no_LAB_generated
2021,1bda84ba0ce02fed685991f1da0dff3b75577fffa07b05b971293f8c189fe0f8,SDRW2100002891.1.1.17,text_duration_impossible,alignment_and_analysis,,pending,source_segment_text_duration_impossible
2021,1bda84ba0ce02fed685991f1da0dff3b75577fffa07b05b971293f8c189fe0f8,SDRW2100002891.1.1.18,text_duration_impossible,alignment_and_analysis,,pending,source_segment_text_duration_impossible
2021,1bda84ba0ce02fed685991f1da0dff3b75577fffa07b05b971293f8c189fe0f8,SDRW2100002891.1.1.88,empty_reference_unresolved_symbol,alignment_and_analysis,D:\mfa_eojeol\logs\lab_build_2021_1bda84ba0ce0_unresolved_symbols.csv,pending,empty_reference_form; unresolved_symbol; no_LAB_generated
2021,1bda84ba0ce02fed685991f1da0dff3b75577fffa07b05b971293f8c189fe0f8,SDRW2100002906.1.1.312,empty_reference_unresolved_symbol,alignment_and_analysis,D:\mfa_eojeol\logs\lab_build_2021_1bda84ba0ce0_unresolved_symbols.csv,pending,empty_reference_form; unresolved_symbol; no_LAB_generated
2021,1bda84ba0ce02fed685991f1da0dff3b75577fffa07b05b971293f8c189fe0f8,SDRW2100002909.1.1.252,empty_reference_unresolved_symbol,alignment_and_analysis,D:\mfa_eojeol\logs\lab_build_2021_1bda84ba0ce0_unresolved_symbols.csv,pending,empty_reference_form; unresolved_symbol; no_LAB_generated
2021,1bda84ba0ce02fed685991f1da0dff3b75577fffa07b05b971293f8c189fe0f8,SDRW2100002915.1.1.335,empty_reference_unresolved_symbol,alignment_and_analysis,D:\mfa_eojeol\logs\lab_build_2021_1bda84ba0ce0_unresolved_symbols.csv,pending,empty_reference_form; unresolved_symbol; no_LAB_generated
2021,1bda84ba0ce02fed685991f1da0dff3b75577fffa07b05b971293f8c189fe0f8,SDRW2100002938.1.1.237,empty_reference_unresolved_symbol,alignment_and_analysis,D:\mfa_eojeol\logs\lab_build_2021_1bda84ba0ce0_unresolved_symbols.csv,pending,empty_reference_form; unresolved_symbol; no_LAB_generated
2021,1bda84ba0ce02fed685991f1da0dff3b75577fffa07b05b971293f8c189fe0f8,SDRW2100003004.1.1.185,empty_reference_unresolved_symbol,alignment_and_analysis,D:\mfa_eojeol\logs\lab_build_2021_1bda84ba0ce0_unresolved_symbols.csv,pending,empty_reference_form; unresolved_symbol; no_LAB_generated
2021,1bda84ba0ce02fed685991f1da0dff3b75577fffa07b05b971293f8c189fe0f8,SDRW2100003008.1.1.100,text_duration_impossible,alignment_and_analysis,,pending,source_segment_text_duration_impossible
2021,1bda84ba0ce02fed685991f1da0dff3b75577fffa07b05b971293f8c189fe0f8,SDRW2100003029.1.1.297,empty_reference_unresolved_symbol,alignment_and_analysis,D:\mfa_eojeol\logs\lab_build_2021_1bda84ba0ce0_unresolved_symbols.csv,pending,empty_reference_form; unresolved_symbol; no_LAB_generated
2021,1bda84ba0ce02fed685991f1da0dff3b75577fffa07b05b971293f8c189fe0f8,SDRW2100003029.1.1.298,empty_reference_unresolved_symbol,alignment_and_analysis,D:\mfa_eojeol\logs\lab_build_2021_1bda84ba0ce0_unresolved_symbols.csv,pending,empty_reference_form; unresolved_symbol; no_LAB_generated
2021,1bda84ba0ce02fed685991f1da0dff3b75577fffa07b05b971293f8c189fe0f8,SDRW2100003029.1.1.328,empty_reference_unresolved_symbol,alignment_and_analysis,D:\mfa_eojeol\logs\lab_build_2021_1bda84ba0ce0_unresolved_symbols.csv,pending,empty_reference_form; unresolved_symbol; no_LAB_generated
2021,1bda84ba0ce02fed685991f1da0dff3b75577fffa07b05b971293f8c189fe0f8,SDRW2100003031.1.1.334,empty_reference_unresolved_symbol,alignment_and_analysis,D:\mfa_eojeol\logs\lab_build_2021_1bda84ba0ce0_unresolved_symbols.csv,pending,empty_reference_form; unresolved_symbol; no_LAB_generated
2021,1bda84ba0ce02fed685991f1da0dff3b75577fffa07b05b971293f8c189fe0f8,SDRW2100003055.1.1.359,empty_reference_unresolved_symbol,alignment_and_analysis,D:\mfa_eojeol\logs\lab_build_2021_1bda84ba0ce0_unresolved_symbols.csv,pending,empty_reference_form; unresolved_symbol; no_LAB_generated
2021,1bda84ba0ce02fed685991f1da0dff3b75577fffa07b05b971293f8c189fe0f8,SDRW2100003063.1.1.347,empty_reference_unresolved_symbol,alignment_and_analysis,D:\mfa_eojeol\logs\lab_build_2021_1bda84ba0ce0_unresolved_symbols.csv,pending,empty_reference_form; unresolved_symbol; no_LAB_generated
2021,1bda84ba0ce02fed685991f1da0dff3b75577fffa07b05b971293f8c189fe0f8,SDRW2100003063.1.1.348,empty_reference_unresolved_symbol,alignment_and_analysis,D:\mfa_eojeol\logs\lab_build_2021_1bda84ba0ce0_unresolved_symbols.csv,pending,empty_reference_form; unresolved_symbol; no_LAB_generated
2021,1bda84ba0ce02fed685991f1da0dff3b75577fffa07b05b971293f8c189fe0f8,SDRW2100003071.1.1.121,empty_reference_unresolved_symbol,alignment_and_analysis,D:\mfa_eojeol\logs\lab_build_2021_1bda84ba0ce0_unresolved_symbols.csv,pending,empty_reference_form; unresolved_symbol; no_LAB_generated
2021,1bda84ba0ce02fed685991f1da0dff3b75577fffa07b05b971293f8c189fe0f8,SDRW2100003071.1.1.123,empty_reference_unresolved_symbol,alignment_and_analysis,D:\mfa_eojeol\logs\lab_build_2021_1bda84ba0ce0_unresolved_symbols.csv,pending,empty_reference_form; unresolved_symbol; no_LAB_generated
2021,1bda84ba0ce02fed685991f1da0dff3b75577fffa07b05b971293f8c189fe0f8,SDRW2100003071.1.1.205,empty_reference_unresolved_symbol,alignment_and_analysis,D:\mfa_eojeol\logs\lab_build_2021_1bda84ba0ce0_unresolved_symbols.csv,pending,empty_reference_form; unresolved_symbol; no_LAB_generated
2021,1bda84ba0ce02fed685991f1da0dff3b75577fffa07b05b971293f8c189fe0f8,SDRW2100003071.1.1.271,empty_reference_unresolved_symbol,alignment_and_analysis,D:\mfa_eojeol\logs\lab_build_2021_1bda84ba0ce0_unresolved_symbols.csv,pending,empty_reference_form; unresolved_symbol; no_LAB_generated
2021,1bda84ba0ce02fed685991f1da0dff3b75577fffa07b05b971293f8c189fe0f8,SDRW2100003117.1.1.359,empty_reference_unresolved_symbol,alignment_and_analysis,D:\mfa_eojeol\logs\lab_build_2021_1bda84ba0ce0_unresolved_symbols.csv,pending,empty_reference_form; unresolved_symbol; no_LAB_generated
2021,1bda84ba0ce02fed685991f1da0dff3b75577fffa07b05b971293f8c189fe0f8,SDRW2100003119.1.1.307,empty_reference_unresolved_symbol,alignment_and_analysis,D:\mfa_eojeol\logs\lab_build_2021_1bda84ba0ce0_unresolved_symbols.csv,pending,empty_reference_form; unresolved_symbol; no_LAB_generated
2021,1bda84ba0ce02fed685991f1da0dff3b75577fffa07b05b971293f8c189fe0f8,SDRW2100003135.1.1.155,empty_reference_unresolved_symbol,alignment_and_analysis,D:\mfa_eojeol\logs\lab_build_2021_1bda84ba0ce0_unresolved_symbols.csv,pending,empty_reference_form; unresolved_symbol; no_LAB_generated
2021,1bda84ba0ce02fed685991f1da0dff3b75577fffa07b05b971293f8c189fe0f8,SDRW2100003135.1.1.184,empty_reference_unresolved_symbol,alignment_and_analysis,D:\mfa_eojeol\logs\lab_build_2021_1bda84ba0ce0_unresolved_symbols.csv,pending,empty_reference_form; unresolved_symbol; no_LAB_generated
2021,1bda84ba0ce02fed685991f1da0dff3b75577fffa07b05b971293f8c189fe0f8,SDRW2100003135.1.1.228,empty_reference_unresolved_symbol,alignment_and_analysis,D:\mfa_eojeol\logs\lab_build_2021_1bda84ba0ce0_unresolved_symbols.csv,pending,empty_reference_form; unresolved_symbol; no_LAB_generated
2021,1bda84ba0ce02fed685991f1da0dff3b75577fffa07b05b971293f8c189fe0f8,SDRW2100003137.1.1.150,empty_reference_unresolved_symbol,alignment_and_analysis,D:\mfa_eojeol\logs\lab_build_2021_1bda84ba0ce0_unresolved_symbols.csv,pending,empty_reference_form; unresolved_symbol; no_LAB_generated
2021,1bda84ba0ce02fed685991f1da0dff3b75577fffa07b05b971293f8c189fe0f8,SDRW2100003154.1.1.274,empty_reference_unresolved_symbol,alignment_and_analysis,D:\mfa_eojeol\logs\lab_build_2021_1bda84ba0ce0_unresolved_symbols.csv,pending,empty_reference_form; unresolved_symbol; no_LAB_generated
2021,1bda84ba0ce02fed685991f1da0dff3b75577fffa07b05b971293f8c189fe0f8,SDRW2100003171.1.1.241,empty_reference_unresolved_symbol,alignment_and_analysis,D:\mfa_eojeol\logs\lab_build_2021_1bda84ba0ce0_unresolved_symbols.csv,pending,empty_reference_form; unresolved_symbol; no_LAB_generated
2021,1bda84ba0ce02fed685991f1da0dff3b75577fffa07b05b971293f8c189fe0f8,SDRW2100003186.1.1.175,empty_reference_unresolved_symbol,alignment_and_analysis,D:\mfa_eojeol\logs\lab_build_2021_1bda84ba0ce0_unresolved_symbols.csv,pending,empty_reference_form; unresolved_symbol; no_LAB_generated
2021,1bda84ba0ce02fed685991f1da0dff3b75577fffa07b05b971293f8c189fe0f8,SDRW2100003186.1.1.55,empty_reference_unresolved_symbol,alignment_and_analysis,D:\mfa_eojeol\logs\lab_build_2021_1bda84ba0ce0_unresolved_symbols.csv,pending,empty_reference_form; unresolved_symbol; no_LAB_generated
2021,1bda84ba0ce02fed685991f1da0dff3b75577fffa07b05b971293f8c189fe0f8,SDRW2100003187.1.1.102,empty_reference_unresolved_symbol,alignment_and_analysis,D:\mfa_eojeol\logs\lab_build_2021_1bda84ba0ce0_unresolved_symbols.csv,pending,empty_reference_form; unresolved_symbol; no_LAB_generated
2021,1bda84ba0ce02fed685991f1da0dff3b75577fffa07b05b971293f8c189fe0f8,SDRW2100003187.1.1.121,empty_reference_unresolved_symbol,alignment_and_analysis,D:\mfa_eojeol\logs\lab_build_2021_1bda84ba0ce0_unresolved_symbols.csv,pending,empty_reference_form; unresolved_symbol; no_LAB_generated
2021,1bda84ba0ce02fed685991f1da0dff3b75577fffa07b05b971293f8c189fe0f8,SDRW2100003187.1.1.95,empty_reference_unresolved_symbol,alignment_and_analysis,D:\mfa_eojeol\logs\lab_build_2021_1bda84ba0ce0_unresolved_symbols.csv,pending,empty_reference_form; unresolved_symbol; no_LAB_generated
2021,1bda84ba0ce02fed685991f1da0dff3b75577fffa07b05b971293f8c189fe0f8,SDRW2100003187.1.1.98,empty_reference_unresolved_symbol,alignment_and_analysis,D:\mfa_eojeol\logs\lab_build_2021_1bda84ba0ce0_unresolved_symbols.csv,pending,empty_reference_form; unresolved_symbol; no_LAB_generated
2021,1bda84ba0ce02fed685991f1da0dff3b75577fffa07b05b971293f8c189fe0f8,SDRW2100003189.1.1.147,empty_reference_unresolved_symbol,alignment_and_analysis,D:\mfa_eojeol\logs\lab_build_2021_1bda84ba0ce0_unresolved_symbols.csv,pending,empty_reference_form; unresolved_symbol; no_LAB_generated
2021,1bda84ba0ce02fed685991f1da0dff3b75577fffa07b05b971293f8c189fe0f8,SDRW2100003189.1.1.149,empty_reference_unresolved_symbol,alignment_and_analysis,D:\mfa_eojeol\logs\lab_build_2021_1bda84ba0ce0_unresolved_symbols.csv,pending,empty_reference_form; unresolved_symbol; no_LAB_generated
2021,1bda84ba0ce02fed685991f1da0dff3b75577fffa07b05b971293f8c189fe0f8,SDRW2100003189.1.1.300,empty_reference_unresolved_symbol,alignment_and_analysis,D:\mfa_eojeol\logs\lab_build_2021_1bda84ba0ce0_unresolved_symbols.csv,pending,empty_reference_form; unresolved_symbol; no_LAB_generated
2021,1bda84ba0ce02fed685991f1da0dff3b75577fffa07b05b971293f8c189fe0f8,SDRW2100003191.1.1.191,empty_reference_unresolved_symbol,alignment_and_analysis,D:\mfa_eojeol\logs\lab_build_2021_1bda84ba0ce0_unresolved_symbols.csv,pending,empty_reference_form; unresolved_symbol; no_LAB_generated
2021,1bda84ba0ce02fed685991f1da0dff3b75577fffa07b05b971293f8c189fe0f8,SDRW2100003191.1.1.37,empty_reference_unresolved_symbol,alignment_and_analysis,D:\mfa_eojeol\logs\lab_build_2021_1bda84ba0ce0_unresolved_symbols.csv,pending,empty_reference_form; unresolved_symbol; no_LAB_generated
2021,1bda84ba0ce02fed685991f1da0dff3b75577fffa07b05b971293f8c189fe0f8,SDRW2100003191.1.1.38,empty_reference_unresolved_symbol,alignment_and_analysis,D:\mfa_eojeol\logs\lab_build_2021_1bda84ba0ce0_unresolved_symbols.csv,pending,empty_reference_form; unresolved_symbol; no_LAB_generated
2021,1bda84ba0ce02fed685991f1da0dff3b75577fffa07b05b971293f8c189fe0f8,SDRW2100003191.1.1.39,empty_reference_unresolved_symbol,alignment_and_analysis,D:\mfa_eojeol\logs\lab_build_2021_1bda84ba0ce0_unresolved_symbols.csv,pending,empty_reference_form; unresolved_symbol; no_LAB_generated
2021,1bda84ba0ce02fed685991f1da0dff3b75577fffa07b05b971293f8c189fe0f8,SDRW2100003194.1.1.1,empty_reference_unresolved_symbol,alignment_and_analysis,D:\mfa_eojeol\logs\lab_build_2021_1bda84ba0ce0_unresolved_symbols.csv,pending,empty_reference_form; unresolved_symbol; no_LAB_generated
2021,1bda84ba0ce02fed685991f1da0dff3b75577fffa07b05b971293f8c189fe0f8,SDRW2100003200.1.1.59,empty_reference_unresolved_symbol,alignment_and_analysis,D:\mfa_eojeol\logs\lab_build_2021_1bda84ba0ce0_unresolved_symbols.csv,pending,empty_reference_form; unresolved_symbol; no_LAB_generated
2021,1bda84ba0ce02fed685991f1da0dff3b75577fffa07b05b971293f8c189fe0f8,SDRW2100003207.1.1.210,empty_reference_unresolved_symbol,alignment_and_analysis,D:\mfa_eojeol\logs\lab_build_2021_1bda84ba0ce0_unresolved_symbols.csv,pending,empty_reference_form; unresolved_symbol; no_LAB_generated
2021,1bda84ba0ce02fed685991f1da0dff3b75577fffa07b05b971293f8c189fe0f8,SDRW2100003207.1.1.211,empty_reference_unresolved_symbol,alignment_and_analysis,D:\mfa_eojeol\logs\lab_build_2021_1bda84ba0ce0_unresolved_symbols.csv,pending,empty_reference_form; unresolved_symbol; no_LAB_generated
2021,1bda84ba0ce02fed685991f1da0dff3b75577fffa07b05b971293f8c189fe0f8,SDRW2100003211.1.1.95,empty_reference_unresolved_symbol,alignment_and_analysis,D:\mfa_eojeol\logs\lab_build_2021_1bda84ba0ce0_unresolved_symbols.csv,pending,empty_reference_form; unresolved_symbol; no_LAB_generated
2021,1bda84ba0ce02fed685991f1da0dff3b75577fffa07b05b971293f8c189fe0f8,SDRW2100003221.1.1.91,empty_reference_unresolved_symbol,alignment_and_analysis,D:\mfa_eojeol\logs\lab_build_2021_1bda84ba0ce0_unresolved_symbols.csv,pending,empty_reference_form; unresolved_symbol; no_LAB_generated
2021,1bda84ba0ce02fed685991f1da0dff3b75577fffa07b05b971293f8c189fe0f8,SDRW2100003234.1.1.274,empty_reference_unresolved_symbol,alignment_and_analysis,D:\mfa_eojeol\logs\lab_build_2021_1bda84ba0ce0_unresolved_symbols.csv,pending,empty_reference_form; unresolved_symbol; no_LAB_generated
2021,1bda84ba0ce02fed685991f1da0dff3b75577fffa07b05b971293f8c189fe0f8,SDRW2100003249.1.1.1,audio_pairing_unresolved,alignment_and_analysis,C:\Users\ari30\research\2026_summer_research\outputs\reports\PLAN_2021_wav_duration_recovery_20260803.csv,pending,target_unresolved
2021,1bda84ba0ce02fed685991f1da0dff3b75577fffa07b05b971293f8c189fe0f8,SDRW2100003249.1.1.10,audio_pairing_unresolved,alignment_and_analysis,C:\Users\ari30\research\2026_summer_research\outputs\reports\PLAN_2021_wav_duration_recovery_20260803.csv,pending,target_unresolved
2021,1bda84ba0ce02fed685991f1da0dff3b75577fffa07b05b971293f8c189fe0f8,SDRW2100003249.1.1.100,audio_pairing_unresolved,alignment_and_analysis,C:\Users\ari30\research\2026_summer_research\outputs\reports\PLAN_2021_wav_duration_recovery_20260803.csv,pending,target_unresolved
2021,1bda84ba0ce02fed685991f1da0dff3b75577fffa07b05b971293f8c189fe0f8,SDRW2100003249.1.1.101,audio_pairing_unresolved,alignment_and_analysis,C:\Users\ari30\research\2026_summer_research\outputs\reports\PLAN_2021_wav_duration_recovery_20260803.csv,pending,target_unresolved
2021,1bda84ba0ce02fed685991f1da0dff3b75577fffa07b05b971293f8c189fe0f8,SDRW2100003249.1.1.102,audio_pairing_unresolved,alignment_and_analysis,C:\Users\ari30\research\2026_summer_research\outputs\reports\PLAN_2021_wav_duration_recovery_20260803.csv,pending,target_unresolved
2021,1bda84ba0ce02fed685991f1da0dff3b75577fffa07b05b971293f8c189fe0f8,SDRW2100003249.1.1.103,audio_pairing_unresolved,alignment_and_analysis,C:\Users\ari30\research\2026_summer_research\outputs\reports\PLAN_2021_wav_duration_recovery_20260803.csv,pending,target_unresolved
2021,1bda84ba0ce02fed685991f1da0dff3b75577fffa07b05b971293f8c189fe0f8,SDRW2100003249.1.1.104,audio_pairing_unresolved,alignment_and_analysis,C:\Users\ari30\research\2026_summer_research\outputs\reports\PLAN_2021_wav_duration_recovery_20260803.csv,pending,target_unresolved
2021,1bda84ba0ce02fed685991f1da0dff3b75577fffa07b05b971293f8c189fe0f8,SDRW2100003249.1.1.105,audio_pairing_unresolved,alignment_and_analysis,C:\Users\ari30\research\2026_summer_research\outputs\reports\PLAN_2021_wav_duration_recovery_20260803.csv,pending,target_unresolved
2021,1bda84ba0ce02fed685991f1da0dff3b75577fffa07b05b971293f8c189fe0f8,SDRW2100003249.1.1.106,audio_pairing_unresolved,alignment_and_analysis,C:\Users\ari30\research\2026_summer_research\outputs\reports\PLAN_2021_wav_duration_recovery_20260803.csv,pending,target_unresolved
2021,1bda84ba0ce02fed685991f1da0dff3b75577fffa07b05b971293f8c189fe0f8,SDRW2100003249.1.1.107,audio_pairing_unresolved,alignment_and_analysis,C:\Users\ari30\research\2026_summer_research\outputs\reports\PLAN_2021_wav_duration_recovery_20260803.csv,pending,target_unresolved
2021,1bda84ba0ce02fed685991f1da0dff3b75577fffa07b05b971293f8c189fe0f8,SDRW2100003249.1.1.108,audio_pairing_unresolved,alignment_and_analysis,C:\Users\ari30\research\2026_summer_research\outputs\reports\PLAN_2021_wav_duration_recovery_20260803.csv,pending,target_unresolved
2021,1bda84ba0ce02fed685991f1da0dff3b75577fffa07b05b971293f8c189fe0f8,SDRW2100003249.1.1.109,audio_pairing_unresolved,alignment_and_analysis,C:\Users\ari30\research\2026_summer_research\outputs\reports\PLAN_2021_wav_duration_recovery_20260803.csv,pending,target_unresolved
2021,1bda84ba0ce02fed685991f1da0dff3b75577fffa07b05b971293f8c189fe0f8,SDRW2100003249.1.1.11,audio_pairing_unresolved,alignment_and_analysis,C:\Users\ari30\research\2026_summer_research\outputs\reports\PLAN_2021_wav_duration_recovery_20260803.csv,pending,target_unresolved
2021,1bda84ba0ce02fed685991f1da0dff3b75577fffa07b05b971293f8c189fe0f8,SDRW2100003249.1.1.110,audio_pairing_unresolved,alignment_and_analysis,C:\Users\ari30\research\2026_summer_research\outputs\reports\PLAN_2021_wav_duration_recovery_20260803.csv,pending,target_unresolved
2021,1bda84ba0ce02fed685991f1da0dff3b75577fffa07b05b971293f8c189fe0f8,SDRW2100003249.1.1.111,audio_pairing_unresolved,alignment_and_analysis,C:\Users\ari30\research\2026_summer_research\outputs\reports\PLAN_2021_wav_duration_recovery_20260803.csv,pending,target_unresolved
2021,1bda84ba0ce02fed685991f1da0dff3b75577fffa07b05b971293f8c189fe0f8,SDRW2100003249.1.1.112,audio_pairing_unresolved,alignment_and_analysis,C:\Users\ari30\research\2026_summer_research\outputs\reports\PLAN_2021_wav_duration_recovery_20260803.csv,pending,target_unresolved
2021,1bda84ba0ce02fed685991f1da0dff3b75577fffa07b05b971293f8c189fe0f8,SDRW2100003249.1.1.113,audio_pairing_unresolved,alignment_and_analysis,C:\Users\ari30\research\2026_summer_research\outputs\reports\PLAN_2021_wav_duration_recovery_20260803.csv,pending,target_unresolved
2021,1bda84ba0ce02fed685991f1da0dff3b75577fffa07b05b971293f8c189fe0f8,SDRW2100003249.1.1.114,audio_pairing_unresolved,alignment_and_analysis,C:\Users\ari30\research\2026_summer_research\outputs\reports\PLAN_2021_wav_duration_recovery_20260803.csv,pending,target_unresolved
2021,1bda84ba0ce02fed685991f1da0dff3b75577fffa07b05b971293f8c189fe0f8,SDRW2100003249.1.1.115,audio_pairing_unresolved,alignment_and_analysis,C:\Users\ari30\research\2026_summer_research\outputs\reports\PLAN_2021_wav_duration_recovery_20260803.csv,pending,target_unresolved
2021,1bda84ba0ce02fed685991f1da0dff3b75577fffa07b05b971293f8c189fe0f8,SDRW2100003249.1.1.116,audio_pairing_unresolved,alignment_and_analysis,C:\Users\ari30\research\2026_summer_research\outputs\reports\PLAN_2021_wav_duration_recovery_20260803.csv,pending,target_unresolved
2021,1bda84ba0ce02fed685991f1da0dff3b75577fffa07b05b971293f8c189fe0f8,SDRW2100003249.1.1.117,audio_pairing_unresolved,alignment_and_analysis,C:\Users\ari30\research\2026_summer_research\outputs\reports\PLAN_2021_wav_duration_recovery_20260803.csv,pending,target_unresolved
2021,1bda84ba0ce02fed685991f1da0dff3b75577fffa07b05b971293f8c189fe0f8,SDRW2100003249.1.1.118,audio_pairing_unresolved,alignment_and_analysis,C:\Users\ari30\research\2026_summer_research\outputs\reports\PLAN_2021_wav_duration_recovery_20260803.csv,pending,target_unresolved
2021,1bda84ba0ce02fed685991f1da0dff3b75577fffa07b05b971293f8c189fe0f8,SDRW2100003249.1.1.119,audio_pairing_unresolved,alignment_and_analysis,C:\Users\ari30\research\2026_summer_research\outputs\reports\PLAN_2021_wav_duration_recovery_20260803.csv,pending,target_unresolved
2021,1bda84ba0ce02fed685991f1da0dff3b75577fffa07b05b971293f8c189fe0f8,SDRW2100003249.1.1.12,audio_pairing_unresolved,alignment_and_analysis,C:\Users\ari30\research\2026_summer_research\outputs\reports\PLAN_2021_wav_duration_recovery_20260803.csv,pending,target_unresolved
2021,1bda84ba0ce02fed685991f1da0dff3b75577fffa07b05b971293f8c189fe0f8,SDRW2100003249.1.1.120,audio_pairing_unresolved,alignment_and_analysis,C:\Users\ari30\research\2026_summer_research\outputs\reports\PLAN_2021_wav_duration_recovery_20260803.csv,pending,target_unresolved
2021,1bda84ba0ce02fed685991f1da0dff3b75577fffa07b05b971293f8c189fe0f8,SDRW2100003249.1.1.121,audio_pairing_unresolved,alignment_and_analysis,C:\Users\ari30\research\2026_summer_research\outputs\reports\PLAN_2021_wav_duration_recovery_20260803.csv,pending,target_unresolved
2021,1bda84ba0ce02fed685991f1da0dff3b75577fffa07b05b971293f8c189fe0f8,SDRW2100003249.1.1.122,audio_pairing_unresolved,alignment_and_analysis,C:\Users\ari30\research\2026_summer_research\outputs\reports\PLAN_2021_wav_duration_recovery_20260803.csv,pending,target_unresolved
2021,1bda84ba0ce02fed685991f1da0dff3b75577fffa07b05b971293f8c189fe0f8,SDRW2100003249.1.1.123,audio_pairing_unresolved,alignment_and_analysis,C:\Users\ari30\research\2026_summer_research\outputs\reports\PLAN_2021_wav_duration_recovery_20260803.csv,pending,target_unresolved
2021,1bda84ba0ce02fed685991f1da0dff3b75577fffa07b05b971293f8c189fe0f8,SDRW2100003249.1.1.124,audio_pairing_unresolved,alignment_and_analysis,C:\Users\ari30\research\2026_summer_research\outputs\reports\PLAN_2021_wav_duration_recovery_20260803.csv,pending,target_unresolved
2021,1bda84ba0ce02fed685991f1da0dff3b75577fffa07b05b971293f8c189fe0f8,SDRW2100003249.1.1.125,audio_pairing_unresolved,alignment_and_analysis,C:\Users\ari30\research\2026_summer_research\outputs\reports\PLAN_2021_wav_duration_recovery_20260803.csv,pending,target_unresolved
2021,1bda84ba0ce02fed685991f1da0dff3b75577fffa07b05b971293f8c189fe0f8,SDRW2100003249.1.1.126,audio_pairing_unresolved,alignment_and_analysis,C:\Users\ari30\research\2026_summer_research\outputs\reports\PLAN_2021_wav_duration_recovery_20260803.csv,pending,target_unresolved
2021,1bda84ba0ce02fed685991f1da0dff3b75577fffa07b05b971293f8c189fe0f8,SDRW2100003249.1.1.127,audio_pairing_unresolved,alignment_and_analysis,C:\Users\ari30\research\2026_summer_research\outputs\reports\PLAN_2021_wav_duration_recovery_20260803.csv,pending,target_unresolved
2021,1bda84ba0ce02fed685991f1da0dff3b75577fffa07b05b971293f8c189fe0f8,SDRW2100003249.1.1.128,audio_pairing_unresolved,alignment_and_analysis,C:\Users\ari30\research\2026_summer_research\outputs\reports\PLAN_2021_wav_duration_recovery_20260803.csv,pending,target_unresolved
2021,1bda84ba0ce02fed685991f1da0dff3b75577fffa07b05b971293f8c189fe0f8,SDRW2100003249.1.1.129,audio_pairing_unresolved,alignment_and_analysis,C:\Users\ari30\research\2026_summer_research\outputs\reports\PLAN_2021_wav_duration_recovery_20260803.csv,pending,target_unresolved
2021,1bda84ba0ce02fed685991f1da0dff3b75577fffa07b05b971293f8c189fe0f8,SDRW2100003249.1.1.13,audio_pairing_unresolved,alignment_and_analysis,C:\Users\ari30\research\2026_summer_research\outputs\reports\PLAN_2021_wav_duration_recovery_20260803.csv,pending,target_unresolved
2021,1bda84ba0ce02fed685991f1da0dff3b75577fffa07b05b971293f8c189fe0f8,SDRW2100003249.1.1.130,audio_pairing_unresolved,alignment_and_analysis,C:\Users\ari30\research\2026_summer_research\outputs\reports\PLAN_2021_wav_duration_recovery_20260803.csv,pending,target_unresolved
2021,1bda84ba0ce02fed685991f1da0dff3b75577fffa07b05b971293f8c189fe0f8,SDRW2100003249.1.1.131,audio_pairing_unresolved,alignment_and_analysis,C:\Users\ari30\research\2026_summer_research\outputs\reports\PLAN_2021_wav_duration_recovery_20260803.csv,pending,target_unresolved
2021,1bda84ba0ce02fed685991f1da0dff3b75577fffa07b05b971293f8c189fe0f8,SDRW2100003249.1.1.132,audio_pairing_unresolved,alignment_and_analysis,C:\Users\ari30\research\2026_summer_research\outputs\reports\PLAN_2021_wav_duration_recovery_20260803.csv,pending,target_unresolved
2021,1bda84ba0ce02fed685991f1da0dff3b75577fffa07b05b971293f8c189fe0f8,SDRW2100003249.1.1.133,audio_pairing_unresolved,alignment_and_analysis,C:\Users\ari30\research\2026_summer_research\outputs\reports\PLAN_2021_wav_duration_recovery_20260803.csv,pending,target_unresolved
2021,1bda84ba0ce02fed685991f1da0dff3b75577fffa07b05b971293f8c189fe0f8,SDRW2100003249.1.1.134,audio_pairing_unresolved,alignment_and_analysis,C:\Users\ari30\research\2026_summer_research\outputs\reports\PLAN_2021_wav_duration_recovery_20260803.csv,pending,target_unresolved
2021,1bda84ba0ce02fed685991f1da0dff3b75577fffa07b05b971293f8c189fe0f8,SDRW2100003249.1.1.135,audio_pairing_unresolved,alignment_and_analysis,C:\Users\ari30\research\2026_summer_research\outputs\reports\PLAN_2021_wav_duration_recovery_20260803.csv,pending,target_unresolved
2021,1bda84ba0ce02fed685991f1da0dff3b75577fffa07b05b971293f8c189fe0f8,SDRW2100003249.1.1.136,audio_pairing_unresolved,alignment_and_analysis,C:\Users\ari30\research\2026_summer_research\outputs\reports\PLAN_2021_wav_duration_recovery_20260803.csv,pending,target_unresolved
2021,1bda84ba0ce02fed685991f1da0dff3b75577fffa07b05b971293f8c189fe0f8,SDRW2100003249.1.1.137,audio_pairing_unresolved,alignment_and_analysis,C:\Users\ari30\research\2026_summer_research\outputs\reports\PLAN_2021_wav_duration_recovery_20260803.csv,pending,target_unresolved
2021,1bda84ba0ce02fed685991f1da0dff3b75577fffa07b05b971293f8c189fe0f8,SDRW2100003249.1.1.138,audio_pairing_unresolved,alignment_and_analysis,C:\Users\ari30\research\2026_summer_research\outputs\reports\PLAN_2021_wav_duration_recovery_20260803.csv,pending,target_unresolved
2021,1bda84ba0ce02fed685991f1da0dff3b75577fffa07b05b971293f8c189fe0f8,SDRW2100003249.1.1.139,audio_pairing_unresolved,alignment_and_analysis,C:\Users\ari30\research\2026_summer_research\outputs\reports\PLAN_2021_wav_duration_recovery_20260803.csv,pending,target_unresolved
2021,1bda84ba0ce02fed685991f1da0dff3b75577fffa07b05b971293f8c189fe0f8,SDRW2100003249.1.1.140,audio_pairing_unresolved,alignment_and_analysis,C:\Users\ari30\research\2026_summer_research\outputs\reports\PLAN_2021_wav_duration_recovery_20260803.csv,pending,target_unresolved
2021,1bda84ba0ce02fed685991f1da0dff3b75577fffa07b05b971293f8c189fe0f8,SDRW2100003249.1.1.141,audio_pairing_unresolved,alignment_and_analysis,C:\Users\ari30\research\2026_summer_research\outputs\reports\PLAN_2021_wav_duration_recovery_20260803.csv,pending,target_unresolved
2021,1bda84ba0ce02fed685991f1da0dff3b75577fffa07b05b971293f8c189fe0f8,SDRW2100003249.1.1.142,audio_pairing_unresolved,alignment_and_analysis,C:\Users\ari30\research\2026_summer_research\outputs\reports\PLAN_2021_wav_duration_recovery_20260803.csv,pending,target_unresolved
2021,1bda84ba0ce02fed685991f1da0dff3b75577fffa07b05b971293f8c189fe0f8,SDRW2100003249.1.1.143,audio_pairing_unresolved,alignment_and_analysis,C:\Users\ari30\research\2026_summer_research\outputs\reports\PLAN_2021_wav_duration_recovery_20260803.csv,pending,target_unresolved
2021,1bda84ba0ce02fed685991f1da0dff3b75577fffa07b05b971293f8c189fe0f8,SDRW2100003249.1.1.144,audio_pairing_unresolved,alignment_and_analysis,C:\Users\ari30\research\2026_summer_research\outputs\reports\PLAN_2021_wav_duration_recovery_20260803.csv,pending,target_unresolved
2021,1bda84ba0ce02fed685991f1da0dff3b75577fffa07b05b971293f8c189fe0f8,SDRW2100003249.1.1.145,audio_pairing_unresolved,alignment_and_analysis,C:\Users\ari30\research\2026_summer_research\outputs\reports\PLAN_2021_wav_duration_recovery_20260803.csv,pending,target_unresolved
2021,1bda84ba0ce02fed685991f1da0dff3b75577fffa07b05b971293f8c189fe0f8,SDRW2100003249.1.1.146,audio_pairing_unresolved,alignment_and_analysis,C:\Users\ari30\research\2026_summer_research\outputs\reports\PLAN_2021_wav_duration_recovery_20260803.csv,pending,target_unresolved
2021,1bda84ba0ce02fed685991f1da0dff3b75577fffa07b05b971293f8c189fe0f8,SDRW2100003249.1.1.147,audio_pairing_unresolved,alignment_and_analysis,C:\Users\ari30\research\2026_summer_research\outputs\reports\PLAN_2021_wav_duration_recovery_20260803.csv,pending,target_unresolved
2021,1bda84ba0ce02fed685991f1da0dff3b75577fffa07b05b971293f8c189fe0f8,SDRW2100003249.1.1.148,audio_pairing_unresolved,alignment_and_analysis,C:\Users\ari30\research\2026_summer_research\outputs\reports\PLAN_2021_wav_duration_recovery_20260803.csv,pending,target_unresolved
2021,1bda84ba0ce02fed685991f1da0dff3b75577fffa07b05b971293f8c189fe0f8,SDRW2100003249.1.1.149,audio_pairing_unresolved,alignment_and_analysis,C:\Users\ari30\research\2026_summer_research\outputs\reports\PLAN_2021_wav_duration_recovery_20260803.csv,pending,target_unresolved
2021,1bda84ba0ce02fed685991f1da0dff3b75577fffa07b05b971293f8c189fe0f8,SDRW2100003249.1.1.15,audio_pairing_unresolved,alignment_and_analysis,C:\Users\ari30\research\2026_summer_research\outputs\reports\PLAN_2021_wav_duration_recovery_20260803.csv,pending,target_unresolved
2021,1bda84ba0ce02fed685991f1da0dff3b75577fffa07b05b971293f8c189fe0f8,SDRW2100003249.1.1.150,audio_pairing_unresolved,alignment_and_analysis,C:\Users\ari30\research\2026_summer_research\outputs\reports\PLAN_2021_wav_duration_recovery_20260803.csv,pending,target_unresolved
2021,1bda84ba0ce02fed685991f1da0dff3b75577fffa07b05b971293f8c189fe0f8,SDRW2100003249.1.1.151,audio_pairing_unresolved,alignment_and_analysis,C:\Users\ari30\research\2026_summer_research\outputs\reports\PLAN_2021_wav_duration_recovery_20260803.csv,pending,target_unresolved
2021,1bda84ba0ce02fed685991f1da0dff3b75577fffa07b05b971293f8c189fe0f8,SDRW2100003249.1.1.152,audio_pairing_unresolved,alignment_and_analysis,C:\Users\ari30\research\2026_summer_research\outputs\reports\PLAN_2021_wav_duration_recovery_20260803.csv,pending,target_unresolved
2021,1bda84ba0ce02fed685991f1da0dff3b75577fffa07b05b971293f8c189fe0f8,SDRW2100003249.1.1.153,audio_pairing_unresolved,alignment_and_analysis,C:\Users\ari30\research\2026_summer_research\outputs\reports\PLAN_2021_wav_duration_recovery_20260803.csv,pending,target_unresolved
2021,1bda84ba0ce02fed685991f1da0dff3b75577fffa07b05b971293f8c189fe0f8,SDRW2100003249.1.1.154,audio_pairing_unresolved,alignment_and_analysis,C:\Users\ari30\research\2026_summer_research\outputs\reports\PLAN_2021_wav_duration_recovery_20260803.csv,pending,target_unresolved
2021,1bda84ba0ce02fed685991f1da0dff3b75577fffa07b05b971293f8c189fe0f8,SDRW2100003249.1.1.155,audio_pairing_unresolved,alignment_and_analysis,C:\Users\ari30\research\2026_summer_research\outputs\reports\PLAN_2021_wav_duration_recovery_20260803.csv,pending,target_unresolved
2021,1bda84ba0ce02fed685991f1da0dff3b75577fffa07b05b971293f8c189fe0f8,SDRW2100003249.1.1.156,audio_pairing_unresolved,alignment_and_analysis,C:\Users\ari30\research\2026_summer_research\outputs\reports\PLAN_2021_wav_duration_recovery_20260803.csv,pending,target_unresolved
2021,1bda84ba0ce02fed685991f1da0dff3b75577fffa07b05b971293f8c189fe0f8,SDRW2100003249.1.1.157,audio_pairing_unresolved,alignment_and_analysis,C:\Users\ari30\research\2026_summer_research\outputs\reports\PLAN_2021_wav_duration_recovery_20260803.csv,pending,target_unresolved
2021,1bda84ba0ce02fed685991f1da0dff3b75577fffa07b05b971293f8c189fe0f8,SDRW2100003249.1.1.158,audio_pairing_unresolved,alignment_and_analysis,C:\Users\ari30\research\2026_summer_research\outputs\reports\PLAN_2021_wav_duration_recovery_20260803.csv,pending,target_unresolved
2021,1bda84ba0ce02fed685991f1da0dff3b75577fffa07b05b971293f8c189fe0f8,SDRW2100003249.1.1.159,audio_pairing_unresolved,alignment_and_analysis,C:\Users\ari30\research\2026_summer_research\outputs\reports\PLAN_2021_wav_duration_recovery_20260803.csv,pending,target_unresolved
2021,1bda84ba0ce02fed685991f1da0dff3b75577fffa07b05b971293f8c189fe0f8,SDRW2100003249.1.1.16,audio_pairing_unresolved,alignment_and_analysis,C:\Users\ari30\research\2026_summer_research\outputs\reports\PLAN_2021_wav_duration_recovery_20260803.csv,pending,target_unresolved
2021,1bda84ba0ce02fed685991f1da0dff3b75577fffa07b05b971293f8c189fe0f8,SDRW2100003249.1.1.160,audio_pairing_unresolved,alignment_and_analysis,C:\Users\ari30\research\2026_summer_research\outputs\reports\PLAN_2021_wav_duration_recovery_20260803.csv,pending,target_unresolved
2021,1bda84ba0ce02fed685991f1da0dff3b75577fffa07b05b971293f8c189fe0f8,SDRW2100003249.1.1.161,audio_pairing_unresolved,alignment_and_analysis,C:\Users\ari30\research\2026_summer_research\outputs\reports\PLAN_2021_wav_duration_recovery_20260803.csv,pending,target_unresolved
2021,1bda84ba0ce02fed685991f1da0dff3b75577fffa07b05b971293f8c189fe0f8,SDRW2100003249.1.1.162,audio_pairing_unresolved,alignment_and_analysis,C:\Users\ari30\research\2026_summer_research\outputs\reports\PLAN_2021_wav_duration_recovery_20260803.csv,pending,target_unresolved
2021,1bda84ba0ce02fed685991f1da0dff3b75577fffa07b05b971293f8c189fe0f8,SDRW2100003249.1.1.163,audio_pairing_unresolved,alignment_and_analysis,C:\Users\ari30\research\2026_summer_research\outputs\reports\PLAN_2021_wav_duration_recovery_20260803.csv,pending,target_unresolved
2021,1bda84ba0ce02fed685991f1da0dff3b75577fffa07b05b971293f8c189fe0f8,SDRW2100003249.1.1.164,audio_pairing_unresolved,alignment_and_analysis,C:\Users\ari30\research\2026_summer_research\outputs\reports\PLAN_2021_wav_duration_recovery_20260803.csv,pending,target_unresolved
2021,1bda84ba0ce02fed685991f1da0dff3b75577fffa07b05b971293f8c189fe0f8,SDRW2100003249.1.1.165,audio_pairing_unresolved,alignment_and_analysis,C:\Users\ari30\research\2026_summer_research\outputs\reports\PLAN_2021_wav_duration_recovery_20260803.csv,pending,target_unresolved
2021,1bda84ba0ce02fed685991f1da0dff3b75577fffa07b05b971293f8c189fe0f8,SDRW2100003249.1.1.166,audio_pairing_unresolved,alignment_and_analysis,C:\Users\ari30\research\2026_summer_research\outputs\reports\PLAN_2021_wav_duration_recovery_20260803.csv,pending,target_unresolved
2021,1bda84ba0ce02fed685991f1da0dff3b75577fffa07b05b971293f8c189fe0f8,SDRW2100003249.1.1.167,audio_pairing_unresolved,alignment_and_analysis,C:\Users\ari30\research\2026_summer_research\outputs\reports\PLAN_2021_wav_duration_recovery_20260803.csv,pending,target_unresolved
2021,1bda84ba0ce02fed685991f1da0dff3b75577fffa07b05b971293f8c189fe0f8,SDRW2100003249.1.1.168,audio_pairing_unresolved,alignment_and_analysis,C:\Users\ari30\research\2026_summer_research\outputs\reports\PLAN_2021_wav_duration_recovery_20260803.csv,pending,target_unresolved
2021,1bda84ba0ce02fed685991f1da0dff3b75577fffa07b05b971293f8c189fe0f8,SDRW2100003249.1.1.169,audio_pairing_unresolved,alignment_and_analysis,C:\Users\ari30\research\2026_summer_research\outputs\reports\PLAN_2021_wav_duration_recovery_20260803.csv,pending,target_unresolved
2021,1bda84ba0ce02fed685991f1da0dff3b75577fffa07b05b971293f8c189fe0f8,SDRW2100003249.1.1.17,audio_pairing_unresolved,alignment_and_analysis,C:\Users\ari30\research\2026_summer_research\outputs\reports\PLAN_2021_wav_duration_recovery_20260803.csv,pending,target_unresolved
2021,1bda84ba0ce02fed685991f1da0dff3b75577fffa07b05b971293f8c189fe0f8,SDRW2100003249.1.1.170,audio_pairing_unresolved,alignment_and_analysis,C:\Users\ari30\research\2026_summer_research\outputs\reports\PLAN_2021_wav_duration_recovery_20260803.csv,pending,target_unresolved
2021,1bda84ba0ce02fed685991f1da0dff3b75577fffa07b05b971293f8c189fe0f8,SDRW2100003249.1.1.171,audio_pairing_unresolved,alignment_and_analysis,C:\Users\ari30\research\2026_summer_research\outputs\reports\PLAN_2021_wav_duration_recovery_20260803.csv,pending,target_unresolved
2021,1bda84ba0ce02fed685991f1da0dff3b75577fffa07b05b971293f8c189fe0f8,SDRW2100003249.1.1.172,audio_pairing_unresolved,alignment_and_analysis,C:\Users\ari30\research\2026_summer_research\outputs\reports\PLAN_2021_wav_duration_recovery_20260803.csv,pending,target_unresolved
2021,1bda84ba0ce02fed685991f1da0dff3b75577fffa07b05b971293f8c189fe0f8,SDRW2100003249.1.1.173,audio_pairing_unresolved,alignment_and_analysis,C:\Users\ari30\research\2026_summer_research\outputs\reports\PLAN_2021_wav_duration_recovery_20260803.csv,pending,target_unresolved
2021,1bda84ba0ce02fed685991f1da0dff3b75577fffa07b05b971293f8c189fe0f8,SDRW2100003249.1.1.174,audio_pairing_unresolved,alignment_and_analysis,C:\Users\ari30\research\2026_summer_research\outputs\reports\PLAN_2021_wav_duration_recovery_20260803.csv,pending,target_unresolved
2021,1bda84ba0ce02fed685991f1da0dff3b75577fffa07b05b971293f8c189fe0f8,SDRW2100003249.1.1.175,audio_pairing_unresolved,alignment_and_analysis,C:\Users\ari30\research\2026_summer_research\outputs\reports\PLAN_2021_wav_duration_recovery_20260803.csv,pending,target_unresolved
2021,1bda84ba0ce02fed685991f1da0dff3b75577fffa07b05b971293f8c189fe0f8,SDRW2100003249.1.1.176,audio_pairing_unresolved,alignment_and_analysis,C:\Users\ari30\research\2026_summer_research\outputs\reports\PLAN_2021_wav_duration_recovery_20260803.csv,pending,target_unresolved
2021,1bda84ba0ce02fed685991f1da0dff3b75577fffa07b05b971293f8c189fe0f8,SDRW2100003249.1.1.177,audio_pairing_unresolved,alignment_and_analysis,C:\Users\ari30\research\2026_summer_research\outputs\reports\PLAN_2021_wav_duration_recovery_20260803.csv,pending,target_unresolved
2021,1bda84ba0ce02fed685991f1da0dff3b75577fffa07b05b971293f8c189fe0f8,SDRW2100003249.1.1.178,audio_pairing_unresolved,alignment_and_analysis,C:\Users\ari30\research\2026_summer_research\outputs\reports\PLAN_2021_wav_duration_recovery_20260803.csv,pending,target_unresolved
2021,1bda84ba0ce02fed685991f1da0dff3b75577fffa07b05b971293f8c189fe0f8,SDRW2100003249.1.1.179,audio_pairing_unresolved,alignment_and_analysis,C:\Users\ari30\research\2026_summer_research\outputs\reports\PLAN_2021_wav_duration_recovery_20260803.csv,pending,target_unresolved
2021,1bda84ba0ce02fed685991f1da0dff3b75577fffa07b05b971293f8c189fe0f8,SDRW2100003249.1.1.18,audio_pairing_unresolved,alignment_and_analysis,C:\Users\ari30\research\2026_summer_research\outputs\reports\PLAN_2021_wav_duration_recovery_20260803.csv,pending,target_unresolved
2021,1bda84ba0ce02fed685991f1da0dff3b75577fffa07b05b971293f8c189fe0f8,SDRW2100003249.1.1.180,audio_pairing_unresolved,alignment_and_analysis,C:\Users\ari30\research\2026_summer_research\outputs\reports\PLAN_2021_wav_duration_recovery_20260803.csv,pending,target_unresolved
2021,1bda84ba0ce02fed685991f1da0dff3b75577fffa07b05b971293f8c189fe0f8,SDRW2100003249.1.1.181,audio_pairing_unresolved,alignment_and_analysis,C:\Users\ari30\research\2026_summer_research\outputs\reports\PLAN_2021_wav_duration_recovery_20260803.csv,pending,target_unresolved
2021,1bda84ba0ce02fed685991f1da0dff3b75577fffa07b05b971293f8c189fe0f8,SDRW2100003249.1.1.182,audio_pairing_unresolved,alignment_and_analysis,C:\Users\ari30\research\2026_summer_research\outputs\reports\PLAN_2021_wav_duration_recovery_20260803.csv,pending,target_unresolved
2021,1bda84ba0ce02fed685991f1da0dff3b75577fffa07b05b971293f8c189fe0f8,SDRW2100003249.1.1.183,audio_pairing_unresolved,alignment_and_analysis,C:\Users\ari30\research\2026_summer_research\outputs\reports\PLAN_2021_wav_duration_recovery_20260803.csv,pending,target_unresolved
2021,1bda84ba0ce02fed685991f1da0dff3b75577fffa07b05b971293f8c189fe0f8,SDRW2100003249.1.1.184,audio_pairing_unresolved,alignment_and_analysis,C:\Users\ari30\research\2026_summer_research\outputs\reports\PLAN_2021_wav_duration_recovery_20260803.csv,pending,target_unresolved
2021,1bda84ba0ce02fed685991f1da0dff3b75577fffa07b05b971293f8c189fe0f8,SDRW2100003249.1.1.185,audio_pairing_unresolved,alignment_and_analysis,C:\Users\ari30\research\2026_summer_research\outputs\reports\PLAN_2021_wav_duration_recovery_20260803.csv,pending,target_unresolved
2021,1bda84ba0ce02fed685991f1da0dff3b75577fffa07b05b971293f8c189fe0f8,SDRW2100003249.1.1.186,audio_pairing_unresolved,alignment_and_analysis,C:\Users\ari30\research\2026_summer_research\outputs\reports\PLAN_2021_wav_duration_recovery_20260803.csv,pending,target_unresolved
2021,1bda84ba0ce02fed685991f1da0dff3b75577fffa07b05b971293f8c189fe0f8,SDRW2100003249.1.1.187,audio_pairing_unresolved,alignment_and_analysis,C:\Users\ari30\research\2026_summer_research\outputs\reports\PLAN_2021_wav_duration_recovery_20260803.csv,pending,target_unresolved
2021,1bda84ba0ce02fed685991f1da0dff3b75577fffa07b05b971293f8c189fe0f8,SDRW2100003249.1.1.188,audio_pairing_unresolved,alignment_and_analysis,C:\Users\ari30\research\2026_summer_research\outputs\reports\PLAN_2021_wav_duration_recovery_20260803.csv,pending,target_unresolved
2021,1bda84ba0ce02fed685991f1da0dff3b75577fffa07b05b971293f8c189fe0f8,SDRW2100003249.1.1.189,audio_pairing_unresolved,alignment_and_analysis,C:\Users\ari30\research\2026_summer_research\outputs\reports\PLAN_2021_wav_duration_recovery_20260803.csv,pending,target_unresolved
2021,1bda84ba0ce02fed685991f1da0dff3b75577fffa07b05b971293f8c189fe0f8,SDRW2100003249.1.1.19,audio_pairing_unresolved,alignment_and_analysis,C:\Users\ari30\research\2026_summer_research\outputs\reports\PLAN_2021_wav_duration_recovery_20260803.csv,pending,target_unresolved
2021,1bda84ba0ce02fed685991f1da0dff3b75577fffa07b05b971293f8c189fe0f8,SDRW2100003249.1.1.190,audio_pairing_unresolved,alignment_and_analysis,C:\Users\ari30\research\2026_summer_research\outputs\reports\PLAN_2021_wav_duration_recovery_20260803.csv,pending,target_unresolved
2021,1bda84ba0ce02fed685991f1da0dff3b75577fffa07b05b971293f8c189fe0f8,SDRW2100003249.1.1.191,audio_pairing_unresolved,alignment_and_analysis,C:\Users\ari30\research\2026_summer_research\outputs\reports\PLAN_2021_wav_duration_recovery_20260803.csv,pending,target_unresolved
2021,1bda84ba0ce02fed685991f1da0dff3b75577fffa07b05b971293f8c189fe0f8,SDRW2100003249.1.1.192,audio_pairing_unresolved,alignment_and_analysis,C:\Users\ari30\research\2026_summer_research\outputs\reports\PLAN_2021_wav_duration_recovery_20260803.csv,pending,target_unresolved
2021,1bda84ba0ce02fed685991f1da0dff3b75577fffa07b05b971293f8c189fe0f8,SDRW2100003249.1.1.193,audio_pairing_unresolved,alignment_and_analysis,C:\Users\ari30\research\2026_summer_research\outputs\reports\PLAN_2021_wav_duration_recovery_20260803.csv,pending,target_unresolved
2021,1bda84ba0ce02fed685991f1da0dff3b75577fffa07b05b971293f8c189fe0f8,SDRW2100003249.1.1.194,audio_pairing_unresolved,alignment_and_analysis,C:\Users\ari30\research\2026_summer_research\outputs\reports\PLAN_2021_wav_duration_recovery_20260803.csv,pending,target_unresolved
2021,1bda84ba0ce02fed685991f1da0dff3b75577fffa07b05b971293f8c189fe0f8,SDRW2100003249.1.1.195,audio_pairing_unresolved,alignment_and_analysis,C:\Users\ari30\research\2026_summer_research\outputs\reports\PLAN_2021_wav_duration_recovery_20260803.csv,pending,target_unresolved
2021,1bda84ba0ce02fed685991f1da0dff3b75577fffa07b05b971293f8c189fe0f8,SDRW2100003249.1.1.196,audio_pairing_unresolved,alignment_and_analysis,C:\Users\ari30\research\2026_summer_research\outputs\reports\PLAN_2021_wav_duration_recovery_20260803.csv,pending,target_unresolved
2021,1bda84ba0ce02fed685991f1da0dff3b75577fffa07b05b971293f8c189fe0f8,SDRW2100003249.1.1.197,audio_pairing_unresolved,alignment_and_analysis,C:\Users\ari30\research\2026_summer_research\outputs\reports\PLAN_2021_wav_duration_recovery_20260803.csv,pending,target_unresolved
2021,1bda84ba0ce02fed685991f1da0dff3b75577fffa07b05b971293f8c189fe0f8,SDRW2100003249.1.1.198,audio_pairing_unresolved,alignment_and_analysis,C:\Users\ari30\research\2026_summer_research\outputs\reports\PLAN_2021_wav_duration_recovery_20260803.csv,pending,target_unresolved
2021,1bda84ba0ce02fed685991f1da0dff3b75577fffa07b05b971293f8c189fe0f8,SDRW2100003249.1.1.199,audio_pairing_unresolved,alignment_and_analysis,C:\Users\ari30\research\2026_summer_research\outputs\reports\PLAN_2021_wav_duration_recovery_20260803.csv,pending,target_unresolved
2021,1bda84ba0ce02fed685991f1da0dff3b75577fffa07b05b971293f8c189fe0f8,SDRW2100003249.1.1.2,audio_pairing_unresolved,alignment_and_analysis,C:\Users\ari30\research\2026_summer_research\outputs\reports\PLAN_2021_wav_duration_recovery_20260803.csv,pending,target_unresolved
2021,1bda84ba0ce02fed685991f1da0dff3b75577fffa07b05b971293f8c189fe0f8,SDRW2100003249.1.1.20,audio_pairing_unresolved,alignment_and_analysis,C:\Users\ari30\research\2026_summer_research\outputs\reports\PLAN_2021_wav_duration_recovery_20260803.csv,pending,target_unresolved
2021,1bda84ba0ce02fed685991f1da0dff3b75577fffa07b05b971293f8c189fe0f8,SDRW2100003249.1.1.200,audio_pairing_unresolved,alignment_and_analysis,C:\Users\ari30\research\2026_summer_research\outputs\reports\PLAN_2021_wav_duration_recovery_20260803.csv,pending,target_unresolved
2021,1bda84ba0ce02fed685991f1da0dff3b75577fffa07b05b971293f8c189fe0f8,SDRW2100003249.1.1.201,audio_pairing_unresolved,alignment_and_analysis,C:\Users\ari30\research\2026_summer_research\outputs\reports\PLAN_2021_wav_duration_recovery_20260803.csv,pending,target_unresolved
2021,1bda84ba0ce02fed685991f1da0dff3b75577fffa07b05b971293f8c189fe0f8,SDRW2100003249.1.1.202,audio_pairing_unresolved,alignment_and_analysis,C:\Users\ari30\research\2026_summer_research\outputs\reports\PLAN_2021_wav_duration_recovery_20260803.csv,pending,target_unresolved
2021,1bda84ba0ce02fed685991f1da0dff3b75577fffa07b05b971293f8c189fe0f8,SDRW2100003249.1.1.203,audio_pairing_unresolved,alignment_and_analysis,C:\Users\ari30\research\2026_summer_research\outputs\reports\PLAN_2021_wav_duration_recovery_20260803.csv,pending,target_unresolved
2021,1bda84ba0ce02fed685991f1da0dff3b75577fffa07b05b971293f8c189fe0f8,SDRW2100003249.1.1.204,audio_pairing_unresolved,alignment_and_analysis,C:\Users\ari30\research\2026_summer_research\outputs\reports\PLAN_2021_wav_duration_recovery_20260803.csv,pending,target_unresolved
2021,1bda84ba0ce02fed685991f1da0dff3b75577fffa07b05b971293f8c189fe0f8,SDRW2100003249.1.1.205,audio_pairing_unresolved,alignment_and_analysis,C:\Users\ari30\research\2026_summer_research\outputs\reports\PLAN_2021_wav_duration_recovery_20260803.csv,pending,target_unresolved
2021,1bda84ba0ce02fed685991f1da0dff3b75577fffa07b05b971293f8c189fe0f8,SDRW2100003249.1.1.206,audio_pairing_unresolved,alignment_and_analysis,C:\Users\ari30\research\2026_summer_research\outputs\reports\PLAN_2021_wav_duration_recovery_20260803.csv,pending,target_unresolved
2021,1bda84ba0ce02fed685991f1da0dff3b75577fffa07b05b971293f8c189fe0f8,SDRW2100003249.1.1.207,audio_pairing_unresolved,alignment_and_analysis,C:\Users\ari30\research\2026_summer_research\outputs\reports\PLAN_2021_wav_duration_recovery_20260803.csv,pending,target_unresolved
2021,1bda84ba0ce02fed685991f1da0dff3b75577fffa07b05b971293f8c189fe0f8,SDRW2100003249.1.1.208,audio_pairing_unresolved,alignment_and_analysis,C:\Users\ari30\research\2026_summer_research\outputs\reports\PLAN_2021_wav_duration_recovery_20260803.csv,pending,target_unresolved
2021,1bda84ba0ce02fed685991f1da0dff3b75577fffa07b05b971293f8c189fe0f8,SDRW2100003249.1.1.209,audio_pairing_unresolved,alignment_and_analysis,C:\Users\ari30\research\2026_summer_research\outputs\reports\PLAN_2021_wav_duration_recovery_20260803.csv,pending,target_unresolved
2021,1bda84ba0ce02fed685991f1da0dff3b75577fffa07b05b971293f8c189fe0f8,SDRW2100003249.1.1.21,audio_pairing_unresolved,alignment_and_analysis,C:\Users\ari30\research\2026_summer_research\outputs\reports\PLAN_2021_wav_duration_recovery_20260803.csv,pending,target_unresolved
2021,1bda84ba0ce02fed685991f1da0dff3b75577fffa07b05b971293f8c189fe0f8,SDRW2100003249.1.1.210,audio_pairing_unresolved,alignment_and_analysis,C:\Users\ari30\research\2026_summer_research\outputs\reports\PLAN_2021_wav_duration_recovery_20260803.csv,pending,target_unresolved
2021,1bda84ba0ce02fed685991f1da0dff3b75577fffa07b05b971293f8c189fe0f8,SDRW2100003249.1.1.211,audio_pairing_unresolved,alignment_and_analysis,C:\Users\ari30\research\2026_summer_research\outputs\reports\PLAN_2021_wav_duration_recovery_20260803.csv,pending,target_unresolved
2021,1bda84ba0ce02fed685991f1da0dff3b75577fffa07b05b971293f8c189fe0f8,SDRW2100003249.1.1.212,audio_pairing_unresolved,alignment_and_analysis,C:\Users\ari30\research\2026_summer_research\outputs\reports\PLAN_2021_wav_duration_recovery_20260803.csv,pending,target_unresolved
2021,1bda84ba0ce02fed685991f1da0dff3b75577fffa07b05b971293f8c189fe0f8,SDRW2100003249.1.1.213,audio_pairing_unresolved,alignment_and_analysis,C:\Users\ari30\research\2026_summer_research\outputs\reports\PLAN_2021_wav_duration_recovery_20260803.csv,pending,target_unresolved
2021,1bda84ba0ce02fed685991f1da0dff3b75577fffa07b05b971293f8c189fe0f8,SDRW2100003249.1.1.214,audio_pairing_unresolved,alignment_and_analysis,C:\Users\ari30\research\2026_summer_research\outputs\reports\PLAN_2021_wav_duration_recovery_20260803.csv,pending,target_unresolved
2021,1bda84ba0ce02fed685991f1da0dff3b75577fffa07b05b971293f8c189fe0f8,SDRW2100003249.1.1.215,audio_pairing_unresolved,alignment_and_analysis,C:\Users\ari30\research\2026_summer_research\outputs\reports\PLAN_2021_wav_duration_recovery_20260803.csv,pending,target_unresolved
2021,1bda84ba0ce02fed685991f1da0dff3b75577fffa07b05b971293f8c189fe0f8,SDRW2100003249.1.1.216,audio_pairing_unresolved,alignment_and_analysis,C:\Users\ari30\research\2026_summer_research\outputs\reports\PLAN_2021_wav_duration_recovery_20260803.csv,pending,target_unresolved
2021,1bda84ba0ce02fed685991f1da0dff3b75577fffa07b05b971293f8c189fe0f8,SDRW2100003249.1.1.217,audio_pairing_unresolved,alignment_and_analysis,C:\Users\ari30\research\2026_summer_research\outputs\reports\PLAN_2021_wav_duration_recovery_20260803.csv,pending,target_unresolved
2021,1bda84ba0ce02fed685991f1da0dff3b75577fffa07b05b971293f8c189fe0f8,SDRW2100003249.1.1.218,audio_pairing_unresolved,alignment_and_analysis,C:\Users\ari30\research\2026_summer_research\outputs\reports\PLAN_2021_wav_duration_recovery_20260803.csv,pending,target_unresolved
2021,1bda84ba0ce02fed685991f1da0dff3b75577fffa07b05b971293f8c189fe0f8,SDRW2100003249.1.1.219,audio_pairing_unresolved,alignment_and_analysis,C:\Users\ari30\research\2026_summer_research\outputs\reports\PLAN_2021_wav_duration_recovery_20260803.csv,pending,target_unresolved
2021,1bda84ba0ce02fed685991f1da0dff3b75577fffa07b05b971293f8c189fe0f8,SDRW2100003249.1.1.22,audio_pairing_unresolved,alignment_and_analysis,C:\Users\ari30\research\2026_summer_research\outputs\reports\PLAN_2021_wav_duration_recovery_20260803.csv,pending,target_unresolved
2021,1bda84ba0ce02fed685991f1da0dff3b75577fffa07b05b971293f8c189fe0f8,SDRW2100003249.1.1.220,audio_pairing_unresolved,alignment_and_analysis,C:\Users\ari30\research\2026_summer_research\outputs\reports\PLAN_2021_wav_duration_recovery_20260803.csv,pending,target_unresolved
2021,1bda84ba0ce02fed685991f1da0dff3b75577fffa07b05b971293f8c189fe0f8,SDRW2100003249.1.1.221,audio_pairing_unresolved,alignment_and_analysis,C:\Users\ari30\research\2026_summer_research\outputs\reports\PLAN_2021_wav_duration_recovery_20260803.csv,pending,target_unresolved
2021,1bda84ba0ce02fed685991f1da0dff3b75577fffa07b05b971293f8c189fe0f8,SDRW2100003249.1.1.222,audio_pairing_unresolved,alignment_and_analysis,C:\Users\ari30\research\2026_summer_research\outputs\reports\PLAN_2021_wav_duration_recovery_20260803.csv,pending,target_unresolved
2021,1bda84ba0ce02fed685991f1da0dff3b75577fffa07b05b971293f8c189fe0f8,SDRW2100003249.1.1.223,audio_pairing_unresolved,alignment_and_analysis,C:\Users\ari30\research\2026_summer_research\outputs\reports\PLAN_2021_wav_duration_recovery_20260803.csv,pending,target_unresolved
2021,1bda84ba0ce02fed685991f1da0dff3b75577fffa07b05b971293f8c189fe0f8,SDRW2100003249.1.1.224,audio_pairing_unresolved,alignment_and_analysis,C:\Users\ari30\research\2026_summer_research\outputs\reports\PLAN_2021_wav_duration_recovery_20260803.csv,pending,target_unresolved
2021,1bda84ba0ce02fed685991f1da0dff3b75577fffa07b05b971293f8c189fe0f8,SDRW2100003249.1.1.225,audio_pairing_unresolved,alignment_and_analysis,C:\Users\ari30\research\2026_summer_research\outputs\reports\PLAN_2021_wav_duration_recovery_20260803.csv,pending,target_unresolved
2021,1bda84ba0ce02fed685991f1da0dff3b75577fffa07b05b971293f8c189fe0f8,SDRW2100003249.1.1.226,audio_pairing_unresolved,alignment_and_analysis,C:\Users\ari30\research\2026_summer_research\outputs\reports\PLAN_2021_wav_duration_recovery_20260803.csv,pending,target_unresolved
2021,1bda84ba0ce02fed685991f1da0dff3b75577fffa07b05b971293f8c189fe0f8,SDRW2100003249.1.1.227,audio_pairing_unresolved,alignment_and_analysis,C:\Users\ari30\research\2026_summer_research\outputs\reports\PLAN_2021_wav_duration_recovery_20260803.csv,pending,target_unresolved
2021,1bda84ba0ce02fed685991f1da0dff3b75577fffa07b05b971293f8c189fe0f8,SDRW2100003249.1.1.228,audio_pairing_unresolved,alignment_and_analysis,C:\Users\ari30\research\2026_summer_research\outputs\reports\PLAN_2021_wav_duration_recovery_20260803.csv,pending,target_unresolved
2021,1bda84ba0ce02fed685991f1da0dff3b75577fffa07b05b971293f8c189fe0f8,SDRW2100003249.1.1.229,audio_pairing_unresolved,alignment_and_analysis,C:\Users\ari30\research\2026_summer_research\outputs\reports\PLAN_2021_wav_duration_recovery_20260803.csv,pending,target_unresolved
2021,1bda84ba0ce02fed685991f1da0dff3b75577fffa07b05b971293f8c189fe0f8,SDRW2100003249.1.1.23,audio_pairing_unresolved,alignment_and_analysis,C:\Users\ari30\research\2026_summer_research\outputs\reports\PLAN_2021_wav_duration_recovery_20260803.csv,pending,target_unresolved
2021,1bda84ba0ce02fed685991f1da0dff3b75577fffa07b05b971293f8c189fe0f8,SDRW2100003249.1.1.230,audio_pairing_unresolved,alignment_and_analysis,C:\Users\ari30\research\2026_summer_research\outputs\reports\PLAN_2021_wav_duration_recovery_20260803.csv,pending,target_unresolved
2021,1bda84ba0ce02fed685991f1da0dff3b75577fffa07b05b971293f8c189fe0f8,SDRW2100003249.1.1.231,audio_pairing_unresolved,alignment_and_analysis,C:\Users\ari30\research\2026_summer_research\outputs\reports\PLAN_2021_wav_duration_recovery_20260803.csv,pending,target_unresolved
2021,1bda84ba0ce02fed685991f1da0dff3b75577fffa07b05b971293f8c189fe0f8,SDRW2100003249.1.1.232,audio_pairing_unresolved,alignment_and_analysis,C:\Users\ari30\research\2026_summer_research\outputs\reports\PLAN_2021_wav_duration_recovery_20260803.csv,pending,target_unresolved
2021,1bda84ba0ce02fed685991f1da0dff3b75577fffa07b05b971293f8c189fe0f8,SDRW2100003249.1.1.233,audio_pairing_unresolved,alignment_and_analysis,C:\Users\ari30\research\2026_summer_research\outputs\reports\PLAN_2021_wav_duration_recovery_20260803.csv,pending,target_unresolved
2021,1bda84ba0ce02fed685991f1da0dff3b75577fffa07b05b971293f8c189fe0f8,SDRW2100003249.1.1.234,audio_pairing_unresolved,alignment_and_analysis,C:\Users\ari30\research\2026_summer_research\outputs\reports\PLAN_2021_wav_duration_recovery_20260803.csv,pending,target_unresolved
2021,1bda84ba0ce02fed685991f1da0dff3b75577fffa07b05b971293f8c189fe0f8,SDRW2100003249.1.1.235,audio_pairing_unresolved,alignment_and_analysis,C:\Users\ari30\research\2026_summer_research\outputs\reports\PLAN_2021_wav_duration_recovery_20260803.csv,pending,target_unresolved
2021,1bda84ba0ce02fed685991f1da0dff3b75577fffa07b05b971293f8c189fe0f8,SDRW2100003249.1.1.236,audio_pairing_unresolved,alignment_and_analysis,C:\Users\ari30\research\2026_summer_research\outputs\reports\PLAN_2021_wav_duration_recovery_20260803.csv,pending,target_unresolved
2021,1bda84ba0ce02fed685991f1da0dff3b75577fffa07b05b971293f8c189fe0f8,SDRW2100003249.1.1.237,audio_pairing_unresolved,alignment_and_analysis,C:\Users\ari30\research\2026_summer_research\outputs\reports\PLAN_2021_wav_duration_recovery_20260803.csv,pending,target_unresolved
2021,1bda84ba0ce02fed685991f1da0dff3b75577fffa07b05b971293f8c189fe0f8,SDRW2100003249.1.1.238,audio_pairing_unresolved,alignment_and_analysis,C:\Users\ari30\research\2026_summer_research\outputs\reports\PLAN_2021_wav_duration_recovery_20260803.csv,pending,target_unresolved
2021,1bda84ba0ce02fed685991f1da0dff3b75577fffa07b05b971293f8c189fe0f8,SDRW2100003249.1.1.239,audio_pairing_unresolved,alignment_and_analysis,C:\Users\ari30\research\2026_summer_research\outputs\reports\PLAN_2021_wav_duration_recovery_20260803.csv,pending,target_unresolved
2021,1bda84ba0ce02fed685991f1da0dff3b75577fffa07b05b971293f8c189fe0f8,SDRW2100003249.1.1.24,audio_pairing_unresolved,alignment_and_analysis,C:\Users\ari30\research\2026_summer_research\outputs\reports\PLAN_2021_wav_duration_recovery_20260803.csv,pending,target_unresolved
2021,1bda84ba0ce02fed685991f1da0dff3b75577fffa07b05b971293f8c189fe0f8,SDRW2100003249.1.1.240,audio_pairing_unresolved,alignment_and_analysis,C:\Users\ari30\research\2026_summer_research\outputs\reports\PLAN_2021_wav_duration_recovery_20260803.csv,pending,target_unresolved
2021,1bda84ba0ce02fed685991f1da0dff3b75577fffa07b05b971293f8c189fe0f8,SDRW2100003249.1.1.241,audio_pairing_unresolved,alignment_and_analysis,C:\Users\ari30\research\2026_summer_research\outputs\reports\PLAN_2021_wav_duration_recovery_20260803.csv,pending,target_unresolved
2021,1bda84ba0ce02fed685991f1da0dff3b75577fffa07b05b971293f8c189fe0f8,SDRW2100003249.1.1.242,audio_pairing_unresolved,alignment_and_analysis,C:\Users\ari30\research\2026_summer_research\outputs\reports\PLAN_2021_wav_duration_recovery_20260803.csv,pending,target_unresolved
2021,1bda84ba0ce02fed685991f1da0dff3b75577fffa07b05b971293f8c189fe0f8,SDRW2100003249.1.1.243,audio_pairing_unresolved,alignment_and_analysis,C:\Users\ari30\research\2026_summer_research\outputs\reports\PLAN_2021_wav_duration_recovery_20260803.csv,pending,target_unresolved
2021,1bda84ba0ce02fed685991f1da0dff3b75577fffa07b05b971293f8c189fe0f8,SDRW2100003249.1.1.244,audio_pairing_unresolved,alignment_and_analysis,C:\Users\ari30\research\2026_summer_research\outputs\reports\PLAN_2021_wav_duration_recovery_20260803.csv,pending,target_unresolved
2021,1bda84ba0ce02fed685991f1da0dff3b75577fffa07b05b971293f8c189fe0f8,SDRW2100003249.1.1.245,audio_pairing_unresolved,alignment_and_analysis,C:\Users\ari30\research\2026_summer_research\outputs\reports\PLAN_2021_wav_duration_recovery_20260803.csv,pending,target_unresolved
2021,1bda84ba0ce02fed685991f1da0dff3b75577fffa07b05b971293f8c189fe0f8,SDRW2100003249.1.1.246,audio_pairing_unresolved,alignment_and_analysis,C:\Users\ari30\research\2026_summer_research\outputs\reports\PLAN_2021_wav_duration_recovery_20260803.csv,pending,target_unresolved
2021,1bda84ba0ce02fed685991f1da0dff3b75577fffa07b05b971293f8c189fe0f8,SDRW2100003249.1.1.247,audio_pairing_unresolved,alignment_and_analysis,C:\Users\ari30\research\2026_summer_research\outputs\reports\PLAN_2021_wav_duration_recovery_20260803.csv,pending,target_unresolved
2021,1bda84ba0ce02fed685991f1da0dff3b75577fffa07b05b971293f8c189fe0f8,SDRW2100003249.1.1.248,audio_pairing_unresolved,alignment_and_analysis,C:\Users\ari30\research\2026_summer_research\outputs\reports\PLAN_2021_wav_duration_recovery_20260803.csv,pending,target_unresolved
2021,1bda84ba0ce02fed685991f1da0dff3b75577fffa07b05b971293f8c189fe0f8,SDRW2100003249.1.1.249,audio_pairing_unresolved,alignment_and_analysis,C:\Users\ari30\research\2026_summer_research\outputs\reports\PLAN_2021_wav_duration_recovery_20260803.csv,pending,target_unresolved
2021,1bda84ba0ce02fed685991f1da0dff3b75577fffa07b05b971293f8c189fe0f8,SDRW2100003249.1.1.25,audio_pairing_unresolved,alignment_and_analysis,C:\Users\ari30\research\2026_summer_research\outputs\reports\PLAN_2021_wav_duration_recovery_20260803.csv,pending,target_unresolved
2021,1bda84ba0ce02fed685991f1da0dff3b75577fffa07b05b971293f8c189fe0f8,SDRW2100003249.1.1.250,audio_pairing_unresolved,alignment_and_analysis,C:\Users\ari30\research\2026_summer_research\outputs\reports\PLAN_2021_wav_duration_recovery_20260803.csv,pending,target_unresolved
2021,1bda84ba0ce02fed685991f1da0dff3b75577fffa07b05b971293f8c189fe0f8,SDRW2100003249.1.1.251,audio_pairing_unresolved,alignment_and_analysis,C:\Users\ari30\research\2026_summer_research\outputs\reports\PLAN_2021_wav_duration_recovery_20260803.csv,pending,target_unresolved
2021,1bda84ba0ce02fed685991f1da0dff3b75577fffa07b05b971293f8c189fe0f8,SDRW2100003249.1.1.252,audio_pairing_unresolved,alignment_and_analysis,C:\Users\ari30\research\2026_summer_research\outputs\reports\PLAN_2021_wav_duration_recovery_20260803.csv,pending,target_unresolved
2021,1bda84ba0ce02fed685991f1da0dff3b75577fffa07b05b971293f8c189fe0f8,SDRW2100003249.1.1.253,audio_pairing_unresolved,alignment_and_analysis,C:\Users\ari30\research\2026_summer_research\outputs\reports\PLAN_2021_wav_duration_recovery_20260803.csv,pending,target_unresolved
2021,1bda84ba0ce02fed685991f1da0dff3b75577fffa07b05b971293f8c189fe0f8,SDRW2100003249.1.1.254,audio_pairing_unresolved,alignment_and_analysis,C:\Users\ari30\research\2026_summer_research\outputs\reports\PLAN_2021_wav_duration_recovery_20260803.csv,pending,target_unresolved
2021,1bda84ba0ce02fed685991f1da0dff3b75577fffa07b05b971293f8c189fe0f8,SDRW2100003249.1.1.255,audio_pairing_unresolved,alignment_and_analysis,C:\Users\ari30\research\2026_summer_research\outputs\reports\PLAN_2021_wav_duration_recovery_20260803.csv,pending,target_unresolved
2021,1bda84ba0ce02fed685991f1da0dff3b75577fffa07b05b971293f8c189fe0f8,SDRW2100003249.1.1.256,audio_pairing_unresolved,alignment_and_analysis,C:\Users\ari30\research\2026_summer_research\outputs\reports\PLAN_2021_wav_duration_recovery_20260803.csv,pending,target_unresolved
2021,1bda84ba0ce02fed685991f1da0dff3b75577fffa07b05b971293f8c189fe0f8,SDRW2100003249.1.1.257,audio_pairing_unresolved,alignment_and_analysis,C:\Users\ari30\research\2026_summer_research\outputs\reports\PLAN_2021_wav_duration_recovery_20260803.csv,pending,target_unresolved
2021,1bda84ba0ce02fed685991f1da0dff3b75577fffa07b05b971293f8c189fe0f8,SDRW2100003249.1.1.258,audio_pairing_unresolved,alignment_and_analysis,C:\Users\ari30\research\2026_summer_research\outputs\reports\PLAN_2021_wav_duration_recovery_20260803.csv,pending,target_unresolved
2021,1bda84ba0ce02fed685991f1da0dff3b75577fffa07b05b971293f8c189fe0f8,SDRW2100003249.1.1.259,audio_pairing_unresolved,alignment_and_analysis,C:\Users\ari30\research\2026_summer_research\outputs\reports\PLAN_2021_wav_duration_recovery_20260803.csv,pending,target_unresolved
2021,1bda84ba0ce02fed685991f1da0dff3b75577fffa07b05b971293f8c189fe0f8,SDRW2100003249.1.1.26,audio_pairing_unresolved,alignment_and_analysis,C:\Users\ari30\research\2026_summer_research\outputs\reports\PLAN_2021_wav_duration_recovery_20260803.csv,pending,target_unresolved
2021,1bda84ba0ce02fed685991f1da0dff3b75577fffa07b05b971293f8c189fe0f8,SDRW2100003249.1.1.260,audio_pairing_unresolved,alignment_and_analysis,C:\Users\ari30\research\2026_summer_research\outputs\reports\PLAN_2021_wav_duration_recovery_20260803.csv,pending,target_unresolved
2021,1bda84ba0ce02fed685991f1da0dff3b75577fffa07b05b971293f8c189fe0f8,SDRW2100003249.1.1.261,audio_pairing_unresolved,alignment_and_analysis,C:\Users\ari30\research\2026_summer_research\outputs\reports\PLAN_2021_wav_duration_recovery_20260803.csv,pending,target_unresolved
2021,1bda84ba0ce02fed685991f1da0dff3b75577fffa07b05b971293f8c189fe0f8,SDRW2100003249.1.1.27,audio_pairing_unresolved,alignment_and_analysis,C:\Users\ari30\research\2026_summer_research\outputs\reports\PLAN_2021_wav_duration_recovery_20260803.csv,pending,target_unresolved
2021,1bda84ba0ce02fed685991f1da0dff3b75577fffa07b05b971293f8c189fe0f8,SDRW2100003249.1.1.28,audio_pairing_unresolved,alignment_and_analysis,C:\Users\ari30\research\2026_summer_research\outputs\reports\PLAN_2021_wav_duration_recovery_20260803.csv,pending,target_unresolved
2021,1bda84ba0ce02fed685991f1da0dff3b75577fffa07b05b971293f8c189fe0f8,SDRW2100003249.1.1.29,audio_pairing_unresolved,alignment_and_analysis,C:\Users\ari30\research\2026_summer_research\outputs\reports\PLAN_2021_wav_duration_recovery_20260803.csv,pending,target_unresolved
2021,1bda84ba0ce02fed685991f1da0dff3b75577fffa07b05b971293f8c189fe0f8,SDRW2100003249.1.1.3,audio_pairing_unresolved,alignment_and_analysis,C:\Users\ari30\research\2026_summer_research\outputs\reports\PLAN_2021_wav_duration_recovery_20260803.csv,pending,target_unresolved
2021,1bda84ba0ce02fed685991f1da0dff3b75577fffa07b05b971293f8c189fe0f8,SDRW2100003249.1.1.30,audio_pairing_unresolved,alignment_and_analysis,C:\Users\ari30\research\2026_summer_research\outputs\reports\PLAN_2021_wav_duration_recovery_20260803.csv,pending,target_unresolved
2021,1bda84ba0ce02fed685991f1da0dff3b75577fffa07b05b971293f8c189fe0f8,SDRW2100003249.1.1.31,audio_pairing_unresolved,alignment_and_analysis,C:\Users\ari30\research\2026_summer_research\outputs\reports\PLAN_2021_wav_duration_recovery_20260803.csv,pending,target_unresolved
2021,1bda84ba0ce02fed685991f1da0dff3b75577fffa07b05b971293f8c189fe0f8,SDRW2100003249.1.1.32,audio_pairing_unresolved,alignment_and_analysis,C:\Users\ari30\research\2026_summer_research\outputs\reports\PLAN_2021_wav_duration_recovery_20260803.csv,pending,target_unresolved
2021,1bda84ba0ce02fed685991f1da0dff3b75577fffa07b05b971293f8c189fe0f8,SDRW2100003249.1.1.33,audio_pairing_unresolved,alignment_and_analysis,C:\Users\ari30\research\2026_summer_research\outputs\reports\PLAN_2021_wav_duration_recovery_20260803.csv,pending,target_unresolved
2021,1bda84ba0ce02fed685991f1da0dff3b75577fffa07b05b971293f8c189fe0f8,SDRW2100003249.1.1.34,audio_pairing_unresolved,alignment_and_analysis,C:\Users\ari30\research\2026_summer_research\outputs\reports\PLAN_2021_wav_duration_recovery_20260803.csv,pending,target_unresolved
2021,1bda84ba0ce02fed685991f1da0dff3b75577fffa07b05b971293f8c189fe0f8,SDRW2100003249.1.1.35,audio_pairing_unresolved,alignment_and_analysis,C:\Users\ari30\research\2026_summer_research\outputs\reports\PLAN_2021_wav_duration_recovery_20260803.csv,pending,target_unresolved
2021,1bda84ba0ce02fed685991f1da0dff3b75577fffa07b05b971293f8c189fe0f8,SDRW2100003249.1.1.36,audio_pairing_unresolved,alignment_and_analysis,C:\Users\ari30\research\2026_summer_research\outputs\reports\PLAN_2021_wav_duration_recovery_20260803.csv,pending,target_unresolved
2021,1bda84ba0ce02fed685991f1da0dff3b75577fffa07b05b971293f8c189fe0f8,SDRW2100003249.1.1.37,audio_pairing_unresolved,alignment_and_analysis,C:\Users\ari30\research\2026_summer_research\outputs\reports\PLAN_2021_wav_duration_recovery_20260803.csv,pending,target_unresolved
2021,1bda84ba0ce02fed685991f1da0dff3b75577fffa07b05b971293f8c189fe0f8,SDRW2100003249.1.1.38,audio_pairing_unresolved,alignment_and_analysis,C:\Users\ari30\research\2026_summer_research\outputs\reports\PLAN_2021_wav_duration_recovery_20260803.csv,pending,target_unresolved
2021,1bda84ba0ce02fed685991f1da0dff3b75577fffa07b05b971293f8c189fe0f8,SDRW2100003249.1.1.39,audio_pairing_unresolved,alignment_and_analysis,C:\Users\ari30\research\2026_summer_research\outputs\reports\PLAN_2021_wav_duration_recovery_20260803.csv,pending,target_unresolved
2021,1bda84ba0ce02fed685991f1da0dff3b75577fffa07b05b971293f8c189fe0f8,SDRW2100003249.1.1.4,audio_pairing_unresolved,alignment_and_analysis,C:\Users\ari30\research\2026_summer_research\outputs\reports\PLAN_2021_wav_duration_recovery_20260803.csv,pending,target_unresolved
2021,1bda84ba0ce02fed685991f1da0dff3b75577fffa07b05b971293f8c189fe0f8,SDRW2100003249.1.1.40,audio_pairing_unresolved,alignment_and_analysis,C:\Users\ari30\research\2026_summer_research\outputs\reports\PLAN_2021_wav_duration_recovery_20260803.csv,pending,target_unresolved
2021,1bda84ba0ce02fed685991f1da0dff3b75577fffa07b05b971293f8c189fe0f8,SDRW2100003249.1.1.41,audio_pairing_unresolved,alignment_and_analysis,C:\Users\ari30\research\2026_summer_research\outputs\reports\PLAN_2021_wav_duration_recovery_20260803.csv,pending,target_unresolved
2021,1bda84ba0ce02fed685991f1da0dff3b75577fffa07b05b971293f8c189fe0f8,SDRW2100003249.1.1.42,audio_pairing_unresolved,alignment_and_analysis,C:\Users\ari30\research\2026_summer_research\outputs\reports\PLAN_2021_wav_duration_recovery_20260803.csv,pending,target_unresolved
2021,1bda84ba0ce02fed685991f1da0dff3b75577fffa07b05b971293f8c189fe0f8,SDRW2100003249.1.1.43,audio_pairing_unresolved,alignment_and_analysis,C:\Users\ari30\research\2026_summer_research\outputs\reports\PLAN_2021_wav_duration_recovery_20260803.csv,pending,target_unresolved
2021,1bda84ba0ce02fed685991f1da0dff3b75577fffa07b05b971293f8c189fe0f8,SDRW2100003249.1.1.44,audio_pairing_unresolved,alignment_and_analysis,C:\Users\ari30\research\2026_summer_research\outputs\reports\PLAN_2021_wav_duration_recovery_20260803.csv,pending,target_unresolved
2021,1bda84ba0ce02fed685991f1da0dff3b75577fffa07b05b971293f8c189fe0f8,SDRW2100003249.1.1.45,audio_pairing_unresolved,alignment_and_analysis,C:\Users\ari30\research\2026_summer_research\outputs\reports\PLAN_2021_wav_duration_recovery_20260803.csv,pending,target_unresolved
2021,1bda84ba0ce02fed685991f1da0dff3b75577fffa07b05b971293f8c189fe0f8,SDRW2100003249.1.1.46,audio_pairing_unresolved,alignment_and_analysis,C:\Users\ari30\research\2026_summer_research\outputs\reports\PLAN_2021_wav_duration_recovery_20260803.csv,pending,target_unresolved
2021,1bda84ba0ce02fed685991f1da0dff3b75577fffa07b05b971293f8c189fe0f8,SDRW2100003249.1.1.47,audio_pairing_unresolved,alignment_and_analysis,C:\Users\ari30\research\2026_summer_research\outputs\reports\PLAN_2021_wav_duration_recovery_20260803.csv,pending,target_unresolved
2021,1bda84ba0ce02fed685991f1da0dff3b75577fffa07b05b971293f8c189fe0f8,SDRW2100003249.1.1.49,audio_pairing_unresolved,alignment_and_analysis,C:\Users\ari30\research\2026_summer_research\outputs\reports\PLAN_2021_wav_duration_recovery_20260803.csv,pending,target_unresolved
2021,1bda84ba0ce02fed685991f1da0dff3b75577fffa07b05b971293f8c189fe0f8,SDRW2100003249.1.1.5,audio_pairing_unresolved,alignment_and_analysis,C:\Users\ari30\research\2026_summer_research\outputs\reports\PLAN_2021_wav_duration_recovery_20260803.csv,pending,target_unresolved
2021,1bda84ba0ce02fed685991f1da0dff3b75577fffa07b05b971293f8c189fe0f8,SDRW2100003249.1.1.50,audio_pairing_unresolved,alignment_and_analysis,C:\Users\ari30\research\2026_summer_research\outputs\reports\PLAN_2021_wav_duration_recovery_20260803.csv,pending,target_unresolved
2021,1bda84ba0ce02fed685991f1da0dff3b75577fffa07b05b971293f8c189fe0f8,SDRW2100003249.1.1.51,audio_pairing_unresolved,alignment_and_analysis,C:\Users\ari30\research\2026_summer_research\outputs\reports\PLAN_2021_wav_duration_recovery_20260803.csv,pending,target_unresolved
2021,1bda84ba0ce02fed685991f1da0dff3b75577fffa07b05b971293f8c189fe0f8,SDRW2100003249.1.1.52,audio_pairing_unresolved,alignment_and_analysis,C:\Users\ari30\research\2026_summer_research\outputs\reports\PLAN_2021_wav_duration_recovery_20260803.csv,pending,target_unresolved
2021,1bda84ba0ce02fed685991f1da0dff3b75577fffa07b05b971293f8c189fe0f8,SDRW2100003249.1.1.53,audio_pairing_unresolved,alignment_and_analysis,C:\Users\ari30\research\2026_summer_research\outputs\reports\PLAN_2021_wav_duration_recovery_20260803.csv,pending,target_unresolved
2021,1bda84ba0ce02fed685991f1da0dff3b75577fffa07b05b971293f8c189fe0f8,SDRW2100003249.1.1.54,audio_pairing_unresolved,alignment_and_analysis,C:\Users\ari30\research\2026_summer_research\outputs\reports\PLAN_2021_wav_duration_recovery_20260803.csv,pending,target_unresolved
2021,1bda84ba0ce02fed685991f1da0dff3b75577fffa07b05b971293f8c189fe0f8,SDRW2100003249.1.1.55,audio_pairing_unresolved,alignment_and_analysis,C:\Users\ari30\research\2026_summer_research\outputs\reports\PLAN_2021_wav_duration_recovery_20260803.csv,pending,target_unresolved
2021,1bda84ba0ce02fed685991f1da0dff3b75577fffa07b05b971293f8c189fe0f8,SDRW2100003249.1.1.56,audio_pairing_unresolved,alignment_and_analysis,C:\Users\ari30\research\2026_summer_research\outputs\reports\PLAN_2021_wav_duration_recovery_20260803.csv,pending,target_unresolved
2021,1bda84ba0ce02fed685991f1da0dff3b75577fffa07b05b971293f8c189fe0f8,SDRW2100003249.1.1.57,audio_pairing_unresolved,alignment_and_analysis,C:\Users\ari30\research\2026_summer_research\outputs\reports\PLAN_2021_wav_duration_recovery_20260803.csv,pending,target_unresolved
2021,1bda84ba0ce02fed685991f1da0dff3b75577fffa07b05b971293f8c189fe0f8,SDRW2100003249.1.1.58,audio_pairing_unresolved,alignment_and_analysis,C:\Users\ari30\research\2026_summer_research\outputs\reports\PLAN_2021_wav_duration_recovery_20260803.csv,pending,target_unresolved
2021,1bda84ba0ce02fed685991f1da0dff3b75577fffa07b05b971293f8c189fe0f8,SDRW2100003249.1.1.59,audio_pairing_unresolved,alignment_and_analysis,C:\Users\ari30\research\2026_summer_research\outputs\reports\PLAN_2021_wav_duration_recovery_20260803.csv,pending,target_unresolved
2021,1bda84ba0ce02fed685991f1da0dff3b75577fffa07b05b971293f8c189fe0f8,SDRW2100003249.1.1.6,audio_pairing_unresolved,alignment_and_analysis,C:\Users\ari30\research\2026_summer_research\outputs\reports\PLAN_2021_wav_duration_recovery_20260803.csv,pending,target_unresolved
2021,1bda84ba0ce02fed685991f1da0dff3b75577fffa07b05b971293f8c189fe0f8,SDRW2100003249.1.1.60,audio_pairing_unresolved,alignment_and_analysis,C:\Users\ari30\research\2026_summer_research\outputs\reports\PLAN_2021_wav_duration_recovery_20260803.csv,pending,target_unresolved
2021,1bda84ba0ce02fed685991f1da0dff3b75577fffa07b05b971293f8c189fe0f8,SDRW2100003249.1.1.61,audio_pairing_unresolved,alignment_and_analysis,C:\Users\ari30\research\2026_summer_research\outputs\reports\PLAN_2021_wav_duration_recovery_20260803.csv,pending,target_unresolved
2021,1bda84ba0ce02fed685991f1da0dff3b75577fffa07b05b971293f8c189fe0f8,SDRW2100003249.1.1.62,audio_pairing_unresolved,alignment_and_analysis,C:\Users\ari30\research\2026_summer_research\outputs\reports\PLAN_2021_wav_duration_recovery_20260803.csv,pending,target_unresolved
2021,1bda84ba0ce02fed685991f1da0dff3b75577fffa07b05b971293f8c189fe0f8,SDRW2100003249.1.1.63,audio_pairing_unresolved,alignment_and_analysis,C:\Users\ari30\research\2026_summer_research\outputs\reports\PLAN_2021_wav_duration_recovery_20260803.csv,pending,target_unresolved
2021,1bda84ba0ce02fed685991f1da0dff3b75577fffa07b05b971293f8c189fe0f8,SDRW2100003249.1.1.64,audio_pairing_unresolved,alignment_and_analysis,C:\Users\ari30\research\2026_summer_research\outputs\reports\PLAN_2021_wav_duration_recovery_20260803.csv,pending,target_unresolved
2021,1bda84ba0ce02fed685991f1da0dff3b75577fffa07b05b971293f8c189fe0f8,SDRW2100003249.1.1.65,audio_pairing_unresolved,alignment_and_analysis,C:\Users\ari30\research\2026_summer_research\outputs\reports\PLAN_2021_wav_duration_recovery_20260803.csv,pending,target_unresolved
2021,1bda84ba0ce02fed685991f1da0dff3b75577fffa07b05b971293f8c189fe0f8,SDRW2100003249.1.1.66,audio_pairing_unresolved,alignment_and_analysis,C:\Users\ari30\research\2026_summer_research\outputs\reports\PLAN_2021_wav_duration_recovery_20260803.csv,pending,target_unresolved
2021,1bda84ba0ce02fed685991f1da0dff3b75577fffa07b05b971293f8c189fe0f8,SDRW2100003249.1.1.67,audio_pairing_unresolved,alignment_and_analysis,C:\Users\ari30\research\2026_summer_research\outputs\reports\PLAN_2021_wav_duration_recovery_20260803.csv,pending,target_unresolved
2021,1bda84ba0ce02fed685991f1da0dff3b75577fffa07b05b971293f8c189fe0f8,SDRW2100003249.1.1.68,audio_pairing_unresolved,alignment_and_analysis,C:\Users\ari30\research\2026_summer_research\outputs\reports\PLAN_2021_wav_duration_recovery_20260803.csv,pending,target_unresolved
2021,1bda84ba0ce02fed685991f1da0dff3b75577fffa07b05b971293f8c189fe0f8,SDRW2100003249.1.1.69,audio_pairing_unresolved,alignment_and_analysis,C:\Users\ari30\research\2026_summer_research\outputs\reports\PLAN_2021_wav_duration_recovery_20260803.csv,pending,target_unresolved
2021,1bda84ba0ce02fed685991f1da0dff3b75577fffa07b05b971293f8c189fe0f8,SDRW2100003249.1.1.7,audio_pairing_unresolved,alignment_and_analysis,C:\Users\ari30\research\2026_summer_research\outputs\reports\PLAN_2021_wav_duration_recovery_20260803.csv,pending,target_unresolved
2021,1bda84ba0ce02fed685991f1da0dff3b75577fffa07b05b971293f8c189fe0f8,SDRW2100003249.1.1.70,audio_pairing_unresolved,alignment_and_analysis,C:\Users\ari30\research\2026_summer_research\outputs\reports\PLAN_2021_wav_duration_recovery_20260803.csv,pending,target_unresolved
2021,1bda84ba0ce02fed685991f1da0dff3b75577fffa07b05b971293f8c189fe0f8,SDRW2100003249.1.1.72,audio_pairing_unresolved,alignment_and_analysis,C:\Users\ari30\research\2026_summer_research\outputs\reports\PLAN_2021_wav_duration_recovery_20260803.csv,pending,target_unresolved
2021,1bda84ba0ce02fed685991f1da0dff3b75577fffa07b05b971293f8c189fe0f8,SDRW2100003249.1.1.74,audio_pairing_unresolved,alignment_and_analysis,C:\Users\ari30\research\2026_summer_research\outputs\reports\PLAN_2021_wav_duration_recovery_20260803.csv,pending,target_unresolved
2021,1bda84ba0ce02fed685991f1da0dff3b75577fffa07b05b971293f8c189fe0f8,SDRW2100003249.1.1.75,audio_pairing_unresolved,alignment_and_analysis,C:\Users\ari30\research\2026_summer_research\outputs\reports\PLAN_2021_wav_duration_recovery_20260803.csv,pending,target_unresolved
2021,1bda84ba0ce02fed685991f1da0dff3b75577fffa07b05b971293f8c189fe0f8,SDRW2100003249.1.1.76,audio_pairing_unresolved,alignment_and_analysis,C:\Users\ari30\research\2026_summer_research\outputs\reports\PLAN_2021_wav_duration_recovery_20260803.csv,pending,target_unresolved
2021,1bda84ba0ce02fed685991f1da0dff3b75577fffa07b05b971293f8c189fe0f8,SDRW2100003249.1.1.77,audio_pairing_unresolved,alignment_and_analysis,C:\Users\ari30\research\2026_summer_research\outputs\reports\PLAN_2021_wav_duration_recovery_20260803.csv,pending,target_unresolved
2021,1bda84ba0ce02fed685991f1da0dff3b75577fffa07b05b971293f8c189fe0f8,SDRW2100003249.1.1.78,audio_pairing_unresolved,alignment_and_analysis,C:\Users\ari30\research\2026_summer_research\outputs\reports\PLAN_2021_wav_duration_recovery_20260803.csv,pending,target_unresolved
2021,1bda84ba0ce02fed685991f1da0dff3b75577fffa07b05b971293f8c189fe0f8,SDRW2100003249.1.1.79,audio_pairing_unresolved,alignment_and_analysis,C:\Users\ari30\research\2026_summer_research\outputs\reports\PLAN_2021_wav_duration_recovery_20260803.csv,pending,target_unresolved
2021,1bda84ba0ce02fed685991f1da0dff3b75577fffa07b05b971293f8c189fe0f8,SDRW2100003249.1.1.8,audio_pairing_unresolved,alignment_and_analysis,C:\Users\ari30\research\2026_summer_research\outputs\reports\PLAN_2021_wav_duration_recovery_20260803.csv,pending,target_unresolved
2021,1bda84ba0ce02fed685991f1da0dff3b75577fffa07b05b971293f8c189fe0f8,SDRW2100003249.1.1.80,audio_pairing_unresolved,alignment_and_analysis,C:\Users\ari30\research\2026_summer_research\outputs\reports\PLAN_2021_wav_duration_recovery_20260803.csv,pending,target_unresolved
2021,1bda84ba0ce02fed685991f1da0dff3b75577fffa07b05b971293f8c189fe0f8,SDRW2100003249.1.1.81,audio_pairing_unresolved,alignment_and_analysis,C:\Users\ari30\research\2026_summer_research\outputs\reports\PLAN_2021_wav_duration_recovery_20260803.csv,pending,target_unresolved
2021,1bda84ba0ce02fed685991f1da0dff3b75577fffa07b05b971293f8c189fe0f8,SDRW2100003249.1.1.82,audio_pairing_unresolved,alignment_and_analysis,C:\Users\ari30\research\2026_summer_research\outputs\reports\PLAN_2021_wav_duration_recovery_20260803.csv,pending,target_unresolved
2021,1bda84ba0ce02fed685991f1da0dff3b75577fffa07b05b971293f8c189fe0f8,SDRW2100003249.1.1.83,audio_pairing_unresolved,alignment_and_analysis,C:\Users\ari30\research\2026_summer_research\outputs\reports\PLAN_2021_wav_duration_recovery_20260803.csv,pending,target_unresolved
2021,1bda84ba0ce02fed685991f1da0dff3b75577fffa07b05b971293f8c189fe0f8,SDRW2100003249.1.1.84,audio_pairing_unresolved,alignment_and_analysis,C:\Users\ari30\research\2026_summer_research\outputs\reports\PLAN_2021_wav_duration_recovery_20260803.csv,pending,target_unresolved
2021,1bda84ba0ce02fed685991f1da0dff3b75577fffa07b05b971293f8c189fe0f8,SDRW2100003249.1.1.85,audio_pairing_unresolved,alignment_and_analysis,C:\Users\ari30\research\2026_summer_research\outputs\reports\PLAN_2021_wav_duration_recovery_20260803.csv,pending,target_unresolved
2021,1bda84ba0ce02fed685991f1da0dff3b75577fffa07b05b971293f8c189fe0f8,SDRW2100003249.1.1.86,audio_pairing_unresolved,alignment_and_analysis,C:\Users\ari30\research\2026_summer_research\outputs\reports\PLAN_2021_wav_duration_recovery_20260803.csv,pending,target_unresolved
2021,1bda84ba0ce02fed685991f1da0dff3b75577fffa07b05b971293f8c189fe0f8,SDRW2100003249.1.1.87,audio_pairing_unresolved,alignment_and_analysis,C:\Users\ari30\research\2026_summer_research\outputs\reports\PLAN_2021_wav_duration_recovery_20260803.csv,pending,target_unresolved
2021,1bda84ba0ce02fed685991f1da0dff3b75577fffa07b05b971293f8c189fe0f8,SDRW2100003249.1.1.88,audio_pairing_unresolved,alignment_and_analysis,C:\Users\ari30\research\2026_summer_research\outputs\reports\PLAN_2021_wav_duration_recovery_20260803.csv,pending,target_unresolved
2021,1bda84ba0ce02fed685991f1da0dff3b75577fffa07b05b971293f8c189fe0f8,SDRW2100003249.1.1.89,audio_pairing_unresolved,alignment_and_analysis,C:\Users\ari30\research\2026_summer_research\outputs\reports\PLAN_2021_wav_duration_recovery_20260803.csv,pending,target_unresolved
2021,1bda84ba0ce02fed685991f1da0dff3b75577fffa07b05b971293f8c189fe0f8,SDRW2100003249.1.1.9,audio_pairing_unresolved,alignment_and_analysis,C:\Users\ari30\research\2026_summer_research\outputs\reports\PLAN_2021_wav_duration_recovery_20260803.csv,pending,target_unresolved
2021,1bda84ba0ce02fed685991f1da0dff3b75577fffa07b05b971293f8c189fe0f8,SDRW2100003249.1.1.90,audio_pairing_unresolved,alignment_and_analysis,C:\Users\ari30\research\2026_summer_research\outputs\reports\PLAN_2021_wav_duration_recovery_20260803.csv,pending,target_unresolved
2021,1bda84ba0ce02fed685991f1da0dff3b75577fffa07b05b971293f8c189fe0f8,SDRW2100003249.1.1.91,audio_pairing_unresolved,alignment_and_analysis,C:\Users\ari30\research\2026_summer_research\outputs\reports\PLAN_2021_wav_duration_recovery_20260803.csv,pending,target_unresolved
2021,1bda84ba0ce02fed685991f1da0dff3b75577fffa07b05b971293f8c189fe0f8,SDRW2100003249.1.1.92,audio_pairing_unresolved,alignment_and_analysis,C:\Users\ari30\research\2026_summer_research\outputs\reports\PLAN_2021_wav_duration_recovery_20260803.csv,pending,target_unresolved
2021,1bda84ba0ce02fed685991f1da0dff3b75577fffa07b05b971293f8c189fe0f8,SDRW2100003249.1.1.93,audio_pairing_unresolved,alignment_and_analysis,C:\Users\ari30\research\2026_summer_research\outputs\reports\PLAN_2021_wav_duration_recovery_20260803.csv,pending,target_unresolved
2021,1bda84ba0ce02fed685991f1da0dff3b75577fffa07b05b971293f8c189fe0f8,SDRW2100003249.1.1.94,audio_pairing_unresolved,alignment_and_analysis,C:\Users\ari30\research\2026_summer_research\outputs\reports\PLAN_2021_wav_duration_recovery_20260803.csv,pending,target_unresolved
2021,1bda84ba0ce02fed685991f1da0dff3b75577fffa07b05b971293f8c189fe0f8,SDRW2100003249.1.1.95,audio_pairing_unresolved,alignment_and_analysis,C:\Users\ari30\research\2026_summer_research\outputs\reports\PLAN_2021_wav_duration_recovery_20260803.csv,pending,target_unresolved
2021,1bda84ba0ce02fed685991f1da0dff3b75577fffa07b05b971293f8c189fe0f8,SDRW2100003249.1.1.96,audio_pairing_unresolved,alignment_and_analysis,C:\Users\ari30\research\2026_summer_research\outputs\reports\PLAN_2021_wav_duration_recovery_20260803.csv,pending,target_unresolved
2021,1bda84ba0ce02fed685991f1da0dff3b75577fffa07b05b971293f8c189fe0f8,SDRW2100003249.1.1.97,audio_pairing_unresolved,alignment_and_analysis,C:\Users\ari30\research\2026_summer_research\outputs\reports\PLAN_2021_wav_duration_recovery_20260803.csv,pending,target_unresolved
2021,1bda84ba0ce02fed685991f1da0dff3b75577fffa07b05b971293f8c189fe0f8,SDRW2100003249.1.1.98,audio_pairing_unresolved,alignment_and_analysis,C:\Users\ari30\research\2026_summer_research\outputs\reports\PLAN_2021_wav_duration_recovery_20260803.csv,pending,target_unresolved
2021,1bda84ba0ce02fed685991f1da0dff3b75577fffa07b05b971293f8c189fe0f8,SDRW2100003249.1.1.99,audio_pairing_unresolved,alignment_and_analysis,C:\Users\ari30\research\2026_summer_research\outputs\reports\PLAN_2021_wav_duration_recovery_20260803.csv,pending,target_unresolved
2021,1bda84ba0ce02fed685991f1da0dff3b75577fffa07b05b971293f8c189fe0f8,SDRW2100003320.1.1.260,text_duration_impossible,alignment_and_analysis,,pending,source_segment_text_duration_impossible
2021,1bda84ba0ce02fed685991f1da0dff3b75577fffa07b05b971293f8c189fe0f8,SDRW2100003351.1.1.143,empty_reference_unresolved_symbol,alignment_and_analysis,D:\mfa_eojeol\logs\lab_build_2021_1bda84ba0ce0_unresolved_symbols.csv,pending,empty_reference_form; unresolved_symbol; no_LAB_generated
2021,1bda84ba0ce02fed685991f1da0dff3b75577fffa07b05b971293f8c189fe0f8,SDRW2100003363.1.1.123,empty_reference_unresolved_symbol,alignment_and_analysis,D:\mfa_eojeol\logs\lab_build_2021_1bda84ba0ce0_unresolved_symbols.csv,pending,empty_reference_form; unresolved_symbol; no_LAB_generated
2021,1bda84ba0ce02fed685991f1da0dff3b75577fffa07b05b971293f8c189fe0f8,SDRW2100003450.1.1.266,text_duration_impossible,alignment_and_analysis,,pending,source_segment_text_duration_impossible
2021,1bda84ba0ce02fed685991f1da0dff3b75577fffa07b05b971293f8c189fe0f8,SDRW2100003450.1.1.267,text_duration_impossible,alignment_and_analysis,,pending,source_segment_text_duration_impossible
2021,1bda84ba0ce02fed685991f1da0dff3b75577fffa07b05b971293f8c189fe0f8,SDRW2100003450.1.1.271,text_duration_impossible,alignment_and_analysis,,pending,source_segment_text_duration_impossible
2021,1bda84ba0ce02fed685991f1da0dff3b75577fffa07b05b971293f8c189fe0f8,SDRW2100003505.1.1.14,empty_reference_unresolved_symbol,alignment_and_analysis,D:\mfa_eojeol\logs\lab_build_2021_1bda84ba0ce0_unresolved_symbols.csv,pending,empty_reference_form; unresolved_symbol; no_LAB_generated
2021,1bda84ba0ce02fed685991f1da0dff3b75577fffa07b05b971293f8c189fe0f8,SDRW2100003507.1.1.453,empty_reference_unresolved_symbol,alignment_and_analysis,D:\mfa_eojeol\logs\lab_build_2021_1bda84ba0ce0_unresolved_symbols.csv,pending,empty_reference_form; unresolved_symbol; no_LAB_generated
2021,1bda84ba0ce02fed685991f1da0dff3b75577fffa07b05b971293f8c189fe0f8,SDRW2100003508.1.1.205,empty_reference_unresolved_symbol,alignment_and_analysis,D:\mfa_eojeol\logs\lab_build_2021_1bda84ba0ce0_unresolved_symbols.csv,pending,empty_reference_form; unresolved_symbol; no_LAB_generated
2021,1bda84ba0ce02fed685991f1da0dff3b75577fffa07b05b971293f8c189fe0f8,SDRW2100003508.1.1.474,empty_reference_unresolved_symbol,alignment_and_analysis,D:\mfa_eojeol\logs\lab_build_2021_1bda84ba0ce0_unresolved_symbols.csv,pending,empty_reference_form; unresolved_symbol; no_LAB_generated
2021,1bda84ba0ce02fed685991f1da0dff3b75577fffa07b05b971293f8c189fe0f8,SDRW2100003514.1.1.43,empty_reference_unresolved_symbol,alignment_and_analysis,D:\mfa_eojeol\logs\lab_build_2021_1bda84ba0ce0_unresolved_symbols.csv,pending,empty_reference_form; unresolved_symbol; no_LAB_generated
2021,1bda84ba0ce02fed685991f1da0dff3b75577fffa07b05b971293f8c189fe0f8,SDRW2100003526.1.1.181,empty_reference_unresolved_symbol,alignment_and_analysis,D:\mfa_eojeol\logs\lab_build_2021_1bda84ba0ce0_unresolved_symbols.csv,pending,empty_reference_form; unresolved_symbol; no_LAB_generated
2021,1bda84ba0ce02fed685991f1da0dff3b75577fffa07b05b971293f8c189fe0f8,SDRW2100003526.1.1.251,empty_reference_unresolved_symbol,alignment_and_analysis,D:\mfa_eojeol\logs\lab_build_2021_1bda84ba0ce0_unresolved_symbols.csv,pending,empty_reference_form; unresolved_symbol; no_LAB_generated
2021,1bda84ba0ce02fed685991f1da0dff3b75577fffa07b05b971293f8c189fe0f8,SDRW2100003563.1.1.44,empty_reference_unresolved_symbol,alignment_and_analysis,D:\mfa_eojeol\logs\lab_build_2021_1bda84ba0ce0_unresolved_symbols.csv,pending,empty_reference_form; unresolved_symbol; no_LAB_generated
2021,1bda84ba0ce02fed685991f1da0dff3b75577fffa07b05b971293f8c189fe0f8,SDRW2100003579.1.1.198,empty_reference_unresolved_symbol,alignment_and_analysis,D:\mfa_eojeol\logs\lab_build_2021_1bda84ba0ce0_unresolved_symbols.csv,pending,empty_reference_form; unresolved_symbol; no_LAB_generated
2021,1bda84ba0ce02fed685991f1da0dff3b75577fffa07b05b971293f8c189fe0f8,SDRW2100003579.1.1.330,empty_reference_unresolved_symbol,alignment_and_analysis,D:\mfa_eojeol\logs\lab_build_2021_1bda84ba0ce0_unresolved_symbols.csv,pending,empty_reference_form; unresolved_symbol; no_LAB_generated
2021,1bda84ba0ce02fed685991f1da0dff3b75577fffa07b05b971293f8c189fe0f8,SDRW2100003583.1.1.263,empty_reference_unresolved_symbol,alignment_and_analysis,D:\mfa_eojeol\logs\lab_build_2021_1bda84ba0ce0_unresolved_symbols.csv,pending,empty_reference_form; unresolved_symbol; no_LAB_generated
2021,1bda84ba0ce02fed685991f1da0dff3b75577fffa07b05b971293f8c189fe0f8,SDRW2100003585.1.1.246,empty_reference_unresolved_symbol,alignment_and_analysis,D:\mfa_eojeol\logs\lab_build_2021_1bda84ba0ce0_unresolved_symbols.csv,pending,empty_reference_form; unresolved_symbol; no_LAB_generated
2021,1bda84ba0ce02fed685991f1da0dff3b75577fffa07b05b971293f8c189fe0f8,SDRW2100003585.1.1.67,empty_reference_unresolved_symbol,alignment_and_analysis,D:\mfa_eojeol\logs\lab_build_2021_1bda84ba0ce0_unresolved_symbols.csv,pending,empty_reference_form; unresolved_symbol; no_LAB_generated
2021,1bda84ba0ce02fed685991f1da0dff3b75577fffa07b05b971293f8c189fe0f8,SDRW2100003587.1.1.216,empty_reference_unresolved_symbol,alignment_and_analysis,D:\mfa_eojeol\logs\lab_build_2021_1bda84ba0ce0_unresolved_symbols.csv,pending,empty_reference_form; unresolved_symbol; no_LAB_generated
2021,1bda84ba0ce02fed685991f1da0dff3b75577fffa07b05b971293f8c189fe0f8,SDRW2100003587.1.1.382,text_duration_impossible,alignment_and_analysis,,pending,source_segment_text_duration_impossible
2021,1bda84ba0ce02fed685991f1da0dff3b75577fffa07b05b971293f8c189fe0f8,SDRW2100003588.1.1.122,text_duration_impossible,alignment_and_analysis,,pending,source_segment_text_duration_impossible
2021,1bda84ba0ce02fed685991f1da0dff3b75577fffa07b05b971293f8c189fe0f8,SDRW2100003588.1.1.347,empty_reference_unresolved_symbol,alignment_and_analysis,D:\mfa_eojeol\logs\lab_build_2021_1bda84ba0ce0_unresolved_symbols.csv,pending,empty_reference_form; unresolved_symbol; no_LAB_generated
2021,1bda84ba0ce02fed685991f1da0dff3b75577fffa07b05b971293f8c189fe0f8,SDRW2100003589.1.1.121,empty_reference_unresolved_symbol,alignment_and_analysis,D:\mfa_eojeol\logs\lab_build_2021_1bda84ba0ce0_unresolved_symbols.csv,pending,empty_reference_form; unresolved_symbol; no_LAB_generated
2021,1bda84ba0ce02fed685991f1da0dff3b75577fffa07b05b971293f8c189fe0f8,SDRW2100003589.1.1.217,empty_reference_unresolved_symbol,alignment_and_analysis,D:\mfa_eojeol\logs\lab_build_2021_1bda84ba0ce0_unresolved_symbols.csv,pending,empty_reference_form; unresolved_symbol; no_LAB_generated
2021,1bda84ba0ce02fed685991f1da0dff3b75577fffa07b05b971293f8c189fe0f8,SDRW2100003589.1.1.243,empty_reference_unresolved_symbol,alignment_and_analysis,D:\mfa_eojeol\logs\lab_build_2021_1bda84ba0ce0_unresolved_symbols.csv,pending,empty_reference_form; unresolved_symbol; no_LAB_generated
2021,1bda84ba0ce02fed685991f1da0dff3b75577fffa07b05b971293f8c189fe0f8,SDRW2100003589.1.1.26,empty_reference_unresolved_symbol,alignment_and_analysis,D:\mfa_eojeol\logs\lab_build_2021_1bda84ba0ce0_unresolved_symbols.csv,pending,empty_reference_form; unresolved_symbol; no_LAB_generated
2021,1bda84ba0ce02fed685991f1da0dff3b75577fffa07b05b971293f8c189fe0f8,SDRW2100003589.1.1.273,empty_reference_unresolved_symbol,alignment_and_analysis,D:\mfa_eojeol\logs\lab_build_2021_1bda84ba0ce0_unresolved_symbols.csv,pending,empty_reference_form; unresolved_symbol; no_LAB_generated
2021,1bda84ba0ce02fed685991f1da0dff3b75577fffa07b05b971293f8c189fe0f8,SDRW2100003589.1.1.417,empty_reference_unresolved_symbol,alignment_and_analysis,D:\mfa_eojeol\logs\lab_build_2021_1bda84ba0ce0_unresolved_symbols.csv,pending,empty_reference_form; unresolved_symbol; no_LAB_generated
2021,1bda84ba0ce02fed685991f1da0dff3b75577fffa07b05b971293f8c189fe0f8,SDRW2100003597.1.1.157,empty_reference_unresolved_symbol,alignment_and_analysis,D:\mfa_eojeol\logs\lab_build_2021_1bda84ba0ce0_unresolved_symbols.csv,pending,empty_reference_form; unresolved_symbol; no_LAB_generated
2021,1bda84ba0ce02fed685991f1da0dff3b75577fffa07b05b971293f8c189fe0f8,SDRW2100003600.1.1.170,empty_reference_unresolved_symbol,alignment_and_analysis,D:\mfa_eojeol\logs\lab_build_2021_1bda84ba0ce0_unresolved_symbols.csv,pending,empty_reference_form; unresolved_symbol; no_LAB_generated
2021,1bda84ba0ce02fed685991f1da0dff3b75577fffa07b05b971293f8c189fe0f8,SDRW2100003601.1.1.27,empty_reference_unresolved_symbol,alignment_and_analysis,D:\mfa_eojeol\logs\lab_build_2021_1bda84ba0ce0_unresolved_symbols.csv,pending,empty_reference_form; unresolved_symbol; no_LAB_generated
2021,1bda84ba0ce02fed685991f1da0dff3b75577fffa07b05b971293f8c189fe0f8,SDRW2100003603.1.1.277,empty_reference_unresolved_symbol,alignment_and_analysis,D:\mfa_eojeol\logs\lab_build_2021_1bda84ba0ce0_unresolved_symbols.csv,pending,empty_reference_form; unresolved_symbol; no_LAB_generated
2021,1bda84ba0ce02fed685991f1da0dff3b75577fffa07b05b971293f8c189fe0f8,SDRW2100003606.1.1.93,empty_reference_unresolved_symbol,alignment_and_analysis,D:\mfa_eojeol\logs\lab_build_2021_1bda84ba0ce0_unresolved_symbols.csv,pending,empty_reference_form; unresolved_symbol; no_LAB_generated
2021,1bda84ba0ce02fed685991f1da0dff3b75577fffa07b05b971293f8c189fe0f8,SDRW2100003614.1.1.15,empty_reference_unresolved_symbol,alignment_and_analysis,D:\mfa_eojeol\logs\lab_build_2021_1bda84ba0ce0_unresolved_symbols.csv,pending,empty_reference_form; unresolved_symbol; no_LAB_generated
2021,1bda84ba0ce02fed685991f1da0dff3b75577fffa07b05b971293f8c189fe0f8,SDRW2100003614.1.1.53,empty_reference_unresolved_symbol,alignment_and_analysis,D:\mfa_eojeol\logs\lab_build_2021_1bda84ba0ce0_unresolved_symbols.csv,pending,empty_reference_form; unresolved_symbol; no_LAB_generated
2021,1bda84ba0ce02fed685991f1da0dff3b75577fffa07b05b971293f8c189fe0f8,SDRW2100003632.1.1.180,empty_reference_unresolved_symbol,alignment_and_analysis,D:\mfa_eojeol\logs\lab_build_2021_1bda84ba0ce0_unresolved_symbols.csv,pending,empty_reference_form; unresolved_symbol; no_LAB_generated
2021,1bda84ba0ce02fed685991f1da0dff3b75577fffa07b05b971293f8c189fe0f8,SDRW2100003641.1.1.67,empty_reference_unresolved_symbol,alignment_and_analysis,D:\mfa_eojeol\logs\lab_build_2021_1bda84ba0ce0_unresolved_symbols.csv,pending,empty_reference_form; unresolved_symbol; no_LAB_generated
2021,1bda84ba0ce02fed685991f1da0dff3b75577fffa07b05b971293f8c189fe0f8,SDRW2100003641.1.1.80,empty_reference_unresolved_symbol,alignment_and_analysis,D:\mfa_eojeol\logs\lab_build_2021_1bda84ba0ce0_unresolved_symbols.csv,pending,empty_reference_form; unresolved_symbol; no_LAB_generated
2021,1bda84ba0ce02fed685991f1da0dff3b75577fffa07b05b971293f8c189fe0f8,SDRW2100003643.1.1.51,empty_reference_unresolved_symbol,alignment_and_analysis,D:\mfa_eojeol\logs\lab_build_2021_1bda84ba0ce0_unresolved_symbols.csv,pending,empty_reference_form; unresolved_symbol; no_LAB_generated
2021,1bda84ba0ce02fed685991f1da0dff3b75577fffa07b05b971293f8c189fe0f8,SDRW2100003645.1.1.148,empty_reference_unresolved_symbol,alignment_and_analysis,D:\mfa_eojeol\logs\lab_build_2021_1bda84ba0ce0_unresolved_symbols.csv,pending,empty_reference_form; unresolved_symbol; no_LAB_generated
2021,1bda84ba0ce02fed685991f1da0dff3b75577fffa07b05b971293f8c189fe0f8,SDRW2100003646.1.1.269,empty_reference_unresolved_symbol,alignment_and_analysis,D:\mfa_eojeol\logs\lab_build_2021_1bda84ba0ce0_unresolved_symbols.csv,pending,empty_reference_form; unresolved_symbol; no_LAB_generated
2021,1bda84ba0ce02fed685991f1da0dff3b75577fffa07b05b971293f8c189fe0f8,SDRW2100003647.1.1.45,empty_reference_unresolved_symbol,alignment_and_analysis,D:\mfa_eojeol\logs\lab_build_2021_1bda84ba0ce0_unresolved_symbols.csv,pending,empty_reference_form; unresolved_symbol; no_LAB_generated
2021,1bda84ba0ce02fed685991f1da0dff3b75577fffa07b05b971293f8c189fe0f8,SDRW2100003653.1.1.187,empty_reference_unresolved_symbol,alignment_and_analysis,D:\mfa_eojeol\logs\lab_build_2021_1bda84ba0ce0_unresolved_symbols.csv,pending,empty_reference_form; unresolved_symbol; no_LAB_generated
2021,1bda84ba0ce02fed685991f1da0dff3b75577fffa07b05b971293f8c189fe0f8,SDRW2100003653.1.1.360,empty_reference_unresolved_symbol,alignment_and_analysis,D:\mfa_eojeol\logs\lab_build_2021_1bda84ba0ce0_unresolved_symbols.csv,pending,empty_reference_form; unresolved_symbol; no_LAB_generated
2021,1bda84ba0ce02fed685991f1da0dff3b75577fffa07b05b971293f8c189fe0f8,SDRW2100003654.1.1.105,empty_reference_unresolved_symbol,alignment_and_analysis,D:\mfa_eojeol\logs\lab_build_2021_1bda84ba0ce0_unresolved_symbols.csv,pending,empty_reference_form; unresolved_symbol; no_LAB_generated
2021,1bda84ba0ce02fed685991f1da0dff3b75577fffa07b05b971293f8c189fe0f8,SDRW2100003670.1.1.1,empty_reference_unresolved_symbol,alignment_and_analysis,D:\mfa_eojeol\logs\lab_build_2021_1bda84ba0ce0_unresolved_symbols.csv,pending,empty_reference_form; unresolved_symbol; no_LAB_generated
2021,1bda84ba0ce02fed685991f1da0dff3b75577fffa07b05b971293f8c189fe0f8,SDRW2100003682.1.1.234,empty_reference_unresolved_symbol,alignment_and_analysis,D:\mfa_eojeol\logs\lab_build_2021_1bda84ba0ce0_unresolved_symbols.csv,pending,empty_reference_form; unresolved_symbol; no_LAB_generated
2021,1bda84ba0ce02fed685991f1da0dff3b75577fffa07b05b971293f8c189fe0f8,SDRW2100003685.1.1.184,empty_reference_unresolved_symbol,alignment_and_analysis,D:\mfa_eojeol\logs\lab_build_2021_1bda84ba0ce0_unresolved_symbols.csv,pending,empty_reference_form; unresolved_symbol; no_LAB_generated
2021,1bda84ba0ce02fed685991f1da0dff3b75577fffa07b05b971293f8c189fe0f8,SDRW2100003686.1.1.290,empty_reference_unresolved_symbol,alignment_and_analysis,D:\mfa_eojeol\logs\lab_build_2021_1bda84ba0ce0_unresolved_symbols.csv,pending,empty_reference_form; unresolved_symbol; no_LAB_generated
2021,1bda84ba0ce02fed685991f1da0dff3b75577fffa07b05b971293f8c189fe0f8,SDRW2100003686.1.1.39,empty_reference_unresolved_symbol,alignment_and_analysis,D:\mfa_eojeol\logs\lab_build_2021_1bda84ba0ce0_unresolved_symbols.csv,pending,empty_reference_form; unresolved_symbol; no_LAB_generated
2021,1bda84ba0ce02fed685991f1da0dff3b75577fffa07b05b971293f8c189fe0f8,SDRW2100003714.1.1.7,empty_reference_unresolved_symbol,alignment_and_analysis,D:\mfa_eojeol\logs\lab_build_2021_1bda84ba0ce0_unresolved_symbols.csv,pending,empty_reference_form; unresolved_symbol; no_LAB_generated
2021,1bda84ba0ce02fed685991f1da0dff3b75577fffa07b05b971293f8c189fe0f8,SDRW2100003721.1.1.72,empty_reference_unresolved_symbol,alignment_and_analysis,D:\mfa_eojeol\logs\lab_build_2021_1bda84ba0ce0_unresolved_symbols.csv,pending,empty_reference_form; unresolved_symbol; no_LAB_generated
2021,1bda84ba0ce02fed685991f1da0dff3b75577fffa07b05b971293f8c189fe0f8,SDRW2100003741.1.1.228,empty_reference_unresolved_symbol,alignment_and_analysis,D:\mfa_eojeol\logs\lab_build_2021_1bda84ba0ce0_unresolved_symbols.csv,pending,empty_reference_form; unresolved_symbol; no_LAB_generated
2021,1bda84ba0ce02fed685991f1da0dff3b75577fffa07b05b971293f8c189fe0f8,SDRW2100003741.1.1.58,empty_reference_unresolved_symbol,alignment_and_analysis,D:\mfa_eojeol\logs\lab_build_2021_1bda84ba0ce0_unresolved_symbols.csv,pending,empty_reference_form; unresolved_symbol; no_LAB_generated
2021,1bda84ba0ce02fed685991f1da0dff3b75577fffa07b05b971293f8c189fe0f8,SDRW2100003762.1.1.336,empty_reference_unresolved_symbol,alignment_and_analysis,D:\mfa_eojeol\logs\lab_build_2021_1bda84ba0ce0_unresolved_symbols.csv,pending,empty_reference_form; unresolved_symbol; no_LAB_generated
2021,1bda84ba0ce02fed685991f1da0dff3b75577fffa07b05b971293f8c189fe0f8,SDRW2100003763.1.1.325,empty_reference_unresolved_symbol,alignment_and_analysis,D:\mfa_eojeol\logs\lab_build_2021_1bda84ba0ce0_unresolved_symbols.csv,pending,empty_reference_form; unresolved_symbol; no_LAB_generated
2021,1bda84ba0ce02fed685991f1da0dff3b75577fffa07b05b971293f8c189fe0f8,SDRW2100003803.1.1.41,empty_reference_unresolved_symbol,alignment_and_analysis,D:\mfa_eojeol\logs\lab_build_2021_1bda84ba0ce0_unresolved_symbols.csv,pending,empty_reference_form; unresolved_symbol; no_LAB_generated
2021,1bda84ba0ce02fed685991f1da0dff3b75577fffa07b05b971293f8c189fe0f8,SDRW2100003815.1.1.110,empty_reference_unresolved_symbol,alignment_and_analysis,D:\mfa_eojeol\logs\lab_build_2021_1bda84ba0ce0_unresolved_symbols.csv,pending,empty_reference_form; unresolved_symbol; no_LAB_generated
2021,1bda84ba0ce02fed685991f1da0dff3b75577fffa07b05b971293f8c189fe0f8,SDRW2100003820.1.1.228,empty_reference_unresolved_symbol,alignment_and_analysis,D:\mfa_eojeol\logs\lab_build_2021_1bda84ba0ce0_unresolved_symbols.csv,pending,empty_reference_form; unresolved_symbol; no_LAB_generated
2021,1bda84ba0ce02fed685991f1da0dff3b75577fffa07b05b971293f8c189fe0f8,SDRW2100003820.1.1.49,empty_reference_unresolved_symbol,alignment_and_analysis,D:\mfa_eojeol\logs\lab_build_2021_1bda84ba0ce0_unresolved_symbols.csv,pending,empty_reference_form; unresolved_symbol; no_LAB_generated
2021,1bda84ba0ce02fed685991f1da0dff3b75577fffa07b05b971293f8c189fe0f8,SDRW2100003832.1.1.5,empty_reference_unresolved_symbol,alignment_and_analysis,D:\mfa_eojeol\logs\lab_build_2021_1bda84ba0ce0_unresolved_symbols.csv,pending,empty_reference_form; unresolved_symbol; no_LAB_generated
2021,1bda84ba0ce02fed685991f1da0dff3b75577fffa07b05b971293f8c189fe0f8,SDRW2100003848.1.1.341,empty_reference_unresolved_symbol,alignment_and_analysis,D:\mfa_eojeol\logs\lab_build_2021_1bda84ba0ce0_unresolved_symbols.csv,pending,empty_reference_form; unresolved_symbol; no_LAB_generated
2021,1bda84ba0ce02fed685991f1da0dff3b75577fffa07b05b971293f8c189fe0f8,SDRW2100003853.1.1.96,empty_reference_unresolved_symbol,alignment_and_analysis,D:\mfa_eojeol\logs\lab_build_2021_1bda84ba0ce0_unresolved_symbols.csv,pending,empty_reference_form; unresolved_symbol; no_LAB_generated
2021,1bda84ba0ce02fed685991f1da0dff3b75577fffa07b05b971293f8c189fe0f8,SDRW2100003861.1.1.199,empty_reference_unresolved_symbol,alignment_and_analysis,D:\mfa_eojeol\logs\lab_build_2021_1bda84ba0ce0_unresolved_symbols.csv,pending,empty_reference_form; unresolved_symbol; no_LAB_generated
2021,1bda84ba0ce02fed685991f1da0dff3b75577fffa07b05b971293f8c189fe0f8,SDRW2100003866.1.1.2,empty_reference_unresolved_symbol,alignment_and_analysis,D:\mfa_eojeol\logs\lab_build_2021_1bda84ba0ce0_unresolved_symbols.csv,pending,empty_reference_form; unresolved_symbol; no_LAB_generated
2021,1bda84ba0ce02fed685991f1da0dff3b75577fffa07b05b971293f8c189fe0f8,SDRW2100003868.1.1.115,empty_reference_unresolved_symbol,alignment_and_analysis,D:\mfa_eojeol\logs\lab_build_2021_1bda84ba0ce0_unresolved_symbols.csv,pending,empty_reference_form; unresolved_symbol; no_LAB_generated
2021,1bda84ba0ce02fed685991f1da0dff3b75577fffa07b05b971293f8c189fe0f8,SDRW2100003868.1.1.191,empty_reference_unresolved_symbol,alignment_and_analysis,D:\mfa_eojeol\logs\lab_build_2021_1bda84ba0ce0_unresolved_symbols.csv,pending,empty_reference_form; unresolved_symbol; no_LAB_generated
2021,1bda84ba0ce02fed685991f1da0dff3b75577fffa07b05b971293f8c189fe0f8,SDRW2100003871.1.1.265,empty_reference_unresolved_symbol,alignment_and_analysis,D:\mfa_eojeol\logs\lab_build_2021_1bda84ba0ce0_unresolved_symbols.csv,pending,empty_reference_form; unresolved_symbol; no_LAB_generated
2021,1bda84ba0ce02fed685991f1da0dff3b75577fffa07b05b971293f8c189fe0f8,SDRW2100003914.1.1.133,empty_reference_unresolved_symbol,alignment_and_analysis,D:\mfa_eojeol\logs\lab_build_2021_1bda84ba0ce0_unresolved_symbols.csv,pending,empty_reference_form; unresolved_symbol; no_LAB_generated
2021,1bda84ba0ce02fed685991f1da0dff3b75577fffa07b05b971293f8c189fe0f8,SDRW2100003914.1.1.319,empty_reference_unresolved_symbol,alignment_and_analysis,D:\mfa_eojeol\logs\lab_build_2021_1bda84ba0ce0_unresolved_symbols.csv,pending,empty_reference_form; unresolved_symbol; no_LAB_generated
2021,1bda84ba0ce02fed685991f1da0dff3b75577fffa07b05b971293f8c189fe0f8,SDRW2100003940.1.1.265,empty_reference_unresolved_symbol,alignment_and_analysis,D:\mfa_eojeol\logs\lab_build_2021_1bda84ba0ce0_unresolved_symbols.csv,pending,empty_reference_form; unresolved_symbol; no_LAB_generated
2021,1bda84ba0ce02fed685991f1da0dff3b75577fffa07b05b971293f8c189fe0f8,SDRW2100003964.1.1.179,empty_reference_unresolved_symbol,alignment_and_analysis,D:\mfa_eojeol\logs\lab_build_2021_1bda84ba0ce0_unresolved_symbols.csv,pending,empty_reference_form; unresolved_symbol; no_LAB_generated
2021,1bda84ba0ce02fed685991f1da0dff3b75577fffa07b05b971293f8c189fe0f8,SDRW2100003988.1.1.174,text_duration_impossible,alignment_and_analysis,,pending,source_segment_text_duration_impossible
2021,1bda84ba0ce02fed685991f1da0dff3b75577fffa07b05b971293f8c189fe0f8,SDRW2100004007.1.1.501,empty_reference_unresolved_symbol,alignment_and_analysis,D:\mfa_eojeol\logs\lab_build_2021_1bda84ba0ce0_unresolved_symbols.csv,pending,empty_reference_form; unresolved_symbol; no_LAB_generated
2021,1bda84ba0ce02fed685991f1da0dff3b75577fffa07b05b971293f8c189fe0f8,SDRW2100004012.1.1.260,empty_reference_unresolved_symbol,alignment_and_analysis,D:\mfa_eojeol\logs\lab_build_2021_1bda84ba0ce0_unresolved_symbols.csv,pending,empty_reference_form; unresolved_symbol; no_LAB_generated
2021,1bda84ba0ce02fed685991f1da0dff3b75577fffa07b05b971293f8c189fe0f8,SDRW2100004021.1.1.140,empty_reference_unresolved_symbol,alignment_and_analysis,D:\mfa_eojeol\logs\lab_build_2021_1bda84ba0ce0_unresolved_symbols.csv,pending,empty_reference_form; unresolved_symbol; no_LAB_generated
2021,1bda84ba0ce02fed685991f1da0dff3b75577fffa07b05b971293f8c189fe0f8,SDRW2100004021.1.1.199,empty_reference_unresolved_symbol,alignment_and_analysis,D:\mfa_eojeol\logs\lab_build_2021_1bda84ba0ce0_unresolved_symbols.csv,pending,empty_reference_form; unresolved_symbol; no_LAB_generated
2021,1bda84ba0ce02fed685991f1da0dff3b75577fffa07b05b971293f8c189fe0f8,SDRW2100004024.1.1.11,empty_reference_unresolved_symbol,alignment_and_analysis,D:\mfa_eojeol\logs\lab_build_2021_1bda84ba0ce0_unresolved_symbols.csv,pending,empty_reference_form; unresolved_symbol; no_LAB_generated
2021,1bda84ba0ce02fed685991f1da0dff3b75577fffa07b05b971293f8c189fe0f8,SDRW2100004078.1.1.32,empty_reference_unresolved_symbol,alignment_and_analysis,D:\mfa_eojeol\logs\lab_build_2021_1bda84ba0ce0_unresolved_symbols.csv,pending,empty_reference_form; unresolved_symbol; no_LAB_generated
2021,1bda84ba0ce02fed685991f1da0dff3b75577fffa07b05b971293f8c189fe0f8,SDRW2100004100.1.1.45,empty_reference_unresolved_symbol,alignment_and_analysis,D:\mfa_eojeol\logs\lab_build_2021_1bda84ba0ce0_unresolved_symbols.csv,pending,empty_reference_form; unresolved_symbol; no_LAB_generated
2021,1bda84ba0ce02fed685991f1da0dff3b75577fffa07b05b971293f8c189fe0f8,SDRW2100004101.1.1.3,empty_reference_unresolved_symbol,alignment_and_analysis,D:\mfa_eojeol\logs\lab_build_2021_1bda84ba0ce0_unresolved_symbols.csv,pending,empty_reference_form; unresolved_symbol; no_LAB_generated
2021,1bda84ba0ce02fed685991f1da0dff3b75577fffa07b05b971293f8c189fe0f8,SDRW2100004103.1.1.105,empty_reference_unresolved_symbol,alignment_and_analysis,D:\mfa_eojeol\logs\lab_build_2021_1bda84ba0ce0_unresolved_symbols.csv,pending,empty_reference_form; unresolved_symbol; no_LAB_generated
2021,1bda84ba0ce02fed685991f1da0dff3b75577fffa07b05b971293f8c189fe0f8,SDRW2100004122.1.1.257,empty_reference_unresolved_symbol,alignment_and_analysis,D:\mfa_eojeol\logs\lab_build_2021_1bda84ba0ce0_unresolved_symbols.csv,pending,empty_reference_form; unresolved_symbol; no_LAB_generated
2021,1bda84ba0ce02fed685991f1da0dff3b75577fffa07b05b971293f8c189fe0f8,SDRW2100004124.1.1.354,empty_reference_unresolved_symbol,alignment_and_analysis,D:\mfa_eojeol\logs\lab_build_2021_1bda84ba0ce0_unresolved_symbols.csv,pending,empty_reference_form; unresolved_symbol; no_LAB_generated
2021,1bda84ba0ce02fed685991f1da0dff3b75577fffa07b05b971293f8c189fe0f8,SDRW2100004135.1.1.145,text_duration_impossible,alignment_and_analysis,,pending,source_segment_text_duration_impossible
2021,1bda84ba0ce02fed685991f1da0dff3b75577fffa07b05b971293f8c189fe0f8,SDRW2100004135.1.1.283,text_duration_impossible,alignment_and_analysis,,pending,source_segment_text_duration_impossible
2021,1bda84ba0ce02fed685991f1da0dff3b75577fffa07b05b971293f8c189fe0f8,SDRW2100004136.1.1.344,text_duration_impossible,alignment_and_analysis,,pending,source_segment_text_duration_impossible
2021,1bda84ba0ce02fed685991f1da0dff3b75577fffa07b05b971293f8c189fe0f8,SDRW2100004137.1.1.123,empty_reference_unresolved_symbol,alignment_and_analysis,D:\mfa_eojeol\logs\lab_build_2021_1bda84ba0ce0_unresolved_symbols.csv,pending,empty_reference_form; unresolved_symbol; no_LAB_generated
2021,1bda84ba0ce02fed685991f1da0dff3b75577fffa07b05b971293f8c189fe0f8,SDRW2100004137.1.1.264,empty_reference_unresolved_symbol,alignment_and_analysis,D:\mfa_eojeol\logs\lab_build_2021_1bda84ba0ce0_unresolved_symbols.csv,pending,empty_reference_form; unresolved_symbol; no_LAB_generated
2021,1bda84ba0ce02fed685991f1da0dff3b75577fffa07b05b971293f8c189fe0f8,SDRW2100004137.1.1.37,empty_reference_unresolved_symbol,alignment_and_analysis,D:\mfa_eojeol\logs\lab_build_2021_1bda84ba0ce0_unresolved_symbols.csv,pending,empty_reference_form; unresolved_symbol; no_LAB_generated
2021,1bda84ba0ce02fed685991f1da0dff3b75577fffa07b05b971293f8c189fe0f8,SDRW2100004138.1.1.231,empty_reference_unresolved_symbol,alignment_and_analysis,D:\mfa_eojeol\logs\lab_build_2021_1bda84ba0ce0_unresolved_symbols.csv,pending,empty_reference_form; unresolved_symbol; no_LAB_generated
2021,1bda84ba0ce02fed685991f1da0dff3b75577fffa07b05b971293f8c189fe0f8,SDRW2100004140.1.1.293,empty_reference_unresolved_symbol,alignment_and_analysis,D:\mfa_eojeol\logs\lab_build_2021_1bda84ba0ce0_unresolved_symbols.csv,pending,empty_reference_form; unresolved_symbol; no_LAB_generated
2021,1bda84ba0ce02fed685991f1da0dff3b75577fffa07b05b971293f8c189fe0f8,SDRW2100004160.1.1.377,empty_reference_unresolved_symbol,alignment_and_analysis,D:\mfa_eojeol\logs\lab_build_2021_1bda84ba0ce0_unresolved_symbols.csv,pending,empty_reference_form; unresolved_symbol; no_LAB_generated
2021,1bda84ba0ce02fed685991f1da0dff3b75577fffa07b05b971293f8c189fe0f8,SDRW2100004193.1.1.186,empty_reference_unresolved_symbol,alignment_and_analysis,D:\mfa_eojeol\logs\lab_build_2021_1bda84ba0ce0_unresolved_symbols.csv,pending,empty_reference_form; unresolved_symbol; no_LAB_generated
2021,1bda84ba0ce02fed685991f1da0dff3b75577fffa07b05b971293f8c189fe0f8,SDRW2100004215.1.1.1,empty_reference_unresolved_symbol,alignment_and_analysis,D:\mfa_eojeol\logs\lab_build_2021_1bda84ba0ce0_unresolved_symbols.csv,pending,empty_reference_form; unresolved_symbol; no_LAB_generated
2021,1bda84ba0ce02fed685991f1da0dff3b75577fffa07b05b971293f8c189fe0f8,SDRW2100004234.1.1.115,text_duration_impossible,alignment_and_analysis,,pending,source_segment_text_duration_impossible
2021,1bda84ba0ce02fed685991f1da0dff3b75577fffa07b05b971293f8c189fe0f8,SDRW2100004234.1.1.134,text_duration_impossible,alignment_and_analysis,,pending,source_segment_text_duration_impossible
2021,1bda84ba0ce02fed685991f1da0dff3b75577fffa07b05b971293f8c189fe0f8,SDRW2100004234.1.1.150,text_duration_impossible,alignment_and_analysis,,pending,source_segment_text_duration_impossible
2021,1bda84ba0ce02fed685991f1da0dff3b75577fffa07b05b971293f8c189fe0f8,SDRW2100004234.1.1.159,text_duration_impossible,alignment_and_analysis,,pending,source_segment_text_duration_impossible
2021,1bda84ba0ce02fed685991f1da0dff3b75577fffa07b05b971293f8c189fe0f8,SDRW2100004234.1.1.161,text_duration_impossible,alignment_and_analysis,,pending,source_segment_text_duration_impossible
2021,1bda84ba0ce02fed685991f1da0dff3b75577fffa07b05b971293f8c189fe0f8,SDRW2100004234.1.1.54,text_duration_impossible,alignment_and_analysis,,pending,source_segment_text_duration_impossible
2021,1bda84ba0ce02fed685991f1da0dff3b75577fffa07b05b971293f8c189fe0f8,SDRW2100004234.1.1.61,text_duration_impossible,alignment_and_analysis,,pending,source_segment_text_duration_impossible
2021,1bda84ba0ce02fed685991f1da0dff3b75577fffa07b05b971293f8c189fe0f8,SDRW2100004234.1.1.72,text_duration_impossible,alignment_and_analysis,,pending,source_segment_text_duration_impossible
2021,1bda84ba0ce02fed685991f1da0dff3b75577fffa07b05b971293f8c189fe0f8,SDRW2100004234.1.1.81,text_duration_impossible,alignment_and_analysis,,pending,source_segment_text_duration_impossible
2021,1bda84ba0ce02fed685991f1da0dff3b75577fffa07b05b971293f8c189fe0f8,SDRW2100004234.1.1.84,text_duration_impossible,alignment_and_analysis,,pending,source_segment_text_duration_impossible
2021,1bda84ba0ce02fed685991f1da0dff3b75577fffa07b05b971293f8c189fe0f8,SDRW2100004234.1.1.88,text_duration_impossible,alignment_and_analysis,,pending,source_segment_text_duration_impossible
2021,1bda84ba0ce02fed685991f1da0dff3b75577fffa07b05b971293f8c189fe0f8,SDRW2100004234.1.1.89,text_duration_impossible,alignment_and_analysis,,pending,source_segment_text_duration_impossible
2021,1bda84ba0ce02fed685991f1da0dff3b75577fffa07b05b971293f8c189fe0f8,SDRW2100004234.1.1.94,text_duration_impossible,alignment_and_analysis,,pending,source_segment_text_duration_impossible
2021,1bda84ba0ce02fed685991f1da0dff3b75577fffa07b05b971293f8c189fe0f8,SDRW2100004234.1.1.95,text_duration_impossible,alignment_and_analysis,,pending,source_segment_text_duration_impossible
2021,1bda84ba0ce02fed685991f1da0dff3b75577fffa07b05b971293f8c189fe0f8,SDRW2100004234.1.1.98,text_duration_impossible,alignment_and_analysis,,pending,source_segment_text_duration_impossible
2021,1bda84ba0ce02fed685991f1da0dff3b75577fffa07b05b971293f8c189fe0f8,SDRW2100004258.1.1.159,empty_reference_unresolved_symbol,alignment_and_analysis,D:\mfa_eojeol\logs\lab_build_2021_1bda84ba0ce0_unresolved_symbols.csv,pending,empty_reference_form; unresolved_symbol; no_LAB_generated
2021,1bda84ba0ce02fed685991f1da0dff3b75577fffa07b05b971293f8c189fe0f8,SDRW2100004264.1.1.242,text_duration_impossible,alignment_and_analysis,,pending,source_segment_text_duration_impossible
2021,1bda84ba0ce02fed685991f1da0dff3b75577fffa07b05b971293f8c189fe0f8,SDRW2100004264.1.1.246,audio_pairing_unresolved,alignment_and_analysis,C:\Users\ari30\research\2026_summer_research\outputs\reports\PLAN_2021_wav_duration_recovery_20260803.csv,pending,target_unresolved
2021,1bda84ba0ce02fed685991f1da0dff3b75577fffa07b05b971293f8c189fe0f8,SDRW2100004264.1.1.357,empty_reference_unresolved_symbol,alignment_and_analysis,D:\mfa_eojeol\logs\lab_build_2021_1bda84ba0ce0_unresolved_symbols.csv,pending,empty_reference_form; unresolved_symbol; no_LAB_generated
2021,1bda84ba0ce02fed685991f1da0dff3b75577fffa07b05b971293f8c189fe0f8,SDRW2100004265.1.1.369,empty_reference_unresolved_symbol,alignment_and_analysis,D:\mfa_eojeol\logs\lab_build_2021_1bda84ba0ce0_unresolved_symbols.csv,pending,empty_reference_form; unresolved_symbol; no_LAB_generated
2021,1bda84ba0ce02fed685991f1da0dff3b75577fffa07b05b971293f8c189fe0f8,SDRW2100004272.1.1.270,text_duration_impossible,alignment_and_analysis,,pending,source_segment_text_duration_impossible
2021,1bda84ba0ce02fed685991f1da0dff3b75577fffa07b05b971293f8c189fe0f8,SDRW2100004282.1.1.3,empty_reference_unresolved_symbol,alignment_and_analysis,D:\mfa_eojeol\logs\lab_build_2021_1bda84ba0ce0_unresolved_symbols.csv,pending,empty_reference_form; unresolved_symbol; no_LAB_generated
2021,1bda84ba0ce02fed685991f1da0dff3b75577fffa07b05b971293f8c189fe0f8,SDRW2100004284.1.1.130,empty_reference_unresolved_symbol,alignment_and_analysis,D:\mfa_eojeol\logs\lab_build_2021_1bda84ba0ce0_unresolved_symbols.csv,pending,empty_reference_form; unresolved_symbol; no_LAB_generated
2021,1bda84ba0ce02fed685991f1da0dff3b75577fffa07b05b971293f8c189fe0f8,SDRW2100004407.1.1.24,text_duration_impossible,alignment_and_analysis,,pending,source_segment_text_duration_impossible
2021,1bda84ba0ce02fed685991f1da0dff3b75577fffa07b05b971293f8c189fe0f8,SDRW2100004421.1.1.281,empty_reference_unresolved_symbol,alignment_and_analysis,D:\mfa_eojeol\logs\lab_build_2021_1bda84ba0ce0_unresolved_symbols.csv,pending,empty_reference_form; unresolved_symbol; no_LAB_generated
