year,session,utt_id,morph_issue,morph_path,source_pcm_seconds,source_pcm_category,text_duration_status,csv_duration_seconds,hangul_syllables,eojeol_count,hangul_syllables_per_second,eojeol_per_second,exclusion_reason,recommended_action
2021,SDRW2100000024,SDRW2100000024.1.1.152,morph_source_missing,D:\20_AUDIO\06_textgrid_merged\2021\SDRW2100000024\SDRW2100000024.1.1.152.TextGrid,0.030,원본짧음,ok,0.035000,4,1,114.286,28.571,source_pcm_too_short,exclude_source_audio_unusable
2021,SDRW2100000024,SDRW2100000024.1.1.236,morph_source_missing,D:\20_AUDIO\06_textgrid_merged\2021\SDRW2100000024\SDRW2100000024.1.1.236.TextGrid,0.110,원본짧음,ok,0.111000,19,9,171.171,81.081,source_pcm_too_short,exclude_source_audio_unusable
2021,SDRW2100000039,SDRW2100000039.1.1.199,morph_source_missing,D:\20_AUDIO\06_textgrid_merged\2021\SDRW2100000039\SDRW2100000039.1.1.199.TextGrid,0.100,원본짧음,ok,0.100000,11,3,110.000,30.000,source_pcm_too_short,exclude_source_audio_unusable
2021,SDRW2100000039,SDRW2100000039.1.1.207,morph_source_missing,D:\20_AUDIO\06_textgrid_merged\2021\SDRW2100000039\SDRW2100000039.1.1.207.TextGrid,0.100,원본짧음,ok,0.100000,10,3,100.000,30.000,source_pcm_too_short,exclude_source_audio_unusable
2021,SDRW2100000059,SDRW2100000059.1.1.57,morph_source_missing,D:\20_AUDIO\06_textgrid_merged\2021\SDRW2100000059\SDRW2100000059.1.1.57.TextGrid,0.100,원본짧음,ok,0.100000,16,7,160.000,70.000,source_pcm_too_short,exclude_source_audio_unusable
2021,SDRW2100000154,SDRW2100000154.1.1.417,morph_source_missing,D:\20_AUDIO\06_textgrid_merged\2021\SDRW2100000154\SDRW2100000154.1.1.417.TextGrid,0.030,원본짧음,ok,0.029000,5,2,172.414,68.966,source_pcm_too_short,exclude_source_audio_unusable
2021,SDRW2100000157,SDRW2100000157.1.1.43,morph_source_missing,D:\20_AUDIO\06_textgrid_merged\2021\SDRW2100000157\SDRW2100000157.1.1.43.TextGrid,0.000,원본짧음,nonpositive_duration,,8,4,0.000,0.000,source_pcm_too_short,exclude_source_audio_unusable
2021,SDRW2100000224,SDRW2100000224.1.1.148,morph_source_missing,D:\20_AUDIO\06_textgrid_merged\2021\SDRW2100000224\SDRW2100000224.1.1.148.TextGrid,0.000,원본짧음,nonpositive_duration,,3,1,0.000,0.000,source_pcm_too_short,exclude_source_audio_unusable
2021,SDRW2100000224,SDRW2100000224.1.1.33,morph_source_missing,D:\20_AUDIO\06_textgrid_merged\2021\SDRW2100000224\SDRW2100000224.1.1.33.TextGrid,0.110,원본짧음,ok,0.100000,12,4,120.000,40.000,source_pcm_too_short,exclude_source_audio_unusable
2021,SDRW2100000317,SDRW2100000317.1.1.95,morph_source_missing,D:\20_AUDIO\06_textgrid_merged\2021\SDRW2100000317\SDRW2100000317.1.1.95.TextGrid,0.000,원본짧음,nonpositive_duration,,4,3,0.000,0.000,source_pcm_too_short,exclude_source_audio_unusable
2021,SDRW2100000329,SDRW2100000329.1.1.318,morph_source_missing,D:\20_AUDIO\06_textgrid_merged\2021\SDRW2100000329\SDRW2100000329.1.1.318.TextGrid,0.000,원본짧음,nonpositive_duration,,17,7,0.000,0.000,source_pcm_too_short,exclude_source_audio_unusable
2021,SDRW2100000468,SDRW2100000468.1.1.297,morph_source_missing,D:\20_AUDIO\06_textgrid_merged\2021\SDRW2100000468\SDRW2100000468.1.1.297.TextGrid,0.000,원본짧음,ok,0.009000,19,8,2111.111,888.889,source_pcm_too_short,exclude_source_audio_unusable
2021,SDRW2100000549,SDRW2100000549.1.1.122,morph_source_missing,D:\20_AUDIO\06_textgrid_merged\2021\SDRW2100000549\SDRW2100000549.1.1.122.TextGrid,0.320,원본정상,ok,0.316000,30,12,94.937,37.975,source_segment_text_duration_impossible,exclude_source_audio_unusable
2021,SDRW2100000550,SDRW2100000550.1.1.196,morph_source_missing,D:\20_AUDIO\06_textgrid_merged\2021\SDRW2100000550\SDRW2100000550.1.1.196.TextGrid,0.490,원본정상,ok,0.492000,31,10,63.008,20.325,source_segment_text_duration_impossible,exclude_source_audio_unusable
2021,SDRW2100000584,SDRW2100000584.1.1.192,morph_source_missing,D:\20_AUDIO\06_textgrid_merged\2021\SDRW2100000584\SDRW2100000584.1.1.192.TextGrid,0.380,원본정상,ok,0.378000,30,9,79.365,23.810,source_segment_text_duration_impossible,exclude_source_audio_unusable
2021,SDRW2100000699,SDRW2100000699.1.1.43,morph_source_missing,D:\20_AUDIO\06_textgrid_merged\2021\SDRW2100000699\SDRW2100000699.1.1.43.TextGrid,0.360,원본정상,ok,0.363000,19,11,52.342,30.303,source_segment_text_duration_impossible,exclude_source_audio_unusable
2021,SDRW2100000736,SDRW2100000736.1.1.308,morph_source_missing,D:\20_AUDIO\06_textgrid_merged\2021\SDRW2100000736\SDRW2100000736.1.1.308.TextGrid,0.100,원본짧음,ok,0.100000,9,4,90.000,40.000,source_pcm_too_short,exclude_source_audio_unusable
2021,SDRW2100000800,SDRW2100000800.1.1.94,morph_source_missing,D:\20_AUDIO\06_textgrid_merged\2021\SDRW2100000800\SDRW2100000800.1.1.94.TextGrid,0.192,원본짧음,ok,2.908000,13,5,4.470,1.719,source_pcm_too_short,exclude_source_audio_unusable
2021,SDRW2100000814,SDRW2100000814.1.1.286,morph_source_missing,D:\20_AUDIO\06_textgrid_merged\2021\SDRW2100000814\SDRW2100000814.1.1.286.TextGrid,0.430,원본정상,ok,0.436000,52,19,119.266,43.578,source_segment_text_duration_impossible,exclude_source_audio_unusable
2021,SDRW2100000871,SDRW2100000871.1.1.215,morph_source_missing,D:\20_AUDIO\06_textgrid_merged\2021\SDRW2100000871\SDRW2100000871.1.1.215.TextGrid,0.100,원본짧음,ok,0.100000,5,2,50.000,20.000,source_pcm_too_short,exclude_source_audio_unusable
2021,SDRW2100000934,SDRW2100000934.1.1.137,morph_source_missing,D:\20_AUDIO\06_textgrid_merged\2021\SDRW2100000934\SDRW2100000934.1.1.137.TextGrid,0.000,원본짧음,nonpositive_duration,,8,3,0.000,0.000,source_pcm_too_short,exclude_source_audio_unusable
2021,SDRW2100000975,SDRW2100000975.1.1.260,morph_source_missing,D:\20_AUDIO\06_textgrid_merged\2021\SDRW2100000975\SDRW2100000975.1.1.260.TextGrid,0.480,원본정상,ok,0.479000,32,13,66.806,27.140,source_segment_text_duration_impossible,exclude_source_audio_unusable
2021,SDRW2100001211,SDRW2100001211.1.1.276,morph_source_missing,D:\20_AUDIO\06_textgrid_merged\2021\SDRW2100001211\SDRW2100001211.1.1.276.TextGrid,0.040,원본짧음,ok,0.038000,19,7,500.000,184.211,source_pcm_too_short,exclude_source_audio_unusable
2021,SDRW2100001359,SDRW2100001359.1.1.161,morph_source_missing,D:\20_AUDIO\06_textgrid_merged\2021\SDRW2100001359\SDRW2100001359.1.1.161.TextGrid,0.000,원본짧음,nonpositive_duration,,7,4,0.000,0.000,source_pcm_too_short,exclude_source_audio_unusable
2021,SDRW2100001504,SDRW2100001504.1.1.447,morph_source_missing,D:\20_AUDIO\06_textgrid_merged\2021\SDRW2100001504\SDRW2100001504.1.1.447.TextGrid,0.020,원본짧음,ok,0.011000,6,2,545.455,181.818,source_pcm_too_short,exclude_source_audio_unusable
2021,SDRW2100001505,SDRW2100001505.1.1.435,morph_source_missing,D:\20_AUDIO\06_textgrid_merged\2021\SDRW2100001505\SDRW2100001505.1.1.435.TextGrid,0.010,원본짧음,ok,0.008000,13,6,1625.000,750.000,source_pcm_too_short,exclude_source_audio_unusable
2021,SDRW2100001510,SDRW2100001510.1.1.298,morph_source_missing,D:\20_AUDIO\06_textgrid_merged\2021\SDRW2100001510\SDRW2100001510.1.1.298.TextGrid,0.040,원본짧음,ok,0.038000,9,5,236.842,131.579,source_pcm_too_short,exclude_source_audio_unusable
2021,SDRW2100001511,SDRW2100001511.1.1.171,morph_source_missing,D:\20_AUDIO\06_textgrid_merged\2021\SDRW2100001511\SDRW2100001511.1.1.171.TextGrid,0.080,원본짧음,ok,0.081000,12,6,148.148,74.074,source_pcm_too_short,exclude_source_audio_unusable
2021,SDRW2100001512,SDRW2100001512.1.1.33,morph_source_missing,D:\20_AUDIO\06_textgrid_merged\2021\SDRW2100001512\SDRW2100001512.1.1.33.TextGrid,0.040,원본짧음,ok,0.040000,6,3,150.000,75.000,source_pcm_too_short,exclude_source_audio_unusable
2021,SDRW2100001512,SDRW2100001512.1.1.425,morph_source_missing,D:\20_AUDIO\06_textgrid_merged\2021\SDRW2100001512\SDRW2100001512.1.1.425.TextGrid,0.010,원본짧음,ok,0.003000,10,5,3333.333,1666.667,source_pcm_too_short,exclude_source_audio_unusable
2021,SDRW2100001512,SDRW2100001512.1.1.488,morph_source_missing,D:\20_AUDIO\06_textgrid_merged\2021\SDRW2100001512\SDRW2100001512.1.1.488.TextGrid,0.030,원본짧음,ok,0.030000,13,5,433.333,166.667,source_pcm_too_short,exclude_source_audio_unusable
2021,SDRW2100001512,SDRW2100001512.1.1.88,morph_source_missing,D:\20_AUDIO\06_textgrid_merged\2021\SDRW2100001512\SDRW2100001512.1.1.88.TextGrid,0.010,원본짧음,ok,0.005000,16,7,3200.000,1400.000,source_pcm_too_short,exclude_source_audio_unusable
2021,SDRW2100001580,SDRW2100001580.1.1.250,morph_source_missing,D:\20_AUDIO\06_textgrid_merged\2021\SDRW2100001580\SDRW2100001580.1.1.250.TextGrid,0.360,원본정상,ok,0.359000,24,11,66.852,30.641,source_segment_text_duration_impossible,exclude_source_audio_unusable
2021,SDRW2100001591,SDRW2100001591.1.1.229,morph_source_missing,D:\20_AUDIO\06_textgrid_merged\2021\SDRW2100001591\SDRW2100001591.1.1.229.TextGrid,0.020,원본짧음,ok,0.016000,4,1,250.000,62.500,source_pcm_too_short,exclude_source_audio_unusable
2021,SDRW2100001591,SDRW2100001591.1.1.235,morph_source_missing,D:\20_AUDIO\06_textgrid_merged\2021\SDRW2100001591\SDRW2100001591.1.1.235.TextGrid,0.010,원본짧음,ok,0.005000,14,7,2800.000,1400.000,source_pcm_too_short,exclude_source_audio_unusable
2021,SDRW2100001592,SDRW2100001592.1.1.338,morph_source_missing,D:\20_AUDIO\06_textgrid_merged\2021\SDRW2100001592\SDRW2100001592.1.1.338.TextGrid,0.010,원본짧음,ok,0.013000,15,6,1153.846,461.538,source_pcm_too_short,exclude_source_audio_unusable
2021,SDRW2100001592,SDRW2100001592.1.1.373,morph_source_missing,D:\20_AUDIO\06_textgrid_merged\2021\SDRW2100001592\SDRW2100001592.1.1.373.TextGrid,0.000,원본짧음,ok,0.005000,4,1,800.000,200.000,source_pcm_too_short,exclude_source_audio_unusable
2021,SDRW2100001615,SDRW2100001615.1.1.496,morph_source_missing,D:\20_AUDIO\06_textgrid_merged\2021\SDRW2100001615\SDRW2100001615.1.1.496.TextGrid,0.020,원본짧음,ok,0.022000,4,3,181.818,136.364,source_pcm_too_short,exclude_source_audio_unusable
2021,SDRW2100001643,SDRW2100001643.1.1.502,morph_source_missing,D:\20_AUDIO\06_textgrid_merged\2021\SDRW2100001643\SDRW2100001643.1.1.502.TextGrid,0.192,원본짧음,ok,3.550000,18,9,5.070,2.535,source_pcm_too_short,exclude_source_audio_unusable
2021,SDRW2100001747,SDRW2100001747.1.1.1,morph_source_missing,D:\20_AUDIO\06_textgrid_merged\2021\SDRW2100001747\SDRW2100001747.1.1.1.TextGrid,0.100,원본짧음,ok,4.739000,19,6,4.009,1.266,source_pcm_too_short,exclude_source_audio_unusable
2021,SDRW2100001747,SDRW2100001747.1.1.10,morph_source_missing,D:\20_AUDIO\06_textgrid_merged\2021\SDRW2100001747\SDRW2100001747.1.1.10.TextGrid,0.100,원본짧음,ok,4.291000,7,4,1.631,0.932,source_pcm_too_short,exclude_source_audio_unusable
2021,SDRW2100001747,SDRW2100001747.1.1.100,morph_source_missing,D:\20_AUDIO\06_textgrid_merged\2021\SDRW2100001747\SDRW2100001747.1.1.100.TextGrid,0.100,원본짧음,ok,4.994000,27,9,5.406,1.802,source_pcm_too_short,exclude_source_audio_unusable
2021,SDRW2100001747,SDRW2100001747.1.1.101,morph_source_missing,D:\20_AUDIO\06_textgrid_merged\2021\SDRW2100001747\SDRW2100001747.1.1.101.TextGrid,0.100,원본짧음,ok,2.550000,11,4,4.314,1.569,source_pcm_too_short,exclude_source_audio_unusable
2021,SDRW2100001747,SDRW2100001747.1.1.102,morph_source_missing,D:\20_AUDIO\06_textgrid_merged\2021\SDRW2100001747\SDRW2100001747.1.1.102.TextGrid,0.100,원본짧음,ok,2.740000,16,7,5.839,2.555,source_pcm_too_short,exclude_source_audio_unusable
2021,SDRW2100001747,SDRW2100001747.1.1.103,morph_source_missing,D:\20_AUDIO\06_textgrid_merged\2021\SDRW2100001747\SDRW2100001747.1.1.103.TextGrid,0.100,원본짧음,ok,4.436000,17,7,3.832,1.578,source_pcm_too_short,exclude_source_audio_unusable
2021,SDRW2100001747,SDRW2100001747.1.1.104,morph_source_missing,D:\20_AUDIO\06_textgrid_merged\2021\SDRW2100001747\SDRW2100001747.1.1.104.TextGrid,0.100,원본짧음,ok,1.236000,3,2,2.427,1.618,source_pcm_too_short,exclude_source_audio_unusable
2021,SDRW2100001747,SDRW2100001747.1.1.105,morph_source_missing,D:\20_AUDIO\06_textgrid_merged\2021\SDRW2100001747\SDRW2100001747.1.1.105.TextGrid,0.100,원본짧음,ok,4.481000,24,10,5.356,2.232,source_pcm_too_short,exclude_source_audio_unusable
2021,SDRW2100001747,SDRW2100001747.1.1.106,morph_source_missing,D:\20_AUDIO\06_textgrid_merged\2021\SDRW2100001747\SDRW2100001747.1.1.106.TextGrid,0.100,원본짧음,ok,3.844000,19,10,4.943,2.601,source_pcm_too_short,exclude_source_audio_unusable
2021,SDRW2100001747,SDRW2100001747.1.1.107,morph_source_missing,D:\20_AUDIO\06_textgrid_merged\2021\SDRW2100001747\SDRW2100001747.1.1.107.TextGrid,0.100,원본짧음,ok,2.375000,7,3,2.947,1.263,source_pcm_too_short,exclude_source_audio_unusable
2021,SDRW2100001747,SDRW2100001747.1.1.108,morph_source_missing,D:\20_AUDIO\06_textgrid_merged\2021\SDRW2100001747\SDRW2100001747.1.1.108.TextGrid,0.100,원본짧음,ok,3.365000,15,6,4.458,1.783,source_pcm_too_short,exclude_source_audio_unusable
2021,SDRW2100001747,SDRW2100001747.1.1.109,morph_source_missing,D:\20_AUDIO\06_textgrid_merged\2021\SDRW2100001747\SDRW2100001747.1.1.109.TextGrid,0.100,원본짧음,ok,3.367000,23,9,6.831,2.673,source_pcm_too_short,exclude_source_audio_unusable
2021,SDRW2100001747,SDRW2100001747.1.1.11,morph_source_missing,D:\20_AUDIO\06_textgrid_merged\2021\SDRW2100001747\SDRW2100001747.1.1.11.TextGrid,0.100,원본짧음,ok,4.880000,19,7,3.893,1.434,source_pcm_too_short,exclude_source_audio_unusable
2021,SDRW2100001747,SDRW2100001747.1.1.110,morph_source_missing,D:\20_AUDIO\06_textgrid_merged\2021\SDRW2100001747\SDRW2100001747.1.1.110.TextGrid,0.100,원본짧음,ok,3.467000,19,6,5.480,1.731,source_pcm_too_short,exclude_source_audio_unusable
2021,SDRW2100001747,SDRW2100001747.1.1.111,morph_source_missing,D:\20_AUDIO\06_textgrid_merged\2021\SDRW2100001747\SDRW2100001747.1.1.111.TextGrid,0.100,원본짧음,ok,2.826000,13,4,4.600,1.415,source_pcm_too_short,exclude_source_audio_unusable
2021,SDRW2100001747,SDRW2100001747.1.1.112,morph_source_missing,D:\20_AUDIO\06_textgrid_merged\2021\SDRW2100001747\SDRW2100001747.1.1.112.TextGrid,0.100,원본짧음,ok,3.004000,12,4,3.995,1.332,source_pcm_too_short,exclude_source_audio_unusable
2021,SDRW2100001747,SDRW2100001747.1.1.113,morph_source_missing,D:\20_AUDIO\06_textgrid_merged\2021\SDRW2100001747\SDRW2100001747.1.1.113.TextGrid,0.100,원본짧음,ok,2.310000,14,6,6.061,2.597,source_pcm_too_short,exclude_source_audio_unusable
2021,SDRW2100001747,SDRW2100001747.1.1.114,morph_source_missing,D:\20_AUDIO\06_textgrid_merged\2021\SDRW2100001747\SDRW2100001747.1.1.114.TextGrid,0.100,원본짧음,ok,5.098000,28,11,5.492,2.158,source_pcm_too_short,exclude_source_audio_unusable
2021,SDRW2100001747,SDRW2100001747.1.1.115,morph_source_missing,D:\20_AUDIO\06_textgrid_merged\2021\SDRW2100001747\SDRW2100001747.1.1.115.TextGrid,0.100,원본짧음,ok,5.000000,29,8,5.800,1.600,source_pcm_too_short,exclude_source_audio_unusable
2021,SDRW2100001747,SDRW2100001747.1.1.116,morph_source_missing,D:\20_AUDIO\06_textgrid_merged\2021\SDRW2100001747\SDRW2100001747.1.1.116.TextGrid,0.100,원본짧음,ok,3.960000,15,7,3.788,1.768,source_pcm_too_short,exclude_source_audio_unusable
2021,SDRW2100001747,SDRW2100001747.1.1.117,morph_source_missing,D:\20_AUDIO\06_textgrid_merged\2021\SDRW2100001747\SDRW2100001747.1.1.117.TextGrid,0.100,원본짧음,ok,4.277000,12,5,2.806,1.169,source_pcm_too_short,exclude_source_audio_unusable
2021,SDRW2100001747,SDRW2100001747.1.1.118,morph_source_missing,D:\20_AUDIO\06_textgrid_merged\2021\SDRW2100001747\SDRW2100001747.1.1.118.TextGrid,0.100,원본짧음,ok,2.552000,11,4,4.310,1.567,source_pcm_too_short,exclude_source_audio_unusable
2021,SDRW2100001747,SDRW2100001747.1.1.119,morph_source_missing,D:\20_AUDIO\06_textgrid_merged\2021\SDRW2100001747\SDRW2100001747.1.1.119.TextGrid,0.100,원본짧음,ok,3.165000,12,4,3.791,1.264,source_pcm_too_short,exclude_source_audio_unusable
2021,SDRW2100001747,SDRW2100001747.1.1.12,morph_source_missing,D:\20_AUDIO\06_textgrid_merged\2021\SDRW2100001747\SDRW2100001747.1.1.12.TextGrid,0.100,원본짧음,ok,2.165000,6,2,2.771,0.924,source_pcm_too_short,exclude_source_audio_unusable
2021,SDRW2100001747,SDRW2100001747.1.1.120,morph_source_missing,D:\20_AUDIO\06_textgrid_merged\2021\SDRW2100001747\SDRW2100001747.1.1.120.TextGrid,0.100,원본짧음,ok,3.440000,13,5,3.779,1.453,source_pcm_too_short,exclude_source_audio_unusable
2021,SDRW2100001747,SDRW2100001747.1.1.121,morph_source_missing,D:\20_AUDIO\06_textgrid_merged\2021\SDRW2100001747\SDRW2100001747.1.1.121.TextGrid,0.100,원본짧음,ok,3.883000,17,7,4.378,1.803,source_pcm_too_short,exclude_source_audio_unusable
2021,SDRW2100001747,SDRW2100001747.1.1.122,morph_source_missing,D:\20_AUDIO\06_textgrid_merged\2021\SDRW2100001747\SDRW2100001747.1.1.122.TextGrid,0.100,원본짧음,ok,1.712000,7,3,4.089,1.752,source_pcm_too_short,exclude_source_audio_unusable
2021,SDRW2100001747,SDRW2100001747.1.1.123,morph_source_missing,D:\20_AUDIO\06_textgrid_merged\2021\SDRW2100001747\SDRW2100001747.1.1.123.TextGrid,0.100,원본짧음,ok,2.916000,10,4,3.429,1.372,source_pcm_too_short,exclude_source_audio_unusable
2021,SDRW2100001747,SDRW2100001747.1.1.124,morph_source_missing,D:\20_AUDIO\06_textgrid_merged\2021\SDRW2100001747\SDRW2100001747.1.1.124.TextGrid,0.100,원본짧음,ok,3.376000,16,6,4.739,1.777,source_pcm_too_short,exclude_source_audio_unusable
2021,SDRW2100001747,SDRW2100001747.1.1.125,morph_source_missing,D:\20_AUDIO\06_textgrid_merged\2021\SDRW2100001747\SDRW2100001747.1.1.125.TextGrid,0.100,원본짧음,ok,3.837000,19,7,4.952,1.824,source_pcm_too_short,exclude_source_audio_unusable
2021,SDRW2100001747,SDRW2100001747.1.1.126,morph_source_missing,D:\20_AUDIO\06_textgrid_merged\2021\SDRW2100001747\SDRW2100001747.1.1.126.TextGrid,0.100,원본짧음,ok,3.064000,17,5,5.548,1.632,source_pcm_too_short,exclude_source_audio_unusable
2021,SDRW2100001747,SDRW2100001747.1.1.127,morph_source_missing,D:\20_AUDIO\06_textgrid_merged\2021\SDRW2100001747\SDRW2100001747.1.1.127.TextGrid,0.100,원본짧음,ok,2.049000,6,3,2.928,1.464,source_pcm_too_short,exclude_source_audio_unusable
2021,SDRW2100001747,SDRW2100001747.1.1.128,morph_source_missing,D:\20_AUDIO\06_textgrid_merged\2021\SDRW2100001747\SDRW2100001747.1.1.128.TextGrid,0.100,원본짧음,ok,5.060000,29,12,5.731,2.372,source_pcm_too_short,exclude_source_audio_unusable
2021,SDRW2100001747,SDRW2100001747.1.1.129,morph_source_missing,D:\20_AUDIO\06_textgrid_merged\2021\SDRW2100001747\SDRW2100001747.1.1.129.TextGrid,0.100,원본짧음,ok,2.263000,8,2,3.535,0.884,source_pcm_too_short,exclude_source_audio_unusable
2021,SDRW2100001747,SDRW2100001747.1.1.13,morph_source_missing,D:\20_AUDIO\06_textgrid_merged\2021\SDRW2100001747\SDRW2100001747.1.1.13.TextGrid,0.100,원본짧음,ok,3.507000,18,7,5.133,1.996,source_pcm_too_short,exclude_source_audio_unusable
2021,SDRW2100001747,SDRW2100001747.1.1.130,morph_source_missing,D:\20_AUDIO\06_textgrid_merged\2021\SDRW2100001747\SDRW2100001747.1.1.130.TextGrid,0.100,원본짧음,ok,4.684000,22,10,4.697,2.135,source_pcm_too_short,exclude_source_audio_unusable
2021,SDRW2100001747,SDRW2100001747.1.1.131,morph_source_missing,D:\20_AUDIO\06_textgrid_merged\2021\SDRW2100001747\SDRW2100001747.1.1.131.TextGrid,0.100,원본짧음,ok,4.235000,23,7,5.431,1.653,source_pcm_too_short,exclude_source_audio_unusable
2021,SDRW2100001747,SDRW2100001747.1.1.132,morph_source_missing,D:\20_AUDIO\06_textgrid_merged\2021\SDRW2100001747\SDRW2100001747.1.1.132.TextGrid,0.100,원본짧음,ok,2.431000,13,4,5.348,1.645,source_pcm_too_short,exclude_source_audio_unusable
2021,SDRW2100001747,SDRW2100001747.1.1.133,morph_source_missing,D:\20_AUDIO\06_textgrid_merged\2021\SDRW2100001747\SDRW2100001747.1.1.133.TextGrid,0.100,원본짧음,ok,3.920000,17,7,4.337,1.786,source_pcm_too_short,exclude_source_audio_unusable
2021,SDRW2100001747,SDRW2100001747.1.1.134,morph_source_missing,D:\20_AUDIO\06_textgrid_merged\2021\SDRW2100001747\SDRW2100001747.1.1.134.TextGrid,0.100,원본짧음,ok,3.208000,17,5,5.299,1.559,source_pcm_too_short,exclude_source_audio_unusable
2021,SDRW2100001747,SDRW2100001747.1.1.135,morph_source_missing,D:\20_AUDIO\06_textgrid_merged\2021\SDRW2100001747\SDRW2100001747.1.1.135.TextGrid,0.100,원본짧음,ok,4.473000,28,10,6.260,2.236,source_pcm_too_short,exclude_source_audio_unusable
2021,SDRW2100001747,SDRW2100001747.1.1.136,morph_source_missing,D:\20_AUDIO\06_textgrid_merged\2021\SDRW2100001747\SDRW2100001747.1.1.136.TextGrid,0.100,원본짧음,ok,3.000000,14,5,4.667,1.667,source_pcm_too_short,exclude_source_audio_unusable
2021,SDRW2100001747,SDRW2100001747.1.1.137,morph_source_missing,D:\20_AUDIO\06_textgrid_merged\2021\SDRW2100001747\SDRW2100001747.1.1.137.TextGrid,0.100,원본짧음,ok,2.774000,13,6,4.686,2.163,source_pcm_too_short,exclude_source_audio_unusable
2021,SDRW2100001747,SDRW2100001747.1.1.138,morph_source_missing,D:\20_AUDIO\06_textgrid_merged\2021\SDRW2100001747\SDRW2100001747.1.1.138.TextGrid,0.100,원본짧음,ok,3.285000,18,7,5.479,2.131,source_pcm_too_short,exclude_source_audio_unusable
2021,SDRW2100001747,SDRW2100001747.1.1.139,morph_source_missing,D:\20_AUDIO\06_textgrid_merged\2021\SDRW2100001747\SDRW2100001747.1.1.139.TextGrid,0.100,원본짧음,ok,5.043000,22,10,4.362,1.983,source_pcm_too_short,exclude_source_audio_unusable
2021,SDRW2100001747,SDRW2100001747.1.1.14,morph_source_missing,D:\20_AUDIO\06_textgrid_merged\2021\SDRW2100001747\SDRW2100001747.1.1.14.TextGrid,0.100,원본짧음,ok,4.884000,19,10,3.890,2.048,source_pcm_too_short,exclude_source_audio_unusable
2021,SDRW2100001747,SDRW2100001747.1.1.140,morph_source_missing,D:\20_AUDIO\06_textgrid_merged\2021\SDRW2100001747\SDRW2100001747.1.1.140.TextGrid,0.100,원본짧음,ok,5.079000,26,10,5.119,1.969,source_pcm_too_short,exclude_source_audio_unusable
2021,SDRW2100001747,SDRW2100001747.1.1.141,morph_source_missing,D:\20_AUDIO\06_textgrid_merged\2021\SDRW2100001747\SDRW2100001747.1.1.141.TextGrid,0.100,원본짧음,ok,4.500000,18,7,4.000,1.556,source_pcm_too_short,exclude_source_audio_unusable
2021,SDRW2100001747,SDRW2100001747.1.1.142,morph_source_missing,D:\20_AUDIO\06_textgrid_merged\2021\SDRW2100001747\SDRW2100001747.1.1.142.TextGrid,0.100,원본짧음,ok,1.868000,10,4,5.353,2.141,source_pcm_too_short,exclude_source_audio_unusable
2021,SDRW2100001747,SDRW2100001747.1.1.143,morph_source_missing,D:\20_AUDIO\06_textgrid_merged\2021\SDRW2100001747\SDRW2100001747.1.1.143.TextGrid,0.100,원본짧음,ok,4.132000,29,13,7.018,3.146,source_pcm_too_short,exclude_source_audio_unusable
2021,SDRW2100001747,SDRW2100001747.1.1.144,morph_source_missing,D:\20_AUDIO\06_textgrid_merged\2021\SDRW2100001747\SDRW2100001747.1.1.144.TextGrid,0.100,원본짧음,ok,4.132000,23,9,5.566,2.178,source_pcm_too_short,exclude_source_audio_unusable
2021,SDRW2100001747,SDRW2100001747.1.1.145,morph_source_missing,D:\20_AUDIO\06_textgrid_merged\2021\SDRW2100001747\SDRW2100001747.1.1.145.TextGrid,0.100,원본짧음,ok,4.820000,33,15,6.846,3.112,source_pcm_too_short,exclude_source_audio_unusable
2021,SDRW2100001747,SDRW2100001747.1.1.146,morph_source_missing,D:\20_AUDIO\06_textgrid_merged\2021\SDRW2100001747\SDRW2100001747.1.1.146.TextGrid,0.100,원본짧음,ok,2.297000,6,3,2.612,1.306,source_pcm_too_short,exclude_source_audio_unusable
2021,SDRW2100001747,SDRW2100001747.1.1.147,morph_source_missing,D:\20_AUDIO\06_textgrid_merged\2021\SDRW2100001747\SDRW2100001747.1.1.147.TextGrid,0.100,원본짧음,ok,3.540000,18,7,5.085,1.977,source_pcm_too_short,exclude_source_audio_unusable
2021,SDRW2100001747,SDRW2100001747.1.1.148,morph_source_missing,D:\20_AUDIO\06_textgrid_merged\2021\SDRW2100001747\SDRW2100001747.1.1.148.TextGrid,0.100,원본짧음,ok,3.834000,22,9,5.738,2.347,source_pcm_too_short,exclude_source_audio_unusable
2021,SDRW2100001747,SDRW2100001747.1.1.149,morph_source_missing,D:\20_AUDIO\06_textgrid_merged\2021\SDRW2100001747\SDRW2100001747.1.1.149.TextGrid,0.100,원본짧음,ok,2.097000,9,2,4.292,0.954,source_pcm_too_short,exclude_source_audio_unusable
2021,SDRW2100001747,SDRW2100001747.1.1.15,morph_source_missing,D:\20_AUDIO\06_textgrid_merged\2021\SDRW2100001747\SDRW2100001747.1.1.15.TextGrid,0.100,원본짧음,ok,4.932000,24,9,4.866,1.825,source_pcm_too_short,exclude_source_audio_unusable
2021,SDRW2100001747,SDRW2100001747.1.1.150,morph_source_missing,D:\20_AUDIO\06_textgrid_merged\2021\SDRW2100001747\SDRW2100001747.1.1.150.TextGrid,0.100,원본짧음,ok,4.355000,19,13,4.363,2.985,source_pcm_too_short,exclude_source_audio_unusable
2021,SDRW2100001747,SDRW2100001747.1.1.151,morph_source_missing,D:\20_AUDIO\06_textgrid_merged\2021\SDRW2100001747\SDRW2100001747.1.1.151.TextGrid,0.100,원본짧음,ok,3.450000,21,10,6.087,2.899,source_pcm_too_short,exclude_source_audio_unusable
2021,SDRW2100001747,SDRW2100001747.1.1.152,morph_source_missing,D:\20_AUDIO\06_textgrid_merged\2021\SDRW2100001747\SDRW2100001747.1.1.152.TextGrid,0.100,원본짧음,ok,1.970000,8,3,4.061,1.523,source_pcm_too_short,exclude_source_audio_unusable
2021,SDRW2100001747,SDRW2100001747.1.1.153,morph_source_missing,D:\20_AUDIO\06_textgrid_merged\2021\SDRW2100001747\SDRW2100001747.1.1.153.TextGrid,0.100,원본짧음,ok,4.115000,24,10,5.832,2.430,source_pcm_too_short,exclude_source_audio_unusable
2021,SDRW2100001747,SDRW2100001747.1.1.154,morph_source_missing,D:\20_AUDIO\06_textgrid_merged\2021\SDRW2100001747\SDRW2100001747.1.1.154.TextGrid,0.100,원본짧음,ok,2.677000,16,5,5.977,1.868,source_pcm_too_short,exclude_source_audio_unusable
2021,SDRW2100001747,SDRW2100001747.1.1.155,morph_source_missing,D:\20_AUDIO\06_textgrid_merged\2021\SDRW2100001747\SDRW2100001747.1.1.155.TextGrid,0.100,원본짧음,ok,2.838000,13,2,4.581,0.705,source_pcm_too_short,exclude_source_audio_unusable
2021,SDRW2100001747,SDRW2100001747.1.1.156,morph_source_missing,D:\20_AUDIO\06_textgrid_merged\2021\SDRW2100001747\SDRW2100001747.1.1.156.TextGrid,0.100,원본짧음,ok,2.290000,10,3,4.367,1.310,source_pcm_too_short,exclude_source_audio_unusable
2021,SDRW2100001747,SDRW2100001747.1.1.157,morph_source_missing,D:\20_AUDIO\06_textgrid_merged\2021\SDRW2100001747\SDRW2100001747.1.1.157.TextGrid,0.100,원본짧음,ok,4.819000,17,4,3.528,0.830,source_pcm_too_short,exclude_source_audio_unusable
2021,SDRW2100001747,SDRW2100001747.1.1.158,morph_source_missing,D:\20_AUDIO\06_textgrid_merged\2021\SDRW2100001747\SDRW2100001747.1.1.158.TextGrid,0.100,원본짧음,ok,4.292000,14,6,3.262,1.398,source_pcm_too_short,exclude_source_audio_unusable
2021,SDRW2100001747,SDRW2100001747.1.1.159,morph_source_missing,D:\20_AUDIO\06_textgrid_merged\2021\SDRW2100001747\SDRW2100001747.1.1.159.TextGrid,0.100,원본짧음,ok,0.802000,3,1,3.741,1.247,source_pcm_too_short,exclude_source_audio_unusable
2021,SDRW2100001747,SDRW2100001747.1.1.16,morph_source_missing,D:\20_AUDIO\06_textgrid_merged\2021\SDRW2100001747\SDRW2100001747.1.1.16.TextGrid,0.100,원본짧음,ok,4.981000,17,7,3.413,1.405,source_pcm_too_short,exclude_source_audio_unusable
2021,SDRW2100001747,SDRW2100001747.1.1.160,morph_source_missing,D:\20_AUDIO\06_textgrid_merged\2021\SDRW2100001747\SDRW2100001747.1.1.160.TextGrid,0.100,원본짧음,ok,4.877000,19,9,3.896,1.845,source_pcm_too_short,exclude_source_audio_unusable
2021,SDRW2100001747,SDRW2100001747.1.1.161,morph_source_missing,D:\20_AUDIO\06_textgrid_merged\2021\SDRW2100001747\SDRW2100001747.1.1.161.TextGrid,0.100,원본짧음,ok,2.744000,13,4,4.738,1.458,source_pcm_too_short,exclude_source_audio_unusable
2021,SDRW2100001747,SDRW2100001747.1.1.162,morph_source_missing,D:\20_AUDIO\06_textgrid_merged\2021\SDRW2100001747\SDRW2100001747.1.1.162.TextGrid,0.100,원본짧음,ok,3.700000,17,8,4.595,2.162,source_pcm_too_short,exclude_source_audio_unusable
2021,SDRW2100001747,SDRW2100001747.1.1.163,morph_source_missing,D:\20_AUDIO\06_textgrid_merged\2021\SDRW2100001747\SDRW2100001747.1.1.163.TextGrid,0.100,원본짧음,ok,3.203000,21,8,6.556,2.498,source_pcm_too_short,exclude_source_audio_unusable
2021,SDRW2100001747,SDRW2100001747.1.1.164,morph_source_missing,D:\20_AUDIO\06_textgrid_merged\2021\SDRW2100001747\SDRW2100001747.1.1.164.TextGrid,0.100,원본짧음,ok,1.798000,7,3,3.893,1.669,source_pcm_too_short,exclude_source_audio_unusable
2021,SDRW2100001747,SDRW2100001747.1.1.165,morph_source_missing,D:\20_AUDIO\06_textgrid_merged\2021\SDRW2100001747\SDRW2100001747.1.1.165.TextGrid,0.100,원본짧음,ok,2.794000,19,7,6.800,2.505,source_pcm_too_short,exclude_source_audio_unusable
2021,SDRW2100001747,SDRW2100001747.1.1.166,morph_source_missing,D:\20_AUDIO\06_textgrid_merged\2021\SDRW2100001747\SDRW2100001747.1.1.166.TextGrid,0.100,원본짧음,ok,2.773000,17,5,6.131,1.803,source_pcm_too_short,exclude_source_audio_unusable
2021,SDRW2100001747,SDRW2100001747.1.1.167,morph_source_missing,D:\20_AUDIO\06_textgrid_merged\2021\SDRW2100001747\SDRW2100001747.1.1.167.TextGrid,0.100,원본짧음,ok,4.072000,22,8,5.403,1.965,source_pcm_too_short,exclude_source_audio_unusable
2021,SDRW2100001747,SDRW2100001747.1.1.168,morph_source_missing,D:\20_AUDIO\06_textgrid_merged\2021\SDRW2100001747\SDRW2100001747.1.1.168.TextGrid,0.100,원본짧음,ok,4.607000,22,9,4.775,1.954,source_pcm_too_short,exclude_source_audio_unusable
2021,SDRW2100001747,SDRW2100001747.1.1.169,morph_source_missing,D:\20_AUDIO\06_textgrid_merged\2021\SDRW2100001747\SDRW2100001747.1.1.169.TextGrid,0.100,원본짧음,ok,3.621000,21,7,5.800,1.933,source_pcm_too_short,exclude_source_audio_unusable
2021,SDRW2100001747,SDRW2100001747.1.1.17,morph_source_missing,D:\20_AUDIO\06_textgrid_merged\2021\SDRW2100001747\SDRW2100001747.1.1.17.TextGrid,0.100,원본짧음,ok,2.803000,17,7,6.065,2.497,source_pcm_too_short,exclude_source_audio_unusable
2021,SDRW2100001747,SDRW2100001747.1.1.170,morph_source_missing,D:\20_AUDIO\06_textgrid_merged\2021\SDRW2100001747\SDRW2100001747.1.1.170.TextGrid,0.100,원본짧음,ok,3.171000,9,4,2.838,1.261,source_pcm_too_short,exclude_source_audio_unusable
2021,SDRW2100001747,SDRW2100001747.1.1.171,morph_source_missing,D:\20_AUDIO\06_textgrid_merged\2021\SDRW2100001747\SDRW2100001747.1.1.171.TextGrid,0.100,원본짧음,ok,1.860000,11,5,5.914,2.688,source_pcm_too_short,exclude_source_audio_unusable
2021,SDRW2100001747,SDRW2100001747.1.1.172,morph_source_missing,D:\20_AUDIO\06_textgrid_merged\2021\SDRW2100001747\SDRW2100001747.1.1.172.TextGrid,0.100,원본짧음,ok,4.452000,24,7,5.391,1.572,source_pcm_too_short,exclude_source_audio_unusable
2021,SDRW2100001747,SDRW2100001747.1.1.173,morph_source_missing,D:\20_AUDIO\06_textgrid_merged\2021\SDRW2100001747\SDRW2100001747.1.1.173.TextGrid,0.100,원본짧음,ok,3.012000,13,5,4.316,1.660,source_pcm_too_short,exclude_source_audio_unusable
2021,SDRW2100001747,SDRW2100001747.1.1.174,morph_source_missing,D:\20_AUDIO\06_textgrid_merged\2021\SDRW2100001747\SDRW2100001747.1.1.174.TextGrid,0.100,원본짧음,ok,3.092000,18,6,5.821,1.940,source_pcm_too_short,exclude_source_audio_unusable
2021,SDRW2100001747,SDRW2100001747.1.1.175,morph_source_missing,D:\20_AUDIO\06_textgrid_merged\2021\SDRW2100001747\SDRW2100001747.1.1.175.TextGrid,0.100,원본짧음,ok,1.757000,4,3,2.277,1.707,source_pcm_too_short,exclude_source_audio_unusable
2021,SDRW2100001747,SDRW2100001747.1.1.176,morph_source_missing,D:\20_AUDIO\06_textgrid_merged\2021\SDRW2100001747\SDRW2100001747.1.1.176.TextGrid,0.100,원본짧음,ok,3.718000,23,9,6.186,2.421,source_pcm_too_short,exclude_source_audio_unusable
2021,SDRW2100001747,SDRW2100001747.1.1.177,morph_source_missing,D:\20_AUDIO\06_textgrid_merged\2021\SDRW2100001747\SDRW2100001747.1.1.177.TextGrid,0.100,원본짧음,ok,4.289000,26,9,6.062,2.098,source_pcm_too_short,exclude_source_audio_unusable
2021,SDRW2100001747,SDRW2100001747.1.1.178,morph_source_missing,D:\20_AUDIO\06_textgrid_merged\2021\SDRW2100001747\SDRW2100001747.1.1.178.TextGrid,0.100,원본짧음,ok,3.478000,20,8,5.750,2.300,source_pcm_too_short,exclude_source_audio_unusable
2021,SDRW2100001747,SDRW2100001747.1.1.179,morph_source_missing,D:\20_AUDIO\06_textgrid_merged\2021\SDRW2100001747\SDRW2100001747.1.1.179.TextGrid,0.100,원본짧음,ok,2.052000,11,5,5.361,2.437,source_pcm_too_short,exclude_source_audio_unusable
2021,SDRW2100001747,SDRW2100001747.1.1.18,morph_source_missing,D:\20_AUDIO\06_textgrid_merged\2021\SDRW2100001747\SDRW2100001747.1.1.18.TextGrid,0.100,원본짧음,ok,3.441000,9,4,2.616,1.162,source_pcm_too_short,exclude_source_audio_unusable
2021,SDRW2100001747,SDRW2100001747.1.1.180,morph_source_missing,D:\20_AUDIO\06_textgrid_merged\2021\SDRW2100001747\SDRW2100001747.1.1.180.TextGrid,0.100,원본짧음,ok,1.370000,4,2,2.920,1.460,source_pcm_too_short,exclude_source_audio_unusable
2021,SDRW2100001747,SDRW2100001747.1.1.181,morph_source_missing,D:\20_AUDIO\06_textgrid_merged\2021\SDRW2100001747\SDRW2100001747.1.1.181.TextGrid,0.100,원본짧음,ok,4.525000,14,6,3.094,1.326,source_pcm_too_short,exclude_source_audio_unusable
2021,SDRW2100001747,SDRW2100001747.1.1.182,morph_source_missing,D:\20_AUDIO\06_textgrid_merged\2021\SDRW2100001747\SDRW2100001747.1.1.182.TextGrid,0.100,원본짧음,ok,3.886000,16,9,4.117,2.316,source_pcm_too_short,exclude_source_audio_unusable
2021,SDRW2100001747,SDRW2100001747.1.1.183,morph_source_missing,D:\20_AUDIO\06_textgrid_merged\2021\SDRW2100001747\SDRW2100001747.1.1.183.TextGrid,0.100,원본짧음,ok,4.291000,19,7,4.428,1.631,source_pcm_too_short,exclude_source_audio_unusable
2021,SDRW2100001747,SDRW2100001747.1.1.184,morph_source_missing,D:\20_AUDIO\06_textgrid_merged\2021\SDRW2100001747\SDRW2100001747.1.1.184.TextGrid,0.100,원본짧음,ok,2.466000,11,4,4.461,1.622,source_pcm_too_short,exclude_source_audio_unusable
2021,SDRW2100001747,SDRW2100001747.1.1.185,morph_source_missing,D:\20_AUDIO\06_textgrid_merged\2021\SDRW2100001747\SDRW2100001747.1.1.185.TextGrid,0.100,원본짧음,ok,2.480000,9,2,3.629,0.806,source_pcm_too_short,exclude_source_audio_unusable
2021,SDRW2100001747,SDRW2100001747.1.1.186,morph_source_missing,D:\20_AUDIO\06_textgrid_merged\2021\SDRW2100001747\SDRW2100001747.1.1.186.TextGrid,0.100,원본짧음,ok,3.820000,15,5,3.927,1.309,source_pcm_too_short,exclude_source_audio_unusable
2021,SDRW2100001747,SDRW2100001747.1.1.187,morph_source_missing,D:\20_AUDIO\06_textgrid_merged\2021\SDRW2100001747\SDRW2100001747.1.1.187.TextGrid,0.100,원본짧음,ok,4.492000,19,8,4.230,1.781,source_pcm_too_short,exclude_source_audio_unusable
2021,SDRW2100001747,SDRW2100001747.1.1.188,morph_source_missing,D:\20_AUDIO\06_textgrid_merged\2021\SDRW2100001747\SDRW2100001747.1.1.188.TextGrid,0.100,원본짧음,ok,3.808000,22,7,5.777,1.838,source_pcm_too_short,exclude_source_audio_unusable
2021,SDRW2100001747,SDRW2100001747.1.1.189,morph_source_missing,D:\20_AUDIO\06_textgrid_merged\2021\SDRW2100001747\SDRW2100001747.1.1.189.TextGrid,0.100,원본짧음,ok,4.480000,24,11,5.357,2.455,source_pcm_too_short,exclude_source_audio_unusable
2021,SDRW2100001747,SDRW2100001747.1.1.19,morph_source_missing,D:\20_AUDIO\06_textgrid_merged\2021\SDRW2100001747\SDRW2100001747.1.1.19.TextGrid,0.100,원본짧음,ok,4.544000,22,8,4.842,1.761,source_pcm_too_short,exclude_source_audio_unusable
2021,SDRW2100001747,SDRW2100001747.1.1.190,morph_source_missing,D:\20_AUDIO\06_textgrid_merged\2021\SDRW2100001747\SDRW2100001747.1.1.190.TextGrid,0.100,원본짧음,ok,1.491000,4,2,2.683,1.341,source_pcm_too_short,exclude_source_audio_unusable
2021,SDRW2100001747,SDRW2100001747.1.1.191,morph_source_missing,D:\20_AUDIO\06_textgrid_merged\2021\SDRW2100001747\SDRW2100001747.1.1.191.TextGrid,0.100,원본짧음,ok,3.182000,12,8,3.771,2.514,source_pcm_too_short,exclude_source_audio_unusable
2021,SDRW2100001747,SDRW2100001747.1.1.192,morph_source_missing,D:\20_AUDIO\06_textgrid_merged\2021\SDRW2100001747\SDRW2100001747.1.1.192.TextGrid,0.100,원본짧음,ok,2.908000,13,5,4.470,1.719,source_pcm_too_short,exclude_source_audio_unusable
2021,SDRW2100001747,SDRW2100001747.1.1.193,morph_source_missing,D:\20_AUDIO\06_textgrid_merged\2021\SDRW2100001747\SDRW2100001747.1.1.193.TextGrid,0.100,원본짧음,ok,3.106000,14,6,4.507,1.932,source_pcm_too_short,exclude_source_audio_unusable
2021,SDRW2100001747,SDRW2100001747.1.1.194,morph_source_missing,D:\20_AUDIO\06_textgrid_merged\2021\SDRW2100001747\SDRW2100001747.1.1.194.TextGrid,0.100,원본짧음,ok,4.723000,27,11,5.717,2.329,source_pcm_too_short,exclude_source_audio_unusable
2021,SDRW2100001747,SDRW2100001747.1.1.195,morph_source_missing,D:\20_AUDIO\06_textgrid_merged\2021\SDRW2100001747\SDRW2100001747.1.1.195.TextGrid,0.100,원본짧음,ok,3.445000,15,6,4.354,1.742,source_pcm_too_short,exclude_source_audio_unusable
2021,SDRW2100001747,SDRW2100001747.1.1.196,morph_source_missing,D:\20_AUDIO\06_textgrid_merged\2021\SDRW2100001747\SDRW2100001747.1.1.196.TextGrid,0.100,원본짧음,ok,4.888000,35,14,7.160,2.864,source_pcm_too_short,exclude_source_audio_unusable
2021,SDRW2100001747,SDRW2100001747.1.1.197,morph_source_missing,D:\20_AUDIO\06_textgrid_merged\2021\SDRW2100001747\SDRW2100001747.1.1.197.TextGrid,0.100,원본짧음,ok,1.103000,6,2,5.440,1.813,source_pcm_too_short,exclude_source_audio_unusable
2021,SDRW2100001747,SDRW2100001747.1.1.198,morph_source_missing,D:\20_AUDIO\06_textgrid_merged\2021\SDRW2100001747\SDRW2100001747.1.1.198.TextGrid,0.100,원본짧음,ok,4.036000,17,9,4.212,2.230,source_pcm_too_short,exclude_source_audio_unusable
2021,SDRW2100001747,SDRW2100001747.1.1.199,morph_source_missing,D:\20_AUDIO\06_textgrid_merged\2021\SDRW2100001747\SDRW2100001747.1.1.199.TextGrid,0.100,원본짧음,ok,4.212000,24,8,5.698,1.899,source_pcm_too_short,exclude_source_audio_unusable
2021,SDRW2100001747,SDRW2100001747.1.1.2,morph_source_missing,D:\20_AUDIO\06_textgrid_merged\2021\SDRW2100001747\SDRW2100001747.1.1.2.TextGrid,0.100,원본짧음,ok,3.411000,19,8,5.570,2.345,source_pcm_too_short,exclude_source_audio_unusable
2021,SDRW2100001747,SDRW2100001747.1.1.20,morph_source_missing,D:\20_AUDIO\06_textgrid_merged\2021\SDRW2100001747\SDRW2100001747.1.1.20.TextGrid,0.100,원본짧음,ok,4.931000,28,10,5.678,2.028,source_pcm_too_short,exclude_source_audio_unusable
2021,SDRW2100001747,SDRW2100001747.1.1.200,morph_source_missing,D:\20_AUDIO\06_textgrid_merged\2021\SDRW2100001747\SDRW2100001747.1.1.200.TextGrid,0.100,원본짧음,ok,4.772000,21,7,4.401,1.467,source_pcm_too_short,exclude_source_audio_unusable
2021,SDRW2100001747,SDRW2100001747.1.1.201,morph_source_missing,D:\20_AUDIO\06_textgrid_merged\2021\SDRW2100001747\SDRW2100001747.1.1.201.TextGrid,0.100,원본짧음,ok,3.619000,13,5,3.592,1.382,source_pcm_too_short,exclude_source_audio_unusable
2021,SDRW2100001747,SDRW2100001747.1.1.202,morph_source_missing,D:\20_AUDIO\06_textgrid_merged\2021\SDRW2100001747\SDRW2100001747.1.1.202.TextGrid,0.100,원본짧음,ok,1.812000,10,4,5.519,2.208,source_pcm_too_short,exclude_source_audio_unusable
2021,SDRW2100001747,SDRW2100001747.1.1.203,morph_source_missing,D:\20_AUDIO\06_textgrid_merged\2021\SDRW2100001747\SDRW2100001747.1.1.203.TextGrid,0.100,원본짧음,ok,3.712000,15,8,4.041,2.155,source_pcm_too_short,exclude_source_audio_unusable
2021,SDRW2100001747,SDRW2100001747.1.1.204,morph_source_missing,D:\20_AUDIO\06_textgrid_merged\2021\SDRW2100001747\SDRW2100001747.1.1.204.TextGrid,0.100,원본짧음,ok,2.599000,17,7,6.541,2.693,source_pcm_too_short,exclude_source_audio_unusable
2021,SDRW2100001747,SDRW2100001747.1.1.205,morph_source_missing,D:\20_AUDIO\06_textgrid_merged\2021\SDRW2100001747\SDRW2100001747.1.1.205.TextGrid,0.100,원본짧음,ok,3.619000,6,3,1.658,0.829,source_pcm_too_short,exclude_source_audio_unusable
2021,SDRW2100001747,SDRW2100001747.1.1.206,morph_source_missing,D:\20_AUDIO\06_textgrid_merged\2021\SDRW2100001747\SDRW2100001747.1.1.206.TextGrid,0.100,원본짧음,ok,2.836000,11,4,3.879,1.410,source_pcm_too_short,exclude_source_audio_unusable
2021,SDRW2100001747,SDRW2100001747.1.1.207,morph_source_missing,D:\20_AUDIO\06_textgrid_merged\2021\SDRW2100001747\SDRW2100001747.1.1.207.TextGrid,0.100,원본짧음,ok,2.366000,13,5,5.495,2.113,source_pcm_too_short,exclude_source_audio_unusable
2021,SDRW2100001747,SDRW2100001747.1.1.208,morph_source_missing,D:\20_AUDIO\06_textgrid_merged\2021\SDRW2100001747\SDRW2100001747.1.1.208.TextGrid,0.100,원본짧음,ok,5.093000,27,11,5.301,2.160,source_pcm_too_short,exclude_source_audio_unusable
2021,SDRW2100001747,SDRW2100001747.1.1.209,morph_source_missing,D:\20_AUDIO\06_textgrid_merged\2021\SDRW2100001747\SDRW2100001747.1.1.209.TextGrid,0.100,원본짧음,ok,2.756000,16,8,5.806,2.903,source_pcm_too_short,exclude_source_audio_unusable
2021,SDRW2100001747,SDRW2100001747.1.1.21,morph_source_missing,D:\20_AUDIO\06_textgrid_merged\2021\SDRW2100001747\SDRW2100001747.1.1.21.TextGrid,0.100,원본짧음,ok,4.132000,19,8,4.598,1.936,source_pcm_too_short,exclude_source_audio_unusable
2021,SDRW2100001747,SDRW2100001747.1.1.210,morph_source_missing,D:\20_AUDIO\06_textgrid_merged\2021\SDRW2100001747\SDRW2100001747.1.1.210.TextGrid,0.100,원본짧음,ok,4.836000,28,12,5.790,2.481,source_pcm_too_short,exclude_source_audio_unusable
2021,SDRW2100001747,SDRW2100001747.1.1.211,morph_source_missing,D:\20_AUDIO\06_textgrid_merged\2021\SDRW2100001747\SDRW2100001747.1.1.211.TextGrid,0.100,원본짧음,ok,3.556000,22,7,6.187,1.969,source_pcm_too_short,exclude_source_audio_unusable
2021,SDRW2100001747,SDRW2100001747.1.1.212,morph_source_missing,D:\20_AUDIO\06_textgrid_merged\2021\SDRW2100001747\SDRW2100001747.1.1.212.TextGrid,0.100,원본짧음,ok,1.521000,7,3,4.602,1.972,source_pcm_too_short,exclude_source_audio_unusable
2021,SDRW2100001747,SDRW2100001747.1.1.213,morph_source_missing,D:\20_AUDIO\06_textgrid_merged\2021\SDRW2100001747\SDRW2100001747.1.1.213.TextGrid,0.100,원본짧음,ok,4.002000,15,7,3.748,1.749,source_pcm_too_short,exclude_source_audio_unusable
2021,SDRW2100001747,SDRW2100001747.1.1.214,morph_source_missing,D:\20_AUDIO\06_textgrid_merged\2021\SDRW2100001747\SDRW2100001747.1.1.214.TextGrid,0.100,원본짧음,ok,4.816000,21,10,4.360,2.076,source_pcm_too_short,exclude_source_audio_unusable
2021,SDRW2100001747,SDRW2100001747.1.1.215,morph_source_missing,D:\20_AUDIO\06_textgrid_merged\2021\SDRW2100001747\SDRW2100001747.1.1.215.TextGrid,0.100,원본짧음,ok,1.122000,4,1,3.565,0.891,source_pcm_too_short,exclude_source_audio_unusable
2021,SDRW2100001747,SDRW2100001747.1.1.216,morph_source_missing,D:\20_AUDIO\06_textgrid_merged\2021\SDRW2100001747\SDRW2100001747.1.1.216.TextGrid,0.100,원본짧음,ok,4.740000,22,9,4.641,1.899,source_pcm_too_short,exclude_source_audio_unusable
2021,SDRW2100001747,SDRW2100001747.1.1.217,morph_source_missing,D:\20_AUDIO\06_textgrid_merged\2021\SDRW2100001747\SDRW2100001747.1.1.217.TextGrid,0.100,원본짧음,ok,3.720000,15,5,4.032,1.344,source_pcm_too_short,exclude_source_audio_unusable
2021,SDRW2100001747,SDRW2100001747.1.1.218,morph_source_missing,D:\20_AUDIO\06_textgrid_merged\2021\SDRW2100001747\SDRW2100001747.1.1.218.TextGrid,0.100,원본짧음,ok,2.443000,13,5,5.321,2.047,source_pcm_too_short,exclude_source_audio_unusable
2021,SDRW2100001747,SDRW2100001747.1.1.219,morph_source_missing,D:\20_AUDIO\06_textgrid_merged\2021\SDRW2100001747\SDRW2100001747.1.1.219.TextGrid,0.100,원본짧음,ok,1.300000,5,1,3.846,0.769,source_pcm_too_short,exclude_source_audio_unusable
2021,SDRW2100001747,SDRW2100001747.1.1.22,morph_source_missing,D:\20_AUDIO\06_textgrid_merged\2021\SDRW2100001747\SDRW2100001747.1.1.22.TextGrid,0.100,원본짧음,ok,2.692000,12,5,4.458,1.857,source_pcm_too_short,exclude_source_audio_unusable
2021,SDRW2100001747,SDRW2100001747.1.1.220,morph_source_missing,D:\20_AUDIO\06_textgrid_merged\2021\SDRW2100001747\SDRW2100001747.1.1.220.TextGrid,0.100,원본짧음,ok,3.987000,16,7,4.013,1.756,source_pcm_too_short,exclude_source_audio_unusable
2021,SDRW2100001747,SDRW2100001747.1.1.221,morph_source_missing,D:\20_AUDIO\06_textgrid_merged\2021\SDRW2100001747\SDRW2100001747.1.1.221.TextGrid,0.100,원본짧음,ok,3.141000,15,4,4.776,1.273,source_pcm_too_short,exclude_source_audio_unusable
2021,SDRW2100001747,SDRW2100001747.1.1.222,morph_source_missing,D:\20_AUDIO\06_textgrid_merged\2021\SDRW2100001747\SDRW2100001747.1.1.222.TextGrid,0.100,원본짧음,ok,4.320000,16,8,3.704,1.852,source_pcm_too_short,exclude_source_audio_unusable
2021,SDRW2100001747,SDRW2100001747.1.1.223,morph_source_missing,D:\20_AUDIO\06_textgrid_merged\2021\SDRW2100001747\SDRW2100001747.1.1.223.TextGrid,0.100,원본짧음,ok,3.998000,17,6,4.252,1.501,source_pcm_too_short,exclude_source_audio_unusable
2021,SDRW2100001747,SDRW2100001747.1.1.224,morph_source_missing,D:\20_AUDIO\06_textgrid_merged\2021\SDRW2100001747\SDRW2100001747.1.1.224.TextGrid,0.100,원본짧음,ok,2.402000,9,3,3.747,1.249,source_pcm_too_short,exclude_source_audio_unusable
2021,SDRW2100001747,SDRW2100001747.1.1.225,morph_source_missing,D:\20_AUDIO\06_textgrid_merged\2021\SDRW2100001747\SDRW2100001747.1.1.225.TextGrid,0.100,원본짧음,ok,2.760000,13,4,4.710,1.449,source_pcm_too_short,exclude_source_audio_unusable
2021,SDRW2100001747,SDRW2100001747.1.1.226,morph_source_missing,D:\20_AUDIO\06_textgrid_merged\2021\SDRW2100001747\SDRW2100001747.1.1.226.TextGrid,0.100,원본짧음,ok,1.400000,2,1,1.429,0.714,source_pcm_too_short,exclude_source_audio_unusable
2021,SDRW2100001747,SDRW2100001747.1.1.227,morph_source_missing,D:\20_AUDIO\06_textgrid_merged\2021\SDRW2100001747\SDRW2100001747.1.1.227.TextGrid,0.100,원본짧음,ok,4.960000,21,11,4.234,2.218,source_pcm_too_short,exclude_source_audio_unusable
2021,SDRW2100001747,SDRW2100001747.1.1.228,morph_source_missing,D:\20_AUDIO\06_textgrid_merged\2021\SDRW2100001747\SDRW2100001747.1.1.228.TextGrid,0.100,원본짧음,ok,2.412000,11,6,4.561,2.488,source_pcm_too_short,exclude_source_audio_unusable
2021,SDRW2100001747,SDRW2100001747.1.1.229,morph_source_missing,D:\20_AUDIO\06_textgrid_merged\2021\SDRW2100001747\SDRW2100001747.1.1.229.TextGrid,0.100,원본짧음,ok,3.103000,16,9,5.156,2.900,source_pcm_too_short,exclude_source_audio_unusable
2021,SDRW2100001747,SDRW2100001747.1.1.23,morph_source_missing,D:\20_AUDIO\06_textgrid_merged\2021\SDRW2100001747\SDRW2100001747.1.1.23.TextGrid,0.100,원본짧음,ok,2.534000,18,6,7.103,2.368,source_pcm_too_short,exclude_source_audio_unusable
2021,SDRW2100001747,SDRW2100001747.1.1.230,morph_source_missing,D:\20_AUDIO\06_textgrid_merged\2021\SDRW2100001747\SDRW2100001747.1.1.230.TextGrid,0.100,원본짧음,ok,3.125000,17,6,5.440,1.920,source_pcm_too_short,exclude_source_audio_unusable
2021,SDRW2100001747,SDRW2100001747.1.1.231,morph_source_missing,D:\20_AUDIO\06_textgrid_merged\2021\SDRW2100001747\SDRW2100001747.1.1.231.TextGrid,0.100,원본짧음,ok,3.831000,19,9,4.960,2.349,source_pcm_too_short,exclude_source_audio_unusable
2021,SDRW2100001747,SDRW2100001747.1.1.232,morph_source_missing,D:\20_AUDIO\06_textgrid_merged\2021\SDRW2100001747\SDRW2100001747.1.1.232.TextGrid,0.100,원본짧음,ok,4.739000,21,9,4.431,1.899,source_pcm_too_short,exclude_source_audio_unusable
2021,SDRW2100001747,SDRW2100001747.1.1.233,morph_source_missing,D:\20_AUDIO\06_textgrid_merged\2021\SDRW2100001747\SDRW2100001747.1.1.233.TextGrid,0.100,원본짧음,ok,4.230000,25,11,5.910,2.600,source_pcm_too_short,exclude_source_audio_unusable
2021,SDRW2100001747,SDRW2100001747.1.1.234,morph_source_missing,D:\20_AUDIO\06_textgrid_merged\2021\SDRW2100001747\SDRW2100001747.1.1.234.TextGrid,0.100,원본짧음,ok,3.356000,13,3,3.874,0.894,source_pcm_too_short,exclude_source_audio_unusable
2021,SDRW2100001747,SDRW2100001747.1.1.235,morph_source_missing,D:\20_AUDIO\06_textgrid_merged\2021\SDRW2100001747\SDRW2100001747.1.1.235.TextGrid,0.100,원본짧음,ok,4.836000,30,12,6.203,2.481,source_pcm_too_short,exclude_source_audio_unusable
2021,SDRW2100001747,SDRW2100001747.1.1.236,morph_source_missing,D:\20_AUDIO\06_textgrid_merged\2021\SDRW2100001747\SDRW2100001747.1.1.236.TextGrid,0.100,원본짧음,ok,1.988000,8,4,4.024,2.012,source_pcm_too_short,exclude_source_audio_unusable
2021,SDRW2100001747,SDRW2100001747.1.1.237,morph_source_missing,D:\20_AUDIO\06_textgrid_merged\2021\SDRW2100001747\SDRW2100001747.1.1.237.TextGrid,0.100,원본짧음,ok,4.740000,20,8,4.219,1.688,source_pcm_too_short,exclude_source_audio_unusable
2021,SDRW2100001747,SDRW2100001747.1.1.238,morph_source_missing,D:\20_AUDIO\06_textgrid_merged\2021\SDRW2100001747\SDRW2100001747.1.1.238.TextGrid,0.100,원본짧음,ok,3.524000,16,6,4.540,1.703,source_pcm_too_short,exclude_source_audio_unusable
2021,SDRW2100001747,SDRW2100001747.1.1.239,morph_source_missing,D:\20_AUDIO\06_textgrid_merged\2021\SDRW2100001747\SDRW2100001747.1.1.239.TextGrid,0.100,원본짧음,ok,2.057000,8,3,3.889,1.458,source_pcm_too_short,exclude_source_audio_unusable
2021,SDRW2100001747,SDRW2100001747.1.1.24,morph_source_missing,D:\20_AUDIO\06_textgrid_merged\2021\SDRW2100001747\SDRW2100001747.1.1.24.TextGrid,0.100,원본짧음,ok,4.628000,19,9,4.105,1.945,source_pcm_too_short,exclude_source_audio_unusable
2021,SDRW2100001747,SDRW2100001747.1.1.240,morph_source_missing,D:\20_AUDIO\06_textgrid_merged\2021\SDRW2100001747\SDRW2100001747.1.1.240.TextGrid,0.100,원본짧음,ok,3.503000,20,10,5.709,2.855,source_pcm_too_short,exclude_source_audio_unusable
2021,SDRW2100001747,SDRW2100001747.1.1.241,morph_source_missing,D:\20_AUDIO\06_textgrid_merged\2021\SDRW2100001747\SDRW2100001747.1.1.241.TextGrid,0.100,원본짧음,ok,3.604000,20,10,5.549,2.775,source_pcm_too_short,exclude_source_audio_unusable
2021,SDRW2100001747,SDRW2100001747.1.1.242,morph_source_missing,D:\20_AUDIO\06_textgrid_merged\2021\SDRW2100001747\SDRW2100001747.1.1.242.TextGrid,0.100,원본짧음,ok,4.560000,10,5,2.193,1.096,source_pcm_too_short,exclude_source_audio_unusable
2021,SDRW2100001747,SDRW2100001747.1.1.243,morph_source_missing,D:\20_AUDIO\06_textgrid_merged\2021\SDRW2100001747\SDRW2100001747.1.1.243.TextGrid,0.100,원본짧음,ok,2.141000,9,5,4.204,2.335,source_pcm_too_short,exclude_source_audio_unusable
2021,SDRW2100001747,SDRW2100001747.1.1.244,morph_source_missing,D:\20_AUDIO\06_textgrid_merged\2021\SDRW2100001747\SDRW2100001747.1.1.244.TextGrid,0.100,원본짧음,ok,4.519000,21,10,4.647,2.213,source_pcm_too_short,exclude_source_audio_unusable
2021,SDRW2100001747,SDRW2100001747.1.1.245,morph_source_missing,D:\20_AUDIO\06_textgrid_merged\2021\SDRW2100001747\SDRW2100001747.1.1.245.TextGrid,0.100,원본짧음,ok,1.075000,2,1,1.860,0.930,source_pcm_too_short,exclude_source_audio_unusable
2021,SDRW2100001747,SDRW2100001747.1.1.246,morph_source_missing,D:\20_AUDIO\06_textgrid_merged\2021\SDRW2100001747\SDRW2100001747.1.1.246.TextGrid,0.100,원본짧음,ok,5.064000,18,8,3.555,1.580,source_pcm_too_short,exclude_source_audio_unusable
2021,SDRW2100001747,SDRW2100001747.1.1.247,morph_source_missing,D:\20_AUDIO\06_textgrid_merged\2021\SDRW2100001747\SDRW2100001747.1.1.247.TextGrid,0.100,원본짧음,ok,1.790000,7,3,3.911,1.676,source_pcm_too_short,exclude_source_audio_unusable
2021,SDRW2100001747,SDRW2100001747.1.1.248,morph_source_missing,D:\20_AUDIO\06_textgrid_merged\2021\SDRW2100001747\SDRW2100001747.1.1.248.TextGrid,0.100,원본짧음,ok,4.948000,17,10,3.436,2.021,source_pcm_too_short,exclude_source_audio_unusable
2021,SDRW2100001747,SDRW2100001747.1.1.249,morph_source_missing,D:\20_AUDIO\06_textgrid_merged\2021\SDRW2100001747\SDRW2100001747.1.1.249.TextGrid,0.100,원본짧음,ok,2.209000,8,4,3.622,1.811,source_pcm_too_short,exclude_source_audio_unusable
2021,SDRW2100001747,SDRW2100001747.1.1.25,morph_source_missing,D:\20_AUDIO\06_textgrid_merged\2021\SDRW2100001747\SDRW2100001747.1.1.25.TextGrid,0.100,원본짧음,ok,5.012000,26,9,5.188,1.796,source_pcm_too_short,exclude_source_audio_unusable
2021,SDRW2100001747,SDRW2100001747.1.1.250,morph_source_missing,D:\20_AUDIO\06_textgrid_merged\2021\SDRW2100001747\SDRW2100001747.1.1.250.TextGrid,0.100,원본짧음,ok,5.092000,30,13,5.892,2.553,source_pcm_too_short,exclude_source_audio_unusable
2021,SDRW2100001747,SDRW2100001747.1.1.251,morph_source_missing,D:\20_AUDIO\06_textgrid_merged\2021\SDRW2100001747\SDRW2100001747.1.1.251.TextGrid,0.100,원본짧음,ok,1.751000,8,3,4.569,1.713,source_pcm_too_short,exclude_source_audio_unusable
2021,SDRW2100001747,SDRW2100001747.1.1.252,morph_source_missing,D:\20_AUDIO\06_textgrid_merged\2021\SDRW2100001747\SDRW2100001747.1.1.252.TextGrid,0.100,원본짧음,ok,3.916000,14,5,3.575,1.277,source_pcm_too_short,exclude_source_audio_unusable
2021,SDRW2100001747,SDRW2100001747.1.1.253,morph_source_missing,D:\20_AUDIO\06_textgrid_merged\2021\SDRW2100001747\SDRW2100001747.1.1.253.TextGrid,0.100,원본짧음,ok,2.588000,10,5,3.864,1.932,source_pcm_too_short,exclude_source_audio_unusable
2021,SDRW2100001747,SDRW2100001747.1.1.254,morph_source_missing,D:\20_AUDIO\06_textgrid_merged\2021\SDRW2100001747\SDRW2100001747.1.1.254.TextGrid,0.100,원본짧음,ok,2.100000,10,5,4.762,2.381,source_pcm_too_short,exclude_source_audio_unusable
2021,SDRW2100001747,SDRW2100001747.1.1.255,morph_source_missing,D:\20_AUDIO\06_textgrid_merged\2021\SDRW2100001747\SDRW2100001747.1.1.255.TextGrid,0.100,원본짧음,ok,2.211000,9,5,4.071,2.261,source_pcm_too_short,exclude_source_audio_unusable
2021,SDRW2100001747,SDRW2100001747.1.1.256,morph_source_missing,D:\20_AUDIO\06_textgrid_merged\2021\SDRW2100001747\SDRW2100001747.1.1.256.TextGrid,0.100,원본짧음,ok,3.652000,13,6,3.560,1.643,source_pcm_too_short,exclude_source_audio_unusable
2021,SDRW2100001747,SDRW2100001747.1.1.257,morph_source_missing,D:\20_AUDIO\06_textgrid_merged\2021\SDRW2100001747\SDRW2100001747.1.1.257.TextGrid,0.100,원본짧음,ok,3.490000,8,5,2.292,1.433,source_pcm_too_short,exclude_source_audio_unusable
2021,SDRW2100001747,SDRW2100001747.1.1.258,morph_source_missing,D:\20_AUDIO\06_textgrid_merged\2021\SDRW2100001747\SDRW2100001747.1.1.258.TextGrid,0.100,원본짧음,ok,5.090000,44,17,8.644,3.340,source_pcm_too_short,exclude_source_audio_unusable
2021,SDRW2100001747,SDRW2100001747.1.1.26,morph_source_missing,D:\20_AUDIO\06_textgrid_merged\2021\SDRW2100001747\SDRW2100001747.1.1.26.TextGrid,0.100,원본짧음,ok,4.724000,20,10,4.234,2.117,source_pcm_too_short,exclude_source_audio_unusable
2021,SDRW2100001747,SDRW2100001747.1.1.27,morph_source_missing,D:\20_AUDIO\06_textgrid_merged\2021\SDRW2100001747\SDRW2100001747.1.1.27.TextGrid,0.100,원본짧음,ok,3.796000,20,7,5.269,1.844,source_pcm_too_short,exclude_source_audio_unusable
2021,SDRW2100001747,SDRW2100001747.1.1.28,morph_source_missing,D:\20_AUDIO\06_textgrid_merged\2021\SDRW2100001747\SDRW2100001747.1.1.28.TextGrid,0.100,원본짧음,ok,4.484000,19,7,4.237,1.561,source_pcm_too_short,exclude_source_audio_unusable
2021,SDRW2100001747,SDRW2100001747.1.1.29,morph_source_missing,D:\20_AUDIO\06_textgrid_merged\2021\SDRW2100001747\SDRW2100001747.1.1.29.TextGrid,0.100,원본짧음,ok,2.532000,13,5,5.134,1.975,source_pcm_too_short,exclude_source_audio_unusable
2021,SDRW2100001747,SDRW2100001747.1.1.3,morph_source_missing,D:\20_AUDIO\06_textgrid_merged\2021\SDRW2100001747\SDRW2100001747.1.1.3.TextGrid,0.100,원본짧음,ok,5.044000,32,15,6.344,2.974,source_pcm_too_short,exclude_source_audio_unusable
2021,SDRW2100001747,SDRW2100001747.1.1.30,morph_source_missing,D:\20_AUDIO\06_textgrid_merged\2021\SDRW2100001747\SDRW2100001747.1.1.30.TextGrid,0.100,원본짧음,ok,4.547000,17,5,3.739,1.100,source_pcm_too_short,exclude_source_audio_unusable
2021,SDRW2100001747,SDRW2100001747.1.1.31,morph_source_missing,D:\20_AUDIO\06_textgrid_merged\2021\SDRW2100001747\SDRW2100001747.1.1.31.TextGrid,0.100,원본짧음,ok,4.772000,18,7,3.772,1.467,source_pcm_too_short,exclude_source_audio_unusable
2021,SDRW2100001747,SDRW2100001747.1.1.32,morph_source_missing,D:\20_AUDIO\06_textgrid_merged\2021\SDRW2100001747\SDRW2100001747.1.1.32.TextGrid,0.100,원본짧음,ok,3.956000,19,8,4.803,2.022,source_pcm_too_short,exclude_source_audio_unusable
2021,SDRW2100001747,SDRW2100001747.1.1.33,morph_source_missing,D:\20_AUDIO\06_textgrid_merged\2021\SDRW2100001747\SDRW2100001747.1.1.33.TextGrid,0.100,원본짧음,ok,1.508000,4,2,2.653,1.326,source_pcm_too_short,exclude_source_audio_unusable
2021,SDRW2100001747,SDRW2100001747.1.1.34,morph_source_missing,D:\20_AUDIO\06_textgrid_merged\2021\SDRW2100001747\SDRW2100001747.1.1.34.TextGrid,0.100,원본짧음,ok,4.484000,16,6,3.568,1.338,source_pcm_too_short,exclude_source_audio_unusable
2021,SDRW2100001747,SDRW2100001747.1.1.35,morph_source_missing,D:\20_AUDIO\06_textgrid_merged\2021\SDRW2100001747\SDRW2100001747.1.1.35.TextGrid,0.100,원본짧음,ok,4.132000,17,7,4.114,1.694,source_pcm_too_short,exclude_source_audio_unusable
2021,SDRW2100001747,SDRW2100001747.1.1.36,morph_source_missing,D:\20_AUDIO\06_textgrid_merged\2021\SDRW2100001747\SDRW2100001747.1.1.36.TextGrid,0.100,원본짧음,ok,2.725000,11,5,4.037,1.835,source_pcm_too_short,exclude_source_audio_unusable
2021,SDRW2100001747,SDRW2100001747.1.1.37,morph_source_missing,D:\20_AUDIO\06_textgrid_merged\2021\SDRW2100001747\SDRW2100001747.1.1.37.TextGrid,0.100,원본짧음,ok,2.896000,14,5,4.834,1.727,source_pcm_too_short,exclude_source_audio_unusable
2021,SDRW2100001747,SDRW2100001747.1.1.38,morph_source_missing,D:\20_AUDIO\06_textgrid_merged\2021\SDRW2100001747\SDRW2100001747.1.1.38.TextGrid,0.100,원본짧음,ok,4.978000,21,8,4.219,1.607,source_pcm_too_short,exclude_source_audio_unusable
2021,SDRW2100001747,SDRW2100001747.1.1.39,morph_source_missing,D:\20_AUDIO\06_textgrid_merged\2021\SDRW2100001747\SDRW2100001747.1.1.39.TextGrid,0.100,원본짧음,ok,5.017000,29,12,5.780,2.392,source_pcm_too_short,exclude_source_audio_unusable
2021,SDRW2100001747,SDRW2100001747.1.1.4,morph_source_missing,D:\20_AUDIO\06_textgrid_merged\2021\SDRW2100001747\SDRW2100001747.1.1.4.TextGrid,0.100,원본짧음,ok,2.228000,8,4,3.591,1.795,source_pcm_too_short,exclude_source_audio_unusable
2021,SDRW2100001747,SDRW2100001747.1.1.40,morph_source_missing,D:\20_AUDIO\06_textgrid_merged\2021\SDRW2100001747\SDRW2100001747.1.1.40.TextGrid,0.100,원본짧음,ok,4.282000,16,7,3.737,1.635,source_pcm_too_short,exclude_source_audio_unusable
2021,SDRW2100001747,SDRW2100001747.1.1.41,morph_source_missing,D:\20_AUDIO\06_textgrid_merged\2021\SDRW2100001747\SDRW2100001747.1.1.41.TextGrid,0.100,원본짧음,ok,3.997000,17,8,4.253,2.002,source_pcm_too_short,exclude_source_audio_unusable
2021,SDRW2100001747,SDRW2100001747.1.1.42,morph_source_missing,D:\20_AUDIO\06_textgrid_merged\2021\SDRW2100001747\SDRW2100001747.1.1.42.TextGrid,0.100,원본짧음,ok,3.841000,22,6,5.728,1.562,source_pcm_too_short,exclude_source_audio_unusable
2021,SDRW2100001747,SDRW2100001747.1.1.43,morph_source_missing,D:\20_AUDIO\06_textgrid_merged\2021\SDRW2100001747\SDRW2100001747.1.1.43.TextGrid,0.100,원본짧음,ok,3.764000,17,7,4.516,1.860,source_pcm_too_short,exclude_source_audio_unusable
2021,SDRW2100001747,SDRW2100001747.1.1.44,morph_source_missing,D:\20_AUDIO\06_textgrid_merged\2021\SDRW2100001747\SDRW2100001747.1.1.44.TextGrid,0.100,원본짧음,ok,5.081000,25,10,4.920,1.968,source_pcm_too_short,exclude_source_audio_unusable
2021,SDRW2100001747,SDRW2100001747.1.1.45,morph_source_missing,D:\20_AUDIO\06_textgrid_merged\2021\SDRW2100001747\SDRW2100001747.1.1.45.TextGrid,0.100,원본짧음,ok,2.463000,7,4,2.842,1.624,source_pcm_too_short,exclude_source_audio_unusable
2021,SDRW2100001747,SDRW2100001747.1.1.46,morph_source_missing,D:\20_AUDIO\06_textgrid_merged\2021\SDRW2100001747\SDRW2100001747.1.1.46.TextGrid,0.100,원본짧음,ok,3.828000,17,8,4.441,2.090,source_pcm_too_short,exclude_source_audio_unusable
2021,SDRW2100001747,SDRW2100001747.1.1.47,morph_source_missing,D:\20_AUDIO\06_textgrid_merged\2021\SDRW2100001747\SDRW2100001747.1.1.47.TextGrid,0.100,원본짧음,ok,3.140000,15,5,4.777,1.592,source_pcm_too_short,exclude_source_audio_unusable
2021,SDRW2100001747,SDRW2100001747.1.1.48,morph_source_missing,D:\20_AUDIO\06_textgrid_merged\2021\SDRW2100001747\SDRW2100001747.1.1.48.TextGrid,0.100,원본짧음,ok,2.083000,6,2,2.880,0.960,source_pcm_too_short,exclude_source_audio_unusable
2021,SDRW2100001747,SDRW2100001747.1.1.49,morph_source_missing,D:\20_AUDIO\06_textgrid_merged\2021\SDRW2100001747\SDRW2100001747.1.1.49.TextGrid,0.100,원본짧음,ok,3.345000,14,5,4.185,1.495,source_pcm_too_short,exclude_source_audio_unusable
2021,SDRW2100001747,SDRW2100001747.1.1.5,morph_source_missing,D:\20_AUDIO\06_textgrid_merged\2021\SDRW2100001747\SDRW2100001747.1.1.5.TextGrid,0.000,원본짧음,ok,2.207000,3,2,1.359,0.906,source_pcm_too_short,exclude_source_audio_unusable
2021,SDRW2100001747,SDRW2100001747.1.1.50,morph_source_missing,D:\20_AUDIO\06_textgrid_merged\2021\SDRW2100001747\SDRW2100001747.1.1.50.TextGrid,0.100,원본짧음,ok,2.932000,16,9,5.457,3.070,source_pcm_too_short,exclude_source_audio_unusable
2021,SDRW2100001747,SDRW2100001747.1.1.51,morph_source_missing,D:\20_AUDIO\06_textgrid_merged\2021\SDRW2100001747\SDRW2100001747.1.1.51.TextGrid,0.100,원본짧음,ok,5.075000,33,14,6.502,2.759,source_pcm_too_short,exclude_source_audio_unusable
2021,SDRW2100001747,SDRW2100001747.1.1.52,morph_source_missing,D:\20_AUDIO\06_textgrid_merged\2021\SDRW2100001747\SDRW2100001747.1.1.52.TextGrid,0.100,원본짧음,ok,3.028000,12,4,3.963,1.321,source_pcm_too_short,exclude_source_audio_unusable
2021,SDRW2100001747,SDRW2100001747.1.1.53,morph_source_missing,D:\20_AUDIO\06_textgrid_merged\2021\SDRW2100001747\SDRW2100001747.1.1.53.TextGrid,0.100,원본짧음,ok,3.619000,16,5,4.421,1.382,source_pcm_too_short,exclude_source_audio_unusable
2021,SDRW2100001747,SDRW2100001747.1.1.54,morph_source_missing,D:\20_AUDIO\06_textgrid_merged\2021\SDRW2100001747\SDRW2100001747.1.1.54.TextGrid,0.100,원본짧음,ok,2.759000,13,5,4.712,1.812,source_pcm_too_short,exclude_source_audio_unusable
2021,SDRW2100001747,SDRW2100001747.1.1.55,morph_source_missing,D:\20_AUDIO\06_textgrid_merged\2021\SDRW2100001747\SDRW2100001747.1.1.55.TextGrid,0.100,원본짧음,ok,3.123000,11,4,3.522,1.281,source_pcm_too_short,exclude_source_audio_unusable
2021,SDRW2100001747,SDRW2100001747.1.1.56,morph_source_missing,D:\20_AUDIO\06_textgrid_merged\2021\SDRW2100001747\SDRW2100001747.1.1.56.TextGrid,0.100,원본짧음,ok,3.968000,20,7,5.040,1.764,source_pcm_too_short,exclude_source_audio_unusable
2021,SDRW2100001747,SDRW2100001747.1.1.57,morph_source_missing,D:\20_AUDIO\06_textgrid_merged\2021\SDRW2100001747\SDRW2100001747.1.1.57.TextGrid,0.100,원본짧음,ok,3.500000,13,5,3.714,1.429,source_pcm_too_short,exclude_source_audio_unusable
2021,SDRW2100001747,SDRW2100001747.1.1.58,morph_source_missing,D:\20_AUDIO\06_textgrid_merged\2021\SDRW2100001747\SDRW2100001747.1.1.58.TextGrid,0.100,원본짧음,ok,4.865000,22,10,4.522,2.055,source_pcm_too_short,exclude_source_audio_unusable
2021,SDRW2100001747,SDRW2100001747.1.1.59,morph_source_missing,D:\20_AUDIO\06_textgrid_merged\2021\SDRW2100001747\SDRW2100001747.1.1.59.TextGrid,0.100,원본짧음,ok,3.947000,12,6,3.040,1.520,source_pcm_too_short,exclude_source_audio_unusable
2021,SDRW2100001747,SDRW2100001747.1.1.6,morph_source_missing,D:\20_AUDIO\06_textgrid_merged\2021\SDRW2100001747\SDRW2100001747.1.1.6.TextGrid,0.000,원본짧음,ok,2.758000,20,8,7.252,2.901,source_pcm_too_short,exclude_source_audio_unusable
2021,SDRW2100001747,SDRW2100001747.1.1.60,morph_source_missing,D:\20_AUDIO\06_textgrid_merged\2021\SDRW2100001747\SDRW2100001747.1.1.60.TextGrid,0.100,원본짧음,ok,4.020000,10,7,2.488,1.741,source_pcm_too_short,exclude_source_audio_unusable
2021,SDRW2100001747,SDRW2100001747.1.1.61,morph_source_missing,D:\20_AUDIO\06_textgrid_merged\2021\SDRW2100001747\SDRW2100001747.1.1.61.TextGrid,0.100,원본짧음,ok,3.491000,14,5,4.010,1.432,source_pcm_too_short,exclude_source_audio_unusable
2021,SDRW2100001747,SDRW2100001747.1.1.62,morph_source_missing,D:\20_AUDIO\06_textgrid_merged\2021\SDRW2100001747\SDRW2100001747.1.1.62.TextGrid,0.100,원본짧음,ok,3.327000,13,6,3.907,1.803,source_pcm_too_short,exclude_source_audio_unusable
2021,SDRW2100001747,SDRW2100001747.1.1.63,morph_source_missing,D:\20_AUDIO\06_textgrid_merged\2021\SDRW2100001747\SDRW2100001747.1.1.63.TextGrid,0.100,원본짧음,ok,2.458000,12,6,4.882,2.441,source_pcm_too_short,exclude_source_audio_unusable
2021,SDRW2100001747,SDRW2100001747.1.1.64,morph_source_missing,D:\20_AUDIO\06_textgrid_merged\2021\SDRW2100001747\SDRW2100001747.1.1.64.TextGrid,0.100,원본짧음,ok,4.532000,16,6,3.530,1.324,source_pcm_too_short,exclude_source_audio_unusable
2021,SDRW2100001747,SDRW2100001747.1.1.65,morph_source_missing,D:\20_AUDIO\06_textgrid_merged\2021\SDRW2100001747\SDRW2100001747.1.1.65.TextGrid,0.100,원본짧음,ok,1.207000,5,3,4.143,2.486,source_pcm_too_short,exclude_source_audio_unusable
2021,SDRW2100001747,SDRW2100001747.1.1.66,morph_source_missing,D:\20_AUDIO\06_textgrid_merged\2021\SDRW2100001747\SDRW2100001747.1.1.66.TextGrid,0.100,원본짧음,ok,4.365000,21,9,4.811,2.062,source_pcm_too_short,exclude_source_audio_unusable
2021,SDRW2100001747,SDRW2100001747.1.1.67,morph_source_missing,D:\20_AUDIO\06_textgrid_merged\2021\SDRW2100001747\SDRW2100001747.1.1.67.TextGrid,0.100,원본짧음,ok,4.332000,27,12,6.233,2.770,source_pcm_too_short,exclude_source_audio_unusable
2021,SDRW2100001747,SDRW2100001747.1.1.68,morph_source_missing,D:\20_AUDIO\06_textgrid_merged\2021\SDRW2100001747\SDRW2100001747.1.1.68.TextGrid,0.100,원본짧음,ok,2.856000,18,7,6.303,2.451,source_pcm_too_short,exclude_source_audio_unusable
2021,SDRW2100001747,SDRW2100001747.1.1.69,morph_source_missing,D:\20_AUDIO\06_textgrid_merged\2021\SDRW2100001747\SDRW2100001747.1.1.69.TextGrid,0.100,원본짧음,ok,1.293000,3,1,2.320,0.773,source_pcm_too_short,exclude_source_audio_unusable
2021,SDRW2100001747,SDRW2100001747.1.1.7,morph_source_missing,D:\20_AUDIO\06_textgrid_merged\2021\SDRW2100001747\SDRW2100001747.1.1.7.TextGrid,0.100,원본짧음,ok,4.477000,22,8,4.914,1.787,source_pcm_too_short,exclude_source_audio_unusable
2021,SDRW2100001747,SDRW2100001747.1.1.70,morph_source_missing,D:\20_AUDIO\06_textgrid_merged\2021\SDRW2100001747\SDRW2100001747.1.1.70.TextGrid,0.100,원본짧음,ok,2.663000,10,5,3.755,1.878,source_pcm_too_short,exclude_source_audio_unusable
2021,SDRW2100001747,SDRW2100001747.1.1.71,morph_source_missing,D:\20_AUDIO\06_textgrid_merged\2021\SDRW2100001747\SDRW2100001747.1.1.71.TextGrid,0.100,원본짧음,ok,2.952000,14,6,4.743,2.033,source_pcm_too_short,exclude_source_audio_unusable
2021,SDRW2100001747,SDRW2100001747.1.1.72,morph_source_missing,D:\20_AUDIO\06_textgrid_merged\2021\SDRW2100001747\SDRW2100001747.1.1.72.TextGrid,0.100,원본짧음,ok,3.826000,16,6,4.182,1.568,source_pcm_too_short,exclude_source_audio_unusable
2021,SDRW2100001747,SDRW2100001747.1.1.73,morph_source_missing,D:\20_AUDIO\06_textgrid_merged\2021\SDRW2100001747\SDRW2100001747.1.1.73.TextGrid,0.100,원본짧음,ok,2.980000,14,5,4.698,1.678,source_pcm_too_short,exclude_source_audio_unusable
2021,SDRW2100001747,SDRW2100001747.1.1.74,morph_source_missing,D:\20_AUDIO\06_textgrid_merged\2021\SDRW2100001747\SDRW2100001747.1.1.74.TextGrid,0.100,원본짧음,ok,3.860000,24,10,6.218,2.591,source_pcm_too_short,exclude_source_audio_unusable
2021,SDRW2100001747,SDRW2100001747.1.1.75,morph_source_missing,D:\20_AUDIO\06_textgrid_merged\2021\SDRW2100001747\SDRW2100001747.1.1.75.TextGrid,0.100,원본짧음,ok,4.884000,26,11,5.324,2.252,source_pcm_too_short,exclude_source_audio_unusable
2021,SDRW2100001747,SDRW2100001747.1.1.76,morph_source_missing,D:\20_AUDIO\06_textgrid_merged\2021\SDRW2100001747\SDRW2100001747.1.1.76.TextGrid,0.100,원본짧음,ok,3.732000,18,7,4.823,1.876,source_pcm_too_short,exclude_source_audio_unusable
2021,SDRW2100001747,SDRW2100001747.1.1.77,morph_source_missing,D:\20_AUDIO\06_textgrid_merged\2021\SDRW2100001747\SDRW2100001747.1.1.77.TextGrid,0.100,원본짧음,ok,3.141000,13,7,4.139,2.229,source_pcm_too_short,exclude_source_audio_unusable
2021,SDRW2100001747,SDRW2100001747.1.1.78,morph_source_missing,D:\20_AUDIO\06_textgrid_merged\2021\SDRW2100001747\SDRW2100001747.1.1.78.TextGrid,0.100,원본짧음,ok,4.371000,22,8,5.033,1.830,source_pcm_too_short,exclude_source_audio_unusable
2021,SDRW2100001747,SDRW2100001747.1.1.79,morph_source_missing,D:\20_AUDIO\06_textgrid_merged\2021\SDRW2100001747\SDRW2100001747.1.1.79.TextGrid,0.100,원본짧음,ok,3.524000,18,8,5.108,2.270,source_pcm_too_short,exclude_source_audio_unusable
2021,SDRW2100001747,SDRW2100001747.1.1.8,morph_source_missing,D:\20_AUDIO\06_textgrid_merged\2021\SDRW2100001747\SDRW2100001747.1.1.8.TextGrid,0.100,원본짧음,ok,5.061000,22,11,4.347,2.173,source_pcm_too_short,exclude_source_audio_unusable
2021,SDRW2100001747,SDRW2100001747.1.1.80,morph_source_missing,D:\20_AUDIO\06_textgrid_merged\2021\SDRW2100001747\SDRW2100001747.1.1.80.TextGrid,0.100,원본짧음,ok,2.132000,11,6,5.159,2.814,source_pcm_too_short,exclude_source_audio_unusable
2021,SDRW2100001747,SDRW2100001747.1.1.81,morph_source_missing,D:\20_AUDIO\06_textgrid_merged\2021\SDRW2100001747\SDRW2100001747.1.1.81.TextGrid,0.100,원본짧음,ok,4.000000,19,8,4.750,2.000,source_pcm_too_short,exclude_source_audio_unusable
2021,SDRW2100001747,SDRW2100001747.1.1.82,morph_source_missing,D:\20_AUDIO\06_textgrid_merged\2021\SDRW2100001747\SDRW2100001747.1.1.82.TextGrid,0.100,원본짧음,ok,3.287000,15,5,4.563,1.521,source_pcm_too_short,exclude_source_audio_unusable
2021,SDRW2100001747,SDRW2100001747.1.1.83,morph_source_missing,D:\20_AUDIO\06_textgrid_merged\2021\SDRW2100001747\SDRW2100001747.1.1.83.TextGrid,0.100,원본짧음,ok,2.835000,9,4,3.175,1.411,source_pcm_too_short,exclude_source_audio_unusable
2021,SDRW2100001747,SDRW2100001747.1.1.84,morph_source_missing,D:\20_AUDIO\06_textgrid_merged\2021\SDRW2100001747\SDRW2100001747.1.1.84.TextGrid,0.100,원본짧음,ok,2.570000,11,5,4.280,1.946,source_pcm_too_short,exclude_source_audio_unusable
2021,SDRW2100001747,SDRW2100001747.1.1.85,morph_source_missing,D:\20_AUDIO\06_textgrid_merged\2021\SDRW2100001747\SDRW2100001747.1.1.85.TextGrid,0.100,원본짧음,ok,4.900000,23,10,4.694,2.041,source_pcm_too_short,exclude_source_audio_unusable
2021,SDRW2100001747,SDRW2100001747.1.1.86,morph_source_missing,D:\20_AUDIO\06_textgrid_merged\2021\SDRW2100001747\SDRW2100001747.1.1.86.TextGrid,0.100,원본짧음,ok,2.780000,10,4,3.597,1.439,source_pcm_too_short,exclude_source_audio_unusable
2021,SDRW2100001747,SDRW2100001747.1.1.87,morph_source_missing,D:\20_AUDIO\06_textgrid_merged\2021\SDRW2100001747\SDRW2100001747.1.1.87.TextGrid,0.100,원본짧음,ok,3.911000,12,7,3.068,1.790,source_pcm_too_short,exclude_source_audio_unusable
2021,SDRW2100001747,SDRW2100001747.1.1.88,morph_source_missing,D:\20_AUDIO\06_textgrid_merged\2021\SDRW2100001747\SDRW2100001747.1.1.88.TextGrid,0.100,원본짧음,ok,1.049000,2,1,1.907,0.953,source_pcm_too_short,exclude_source_audio_unusable
2021,SDRW2100001747,SDRW2100001747.1.1.89,morph_source_missing,D:\20_AUDIO\06_textgrid_merged\2021\SDRW2100001747\SDRW2100001747.1.1.89.TextGrid,0.100,원본짧음,ok,3.546000,17,5,4.794,1.410,source_pcm_too_short,exclude_source_audio_unusable
2021,SDRW2100001747,SDRW2100001747.1.1.9,morph_source_missing,D:\20_AUDIO\06_textgrid_merged\2021\SDRW2100001747\SDRW2100001747.1.1.9.TextGrid,0.100,원본짧음,ok,1.410000,6,2,4.255,1.418,source_pcm_too_short,exclude_source_audio_unusable
2021,SDRW2100001747,SDRW2100001747.1.1.90,morph_source_missing,D:\20_AUDIO\06_textgrid_merged\2021\SDRW2100001747\SDRW2100001747.1.1.90.TextGrid,0.100,원본짧음,ok,2.852000,11,5,3.857,1.753,source_pcm_too_short,exclude_source_audio_unusable
2021,SDRW2100001747,SDRW2100001747.1.1.91,morph_source_missing,D:\20_AUDIO\06_textgrid_merged\2021\SDRW2100001747\SDRW2100001747.1.1.91.TextGrid,0.100,원본짧음,ok,2.525000,10,4,3.960,1.584,source_pcm_too_short,exclude_source_audio_unusable
2021,SDRW2100001747,SDRW2100001747.1.1.92,morph_source_missing,D:\20_AUDIO\06_textgrid_merged\2021\SDRW2100001747\SDRW2100001747.1.1.92.TextGrid,0.100,원본짧음,ok,2.719000,11,6,4.046,2.207,source_pcm_too_short,exclude_source_audio_unusable
2021,SDRW2100001747,SDRW2100001747.1.1.93,morph_source_missing,D:\20_AUDIO\06_textgrid_merged\2021\SDRW2100001747\SDRW2100001747.1.1.93.TextGrid,0.100,원본짧음,ok,3.219000,18,7,5.592,2.175,source_pcm_too_short,exclude_source_audio_unusable
2021,SDRW2100001747,SDRW2100001747.1.1.94,morph_source_missing,D:\20_AUDIO\06_textgrid_merged\2021\SDRW2100001747\SDRW2100001747.1.1.94.TextGrid,0.100,원본짧음,ok,3.748000,23,8,6.137,2.134,source_pcm_too_short,exclude_source_audio_unusable
2021,SDRW2100001747,SDRW2100001747.1.1.95,morph_source_missing,D:\20_AUDIO\06_textgrid_merged\2021\SDRW2100001747\SDRW2100001747.1.1.95.TextGrid,0.100,원본짧음,ok,4.564000,16,8,3.506,1.753,source_pcm_too_short,exclude_source_audio_unusable
2021,SDRW2100001747,SDRW2100001747.1.1.96,morph_source_missing,D:\20_AUDIO\06_textgrid_merged\2021\SDRW2100001747\SDRW2100001747.1.1.96.TextGrid,0.100,원본짧음,ok,3.677000,8,4,2.176,1.088,source_pcm_too_short,exclude_source_audio_unusable
2021,SDRW2100001747,SDRW2100001747.1.1.97,morph_source_missing,D:\20_AUDIO\06_textgrid_merged\2021\SDRW2100001747\SDRW2100001747.1.1.97.TextGrid,0.100,원본짧음,ok,2.436000,9,3,3.695,1.232,source_pcm_too_short,exclude_source_audio_unusable
2021,SDRW2100001747,SDRW2100001747.1.1.98,morph_source_missing,D:\20_AUDIO\06_textgrid_merged\2021\SDRW2100001747\SDRW2100001747.1.1.98.TextGrid,0.100,원본짧음,ok,2.124000,7,3,3.296,1.412,source_pcm_too_short,exclude_source_audio_unusable
2021,SDRW2100001747,SDRW2100001747.1.1.99,morph_source_missing,D:\20_AUDIO\06_textgrid_merged\2021\SDRW2100001747\SDRW2100001747.1.1.99.TextGrid,0.100,원본짧음,ok,3.228000,18,6,5.576,1.859,source_pcm_too_short,exclude_source_audio_unusable
2021,SDRW2100001810,SDRW2100001810.1.1.363,morph_source_missing,D:\20_AUDIO\06_textgrid_merged\2021\SDRW2100001810\SDRW2100001810.1.1.363.TextGrid,0.000,원본짧음,nonpositive_duration,,1,1,0.000,0.000,source_pcm_too_short,exclude_source_audio_unusable
2021,SDRW2100001817,SDRW2100001817.1.1.214,morph_source_missing,D:\20_AUDIO\06_textgrid_merged\2021\SDRW2100001817\SDRW2100001817.1.1.214.TextGrid,0.010,원본짧음,ok,0.006000,6,2,1000.000,333.333,source_pcm_too_short,exclude_source_audio_unusable
2021,SDRW2100001817,SDRW2100001817.1.1.417,morph_source_missing,D:\20_AUDIO\06_textgrid_merged\2021\SDRW2100001817\SDRW2100001817.1.1.417.TextGrid,0.010,원본짧음,ok,0.015000,6,2,400.000,133.333,source_pcm_too_short,exclude_source_audio_unusable
2021,SDRW2100001817,SDRW2100001817.1.1.436,morph_source_missing,D:\20_AUDIO\06_textgrid_merged\2021\SDRW2100001817\SDRW2100001817.1.1.436.TextGrid,0.020,원본짧음,ok,0.016000,10,4,625.000,250.000,source_pcm_too_short,exclude_source_audio_unusable
2021,SDRW2100001817,SDRW2100001817.1.1.463,morph_source_missing,D:\20_AUDIO\06_textgrid_merged\2021\SDRW2100001817\SDRW2100001817.1.1.463.TextGrid,0.020,원본짧음,ok,0.016000,3,1,187.500,62.500,source_pcm_too_short,exclude_source_audio_unusable
2021,SDRW2100001817,SDRW2100001817.1.1.506,morph_source_missing,D:\20_AUDIO\06_textgrid_merged\2021\SDRW2100001817\SDRW2100001817.1.1.506.TextGrid,0.010,원본짧음,ok,0.016000,14,6,875.000,375.000,source_pcm_too_short,exclude_source_audio_unusable
2021,SDRW2100001817,SDRW2100001817.1.1.535,morph_source_missing,D:\20_AUDIO\06_textgrid_merged\2021\SDRW2100001817\SDRW2100001817.1.1.535.TextGrid,0.030,원본짧음,ok,0.036000,12,4,333.333,111.111,source_pcm_too_short,exclude_source_audio_unusable
2021,SDRW2100001872,SDRW2100001872.1.1.1,morph_source_missing,D:\20_AUDIO\06_textgrid_merged\2021\SDRW2100001872\SDRW2100001872.1.1.1.TextGrid,0.100,원본짧음,ok,2.434000,10,6,4.108,2.465,source_pcm_too_short,exclude_source_audio_unusable
2021,SDRW2100001872,SDRW2100001872.1.1.10,morph_source_missing,D:\20_AUDIO\06_textgrid_merged\2021\SDRW2100001872\SDRW2100001872.1.1.10.TextGrid,0.100,원본짧음,ok,3.177000,17,7,5.351,2.203,source_pcm_too_short,exclude_source_audio_unusable
2021,SDRW2100001872,SDRW2100001872.1.1.100,morph_source_missing,D:\20_AUDIO\06_textgrid_merged\2021\SDRW2100001872\SDRW2100001872.1.1.100.TextGrid,0.100,원본짧음,ok,2.637000,12,7,4.551,2.655,source_pcm_too_short,exclude_source_audio_unusable
2021,SDRW2100001872,SDRW2100001872.1.1.101,morph_source_missing,D:\20_AUDIO\06_textgrid_merged\2021\SDRW2100001872\SDRW2100001872.1.1.101.TextGrid,0.100,원본짧음,ok,3.849000,23,10,5.976,2.598,source_pcm_too_short,exclude_source_audio_unusable
2021,SDRW2100001872,SDRW2100001872.1.1.102,morph_source_missing,D:\20_AUDIO\06_textgrid_merged\2021\SDRW2100001872\SDRW2100001872.1.1.102.TextGrid,0.100,원본짧음,ok,2.419000,16,6,6.614,2.480,source_pcm_too_short,exclude_source_audio_unusable
2021,SDRW2100001872,SDRW2100001872.1.1.103,morph_source_missing,D:\20_AUDIO\06_textgrid_merged\2021\SDRW2100001872\SDRW2100001872.1.1.103.TextGrid,0.100,원본짧음,ok,1.763000,10,4,5.672,2.269,source_pcm_too_short,exclude_source_audio_unusable
2021,SDRW2100001872,SDRW2100001872.1.1.104,morph_source_missing,D:\20_AUDIO\06_textgrid_merged\2021\SDRW2100001872\SDRW2100001872.1.1.104.TextGrid,0.100,원본짧음,ok,3.969000,22,11,5.543,2.771,source_pcm_too_short,exclude_source_audio_unusable
2021,SDRW2100001872,SDRW2100001872.1.1.105,morph_source_missing,D:\20_AUDIO\06_textgrid_merged\2021\SDRW2100001872\SDRW2100001872.1.1.105.TextGrid,0.100,원본짧음,ok,1.218000,6,2,4.926,1.642,source_pcm_too_short,exclude_source_audio_unusable
2021,SDRW2100001872,SDRW2100001872.1.1.106,morph_source_missing,D:\20_AUDIO\06_textgrid_merged\2021\SDRW2100001872\SDRW2100001872.1.1.106.TextGrid,0.100,원본짧음,ok,4.636000,28,10,6.040,2.157,source_pcm_too_short,exclude_source_audio_unusable
2021,SDRW2100001872,SDRW2100001872.1.1.107,morph_source_missing,D:\20_AUDIO\06_textgrid_merged\2021\SDRW2100001872\SDRW2100001872.1.1.107.TextGrid,0.100,원본짧음,ok,4.180000,21,10,5.024,2.392,source_pcm_too_short,exclude_source_audio_unusable
2021,SDRW2100001872,SDRW2100001872.1.1.108,morph_source_missing,D:\20_AUDIO\06_textgrid_merged\2021\SDRW2100001872\SDRW2100001872.1.1.108.TextGrid,0.100,원본짧음,ok,4.180000,18,10,4.306,2.392,source_pcm_too_short,exclude_source_audio_unusable
2021,SDRW2100001872,SDRW2100001872.1.1.109,morph_source_missing,D:\20_AUDIO\06_textgrid_merged\2021\SDRW2100001872\SDRW2100001872.1.1.109.TextGrid,0.100,원본짧음,ok,3.892000,23,11,5.910,2.826,source_pcm_too_short,exclude_source_audio_unusable
2021,SDRW2100001872,SDRW2100001872.1.1.11,morph_source_missing,D:\20_AUDIO\06_textgrid_merged\2021\SDRW2100001872\SDRW2100001872.1.1.11.TextGrid,0.100,원본짧음,ok,3.603000,16,6,4.441,1.665,source_pcm_too_short,exclude_source_audio_unusable
2021,SDRW2100001872,SDRW2100001872.1.1.110,morph_source_missing,D:\20_AUDIO\06_textgrid_merged\2021\SDRW2100001872\SDRW2100001872.1.1.110.TextGrid,0.100,원본짧음,ok,4.900000,28,9,5.714,1.837,source_pcm_too_short,exclude_source_audio_unusable
2021,SDRW2100001872,SDRW2100001872.1.1.111,morph_source_missing,D:\20_AUDIO\06_textgrid_merged\2021\SDRW2100001872\SDRW2100001872.1.1.111.TextGrid,0.100,원본짧음,ok,2.080000,8,3,3.846,1.442,source_pcm_too_short,exclude_source_audio_unusable
2021,SDRW2100001872,SDRW2100001872.1.1.112,morph_source_missing,D:\20_AUDIO\06_textgrid_merged\2021\SDRW2100001872\SDRW2100001872.1.1.112.TextGrid,0.100,원본짧음,ok,3.449000,23,10,6.669,2.899,source_pcm_too_short,exclude_source_audio_unusable
2021,SDRW2100001872,SDRW2100001872.1.1.113,morph_source_missing,D:\20_AUDIO\06_textgrid_merged\2021\SDRW2100001872\SDRW2100001872.1.1.113.TextGrid,0.100,원본짧음,ok,2.918000,17,7,5.826,2.399,source_pcm_too_short,exclude_source_audio_unusable
2021,SDRW2100001872,SDRW2100001872.1.1.114,morph_source_missing,D:\20_AUDIO\06_textgrid_merged\2021\SDRW2100001872\SDRW2100001872.1.1.114.TextGrid,0.100,원본짧음,ok,2.145000,14,8,6.527,3.730,source_pcm_too_short,exclude_source_audio_unusable
2021,SDRW2100001872,SDRW2100001872.1.1.115,morph_source_missing,D:\20_AUDIO\06_textgrid_merged\2021\SDRW2100001872\SDRW2100001872.1.1.115.TextGrid,0.100,원본짧음,ok,4.020000,21,10,5.224,2.488,source_pcm_too_short,exclude_source_audio_unusable
2021,SDRW2100001872,SDRW2100001872.1.1.116,morph_source_missing,D:\20_AUDIO\06_textgrid_merged\2021\SDRW2100001872\SDRW2100001872.1.1.116.TextGrid,0.100,원본짧음,ok,1.693000,10,5,5.907,2.953,source_pcm_too_short,exclude_source_audio_unusable
2021,SDRW2100001872,SDRW2100001872.1.1.117,morph_source_missing,D:\20_AUDIO\06_textgrid_merged\2021\SDRW2100001872\SDRW2100001872.1.1.117.TextGrid,0.100,원본짧음,ok,4.804000,21,9,4.371,1.873,source_pcm_too_short,exclude_source_audio_unusable
2021,SDRW2100001872,SDRW2100001872.1.1.118,morph_source_missing,D:\20_AUDIO\06_textgrid_merged\2021\SDRW2100001872\SDRW2100001872.1.1.118.TextGrid,0.100,원본짧음,ok,3.391000,19,7,5.603,2.064,source_pcm_too_short,exclude_source_audio_unusable
2021,SDRW2100001872,SDRW2100001872.1.1.119,morph_source_missing,D:\20_AUDIO\06_textgrid_merged\2021\SDRW2100001872\SDRW2100001872.1.1.119.TextGrid,0.100,원본짧음,ok,4.277000,22,8,5.144,1.870,source_pcm_too_short,exclude_source_audio_unusable
2021,SDRW2100001872,SDRW2100001872.1.1.12,morph_source_missing,D:\20_AUDIO\06_textgrid_merged\2021\SDRW2100001872\SDRW2100001872.1.1.12.TextGrid,0.100,원본짧음,ok,4.874000,24,12,4.924,2.462,source_pcm_too_short,exclude_source_audio_unusable
2021,SDRW2100001872,SDRW2100001872.1.1.120,morph_source_missing,D:\20_AUDIO\06_textgrid_merged\2021\SDRW2100001872\SDRW2100001872.1.1.120.TextGrid,0.100,원본짧음,ok,1.695000,8,3,4.720,1.770,source_pcm_too_short,exclude_source_audio_unusable
2021,SDRW2100001872,SDRW2100001872.1.1.121,morph_source_missing,D:\20_AUDIO\06_textgrid_merged\2021\SDRW2100001872\SDRW2100001872.1.1.121.TextGrid,0.100,원본짧음,ok,3.728000,16,7,4.292,1.878,source_pcm_too_short,exclude_source_audio_unusable
2021,SDRW2100001872,SDRW2100001872.1.1.122,morph_source_missing,D:\20_AUDIO\06_textgrid_merged\2021\SDRW2100001872\SDRW2100001872.1.1.122.TextGrid,0.100,원본짧음,ok,2.778000,17,7,6.120,2.520,source_pcm_too_short,exclude_source_audio_unusable
2021,SDRW2100001872,SDRW2100001872.1.1.123,morph_source_missing,D:\20_AUDIO\06_textgrid_merged\2021\SDRW2100001872\SDRW2100001872.1.1.123.TextGrid,0.100,원본짧음,ok,2.093000,10,4,4.778,1.911,source_pcm_too_short,exclude_source_audio_unusable
2021,SDRW2100001872,SDRW2100001872.1.1.124,morph_source_missing,D:\20_AUDIO\06_textgrid_merged\2021\SDRW2100001872\SDRW2100001872.1.1.124.TextGrid,0.100,원본짧음,ok,5.334000,38,17,7.124,3.187,source_pcm_too_short,exclude_source_audio_unusable
2021,SDRW2100001872,SDRW2100001872.1.1.125,morph_source_missing,D:\20_AUDIO\06_textgrid_merged\2021\SDRW2100001872\SDRW2100001872.1.1.125.TextGrid,0.100,원본짧음,ok,2.276000,13,6,5.712,2.636,source_pcm_too_short,exclude_source_audio_unusable
2021,SDRW2100001872,SDRW2100001872.1.1.126,morph_source_missing,D:\20_AUDIO\06_textgrid_merged\2021\SDRW2100001872\SDRW2100001872.1.1.126.TextGrid,0.100,원본짧음,ok,2.276000,16,5,7.030,2.197,source_pcm_too_short,exclude_source_audio_unusable
2021,SDRW2100001872,SDRW2100001872.1.1.127,morph_source_missing,D:\20_AUDIO\06_textgrid_merged\2021\SDRW2100001872\SDRW2100001872.1.1.127.TextGrid,0.100,원본짧음,ok,2.580000,12,6,4.651,2.326,source_pcm_too_short,exclude_source_audio_unusable
2021,SDRW2100001872,SDRW2100001872.1.1.128,morph_source_missing,D:\20_AUDIO\06_textgrid_merged\2021\SDRW2100001872\SDRW2100001872.1.1.128.TextGrid,0.100,원본짧음,ok,3.367000,16,6,4.752,1.782,source_pcm_too_short,exclude_source_audio_unusable
2021,SDRW2100001872,SDRW2100001872.1.1.129,morph_source_missing,D:\20_AUDIO\06_textgrid_merged\2021\SDRW2100001872\SDRW2100001872.1.1.129.TextGrid,0.100,원본짧음,ok,4.065000,21,8,5.166,1.968,source_pcm_too_short,exclude_source_audio_unusable
2021,SDRW2100001872,SDRW2100001872.1.1.13,morph_source_missing,D:\20_AUDIO\06_textgrid_merged\2021\SDRW2100001872\SDRW2100001872.1.1.13.TextGrid,0.100,원본짧음,ok,3.988000,21,8,5.266,2.006,source_pcm_too_short,exclude_source_audio_unusable
2021,SDRW2100001872,SDRW2100001872.1.1.130,morph_source_missing,D:\20_AUDIO\06_textgrid_merged\2021\SDRW2100001872\SDRW2100001872.1.1.130.TextGrid,0.100,원본짧음,ok,3.799000,14,8,3.685,2.106,source_pcm_too_short,exclude_source_audio_unusable
2021,SDRW2100001872,SDRW2100001872.1.1.131,morph_source_missing,D:\20_AUDIO\06_textgrid_merged\2021\SDRW2100001872\SDRW2100001872.1.1.131.TextGrid,0.100,원본짧음,ok,1.857000,12,4,6.462,2.154,source_pcm_too_short,exclude_source_audio_unusable
2021,SDRW2100001872,SDRW2100001872.1.1.132,morph_source_missing,D:\20_AUDIO\06_textgrid_merged\2021\SDRW2100001872\SDRW2100001872.1.1.132.TextGrid,0.100,원본짧음,ok,4.980000,20,10,4.016,2.008,source_pcm_too_short,exclude_source_audio_unusable
2021,SDRW2100001872,SDRW2100001872.1.1.133,morph_source_missing,D:\20_AUDIO\06_textgrid_merged\2021\SDRW2100001872\SDRW2100001872.1.1.133.TextGrid,0.100,원본짧음,ok,4.835000,19,9,3.930,1.861,source_pcm_too_short,exclude_source_audio_unusable
2021,SDRW2100001872,SDRW2100001872.1.1.134,morph_source_missing,D:\20_AUDIO\06_textgrid_merged\2021\SDRW2100001872\SDRW2100001872.1.1.134.TextGrid,0.100,원본짧음,ok,2.485000,15,7,6.036,2.817,source_pcm_too_short,exclude_source_audio_unusable
2021,SDRW2100001872,SDRW2100001872.1.1.135,morph_source_missing,D:\20_AUDIO\06_textgrid_merged\2021\SDRW2100001872\SDRW2100001872.1.1.135.TextGrid,0.100,원본짧음,ok,4.212000,22,9,5.223,2.137,source_pcm_too_short,exclude_source_audio_unusable
2021,SDRW2100001872,SDRW2100001872.1.1.136,morph_source_missing,D:\20_AUDIO\06_textgrid_merged\2021\SDRW2100001872\SDRW2100001872.1.1.136.TextGrid,0.100,원본짧음,ok,2.372000,15,4,6.324,1.686,source_pcm_too_short,exclude_source_audio_unusable
2021,SDRW2100001872,SDRW2100001872.1.1.137,morph_source_missing,D:\20_AUDIO\06_textgrid_merged\2021\SDRW2100001872\SDRW2100001872.1.1.137.TextGrid,0.100,원본짧음,ok,2.883000,21,6,7.284,2.081,source_pcm_too_short,exclude_source_audio_unusable
2021,SDRW2100001872,SDRW2100001872.1.1.138,morph_source_missing,D:\20_AUDIO\06_textgrid_merged\2021\SDRW2100001872\SDRW2100001872.1.1.138.TextGrid,0.100,원본짧음,ok,3.476000,21,7,6.041,2.014,source_pcm_too_short,exclude_source_audio_unusable
2021,SDRW2100001872,SDRW2100001872.1.1.139,morph_source_missing,D:\20_AUDIO\06_textgrid_merged\2021\SDRW2100001872\SDRW2100001872.1.1.139.TextGrid,0.100,원본짧음,ok,4.036000,17,7,4.212,1.734,source_pcm_too_short,exclude_source_audio_unusable
2021,SDRW2100001872,SDRW2100001872.1.1.14,morph_source_missing,D:\20_AUDIO\06_textgrid_merged\2021\SDRW2100001872\SDRW2100001872.1.1.14.TextGrid,0.100,원본짧음,ok,2.273000,11,3,4.839,1.320,source_pcm_too_short,exclude_source_audio_unusable
2021,SDRW2100001872,SDRW2100001872.1.1.140,morph_source_missing,D:\20_AUDIO\06_textgrid_merged\2021\SDRW2100001872\SDRW2100001872.1.1.140.TextGrid,0.100,원본짧음,ok,4.262000,30,11,7.039,2.581,source_pcm_too_short,exclude_source_audio_unusable
2021,SDRW2100001872,SDRW2100001872.1.1.141,morph_source_missing,D:\20_AUDIO\06_textgrid_merged\2021\SDRW2100001872\SDRW2100001872.1.1.141.TextGrid,0.100,원본짧음,ok,2.242000,15,6,6.690,2.676,source_pcm_too_short,exclude_source_audio_unusable
2021,SDRW2100001872,SDRW2100001872.1.1.142,morph_source_missing,D:\20_AUDIO\06_textgrid_merged\2021\SDRW2100001872\SDRW2100001872.1.1.142.TextGrid,0.100,원본짧음,ok,4.916000,27,10,5.492,2.034,source_pcm_too_short,exclude_source_audio_unusable
2021,SDRW2100001872,SDRW2100001872.1.1.143,morph_source_missing,D:\20_AUDIO\06_textgrid_merged\2021\SDRW2100001872\SDRW2100001872.1.1.143.TextGrid,0.100,원본짧음,ok,2.806000,10,4,3.564,1.426,source_pcm_too_short,exclude_source_audio_unusable
2021,SDRW2100001872,SDRW2100001872.1.1.144,morph_source_missing,D:\20_AUDIO\06_textgrid_merged\2021\SDRW2100001872\SDRW2100001872.1.1.144.TextGrid,0.100,원본짧음,ok,3.088000,15,5,4.858,1.619,source_pcm_too_short,exclude_source_audio_unusable
2021,SDRW2100001872,SDRW2100001872.1.1.145,morph_source_missing,D:\20_AUDIO\06_textgrid_merged\2021\SDRW2100001872\SDRW2100001872.1.1.145.TextGrid,0.100,원본짧음,ok,4.311000,24,10,5.567,2.320,source_pcm_too_short,exclude_source_audio_unusable
2021,SDRW2100001872,SDRW2100001872.1.1.146,morph_source_missing,D:\20_AUDIO\06_textgrid_merged\2021\SDRW2100001872\SDRW2100001872.1.1.146.TextGrid,0.100,원본짧음,ok,2.580000,12,5,4.651,1.938,source_pcm_too_short,exclude_source_audio_unusable
2021,SDRW2100001872,SDRW2100001872.1.1.147,morph_source_missing,D:\20_AUDIO\06_textgrid_merged\2021\SDRW2100001872\SDRW2100001872.1.1.147.TextGrid,0.100,원본짧음,ok,3.092000,19,9,6.145,2.911,source_pcm_too_short,exclude_source_audio_unusable
2021,SDRW2100001872,SDRW2100001872.1.1.148,morph_source_missing,D:\20_AUDIO\06_textgrid_merged\2021\SDRW2100001872\SDRW2100001872.1.1.148.TextGrid,0.100,원본짧음,ok,4.390000,26,11,5.923,2.506,source_pcm_too_short,exclude_source_audio_unusable
2021,SDRW2100001872,SDRW2100001872.1.1.149,morph_source_missing,D:\20_AUDIO\06_textgrid_merged\2021\SDRW2100001872\SDRW2100001872.1.1.149.TextGrid,0.100,원본짧음,ok,2.078000,12,5,5.775,2.406,source_pcm_too_short,exclude_source_audio_unusable
2021,SDRW2100001872,SDRW2100001872.1.1.15,morph_source_missing,D:\20_AUDIO\06_textgrid_merged\2021\SDRW2100001872\SDRW2100001872.1.1.15.TextGrid,0.100,원본짧음,ok,3.194000,17,4,5.322,1.252,source_pcm_too_short,exclude_source_audio_unusable
2021,SDRW2100001872,SDRW2100001872.1.1.150,morph_source_missing,D:\20_AUDIO\06_textgrid_merged\2021\SDRW2100001872\SDRW2100001872.1.1.150.TextGrid,0.100,원본짧음,ok,2.323000,9,4,3.874,1.722,source_pcm_too_short,exclude_source_audio_unusable
2021,SDRW2100001872,SDRW2100001872.1.1.151,morph_source_missing,D:\20_AUDIO\06_textgrid_merged\2021\SDRW2100001872\SDRW2100001872.1.1.151.TextGrid,0.100,원본짧음,ok,2.980000,16,5,5.369,1.678,source_pcm_too_short,exclude_source_audio_unusable
2021,SDRW2100001872,SDRW2100001872.1.1.152,morph_source_missing,D:\20_AUDIO\06_textgrid_merged\2021\SDRW2100001872\SDRW2100001872.1.1.152.TextGrid,0.100,원본짧음,ok,4.891000,20,11,4.089,2.249,source_pcm_too_short,exclude_source_audio_unusable
2021,SDRW2100001872,SDRW2100001872.1.1.153,morph_source_missing,D:\20_AUDIO\06_textgrid_merged\2021\SDRW2100001872\SDRW2100001872.1.1.153.TextGrid,0.100,원본짧음,ok,4.013000,20,8,4.984,1.994,source_pcm_too_short,exclude_source_audio_unusable
2021,SDRW2100001872,SDRW2100001872.1.1.154,morph_source_missing,D:\20_AUDIO\06_textgrid_merged\2021\SDRW2100001872\SDRW2100001872.1.1.154.TextGrid,0.100,원본짧음,ok,1.688000,6,2,3.555,1.185,source_pcm_too_short,exclude_source_audio_unusable
2021,SDRW2100001872,SDRW2100001872.1.1.155,morph_source_missing,D:\20_AUDIO\06_textgrid_merged\2021\SDRW2100001872\SDRW2100001872.1.1.155.TextGrid,0.100,원본짧음,ok,3.694000,16,7,4.331,1.895,source_pcm_too_short,exclude_source_audio_unusable
2021,SDRW2100001872,SDRW2100001872.1.1.156,morph_source_missing,D:\20_AUDIO\06_textgrid_merged\2021\SDRW2100001872\SDRW2100001872.1.1.156.TextGrid,0.100,원본짧음,ok,2.646000,12,4,4.535,1.512,source_pcm_too_short,exclude_source_audio_unusable
2021,SDRW2100001872,SDRW2100001872.1.1.157,morph_source_missing,D:\20_AUDIO\06_textgrid_merged\2021\SDRW2100001872\SDRW2100001872.1.1.157.TextGrid,0.100,원본짧음,ok,4.356000,18,6,4.132,1.377,source_pcm_too_short,exclude_source_audio_unusable
2021,SDRW2100001872,SDRW2100001872.1.1.158,morph_source_missing,D:\20_AUDIO\06_textgrid_merged\2021\SDRW2100001872\SDRW2100001872.1.1.158.TextGrid,0.100,원본짧음,ok,3.764000,20,9,5.313,2.391,source_pcm_too_short,exclude_source_audio_unusable
2021,SDRW2100001872,SDRW2100001872.1.1.159,morph_source_missing,D:\20_AUDIO\06_textgrid_merged\2021\SDRW2100001872\SDRW2100001872.1.1.159.TextGrid,0.100,원본짧음,ok,4.206000,22,9,5.231,2.140,source_pcm_too_short,exclude_source_audio_unusable
2021,SDRW2100001872,SDRW2100001872.1.1.16,morph_source_missing,D:\20_AUDIO\06_textgrid_merged\2021\SDRW2100001872\SDRW2100001872.1.1.16.TextGrid,0.100,원본짧음,ok,2.987000,16,8,5.357,2.678,source_pcm_too_short,exclude_source_audio_unusable
2021,SDRW2100001872,SDRW2100001872.1.1.160,morph_source_missing,D:\20_AUDIO\06_textgrid_merged\2021\SDRW2100001872\SDRW2100001872.1.1.160.TextGrid,0.100,원본짧음,ok,2.698000,12,5,4.448,1.853,source_pcm_too_short,exclude_source_audio_unusable
2021,SDRW2100001872,SDRW2100001872.1.1.161,morph_source_missing,D:\20_AUDIO\06_textgrid_merged\2021\SDRW2100001872\SDRW2100001872.1.1.161.TextGrid,0.100,원본짧음,ok,3.668000,13,7,3.544,1.908,source_pcm_too_short,exclude_source_audio_unusable
2021,SDRW2100001872,SDRW2100001872.1.1.162,morph_source_missing,D:\20_AUDIO\06_textgrid_merged\2021\SDRW2100001872\SDRW2100001872.1.1.162.TextGrid,0.100,원본짧음,ok,4.268000,25,7,5.858,1.640,source_pcm_too_short,exclude_source_audio_unusable
2021,SDRW2100001872,SDRW2100001872.1.1.163,morph_source_missing,D:\20_AUDIO\06_textgrid_merged\2021\SDRW2100001872\SDRW2100001872.1.1.163.TextGrid,0.100,원본짧음,ok,3.784000,20,8,5.285,2.114,source_pcm_too_short,exclude_source_audio_unusable
2021,SDRW2100001872,SDRW2100001872.1.1.164,morph_source_missing,D:\20_AUDIO\06_textgrid_merged\2021\SDRW2100001872\SDRW2100001872.1.1.164.TextGrid,0.100,원본짧음,ok,3.990000,18,8,4.511,2.005,source_pcm_too_short,exclude_source_audio_unusable
2021,SDRW2100001872,SDRW2100001872.1.1.165,morph_source_missing,D:\20_AUDIO\06_textgrid_merged\2021\SDRW2100001872\SDRW2100001872.1.1.165.TextGrid,0.100,원본짧음,ok,2.753000,13,5,4.722,1.816,source_pcm_too_short,exclude_source_audio_unusable
2021,SDRW2100001872,SDRW2100001872.1.1.166,morph_source_missing,D:\20_AUDIO\06_textgrid_merged\2021\SDRW2100001872\SDRW2100001872.1.1.166.TextGrid,0.100,원본짧음,ok,3.799000,25,10,6.581,2.632,source_pcm_too_short,exclude_source_audio_unusable
2021,SDRW2100001872,SDRW2100001872.1.1.167,morph_source_missing,D:\20_AUDIO\06_textgrid_merged\2021\SDRW2100001872\SDRW2100001872.1.1.167.TextGrid,0.100,원본짧음,ok,4.948000,28,8,5.659,1.617,source_pcm_too_short,exclude_source_audio_unusable
2021,SDRW2100001872,SDRW2100001872.1.1.168,morph_source_missing,D:\20_AUDIO\06_textgrid_merged\2021\SDRW2100001872\SDRW2100001872.1.1.168.TextGrid,0.100,원본짧음,ok,4.166000,22,10,5.281,2.400,source_pcm_too_short,exclude_source_audio_unusable
2021,SDRW2100001872,SDRW2100001872.1.1.169,morph_source_missing,D:\20_AUDIO\06_textgrid_merged\2021\SDRW2100001872\SDRW2100001872.1.1.169.TextGrid,0.100,원본짧음,ok,2.850000,15,5,5.263,1.754,source_pcm_too_short,exclude_source_audio_unusable
2021,SDRW2100001872,SDRW2100001872.1.1.17,morph_source_missing,D:\20_AUDIO\06_textgrid_merged\2021\SDRW2100001872\SDRW2100001872.1.1.17.TextGrid,0.100,원본짧음,ok,3.640000,19,9,5.220,2.473,source_pcm_too_short,exclude_source_audio_unusable
2021,SDRW2100001872,SDRW2100001872.1.1.170,morph_source_missing,D:\20_AUDIO\06_textgrid_merged\2021\SDRW2100001872\SDRW2100001872.1.1.170.TextGrid,0.100,원본짧음,ok,2.789000,13,6,4.661,2.151,source_pcm_too_short,exclude_source_audio_unusable
2021,SDRW2100001872,SDRW2100001872.1.1.171,morph_source_missing,D:\20_AUDIO\06_textgrid_merged\2021\SDRW2100001872\SDRW2100001872.1.1.171.TextGrid,0.100,원본짧음,ok,3.275000,19,8,5.802,2.443,source_pcm_too_short,exclude_source_audio_unusable
2021,SDRW2100001872,SDRW2100001872.1.1.172,morph_source_missing,D:\20_AUDIO\06_textgrid_merged\2021\SDRW2100001872\SDRW2100001872.1.1.172.TextGrid,0.100,원본짧음,ok,4.156000,29,11,6.978,2.647,source_pcm_too_short,exclude_source_audio_unusable
2021,SDRW2100001872,SDRW2100001872.1.1.173,morph_source_missing,D:\20_AUDIO\06_textgrid_merged\2021\SDRW2100001872\SDRW2100001872.1.1.173.TextGrid,0.100,원본짧음,ok,3.043000,10,4,3.286,1.314,source_pcm_too_short,exclude_source_audio_unusable
2021,SDRW2100001872,SDRW2100001872.1.1.174,morph_source_missing,D:\20_AUDIO\06_textgrid_merged\2021\SDRW2100001872\SDRW2100001872.1.1.174.TextGrid,0.100,원본짧음,ok,5.098000,20,10,3.923,1.962,source_pcm_too_short,exclude_source_audio_unusable
2021,SDRW2100001872,SDRW2100001872.1.1.175,morph_source_missing,D:\20_AUDIO\06_textgrid_merged\2021\SDRW2100001872\SDRW2100001872.1.1.175.TextGrid,0.100,원본짧음,ok,4.100000,24,9,5.854,2.195,source_pcm_too_short,exclude_source_audio_unusable
2021,SDRW2100001872,SDRW2100001872.1.1.176,morph_source_missing,D:\20_AUDIO\06_textgrid_merged\2021\SDRW2100001872\SDRW2100001872.1.1.176.TextGrid,0.100,원본짧음,ok,1.746000,8,3,4.582,1.718,source_pcm_too_short,exclude_source_audio_unusable
2021,SDRW2100001872,SDRW2100001872.1.1.177,morph_source_missing,D:\20_AUDIO\06_textgrid_merged\2021\SDRW2100001872\SDRW2100001872.1.1.177.TextGrid,0.100,원본짧음,ok,4.058000,19,7,4.682,1.725,source_pcm_too_short,exclude_source_audio_unusable
2021,SDRW2100001872,SDRW2100001872.1.1.178,morph_source_missing,D:\20_AUDIO\06_textgrid_merged\2021\SDRW2100001872\SDRW2100001872.1.1.178.TextGrid,0.100,원본짧음,ok,3.016000,17,8,5.637,2.653,source_pcm_too_short,exclude_source_audio_unusable
2021,SDRW2100001872,SDRW2100001872.1.1.179,morph_source_missing,D:\20_AUDIO\06_textgrid_merged\2021\SDRW2100001872\SDRW2100001872.1.1.179.TextGrid,0.100,원본짧음,ok,1.577000,5,3,3.171,1.902,source_pcm_too_short,exclude_source_audio_unusable
2021,SDRW2100001872,SDRW2100001872.1.1.18,morph_source_missing,D:\20_AUDIO\06_textgrid_merged\2021\SDRW2100001872\SDRW2100001872.1.1.18.TextGrid,0.100,원본짧음,ok,3.892000,17,8,4.368,2.055,source_pcm_too_short,exclude_source_audio_unusable
2021,SDRW2100001872,SDRW2100001872.1.1.180,morph_source_missing,D:\20_AUDIO\06_textgrid_merged\2021\SDRW2100001872\SDRW2100001872.1.1.180.TextGrid,0.100,원본짧음,ok,5.088000,25,12,4.914,2.358,source_pcm_too_short,exclude_source_audio_unusable
2021,SDRW2100001872,SDRW2100001872.1.1.181,morph_source_missing,D:\20_AUDIO\06_textgrid_merged\2021\SDRW2100001872\SDRW2100001872.1.1.181.TextGrid,0.100,원본짧음,ok,2.302000,12,4,5.213,1.738,source_pcm_too_short,exclude_source_audio_unusable
2021,SDRW2100001872,SDRW2100001872.1.1.182,morph_source_missing,D:\20_AUDIO\06_textgrid_merged\2021\SDRW2100001872\SDRW2100001872.1.1.182.TextGrid,0.100,원본짧음,ok,3.791000,22,8,5.803,2.110,source_pcm_too_short,exclude_source_audio_unusable
2021,SDRW2100001872,SDRW2100001872.1.1.183,morph_source_missing,D:\20_AUDIO\06_textgrid_merged\2021\SDRW2100001872\SDRW2100001872.1.1.183.TextGrid,0.100,원본짧음,ok,4.035000,23,10,5.700,2.478,source_pcm_too_short,exclude_source_audio_unusable
2021,SDRW2100001872,SDRW2100001872.1.1.184,morph_source_missing,D:\20_AUDIO\06_textgrid_merged\2021\SDRW2100001872\SDRW2100001872.1.1.184.TextGrid,0.100,원본짧음,ok,4.292000,27,9,6.291,2.097,source_pcm_too_short,exclude_source_audio_unusable
2021,SDRW2100001872,SDRW2100001872.1.1.185,morph_source_missing,D:\20_AUDIO\06_textgrid_merged\2021\SDRW2100001872\SDRW2100001872.1.1.185.TextGrid,0.100,원본짧음,ok,2.669000,18,8,6.744,2.997,source_pcm_too_short,exclude_source_audio_unusable
2021,SDRW2100001872,SDRW2100001872.1.1.186,morph_source_missing,D:\20_AUDIO\06_textgrid_merged\2021\SDRW2100001872\SDRW2100001872.1.1.186.TextGrid,0.100,원본짧음,ok,3.280000,17,6,5.183,1.829,source_pcm_too_short,exclude_source_audio_unusable
2021,SDRW2100001872,SDRW2100001872.1.1.187,morph_source_missing,D:\20_AUDIO\06_textgrid_merged\2021\SDRW2100001872\SDRW2100001872.1.1.187.TextGrid,0.100,원본짧음,ok,1.734000,8,2,4.614,1.153,source_pcm_too_short,exclude_source_audio_unusable
2021,SDRW2100001872,SDRW2100001872.1.1.188,morph_source_missing,D:\20_AUDIO\06_textgrid_merged\2021\SDRW2100001872\SDRW2100001872.1.1.188.TextGrid,0.100,원본짧음,ok,5.093000,30,10,5.890,1.963,source_pcm_too_short,exclude_source_audio_unusable
2021,SDRW2100001872,SDRW2100001872.1.1.189,morph_source_missing,D:\20_AUDIO\06_textgrid_merged\2021\SDRW2100001872\SDRW2100001872.1.1.189.TextGrid,0.100,원본짧음,ok,5.010000,27,10,5.389,1.996,source_pcm_too_short,exclude_source_audio_unusable
2021,SDRW2100001872,SDRW2100001872.1.1.19,morph_source_missing,D:\20_AUDIO\06_textgrid_merged\2021\SDRW2100001872\SDRW2100001872.1.1.19.TextGrid,0.100,원본짧음,ok,3.652000,23,10,6.298,2.738,source_pcm_too_short,exclude_source_audio_unusable
2021,SDRW2100001872,SDRW2100001872.1.1.190,morph_source_missing,D:\20_AUDIO\06_textgrid_merged\2021\SDRW2100001872\SDRW2100001872.1.1.190.TextGrid,0.100,원본짧음,ok,2.884000,18,5,6.241,1.734,source_pcm_too_short,exclude_source_audio_unusable
2021,SDRW2100001872,SDRW2100001872.1.1.191,morph_source_missing,D:\20_AUDIO\06_textgrid_merged\2021\SDRW2100001872\SDRW2100001872.1.1.191.TextGrid,0.100,원본짧음,ok,2.596000,11,6,4.237,2.311,source_pcm_too_short,exclude_source_audio_unusable
2021,SDRW2100001872,SDRW2100001872.1.1.192,morph_source_missing,D:\20_AUDIO\06_textgrid_merged\2021\SDRW2100001872\SDRW2100001872.1.1.192.TextGrid,0.100,원본짧음,ok,2.856000,13,5,4.552,1.751,source_pcm_too_short,exclude_source_audio_unusable
2021,SDRW2100001872,SDRW2100001872.1.1.193,morph_source_missing,D:\20_AUDIO\06_textgrid_merged\2021\SDRW2100001872\SDRW2100001872.1.1.193.TextGrid,0.100,원본짧음,ok,4.976000,34,12,6.833,2.412,source_pcm_too_short,exclude_source_audio_unusable
2021,SDRW2100001872,SDRW2100001872.1.1.194,morph_source_missing,D:\20_AUDIO\06_textgrid_merged\2021\SDRW2100001872\SDRW2100001872.1.1.194.TextGrid,0.100,원본짧음,ok,1.464000,7,3,4.781,2.049,source_pcm_too_short,exclude_source_audio_unusable
2021,SDRW2100001872,SDRW2100001872.1.1.195,morph_source_missing,D:\20_AUDIO\06_textgrid_merged\2021\SDRW2100001872\SDRW2100001872.1.1.195.TextGrid,0.100,원본짧음,ok,4.987000,20,10,4.010,2.005,source_pcm_too_short,exclude_source_audio_unusable
2021,SDRW2100001872,SDRW2100001872.1.1.196,morph_source_missing,D:\20_AUDIO\06_textgrid_merged\2021\SDRW2100001872\SDRW2100001872.1.1.196.TextGrid,0.100,원본짧음,ok,2.628000,13,5,4.947,1.903,source_pcm_too_short,exclude_source_audio_unusable
2021,SDRW2100001872,SDRW2100001872.1.1.197,morph_source_missing,D:\20_AUDIO\06_textgrid_merged\2021\SDRW2100001872\SDRW2100001872.1.1.197.TextGrid,0.100,원본짧음,ok,4.655000,31,9,6.660,1.933,source_pcm_too_short,exclude_source_audio_unusable
2021,SDRW2100001872,SDRW2100001872.1.1.198,morph_source_missing,D:\20_AUDIO\06_textgrid_merged\2021\SDRW2100001872\SDRW2100001872.1.1.198.TextGrid,0.100,원본짧음,ok,3.036000,14,7,4.611,2.306,source_pcm_too_short,exclude_source_audio_unusable
2021,SDRW2100001872,SDRW2100001872.1.1.199,morph_source_missing,D:\20_AUDIO\06_textgrid_merged\2021\SDRW2100001872\SDRW2100001872.1.1.199.TextGrid,0.100,원본짧음,ok,3.084000,16,7,5.188,2.270,source_pcm_too_short,exclude_source_audio_unusable
2021,SDRW2100001872,SDRW2100001872.1.1.2,morph_source_missing,D:\20_AUDIO\06_textgrid_merged\2021\SDRW2100001872\SDRW2100001872.1.1.2.TextGrid,0.100,원본짧음,ok,2.949000,15,7,5.086,2.374,source_pcm_too_short,exclude_source_audio_unusable
2021,SDRW2100001872,SDRW2100001872.1.1.20,morph_source_missing,D:\20_AUDIO\06_textgrid_merged\2021\SDRW2100001872\SDRW2100001872.1.1.20.TextGrid,0.100,원본짧음,ok,2.505000,18,7,7.186,2.794,source_pcm_too_short,exclude_source_audio_unusable
2021,SDRW2100001872,SDRW2100001872.1.1.200,morph_source_missing,D:\20_AUDIO\06_textgrid_merged\2021\SDRW2100001872\SDRW2100001872.1.1.200.TextGrid,0.100,원본짧음,ok,3.202000,15,6,4.685,1.874,source_pcm_too_short,exclude_source_audio_unusable
2021,SDRW2100001872,SDRW2100001872.1.1.201,morph_source_missing,D:\20_AUDIO\06_textgrid_merged\2021\SDRW2100001872\SDRW2100001872.1.1.201.TextGrid,0.100,원본짧음,ok,2.261000,13,4,5.750,1.769,source_pcm_too_short,exclude_source_audio_unusable
2021,SDRW2100001872,SDRW2100001872.1.1.202,morph_source_missing,D:\20_AUDIO\06_textgrid_merged\2021\SDRW2100001872\SDRW2100001872.1.1.202.TextGrid,0.100,원본짧음,ok,3.795000,19,8,5.007,2.108,source_pcm_too_short,exclude_source_audio_unusable
2021,SDRW2100001872,SDRW2100001872.1.1.203,morph_source_missing,D:\20_AUDIO\06_textgrid_merged\2021\SDRW2100001872\SDRW2100001872.1.1.203.TextGrid,0.100,원본짧음,ok,2.372000,13,4,5.481,1.686,source_pcm_too_short,exclude_source_audio_unusable
2021,SDRW2100001872,SDRW2100001872.1.1.204,morph_source_missing,D:\20_AUDIO\06_textgrid_merged\2021\SDRW2100001872\SDRW2100001872.1.1.204.TextGrid,0.100,원본짧음,ok,3.538000,17,9,4.805,2.544,source_pcm_too_short,exclude_source_audio_unusable
2021,SDRW2100001872,SDRW2100001872.1.1.205,morph_source_missing,D:\20_AUDIO\06_textgrid_merged\2021\SDRW2100001872\SDRW2100001872.1.1.205.TextGrid,0.100,원본짧음,ok,4.404000,30,11,6.812,2.498,source_pcm_too_short,exclude_source_audio_unusable
2021,SDRW2100001872,SDRW2100001872.1.1.206,morph_source_missing,D:\20_AUDIO\06_textgrid_merged\2021\SDRW2100001872\SDRW2100001872.1.1.206.TextGrid,0.100,원본짧음,ok,3.624000,22,9,6.071,2.483,source_pcm_too_short,exclude_source_audio_unusable
2021,SDRW2100001872,SDRW2100001872.1.1.207,morph_source_missing,D:\20_AUDIO\06_textgrid_merged\2021\SDRW2100001872\SDRW2100001872.1.1.207.TextGrid,0.100,원본짧음,ok,3.092000,15,6,4.851,1.940,source_pcm_too_short,exclude_source_audio_unusable
2021,SDRW2100001872,SDRW2100001872.1.1.208,morph_source_missing,D:\20_AUDIO\06_textgrid_merged\2021\SDRW2100001872\SDRW2100001872.1.1.208.TextGrid,0.100,원본짧음,ok,2.351000,14,6,5.955,2.552,source_pcm_too_short,exclude_source_audio_unusable
2021,SDRW2100001872,SDRW2100001872.1.1.209,morph_source_missing,D:\20_AUDIO\06_textgrid_merged\2021\SDRW2100001872\SDRW2100001872.1.1.209.TextGrid,0.100,원본짧음,ok,3.330000,14,6,4.204,1.802,source_pcm_too_short,exclude_source_audio_unusable
2021,SDRW2100001872,SDRW2100001872.1.1.21,morph_source_missing,D:\20_AUDIO\06_textgrid_merged\2021\SDRW2100001872\SDRW2100001872.1.1.21.TextGrid,0.100,원본짧음,ok,2.678000,18,7,6.721,2.614,source_pcm_too_short,exclude_source_audio_unusable
2021,SDRW2100001872,SDRW2100001872.1.1.210,morph_source_missing,D:\20_AUDIO\06_textgrid_merged\2021\SDRW2100001872\SDRW2100001872.1.1.210.TextGrid,0.100,원본짧음,ok,3.590000,25,10,6.964,2.786,source_pcm_too_short,exclude_source_audio_unusable
2021,SDRW2100001872,SDRW2100001872.1.1.211,morph_source_missing,D:\20_AUDIO\06_textgrid_merged\2021\SDRW2100001872\SDRW2100001872.1.1.211.TextGrid,0.100,원본짧음,ok,2.772000,19,7,6.854,2.525,source_pcm_too_short,exclude_source_audio_unusable
2021,SDRW2100001872,SDRW2100001872.1.1.212,morph_source_missing,D:\20_AUDIO\06_textgrid_merged\2021\SDRW2100001872\SDRW2100001872.1.1.212.TextGrid,0.100,원본짧음,ok,4.612000,27,8,5.854,1.735,source_pcm_too_short,exclude_source_audio_unusable
2021,SDRW2100001872,SDRW2100001872.1.1.213,morph_source_missing,D:\20_AUDIO\06_textgrid_merged\2021\SDRW2100001872\SDRW2100001872.1.1.213.TextGrid,0.100,원본짧음,ok,5.017000,31,10,6.179,1.993,source_pcm_too_short,exclude_source_audio_unusable
2021,SDRW2100001872,SDRW2100001872.1.1.214,morph_source_missing,D:\20_AUDIO\06_textgrid_merged\2021\SDRW2100001872\SDRW2100001872.1.1.214.TextGrid,0.100,원본짧음,ok,4.532000,24,9,5.296,1.986,source_pcm_too_short,exclude_source_audio_unusable
2021,SDRW2100001872,SDRW2100001872.1.1.215,morph_source_missing,D:\20_AUDIO\06_textgrid_merged\2021\SDRW2100001872\SDRW2100001872.1.1.215.TextGrid,0.100,원본짧음,ok,4.916000,27,10,5.492,2.034,source_pcm_too_short,exclude_source_audio_unusable
2021,SDRW2100001872,SDRW2100001872.1.1.216,morph_source_missing,D:\20_AUDIO\06_textgrid_merged\2021\SDRW2100001872\SDRW2100001872.1.1.216.TextGrid,0.100,원본짧음,ok,1.924000,9,3,4.678,1.559,source_pcm_too_short,exclude_source_audio_unusable
2021,SDRW2100001872,SDRW2100001872.1.1.217,morph_source_missing,D:\20_AUDIO\06_textgrid_merged\2021\SDRW2100001872\SDRW2100001872.1.1.217.TextGrid,0.100,원본짧음,ok,4.147000,23,8,5.546,1.929,source_pcm_too_short,exclude_source_audio_unusable
2021,SDRW2100001872,SDRW2100001872.1.1.218,morph_source_missing,D:\20_AUDIO\06_textgrid_merged\2021\SDRW2100001872\SDRW2100001872.1.1.218.TextGrid,0.100,원본짧음,ok,2.205000,8,4,3.628,1.814,source_pcm_too_short,exclude_source_audio_unusable
2021,SDRW2100001872,SDRW2100001872.1.1.219,morph_source_missing,D:\20_AUDIO\06_textgrid_merged\2021\SDRW2100001872\SDRW2100001872.1.1.219.TextGrid,0.100,원본짧음,ok,3.968000,30,12,7.560,3.024,source_pcm_too_short,exclude_source_audio_unusable
2021,SDRW2100001872,SDRW2100001872.1.1.22,morph_source_missing,D:\20_AUDIO\06_textgrid_merged\2021\SDRW2100001872\SDRW2100001872.1.1.22.TextGrid,0.100,원본짧음,ok,1.865000,11,5,5.898,2.681,source_pcm_too_short,exclude_source_audio_unusable
2021,SDRW2100001872,SDRW2100001872.1.1.220,morph_source_missing,D:\20_AUDIO\06_textgrid_merged\2021\SDRW2100001872\SDRW2100001872.1.1.220.TextGrid,0.100,원본짧음,ok,3.455000,19,7,5.499,2.026,source_pcm_too_short,exclude_source_audio_unusable
2021,SDRW2100001872,SDRW2100001872.1.1.221,morph_source_missing,D:\20_AUDIO\06_textgrid_merged\2021\SDRW2100001872\SDRW2100001872.1.1.221.TextGrid,0.100,원본짧음,ok,4.099000,20,9,4.879,2.196,source_pcm_too_short,exclude_source_audio_unusable
2021,SDRW2100001872,SDRW2100001872.1.1.222,morph_source_missing,D:\20_AUDIO\06_textgrid_merged\2021\SDRW2100001872\SDRW2100001872.1.1.222.TextGrid,0.100,원본짧음,ok,1.862000,13,6,6.982,3.222,source_pcm_too_short,exclude_source_audio_unusable
2021,SDRW2100001872,SDRW2100001872.1.1.223,morph_source_missing,D:\20_AUDIO\06_textgrid_merged\2021\SDRW2100001872\SDRW2100001872.1.1.223.TextGrid,0.100,원본짧음,ok,1.127000,8,3,7.098,2.662,source_pcm_too_short,exclude_source_audio_unusable
2021,SDRW2100001872,SDRW2100001872.1.1.224,morph_source_missing,D:\20_AUDIO\06_textgrid_merged\2021\SDRW2100001872\SDRW2100001872.1.1.224.TextGrid,0.100,원본짧음,ok,2.564000,10,5,3.900,1.950,source_pcm_too_short,exclude_source_audio_unusable
2021,SDRW2100001872,SDRW2100001872.1.1.225,morph_source_missing,D:\20_AUDIO\06_textgrid_merged\2021\SDRW2100001872\SDRW2100001872.1.1.225.TextGrid,0.100,원본짧음,ok,3.620000,16,10,4.420,2.762,source_pcm_too_short,exclude_source_audio_unusable
2021,SDRW2100001872,SDRW2100001872.1.1.226,morph_source_missing,D:\20_AUDIO\06_textgrid_merged\2021\SDRW2100001872\SDRW2100001872.1.1.226.TextGrid,0.100,원본짧음,ok,3.284000,20,9,6.090,2.741,source_pcm_too_short,exclude_source_audio_unusable
2021,SDRW2100001872,SDRW2100001872.1.1.227,morph_source_missing,D:\20_AUDIO\06_textgrid_merged\2021\SDRW2100001872\SDRW2100001872.1.1.227.TextGrid,0.100,원본짧음,ok,3.236000,11,4,3.399,1.236,source_pcm_too_short,exclude_source_audio_unusable
2021,SDRW2100001872,SDRW2100001872.1.1.228,morph_source_missing,D:\20_AUDIO\06_textgrid_merged\2021\SDRW2100001872\SDRW2100001872.1.1.228.TextGrid,0.100,원본짧음,ok,2.708000,14,6,5.170,2.216,source_pcm_too_short,exclude_source_audio_unusable
2021,SDRW2100001872,SDRW2100001872.1.1.229,morph_source_missing,D:\20_AUDIO\06_textgrid_merged\2021\SDRW2100001872\SDRW2100001872.1.1.229.TextGrid,0.100,원본짧음,ok,1.652000,9,3,5.448,1.816,source_pcm_too_short,exclude_source_audio_unusable
2021,SDRW2100001872,SDRW2100001872.1.1.23,morph_source_missing,D:\20_AUDIO\06_textgrid_merged\2021\SDRW2100001872\SDRW2100001872.1.1.23.TextGrid,0.100,원본짧음,ok,3.091000,12,6,3.882,1.941,source_pcm_too_short,exclude_source_audio_unusable
2021,SDRW2100001872,SDRW2100001872.1.1.230,morph_source_missing,D:\20_AUDIO\06_textgrid_merged\2021\SDRW2100001872\SDRW2100001872.1.1.230.TextGrid,0.100,원본짧음,ok,4.835000,22,11,4.550,2.275,source_pcm_too_short,exclude_source_audio_unusable
2021,SDRW2100001872,SDRW2100001872.1.1.231,morph_source_missing,D:\20_AUDIO\06_textgrid_merged\2021\SDRW2100001872\SDRW2100001872.1.1.231.TextGrid,0.100,원본짧음,ok,3.860000,24,8,6.218,2.073,source_pcm_too_short,exclude_source_audio_unusable
2021,SDRW2100001872,SDRW2100001872.1.1.232,morph_source_missing,D:\20_AUDIO\06_textgrid_merged\2021\SDRW2100001872\SDRW2100001872.1.1.232.TextGrid,0.100,원본짧음,ok,2.676000,16,6,5.979,2.242,source_pcm_too_short,exclude_source_audio_unusable
2021,SDRW2100001872,SDRW2100001872.1.1.233,morph_source_missing,D:\20_AUDIO\06_textgrid_merged\2021\SDRW2100001872\SDRW2100001872.1.1.233.TextGrid,0.100,원본짧음,ok,4.495000,25,12,5.562,2.670,source_pcm_too_short,exclude_source_audio_unusable
2021,SDRW2100001872,SDRW2100001872.1.1.234,morph_source_missing,D:\20_AUDIO\06_textgrid_merged\2021\SDRW2100001872\SDRW2100001872.1.1.234.TextGrid,0.100,원본짧음,ok,2.123000,12,5,5.652,2.355,source_pcm_too_short,exclude_source_audio_unusable
2021,SDRW2100001872,SDRW2100001872.1.1.235,morph_source_missing,D:\20_AUDIO\06_textgrid_merged\2021\SDRW2100001872\SDRW2100001872.1.1.235.TextGrid,0.100,원본짧음,ok,3.668000,22,8,5.998,2.181,source_pcm_too_short,exclude_source_audio_unusable
2021,SDRW2100001872,SDRW2100001872.1.1.236,morph_source_missing,D:\20_AUDIO\06_textgrid_merged\2021\SDRW2100001872\SDRW2100001872.1.1.236.TextGrid,0.100,원본짧음,ok,3.967000,20,9,5.042,2.269,source_pcm_too_short,exclude_source_audio_unusable
2021,SDRW2100001872,SDRW2100001872.1.1.237,morph_source_missing,D:\20_AUDIO\06_textgrid_merged\2021\SDRW2100001872\SDRW2100001872.1.1.237.TextGrid,0.100,원본짧음,ok,2.404000,16,8,6.656,3.328,source_pcm_too_short,exclude_source_audio_unusable
2021,SDRW2100001872,SDRW2100001872.1.1.238,morph_source_missing,D:\20_AUDIO\06_textgrid_merged\2021\SDRW2100001872\SDRW2100001872.1.1.238.TextGrid,0.100,원본짧음,ok,1.856000,11,5,5.927,2.694,source_pcm_too_short,exclude_source_audio_unusable
2021,SDRW2100001872,SDRW2100001872.1.1.239,morph_source_missing,D:\20_AUDIO\06_textgrid_merged\2021\SDRW2100001872\SDRW2100001872.1.1.239.TextGrid,0.100,원본짧음,ok,4.015000,21,8,5.230,1.993,source_pcm_too_short,exclude_source_audio_unusable
2021,SDRW2100001872,SDRW2100001872.1.1.24,morph_source_missing,D:\20_AUDIO\06_textgrid_merged\2021\SDRW2100001872\SDRW2100001872.1.1.24.TextGrid,0.100,원본짧음,ok,2.420000,11,4,4.545,1.653,source_pcm_too_short,exclude_source_audio_unusable
2021,SDRW2100001872,SDRW2100001872.1.1.240,morph_source_missing,D:\20_AUDIO\06_textgrid_merged\2021\SDRW2100001872\SDRW2100001872.1.1.240.TextGrid,0.100,원본짧음,ok,4.980000,28,14,5.622,2.811,source_pcm_too_short,exclude_source_audio_unusable
2021,SDRW2100001872,SDRW2100001872.1.1.241,morph_source_missing,D:\20_AUDIO\06_textgrid_merged\2021\SDRW2100001872\SDRW2100001872.1.1.241.TextGrid,0.100,원본짧음,ok,2.979000,11,4,3.693,1.343,source_pcm_too_short,exclude_source_audio_unusable
2021,SDRW2100001872,SDRW2100001872.1.1.242,morph_source_missing,D:\20_AUDIO\06_textgrid_merged\2021\SDRW2100001872\SDRW2100001872.1.1.242.TextGrid,0.100,원본짧음,ok,3.076000,12,4,3.901,1.300,source_pcm_too_short,exclude_source_audio_unusable
2021,SDRW2100001872,SDRW2100001872.1.1.243,morph_source_missing,D:\20_AUDIO\06_textgrid_merged\2021\SDRW2100001872\SDRW2100001872.1.1.243.TextGrid,0.100,원본짧음,ok,5.717000,33,14,5.772,2.449,source_pcm_too_short,exclude_source_audio_unusable
2021,SDRW2100001872,SDRW2100001872.1.1.244,morph_source_missing,D:\20_AUDIO\06_textgrid_merged\2021\SDRW2100001872\SDRW2100001872.1.1.244.TextGrid,0.100,원본짧음,ok,1.677000,3,1,1.789,0.596,source_pcm_too_short,exclude_source_audio_unusable
2021,SDRW2100001872,SDRW2100001872.1.1.245,morph_source_missing,D:\20_AUDIO\06_textgrid_merged\2021\SDRW2100001872\SDRW2100001872.1.1.245.TextGrid,0.100,원본짧음,ok,3.079000,16,6,5.196,1.949,source_pcm_too_short,exclude_source_audio_unusable
2021,SDRW2100001872,SDRW2100001872.1.1.246,morph_source_missing,D:\20_AUDIO\06_textgrid_merged\2021\SDRW2100001872\SDRW2100001872.1.1.246.TextGrid,0.100,원본짧음,ok,4.364000,22,11,5.041,2.521,source_pcm_too_short,exclude_source_audio_unusable
2021,SDRW2100001872,SDRW2100001872.1.1.247,morph_source_missing,D:\20_AUDIO\06_textgrid_merged\2021\SDRW2100001872\SDRW2100001872.1.1.247.TextGrid,0.100,원본짧음,ok,2.337000,10,4,4.279,1.712,source_pcm_too_short,exclude_source_audio_unusable
2021,SDRW2100001872,SDRW2100001872.1.1.248,morph_source_missing,D:\20_AUDIO\06_textgrid_merged\2021\SDRW2100001872\SDRW2100001872.1.1.248.TextGrid,0.100,원본짧음,ok,4.627000,31,13,6.700,2.810,source_pcm_too_short,exclude_source_audio_unusable
2021,SDRW2100001872,SDRW2100001872.1.1.249,morph_source_missing,D:\20_AUDIO\06_textgrid_merged\2021\SDRW2100001872\SDRW2100001872.1.1.249.TextGrid,0.100,원본짧음,ok,3.716000,24,8,6.459,2.153,source_pcm_too_short,exclude_source_audio_unusable
2021,SDRW2100001872,SDRW2100001872.1.1.25,morph_source_missing,D:\20_AUDIO\06_textgrid_merged\2021\SDRW2100001872\SDRW2100001872.1.1.25.TextGrid,0.100,원본짧음,ok,2.294000,8,5,3.487,2.180,source_pcm_too_short,exclude_source_audio_unusable
2021,SDRW2100001872,SDRW2100001872.1.1.250,morph_source_missing,D:\20_AUDIO\06_textgrid_merged\2021\SDRW2100001872\SDRW2100001872.1.1.250.TextGrid,0.100,원본짧음,ok,4.004000,21,10,5.245,2.498,source_pcm_too_short,exclude_source_audio_unusable
2021,SDRW2100001872,SDRW2100001872.1.1.251,morph_source_missing,D:\20_AUDIO\06_textgrid_merged\2021\SDRW2100001872\SDRW2100001872.1.1.251.TextGrid,0.100,원본짧음,ok,2.804000,12,5,4.280,1.783,source_pcm_too_short,exclude_source_audio_unusable
2021,SDRW2100001872,SDRW2100001872.1.1.26,morph_source_missing,D:\20_AUDIO\06_textgrid_merged\2021\SDRW2100001872\SDRW2100001872.1.1.26.TextGrid,0.100,원본짧음,ok,2.383000,16,5,6.714,2.098,source_pcm_too_short,exclude_source_audio_unusable
2021,SDRW2100001872,SDRW2100001872.1.1.27,morph_source_missing,D:\20_AUDIO\06_textgrid_merged\2021\SDRW2100001872\SDRW2100001872.1.1.27.TextGrid,0.100,원본짧음,ok,4.733000,26,12,5.493,2.535,source_pcm_too_short,exclude_source_audio_unusable
2021,SDRW2100001872,SDRW2100001872.1.1.28,morph_source_missing,D:\20_AUDIO\06_textgrid_merged\2021\SDRW2100001872\SDRW2100001872.1.1.28.TextGrid,0.100,원본짧음,ok,3.890000,20,8,5.141,2.057,source_pcm_too_short,exclude_source_audio_unusable
2021,SDRW2100001872,SDRW2100001872.1.1.29,morph_source_missing,D:\20_AUDIO\06_textgrid_merged\2021\SDRW2100001872\SDRW2100001872.1.1.29.TextGrid,0.100,원본짧음,ok,3.054000,17,9,5.566,2.947,source_pcm_too_short,exclude_source_audio_unusable
2021,SDRW2100001872,SDRW2100001872.1.1.3,morph_source_missing,D:\20_AUDIO\06_textgrid_merged\2021\SDRW2100001872\SDRW2100001872.1.1.3.TextGrid,0.100,원본짧음,ok,3.332000,16,8,4.802,2.401,source_pcm_too_short,exclude_source_audio_unusable
2021,SDRW2100001872,SDRW2100001872.1.1.30,morph_source_missing,D:\20_AUDIO\06_textgrid_merged\2021\SDRW2100001872\SDRW2100001872.1.1.30.TextGrid,0.100,원본짧음,ok,2.692000,14,6,5.201,2.229,source_pcm_too_short,exclude_source_audio_unusable
2021,SDRW2100001872,SDRW2100001872.1.1.31,morph_source_missing,D:\20_AUDIO\06_textgrid_merged\2021\SDRW2100001872\SDRW2100001872.1.1.31.TextGrid,0.100,원본짧음,ok,2.284000,12,5,5.254,2.189,source_pcm_too_short,exclude_source_audio_unusable
2021,SDRW2100001872,SDRW2100001872.1.1.32,morph_source_missing,D:\20_AUDIO\06_textgrid_merged\2021\SDRW2100001872\SDRW2100001872.1.1.32.TextGrid,0.100,원본짧음,ok,5.075000,28,12,5.517,2.365,source_pcm_too_short,exclude_source_audio_unusable
2021,SDRW2100001872,SDRW2100001872.1.1.33,morph_source_missing,D:\20_AUDIO\06_textgrid_merged\2021\SDRW2100001872\SDRW2100001872.1.1.33.TextGrid,0.100,원본짧음,ok,3.476000,12,6,3.452,1.726,source_pcm_too_short,exclude_source_audio_unusable
2021,SDRW2100001872,SDRW2100001872.1.1.34,morph_source_missing,D:\20_AUDIO\06_textgrid_merged\2021\SDRW2100001872\SDRW2100001872.1.1.34.TextGrid,0.100,원본짧음,ok,2.860000,11,6,3.846,2.098,source_pcm_too_short,exclude_source_audio_unusable
2021,SDRW2100001872,SDRW2100001872.1.1.35,morph_source_missing,D:\20_AUDIO\06_textgrid_merged\2021\SDRW2100001872\SDRW2100001872.1.1.35.TextGrid,0.100,원본짧음,ok,2.751000,19,8,6.907,2.908,source_pcm_too_short,exclude_source_audio_unusable
2021,SDRW2100001872,SDRW2100001872.1.1.36,morph_source_missing,D:\20_AUDIO\06_textgrid_merged\2021\SDRW2100001872\SDRW2100001872.1.1.36.TextGrid,0.100,원본짧음,ok,4.827000,29,11,6.008,2.279,source_pcm_too_short,exclude_source_audio_unusable
2021,SDRW2100001872,SDRW2100001872.1.1.37,morph_source_missing,D:\20_AUDIO\06_textgrid_merged\2021\SDRW2100001872\SDRW2100001872.1.1.37.TextGrid,0.100,원본짧음,ok,1.605000,5,2,3.115,1.246,source_pcm_too_short,exclude_source_audio_unusable
2021,SDRW2100001872,SDRW2100001872.1.1.38,morph_source_missing,D:\20_AUDIO\06_textgrid_merged\2021\SDRW2100001872\SDRW2100001872.1.1.38.TextGrid,0.100,원본짧음,ok,5.100000,28,9,5.490,1.765,source_pcm_too_short,exclude_source_audio_unusable
2021,SDRW2100001872,SDRW2100001872.1.1.39,morph_source_missing,D:\20_AUDIO\06_textgrid_merged\2021\SDRW2100001872\SDRW2100001872.1.1.39.TextGrid,0.100,원본짧음,ok,3.012000,14,5,4.648,1.660,source_pcm_too_short,exclude_source_audio_unusable
2021,SDRW2100001872,SDRW2100001872.1.1.4,morph_source_missing,D:\20_AUDIO\06_textgrid_merged\2021\SDRW2100001872\SDRW2100001872.1.1.4.TextGrid,0.100,원본짧음,ok,2.612000,16,7,6.126,2.680,source_pcm_too_short,exclude_source_audio_unusable
2021,SDRW2100001872,SDRW2100001872.1.1.40,morph_source_missing,D:\20_AUDIO\06_textgrid_merged\2021\SDRW2100001872\SDRW2100001872.1.1.40.TextGrid,0.100,원본짧음,ok,3.508000,16,8,4.561,2.281,source_pcm_too_short,exclude_source_audio_unusable
2021,SDRW2100001872,SDRW2100001872.1.1.41,morph_source_missing,D:\20_AUDIO\06_textgrid_merged\2021\SDRW2100001872\SDRW2100001872.1.1.41.TextGrid,0.100,원본짧음,ok,2.884000,14,7,4.854,2.427,source_pcm_too_short,exclude_source_audio_unusable
2021,SDRW2100001872,SDRW2100001872.1.1.42,morph_source_missing,D:\20_AUDIO\06_textgrid_merged\2021\SDRW2100001872\SDRW2100001872.1.1.42.TextGrid,0.100,원본짧음,ok,2.996000,13,6,4.339,2.003,source_pcm_too_short,exclude_source_audio_unusable
2021,SDRW2100001872,SDRW2100001872.1.1.43,morph_source_missing,D:\20_AUDIO\06_textgrid_merged\2021\SDRW2100001872\SDRW2100001872.1.1.43.TextGrid,0.100,원본짧음,ok,3.027000,17,6,5.616,1.982,source_pcm_too_short,exclude_source_audio_unusable
2021,SDRW2100001872,SDRW2100001872.1.1.44,morph_source_missing,D:\20_AUDIO\06_textgrid_merged\2021\SDRW2100001872\SDRW2100001872.1.1.44.TextGrid,0.100,원본짧음,ok,2.676000,14,5,5.232,1.868,source_pcm_too_short,exclude_source_audio_unusable
2021,SDRW2100001872,SDRW2100001872.1.1.45,morph_source_missing,D:\20_AUDIO\06_textgrid_merged\2021\SDRW2100001872\SDRW2100001872.1.1.45.TextGrid,0.100,원본짧음,ok,2.692000,11,4,4.086,1.486,source_pcm_too_short,exclude_source_audio_unusable
2021,SDRW2100001872,SDRW2100001872.1.1.46,morph_source_missing,D:\20_AUDIO\06_textgrid_merged\2021\SDRW2100001872\SDRW2100001872.1.1.46.TextGrid,0.100,원본짧음,ok,4.228000,29,12,6.859,2.838,source_pcm_too_short,exclude_source_audio_unusable
2021,SDRW2100001872,SDRW2100001872.1.1.47,morph_source_missing,D:\20_AUDIO\06_textgrid_merged\2021\SDRW2100001872\SDRW2100001872.1.1.47.TextGrid,0.100,원본짧음,ok,2.552000,11,5,4.310,1.959,source_pcm_too_short,exclude_source_audio_unusable
2021,SDRW2100001872,SDRW2100001872.1.1.48,morph_source_missing,D:\20_AUDIO\06_textgrid_merged\2021\SDRW2100001872\SDRW2100001872.1.1.48.TextGrid,0.100,원본짧음,ok,2.798000,15,7,5.361,2.502,source_pcm_too_short,exclude_source_audio_unusable
2021,SDRW2100001872,SDRW2100001872.1.1.49,morph_source_missing,D:\20_AUDIO\06_textgrid_merged\2021\SDRW2100001872\SDRW2100001872.1.1.49.TextGrid,0.100,원본짧음,ok,4.160000,26,12,6.250,2.885,source_pcm_too_short,exclude_source_audio_unusable
2021,SDRW2100001872,SDRW2100001872.1.1.5,morph_source_missing,D:\20_AUDIO\06_textgrid_merged\2021\SDRW2100001872\SDRW2100001872.1.1.5.TextGrid,0.100,원본짧음,ok,5.063000,27,14,5.333,2.765,source_pcm_too_short,exclude_source_audio_unusable
2021,SDRW2100001872,SDRW2100001872.1.1.50,morph_source_missing,D:\20_AUDIO\06_textgrid_merged\2021\SDRW2100001872\SDRW2100001872.1.1.50.TextGrid,0.100,원본짧음,ok,3.053000,12,5,3.931,1.638,source_pcm_too_short,exclude_source_audio_unusable
2021,SDRW2100001872,SDRW2100001872.1.1.51,morph_source_missing,D:\20_AUDIO\06_textgrid_merged\2021\SDRW2100001872\SDRW2100001872.1.1.51.TextGrid,0.100,원본짧음,ok,4.434000,25,11,5.638,2.481,source_pcm_too_short,exclude_source_audio_unusable
2021,SDRW2100001872,SDRW2100001872.1.1.52,morph_source_missing,D:\20_AUDIO\06_textgrid_merged\2021\SDRW2100001872\SDRW2100001872.1.1.52.TextGrid,0.100,원본짧음,ok,4.633000,26,13,5.612,2.806,source_pcm_too_short,exclude_source_audio_unusable
2021,SDRW2100001872,SDRW2100001872.1.1.53,morph_source_missing,D:\20_AUDIO\06_textgrid_merged\2021\SDRW2100001872\SDRW2100001872.1.1.53.TextGrid,0.100,원본짧음,ok,2.419000,12,6,4.961,2.480,source_pcm_too_short,exclude_source_audio_unusable
2021,SDRW2100001872,SDRW2100001872.1.1.54,morph_source_missing,D:\20_AUDIO\06_textgrid_merged\2021\SDRW2100001872\SDRW2100001872.1.1.54.TextGrid,0.100,원본짧음,ok,2.755000,12,5,4.356,1.815,source_pcm_too_short,exclude_source_audio_unusable
2021,SDRW2100001872,SDRW2100001872.1.1.55,morph_source_missing,D:\20_AUDIO\06_textgrid_merged\2021\SDRW2100001872\SDRW2100001872.1.1.55.TextGrid,0.100,원본짧음,ok,4.294000,28,11,6.521,2.562,source_pcm_too_short,exclude_source_audio_unusable
2021,SDRW2100001872,SDRW2100001872.1.1.56,morph_source_missing,D:\20_AUDIO\06_textgrid_merged\2021\SDRW2100001872\SDRW2100001872.1.1.56.TextGrid,0.100,원본짧음,ok,3.116000,20,8,6.418,2.567,source_pcm_too_short,exclude_source_audio_unusable
2021,SDRW2100001872,SDRW2100001872.1.1.57,morph_source_missing,D:\20_AUDIO\06_textgrid_merged\2021\SDRW2100001872\SDRW2100001872.1.1.57.TextGrid,0.100,원본짧음,ok,3.263000,20,9,6.129,2.758,source_pcm_too_short,exclude_source_audio_unusable
2021,SDRW2100001872,SDRW2100001872.1.1.58,morph_source_missing,D:\20_AUDIO\06_textgrid_merged\2021\SDRW2100001872\SDRW2100001872.1.1.58.TextGrid,0.100,원본짧음,ok,2.372000,13,4,5.481,1.686,source_pcm_too_short,exclude_source_audio_unusable
2021,SDRW2100001872,SDRW2100001872.1.1.59,morph_source_missing,D:\20_AUDIO\06_textgrid_merged\2021\SDRW2100001872\SDRW2100001872.1.1.59.TextGrid,0.100,원본짧음,ok,4.276000,28,14,6.548,3.274,source_pcm_too_short,exclude_source_audio_unusable
2021,SDRW2100001872,SDRW2100001872.1.1.6,morph_source_missing,D:\20_AUDIO\06_textgrid_merged\2021\SDRW2100001872\SDRW2100001872.1.1.6.TextGrid,0.100,원본짧음,ok,1.227000,4,1,3.260,0.815,source_pcm_too_short,exclude_source_audio_unusable
2021,SDRW2100001872,SDRW2100001872.1.1.60,morph_source_missing,D:\20_AUDIO\06_textgrid_merged\2021\SDRW2100001872\SDRW2100001872.1.1.60.TextGrid,0.100,원본짧음,ok,4.164000,16,5,3.842,1.201,source_pcm_too_short,exclude_source_audio_unusable
2021,SDRW2100001872,SDRW2100001872.1.1.61,morph_source_missing,D:\20_AUDIO\06_textgrid_merged\2021\SDRW2100001872\SDRW2100001872.1.1.61.TextGrid,0.100,원본짧음,ok,5.012000,26,11,5.188,2.195,source_pcm_too_short,exclude_source_audio_unusable
2021,SDRW2100001872,SDRW2100001872.1.1.62,morph_source_missing,D:\20_AUDIO\06_textgrid_merged\2021\SDRW2100001872\SDRW2100001872.1.1.62.TextGrid,0.100,원본짧음,ok,2.773000,18,8,6.491,2.885,source_pcm_too_short,exclude_source_audio_unusable
2021,SDRW2100001872,SDRW2100001872.1.1.63,morph_source_missing,D:\20_AUDIO\06_textgrid_merged\2021\SDRW2100001872\SDRW2100001872.1.1.63.TextGrid,0.100,원본짧음,ok,4.282000,21,9,4.904,2.102,source_pcm_too_short,exclude_source_audio_unusable
2021,SDRW2100001872,SDRW2100001872.1.1.64,morph_source_missing,D:\20_AUDIO\06_textgrid_merged\2021\SDRW2100001872\SDRW2100001872.1.1.64.TextGrid,0.100,원본짧음,ok,2.772000,10,4,3.608,1.443,source_pcm_too_short,exclude_source_audio_unusable
2021,SDRW2100001872,SDRW2100001872.1.1.65,morph_source_missing,D:\20_AUDIO\06_textgrid_merged\2021\SDRW2100001872\SDRW2100001872.1.1.65.TextGrid,0.100,원본짧음,ok,1.673000,7,2,4.184,1.195,source_pcm_too_short,exclude_source_audio_unusable
2021,SDRW2100001872,SDRW2100001872.1.1.66,morph_source_missing,D:\20_AUDIO\06_textgrid_merged\2021\SDRW2100001872\SDRW2100001872.1.1.66.TextGrid,0.100,원본짧음,ok,3.662000,22,10,6.008,2.731,source_pcm_too_short,exclude_source_audio_unusable
2021,SDRW2100001872,SDRW2100001872.1.1.67,morph_source_missing,D:\20_AUDIO\06_textgrid_merged\2021\SDRW2100001872\SDRW2100001872.1.1.67.TextGrid,0.100,원본짧음,ok,1.860000,11,4,5.914,2.151,source_pcm_too_short,exclude_source_audio_unusable
2021,SDRW2100001872,SDRW2100001872.1.1.68,morph_source_missing,D:\20_AUDIO\06_textgrid_merged\2021\SDRW2100001872\SDRW2100001872.1.1.68.TextGrid,0.100,원본짧음,ok,5.049000,19,8,3.763,1.584,source_pcm_too_short,exclude_source_audio_unusable
2021,SDRW2100001872,SDRW2100001872.1.1.69,morph_source_missing,D:\20_AUDIO\06_textgrid_merged\2021\SDRW2100001872\SDRW2100001872.1.1.69.TextGrid,0.100,원본짧음,ok,4.244000,20,7,4.713,1.649,source_pcm_too_short,exclude_source_audio_unusable
2021,SDRW2100001872,SDRW2100001872.1.1.7,morph_source_missing,D:\20_AUDIO\06_textgrid_merged\2021\SDRW2100001872\SDRW2100001872.1.1.7.TextGrid,0.100,원본짧음,ok,3.172000,17,5,5.359,1.576,source_pcm_too_short,exclude_source_audio_unusable
2021,SDRW2100001872,SDRW2100001872.1.1.70,morph_source_missing,D:\20_AUDIO\06_textgrid_merged\2021\SDRW2100001872\SDRW2100001872.1.1.70.TextGrid,0.100,원본짧음,ok,3.876000,18,7,4.644,1.806,source_pcm_too_short,exclude_source_audio_unusable
2021,SDRW2100001872,SDRW2100001872.1.1.71,morph_source_missing,D:\20_AUDIO\06_textgrid_merged\2021\SDRW2100001872\SDRW2100001872.1.1.71.TextGrid,0.100,원본짧음,ok,4.935000,27,13,5.471,2.634,source_pcm_too_short,exclude_source_audio_unusable
2021,SDRW2100001872,SDRW2100001872.1.1.72,morph_source_missing,D:\20_AUDIO\06_textgrid_merged\2021\SDRW2100001872\SDRW2100001872.1.1.72.TextGrid,0.100,원본짧음,ok,3.953000,18,6,4.554,1.518,source_pcm_too_short,exclude_source_audio_unusable
2021,SDRW2100001872,SDRW2100001872.1.1.73,morph_source_missing,D:\20_AUDIO\06_textgrid_merged\2021\SDRW2100001872\SDRW2100001872.1.1.73.TextGrid,0.100,원본짧음,ok,4.868000,26,10,5.341,2.054,source_pcm_too_short,exclude_source_audio_unusable
2021,SDRW2100001872,SDRW2100001872.1.1.74,morph_source_missing,D:\20_AUDIO\06_textgrid_merged\2021\SDRW2100001872\SDRW2100001872.1.1.74.TextGrid,0.100,원본짧음,ok,2.756000,16,7,5.806,2.540,source_pcm_too_short,exclude_source_audio_unusable
2021,SDRW2100001872,SDRW2100001872.1.1.75,morph_source_missing,D:\20_AUDIO\06_textgrid_merged\2021\SDRW2100001872\SDRW2100001872.1.1.75.TextGrid,0.100,원본짧음,ok,3.066000,14,6,4.566,1.957,source_pcm_too_short,exclude_source_audio_unusable
2021,SDRW2100001872,SDRW2100001872.1.1.76,morph_source_missing,D:\20_AUDIO\06_textgrid_merged\2021\SDRW2100001872\SDRW2100001872.1.1.76.TextGrid,0.100,원본짧음,ok,2.333000,11,6,4.715,2.572,source_pcm_too_short,exclude_source_audio_unusable
2021,SDRW2100001872,SDRW2100001872.1.1.77,morph_source_missing,D:\20_AUDIO\06_textgrid_merged\2021\SDRW2100001872\SDRW2100001872.1.1.77.TextGrid,0.100,원본짧음,ok,3.155000,16,5,5.071,1.585,source_pcm_too_short,exclude_source_audio_unusable
2021,SDRW2100001872,SDRW2100001872.1.1.78,morph_source_missing,D:\20_AUDIO\06_textgrid_merged\2021\SDRW2100001872\SDRW2100001872.1.1.78.TextGrid,0.100,원본짧음,ok,3.285000,16,7,4.871,2.131,source_pcm_too_short,exclude_source_audio_unusable
2021,SDRW2100001872,SDRW2100001872.1.1.79,morph_source_missing,D:\20_AUDIO\06_textgrid_merged\2021\SDRW2100001872\SDRW2100001872.1.1.79.TextGrid,0.100,원본짧음,ok,4.190000,16,6,3.819,1.432,source_pcm_too_short,exclude_source_audio_unusable
2021,SDRW2100001872,SDRW2100001872.1.1.8,morph_source_missing,D:\20_AUDIO\06_textgrid_merged\2021\SDRW2100001872\SDRW2100001872.1.1.8.TextGrid,0.100,원본짧음,ok,3.972000,14,6,3.525,1.511,source_pcm_too_short,exclude_source_audio_unusable
2021,SDRW2100001872,SDRW2100001872.1.1.80,morph_source_missing,D:\20_AUDIO\06_textgrid_merged\2021\SDRW2100001872\SDRW2100001872.1.1.80.TextGrid,0.100,원본짧음,ok,5.009000,28,10,5.590,1.996,source_pcm_too_short,exclude_source_audio_unusable
2021,SDRW2100001872,SDRW2100001872.1.1.81,morph_source_missing,D:\20_AUDIO\06_textgrid_merged\2021\SDRW2100001872\SDRW2100001872.1.1.81.TextGrid,0.100,원본짧음,ok,1.411000,4,2,2.835,1.417,source_pcm_too_short,exclude_source_audio_unusable
2021,SDRW2100001872,SDRW2100001872.1.1.82,morph_source_missing,D:\20_AUDIO\06_textgrid_merged\2021\SDRW2100001872\SDRW2100001872.1.1.82.TextGrid,0.100,원본짧음,ok,4.693000,24,11,5.114,2.344,source_pcm_too_short,exclude_source_audio_unusable
2021,SDRW2100001872,SDRW2100001872.1.1.83,morph_source_missing,D:\20_AUDIO\06_textgrid_merged\2021\SDRW2100001872\SDRW2100001872.1.1.83.TextGrid,0.100,원본짧음,ok,2.644000,13,6,4.917,2.269,source_pcm_too_short,exclude_source_audio_unusable
2021,SDRW2100001872,SDRW2100001872.1.1.84,morph_source_missing,D:\20_AUDIO\06_textgrid_merged\2021\SDRW2100001872\SDRW2100001872.1.1.84.TextGrid,0.100,원본짧음,ok,3.508000,18,8,5.131,2.281,source_pcm_too_short,exclude_source_audio_unusable
2021,SDRW2100001872,SDRW2100001872.1.1.85,morph_source_missing,D:\20_AUDIO\06_textgrid_merged\2021\SDRW2100001872\SDRW2100001872.1.1.85.TextGrid,0.100,원본짧음,ok,4.148000,21,10,5.063,2.411,source_pcm_too_short,exclude_source_audio_unusable
2021,SDRW2100001872,SDRW2100001872.1.1.86,morph_source_missing,D:\20_AUDIO\06_textgrid_merged\2021\SDRW2100001872\SDRW2100001872.1.1.86.TextGrid,0.100,원본짧음,ok,4.535000,23,10,5.072,2.205,source_pcm_too_short,exclude_source_audio_unusable
2021,SDRW2100001872,SDRW2100001872.1.1.87,morph_source_missing,D:\20_AUDIO\06_textgrid_merged\2021\SDRW2100001872\SDRW2100001872.1.1.87.TextGrid,0.100,원본짧음,ok,3.507000,16,7,4.562,1.996,source_pcm_too_short,exclude_source_audio_unusable
2021,SDRW2100001872,SDRW2100001872.1.1.88,morph_source_missing,D:\20_AUDIO\06_textgrid_merged\2021\SDRW2100001872\SDRW2100001872.1.1.88.TextGrid,0.100,원본짧음,ok,4.516000,25,10,5.536,2.214,source_pcm_too_short,exclude_source_audio_unusable
2021,SDRW2100001872,SDRW2100001872.1.1.89,morph_source_missing,D:\20_AUDIO\06_textgrid_merged\2021\SDRW2100001872\SDRW2100001872.1.1.89.TextGrid,0.100,원본짧음,ok,2.436000,13,5,5.337,2.053,source_pcm_too_short,exclude_source_audio_unusable
2021,SDRW2100001872,SDRW2100001872.1.1.9,morph_source_missing,D:\20_AUDIO\06_textgrid_merged\2021\SDRW2100001872\SDRW2100001872.1.1.9.TextGrid,0.100,원본짧음,ok,4.548000,27,10,5.937,2.199,source_pcm_too_short,exclude_source_audio_unusable
2021,SDRW2100001872,SDRW2100001872.1.1.90,morph_source_missing,D:\20_AUDIO\06_textgrid_merged\2021\SDRW2100001872\SDRW2100001872.1.1.90.TextGrid,0.100,원본짧음,ok,2.388000,14,7,5.863,2.931,source_pcm_too_short,exclude_source_audio_unusable
2021,SDRW2100001872,SDRW2100001872.1.1.91,morph_source_missing,D:\20_AUDIO\06_textgrid_merged\2021\SDRW2100001872\SDRW2100001872.1.1.91.TextGrid,0.100,원본짧음,ok,2.516000,12,4,4.769,1.590,source_pcm_too_short,exclude_source_audio_unusable
2021,SDRW2100001872,SDRW2100001872.1.1.92,morph_source_missing,D:\20_AUDIO\06_textgrid_merged\2021\SDRW2100001872\SDRW2100001872.1.1.92.TextGrid,0.100,원본짧음,ok,1.335000,3,1,2.247,0.749,source_pcm_too_short,exclude_source_audio_unusable
2021,SDRW2100001872,SDRW2100001872.1.1.93,morph_source_missing,D:\20_AUDIO\06_textgrid_merged\2021\SDRW2100001872\SDRW2100001872.1.1.93.TextGrid,0.100,원본짧음,ok,4.384000,20,5,4.562,1.141,source_pcm_too_short,exclude_source_audio_unusable
2021,SDRW2100001872,SDRW2100001872.1.1.94,morph_source_missing,D:\20_AUDIO\06_textgrid_merged\2021\SDRW2100001872\SDRW2100001872.1.1.94.TextGrid,0.100,원본짧음,ok,2.166000,13,5,6.002,2.308,source_pcm_too_short,exclude_source_audio_unusable
2021,SDRW2100001872,SDRW2100001872.1.1.95,morph_source_missing,D:\20_AUDIO\06_textgrid_merged\2021\SDRW2100001872\SDRW2100001872.1.1.95.TextGrid,0.100,원본짧음,ok,2.692000,11,4,4.086,1.486,source_pcm_too_short,exclude_source_audio_unusable
2021,SDRW2100001872,SDRW2100001872.1.1.96,morph_source_missing,D:\20_AUDIO\06_textgrid_merged\2021\SDRW2100001872\SDRW2100001872.1.1.96.TextGrid,0.100,원본짧음,ok,4.871000,23,10,4.722,2.053,source_pcm_too_short,exclude_source_audio_unusable
2021,SDRW2100001872,SDRW2100001872.1.1.97,morph_source_missing,D:\20_AUDIO\06_textgrid_merged\2021\SDRW2100001872\SDRW2100001872.1.1.97.TextGrid,0.100,원본짧음,ok,2.833000,16,6,5.648,2.118,source_pcm_too_short,exclude_source_audio_unusable
2021,SDRW2100001872,SDRW2100001872.1.1.98,morph_source_missing,D:\20_AUDIO\06_textgrid_merged\2021\SDRW2100001872\SDRW2100001872.1.1.98.TextGrid,0.100,원본짧음,ok,3.091000,17,6,5.500,1.941,source_pcm_too_short,exclude_source_audio_unusable
2021,SDRW2100001872,SDRW2100001872.1.1.99,morph_source_missing,D:\20_AUDIO\06_textgrid_merged\2021\SDRW2100001872\SDRW2100001872.1.1.99.TextGrid,0.100,원본짧음,ok,4.862000,17,7,3.497,1.440,source_pcm_too_short,exclude_source_audio_unusable
2021,SDRW2100001962,SDRW2100001962.1.1.213,morph_source_missing,D:\20_AUDIO\06_textgrid_merged\2021\SDRW2100001962\SDRW2100001962.1.1.213.TextGrid,0.060,원본짧음,ok,0.062000,8,5,129.032,80.645,source_pcm_too_short,exclude_source_audio_unusable
2021,SDRW2100001962,SDRW2100001962.1.1.223,morph_source_missing,D:\20_AUDIO\06_textgrid_merged\2021\SDRW2100001962\SDRW2100001962.1.1.223.TextGrid,0.000,원본짧음,ok,0.005000,9,4,1800.000,800.000,source_pcm_too_short,exclude_source_audio_unusable
2021,SDRW2100001962,SDRW2100001962.1.1.337,morph_source_missing,D:\20_AUDIO\06_textgrid_merged\2021\SDRW2100001962\SDRW2100001962.1.1.337.TextGrid,0.020,원본짧음,ok,0.013000,5,2,384.615,153.846,source_pcm_too_short,exclude_source_audio_unusable
2021,SDRW2100001962,SDRW2100001962.1.1.392,morph_source_missing,D:\20_AUDIO\06_textgrid_merged\2021\SDRW2100001962\SDRW2100001962.1.1.392.TextGrid,0.040,원본짧음,ok,0.040000,4,2,100.000,50.000,source_pcm_too_short,exclude_source_audio_unusable
2021,SDRW2100001962,SDRW2100001962.1.1.429,morph_source_missing,D:\20_AUDIO\06_textgrid_merged\2021\SDRW2100001962\SDRW2100001962.1.1.429.TextGrid,0.010,원본짧음,ok,0.011000,15,6,1363.636,545.455,source_pcm_too_short,exclude_source_audio_unusable
2021,SDRW2100001970,SDRW2100001970.1.1.376,morph_source_missing,D:\20_AUDIO\06_textgrid_merged\2021\SDRW2100001970\SDRW2100001970.1.1.376.TextGrid,0.010,원본짧음,ok,0.005000,3,1,600.000,200.000,source_pcm_too_short,exclude_source_audio_unusable
2021,SDRW2100001983,SDRW2100001983.1.1.76,morph_source_missing,D:\20_AUDIO\06_textgrid_merged\2021\SDRW2100001983\SDRW2100001983.1.1.76.TextGrid,0.000,원본짧음,nonpositive_duration,,14,6,0.000,0.000,source_pcm_too_short,exclude_source_audio_unusable
2021,SDRW2100002153,SDRW2100002153.1.1.1,morph_source_missing,D:\20_AUDIO\06_textgrid_merged\2021\SDRW2100002153\SDRW2100002153.1.1.1.TextGrid,0.100,원본짧음,ok,5.098000,18,7,3.531,1.373,source_pcm_too_short,exclude_source_audio_unusable
2021,SDRW2100002153,SDRW2100002153.1.1.10,morph_source_missing,D:\20_AUDIO\06_textgrid_merged\2021\SDRW2100002153\SDRW2100002153.1.1.10.TextGrid,0.100,원본짧음,ok,2.922000,19,10,6.502,3.422,source_pcm_too_short,exclude_source_audio_unusable
2021,SDRW2100002153,SDRW2100002153.1.1.100,morph_source_missing,D:\20_AUDIO\06_textgrid_merged\2021\SDRW2100002153\SDRW2100002153.1.1.100.TextGrid,0.100,원본짧음,ok,1.715000,11,5,6.414,2.915,source_pcm_too_short,exclude_source_audio_unusable
2021,SDRW2100002153,SDRW2100002153.1.1.101,morph_source_missing,D:\20_AUDIO\06_textgrid_merged\2021\SDRW2100002153\SDRW2100002153.1.1.101.TextGrid,0.100,원본짧음,ok,4.115000,20,7,4.860,1.701,source_pcm_too_short,exclude_source_audio_unusable
2021,SDRW2100002153,SDRW2100002153.1.1.102,morph_source_missing,D:\20_AUDIO\06_textgrid_merged\2021\SDRW2100002153\SDRW2100002153.1.1.102.TextGrid,0.100,원본짧음,ok,4.420000,20,8,4.525,1.810,source_pcm_too_short,exclude_source_audio_unusable
2021,SDRW2100002153,SDRW2100002153.1.1.103,morph_source_missing,D:\20_AUDIO\06_textgrid_merged\2021\SDRW2100002153\SDRW2100002153.1.1.103.TextGrid,0.100,원본짧음,ok,3.860000,14,6,3.627,1.554,source_pcm_too_short,exclude_source_audio_unusable
2021,SDRW2100002153,SDRW2100002153.1.1.104,morph_source_missing,D:\20_AUDIO\06_textgrid_merged\2021\SDRW2100002153\SDRW2100002153.1.1.104.TextGrid,0.100,원본짧음,ok,3.716000,18,7,4.844,1.884,source_pcm_too_short,exclude_source_audio_unusable
2021,SDRW2100002153,SDRW2100002153.1.1.105,morph_source_missing,D:\20_AUDIO\06_textgrid_merged\2021\SDRW2100002153\SDRW2100002153.1.1.105.TextGrid,0.100,원본짧음,ok,3.108000,13,6,4.183,1.931,source_pcm_too_short,exclude_source_audio_unusable
2021,SDRW2100002153,SDRW2100002153.1.1.106,morph_source_missing,D:\20_AUDIO\06_textgrid_merged\2021\SDRW2100002153\SDRW2100002153.1.1.106.TextGrid,0.100,원본짧음,ok,4.292000,25,9,5.825,2.097,source_pcm_too_short,exclude_source_audio_unusable
2021,SDRW2100002153,SDRW2100002153.1.1.107,morph_source_missing,D:\20_AUDIO\06_textgrid_merged\2021\SDRW2100002153\SDRW2100002153.1.1.107.TextGrid,0.100,원본짧음,ok,5.044000,30,9,5.948,1.784,source_pcm_too_short,exclude_source_audio_unusable
2021,SDRW2100002153,SDRW2100002153.1.1.108,morph_source_missing,D:\20_AUDIO\06_textgrid_merged\2021\SDRW2100002153\SDRW2100002153.1.1.108.TextGrid,0.100,원본짧음,ok,3.507000,15,9,4.277,2.566,source_pcm_too_short,exclude_source_audio_unusable
2021,SDRW2100002153,SDRW2100002153.1.1.109,morph_source_missing,D:\20_AUDIO\06_textgrid_merged\2021\SDRW2100002153\SDRW2100002153.1.1.109.TextGrid,0.100,원본짧음,ok,1.781000,8,4,4.492,2.246,source_pcm_too_short,exclude_source_audio_unusable
2021,SDRW2100002153,SDRW2100002153.1.1.11,morph_source_missing,D:\20_AUDIO\06_textgrid_merged\2021\SDRW2100002153\SDRW2100002153.1.1.11.TextGrid,0.100,원본짧음,ok,3.892000,15,6,3.854,1.542,source_pcm_too_short,exclude_source_audio_unusable
2021,SDRW2100002153,SDRW2100002153.1.1.110,morph_source_missing,D:\20_AUDIO\06_textgrid_merged\2021\SDRW2100002153\SDRW2100002153.1.1.110.TextGrid,0.100,원본짧음,ok,3.360000,17,5,5.060,1.488,source_pcm_too_short,exclude_source_audio_unusable
2021,SDRW2100002153,SDRW2100002153.1.1.111,morph_source_missing,D:\20_AUDIO\06_textgrid_merged\2021\SDRW2100002153\SDRW2100002153.1.1.111.TextGrid,0.100,원본짧음,ok,2.925000,21,7,7.179,2.393,source_pcm_too_short,exclude_source_audio_unusable
2021,SDRW2100002153,SDRW2100002153.1.1.112,morph_source_missing,D:\20_AUDIO\06_textgrid_merged\2021\SDRW2100002153\SDRW2100002153.1.1.112.TextGrid,0.100,원본짧음,ok,4.686000,25,9,5.335,1.921,source_pcm_too_short,exclude_source_audio_unusable
2021,SDRW2100002153,SDRW2100002153.1.1.113,morph_source_missing,D:\20_AUDIO\06_textgrid_merged\2021\SDRW2100002153\SDRW2100002153.1.1.113.TextGrid,0.100,원본짧음,ok,2.960000,16,5,5.405,1.689,source_pcm_too_short,exclude_source_audio_unusable
2021,SDRW2100002153,SDRW2100002153.1.1.114,morph_source_missing,D:\20_AUDIO\06_textgrid_merged\2021\SDRW2100002153\SDRW2100002153.1.1.114.TextGrid,0.100,원본짧음,ok,1.715000,1,1,0.583,0.583,source_pcm_too_short,exclude_source_audio_unusable
2021,SDRW2100002153,SDRW2100002153.1.1.115,morph_source_missing,D:\20_AUDIO\06_textgrid_merged\2021\SDRW2100002153\SDRW2100002153.1.1.115.TextGrid,0.100,원본짧음,ok,3.299000,21,8,6.366,2.425,source_pcm_too_short,exclude_source_audio_unusable
2021,SDRW2100002153,SDRW2100002153.1.1.116,morph_source_missing,D:\20_AUDIO\06_textgrid_merged\2021\SDRW2100002153\SDRW2100002153.1.1.116.TextGrid,0.100,원본짧음,ok,2.900000,13,5,4.483,1.724,source_pcm_too_short,exclude_source_audio_unusable
2021,SDRW2100002153,SDRW2100002153.1.1.117,morph_source_missing,D:\20_AUDIO\06_textgrid_merged\2021\SDRW2100002153\SDRW2100002153.1.1.117.TextGrid,0.100,원본짧음,ok,2.868000,11,4,3.835,1.395,source_pcm_too_short,exclude_source_audio_unusable
2021,SDRW2100002153,SDRW2100002153.1.1.118,morph_source_missing,D:\20_AUDIO\06_textgrid_merged\2021\SDRW2100002153\SDRW2100002153.1.1.118.TextGrid,0.100,원본짧음,ok,3.572000,13,6,3.639,1.680,source_pcm_too_short,exclude_source_audio_unusable
2021,SDRW2100002153,SDRW2100002153.1.1.119,morph_source_missing,D:\20_AUDIO\06_textgrid_merged\2021\SDRW2100002153\SDRW2100002153.1.1.119.TextGrid,0.100,원본짧음,ok,5.012000,21,9,4.190,1.796,source_pcm_too_short,exclude_source_audio_unusable
2021,SDRW2100002153,SDRW2100002153.1.1.12,morph_source_missing,D:\20_AUDIO\06_textgrid_merged\2021\SDRW2100002153\SDRW2100002153.1.1.12.TextGrid,0.100,원본짧음,ok,3.289000,17,5,5.169,1.520,source_pcm_too_short,exclude_source_audio_unusable
2021,SDRW2100002153,SDRW2100002153.1.1.120,morph_source_missing,D:\20_AUDIO\06_textgrid_merged\2021\SDRW2100002153\SDRW2100002153.1.1.120.TextGrid,0.100,원본짧음,ok,4.564000,17,5,3.725,1.096,source_pcm_too_short,exclude_source_audio_unusable
2021,SDRW2100002153,SDRW2100002153.1.1.121,morph_source_missing,D:\20_AUDIO\06_textgrid_merged\2021\SDRW2100002153\SDRW2100002153.1.1.121.TextGrid,0.100,원본짧음,ok,4.804000,16,7,3.331,1.457,source_pcm_too_short,exclude_source_audio_unusable
2021,SDRW2100002153,SDRW2100002153.1.1.122,morph_source_missing,D:\20_AUDIO\06_textgrid_merged\2021\SDRW2100002153\SDRW2100002153.1.1.122.TextGrid,0.100,원본짧음,ok,4.196000,17,9,4.051,2.145,source_pcm_too_short,exclude_source_audio_unusable
2021,SDRW2100002153,SDRW2100002153.1.1.123,morph_source_missing,D:\20_AUDIO\06_textgrid_merged\2021\SDRW2100002153\SDRW2100002153.1.1.123.TextGrid,0.100,원본짧음,ok,5.014000,34,13,6.781,2.593,source_pcm_too_short,exclude_source_audio_unusable
2021,SDRW2100002153,SDRW2100002153.1.1.124,morph_source_missing,D:\20_AUDIO\06_textgrid_merged\2021\SDRW2100002153\SDRW2100002153.1.1.124.TextGrid,0.100,원본짧음,ok,3.700000,23,8,6.216,2.162,source_pcm_too_short,exclude_source_audio_unusable
2021,SDRW2100002153,SDRW2100002153.1.1.125,morph_source_missing,D:\20_AUDIO\06_textgrid_merged\2021\SDRW2100002153\SDRW2100002153.1.1.125.TextGrid,0.100,원본짧음,ok,2.459000,16,6,6.507,2.440,source_pcm_too_short,exclude_source_audio_unusable
2021,SDRW2100002153,SDRW2100002153.1.1.126,morph_source_missing,D:\20_AUDIO\06_textgrid_merged\2021\SDRW2100002153\SDRW2100002153.1.1.126.TextGrid,0.100,원본짧음,ok,3.178000,17,6,5.349,1.888,source_pcm_too_short,exclude_source_audio_unusable
2021,SDRW2100002153,SDRW2100002153.1.1.127,morph_source_missing,D:\20_AUDIO\06_textgrid_merged\2021\SDRW2100002153\SDRW2100002153.1.1.127.TextGrid,0.100,원본짧음,ok,4.274000,19,8,4.445,1.872,source_pcm_too_short,exclude_source_audio_unusable
2021,SDRW2100002153,SDRW2100002153.1.1.128,morph_source_missing,D:\20_AUDIO\06_textgrid_merged\2021\SDRW2100002153\SDRW2100002153.1.1.128.TextGrid,0.100,원본짧음,ok,5.062000,30,11,5.927,2.173,source_pcm_too_short,exclude_source_audio_unusable
2021,SDRW2100002153,SDRW2100002153.1.1.129,morph_source_missing,D:\20_AUDIO\06_textgrid_merged\2021\SDRW2100002153\SDRW2100002153.1.1.129.TextGrid,0.100,원본짧음,ok,4.697000,16,5,3.406,1.065,source_pcm_too_short,exclude_source_audio_unusable
2021,SDRW2100002153,SDRW2100002153.1.1.13,morph_source_missing,D:\20_AUDIO\06_textgrid_merged\2021\SDRW2100002153\SDRW2100002153.1.1.13.TextGrid,0.100,원본짧음,ok,2.011000,11,5,5.470,2.486,source_pcm_too_short,exclude_source_audio_unusable
2021,SDRW2100002153,SDRW2100002153.1.1.130,morph_source_missing,D:\20_AUDIO\06_textgrid_merged\2021\SDRW2100002153\SDRW2100002153.1.1.130.TextGrid,0.100,원본짧음,ok,2.957000,9,3,3.044,1.015,source_pcm_too_short,exclude_source_audio_unusable
2021,SDRW2100002153,SDRW2100002153.1.1.131,morph_source_missing,D:\20_AUDIO\06_textgrid_merged\2021\SDRW2100002153\SDRW2100002153.1.1.131.TextGrid,0.100,원본짧음,ok,2.811000,9,3,3.202,1.067,source_pcm_too_short,exclude_source_audio_unusable
2021,SDRW2100002153,SDRW2100002153.1.1.132,morph_source_missing,D:\20_AUDIO\06_textgrid_merged\2021\SDRW2100002153\SDRW2100002153.1.1.132.TextGrid,0.100,원본짧음,ok,1.444000,10,3,6.925,2.078,source_pcm_too_short,exclude_source_audio_unusable
2021,SDRW2100002153,SDRW2100002153.1.1.133,morph_source_missing,D:\20_AUDIO\06_textgrid_merged\2021\SDRW2100002153\SDRW2100002153.1.1.133.TextGrid,0.100,원본짧음,ok,2.004000,7,3,3.493,1.497,source_pcm_too_short,exclude_source_audio_unusable
2021,SDRW2100002153,SDRW2100002153.1.1.134,morph_source_missing,D:\20_AUDIO\06_textgrid_merged\2021\SDRW2100002153\SDRW2100002153.1.1.134.TextGrid,0.100,원본짧음,ok,1.491000,9,3,6.036,2.012,source_pcm_too_short,exclude_source_audio_unusable
2021,SDRW2100002153,SDRW2100002153.1.1.135,morph_source_missing,D:\20_AUDIO\06_textgrid_merged\2021\SDRW2100002153\SDRW2100002153.1.1.135.TextGrid,0.100,원본짧음,ok,4.363000,22,10,5.042,2.292,source_pcm_too_short,exclude_source_audio_unusable
2021,SDRW2100002153,SDRW2100002153.1.1.136,morph_source_missing,D:\20_AUDIO\06_textgrid_merged\2021\SDRW2100002153\SDRW2100002153.1.1.136.TextGrid,0.100,원본짧음,ok,3.604000,19,10,5.272,2.775,source_pcm_too_short,exclude_source_audio_unusable
2021,SDRW2100002153,SDRW2100002153.1.1.137,morph_source_missing,D:\20_AUDIO\06_textgrid_merged\2021\SDRW2100002153\SDRW2100002153.1.1.137.TextGrid,0.100,원본짧음,ok,3.060000,19,8,6.209,2.614,source_pcm_too_short,exclude_source_audio_unusable
2021,SDRW2100002153,SDRW2100002153.1.1.138,morph_source_missing,D:\20_AUDIO\06_textgrid_merged\2021\SDRW2100002153\SDRW2100002153.1.1.138.TextGrid,0.100,원본짧음,ok,4.068000,18,7,4.425,1.721,source_pcm_too_short,exclude_source_audio_unusable
2021,SDRW2100002153,SDRW2100002153.1.1.139,morph_source_missing,D:\20_AUDIO\06_textgrid_merged\2021\SDRW2100002153\SDRW2100002153.1.1.139.TextGrid,0.100,원본짧음,ok,4.996000,15,8,3.002,1.601,source_pcm_too_short,exclude_source_audio_unusable
2021,SDRW2100002153,SDRW2100002153.1.1.14,morph_source_missing,D:\20_AUDIO\06_textgrid_merged\2021\SDRW2100002153\SDRW2100002153.1.1.14.TextGrid,0.100,원본짧음,ok,1.813000,6,3,3.309,1.655,source_pcm_too_short,exclude_source_audio_unusable
2021,SDRW2100002153,SDRW2100002153.1.1.140,morph_source_missing,D:\20_AUDIO\06_textgrid_merged\2021\SDRW2100002153\SDRW2100002153.1.1.140.TextGrid,0.100,원본짧음,ok,1.476000,8,3,5.420,2.033,source_pcm_too_short,exclude_source_audio_unusable
2021,SDRW2100002153,SDRW2100002153.1.1.141,morph_source_missing,D:\20_AUDIO\06_textgrid_merged\2021\SDRW2100002153\SDRW2100002153.1.1.141.TextGrid,0.100,원본짧음,ok,4.874000,23,9,4.719,1.847,source_pcm_too_short,exclude_source_audio_unusable
2021,SDRW2100002153,SDRW2100002153.1.1.142,morph_source_missing,D:\20_AUDIO\06_textgrid_merged\2021\SDRW2100002153\SDRW2100002153.1.1.142.TextGrid,0.100,원본짧음,ok,3.097000,14,7,4.521,2.260,source_pcm_too_short,exclude_source_audio_unusable
2021,SDRW2100002153,SDRW2100002153.1.1.143,morph_source_missing,D:\20_AUDIO\06_textgrid_merged\2021\SDRW2100002153\SDRW2100002153.1.1.143.TextGrid,0.100,원본짧음,ok,2.262000,13,5,5.747,2.210,source_pcm_too_short,exclude_source_audio_unusable
2021,SDRW2100002153,SDRW2100002153.1.1.144,morph_source_missing,D:\20_AUDIO\06_textgrid_merged\2021\SDRW2100002153\SDRW2100002153.1.1.144.TextGrid,0.100,원본짧음,ok,2.131000,17,6,7.977,2.816,source_pcm_too_short,exclude_source_audio_unusable
2021,SDRW2100002153,SDRW2100002153.1.1.145,morph_source_missing,D:\20_AUDIO\06_textgrid_merged\2021\SDRW2100002153\SDRW2100002153.1.1.145.TextGrid,0.100,원본짧음,ok,4.148000,25,7,6.027,1.688,source_pcm_too_short,exclude_source_audio_unusable
2021,SDRW2100002153,SDRW2100002153.1.1.146,morph_source_missing,D:\20_AUDIO\06_textgrid_merged\2021\SDRW2100002153\SDRW2100002153.1.1.146.TextGrid,0.100,원본짧음,ok,3.139000,13,6,4.141,1.911,source_pcm_too_short,exclude_source_audio_unusable
2021,SDRW2100002153,SDRW2100002153.1.1.147,morph_source_missing,D:\20_AUDIO\06_textgrid_merged\2021\SDRW2100002153\SDRW2100002153.1.1.147.TextGrid,0.100,원본짧음,ok,3.444000,20,9,5.807,2.613,source_pcm_too_short,exclude_source_audio_unusable
2021,SDRW2100002153,SDRW2100002153.1.1.148,morph_source_missing,D:\20_AUDIO\06_textgrid_merged\2021\SDRW2100002153\SDRW2100002153.1.1.148.TextGrid,0.100,원본짧음,ok,3.827000,21,7,5.487,1.829,source_pcm_too_short,exclude_source_audio_unusable
2021,SDRW2100002153,SDRW2100002153.1.1.149,morph_source_missing,D:\20_AUDIO\06_textgrid_merged\2021\SDRW2100002153\SDRW2100002153.1.1.149.TextGrid,0.100,원본짧음,ok,2.692000,17,8,6.315,2.972,source_pcm_too_short,exclude_source_audio_unusable
2021,SDRW2100002153,SDRW2100002153.1.1.15,morph_source_missing,D:\20_AUDIO\06_textgrid_merged\2021\SDRW2100002153\SDRW2100002153.1.1.15.TextGrid,0.100,원본짧음,ok,4.906000,27,9,5.503,1.834,source_pcm_too_short,exclude_source_audio_unusable
2021,SDRW2100002153,SDRW2100002153.1.1.150,morph_source_missing,D:\20_AUDIO\06_textgrid_merged\2021\SDRW2100002153\SDRW2100002153.1.1.150.TextGrid,0.100,원본짧음,ok,4.212000,26,9,6.173,2.137,source_pcm_too_short,exclude_source_audio_unusable
2021,SDRW2100002153,SDRW2100002153.1.1.151,morph_source_missing,D:\20_AUDIO\06_textgrid_merged\2021\SDRW2100002153\SDRW2100002153.1.1.151.TextGrid,0.100,원본짧음,ok,2.083000,12,6,5.761,2.880,source_pcm_too_short,exclude_source_audio_unusable
2021,SDRW2100002153,SDRW2100002153.1.1.152,morph_source_missing,D:\20_AUDIO\06_textgrid_merged\2021\SDRW2100002153\SDRW2100002153.1.1.152.TextGrid,0.100,원본짧음,ok,3.812000,13,4,3.410,1.049,source_pcm_too_short,exclude_source_audio_unusable
2021,SDRW2100002153,SDRW2100002153.1.1.153,morph_source_missing,D:\20_AUDIO\06_textgrid_merged\2021\SDRW2100002153\SDRW2100002153.1.1.153.TextGrid,0.100,원본짧음,ok,1.732000,9,4,5.196,2.309,source_pcm_too_short,exclude_source_audio_unusable
2021,SDRW2100002153,SDRW2100002153.1.1.154,morph_source_missing,D:\20_AUDIO\06_textgrid_merged\2021\SDRW2100002153\SDRW2100002153.1.1.154.TextGrid,0.100,원본짧음,ok,4.339000,18,7,4.148,1.613,source_pcm_too_short,exclude_source_audio_unusable
2021,SDRW2100002153,SDRW2100002153.1.1.155,morph_source_missing,D:\20_AUDIO\06_textgrid_merged\2021\SDRW2100002153\SDRW2100002153.1.1.155.TextGrid,0.100,원본짧음,ok,3.884000,22,8,5.664,2.060,source_pcm_too_short,exclude_source_audio_unusable
2021,SDRW2100002153,SDRW2100002153.1.1.156,morph_source_missing,D:\20_AUDIO\06_textgrid_merged\2021\SDRW2100002153\SDRW2100002153.1.1.156.TextGrid,0.100,원본짧음,ok,3.129000,18,5,5.753,1.598,source_pcm_too_short,exclude_source_audio_unusable
2021,SDRW2100002153,SDRW2100002153.1.1.157,morph_source_missing,D:\20_AUDIO\06_textgrid_merged\2021\SDRW2100002153\SDRW2100002153.1.1.157.TextGrid,0.100,원본짧음,ok,3.071000,10,3,3.256,0.977,source_pcm_too_short,exclude_source_audio_unusable
2021,SDRW2100002153,SDRW2100002153.1.1.158,morph_source_missing,D:\20_AUDIO\06_textgrid_merged\2021\SDRW2100002153\SDRW2100002153.1.1.158.TextGrid,0.100,원본짧음,ok,2.580000,11,4,4.264,1.550,source_pcm_too_short,exclude_source_audio_unusable
2021,SDRW2100002153,SDRW2100002153.1.1.159,morph_source_missing,D:\20_AUDIO\06_textgrid_merged\2021\SDRW2100002153\SDRW2100002153.1.1.159.TextGrid,0.100,원본짧음,ok,2.401000,6,2,2.499,0.833,source_pcm_too_short,exclude_source_audio_unusable
2021,SDRW2100002153,SDRW2100002153.1.1.16,morph_source_missing,D:\20_AUDIO\06_textgrid_merged\2021\SDRW2100002153\SDRW2100002153.1.1.16.TextGrid,0.100,원본짧음,ok,1.983000,12,5,6.051,2.521,source_pcm_too_short,exclude_source_audio_unusable
2021,SDRW2100002153,SDRW2100002153.1.1.160,morph_source_missing,D:\20_AUDIO\06_textgrid_merged\2021\SDRW2100002153\SDRW2100002153.1.1.160.TextGrid,0.100,원본짧음,ok,4.426000,21,8,4.745,1.808,source_pcm_too_short,exclude_source_audio_unusable
2021,SDRW2100002153,SDRW2100002153.1.1.161,morph_source_missing,D:\20_AUDIO\06_textgrid_merged\2021\SDRW2100002153\SDRW2100002153.1.1.161.TextGrid,0.100,원본짧음,ok,1.320000,3,1,2.273,0.758,source_pcm_too_short,exclude_source_audio_unusable
2021,SDRW2100002153,SDRW2100002153.1.1.162,morph_source_missing,D:\20_AUDIO\06_textgrid_merged\2021\SDRW2100002153\SDRW2100002153.1.1.162.TextGrid,0.100,원본짧음,ok,1.803000,5,2,2.773,1.109,source_pcm_too_short,exclude_source_audio_unusable
2021,SDRW2100002153,SDRW2100002153.1.1.163,morph_source_missing,D:\20_AUDIO\06_textgrid_merged\2021\SDRW2100002153\SDRW2100002153.1.1.163.TextGrid,0.100,원본짧음,ok,5.087000,32,12,6.291,2.359,source_pcm_too_short,exclude_source_audio_unusable
2021,SDRW2100002153,SDRW2100002153.1.1.164,morph_source_missing,D:\20_AUDIO\06_textgrid_merged\2021\SDRW2100002153\SDRW2100002153.1.1.164.TextGrid,0.100,원본짧음,ok,3.260000,16,5,4.908,1.534,source_pcm_too_short,exclude_source_audio_unusable
2021,SDRW2100002153,SDRW2100002153.1.1.165,morph_source_missing,D:\20_AUDIO\06_textgrid_merged\2021\SDRW2100002153\SDRW2100002153.1.1.165.TextGrid,0.100,원본짧음,ok,4.695000,16,7,3.408,1.491,source_pcm_too_short,exclude_source_audio_unusable
2021,SDRW2100002153,SDRW2100002153.1.1.166,morph_source_missing,D:\20_AUDIO\06_textgrid_merged\2021\SDRW2100002153\SDRW2100002153.1.1.166.TextGrid,0.100,원본짧음,ok,4.595000,23,9,5.005,1.959,source_pcm_too_short,exclude_source_audio_unusable
2021,SDRW2100002153,SDRW2100002153.1.1.167,morph_source_missing,D:\20_AUDIO\06_textgrid_merged\2021\SDRW2100002153\SDRW2100002153.1.1.167.TextGrid,0.100,원본짧음,ok,4.623000,27,10,5.840,2.163,source_pcm_too_short,exclude_source_audio_unusable
2021,SDRW2100002153,SDRW2100002153.1.1.168,morph_source_missing,D:\20_AUDIO\06_textgrid_merged\2021\SDRW2100002153\SDRW2100002153.1.1.168.TextGrid,0.100,원본짧음,ok,2.089000,6,2,2.872,0.957,source_pcm_too_short,exclude_source_audio_unusable
2021,SDRW2100002153,SDRW2100002153.1.1.169,morph_source_missing,D:\20_AUDIO\06_textgrid_merged\2021\SDRW2100002153\SDRW2100002153.1.1.169.TextGrid,0.100,원본짧음,ok,3.761000,22,8,5.850,2.127,source_pcm_too_short,exclude_source_audio_unusable
2021,SDRW2100002153,SDRW2100002153.1.1.17,morph_source_missing,D:\20_AUDIO\06_textgrid_merged\2021\SDRW2100002153\SDRW2100002153.1.1.17.TextGrid,0.100,원본짧음,ok,4.275000,18,6,4.211,1.404,source_pcm_too_short,exclude_source_audio_unusable
2021,SDRW2100002153,SDRW2100002153.1.1.170,morph_source_missing,D:\20_AUDIO\06_textgrid_merged\2021\SDRW2100002153\SDRW2100002153.1.1.170.TextGrid,0.100,원본짧음,ok,1.561000,7,2,4.484,1.281,source_pcm_too_short,exclude_source_audio_unusable
2021,SDRW2100002153,SDRW2100002153.1.1.171,morph_source_missing,D:\20_AUDIO\06_textgrid_merged\2021\SDRW2100002153\SDRW2100002153.1.1.171.TextGrid,0.100,원본짧음,ok,3.431000,19,6,5.538,1.749,source_pcm_too_short,exclude_source_audio_unusable
2021,SDRW2100002153,SDRW2100002153.1.1.172,morph_source_missing,D:\20_AUDIO\06_textgrid_merged\2021\SDRW2100002153\SDRW2100002153.1.1.172.TextGrid,0.000,원본짧음,ok,4.784000,19,8,3.972,1.672,source_pcm_too_short,exclude_source_audio_unusable
2021,SDRW2100002153,SDRW2100002153.1.1.173,morph_source_missing,D:\20_AUDIO\06_textgrid_merged\2021\SDRW2100002153\SDRW2100002153.1.1.173.TextGrid,0.000,원본짧음,ok,4.415000,19,9,4.304,2.039,source_pcm_too_short,exclude_source_audio_unusable
2021,SDRW2100002153,SDRW2100002153.1.1.174,morph_source_missing,D:\20_AUDIO\06_textgrid_merged\2021\SDRW2100002153\SDRW2100002153.1.1.174.TextGrid,0.100,원본짧음,ok,4.628000,18,6,3.889,1.296,source_pcm_too_short,exclude_source_audio_unusable
2021,SDRW2100002153,SDRW2100002153.1.1.175,morph_source_missing,D:\20_AUDIO\06_textgrid_merged\2021\SDRW2100002153\SDRW2100002153.1.1.175.TextGrid,0.100,원본짧음,ok,4.420000,24,10,5.430,2.262,source_pcm_too_short,exclude_source_audio_unusable
2021,SDRW2100002153,SDRW2100002153.1.1.176,morph_source_missing,D:\20_AUDIO\06_textgrid_merged\2021\SDRW2100002153\SDRW2100002153.1.1.176.TextGrid,0.100,원본짧음,ok,3.124000,9,4,2.881,1.280,source_pcm_too_short,exclude_source_audio_unusable
2021,SDRW2100002153,SDRW2100002153.1.1.177,morph_source_missing,D:\20_AUDIO\06_textgrid_merged\2021\SDRW2100002153\SDRW2100002153.1.1.177.TextGrid,0.100,원본짧음,ok,3.460000,12,5,3.468,1.445,source_pcm_too_short,exclude_source_audio_unusable
2021,SDRW2100002153,SDRW2100002153.1.1.178,morph_source_missing,D:\20_AUDIO\06_textgrid_merged\2021\SDRW2100002153\SDRW2100002153.1.1.178.TextGrid,0.100,원본짧음,ok,4.868000,23,8,4.725,1.643,source_pcm_too_short,exclude_source_audio_unusable
2021,SDRW2100002153,SDRW2100002153.1.1.179,morph_source_missing,D:\20_AUDIO\06_textgrid_merged\2021\SDRW2100002153\SDRW2100002153.1.1.179.TextGrid,0.100,원본짧음,ok,3.380000,15,6,4.438,1.775,source_pcm_too_short,exclude_source_audio_unusable
2021,SDRW2100002153,SDRW2100002153.1.1.18,morph_source_missing,D:\20_AUDIO\06_textgrid_merged\2021\SDRW2100002153\SDRW2100002153.1.1.18.TextGrid,0.100,원본짧음,ok,2.452000,13,5,5.302,2.039,source_pcm_too_short,exclude_source_audio_unusable
2021,SDRW2100002153,SDRW2100002153.1.1.180,morph_source_missing,D:\20_AUDIO\06_textgrid_merged\2021\SDRW2100002153\SDRW2100002153.1.1.180.TextGrid,0.100,원본짧음,ok,4.484000,24,10,5.352,2.230,source_pcm_too_short,exclude_source_audio_unusable
2021,SDRW2100002153,SDRW2100002153.1.1.181,morph_source_missing,D:\20_AUDIO\06_textgrid_merged\2021\SDRW2100002153\SDRW2100002153.1.1.181.TextGrid,0.100,원본짧음,ok,2.163000,7,3,3.236,1.387,source_pcm_too_short,exclude_source_audio_unusable
2021,SDRW2100002153,SDRW2100002153.1.1.182,morph_source_missing,D:\20_AUDIO\06_textgrid_merged\2021\SDRW2100002153\SDRW2100002153.1.1.182.TextGrid,0.100,원본짧음,ok,4.050000,26,11,6.420,2.716,source_pcm_too_short,exclude_source_audio_unusable
2021,SDRW2100002153,SDRW2100002153.1.1.183,morph_source_missing,D:\20_AUDIO\06_textgrid_merged\2021\SDRW2100002153\SDRW2100002153.1.1.183.TextGrid,0.100,원본짧음,ok,3.172000,23,7,7.251,2.207,source_pcm_too_short,exclude_source_audio_unusable
2021,SDRW2100002153,SDRW2100002153.1.1.184,morph_source_missing,D:\20_AUDIO\06_textgrid_merged\2021\SDRW2100002153\SDRW2100002153.1.1.184.TextGrid,0.100,원본짧음,ok,3.588000,13,6,3.623,1.672,source_pcm_too_short,exclude_source_audio_unusable
2021,SDRW2100002153,SDRW2100002153.1.1.185,morph_source_missing,D:\20_AUDIO\06_textgrid_merged\2021\SDRW2100002153\SDRW2100002153.1.1.185.TextGrid,0.100,원본짧음,ok,4.739000,29,9,6.119,1.899,source_pcm_too_short,exclude_source_audio_unusable
2021,SDRW2100002153,SDRW2100002153.1.1.186,morph_source_missing,D:\20_AUDIO\06_textgrid_merged\2021\SDRW2100002153\SDRW2100002153.1.1.186.TextGrid,0.100,원본짧음,ok,3.138000,11,5,3.505,1.593,source_pcm_too_short,exclude_source_audio_unusable
2021,SDRW2100002153,SDRW2100002153.1.1.187,morph_source_missing,D:\20_AUDIO\06_textgrid_merged\2021\SDRW2100002153\SDRW2100002153.1.1.187.TextGrid,0.100,원본짧음,ok,4.566000,25,8,5.475,1.752,source_pcm_too_short,exclude_source_audio_unusable
2021,SDRW2100002153,SDRW2100002153.1.1.188,morph_source_missing,D:\20_AUDIO\06_textgrid_merged\2021\SDRW2100002153\SDRW2100002153.1.1.188.TextGrid,0.100,원본짧음,ok,2.387000,12,5,5.027,2.095,source_pcm_too_short,exclude_source_audio_unusable
2021,SDRW2100002153,SDRW2100002153.1.1.189,morph_source_missing,D:\20_AUDIO\06_textgrid_merged\2021\SDRW2100002153\SDRW2100002153.1.1.189.TextGrid,0.100,원본짧음,ok,2.194000,12,5,5.469,2.279,source_pcm_too_short,exclude_source_audio_unusable
2021,SDRW2100002153,SDRW2100002153.1.1.19,morph_source_missing,D:\20_AUDIO\06_textgrid_merged\2021\SDRW2100002153\SDRW2100002153.1.1.19.TextGrid,0.100,원본짧음,ok,3.780000,18,7,4.762,1.852,source_pcm_too_short,exclude_source_audio_unusable
2021,SDRW2100002153,SDRW2100002153.1.1.190,morph_source_missing,D:\20_AUDIO\06_textgrid_merged\2021\SDRW2100002153\SDRW2100002153.1.1.190.TextGrid,0.100,원본짧음,ok,2.992000,17,8,5.682,2.674,source_pcm_too_short,exclude_source_audio_unusable
2021,SDRW2100002153,SDRW2100002153.1.1.191,morph_source_missing,D:\20_AUDIO\06_textgrid_merged\2021\SDRW2100002153\SDRW2100002153.1.1.191.TextGrid,0.100,원본짧음,ok,0.995000,1,1,1.005,1.005,source_pcm_too_short,exclude_source_audio_unusable
2021,SDRW2100002153,SDRW2100002153.1.1.192,morph_source_missing,D:\20_AUDIO\06_textgrid_merged\2021\SDRW2100002153\SDRW2100002153.1.1.192.TextGrid,0.100,원본짧음,ok,4.419000,13,6,2.942,1.358,source_pcm_too_short,exclude_source_audio_unusable
2021,SDRW2100002153,SDRW2100002153.1.1.193,morph_source_missing,D:\20_AUDIO\06_textgrid_merged\2021\SDRW2100002153\SDRW2100002153.1.1.193.TextGrid,0.100,원본짧음,ok,4.993000,29,9,5.808,1.803,source_pcm_too_short,exclude_source_audio_unusable
2021,SDRW2100002153,SDRW2100002153.1.1.194,morph_source_missing,D:\20_AUDIO\06_textgrid_merged\2021\SDRW2100002153\SDRW2100002153.1.1.194.TextGrid,0.000,원본짧음,ok,1.279000,6,3,4.691,2.346,source_pcm_too_short,exclude_source_audio_unusable
2021,SDRW2100002153,SDRW2100002153.1.1.195,morph_source_missing,D:\20_AUDIO\06_textgrid_merged\2021\SDRW2100002153\SDRW2100002153.1.1.195.TextGrid,0.000,원본짧음,ok,1.028000,1,1,0.973,0.973,source_pcm_too_short,exclude_source_audio_unusable
2021,SDRW2100002153,SDRW2100002153.1.1.196,morph_source_missing,D:\20_AUDIO\06_textgrid_merged\2021\SDRW2100002153\SDRW2100002153.1.1.196.TextGrid,0.100,원본짧음,ok,4.232000,21,9,4.962,2.127,source_pcm_too_short,exclude_source_audio_unusable
2021,SDRW2100002153,SDRW2100002153.1.1.197,morph_source_missing,D:\20_AUDIO\06_textgrid_merged\2021\SDRW2100002153\SDRW2100002153.1.1.197.TextGrid,0.100,원본짧음,ok,4.198000,25,9,5.955,2.144,source_pcm_too_short,exclude_source_audio_unusable
2021,SDRW2100002153,SDRW2100002153.1.1.198,morph_source_missing,D:\20_AUDIO\06_textgrid_merged\2021\SDRW2100002153\SDRW2100002153.1.1.198.TextGrid,0.100,원본짧음,ok,3.829000,19,7,4.962,1.828,source_pcm_too_short,exclude_source_audio_unusable
2021,SDRW2100002153,SDRW2100002153.1.1.199,morph_source_missing,D:\20_AUDIO\06_textgrid_merged\2021\SDRW2100002153\SDRW2100002153.1.1.199.TextGrid,0.100,원본짧음,ok,4.379000,21,8,4.796,1.827,source_pcm_too_short,exclude_source_audio_unusable
2021,SDRW2100002153,SDRW2100002153.1.1.2,morph_source_missing,D:\20_AUDIO\06_textgrid_merged\2021\SDRW2100002153\SDRW2100002153.1.1.2.TextGrid,0.100,원본짧음,ok,4.179000,19,5,4.547,1.196,source_pcm_too_short,exclude_source_audio_unusable
2021,SDRW2100002153,SDRW2100002153.1.1.20,morph_source_missing,D:\20_AUDIO\06_textgrid_merged\2021\SDRW2100002153\SDRW2100002153.1.1.20.TextGrid,0.100,원본짧음,ok,2.840000,13,6,4.577,2.113,source_pcm_too_short,exclude_source_audio_unusable
2021,SDRW2100002153,SDRW2100002153.1.1.200,morph_source_missing,D:\20_AUDIO\06_textgrid_merged\2021\SDRW2100002153\SDRW2100002153.1.1.200.TextGrid,0.100,원본짧음,ok,2.200000,12,4,5.455,1.818,source_pcm_too_short,exclude_source_audio_unusable
2021,SDRW2100002153,SDRW2100002153.1.1.201,morph_source_missing,D:\20_AUDIO\06_textgrid_merged\2021\SDRW2100002153\SDRW2100002153.1.1.201.TextGrid,0.100,원본짧음,ok,3.547000,12,5,3.383,1.410,source_pcm_too_short,exclude_source_audio_unusable
2021,SDRW2100002153,SDRW2100002153.1.1.202,morph_source_missing,D:\20_AUDIO\06_textgrid_merged\2021\SDRW2100002153\SDRW2100002153.1.1.202.TextGrid,0.100,원본짧음,ok,1.857000,7,2,3.770,1.077,source_pcm_too_short,exclude_source_audio_unusable
2021,SDRW2100002153,SDRW2100002153.1.1.203,morph_source_missing,D:\20_AUDIO\06_textgrid_merged\2021\SDRW2100002153\SDRW2100002153.1.1.203.TextGrid,0.100,원본짧음,ok,2.509000,11,5,4.384,1.993,source_pcm_too_short,exclude_source_audio_unusable
2021,SDRW2100002153,SDRW2100002153.1.1.204,morph_source_missing,D:\20_AUDIO\06_textgrid_merged\2021\SDRW2100002153\SDRW2100002153.1.1.204.TextGrid,0.100,원본짧음,ok,5.092000,31,12,6.088,2.357,source_pcm_too_short,exclude_source_audio_unusable
2021,SDRW2100002153,SDRW2100002153.1.1.205,morph_source_missing,D:\20_AUDIO\06_textgrid_merged\2021\SDRW2100002153\SDRW2100002153.1.1.205.TextGrid,0.100,원본짧음,ok,4.787000,27,12,5.640,2.507,source_pcm_too_short,exclude_source_audio_unusable
2021,SDRW2100002153,SDRW2100002153.1.1.206,morph_source_missing,D:\20_AUDIO\06_textgrid_merged\2021\SDRW2100002153\SDRW2100002153.1.1.206.TextGrid,0.100,원본짧음,ok,3.379000,13,5,3.847,1.480,source_pcm_too_short,exclude_source_audio_unusable
2021,SDRW2100002153,SDRW2100002153.1.1.207,morph_source_missing,D:\20_AUDIO\06_textgrid_merged\2021\SDRW2100002153\SDRW2100002153.1.1.207.TextGrid,0.100,원본짧음,ok,2.740000,11,4,4.015,1.460,source_pcm_too_short,exclude_source_audio_unusable
2021,SDRW2100002153,SDRW2100002153.1.1.208,morph_source_missing,D:\20_AUDIO\06_textgrid_merged\2021\SDRW2100002153\SDRW2100002153.1.1.208.TextGrid,0.100,원본짧음,ok,3.652000,22,9,6.024,2.464,source_pcm_too_short,exclude_source_audio_unusable
2021,SDRW2100002153,SDRW2100002153.1.1.209,morph_source_missing,D:\20_AUDIO\06_textgrid_merged\2021\SDRW2100002153\SDRW2100002153.1.1.209.TextGrid,0.100,원본짧음,ok,4.052000,20,7,4.936,1.728,source_pcm_too_short,exclude_source_audio_unusable
2021,SDRW2100002153,SDRW2100002153.1.1.21,morph_source_missing,D:\20_AUDIO\06_textgrid_merged\2021\SDRW2100002153\SDRW2100002153.1.1.21.TextGrid,0.100,원본짧음,ok,3.062000,7,3,2.286,0.980,source_pcm_too_short,exclude_source_audio_unusable
2021,SDRW2100002153,SDRW2100002153.1.1.210,morph_source_missing,D:\20_AUDIO\06_textgrid_merged\2021\SDRW2100002153\SDRW2100002153.1.1.210.TextGrid,0.100,원본짧음,ok,4.180000,21,6,5.024,1.435,source_pcm_too_short,exclude_source_audio_unusable
2021,SDRW2100002153,SDRW2100002153.1.1.211,morph_source_missing,D:\20_AUDIO\06_textgrid_merged\2021\SDRW2100002153\SDRW2100002153.1.1.211.TextGrid,0.100,원본짧음,ok,3.441000,15,6,4.359,1.744,source_pcm_too_short,exclude_source_audio_unusable
2021,SDRW2100002153,SDRW2100002153.1.1.212,morph_source_missing,D:\20_AUDIO\06_textgrid_merged\2021\SDRW2100002153\SDRW2100002153.1.1.212.TextGrid,0.100,원본짧음,ok,3.124000,11,5,3.521,1.601,source_pcm_too_short,exclude_source_audio_unusable
2021,SDRW2100002153,SDRW2100002153.1.1.213,morph_source_missing,D:\20_AUDIO\06_textgrid_merged\2021\SDRW2100002153\SDRW2100002153.1.1.213.TextGrid,0.100,원본짧음,ok,4.532000,13,3,2.868,0.662,source_pcm_too_short,exclude_source_audio_unusable
2021,SDRW2100002153,SDRW2100002153.1.1.214,morph_source_missing,D:\20_AUDIO\06_textgrid_merged\2021\SDRW2100002153\SDRW2100002153.1.1.214.TextGrid,0.100,원본짧음,ok,2.701000,11,5,4.073,1.851,source_pcm_too_short,exclude_source_audio_unusable
2021,SDRW2100002153,SDRW2100002153.1.1.215,morph_source_missing,D:\20_AUDIO\06_textgrid_merged\2021\SDRW2100002153\SDRW2100002153.1.1.215.TextGrid,0.100,원본짧음,ok,4.559000,23,8,5.045,1.755,source_pcm_too_short,exclude_source_audio_unusable
2021,SDRW2100002153,SDRW2100002153.1.1.216,morph_source_missing,D:\20_AUDIO\06_textgrid_merged\2021\SDRW2100002153\SDRW2100002153.1.1.216.TextGrid,0.100,원본짧음,ok,3.685000,8,3,2.171,0.814,source_pcm_too_short,exclude_source_audio_unusable
2021,SDRW2100002153,SDRW2100002153.1.1.217,morph_source_missing,D:\20_AUDIO\06_textgrid_merged\2021\SDRW2100002153\SDRW2100002153.1.1.217.TextGrid,0.100,원본짧음,ok,2.314000,16,5,6.914,2.161,source_pcm_too_short,exclude_source_audio_unusable
2021,SDRW2100002153,SDRW2100002153.1.1.218,morph_source_missing,D:\20_AUDIO\06_textgrid_merged\2021\SDRW2100002153\SDRW2100002153.1.1.218.TextGrid,0.100,원본짧음,ok,4.436000,10,5,2.254,1.127,source_pcm_too_short,exclude_source_audio_unusable
2021,SDRW2100002153,SDRW2100002153.1.1.219,morph_source_missing,D:\20_AUDIO\06_textgrid_merged\2021\SDRW2100002153\SDRW2100002153.1.1.219.TextGrid,0.100,원본짧음,ok,2.580000,11,6,4.264,2.326,source_pcm_too_short,exclude_source_audio_unusable
2021,SDRW2100002153,SDRW2100002153.1.1.22,morph_source_missing,D:\20_AUDIO\06_textgrid_merged\2021\SDRW2100002153\SDRW2100002153.1.1.22.TextGrid,0.100,원본짧음,ok,2.463000,14,4,5.684,1.624,source_pcm_too_short,exclude_source_audio_unusable
2021,SDRW2100002153,SDRW2100002153.1.1.220,morph_source_missing,D:\20_AUDIO\06_textgrid_merged\2021\SDRW2100002153\SDRW2100002153.1.1.220.TextGrid,0.100,원본짧음,ok,1.320000,5,2,3.788,1.515,source_pcm_too_short,exclude_source_audio_unusable
2021,SDRW2100002153,SDRW2100002153.1.1.221,morph_source_missing,D:\20_AUDIO\06_textgrid_merged\2021\SDRW2100002153\SDRW2100002153.1.1.221.TextGrid,0.100,원본짧음,ok,3.176000,19,8,5.982,2.519,source_pcm_too_short,exclude_source_audio_unusable
2021,SDRW2100002153,SDRW2100002153.1.1.222,morph_source_missing,D:\20_AUDIO\06_textgrid_merged\2021\SDRW2100002153\SDRW2100002153.1.1.222.TextGrid,0.100,원본짧음,ok,3.364000,15,6,4.459,1.784,source_pcm_too_short,exclude_source_audio_unusable
2021,SDRW2100002153,SDRW2100002153.1.1.223,morph_source_missing,D:\20_AUDIO\06_textgrid_merged\2021\SDRW2100002153\SDRW2100002153.1.1.223.TextGrid,0.100,원본짧음,ok,4.104000,23,9,5.604,2.193,source_pcm_too_short,exclude_source_audio_unusable
2021,SDRW2100002153,SDRW2100002153.1.1.224,morph_source_missing,D:\20_AUDIO\06_textgrid_merged\2021\SDRW2100002153\SDRW2100002153.1.1.224.TextGrid,0.100,원본짧음,ok,3.176000,18,6,5.668,1.889,source_pcm_too_short,exclude_source_audio_unusable
2021,SDRW2100002153,SDRW2100002153.1.1.225,morph_source_missing,D:\20_AUDIO\06_textgrid_merged\2021\SDRW2100002153\SDRW2100002153.1.1.225.TextGrid,0.100,원본짧음,ok,2.503000,6,3,2.397,1.199,source_pcm_too_short,exclude_source_audio_unusable
2021,SDRW2100002153,SDRW2100002153.1.1.226,morph_source_missing,D:\20_AUDIO\06_textgrid_merged\2021\SDRW2100002153\SDRW2100002153.1.1.226.TextGrid,0.100,원본짧음,ok,1.713000,6,3,3.503,1.751,source_pcm_too_short,exclude_source_audio_unusable
2021,SDRW2100002153,SDRW2100002153.1.1.227,morph_source_missing,D:\20_AUDIO\06_textgrid_merged\2021\SDRW2100002153\SDRW2100002153.1.1.227.TextGrid,0.100,원본짧음,ok,4.961000,28,10,5.644,2.016,source_pcm_too_short,exclude_source_audio_unusable
2021,SDRW2100002153,SDRW2100002153.1.1.228,morph_source_missing,D:\20_AUDIO\06_textgrid_merged\2021\SDRW2100002153\SDRW2100002153.1.1.228.TextGrid,0.100,원본짧음,ok,4.330000,24,11,5.543,2.540,source_pcm_too_short,exclude_source_audio_unusable
2021,SDRW2100002153,SDRW2100002153.1.1.229,morph_source_missing,D:\20_AUDIO\06_textgrid_merged\2021\SDRW2100002153\SDRW2100002153.1.1.229.TextGrid,0.100,원본짧음,ok,3.204000,14,4,4.370,1.248,source_pcm_too_short,exclude_source_audio_unusable
2021,SDRW2100002153,SDRW2100002153.1.1.23,morph_source_missing,D:\20_AUDIO\06_textgrid_merged\2021\SDRW2100002153\SDRW2100002153.1.1.23.TextGrid,0.100,원본짧음,ok,3.940000,18,7,4.569,1.777,source_pcm_too_short,exclude_source_audio_unusable
2021,SDRW2100002153,SDRW2100002153.1.1.230,morph_source_missing,D:\20_AUDIO\06_textgrid_merged\2021\SDRW2100002153\SDRW2100002153.1.1.230.TextGrid,0.000,원본짧음,ok,3.870000,25,11,6.460,2.842,source_pcm_too_short,exclude_source_audio_unusable
2021,SDRW2100002153,SDRW2100002153.1.1.231,morph_source_missing,D:\20_AUDIO\06_textgrid_merged\2021\SDRW2100002153\SDRW2100002153.1.1.231.TextGrid,0.000,원본짧음,ok,4.607000,20,8,4.341,1.736,source_pcm_too_short,exclude_source_audio_unusable
2021,SDRW2100002153,SDRW2100002153.1.1.232,morph_source_missing,D:\20_AUDIO\06_textgrid_merged\2021\SDRW2100002153\SDRW2100002153.1.1.232.TextGrid,0.100,원본짧음,ok,5.076000,34,10,6.698,1.970,source_pcm_too_short,exclude_source_audio_unusable
2021,SDRW2100002153,SDRW2100002153.1.1.233,morph_source_missing,D:\20_AUDIO\06_textgrid_merged\2021\SDRW2100002153\SDRW2100002153.1.1.233.TextGrid,0.100,원본짧음,ok,3.012000,8,3,2.656,0.996,source_pcm_too_short,exclude_source_audio_unusable
2021,SDRW2100002153,SDRW2100002153.1.1.234,morph_source_missing,D:\20_AUDIO\06_textgrid_merged\2021\SDRW2100002153\SDRW2100002153.1.1.234.TextGrid,0.100,원본짧음,ok,2.164000,8,4,3.697,1.848,source_pcm_too_short,exclude_source_audio_unusable
2021,SDRW2100002153,SDRW2100002153.1.1.235,morph_source_missing,D:\20_AUDIO\06_textgrid_merged\2021\SDRW2100002153\SDRW2100002153.1.1.235.TextGrid,0.100,원본짧음,ok,4.407000,25,10,5.673,2.269,source_pcm_too_short,exclude_source_audio_unusable
2021,SDRW2100002153,SDRW2100002153.1.1.236,morph_source_missing,D:\20_AUDIO\06_textgrid_merged\2021\SDRW2100002153\SDRW2100002153.1.1.236.TextGrid,0.100,원본짧음,ok,4.964000,21,8,4.230,1.612,source_pcm_too_short,exclude_source_audio_unusable
2021,SDRW2100002153,SDRW2100002153.1.1.237,morph_source_missing,D:\20_AUDIO\06_textgrid_merged\2021\SDRW2100002153\SDRW2100002153.1.1.237.TextGrid,0.100,원본짧음,ok,3.252000,17,6,5.228,1.845,source_pcm_too_short,exclude_source_audio_unusable
2021,SDRW2100002153,SDRW2100002153.1.1.238,morph_source_missing,D:\20_AUDIO\06_textgrid_merged\2021\SDRW2100002153\SDRW2100002153.1.1.238.TextGrid,0.100,원본짧음,ok,2.820000,9,6,3.191,2.128,source_pcm_too_short,exclude_source_audio_unusable
2021,SDRW2100002153,SDRW2100002153.1.1.239,morph_source_missing,D:\20_AUDIO\06_textgrid_merged\2021\SDRW2100002153\SDRW2100002153.1.1.239.TextGrid,0.100,원본짧음,ok,2.482000,12,5,4.835,2.015,source_pcm_too_short,exclude_source_audio_unusable
2021,SDRW2100002153,SDRW2100002153.1.1.24,morph_source_missing,D:\20_AUDIO\06_textgrid_merged\2021\SDRW2100002153\SDRW2100002153.1.1.24.TextGrid,0.000,원본짧음,ok,4.992000,29,12,5.809,2.404,source_pcm_too_short,exclude_source_audio_unusable
2021,SDRW2100002153,SDRW2100002153.1.1.240,morph_source_missing,D:\20_AUDIO\06_textgrid_merged\2021\SDRW2100002153\SDRW2100002153.1.1.240.TextGrid,0.100,원본짧음,ok,1.498000,6,2,4.005,1.335,source_pcm_too_short,exclude_source_audio_unusable
2021,SDRW2100002153,SDRW2100002153.1.1.241,morph_source_missing,D:\20_AUDIO\06_textgrid_merged\2021\SDRW2100002153\SDRW2100002153.1.1.241.TextGrid,0.100,원본짧음,ok,3.267000,28,8,8.571,2.449,source_pcm_too_short,exclude_source_audio_unusable
2021,SDRW2100002153,SDRW2100002153.1.1.242,morph_source_missing,D:\20_AUDIO\06_textgrid_merged\2021\SDRW2100002153\SDRW2100002153.1.1.242.TextGrid,0.100,원본짧음,ok,3.348000,18,6,5.376,1.792,source_pcm_too_short,exclude_source_audio_unusable
2021,SDRW2100002153,SDRW2100002153.1.1.243,morph_source_missing,D:\20_AUDIO\06_textgrid_merged\2021\SDRW2100002153\SDRW2100002153.1.1.243.TextGrid,0.100,원본짧음,ok,1.972000,7,2,3.550,1.014,source_pcm_too_short,exclude_source_audio_unusable
2021,SDRW2100002153,SDRW2100002153.1.1.244,morph_source_missing,D:\20_AUDIO\06_textgrid_merged\2021\SDRW2100002153\SDRW2100002153.1.1.244.TextGrid,0.100,원본짧음,ok,3.716000,21,8,5.651,2.153,source_pcm_too_short,exclude_source_audio_unusable
2021,SDRW2100002153,SDRW2100002153.1.1.245,morph_source_missing,D:\20_AUDIO\06_textgrid_merged\2021\SDRW2100002153\SDRW2100002153.1.1.245.TextGrid,0.100,원본짧음,ok,3.923000,18,6,4.588,1.529,source_pcm_too_short,exclude_source_audio_unusable
2021,SDRW2100002153,SDRW2100002153.1.1.246,morph_source_missing,D:\20_AUDIO\06_textgrid_merged\2021\SDRW2100002153\SDRW2100002153.1.1.246.TextGrid,0.100,원본짧음,ok,1.156000,2,1,1.730,0.865,source_pcm_too_short,exclude_source_audio_unusable
2021,SDRW2100002153,SDRW2100002153.1.1.247,morph_source_missing,D:\20_AUDIO\06_textgrid_merged\2021\SDRW2100002153\SDRW2100002153.1.1.247.TextGrid,0.100,원본짧음,ok,4.564000,27,8,5.916,1.753,source_pcm_too_short,exclude_source_audio_unusable
2021,SDRW2100002153,SDRW2100002153.1.1.248,morph_source_missing,D:\20_AUDIO\06_textgrid_merged\2021\SDRW2100002153\SDRW2100002153.1.1.248.TextGrid,0.100,원본짧음,ok,2.276000,11,6,4.833,2.636,source_pcm_too_short,exclude_source_audio_unusable
2021,SDRW2100002153,SDRW2100002153.1.1.25,morph_source_missing,D:\20_AUDIO\06_textgrid_merged\2021\SDRW2100002153\SDRW2100002153.1.1.25.TextGrid,0.000,원본짧음,ok,4.223000,16,7,3.789,1.658,source_pcm_too_short,exclude_source_audio_unusable
2021,SDRW2100002153,SDRW2100002153.1.1.26,morph_source_missing,D:\20_AUDIO\06_textgrid_merged\2021\SDRW2100002153\SDRW2100002153.1.1.26.TextGrid,0.100,원본짧음,ok,2.387000,12,5,5.027,2.095,source_pcm_too_short,exclude_source_audio_unusable
2021,SDRW2100002153,SDRW2100002153.1.1.27,morph_source_missing,D:\20_AUDIO\06_textgrid_merged\2021\SDRW2100002153\SDRW2100002153.1.1.27.TextGrid,0.100,원본짧음,ok,3.140000,15,6,4.777,1.911,source_pcm_too_short,exclude_source_audio_unusable
2021,SDRW2100002153,SDRW2100002153.1.1.28,morph_source_missing,D:\20_AUDIO\06_textgrid_merged\2021\SDRW2100002153\SDRW2100002153.1.1.28.TextGrid,0.100,원본짧음,ok,3.516000,17,7,4.835,1.991,source_pcm_too_short,exclude_source_audio_unusable
2021,SDRW2100002153,SDRW2100002153.1.1.29,morph_source_missing,D:\20_AUDIO\06_textgrid_merged\2021\SDRW2100002153\SDRW2100002153.1.1.29.TextGrid,0.100,원본짧음,ok,2.017000,12,4,5.949,1.983,source_pcm_too_short,exclude_source_audio_unusable
2021,SDRW2100002153,SDRW2100002153.1.1.3,morph_source_missing,D:\20_AUDIO\06_textgrid_merged\2021\SDRW2100002153\SDRW2100002153.1.1.3.TextGrid,0.100,원본짧음,ok,2.804000,17,7,6.063,2.496,source_pcm_too_short,exclude_source_audio_unusable
2021,SDRW2100002153,SDRW2100002153.1.1.30,morph_source_missing,D:\20_AUDIO\06_textgrid_merged\2021\SDRW2100002153\SDRW2100002153.1.1.30.TextGrid,0.100,원본짧음,ok,3.921000,19,7,4.846,1.785,source_pcm_too_short,exclude_source_audio_unusable
2021,SDRW2100002153,SDRW2100002153.1.1.31,morph_source_missing,D:\20_AUDIO\06_textgrid_merged\2021\SDRW2100002153\SDRW2100002153.1.1.31.TextGrid,0.100,원본짧음,ok,0.745000,3,1,4.027,1.342,source_pcm_too_short,exclude_source_audio_unusable
2021,SDRW2100002153,SDRW2100002153.1.1.32,morph_source_missing,D:\20_AUDIO\06_textgrid_merged\2021\SDRW2100002153\SDRW2100002153.1.1.32.TextGrid,0.100,원본짧음,ok,3.275000,13,6,3.969,1.832,source_pcm_too_short,exclude_source_audio_unusable
2021,SDRW2100002153,SDRW2100002153.1.1.33,morph_source_missing,D:\20_AUDIO\06_textgrid_merged\2021\SDRW2100002153\SDRW2100002153.1.1.33.TextGrid,0.000,원본짧음,ok,4.971000,35,15,7.041,3.018,source_pcm_too_short,exclude_source_audio_unusable
2021,SDRW2100002153,SDRW2100002153.1.1.34,morph_source_missing,D:\20_AUDIO\06_textgrid_merged\2021\SDRW2100002153\SDRW2100002153.1.1.34.TextGrid,0.000,원본짧음,ok,4.239000,17,7,4.010,1.651,source_pcm_too_short,exclude_source_audio_unusable
2021,SDRW2100002153,SDRW2100002153.1.1.35,morph_source_missing,D:\20_AUDIO\06_textgrid_merged\2021\SDRW2100002153\SDRW2100002153.1.1.35.TextGrid,0.100,원본짧음,ok,2.388000,11,4,4.606,1.675,source_pcm_too_short,exclude_source_audio_unusable
2021,SDRW2100002153,SDRW2100002153.1.1.36,morph_source_missing,D:\20_AUDIO\06_textgrid_merged\2021\SDRW2100002153\SDRW2100002153.1.1.36.TextGrid,0.100,원본짧음,ok,3.572000,16,8,4.479,2.240,source_pcm_too_short,exclude_source_audio_unusable
2021,SDRW2100002153,SDRW2100002153.1.1.37,morph_source_missing,D:\20_AUDIO\06_textgrid_merged\2021\SDRW2100002153\SDRW2100002153.1.1.37.TextGrid,0.100,원본짧음,ok,1.907000,14,5,7.341,2.622,source_pcm_too_short,exclude_source_audio_unusable
2021,SDRW2100002153,SDRW2100002153.1.1.38,morph_source_missing,D:\20_AUDIO\06_textgrid_merged\2021\SDRW2100002153\SDRW2100002153.1.1.38.TextGrid,0.100,원본짧음,ok,3.300000,10,5,3.030,1.515,source_pcm_too_short,exclude_source_audio_unusable
2021,SDRW2100002153,SDRW2100002153.1.1.39,morph_source_missing,D:\20_AUDIO\06_textgrid_merged\2021\SDRW2100002153\SDRW2100002153.1.1.39.TextGrid,0.100,원본짧음,ok,4.100000,16,7,3.902,1.707,source_pcm_too_short,exclude_source_audio_unusable
2021,SDRW2100002153,SDRW2100002153.1.1.4,morph_source_missing,D:\20_AUDIO\06_textgrid_merged\2021\SDRW2100002153\SDRW2100002153.1.1.4.TextGrid,0.100,원본짧음,ok,0.867000,3,1,3.460,1.153,source_pcm_too_short,exclude_source_audio_unusable
2021,SDRW2100002153,SDRW2100002153.1.1.40,morph_source_missing,D:\20_AUDIO\06_textgrid_merged\2021\SDRW2100002153\SDRW2100002153.1.1.40.TextGrid,0.100,원본짧음,ok,4.004000,14,7,3.497,1.748,source_pcm_too_short,exclude_source_audio_unusable
2021,SDRW2100002153,SDRW2100002153.1.1.41,morph_source_missing,D:\20_AUDIO\06_textgrid_merged\2021\SDRW2100002153\SDRW2100002153.1.1.41.TextGrid,0.100,원본짧음,ok,3.476000,21,6,6.041,1.726,source_pcm_too_short,exclude_source_audio_unusable
2021,SDRW2100002153,SDRW2100002153.1.1.42,morph_source_missing,D:\20_AUDIO\06_textgrid_merged\2021\SDRW2100002153\SDRW2100002153.1.1.42.TextGrid,0.100,원본짧음,ok,4.676000,25,10,5.346,2.139,source_pcm_too_short,exclude_source_audio_unusable
2021,SDRW2100002153,SDRW2100002153.1.1.43,morph_source_missing,D:\20_AUDIO\06_textgrid_merged\2021\SDRW2100002153\SDRW2100002153.1.1.43.TextGrid,0.100,원본짧음,ok,2.804000,12,5,4.280,1.783,source_pcm_too_short,exclude_source_audio_unusable
2021,SDRW2100002153,SDRW2100002153.1.1.44,morph_source_missing,D:\20_AUDIO\06_textgrid_merged\2021\SDRW2100002153\SDRW2100002153.1.1.44.TextGrid,0.100,원본짧음,ok,4.484000,26,6,5.798,1.338,source_pcm_too_short,exclude_source_audio_unusable
2021,SDRW2100002153,SDRW2100002153.1.1.45,morph_source_missing,D:\20_AUDIO\06_textgrid_merged\2021\SDRW2100002153\SDRW2100002153.1.1.45.TextGrid,0.100,원본짧음,ok,3.624000,16,7,4.415,1.932,source_pcm_too_short,exclude_source_audio_unusable
2021,SDRW2100002153,SDRW2100002153.1.1.46,morph_source_missing,D:\20_AUDIO\06_textgrid_merged\2021\SDRW2100002153\SDRW2100002153.1.1.46.TextGrid,0.100,원본짧음,ok,2.343000,11,6,4.695,2.561,source_pcm_too_short,exclude_source_audio_unusable
2021,SDRW2100002153,SDRW2100002153.1.1.47,morph_source_missing,D:\20_AUDIO\06_textgrid_merged\2021\SDRW2100002153\SDRW2100002153.1.1.47.TextGrid,0.100,원본짧음,ok,4.131000,23,8,5.568,1.937,source_pcm_too_short,exclude_source_audio_unusable
2021,SDRW2100002153,SDRW2100002153.1.1.48,morph_source_missing,D:\20_AUDIO\06_textgrid_merged\2021\SDRW2100002153\SDRW2100002153.1.1.48.TextGrid,0.100,원본짧음,ok,3.756000,16,6,4.260,1.597,source_pcm_too_short,exclude_source_audio_unusable
2021,SDRW2100002153,SDRW2100002153.1.1.49,morph_source_missing,D:\20_AUDIO\06_textgrid_merged\2021\SDRW2100002153\SDRW2100002153.1.1.49.TextGrid,0.100,원본짧음,ok,2.716000,13,5,4.786,1.841,source_pcm_too_short,exclude_source_audio_unusable
2021,SDRW2100002153,SDRW2100002153.1.1.5,morph_source_missing,D:\20_AUDIO\06_textgrid_merged\2021\SDRW2100002153\SDRW2100002153.1.1.5.TextGrid,0.100,원본짧음,ok,3.636000,8,3,2.200,0.825,source_pcm_too_short,exclude_source_audio_unusable
2021,SDRW2100002153,SDRW2100002153.1.1.50,morph_source_missing,D:\20_AUDIO\06_textgrid_merged\2021\SDRW2100002153\SDRW2100002153.1.1.50.TextGrid,0.100,원본짧음,ok,2.627000,15,7,5.710,2.665,source_pcm_too_short,exclude_source_audio_unusable
2021,SDRW2100002153,SDRW2100002153.1.1.51,morph_source_missing,D:\20_AUDIO\06_textgrid_merged\2021\SDRW2100002153\SDRW2100002153.1.1.51.TextGrid,0.100,원본짧음,ok,3.715000,14,6,3.769,1.615,source_pcm_too_short,exclude_source_audio_unusable
2021,SDRW2100002153,SDRW2100002153.1.1.52,morph_source_missing,D:\20_AUDIO\06_textgrid_merged\2021\SDRW2100002153\SDRW2100002153.1.1.52.TextGrid,0.100,원본짧음,ok,4.580000,17,7,3.712,1.528,source_pcm_too_short,exclude_source_audio_unusable
2021,SDRW2100002153,SDRW2100002153.1.1.53,morph_source_missing,D:\20_AUDIO\06_textgrid_merged\2021\SDRW2100002153\SDRW2100002153.1.1.53.TextGrid,0.100,원본짧음,ok,3.188000,10,4,3.137,1.255,source_pcm_too_short,exclude_source_audio_unusable
2021,SDRW2100002153,SDRW2100002153.1.1.54,morph_source_missing,D:\20_AUDIO\06_textgrid_merged\2021\SDRW2100002153\SDRW2100002153.1.1.54.TextGrid,0.100,원본짧음,ok,2.596000,7,3,2.696,1.156,source_pcm_too_short,exclude_source_audio_unusable
2021,SDRW2100002153,SDRW2100002153.1.1.55,morph_source_missing,D:\20_AUDIO\06_textgrid_merged\2021\SDRW2100002153\SDRW2100002153.1.1.55.TextGrid,0.100,원본짧음,ok,4.244000,19,8,4.477,1.885,source_pcm_too_short,exclude_source_audio_unusable
2021,SDRW2100002153,SDRW2100002153.1.1.56,morph_source_missing,D:\20_AUDIO\06_textgrid_merged\2021\SDRW2100002153\SDRW2100002153.1.1.56.TextGrid,0.100,원본짧음,ok,2.948000,21,6,7.123,2.035,source_pcm_too_short,exclude_source_audio_unusable
2021,SDRW2100002153,SDRW2100002153.1.1.57,morph_source_missing,D:\20_AUDIO\06_textgrid_merged\2021\SDRW2100002153\SDRW2100002153.1.1.57.TextGrid,0.100,원본짧음,ok,3.492000,11,5,3.150,1.432,source_pcm_too_short,exclude_source_audio_unusable
2021,SDRW2100002153,SDRW2100002153.1.1.58,morph_source_missing,D:\20_AUDIO\06_textgrid_merged\2021\SDRW2100002153\SDRW2100002153.1.1.58.TextGrid,0.100,원본짧음,ok,5.012000,26,9,5.188,1.796,source_pcm_too_short,exclude_source_audio_unusable
2021,SDRW2100002153,SDRW2100002153.1.1.59,morph_source_missing,D:\20_AUDIO\06_textgrid_merged\2021\SDRW2100002153\SDRW2100002153.1.1.59.TextGrid,0.100,원본짧음,ok,4.020000,15,5,3.731,1.244,source_pcm_too_short,exclude_source_audio_unusable
2021,SDRW2100002153,SDRW2100002153.1.1.6,morph_source_missing,D:\20_AUDIO\06_textgrid_merged\2021\SDRW2100002153\SDRW2100002153.1.1.6.TextGrid,0.100,원본짧음,ok,2.919000,11,4,3.768,1.370,source_pcm_too_short,exclude_source_audio_unusable
2021,SDRW2100002153,SDRW2100002153.1.1.60,morph_source_missing,D:\20_AUDIO\06_textgrid_merged\2021\SDRW2100002153\SDRW2100002153.1.1.60.TextGrid,0.100,원본짧음,ok,5.070000,21,8,4.142,1.578,source_pcm_too_short,exclude_source_audio_unusable
2021,SDRW2100002153,SDRW2100002153.1.1.61,morph_source_missing,D:\20_AUDIO\06_textgrid_merged\2021\SDRW2100002153\SDRW2100002153.1.1.61.TextGrid,0.100,원본짧음,ok,2.404000,12,6,4.992,2.496,source_pcm_too_short,exclude_source_audio_unusable
2021,SDRW2100002153,SDRW2100002153.1.1.62,morph_source_missing,D:\20_AUDIO\06_textgrid_merged\2021\SDRW2100002153\SDRW2100002153.1.1.62.TextGrid,0.100,원본짧음,ok,3.108000,12,5,3.861,1.609,source_pcm_too_short,exclude_source_audio_unusable
2021,SDRW2100002153,SDRW2100002153.1.1.63,morph_source_missing,D:\20_AUDIO\06_textgrid_merged\2021\SDRW2100002153\SDRW2100002153.1.1.63.TextGrid,0.100,원본짧음,ok,2.719000,9,3,3.310,1.103,source_pcm_too_short,exclude_source_audio_unusable
2021,SDRW2100002153,SDRW2100002153.1.1.64,morph_source_missing,D:\20_AUDIO\06_textgrid_merged\2021\SDRW2100002153\SDRW2100002153.1.1.64.TextGrid,0.100,원본짧음,ok,4.041000,28,9,6.929,2.227,source_pcm_too_short,exclude_source_audio_unusable
2021,SDRW2100002153,SDRW2100002153.1.1.65,morph_source_missing,D:\20_AUDIO\06_textgrid_merged\2021\SDRW2100002153\SDRW2100002153.1.1.65.TextGrid,0.100,원본짧음,ok,2.264000,10,5,4.417,2.208,source_pcm_too_short,exclude_source_audio_unusable
2021,SDRW2100002153,SDRW2100002153.1.1.66,morph_source_missing,D:\20_AUDIO\06_textgrid_merged\2021\SDRW2100002153\SDRW2100002153.1.1.66.TextGrid,0.100,원본짧음,ok,2.517000,12,4,4.768,1.589,source_pcm_too_short,exclude_source_audio_unusable
2021,SDRW2100002153,SDRW2100002153.1.1.67,morph_source_missing,D:\20_AUDIO\06_textgrid_merged\2021\SDRW2100002153\SDRW2100002153.1.1.67.TextGrid,0.100,원본짧음,ok,3.791000,23,7,6.067,1.846,source_pcm_too_short,exclude_source_audio_unusable
2021,SDRW2100002153,SDRW2100002153.1.1.68,morph_source_missing,D:\20_AUDIO\06_textgrid_merged\2021\SDRW2100002153\SDRW2100002153.1.1.68.TextGrid,0.100,원본짧음,ok,3.540000,21,8,5.932,2.260,source_pcm_too_short,exclude_source_audio_unusable
2021,SDRW2100002153,SDRW2100002153.1.1.69,morph_source_missing,D:\20_AUDIO\06_textgrid_merged\2021\SDRW2100002153\SDRW2100002153.1.1.69.TextGrid,0.100,원본짧음,ok,2.803000,15,5,5.351,1.784,source_pcm_too_short,exclude_source_audio_unusable
2021,SDRW2100002153,SDRW2100002153.1.1.7,morph_source_missing,D:\20_AUDIO\06_textgrid_merged\2021\SDRW2100002153\SDRW2100002153.1.1.7.TextGrid,0.100,원본짧음,ok,3.359000,19,7,5.656,2.084,source_pcm_too_short,exclude_source_audio_unusable
2021,SDRW2100002153,SDRW2100002153.1.1.70,morph_source_missing,D:\20_AUDIO\06_textgrid_merged\2021\SDRW2100002153\SDRW2100002153.1.1.70.TextGrid,0.100,원본짧음,ok,3.636000,14,5,3.850,1.375,source_pcm_too_short,exclude_source_audio_unusable
2021,SDRW2100002153,SDRW2100002153.1.1.71,morph_source_missing,D:\20_AUDIO\06_textgrid_merged\2021\SDRW2100002153\SDRW2100002153.1.1.71.TextGrid,0.100,원본짧음,ok,3.251000,22,8,6.767,2.461,source_pcm_too_short,exclude_source_audio_unusable
2021,SDRW2100002153,SDRW2100002153.1.1.72,morph_source_missing,D:\20_AUDIO\06_textgrid_merged\2021\SDRW2100002153\SDRW2100002153.1.1.72.TextGrid,0.100,원본짧음,ok,2.116000,6,2,2.836,0.945,source_pcm_too_short,exclude_source_audio_unusable
2021,SDRW2100002153,SDRW2100002153.1.1.73,morph_source_missing,D:\20_AUDIO\06_textgrid_merged\2021\SDRW2100002153\SDRW2100002153.1.1.73.TextGrid,0.100,원본짧음,ok,2.797000,18,7,6.435,2.503,source_pcm_too_short,exclude_source_audio_unusable
2021,SDRW2100002153,SDRW2100002153.1.1.74,morph_source_missing,D:\20_AUDIO\06_textgrid_merged\2021\SDRW2100002153\SDRW2100002153.1.1.74.TextGrid,0.100,원본짧음,ok,3.332000,19,7,5.702,2.101,source_pcm_too_short,exclude_source_audio_unusable
2021,SDRW2100002153,SDRW2100002153.1.1.75,morph_source_missing,D:\20_AUDIO\06_textgrid_merged\2021\SDRW2100002153\SDRW2100002153.1.1.75.TextGrid,0.100,원본짧음,ok,2.961000,14,5,4.728,1.689,source_pcm_too_short,exclude_source_audio_unusable
2021,SDRW2100002153,SDRW2100002153.1.1.76,morph_source_missing,D:\20_AUDIO\06_textgrid_merged\2021\SDRW2100002153\SDRW2100002153.1.1.76.TextGrid,0.100,원본짧음,ok,4.919000,24,8,4.879,1.626,source_pcm_too_short,exclude_source_audio_unusable
2021,SDRW2100002153,SDRW2100002153.1.1.77,morph_source_missing,D:\20_AUDIO\06_textgrid_merged\2021\SDRW2100002153\SDRW2100002153.1.1.77.TextGrid,0.100,원본짧음,ok,3.972000,19,7,4.783,1.762,source_pcm_too_short,exclude_source_audio_unusable
2021,SDRW2100002153,SDRW2100002153.1.1.78,morph_source_missing,D:\20_AUDIO\06_textgrid_merged\2021\SDRW2100002153\SDRW2100002153.1.1.78.TextGrid,0.100,원본짧음,ok,4.404000,22,7,4.995,1.589,source_pcm_too_short,exclude_source_audio_unusable
2021,SDRW2100002153,SDRW2100002153.1.1.79,morph_source_missing,D:\20_AUDIO\06_textgrid_merged\2021\SDRW2100002153\SDRW2100002153.1.1.79.TextGrid,0.100,원본짧음,ok,3.125000,18,6,5.760,1.920,source_pcm_too_short,exclude_source_audio_unusable
2021,SDRW2100002153,SDRW2100002153.1.1.8,morph_source_missing,D:\20_AUDIO\06_textgrid_merged\2021\SDRW2100002153\SDRW2100002153.1.1.8.TextGrid,0.100,원본짧음,ok,2.871000,18,6,6.270,2.090,source_pcm_too_short,exclude_source_audio_unusable
2021,SDRW2100002153,SDRW2100002153.1.1.80,morph_source_missing,D:\20_AUDIO\06_textgrid_merged\2021\SDRW2100002153\SDRW2100002153.1.1.80.TextGrid,0.100,원본짧음,ok,3.456000,17,8,4.919,2.315,source_pcm_too_short,exclude_source_audio_unusable
2021,SDRW2100002153,SDRW2100002153.1.1.81,morph_source_missing,D:\20_AUDIO\06_textgrid_merged\2021\SDRW2100002153\SDRW2100002153.1.1.81.TextGrid,0.100,원본짧음,ok,2.464000,8,4,3.247,1.623,source_pcm_too_short,exclude_source_audio_unusable
2021,SDRW2100002153,SDRW2100002153.1.1.82,morph_source_missing,D:\20_AUDIO\06_textgrid_merged\2021\SDRW2100002153\SDRW2100002153.1.1.82.TextGrid,0.100,원본짧음,ok,5.030000,20,8,3.976,1.590,source_pcm_too_short,exclude_source_audio_unusable
2021,SDRW2100002153,SDRW2100002153.1.1.83,morph_source_missing,D:\20_AUDIO\06_textgrid_merged\2021\SDRW2100002153\SDRW2100002153.1.1.83.TextGrid,0.100,원본짧음,ok,0.928000,1,1,1.078,1.078,source_pcm_too_short,exclude_source_audio_unusable
2021,SDRW2100002153,SDRW2100002153.1.1.84,morph_source_missing,D:\20_AUDIO\06_textgrid_merged\2021\SDRW2100002153\SDRW2100002153.1.1.84.TextGrid,0.100,원본짧음,ok,4.411000,31,12,7.028,2.720,source_pcm_too_short,exclude_source_audio_unusable
2021,SDRW2100002153,SDRW2100002153.1.1.85,morph_source_missing,D:\20_AUDIO\06_textgrid_merged\2021\SDRW2100002153\SDRW2100002153.1.1.85.TextGrid,0.100,원본짧음,ok,2.848000,17,6,5.969,2.107,source_pcm_too_short,exclude_source_audio_unusable
2021,SDRW2100002153,SDRW2100002153.1.1.86,morph_source_missing,D:\20_AUDIO\06_textgrid_merged\2021\SDRW2100002153\SDRW2100002153.1.1.86.TextGrid,0.100,원본짧음,ok,3.240000,17,7,5.247,2.160,source_pcm_too_short,exclude_source_audio_unusable
2021,SDRW2100002153,SDRW2100002153.1.1.87,morph_source_missing,D:\20_AUDIO\06_textgrid_merged\2021\SDRW2100002153\SDRW2100002153.1.1.87.TextGrid,0.100,원본짧음,ok,3.955000,25,8,6.321,2.023,source_pcm_too_short,exclude_source_audio_unusable
2021,SDRW2100002153,SDRW2100002153.1.1.88,morph_source_missing,D:\20_AUDIO\06_textgrid_merged\2021\SDRW2100002153\SDRW2100002153.1.1.88.TextGrid,0.100,원본짧음,ok,2.774000,18,7,6.489,2.523,source_pcm_too_short,exclude_source_audio_unusable
2021,SDRW2100002153,SDRW2100002153.1.1.89,morph_source_missing,D:\20_AUDIO\06_textgrid_merged\2021\SDRW2100002153\SDRW2100002153.1.1.89.TextGrid,0.100,원본짧음,ok,3.728000,22,8,5.901,2.146,source_pcm_too_short,exclude_source_audio_unusable
2021,SDRW2100002153,SDRW2100002153.1.1.9,morph_source_missing,D:\20_AUDIO\06_textgrid_merged\2021\SDRW2100002153\SDRW2100002153.1.1.9.TextGrid,0.100,원본짧음,ok,3.898000,22,7,5.644,1.796,source_pcm_too_short,exclude_source_audio_unusable
2021,SDRW2100002153,SDRW2100002153.1.1.90,morph_source_missing,D:\20_AUDIO\06_textgrid_merged\2021\SDRW2100002153\SDRW2100002153.1.1.90.TextGrid,0.100,원본짧음,ok,4.050000,17,7,4.198,1.728,source_pcm_too_short,exclude_source_audio_unusable
2021,SDRW2100002153,SDRW2100002153.1.1.91,morph_source_missing,D:\20_AUDIO\06_textgrid_merged\2021\SDRW2100002153\SDRW2100002153.1.1.91.TextGrid,0.100,원본짧음,ok,4.289000,25,7,5.829,1.632,source_pcm_too_short,exclude_source_audio_unusable
2021,SDRW2100002153,SDRW2100002153.1.1.92,morph_source_missing,D:\20_AUDIO\06_textgrid_merged\2021\SDRW2100002153\SDRW2100002153.1.1.92.TextGrid,0.100,원본짧음,ok,2.123000,8,4,3.768,1.884,source_pcm_too_short,exclude_source_audio_unusable
2021,SDRW2100002153,SDRW2100002153.1.1.93,morph_source_missing,D:\20_AUDIO\06_textgrid_merged\2021\SDRW2100002153\SDRW2100002153.1.1.93.TextGrid,0.100,원본짧음,ok,2.029000,3,1,1.479,0.493,source_pcm_too_short,exclude_source_audio_unusable
2021,SDRW2100002153,SDRW2100002153.1.1.94,morph_source_missing,D:\20_AUDIO\06_textgrid_merged\2021\SDRW2100002153\SDRW2100002153.1.1.94.TextGrid,0.100,원본짧음,ok,3.306000,15,5,4.537,1.512,source_pcm_too_short,exclude_source_audio_unusable
2021,SDRW2100002153,SDRW2100002153.1.1.95,morph_source_missing,D:\20_AUDIO\06_textgrid_merged\2021\SDRW2100002153\SDRW2100002153.1.1.95.TextGrid,0.100,원본짧음,ok,1.955000,12,4,6.138,2.046,source_pcm_too_short,exclude_source_audio_unusable
2021,SDRW2100002153,SDRW2100002153.1.1.96,morph_source_missing,D:\20_AUDIO\06_textgrid_merged\2021\SDRW2100002153\SDRW2100002153.1.1.96.TextGrid,0.100,원본짧음,ok,2.785000,11,5,3.950,1.795,source_pcm_too_short,exclude_source_audio_unusable
2021,SDRW2100002153,SDRW2100002153.1.1.97,morph_source_missing,D:\20_AUDIO\06_textgrid_merged\2021\SDRW2100002153\SDRW2100002153.1.1.97.TextGrid,0.100,원본짧음,ok,2.520000,15,7,5.952,2.778,source_pcm_too_short,exclude_source_audio_unusable
2021,SDRW2100002153,SDRW2100002153.1.1.98,morph_source_missing,D:\20_AUDIO\06_textgrid_merged\2021\SDRW2100002153\SDRW2100002153.1.1.98.TextGrid,0.100,원본짧음,ok,3.044000,17,6,5.585,1.971,source_pcm_too_short,exclude_source_audio_unusable
2021,SDRW2100002153,SDRW2100002153.1.1.99,morph_source_missing,D:\20_AUDIO\06_textgrid_merged\2021\SDRW2100002153\SDRW2100002153.1.1.99.TextGrid,0.100,원본짧음,ok,3.652000,18,8,4.929,2.191,source_pcm_too_short,exclude_source_audio_unusable
2021,SDRW2100002231,SDRW2100002231.1.1.227,morph_source_missing,D:\20_AUDIO\06_textgrid_merged\2021\SDRW2100002231\SDRW2100002231.1.1.227.TextGrid,0.010,원본짧음,ok,0.010000,4,2,400.000,200.000,source_pcm_too_short,exclude_source_audio_unusable
2021,SDRW2100002231,SDRW2100002231.1.1.277,morph_source_missing,D:\20_AUDIO\06_textgrid_merged\2021\SDRW2100002231\SDRW2100002231.1.1.277.TextGrid,0.010,원본짧음,ok,0.007000,11,5,1571.429,714.286,source_pcm_too_short,exclude_source_audio_unusable
2021,SDRW2100002231,SDRW2100002231.1.1.321,morph_source_missing,D:\20_AUDIO\06_textgrid_merged\2021\SDRW2100002231\SDRW2100002231.1.1.321.TextGrid,0.010,원본짧음,ok,0.003000,9,3,3000.000,1000.000,source_pcm_too_short,exclude_source_audio_unusable
2021,SDRW2100002231,SDRW2100002231.1.1.344,morph_source_missing,D:\20_AUDIO\06_textgrid_merged\2021\SDRW2100002231\SDRW2100002231.1.1.344.TextGrid,0.010,원본짧음,ok,0.003000,13,5,4333.333,1666.667,source_pcm_too_short,exclude_source_audio_unusable
2021,SDRW2100002234,SDRW2100002234.1.1.173,morph_source_missing,D:\20_AUDIO\06_textgrid_merged\2021\SDRW2100002234\SDRW2100002234.1.1.173.TextGrid,0.010,원본짧음,ok,0.003000,4,2,1333.333,666.667,source_pcm_too_short,exclude_source_audio_unusable
2021,SDRW2100002234,SDRW2100002234.1.1.177,morph_source_missing,D:\20_AUDIO\06_textgrid_merged\2021\SDRW2100002234\SDRW2100002234.1.1.177.TextGrid,0.000,원본짧음,ok,0.003000,5,2,1666.667,666.667,source_pcm_too_short,exclude_source_audio_unusable
2021,SDRW2100002352,SDRW2100002352.1.1.172,morph_source_missing,D:\20_AUDIO\06_textgrid_merged\2021\SDRW2100002352\SDRW2100002352.1.1.172.TextGrid,0.100,원본짧음,ok,0.100000,9,3,90.000,30.000,source_pcm_too_short,exclude_source_audio_unusable
2021,SDRW2100002471,SDRW2100002471.1.1.94,morph_source_missing,D:\20_AUDIO\06_textgrid_merged\2021\SDRW2100002471\SDRW2100002471.1.1.94.TextGrid,0.080,원본짧음,ok,0.076000,16,7,210.526,92.105,source_pcm_too_short,exclude_source_audio_unusable
2021,SDRW2100002637,SDRW2100002637.1.1.106,morph_source_missing,D:\20_AUDIO\06_textgrid_merged\2021\SDRW2100002637\SDRW2100002637.1.1.106.TextGrid,0.000,원본짧음,nonpositive_duration,,13,4,0.000,0.000,source_pcm_too_short,exclude_source_audio_unusable
2021,SDRW2100002889,SDRW2100002889.1.1.127,morph_source_missing,D:\20_AUDIO\06_textgrid_merged\2021\SDRW2100002889\SDRW2100002889.1.1.127.TextGrid,0.050,원본짧음,ok,0.053000,3,2,56.604,37.736,source_pcm_too_short,exclude_source_audio_unusable
2021,SDRW2100003008,SDRW2100003008.1.1.100,morph_source_missing,D:\20_AUDIO\06_textgrid_merged\2021\SDRW2100003008\SDRW2100003008.1.1.100.TextGrid,0.480,원본정상,ok,0.476000,23,9,48.319,18.908,source_segment_text_duration_impossible,exclude_source_audio_unusable
2021,SDRW2100003249,SDRW2100003249.1.1.1,morph_source_missing,D:\20_AUDIO\06_textgrid_merged\2021\SDRW2100003249\SDRW2100003249.1.1.1.TextGrid,0.100,원본짧음,ok,2.307000,14,5,6.068,2.167,source_pcm_too_short,exclude_source_audio_unusable
2021,SDRW2100003249,SDRW2100003249.1.1.10,morph_source_missing,D:\20_AUDIO\06_textgrid_merged\2021\SDRW2100003249\SDRW2100003249.1.1.10.TextGrid,0.100,원본짧음,ok,4.292000,13,6,3.029,1.398,source_pcm_too_short,exclude_source_audio_unusable
2021,SDRW2100003249,SDRW2100003249.1.1.100,morph_source_missing,D:\20_AUDIO\06_textgrid_merged\2021\SDRW2100003249\SDRW2100003249.1.1.100.TextGrid,0.100,원본짧음,ok,2.563000,12,4,4.682,1.561,source_pcm_too_short,exclude_source_audio_unusable
2021,SDRW2100003249,SDRW2100003249.1.1.101,morph_source_missing,D:\20_AUDIO\06_textgrid_merged\2021\SDRW2100003249\SDRW2100003249.1.1.101.TextGrid,0.100,원본짧음,ok,0.835000,1,1,1.198,1.198,source_pcm_too_short,exclude_source_audio_unusable
2021,SDRW2100003249,SDRW2100003249.1.1.102,morph_source_missing,D:\20_AUDIO\06_textgrid_merged\2021\SDRW2100003249\SDRW2100003249.1.1.102.TextGrid,0.100,원본짧음,ok,1.475000,1,1,0.678,0.678,source_pcm_too_short,exclude_source_audio_unusable
2021,SDRW2100003249,SDRW2100003249.1.1.103,morph_source_missing,D:\20_AUDIO\06_textgrid_merged\2021\SDRW2100003249\SDRW2100003249.1.1.103.TextGrid,0.100,원본짧음,ok,1.443000,5,2,3.465,1.386,source_pcm_too_short,exclude_source_audio_unusable
2021,SDRW2100003249,SDRW2100003249.1.1.104,morph_source_missing,D:\20_AUDIO\06_textgrid_merged\2021\SDRW2100003249\SDRW2100003249.1.1.104.TextGrid,0.100,원본짧음,ok,1.875000,8,2,4.267,1.067,source_pcm_too_short,exclude_source_audio_unusable
2021,SDRW2100003249,SDRW2100003249.1.1.105,morph_source_missing,D:\20_AUDIO\06_textgrid_merged\2021\SDRW2100003249\SDRW2100003249.1.1.105.TextGrid,0.100,원본짧음,ok,1.715000,11,5,6.414,2.915,source_pcm_too_short,exclude_source_audio_unusable
2021,SDRW2100003249,SDRW2100003249.1.1.106,morph_source_missing,D:\20_AUDIO\06_textgrid_merged\2021\SDRW2100003249\SDRW2100003249.1.1.106.TextGrid,0.100,원본짧음,ok,2.230000,5,3,2.242,1.345,source_pcm_too_short,exclude_source_audio_unusable
2021,SDRW2100003249,SDRW2100003249.1.1.107,morph_source_missing,D:\20_AUDIO\06_textgrid_merged\2021\SDRW2100003249\SDRW2100003249.1.1.107.TextGrid,0.100,원본짧음,ok,2.029000,10,4,4.929,1.971,source_pcm_too_short,exclude_source_audio_unusable
2021,SDRW2100003249,SDRW2100003249.1.1.108,morph_source_missing,D:\20_AUDIO\06_textgrid_merged\2021\SDRW2100003249\SDRW2100003249.1.1.108.TextGrid,0.100,원본짧음,ok,3.658000,15,8,4.101,2.187,source_pcm_too_short,exclude_source_audio_unusable
2021,SDRW2100003249,SDRW2100003249.1.1.109,morph_source_missing,D:\20_AUDIO\06_textgrid_merged\2021\SDRW2100003249\SDRW2100003249.1.1.109.TextGrid,0.100,원본짧음,ok,2.676000,12,5,4.484,1.868,source_pcm_too_short,exclude_source_audio_unusable
2021,SDRW2100003249,SDRW2100003249.1.1.11,morph_source_missing,D:\20_AUDIO\06_textgrid_merged\2021\SDRW2100003249\SDRW2100003249.1.1.11.TextGrid,0.100,원본짧음,ok,2.019000,9,4,4.458,1.981,source_pcm_too_short,exclude_source_audio_unusable
2021,SDRW2100003249,SDRW2100003249.1.1.110,morph_source_missing,D:\20_AUDIO\06_textgrid_merged\2021\SDRW2100003249\SDRW2100003249.1.1.110.TextGrid,0.100,원본짧음,ok,4.772000,15,7,3.143,1.467,source_pcm_too_short,exclude_source_audio_unusable
2021,SDRW2100003249,SDRW2100003249.1.1.111,morph_source_missing,D:\20_AUDIO\06_textgrid_merged\2021\SDRW2100003249\SDRW2100003249.1.1.111.TextGrid,0.100,원본짧음,ok,1.513000,7,3,4.627,1.983,source_pcm_too_short,exclude_source_audio_unusable
2021,SDRW2100003249,SDRW2100003249.1.1.112,morph_source_missing,D:\20_AUDIO\06_textgrid_merged\2021\SDRW2100003249\SDRW2100003249.1.1.112.TextGrid,0.100,원본짧음,ok,4.143000,19,9,4.586,2.172,source_pcm_too_short,exclude_source_audio_unusable
2021,SDRW2100003249,SDRW2100003249.1.1.113,morph_source_missing,D:\20_AUDIO\06_textgrid_merged\2021\SDRW2100003249\SDRW2100003249.1.1.113.TextGrid,0.100,원본짧음,ok,3.871000,19,8,4.908,2.067,source_pcm_too_short,exclude_source_audio_unusable
2021,SDRW2100003249,SDRW2100003249.1.1.114,morph_source_missing,D:\20_AUDIO\06_textgrid_merged\2021\SDRW2100003249\SDRW2100003249.1.1.114.TextGrid,0.100,원본짧음,ok,4.521000,20,9,4.424,1.991,source_pcm_too_short,exclude_source_audio_unusable
2021,SDRW2100003249,SDRW2100003249.1.1.115,morph_source_missing,D:\20_AUDIO\06_textgrid_merged\2021\SDRW2100003249\SDRW2100003249.1.1.115.TextGrid,0.100,원본짧음,ok,4.708000,14,6,2.974,1.274,source_pcm_too_short,exclude_source_audio_unusable
2021,SDRW2100003249,SDRW2100003249.1.1.116,morph_source_missing,D:\20_AUDIO\06_textgrid_merged\2021\SDRW2100003249\SDRW2100003249.1.1.116.TextGrid,0.100,원본짧음,ok,3.636000,17,6,4.675,1.650,source_pcm_too_short,exclude_source_audio_unusable
2021,SDRW2100003249,SDRW2100003249.1.1.117,morph_source_missing,D:\20_AUDIO\06_textgrid_merged\2021\SDRW2100003249\SDRW2100003249.1.1.117.TextGrid,0.100,원본짧음,ok,4.196000,12,5,2.860,1.192,source_pcm_too_short,exclude_source_audio_unusable
2021,SDRW2100003249,SDRW2100003249.1.1.118,morph_source_missing,D:\20_AUDIO\06_textgrid_merged\2021\SDRW2100003249\SDRW2100003249.1.1.118.TextGrid,0.100,원본짧음,ok,2.179000,11,5,5.048,2.295,source_pcm_too_short,exclude_source_audio_unusable
2021,SDRW2100003249,SDRW2100003249.1.1.119,morph_source_missing,D:\20_AUDIO\06_textgrid_merged\2021\SDRW2100003249\SDRW2100003249.1.1.119.TextGrid,0.100,원본짧음,ok,3.557000,16,7,4.498,1.968,source_pcm_too_short,exclude_source_audio_unusable
2021,SDRW2100003249,SDRW2100003249.1.1.12,morph_source_missing,D:\20_AUDIO\06_textgrid_merged\2021\SDRW2100003249\SDRW2100003249.1.1.12.TextGrid,0.100,원본짧음,ok,1.876000,12,5,6.397,2.665,source_pcm_too_short,exclude_source_audio_unusable
2021,SDRW2100003249,SDRW2100003249.1.1.120,morph_source_missing,D:\20_AUDIO\06_textgrid_merged\2021\SDRW2100003249\SDRW2100003249.1.1.120.TextGrid,0.000,원본짧음,ok,2.848000,13,5,4.565,1.756,source_pcm_too_short,exclude_source_audio_unusable
2021,SDRW2100003249,SDRW2100003249.1.1.121,morph_source_missing,D:\20_AUDIO\06_textgrid_merged\2021\SDRW2100003249\SDRW2100003249.1.1.121.TextGrid,0.000,원본짧음,ok,1.110000,3,1,2.703,0.901,source_pcm_too_short,exclude_source_audio_unusable
2021,SDRW2100003249,SDRW2100003249.1.1.122,morph_source_missing,D:\20_AUDIO\06_textgrid_merged\2021\SDRW2100003249\SDRW2100003249.1.1.122.TextGrid,0.000,원본짧음,ok,0.944000,1,1,1.059,1.059,source_pcm_too_short,exclude_source_audio_unusable
2021,SDRW2100003249,SDRW2100003249.1.1.123,morph_source_missing,D:\20_AUDIO\06_textgrid_merged\2021\SDRW2100003249\SDRW2100003249.1.1.123.TextGrid,0.000,원본짧음,ok,2.745000,10,4,3.643,1.457,source_pcm_too_short,exclude_source_audio_unusable
2021,SDRW2100003249,SDRW2100003249.1.1.124,morph_source_missing,D:\20_AUDIO\06_textgrid_merged\2021\SDRW2100003249\SDRW2100003249.1.1.124.TextGrid,0.100,원본짧음,ok,2.659000,18,9,6.769,3.385,source_pcm_too_short,exclude_source_audio_unusable
2021,SDRW2100003249,SDRW2100003249.1.1.125,morph_source_missing,D:\20_AUDIO\06_textgrid_merged\2021\SDRW2100003249\SDRW2100003249.1.1.125.TextGrid,0.100,원본짧음,ok,3.236000,13,5,4.017,1.545,source_pcm_too_short,exclude_source_audio_unusable
2021,SDRW2100003249,SDRW2100003249.1.1.126,morph_source_missing,D:\20_AUDIO\06_textgrid_merged\2021\SDRW2100003249\SDRW2100003249.1.1.126.TextGrid,0.100,원본짧음,ok,3.652000,15,6,4.107,1.643,source_pcm_too_short,exclude_source_audio_unusable
2021,SDRW2100003249,SDRW2100003249.1.1.127,morph_source_missing,D:\20_AUDIO\06_textgrid_merged\2021\SDRW2100003249\SDRW2100003249.1.1.127.TextGrid,0.100,원본짧음,ok,4.307000,24,7,5.572,1.625,source_pcm_too_short,exclude_source_audio_unusable
2021,SDRW2100003249,SDRW2100003249.1.1.128,morph_source_missing,D:\20_AUDIO\06_textgrid_merged\2021\SDRW2100003249\SDRW2100003249.1.1.128.TextGrid,0.100,원본짧음,ok,2.548000,18,8,7.064,3.140,source_pcm_too_short,exclude_source_audio_unusable
2021,SDRW2100003249,SDRW2100003249.1.1.129,morph_source_missing,D:\20_AUDIO\06_textgrid_merged\2021\SDRW2100003249\SDRW2100003249.1.1.129.TextGrid,0.100,원본짧음,ok,4.596000,23,12,5.004,2.611,source_pcm_too_short,exclude_source_audio_unusable
2021,SDRW2100003249,SDRW2100003249.1.1.13,morph_source_missing,D:\20_AUDIO\06_textgrid_merged\2021\SDRW2100003249\SDRW2100003249.1.1.13.TextGrid,0.100,원본짧음,ok,3.811000,13,4,3.411,1.050,source_pcm_too_short,exclude_source_audio_unusable
2021,SDRW2100003249,SDRW2100003249.1.1.130,morph_source_missing,D:\20_AUDIO\06_textgrid_merged\2021\SDRW2100003249\SDRW2100003249.1.1.130.TextGrid,0.100,원본짧음,ok,2.340000,16,8,6.838,3.419,source_pcm_too_short,exclude_source_audio_unusable
2021,SDRW2100003249,SDRW2100003249.1.1.131,morph_source_missing,D:\20_AUDIO\06_textgrid_merged\2021\SDRW2100003249\SDRW2100003249.1.1.131.TextGrid,0.100,원본짧음,ok,4.883000,28,12,5.734,2.458,source_pcm_too_short,exclude_source_audio_unusable
2021,SDRW2100003249,SDRW2100003249.1.1.132,morph_source_missing,D:\20_AUDIO\06_textgrid_merged\2021\SDRW2100003249\SDRW2100003249.1.1.132.TextGrid,0.100,원본짧음,ok,4.324000,23,10,5.319,2.313,source_pcm_too_short,exclude_source_audio_unusable
2021,SDRW2100003249,SDRW2100003249.1.1.133,morph_source_missing,D:\20_AUDIO\06_textgrid_merged\2021\SDRW2100003249\SDRW2100003249.1.1.133.TextGrid,0.100,원본짧음,ok,3.395000,23,8,6.775,2.356,source_pcm_too_short,exclude_source_audio_unusable
2021,SDRW2100003249,SDRW2100003249.1.1.134,morph_source_missing,D:\20_AUDIO\06_textgrid_merged\2021\SDRW2100003249\SDRW2100003249.1.1.134.TextGrid,0.100,원본짧음,ok,2.852000,14,6,4.909,2.104,source_pcm_too_short,exclude_source_audio_unusable
2021,SDRW2100003249,SDRW2100003249.1.1.135,morph_source_missing,D:\20_AUDIO\06_textgrid_merged\2021\SDRW2100003249\SDRW2100003249.1.1.135.TextGrid,0.100,원본짧음,ok,3.541000,13,5,3.671,1.412,source_pcm_too_short,exclude_source_audio_unusable
2021,SDRW2100003249,SDRW2100003249.1.1.136,morph_source_missing,D:\20_AUDIO\06_textgrid_merged\2021\SDRW2100003249\SDRW2100003249.1.1.136.TextGrid,0.100,원본짧음,ok,5.094000,16,7,3.141,1.374,source_pcm_too_short,exclude_source_audio_unusable
2021,SDRW2100003249,SDRW2100003249.1.1.137,morph_source_missing,D:\20_AUDIO\06_textgrid_merged\2021\SDRW2100003249\SDRW2100003249.1.1.137.TextGrid,0.100,원본짧음,ok,2.013000,8,4,3.974,1.987,source_pcm_too_short,exclude_source_audio_unusable
2021,SDRW2100003249,SDRW2100003249.1.1.138,morph_source_missing,D:\20_AUDIO\06_textgrid_merged\2021\SDRW2100003249\SDRW2100003249.1.1.138.TextGrid,0.100,원본짧음,ok,4.362000,19,6,4.356,1.376,source_pcm_too_short,exclude_source_audio_unusable
2021,SDRW2100003249,SDRW2100003249.1.1.139,morph_source_missing,D:\20_AUDIO\06_textgrid_merged\2021\SDRW2100003249\SDRW2100003249.1.1.139.TextGrid,0.100,원본짧음,ok,4.420000,14,4,3.167,0.905,source_pcm_too_short,exclude_source_audio_unusable
2021,SDRW2100003249,SDRW2100003249.1.1.14,morph_source_missing,D:\20_AUDIO\06_textgrid_merged\2021\SDRW2100003249\SDRW2100003249.1.1.14.TextGrid,0.100,원본짧음,ok,3.315000,17,8,5.128,2.413,source_pcm_too_short,exclude_source_audio_unusable
2021,SDRW2100003249,SDRW2100003249.1.1.140,morph_source_missing,D:\20_AUDIO\06_textgrid_merged\2021\SDRW2100003249\SDRW2100003249.1.1.140.TextGrid,0.100,원본짧음,ok,4.292000,18,7,4.194,1.631,source_pcm_too_short,exclude_source_audio_unusable
2021,SDRW2100003249,SDRW2100003249.1.1.141,morph_source_missing,D:\20_AUDIO\06_textgrid_merged\2021\SDRW2100003249\SDRW2100003249.1.1.141.TextGrid,0.100,원본짧음,ok,4.771000,18,9,3.773,1.886,source_pcm_too_short,exclude_source_audio_unusable
2021,SDRW2100003249,SDRW2100003249.1.1.142,morph_source_missing,D:\20_AUDIO\06_textgrid_merged\2021\SDRW2100003249\SDRW2100003249.1.1.142.TextGrid,0.100,원본짧음,ok,4.146000,19,8,4.583,1.930,source_pcm_too_short,exclude_source_audio_unusable
2021,SDRW2100003249,SDRW2100003249.1.1.143,morph_source_missing,D:\20_AUDIO\06_textgrid_merged\2021\SDRW2100003249\SDRW2100003249.1.1.143.TextGrid,0.100,원본짧음,ok,3.989000,19,7,4.763,1.755,source_pcm_too_short,exclude_source_audio_unusable
2021,SDRW2100003249,SDRW2100003249.1.1.144,morph_source_missing,D:\20_AUDIO\06_textgrid_merged\2021\SDRW2100003249\SDRW2100003249.1.1.144.TextGrid,0.100,원본짧음,ok,4.859000,12,6,2.470,1.235,source_pcm_too_short,exclude_source_audio_unusable
2021,SDRW2100003249,SDRW2100003249.1.1.145,morph_source_missing,D:\20_AUDIO\06_textgrid_merged\2021\SDRW2100003249\SDRW2100003249.1.1.145.TextGrid,0.100,원본짧음,ok,1.293000,3,1,2.320,0.773,source_pcm_too_short,exclude_source_audio_unusable
2021,SDRW2100003249,SDRW2100003249.1.1.146,morph_source_missing,D:\20_AUDIO\06_textgrid_merged\2021\SDRW2100003249\SDRW2100003249.1.1.146.TextGrid,0.100,원본짧음,ok,2.748000,11,4,4.003,1.456,source_pcm_too_short,exclude_source_audio_unusable
2021,SDRW2100003249,SDRW2100003249.1.1.147,morph_source_missing,D:\20_AUDIO\06_textgrid_merged\2021\SDRW2100003249\SDRW2100003249.1.1.147.TextGrid,0.100,원본짧음,ok,2.494000,10,2,4.010,0.802,source_pcm_too_short,exclude_source_audio_unusable
2021,SDRW2100003249,SDRW2100003249.1.1.148,morph_source_missing,D:\20_AUDIO\06_textgrid_merged\2021\SDRW2100003249\SDRW2100003249.1.1.148.TextGrid,0.100,원본짧음,ok,4.710000,26,12,5.520,2.548,source_pcm_too_short,exclude_source_audio_unusable
2021,SDRW2100003249,SDRW2100003249.1.1.149,morph_source_missing,D:\20_AUDIO\06_textgrid_merged\2021\SDRW2100003249\SDRW2100003249.1.1.149.TextGrid,0.100,원본짧음,ok,4.288000,20,12,4.664,2.799,source_pcm_too_short,exclude_source_audio_unusable
2021,SDRW2100003249,SDRW2100003249.1.1.15,morph_source_missing,D:\20_AUDIO\06_textgrid_merged\2021\SDRW2100003249\SDRW2100003249.1.1.15.TextGrid,0.100,원본짧음,ok,2.926000,5,4,1.709,1.367,source_pcm_too_short,exclude_source_audio_unusable
2021,SDRW2100003249,SDRW2100003249.1.1.150,morph_source_missing,D:\20_AUDIO\06_textgrid_merged\2021\SDRW2100003249\SDRW2100003249.1.1.150.TextGrid,0.100,원본짧음,ok,3.752000,16,8,4.264,2.132,source_pcm_too_short,exclude_source_audio_unusable
2021,SDRW2100003249,SDRW2100003249.1.1.151,morph_source_missing,D:\20_AUDIO\06_textgrid_merged\2021\SDRW2100003249\SDRW2100003249.1.1.151.TextGrid,0.100,원본짧음,ok,2.836000,8,4,2.821,1.410,source_pcm_too_short,exclude_source_audio_unusable
2021,SDRW2100003249,SDRW2100003249.1.1.152,morph_source_missing,D:\20_AUDIO\06_textgrid_merged\2021\SDRW2100003249\SDRW2100003249.1.1.152.TextGrid,0.100,원본짧음,ok,4.445000,19,7,4.274,1.575,source_pcm_too_short,exclude_source_audio_unusable
2021,SDRW2100003249,SDRW2100003249.1.1.153,morph_source_missing,D:\20_AUDIO\06_textgrid_merged\2021\SDRW2100003249\SDRW2100003249.1.1.153.TextGrid,0.100,원본짧음,ok,1.962000,10,3,5.097,1.529,source_pcm_too_short,exclude_source_audio_unusable
2021,SDRW2100003249,SDRW2100003249.1.1.154,morph_source_missing,D:\20_AUDIO\06_textgrid_merged\2021\SDRW2100003249\SDRW2100003249.1.1.154.TextGrid,0.100,원본짧음,ok,2.851000,20,8,7.015,2.806,source_pcm_too_short,exclude_source_audio_unusable
2021,SDRW2100003249,SDRW2100003249.1.1.155,morph_source_missing,D:\20_AUDIO\06_textgrid_merged\2021\SDRW2100003249\SDRW2100003249.1.1.155.TextGrid,0.100,원본짧음,ok,2.468000,17,6,6.888,2.431,source_pcm_too_short,exclude_source_audio_unusable
2021,SDRW2100003249,SDRW2100003249.1.1.156,morph_source_missing,D:\20_AUDIO\06_textgrid_merged\2021\SDRW2100003249\SDRW2100003249.1.1.156.TextGrid,0.100,원본짧음,ok,3.636000,23,7,6.326,1.925,source_pcm_too_short,exclude_source_audio_unusable
2021,SDRW2100003249,SDRW2100003249.1.1.157,morph_source_missing,D:\20_AUDIO\06_textgrid_merged\2021\SDRW2100003249\SDRW2100003249.1.1.157.TextGrid,0.100,원본짧음,ok,3.701000,22,11,5.944,2.972,source_pcm_too_short,exclude_source_audio_unusable
2021,SDRW2100003249,SDRW2100003249.1.1.158,morph_source_missing,D:\20_AUDIO\06_textgrid_merged\2021\SDRW2100003249\SDRW2100003249.1.1.158.TextGrid,0.100,원본짧음,ok,3.123000,8,4,2.562,1.281,source_pcm_too_short,exclude_source_audio_unusable
2021,SDRW2100003249,SDRW2100003249.1.1.159,morph_source_missing,D:\20_AUDIO\06_textgrid_merged\2021\SDRW2100003249\SDRW2100003249.1.1.159.TextGrid,0.100,원본짧음,ok,4.148000,27,12,6.509,2.893,source_pcm_too_short,exclude_source_audio_unusable
2021,SDRW2100003249,SDRW2100003249.1.1.16,morph_source_missing,D:\20_AUDIO\06_textgrid_merged\2021\SDRW2100003249\SDRW2100003249.1.1.16.TextGrid,0.100,원본짧음,ok,2.713000,17,8,6.266,2.949,source_pcm_too_short,exclude_source_audio_unusable
2021,SDRW2100003249,SDRW2100003249.1.1.160,morph_source_missing,D:\20_AUDIO\06_textgrid_merged\2021\SDRW2100003249\SDRW2100003249.1.1.160.TextGrid,0.100,원본짧음,ok,5.090000,11,6,2.161,1.179,source_pcm_too_short,exclude_source_audio_unusable
2021,SDRW2100003249,SDRW2100003249.1.1.161,morph_source_missing,D:\20_AUDIO\06_textgrid_merged\2021\SDRW2100003249\SDRW2100003249.1.1.161.TextGrid,0.100,원본짧음,ok,1.900000,4,2,2.105,1.053,source_pcm_too_short,exclude_source_audio_unusable
2021,SDRW2100003249,SDRW2100003249.1.1.162,morph_source_missing,D:\20_AUDIO\06_textgrid_merged\2021\SDRW2100003249\SDRW2100003249.1.1.162.TextGrid,0.100,원본짧음,ok,1.620000,6,3,3.704,1.852,source_pcm_too_short,exclude_source_audio_unusable
2021,SDRW2100003249,SDRW2100003249.1.1.163,morph_source_missing,D:\20_AUDIO\06_textgrid_merged\2021\SDRW2100003249\SDRW2100003249.1.1.163.TextGrid,0.100,원본짧음,ok,2.529000,12,5,4.745,1.977,source_pcm_too_short,exclude_source_audio_unusable
2021,SDRW2100003249,SDRW2100003249.1.1.164,morph_source_missing,D:\20_AUDIO\06_textgrid_merged\2021\SDRW2100003249\SDRW2100003249.1.1.164.TextGrid,0.100,원본짧음,ok,3.181000,19,7,5.973,2.201,source_pcm_too_short,exclude_source_audio_unusable
2021,SDRW2100003249,SDRW2100003249.1.1.165,morph_source_missing,D:\20_AUDIO\06_textgrid_merged\2021\SDRW2100003249\SDRW2100003249.1.1.165.TextGrid,0.100,원본짧음,ok,1.752000,11,4,6.279,2.283,source_pcm_too_short,exclude_source_audio_unusable
2021,SDRW2100003249,SDRW2100003249.1.1.166,morph_source_missing,D:\20_AUDIO\06_textgrid_merged\2021\SDRW2100003249\SDRW2100003249.1.1.166.TextGrid,0.100,원본짧음,ok,4.900000,29,12,5.918,2.449,source_pcm_too_short,exclude_source_audio_unusable
2021,SDRW2100003249,SDRW2100003249.1.1.167,morph_source_missing,D:\20_AUDIO\06_textgrid_merged\2021\SDRW2100003249\SDRW2100003249.1.1.167.TextGrid,0.100,원본짧음,ok,2.781000,9,4,3.236,1.438,source_pcm_too_short,exclude_source_audio_unusable
2021,SDRW2100003249,SDRW2100003249.1.1.168,morph_source_missing,D:\20_AUDIO\06_textgrid_merged\2021\SDRW2100003249\SDRW2100003249.1.1.168.TextGrid,0.100,원본짧음,ok,3.039000,17,6,5.594,1.974,source_pcm_too_short,exclude_source_audio_unusable
2021,SDRW2100003249,SDRW2100003249.1.1.169,morph_source_missing,D:\20_AUDIO\06_textgrid_merged\2021\SDRW2100003249\SDRW2100003249.1.1.169.TextGrid,0.100,원본짧음,ok,4.154000,30,13,7.222,3.130,source_pcm_too_short,exclude_source_audio_unusable
2021,SDRW2100003249,SDRW2100003249.1.1.17,morph_source_missing,D:\20_AUDIO\06_textgrid_merged\2021\SDRW2100003249\SDRW2100003249.1.1.17.TextGrid,0.100,원본짧음,ok,3.267000,15,6,4.591,1.837,source_pcm_too_short,exclude_source_audio_unusable
2021,SDRW2100003249,SDRW2100003249.1.1.170,morph_source_missing,D:\20_AUDIO\06_textgrid_merged\2021\SDRW2100003249\SDRW2100003249.1.1.170.TextGrid,0.100,원본짧음,ok,2.061000,11,4,5.337,1.941,source_pcm_too_short,exclude_source_audio_unusable
2021,SDRW2100003249,SDRW2100003249.1.1.171,morph_source_missing,D:\20_AUDIO\06_textgrid_merged\2021\SDRW2100003249\SDRW2100003249.1.1.171.TextGrid,0.100,원본짧음,ok,3.396000,17,7,5.006,2.061,source_pcm_too_short,exclude_source_audio_unusable
2021,SDRW2100003249,SDRW2100003249.1.1.172,morph_source_missing,D:\20_AUDIO\06_textgrid_merged\2021\SDRW2100003249\SDRW2100003249.1.1.172.TextGrid,0.000,원본짧음,ok,2.752000,18,6,6.541,2.180,source_pcm_too_short,exclude_source_audio_unusable
2021,SDRW2100003249,SDRW2100003249.1.1.173,morph_source_missing,D:\20_AUDIO\06_textgrid_merged\2021\SDRW2100003249\SDRW2100003249.1.1.173.TextGrid,0.000,원본짧음,ok,4.255000,11,4,2.585,0.940,source_pcm_too_short,exclude_source_audio_unusable
2021,SDRW2100003249,SDRW2100003249.1.1.174,morph_source_missing,D:\20_AUDIO\06_textgrid_merged\2021\SDRW2100003249\SDRW2100003249.1.1.174.TextGrid,0.100,원본짧음,ok,3.652000,17,5,4.655,1.369,source_pcm_too_short,exclude_source_audio_unusable
2021,SDRW2100003249,SDRW2100003249.1.1.175,morph_source_missing,D:\20_AUDIO\06_textgrid_merged\2021\SDRW2100003249\SDRW2100003249.1.1.175.TextGrid,0.100,원본짧음,ok,3.651000,19,7,5.204,1.917,source_pcm_too_short,exclude_source_audio_unusable
2021,SDRW2100003249,SDRW2100003249.1.1.176,morph_source_missing,D:\20_AUDIO\06_textgrid_merged\2021\SDRW2100003249\SDRW2100003249.1.1.176.TextGrid,0.100,원본짧음,ok,2.499000,15,4,6.002,1.601,source_pcm_too_short,exclude_source_audio_unusable
2021,SDRW2100003249,SDRW2100003249.1.1.177,morph_source_missing,D:\20_AUDIO\06_textgrid_merged\2021\SDRW2100003249\SDRW2100003249.1.1.177.TextGrid,0.100,원본짧음,ok,2.849000,16,6,5.616,2.106,source_pcm_too_short,exclude_source_audio_unusable
2021,SDRW2100003249,SDRW2100003249.1.1.178,morph_source_missing,D:\20_AUDIO\06_textgrid_merged\2021\SDRW2100003249\SDRW2100003249.1.1.178.TextGrid,0.100,원본짧음,ok,3.108000,12,6,3.861,1.931,source_pcm_too_short,exclude_source_audio_unusable
2021,SDRW2100003249,SDRW2100003249.1.1.179,morph_source_missing,D:\20_AUDIO\06_textgrid_merged\2021\SDRW2100003249\SDRW2100003249.1.1.179.TextGrid,0.100,원본짧음,ok,3.252000,17,5,5.228,1.538,source_pcm_too_short,exclude_source_audio_unusable
2021,SDRW2100003249,SDRW2100003249.1.1.18,morph_source_missing,D:\20_AUDIO\06_textgrid_merged\2021\SDRW2100003249\SDRW2100003249.1.1.18.TextGrid,0.100,원본짧음,ok,5.059000,27,11,5.337,2.174,source_pcm_too_short,exclude_source_audio_unusable
2021,SDRW2100003249,SDRW2100003249.1.1.180,morph_source_missing,D:\20_AUDIO\06_textgrid_merged\2021\SDRW2100003249\SDRW2100003249.1.1.180.TextGrid,0.100,원본짧음,ok,4.580000,12,5,2.620,1.092,source_pcm_too_short,exclude_source_audio_unusable
2021,SDRW2100003249,SDRW2100003249.1.1.181,morph_source_missing,D:\20_AUDIO\06_textgrid_merged\2021\SDRW2100003249\SDRW2100003249.1.1.181.TextGrid,0.100,원본짧음,ok,3.716000,17,7,4.575,1.884,source_pcm_too_short,exclude_source_audio_unusable
2021,SDRW2100003249,SDRW2100003249.1.1.182,morph_source_missing,D:\20_AUDIO\06_textgrid_merged\2021\SDRW2100003249\SDRW2100003249.1.1.182.TextGrid,0.100,원본짧음,ok,3.551000,12,5,3.379,1.408,source_pcm_too_short,exclude_source_audio_unusable
2021,SDRW2100003249,SDRW2100003249.1.1.183,morph_source_missing,D:\20_AUDIO\06_textgrid_merged\2021\SDRW2100003249\SDRW2100003249.1.1.183.TextGrid,0.100,원본짧음,ok,3.812000,22,10,5.771,2.623,source_pcm_too_short,exclude_source_audio_unusable
2021,SDRW2100003249,SDRW2100003249.1.1.184,morph_source_missing,D:\20_AUDIO\06_textgrid_merged\2021\SDRW2100003249\SDRW2100003249.1.1.184.TextGrid,0.100,원본짧음,ok,1.636000,9,4,5.501,2.445,source_pcm_too_short,exclude_source_audio_unusable
2021,SDRW2100003249,SDRW2100003249.1.1.185,morph_source_missing,D:\20_AUDIO\06_textgrid_merged\2021\SDRW2100003249\SDRW2100003249.1.1.185.TextGrid,0.100,원본짧음,ok,4.761000,12,6,2.520,1.260,source_pcm_too_short,exclude_source_audio_unusable
2021,SDRW2100003249,SDRW2100003249.1.1.186,morph_source_missing,D:\20_AUDIO\06_textgrid_merged\2021\SDRW2100003249\SDRW2100003249.1.1.186.TextGrid,0.100,원본짧음,ok,4.238000,15,7,3.539,1.652,source_pcm_too_short,exclude_source_audio_unusable
2021,SDRW2100003249,SDRW2100003249.1.1.187,morph_source_missing,D:\20_AUDIO\06_textgrid_merged\2021\SDRW2100003249\SDRW2100003249.1.1.187.TextGrid,0.100,원본짧음,ok,1.041000,4,1,3.842,0.961,source_pcm_too_short,exclude_source_audio_unusable
2021,SDRW2100003249,SDRW2100003249.1.1.188,morph_source_missing,D:\20_AUDIO\06_textgrid_merged\2021\SDRW2100003249\SDRW2100003249.1.1.188.TextGrid,0.100,원본짧음,ok,4.435000,18,8,4.059,1.804,source_pcm_too_short,exclude_source_audio_unusable
2021,SDRW2100003249,SDRW2100003249.1.1.189,morph_source_missing,D:\20_AUDIO\06_textgrid_merged\2021\SDRW2100003249\SDRW2100003249.1.1.189.TextGrid,0.100,원본짧음,ok,4.212000,19,6,4.511,1.425,source_pcm_too_short,exclude_source_audio_unusable
2021,SDRW2100003249,SDRW2100003249.1.1.19,morph_source_missing,D:\20_AUDIO\06_textgrid_merged\2021\SDRW2100003249\SDRW2100003249.1.1.19.TextGrid,0.000,원본짧음,ok,0.847000,1,1,1.181,1.181,source_pcm_too_short,exclude_source_audio_unusable
2021,SDRW2100003249,SDRW2100003249.1.1.190,morph_source_missing,D:\20_AUDIO\06_textgrid_merged\2021\SDRW2100003249\SDRW2100003249.1.1.190.TextGrid,0.100,원본짧음,ok,3.904000,18,7,4.611,1.793,source_pcm_too_short,exclude_source_audio_unusable
2021,SDRW2100003249,SDRW2100003249.1.1.191,morph_source_missing,D:\20_AUDIO\06_textgrid_merged\2021\SDRW2100003249\SDRW2100003249.1.1.191.TextGrid,0.100,원본짧음,ok,2.920000,11,6,3.767,2.055,source_pcm_too_short,exclude_source_audio_unusable
2021,SDRW2100003249,SDRW2100003249.1.1.192,morph_source_missing,D:\20_AUDIO\06_textgrid_merged\2021\SDRW2100003249\SDRW2100003249.1.1.192.TextGrid,0.100,원본짧음,ok,1.956000,3,2,1.534,1.022,source_pcm_too_short,exclude_source_audio_unusable
2021,SDRW2100003249,SDRW2100003249.1.1.193,morph_source_missing,D:\20_AUDIO\06_textgrid_merged\2021\SDRW2100003249\SDRW2100003249.1.1.193.TextGrid,0.100,원본짧음,ok,3.928000,22,11,5.601,2.800,source_pcm_too_short,exclude_source_audio_unusable
2021,SDRW2100003249,SDRW2100003249.1.1.194,morph_source_missing,D:\20_AUDIO\06_textgrid_merged\2021\SDRW2100003249\SDRW2100003249.1.1.194.TextGrid,0.100,원본짧음,ok,4.979000,30,12,6.025,2.410,source_pcm_too_short,exclude_source_audio_unusable
2021,SDRW2100003249,SDRW2100003249.1.1.195,morph_source_missing,D:\20_AUDIO\06_textgrid_merged\2021\SDRW2100003249\SDRW2100003249.1.1.195.TextGrid,0.100,원본짧음,ok,2.949000,14,7,4.747,2.374,source_pcm_too_short,exclude_source_audio_unusable
2021,SDRW2100003249,SDRW2100003249.1.1.196,morph_source_missing,D:\20_AUDIO\06_textgrid_merged\2021\SDRW2100003249\SDRW2100003249.1.1.196.TextGrid,0.100,원본짧음,ok,3.074000,16,6,5.205,1.952,source_pcm_too_short,exclude_source_audio_unusable
2021,SDRW2100003249,SDRW2100003249.1.1.197,morph_source_missing,D:\20_AUDIO\06_textgrid_merged\2021\SDRW2100003249\SDRW2100003249.1.1.197.TextGrid,0.100,원본짧음,ok,2.533000,17,9,6.711,3.553,source_pcm_too_short,exclude_source_audio_unusable
2021,SDRW2100003249,SDRW2100003249.1.1.198,morph_source_missing,D:\20_AUDIO\06_textgrid_merged\2021\SDRW2100003249\SDRW2100003249.1.1.198.TextGrid,0.100,원본짧음,ok,1.946000,11,7,5.653,3.597,source_pcm_too_short,exclude_source_audio_unusable
2021,SDRW2100003249,SDRW2100003249.1.1.199,morph_source_missing,D:\20_AUDIO\06_textgrid_merged\2021\SDRW2100003249\SDRW2100003249.1.1.199.TextGrid,0.100,원본짧음,ok,2.506000,16,5,6.385,1.995,source_pcm_too_short,exclude_source_audio_unusable
2021,SDRW2100003249,SDRW2100003249.1.1.2,morph_source_missing,D:\20_AUDIO\06_textgrid_merged\2021\SDRW2100003249\SDRW2100003249.1.1.2.TextGrid,0.100,원본짧음,ok,2.601000,4,2,1.538,0.769,source_pcm_too_short,exclude_source_audio_unusable
2021,SDRW2100003249,SDRW2100003249.1.1.20,morph_source_missing,D:\20_AUDIO\06_textgrid_merged\2021\SDRW2100003249\SDRW2100003249.1.1.20.TextGrid,0.100,원본짧음,ok,2.804000,13,6,4.636,2.140,source_pcm_too_short,exclude_source_audio_unusable
2021,SDRW2100003249,SDRW2100003249.1.1.200,morph_source_missing,D:\20_AUDIO\06_textgrid_merged\2021\SDRW2100003249\SDRW2100003249.1.1.200.TextGrid,0.100,원본짧음,ok,2.828000,15,7,5.304,2.475,source_pcm_too_short,exclude_source_audio_unusable
2021,SDRW2100003249,SDRW2100003249.1.1.201,morph_source_missing,D:\20_AUDIO\06_textgrid_merged\2021\SDRW2100003249\SDRW2100003249.1.1.201.TextGrid,0.100,원본짧음,ok,3.363000,19,8,5.650,2.379,source_pcm_too_short,exclude_source_audio_unusable
2021,SDRW2100003249,SDRW2100003249.1.1.202,morph_source_missing,D:\20_AUDIO\06_textgrid_merged\2021\SDRW2100003249\SDRW2100003249.1.1.202.TextGrid,0.100,원본짧음,ok,2.724000,12,6,4.405,2.203,source_pcm_too_short,exclude_source_audio_unusable
2021,SDRW2100003249,SDRW2100003249.1.1.203,morph_source_missing,D:\20_AUDIO\06_textgrid_merged\2021\SDRW2100003249\SDRW2100003249.1.1.203.TextGrid,0.100,원본짧음,ok,2.532000,9,4,3.555,1.580,source_pcm_too_short,exclude_source_audio_unusable
2021,SDRW2100003249,SDRW2100003249.1.1.204,morph_source_missing,D:\20_AUDIO\06_textgrid_merged\2021\SDRW2100003249\SDRW2100003249.1.1.204.TextGrid,0.100,원본짧음,ok,4.183000,13,8,3.108,1.913,source_pcm_too_short,exclude_source_audio_unusable
2021,SDRW2100003249,SDRW2100003249.1.1.205,morph_source_missing,D:\20_AUDIO\06_textgrid_merged\2021\SDRW2100003249\SDRW2100003249.1.1.205.TextGrid,0.100,원본짧음,ok,3.761000,19,6,5.052,1.595,source_pcm_too_short,exclude_source_audio_unusable
2021,SDRW2100003249,SDRW2100003249.1.1.206,morph_source_missing,D:\20_AUDIO\06_textgrid_merged\2021\SDRW2100003249\SDRW2100003249.1.1.206.TextGrid,0.100,원본짧음,ok,1.748000,8,2,4.577,1.144,source_pcm_too_short,exclude_source_audio_unusable
2021,SDRW2100003249,SDRW2100003249.1.1.207,morph_source_missing,D:\20_AUDIO\06_textgrid_merged\2021\SDRW2100003249\SDRW2100003249.1.1.207.TextGrid,0.100,원본짧음,ok,3.172000,11,5,3.468,1.576,source_pcm_too_short,exclude_source_audio_unusable
2021,SDRW2100003249,SDRW2100003249.1.1.208,morph_source_missing,D:\20_AUDIO\06_textgrid_merged\2021\SDRW2100003249\SDRW2100003249.1.1.208.TextGrid,0.100,원본짧음,ok,1.300000,5,2,3.846,1.538,source_pcm_too_short,exclude_source_audio_unusable
2021,SDRW2100003249,SDRW2100003249.1.1.209,morph_source_missing,D:\20_AUDIO\06_textgrid_merged\2021\SDRW2100003249\SDRW2100003249.1.1.209.TextGrid,0.100,원본짧음,ok,1.866000,5,2,2.680,1.072,source_pcm_too_short,exclude_source_audio_unusable
2021,SDRW2100003249,SDRW2100003249.1.1.21,morph_source_missing,D:\20_AUDIO\06_textgrid_merged\2021\SDRW2100003249\SDRW2100003249.1.1.21.TextGrid,0.100,원본짧음,ok,2.211000,12,6,5.427,2.714,source_pcm_too_short,exclude_source_audio_unusable
2021,SDRW2100003249,SDRW2100003249.1.1.210,morph_source_missing,D:\20_AUDIO\06_textgrid_merged\2021\SDRW2100003249\SDRW2100003249.1.1.210.TextGrid,0.100,원본짧음,ok,4.834000,23,8,4.758,1.655,source_pcm_too_short,exclude_source_audio_unusable
2021,SDRW2100003249,SDRW2100003249.1.1.211,morph_source_missing,D:\20_AUDIO\06_textgrid_merged\2021\SDRW2100003249\SDRW2100003249.1.1.211.TextGrid,0.100,원본짧음,ok,4.963000,18,8,3.627,1.612,source_pcm_too_short,exclude_source_audio_unusable
2021,SDRW2100003249,SDRW2100003249.1.1.212,morph_source_missing,D:\20_AUDIO\06_textgrid_merged\2021\SDRW2100003249\SDRW2100003249.1.1.212.TextGrid,0.100,원본짧음,ok,5.016000,22,10,4.386,1.994,source_pcm_too_short,exclude_source_audio_unusable
2021,SDRW2100003249,SDRW2100003249.1.1.213,morph_source_missing,D:\20_AUDIO\06_textgrid_merged\2021\SDRW2100003249\SDRW2100003249.1.1.213.TextGrid,0.100,원본짧음,ok,3.360000,9,5,2.679,1.488,source_pcm_too_short,exclude_source_audio_unusable
2021,SDRW2100003249,SDRW2100003249.1.1.214,morph_source_missing,D:\20_AUDIO\06_textgrid_merged\2021\SDRW2100003249\SDRW2100003249.1.1.214.TextGrid,0.000,원본짧음,ok,3.728000,8,6,2.146,1.609,source_pcm_too_short,exclude_source_audio_unusable
2021,SDRW2100003249,SDRW2100003249.1.1.215,morph_source_missing,D:\20_AUDIO\06_textgrid_merged\2021\SDRW2100003249\SDRW2100003249.1.1.215.TextGrid,0.000,원본짧음,ok,2.463000,13,7,5.278,2.842,source_pcm_too_short,exclude_source_audio_unusable
2021,SDRW2100003249,SDRW2100003249.1.1.216,morph_source_missing,D:\20_AUDIO\06_textgrid_merged\2021\SDRW2100003249\SDRW2100003249.1.1.216.TextGrid,0.100,원본짧음,ok,3.220000,14,5,4.348,1.553,source_pcm_too_short,exclude_source_audio_unusable
2021,SDRW2100003249,SDRW2100003249.1.1.217,morph_source_missing,D:\20_AUDIO\06_textgrid_merged\2021\SDRW2100003249\SDRW2100003249.1.1.217.TextGrid,0.100,원본짧음,ok,2.288000,11,5,4.808,2.185,source_pcm_too_short,exclude_source_audio_unusable
2021,SDRW2100003249,SDRW2100003249.1.1.218,morph_source_missing,D:\20_AUDIO\06_textgrid_merged\2021\SDRW2100003249\SDRW2100003249.1.1.218.TextGrid,0.100,원본짧음,ok,4.088000,28,9,6.849,2.202,source_pcm_too_short,exclude_source_audio_unusable
2021,SDRW2100003249,SDRW2100003249.1.1.219,morph_source_missing,D:\20_AUDIO\06_textgrid_merged\2021\SDRW2100003249\SDRW2100003249.1.1.219.TextGrid,0.100,원본짧음,ok,4.452000,20,8,4.492,1.797,source_pcm_too_short,exclude_source_audio_unusable
2021,SDRW2100003249,SDRW2100003249.1.1.22,morph_source_missing,D:\20_AUDIO\06_textgrid_merged\2021\SDRW2100003249\SDRW2100003249.1.1.22.TextGrid,0.100,원본짧음,ok,1.363000,1,1,0.734,0.734,source_pcm_too_short,exclude_source_audio_unusable
2021,SDRW2100003249,SDRW2100003249.1.1.220,morph_source_missing,D:\20_AUDIO\06_textgrid_merged\2021\SDRW2100003249\SDRW2100003249.1.1.220.TextGrid,0.100,원본짧음,ok,4.772000,23,7,4.820,1.467,source_pcm_too_short,exclude_source_audio_unusable
2021,SDRW2100003249,SDRW2100003249.1.1.221,morph_source_missing,D:\20_AUDIO\06_textgrid_merged\2021\SDRW2100003249\SDRW2100003249.1.1.221.TextGrid,0.100,원본짧음,ok,2.948000,13,6,4.410,2.035,source_pcm_too_short,exclude_source_audio_unusable
2021,SDRW2100003249,SDRW2100003249.1.1.222,morph_source_missing,D:\20_AUDIO\06_textgrid_merged\2021\SDRW2100003249\SDRW2100003249.1.1.222.TextGrid,0.100,원본짧음,ok,4.612000,22,11,4.770,2.385,source_pcm_too_short,exclude_source_audio_unusable
2021,SDRW2100003249,SDRW2100003249.1.1.223,morph_source_missing,D:\20_AUDIO\06_textgrid_merged\2021\SDRW2100003249\SDRW2100003249.1.1.223.TextGrid,0.100,원본짧음,ok,4.038000,29,9,7.182,2.229,source_pcm_too_short,exclude_source_audio_unusable
2021,SDRW2100003249,SDRW2100003249.1.1.224,morph_source_missing,D:\20_AUDIO\06_textgrid_merged\2021\SDRW2100003249\SDRW2100003249.1.1.224.TextGrid,0.100,원본짧음,ok,2.932000,15,4,5.116,1.364,source_pcm_too_short,exclude_source_audio_unusable
2021,SDRW2100003249,SDRW2100003249.1.1.225,morph_source_missing,D:\20_AUDIO\06_textgrid_merged\2021\SDRW2100003249\SDRW2100003249.1.1.225.TextGrid,0.100,원본짧음,ok,3.172000,16,6,5.044,1.892,source_pcm_too_short,exclude_source_audio_unusable
2021,SDRW2100003249,SDRW2100003249.1.1.226,morph_source_missing,D:\20_AUDIO\06_textgrid_merged\2021\SDRW2100003249\SDRW2100003249.1.1.226.TextGrid,0.100,원본짧음,ok,1.652000,8,4,4.843,2.421,source_pcm_too_short,exclude_source_audio_unusable
2021,SDRW2100003249,SDRW2100003249.1.1.227,morph_source_missing,D:\20_AUDIO\06_textgrid_merged\2021\SDRW2100003249\SDRW2100003249.1.1.227.TextGrid,0.100,원본짧음,ok,2.947000,16,6,5.429,2.036,source_pcm_too_short,exclude_source_audio_unusable
2021,SDRW2100003249,SDRW2100003249.1.1.228,morph_source_missing,D:\20_AUDIO\06_textgrid_merged\2021\SDRW2100003249\SDRW2100003249.1.1.228.TextGrid,0.100,원본짧음,ok,4.052000,20,8,4.936,1.974,source_pcm_too_short,exclude_source_audio_unusable
2021,SDRW2100003249,SDRW2100003249.1.1.229,morph_source_missing,D:\20_AUDIO\06_textgrid_merged\2021\SDRW2100003249\SDRW2100003249.1.1.229.TextGrid,0.100,원본짧음,ok,3.601000,12,5,3.332,1.389,source_pcm_too_short,exclude_source_audio_unusable
2021,SDRW2100003249,SDRW2100003249.1.1.23,morph_source_missing,D:\20_AUDIO\06_textgrid_merged\2021\SDRW2100003249\SDRW2100003249.1.1.23.TextGrid,0.100,원본짧음,ok,2.148000,5,2,2.328,0.931,source_pcm_too_short,exclude_source_audio_unusable
2021,SDRW2100003249,SDRW2100003249.1.1.230,morph_source_missing,D:\20_AUDIO\06_textgrid_merged\2021\SDRW2100003249\SDRW2100003249.1.1.230.TextGrid,0.100,원본짧음,ok,3.430000,13,7,3.790,2.041,source_pcm_too_short,exclude_source_audio_unusable
2021,SDRW2100003249,SDRW2100003249.1.1.231,morph_source_missing,D:\20_AUDIO\06_textgrid_merged\2021\SDRW2100003249\SDRW2100003249.1.1.231.TextGrid,0.100,원본짧음,ok,4.628000,21,9,4.538,1.945,source_pcm_too_short,exclude_source_audio_unusable
2021,SDRW2100003249,SDRW2100003249.1.1.232,morph_source_missing,D:\20_AUDIO\06_textgrid_merged\2021\SDRW2100003249\SDRW2100003249.1.1.232.TextGrid,0.100,원본짧음,ok,2.004000,3,2,1.497,0.998,source_pcm_too_short,exclude_source_audio_unusable
2021,SDRW2100003249,SDRW2100003249.1.1.233,morph_source_missing,D:\20_AUDIO\06_textgrid_merged\2021\SDRW2100003249\SDRW2100003249.1.1.233.TextGrid,0.100,원본짧음,ok,4.324000,23,10,5.319,2.313,source_pcm_too_short,exclude_source_audio_unusable
2021,SDRW2100003249,SDRW2100003249.1.1.234,morph_source_missing,D:\20_AUDIO\06_textgrid_merged\2021\SDRW2100003249\SDRW2100003249.1.1.234.TextGrid,0.100,원본짧음,ok,4.436000,17,7,3.832,1.578,source_pcm_too_short,exclude_source_audio_unusable
2021,SDRW2100003249,SDRW2100003249.1.1.235,morph_source_missing,D:\20_AUDIO\06_textgrid_merged\2021\SDRW2100003249\SDRW2100003249.1.1.235.TextGrid,0.100,원본짧음,ok,3.998000,15,6,3.752,1.501,source_pcm_too_short,exclude_source_audio_unusable
2021,SDRW2100003249,SDRW2100003249.1.1.236,morph_source_missing,D:\20_AUDIO\06_textgrid_merged\2021\SDRW2100003249\SDRW2100003249.1.1.236.TextGrid,0.100,원본짧음,ok,2.180000,9,4,4.128,1.835,source_pcm_too_short,exclude_source_audio_unusable
2021,SDRW2100003249,SDRW2100003249.1.1.237,morph_source_missing,D:\20_AUDIO\06_textgrid_merged\2021\SDRW2100003249\SDRW2100003249.1.1.237.TextGrid,0.100,원본짧음,ok,3.948000,15,6,3.799,1.520,source_pcm_too_short,exclude_source_audio_unusable
2021,SDRW2100003249,SDRW2100003249.1.1.238,morph_source_missing,D:\20_AUDIO\06_textgrid_merged\2021\SDRW2100003249\SDRW2100003249.1.1.238.TextGrid,0.100,원본짧음,ok,3.107000,13,6,4.184,1.931,source_pcm_too_short,exclude_source_audio_unusable
2021,SDRW2100003249,SDRW2100003249.1.1.239,morph_source_missing,D:\20_AUDIO\06_textgrid_merged\2021\SDRW2100003249\SDRW2100003249.1.1.239.TextGrid,0.100,원본짧음,ok,2.252000,9,4,3.996,1.776,source_pcm_too_short,exclude_source_audio_unusable
2021,SDRW2100003249,SDRW2100003249.1.1.24,morph_source_missing,D:\20_AUDIO\06_textgrid_merged\2021\SDRW2100003249\SDRW2100003249.1.1.24.TextGrid,0.100,원본짧음,ok,3.859000,18,6,4.664,1.555,source_pcm_too_short,exclude_source_audio_unusable
2021,SDRW2100003249,SDRW2100003249.1.1.240,morph_source_missing,D:\20_AUDIO\06_textgrid_merged\2021\SDRW2100003249\SDRW2100003249.1.1.240.TextGrid,0.100,원본짧음,ok,3.948000,25,11,6.332,2.786,source_pcm_too_short,exclude_source_audio_unusable
2021,SDRW2100003249,SDRW2100003249.1.1.241,morph_source_missing,D:\20_AUDIO\06_textgrid_merged\2021\SDRW2100003249\SDRW2100003249.1.1.241.TextGrid,0.100,원본짧음,ok,3.588000,13,6,3.623,1.672,source_pcm_too_short,exclude_source_audio_unusable
2021,SDRW2100003249,SDRW2100003249.1.1.242,morph_source_missing,D:\20_AUDIO\06_textgrid_merged\2021\SDRW2100003249\SDRW2100003249.1.1.242.TextGrid,0.100,원본짧음,ok,4.467000,15,7,3.358,1.567,source_pcm_too_short,exclude_source_audio_unusable
2021,SDRW2100003249,SDRW2100003249.1.1.243,morph_source_missing,D:\20_AUDIO\06_textgrid_merged\2021\SDRW2100003249\SDRW2100003249.1.1.243.TextGrid,0.100,원본짧음,ok,2.420000,13,6,5.372,2.479,source_pcm_too_short,exclude_source_audio_unusable
2021,SDRW2100003249,SDRW2100003249.1.1.244,morph_source_missing,D:\20_AUDIO\06_textgrid_merged\2021\SDRW2100003249\SDRW2100003249.1.1.244.TextGrid,0.100,원본짧음,ok,4.324000,18,8,4.163,1.850,source_pcm_too_short,exclude_source_audio_unusable
2021,SDRW2100003249,SDRW2100003249.1.1.245,morph_source_missing,D:\20_AUDIO\06_textgrid_merged\2021\SDRW2100003249\SDRW2100003249.1.1.245.TextGrid,0.100,원본짧음,ok,2.691000,9,2,3.344,0.743,source_pcm_too_short,exclude_source_audio_unusable
2021,SDRW2100003249,SDRW2100003249.1.1.246,morph_source_missing,D:\20_AUDIO\06_textgrid_merged\2021\SDRW2100003249\SDRW2100003249.1.1.246.TextGrid,0.100,원본짧음,ok,4.933000,21,8,4.257,1.622,source_pcm_too_short,exclude_source_audio_unusable
2021,SDRW2100003249,SDRW2100003249.1.1.247,morph_source_missing,D:\20_AUDIO\06_textgrid_merged\2021\SDRW2100003249\SDRW2100003249.1.1.247.TextGrid,0.100,원본짧음,ok,4.100000,18,8,4.390,1.951,source_pcm_too_short,exclude_source_audio_unusable
2021,SDRW2100003249,SDRW2100003249.1.1.248,morph_source_missing,D:\20_AUDIO\06_textgrid_merged\2021\SDRW2100003249\SDRW2100003249.1.1.248.TextGrid,0.100,원본짧음,ok,4.548000,27,11,5.937,2.419,source_pcm_too_short,exclude_source_audio_unusable
2021,SDRW2100003249,SDRW2100003249.1.1.249,morph_source_missing,D:\20_AUDIO\06_textgrid_merged\2021\SDRW2100003249\SDRW2100003249.1.1.249.TextGrid,0.100,원본짧음,ok,3.284000,18,6,5.481,1.827,source_pcm_too_short,exclude_source_audio_unusable
2021,SDRW2100003249,SDRW2100003249.1.1.25,morph_source_missing,D:\20_AUDIO\06_textgrid_merged\2021\SDRW2100003249\SDRW2100003249.1.1.25.TextGrid,0.100,원본짧음,ok,3.732000,21,9,5.627,2.412,source_pcm_too_short,exclude_source_audio_unusable
2021,SDRW2100003249,SDRW2100003249.1.1.250,morph_source_missing,D:\20_AUDIO\06_textgrid_merged\2021\SDRW2100003249\SDRW2100003249.1.1.250.TextGrid,0.100,원본짧음,ok,3.124000,21,8,6.722,2.561,source_pcm_too_short,exclude_source_audio_unusable
2021,SDRW2100003249,SDRW2100003249.1.1.251,morph_source_missing,D:\20_AUDIO\06_textgrid_merged\2021\SDRW2100003249\SDRW2100003249.1.1.251.TextGrid,0.100,원본짧음,ok,5.044000,20,7,3.965,1.388,source_pcm_too_short,exclude_source_audio_unusable
2021,SDRW2100003249,SDRW2100003249.1.1.252,morph_source_missing,D:\20_AUDIO\06_textgrid_merged\2021\SDRW2100003249\SDRW2100003249.1.1.252.TextGrid,0.100,원본짧음,ok,4.916000,20,7,4.068,1.424,source_pcm_too_short,exclude_source_audio_unusable
2021,SDRW2100003249,SDRW2100003249.1.1.253,morph_source_missing,D:\20_AUDIO\06_textgrid_merged\2021\SDRW2100003249\SDRW2100003249.1.1.253.TextGrid,0.000,원본짧음,ok,4.559000,36,16,7.896,3.510,source_pcm_too_short,exclude_source_audio_unusable
2021,SDRW2100003249,SDRW2100003249.1.1.254,morph_source_missing,D:\20_AUDIO\06_textgrid_merged\2021\SDRW2100003249\SDRW2100003249.1.1.254.TextGrid,0.000,원본짧음,ok,4.847000,25,10,5.158,2.063,source_pcm_too_short,exclude_source_audio_unusable
2021,SDRW2100003249,SDRW2100003249.1.1.255,morph_source_missing,D:\20_AUDIO\06_textgrid_merged\2021\SDRW2100003249\SDRW2100003249.1.1.255.TextGrid,0.100,원본짧음,ok,2.289000,13,4,5.679,1.747,source_pcm_too_short,exclude_source_audio_unusable
2021,SDRW2100003249,SDRW2100003249.1.1.256,morph_source_missing,D:\20_AUDIO\06_textgrid_merged\2021\SDRW2100003249\SDRW2100003249.1.1.256.TextGrid,0.100,원본짧음,ok,2.421000,14,5,5.783,2.065,source_pcm_too_short,exclude_source_audio_unusable
2021,SDRW2100003249,SDRW2100003249.1.1.257,morph_source_missing,D:\20_AUDIO\06_textgrid_merged\2021\SDRW2100003249\SDRW2100003249.1.1.257.TextGrid,0.100,원본짧음,ok,4.891000,30,11,6.134,2.249,source_pcm_too_short,exclude_source_audio_unusable
2021,SDRW2100003249,SDRW2100003249.1.1.258,morph_source_missing,D:\20_AUDIO\06_textgrid_merged\2021\SDRW2100003249\SDRW2100003249.1.1.258.TextGrid,0.100,원본짧음,ok,2.069000,9,4,4.350,1.933,source_pcm_too_short,exclude_source_audio_unusable
2021,SDRW2100003249,SDRW2100003249.1.1.259,morph_source_missing,D:\20_AUDIO\06_textgrid_merged\2021\SDRW2100003249\SDRW2100003249.1.1.259.TextGrid,0.100,원본짧음,ok,4.993000,26,11,5.207,2.203,source_pcm_too_short,exclude_source_audio_unusable
2021,SDRW2100003249,SDRW2100003249.1.1.26,morph_source_missing,D:\20_AUDIO\06_textgrid_merged\2021\SDRW2100003249\SDRW2100003249.1.1.26.TextGrid,0.100,원본짧음,ok,2.932000,12,6,4.093,2.046,source_pcm_too_short,exclude_source_audio_unusable
2021,SDRW2100003249,SDRW2100003249.1.1.260,morph_source_missing,D:\20_AUDIO\06_textgrid_merged\2021\SDRW2100003249\SDRW2100003249.1.1.260.TextGrid,0.100,원본짧음,ok,4.614000,23,10,4.985,2.167,source_pcm_too_short,exclude_source_audio_unusable
2021,SDRW2100003249,SDRW2100003249.1.1.261,morph_source_missing,D:\20_AUDIO\06_textgrid_merged\2021\SDRW2100003249\SDRW2100003249.1.1.261.TextGrid,0.100,원본짧음,ok,2.787000,14,7,5.023,2.512,source_pcm_too_short,exclude_source_audio_unusable
2021,SDRW2100003249,SDRW2100003249.1.1.27,morph_source_missing,D:\20_AUDIO\06_textgrid_merged\2021\SDRW2100003249\SDRW2100003249.1.1.27.TextGrid,0.100,원본짧음,ok,4.790000,15,7,3.132,1.461,source_pcm_too_short,exclude_source_audio_unusable
2021,SDRW2100003249,SDRW2100003249.1.1.28,morph_source_missing,D:\20_AUDIO\06_textgrid_merged\2021\SDRW2100003249\SDRW2100003249.1.1.28.TextGrid,0.100,원본짧음,ok,1.428000,6,2,4.202,1.401,source_pcm_too_short,exclude_source_audio_unusable
2021,SDRW2100003249,SDRW2100003249.1.1.29,morph_source_missing,D:\20_AUDIO\06_textgrid_merged\2021\SDRW2100003249\SDRW2100003249.1.1.29.TextGrid,0.100,원본짧음,ok,1.331000,6,3,4.508,2.254,source_pcm_too_short,exclude_source_audio_unusable
2021,SDRW2100003249,SDRW2100003249.1.1.3,morph_source_missing,D:\20_AUDIO\06_textgrid_merged\2021\SDRW2100003249\SDRW2100003249.1.1.3.TextGrid,0.100,원본짧음,ok,4.894000,24,8,4.904,1.635,source_pcm_too_short,exclude_source_audio_unusable
2021,SDRW2100003249,SDRW2100003249.1.1.30,morph_source_missing,D:\20_AUDIO\06_textgrid_merged\2021\SDRW2100003249\SDRW2100003249.1.1.30.TextGrid,0.100,원본짧음,ok,4.676000,21,8,4.491,1.711,source_pcm_too_short,exclude_source_audio_unusable
2021,SDRW2100003249,SDRW2100003249.1.1.31,morph_source_missing,D:\20_AUDIO\06_textgrid_merged\2021\SDRW2100003249\SDRW2100003249.1.1.31.TextGrid,0.100,원본짧음,ok,1.619000,12,5,7.412,3.088,source_pcm_too_short,exclude_source_audio_unusable
2021,SDRW2100003249,SDRW2100003249.1.1.32,morph_source_missing,D:\20_AUDIO\06_textgrid_merged\2021\SDRW2100003249\SDRW2100003249.1.1.32.TextGrid,0.100,원본짧음,ok,4.291000,23,10,5.360,2.330,source_pcm_too_short,exclude_source_audio_unusable
2021,SDRW2100003249,SDRW2100003249.1.1.33,morph_source_missing,D:\20_AUDIO\06_textgrid_merged\2021\SDRW2100003249\SDRW2100003249.1.1.33.TextGrid,0.000,원본짧음,ok,2.051000,8,3,3.901,1.463,source_pcm_too_short,exclude_source_audio_unusable
2021,SDRW2100003249,SDRW2100003249.1.1.34,morph_source_missing,D:\20_AUDIO\06_textgrid_merged\2021\SDRW2100003249\SDRW2100003249.1.1.34.TextGrid,0.000,원본짧음,ok,0.719000,1,1,1.391,1.391,source_pcm_too_short,exclude_source_audio_unusable
2021,SDRW2100003249,SDRW2100003249.1.1.35,morph_source_missing,D:\20_AUDIO\06_textgrid_merged\2021\SDRW2100003249\SDRW2100003249.1.1.35.TextGrid,0.000,원본짧음,ok,3.804000,16,5,4.206,1.314,source_pcm_too_short,exclude_source_audio_unusable
2021,SDRW2100003249,SDRW2100003249.1.1.36,morph_source_missing,D:\20_AUDIO\06_textgrid_merged\2021\SDRW2100003249\SDRW2100003249.1.1.36.TextGrid,0.100,원본짧음,ok,5.043000,15,6,2.974,1.190,source_pcm_too_short,exclude_source_audio_unusable
2021,SDRW2100003249,SDRW2100003249.1.1.37,morph_source_missing,D:\20_AUDIO\06_textgrid_merged\2021\SDRW2100003249\SDRW2100003249.1.1.37.TextGrid,0.100,원본짧음,ok,5.012000,14,5,2.793,0.998,source_pcm_too_short,exclude_source_audio_unusable
2021,SDRW2100003249,SDRW2100003249.1.1.38,morph_source_missing,D:\20_AUDIO\06_textgrid_merged\2021\SDRW2100003249\SDRW2100003249.1.1.38.TextGrid,0.100,원본짧음,ok,2.292000,11,4,4.799,1.745,source_pcm_too_short,exclude_source_audio_unusable
2021,SDRW2100003249,SDRW2100003249.1.1.39,morph_source_missing,D:\20_AUDIO\06_textgrid_merged\2021\SDRW2100003249\SDRW2100003249.1.1.39.TextGrid,0.100,원본짧음,ok,4.260000,13,6,3.052,1.408,source_pcm_too_short,exclude_source_audio_unusable
2021,SDRW2100003249,SDRW2100003249.1.1.4,morph_source_missing,D:\20_AUDIO\06_textgrid_merged\2021\SDRW2100003249\SDRW2100003249.1.1.4.TextGrid,0.100,원본짧음,ok,3.076000,11,5,3.576,1.625,source_pcm_too_short,exclude_source_audio_unusable
2021,SDRW2100003249,SDRW2100003249.1.1.40,morph_source_missing,D:\20_AUDIO\06_textgrid_merged\2021\SDRW2100003249\SDRW2100003249.1.1.40.TextGrid,0.100,원본짧음,ok,2.692000,15,7,5.572,2.600,source_pcm_too_short,exclude_source_audio_unusable
2021,SDRW2100003249,SDRW2100003249.1.1.41,morph_source_missing,D:\20_AUDIO\06_textgrid_merged\2021\SDRW2100003249\SDRW2100003249.1.1.41.TextGrid,0.100,원본짧음,ok,4.451000,23,10,5.167,2.247,source_pcm_too_short,exclude_source_audio_unusable
2021,SDRW2100003249,SDRW2100003249.1.1.42,morph_source_missing,D:\20_AUDIO\06_textgrid_merged\2021\SDRW2100003249\SDRW2100003249.1.1.42.TextGrid,0.000,원본짧음,ok,0.431000,1,1,2.320,2.320,source_pcm_too_short,exclude_source_audio_unusable
2021,SDRW2100003249,SDRW2100003249.1.1.43,morph_source_missing,D:\20_AUDIO\06_textgrid_merged\2021\SDRW2100003249\SDRW2100003249.1.1.43.TextGrid,0.100,원본짧음,ok,2.916000,15,5,5.144,1.715,source_pcm_too_short,exclude_source_audio_unusable
2021,SDRW2100003249,SDRW2100003249.1.1.44,morph_source_missing,D:\20_AUDIO\06_textgrid_merged\2021\SDRW2100003249\SDRW2100003249.1.1.44.TextGrid,0.000,원본짧음,ok,3.312000,11,5,3.321,1.510,source_pcm_too_short,exclude_source_audio_unusable
2021,SDRW2100003249,SDRW2100003249.1.1.45,morph_source_missing,D:\20_AUDIO\06_textgrid_merged\2021\SDRW2100003249\SDRW2100003249.1.1.45.TextGrid,0.000,원본짧음,ok,0.735000,3,1,4.082,1.361,source_pcm_too_short,exclude_source_audio_unusable
2021,SDRW2100003249,SDRW2100003249.1.1.46,morph_source_missing,D:\20_AUDIO\06_textgrid_merged\2021\SDRW2100003249\SDRW2100003249.1.1.46.TextGrid,0.000,원본짧음,ok,1.056000,1,1,0.947,0.947,source_pcm_too_short,exclude_source_audio_unusable
2021,SDRW2100003249,SDRW2100003249.1.1.47,morph_source_missing,D:\20_AUDIO\06_textgrid_merged\2021\SDRW2100003249\SDRW2100003249.1.1.47.TextGrid,0.100,원본짧음,ok,3.716000,16,6,4.306,1.615,source_pcm_too_short,exclude_source_audio_unusable
2021,SDRW2100003249,SDRW2100003249.1.1.48,morph_source_missing,D:\20_AUDIO\06_textgrid_merged\2021\SDRW2100003249\SDRW2100003249.1.1.48.TextGrid,0.100,원본짧음,ok,3.331000,20,9,6.004,2.702,source_pcm_too_short,exclude_source_audio_unusable
2021,SDRW2100003249,SDRW2100003249.1.1.49,morph_source_missing,D:\20_AUDIO\06_textgrid_merged\2021\SDRW2100003249\SDRW2100003249.1.1.49.TextGrid,0.100,원본짧음,ok,4.660000,27,12,5.794,2.575,source_pcm_too_short,exclude_source_audio_unusable
2021,SDRW2100003249,SDRW2100003249.1.1.5,morph_source_missing,D:\20_AUDIO\06_textgrid_merged\2021\SDRW2100003249\SDRW2100003249.1.1.5.TextGrid,0.100,원본짧음,ok,4.884000,23,9,4.709,1.843,source_pcm_too_short,exclude_source_audio_unusable
2021,SDRW2100003249,SDRW2100003249.1.1.50,morph_source_missing,D:\20_AUDIO\06_textgrid_merged\2021\SDRW2100003249\SDRW2100003249.1.1.50.TextGrid,0.100,원본짧음,ok,5.026000,27,9,5.372,1.791,source_pcm_too_short,exclude_source_audio_unusable
2021,SDRW2100003249,SDRW2100003249.1.1.51,morph_source_missing,D:\20_AUDIO\06_textgrid_merged\2021\SDRW2100003249\SDRW2100003249.1.1.51.TextGrid,0.100,원본짧음,ok,1.534000,7,3,4.563,1.956,source_pcm_too_short,exclude_source_audio_unusable
2021,SDRW2100003249,SDRW2100003249.1.1.52,morph_source_missing,D:\20_AUDIO\06_textgrid_merged\2021\SDRW2100003249\SDRW2100003249.1.1.52.TextGrid,0.100,원본짧음,ok,3.139000,13,5,4.141,1.593,source_pcm_too_short,exclude_source_audio_unusable
2021,SDRW2100003249,SDRW2100003249.1.1.53,morph_source_missing,D:\20_AUDIO\06_textgrid_merged\2021\SDRW2100003249\SDRW2100003249.1.1.53.TextGrid,0.100,원본짧음,ok,3.365000,16,6,4.755,1.783,source_pcm_too_short,exclude_source_audio_unusable
2021,SDRW2100003249,SDRW2100003249.1.1.54,morph_source_missing,D:\20_AUDIO\06_textgrid_merged\2021\SDRW2100003249\SDRW2100003249.1.1.54.TextGrid,0.100,원본짧음,ok,4.836000,20,8,4.136,1.654,source_pcm_too_short,exclude_source_audio_unusable
2021,SDRW2100003249,SDRW2100003249.1.1.55,morph_source_missing,D:\20_AUDIO\06_textgrid_merged\2021\SDRW2100003249\SDRW2100003249.1.1.55.TextGrid,0.100,원본짧음,ok,2.788000,15,7,5.380,2.511,source_pcm_too_short,exclude_source_audio_unusable
2021,SDRW2100003249,SDRW2100003249.1.1.56,morph_source_missing,D:\20_AUDIO\06_textgrid_merged\2021\SDRW2100003249\SDRW2100003249.1.1.56.TextGrid,0.100,원본짧음,ok,1.156000,6,3,5.190,2.595,source_pcm_too_short,exclude_source_audio_unusable
2021,SDRW2100003249,SDRW2100003249.1.1.57,morph_source_missing,D:\20_AUDIO\06_textgrid_merged\2021\SDRW2100003249\SDRW2100003249.1.1.57.TextGrid,0.100,원본짧음,ok,4.147000,20,10,4.823,2.411,source_pcm_too_short,exclude_source_audio_unusable
2021,SDRW2100003249,SDRW2100003249.1.1.58,morph_source_missing,D:\20_AUDIO\06_textgrid_merged\2021\SDRW2100003249\SDRW2100003249.1.1.58.TextGrid,0.100,원본짧음,ok,3.891000,14,7,3.598,1.799,source_pcm_too_short,exclude_source_audio_unusable
2021,SDRW2100003249,SDRW2100003249.1.1.59,morph_source_missing,D:\20_AUDIO\06_textgrid_merged\2021\SDRW2100003249\SDRW2100003249.1.1.59.TextGrid,0.100,원본짧음,ok,2.080000,10,6,4.808,2.885,source_pcm_too_short,exclude_source_audio_unusable
2021,SDRW2100003249,SDRW2100003249.1.1.6,morph_source_missing,D:\20_AUDIO\06_textgrid_merged\2021\SDRW2100003249\SDRW2100003249.1.1.6.TextGrid,0.100,원본짧음,ok,1.347000,7,5,5.197,3.712,source_pcm_too_short,exclude_source_audio_unusable
2021,SDRW2100003249,SDRW2100003249.1.1.60,morph_source_missing,D:\20_AUDIO\06_textgrid_merged\2021\SDRW2100003249\SDRW2100003249.1.1.60.TextGrid,0.100,원본짧음,ok,3.208000,8,3,2.494,0.935,source_pcm_too_short,exclude_source_audio_unusable
2021,SDRW2100003249,SDRW2100003249.1.1.61,morph_source_missing,D:\20_AUDIO\06_textgrid_merged\2021\SDRW2100003249\SDRW2100003249.1.1.61.TextGrid,0.100,원본짧음,ok,3.508000,18,6,5.131,1.710,source_pcm_too_short,exclude_source_audio_unusable
2021,SDRW2100003249,SDRW2100003249.1.1.62,morph_source_missing,D:\20_AUDIO\06_textgrid_merged\2021\SDRW2100003249\SDRW2100003249.1.1.62.TextGrid,0.100,원본짧음,ok,2.788000,12,5,4.304,1.793,source_pcm_too_short,exclude_source_audio_unusable
2021,SDRW2100003249,SDRW2100003249.1.1.63,morph_source_missing,D:\20_AUDIO\06_textgrid_merged\2021\SDRW2100003249\SDRW2100003249.1.1.63.TextGrid,0.100,원본짧음,ok,2.947000,18,9,6.108,3.054,source_pcm_too_short,exclude_source_audio_unusable
2021,SDRW2100003249,SDRW2100003249.1.1.64,morph_source_missing,D:\20_AUDIO\06_textgrid_merged\2021\SDRW2100003249\SDRW2100003249.1.1.64.TextGrid,0.100,원본짧음,ok,1.786000,5,2,2.800,1.120,source_pcm_too_short,exclude_source_audio_unusable
2021,SDRW2100003249,SDRW2100003249.1.1.65,morph_source_missing,D:\20_AUDIO\06_textgrid_merged\2021\SDRW2100003249\SDRW2100003249.1.1.65.TextGrid,0.100,원본짧음,ok,3.837000,12,4,3.127,1.042,source_pcm_too_short,exclude_source_audio_unusable
2021,SDRW2100003249,SDRW2100003249.1.1.66,morph_source_missing,D:\20_AUDIO\06_textgrid_merged\2021\SDRW2100003249\SDRW2100003249.1.1.66.TextGrid,0.100,원본짧음,ok,1.539000,9,5,5.848,3.249,source_pcm_too_short,exclude_source_audio_unusable
2021,SDRW2100003249,SDRW2100003249.1.1.67,morph_source_missing,D:\20_AUDIO\06_textgrid_merged\2021\SDRW2100003249\SDRW2100003249.1.1.67.TextGrid,0.100,원본짧음,ok,3.635000,20,10,5.502,2.751,source_pcm_too_short,exclude_source_audio_unusable
2021,SDRW2100003249,SDRW2100003249.1.1.68,morph_source_missing,D:\20_AUDIO\06_textgrid_merged\2021\SDRW2100003249\SDRW2100003249.1.1.68.TextGrid,0.100,원본짧음,ok,4.099000,20,8,4.879,1.952,source_pcm_too_short,exclude_source_audio_unusable
2021,SDRW2100003249,SDRW2100003249.1.1.69,morph_source_missing,D:\20_AUDIO\06_textgrid_merged\2021\SDRW2100003249\SDRW2100003249.1.1.69.TextGrid,0.100,원본짧음,ok,3.379000,18,7,5.327,2.072,source_pcm_too_short,exclude_source_audio_unusable
2021,SDRW2100003249,SDRW2100003249.1.1.7,morph_source_missing,D:\20_AUDIO\06_textgrid_merged\2021\SDRW2100003249\SDRW2100003249.1.1.7.TextGrid,0.100,원본짧음,ok,1.539000,6,3,3.899,1.949,source_pcm_too_short,exclude_source_audio_unusable
2021,SDRW2100003249,SDRW2100003249.1.1.70,morph_source_missing,D:\20_AUDIO\06_textgrid_merged\2021\SDRW2100003249\SDRW2100003249.1.1.70.TextGrid,0.100,원본짧음,ok,2.168000,9,3,4.151,1.384,source_pcm_too_short,exclude_source_audio_unusable
2021,SDRW2100003249,SDRW2100003249.1.1.71,morph_source_missing,D:\20_AUDIO\06_textgrid_merged\2021\SDRW2100003249\SDRW2100003249.1.1.71.TextGrid,0.100,원본짧음,ok,3.304000,19,7,5.751,2.119,source_pcm_too_short,exclude_source_audio_unusable
2021,SDRW2100003249,SDRW2100003249.1.1.72,morph_source_missing,D:\20_AUDIO\06_textgrid_merged\2021\SDRW2100003249\SDRW2100003249.1.1.72.TextGrid,0.000,원본짧음,ok,2.384000,12,5,5.034,2.097,source_pcm_too_short,exclude_source_audio_unusable
2021,SDRW2100003249,SDRW2100003249.1.1.74,morph_source_missing,D:\20_AUDIO\06_textgrid_merged\2021\SDRW2100003249\SDRW2100003249.1.1.74.TextGrid,0.100,원본짧음,ok,4.835000,9,4,1.861,0.827,source_pcm_too_short,exclude_source_audio_unusable
2021,SDRW2100003249,SDRW2100003249.1.1.75,morph_source_missing,D:\20_AUDIO\06_textgrid_merged\2021\SDRW2100003249\SDRW2100003249.1.1.75.TextGrid,0.100,원본짧음,ok,1.875000,15,5,8.000,2.667,source_pcm_too_short,exclude_source_audio_unusable
2021,SDRW2100003249,SDRW2100003249.1.1.76,morph_source_missing,D:\20_AUDIO\06_textgrid_merged\2021\SDRW2100003249\SDRW2100003249.1.1.76.TextGrid,0.100,원본짧음,ok,2.211000,13,7,5.880,3.166,source_pcm_too_short,exclude_source_audio_unusable
2021,SDRW2100003249,SDRW2100003249.1.1.77,morph_source_missing,D:\20_AUDIO\06_textgrid_merged\2021\SDRW2100003249\SDRW2100003249.1.1.77.TextGrid,0.100,원본짧음,ok,2.948000,13,4,4.410,1.357,source_pcm_too_short,exclude_source_audio_unusable
2021,SDRW2100003249,SDRW2100003249.1.1.78,morph_source_missing,D:\20_AUDIO\06_textgrid_merged\2021\SDRW2100003249\SDRW2100003249.1.1.78.TextGrid,0.100,원본짧음,ok,2.180000,8,3,3.670,1.376,source_pcm_too_short,exclude_source_audio_unusable
2021,SDRW2100003249,SDRW2100003249.1.1.79,morph_source_missing,D:\20_AUDIO\06_textgrid_merged\2021\SDRW2100003249\SDRW2100003249.1.1.79.TextGrid,0.000,원본짧음,ok,2.995000,7,3,2.337,1.002,source_pcm_too_short,exclude_source_audio_unusable
2021,SDRW2100003249,SDRW2100003249.1.1.8,morph_source_missing,D:\20_AUDIO\06_textgrid_merged\2021\SDRW2100003249\SDRW2100003249.1.1.8.TextGrid,0.100,원본짧음,ok,3.153000,8,2,2.537,0.634,source_pcm_too_short,exclude_source_audio_unusable
2021,SDRW2100003249,SDRW2100003249.1.1.80,morph_source_missing,D:\20_AUDIO\06_textgrid_merged\2021\SDRW2100003249\SDRW2100003249.1.1.80.TextGrid,0.000,원본짧음,ok,0.639000,1,1,1.565,1.565,source_pcm_too_short,exclude_source_audio_unusable
2021,SDRW2100003249,SDRW2100003249.1.1.81,morph_source_missing,D:\20_AUDIO\06_textgrid_merged\2021\SDRW2100003249\SDRW2100003249.1.1.81.TextGrid,0.000,원본짧음,ok,4.652000,21,10,4.514,2.150,source_pcm_too_short,exclude_source_audio_unusable
2021,SDRW2100003249,SDRW2100003249.1.1.82,morph_source_missing,D:\20_AUDIO\06_textgrid_merged\2021\SDRW2100003249\SDRW2100003249.1.1.82.TextGrid,0.100,원본짧음,ok,3.715000,19,5,5.114,1.346,source_pcm_too_short,exclude_source_audio_unusable
2021,SDRW2100003249,SDRW2100003249.1.1.83,morph_source_missing,D:\20_AUDIO\06_textgrid_merged\2021\SDRW2100003249\SDRW2100003249.1.1.83.TextGrid,0.100,원본짧음,ok,4.020000,17,7,4.229,1.741,source_pcm_too_short,exclude_source_audio_unusable
2021,SDRW2100003249,SDRW2100003249.1.1.84,morph_source_missing,D:\20_AUDIO\06_textgrid_merged\2021\SDRW2100003249\SDRW2100003249.1.1.84.TextGrid,0.100,원본짧음,ok,3.124000,12,4,3.841,1.280,source_pcm_too_short,exclude_source_audio_unusable
2021,SDRW2100003249,SDRW2100003249.1.1.85,morph_source_missing,D:\20_AUDIO\06_textgrid_merged\2021\SDRW2100003249\SDRW2100003249.1.1.85.TextGrid,0.100,원본짧음,ok,4.318000,23,11,5.327,2.547,source_pcm_too_short,exclude_source_audio_unusable
2021,SDRW2100003249,SDRW2100003249.1.1.86,morph_source_missing,D:\20_AUDIO\06_textgrid_merged\2021\SDRW2100003249\SDRW2100003249.1.1.86.TextGrid,0.100,원본짧음,ok,3.716000,18,6,4.844,1.615,source_pcm_too_short,exclude_source_audio_unusable
2021,SDRW2100003249,SDRW2100003249.1.1.87,morph_source_missing,D:\20_AUDIO\06_textgrid_merged\2021\SDRW2100003249\SDRW2100003249.1.1.87.TextGrid,0.100,원본짧음,ok,4.244000,16,8,3.770,1.885,source_pcm_too_short,exclude_source_audio_unusable
2021,SDRW2100003249,SDRW2100003249.1.1.88,morph_source_missing,D:\20_AUDIO\06_textgrid_merged\2021\SDRW2100003249\SDRW2100003249.1.1.88.TextGrid,0.100,원본짧음,ok,3.508000,21,7,5.986,1.995,source_pcm_too_short,exclude_source_audio_unusable
2021,SDRW2100003249,SDRW2100003249.1.1.89,morph_source_missing,D:\20_AUDIO\06_textgrid_merged\2021\SDRW2100003249\SDRW2100003249.1.1.89.TextGrid,0.100,원본짧음,ok,3.972000,14,7,3.525,1.762,source_pcm_too_short,exclude_source_audio_unusable
2021,SDRW2100003249,SDRW2100003249.1.1.9,morph_source_missing,D:\20_AUDIO\06_textgrid_merged\2021\SDRW2100003249\SDRW2100003249.1.1.9.TextGrid,0.100,원본짧음,ok,3.110000,15,5,4.823,1.608,source_pcm_too_short,exclude_source_audio_unusable
2021,SDRW2100003249,SDRW2100003249.1.1.90,morph_source_missing,D:\20_AUDIO\06_textgrid_merged\2021\SDRW2100003249\SDRW2100003249.1.1.90.TextGrid,0.100,원본짧음,ok,2.468000,18,7,7.293,2.836,source_pcm_too_short,exclude_source_audio_unusable
2021,SDRW2100003249,SDRW2100003249.1.1.91,morph_source_missing,D:\20_AUDIO\06_textgrid_merged\2021\SDRW2100003249\SDRW2100003249.1.1.91.TextGrid,0.100,원본짧음,ok,2.707000,9,4,3.325,1.478,source_pcm_too_short,exclude_source_audio_unusable
2021,SDRW2100003249,SDRW2100003249.1.1.92,morph_source_missing,D:\20_AUDIO\06_textgrid_merged\2021\SDRW2100003249\SDRW2100003249.1.1.92.TextGrid,0.100,원본짧음,ok,0.643000,1,1,1.555,1.555,source_pcm_too_short,exclude_source_audio_unusable
2021,SDRW2100003249,SDRW2100003249.1.1.93,morph_source_missing,D:\20_AUDIO\06_textgrid_merged\2021\SDRW2100003249\SDRW2100003249.1.1.93.TextGrid,0.100,원본짧음,ok,1.955000,11,5,5.627,2.558,source_pcm_too_short,exclude_source_audio_unusable
2021,SDRW2100003249,SDRW2100003249.1.1.94,morph_source_missing,D:\20_AUDIO\06_textgrid_merged\2021\SDRW2100003249\SDRW2100003249.1.1.94.TextGrid,0.100,원본짧음,ok,4.740000,30,14,6.329,2.954,source_pcm_too_short,exclude_source_audio_unusable
2021,SDRW2100003249,SDRW2100003249.1.1.95,morph_source_missing,D:\20_AUDIO\06_textgrid_merged\2021\SDRW2100003249\SDRW2100003249.1.1.95.TextGrid,0.100,원본짧음,ok,0.787000,3,1,3.812,1.271,source_pcm_too_short,exclude_source_audio_unusable
2021,SDRW2100003249,SDRW2100003249.1.1.96,morph_source_missing,D:\20_AUDIO\06_textgrid_merged\2021\SDRW2100003249\SDRW2100003249.1.1.96.TextGrid,0.100,원본짧음,ok,1.875000,14,5,7.467,2.667,source_pcm_too_short,exclude_source_audio_unusable
2021,SDRW2100003249,SDRW2100003249.1.1.97,morph_source_missing,D:\20_AUDIO\06_textgrid_merged\2021\SDRW2100003249\SDRW2100003249.1.1.97.TextGrid,0.100,원본짧음,ok,3.779000,21,8,5.557,2.117,source_pcm_too_short,exclude_source_audio_unusable
2021,SDRW2100003249,SDRW2100003249.1.1.98,morph_source_missing,D:\20_AUDIO\06_textgrid_merged\2021\SDRW2100003249\SDRW2100003249.1.1.98.TextGrid,0.100,원본짧음,ok,4.052000,17,7,4.195,1.728,source_pcm_too_short,exclude_source_audio_unusable
2021,SDRW2100003249,SDRW2100003249.1.1.99,morph_source_missing,D:\20_AUDIO\06_textgrid_merged\2021\SDRW2100003249\SDRW2100003249.1.1.99.TextGrid,0.100,원본짧음,ok,0.932000,4,1,4.292,1.073,source_pcm_too_short,exclude_source_audio_unusable
2021,SDRW2100003320,SDRW2100003320.1.1.260,morph_source_missing,D:\20_AUDIO\06_textgrid_merged\2021\SDRW2100003320\SDRW2100003320.1.1.260.TextGrid,0.490,원본정상,ok,0.495000,26,9,52.525,18.182,source_segment_text_duration_impossible,exclude_source_audio_unusable
2021,SDRW2100003394,SDRW2100003394.1.1.334,morph_source_missing,D:\20_AUDIO\06_textgrid_merged\2021\SDRW2100003394\SDRW2100003394.1.1.334.TextGrid,0.000,원본짧음,nonpositive_duration,,10,4,0.000,0.000,source_pcm_too_short,exclude_source_audio_unusable
2021,SDRW2100003450,SDRW2100003450.1.1.266,morph_source_missing,D:\20_AUDIO\06_textgrid_merged\2021\SDRW2100003450\SDRW2100003450.1.1.266.TextGrid,0.080,원본짧음,ok,0.088000,14,5,159.091,56.818,source_pcm_too_short,exclude_source_audio_unusable
2021,SDRW2100003450,SDRW2100003450.1.1.267,morph_source_missing,D:\20_AUDIO\06_textgrid_merged\2021\SDRW2100003450\SDRW2100003450.1.1.267.TextGrid,0.120,원본짧음,ok,0.120000,14,5,116.667,41.667,source_pcm_too_short,exclude_source_audio_unusable
2021,SDRW2100003450,SDRW2100003450.1.1.271,morph_source_missing,D:\20_AUDIO\06_textgrid_merged\2021\SDRW2100003450\SDRW2100003450.1.1.271.TextGrid,0.070,원본짧음,ok,0.062000,27,9,435.484,145.161,source_pcm_too_short,exclude_source_audio_unusable
2021,SDRW2100003587,SDRW2100003587.1.1.382,morph_source_missing,D:\20_AUDIO\06_textgrid_merged\2021\SDRW2100003587\SDRW2100003587.1.1.382.TextGrid,0.360,원본정상,ok,0.361000,18,6,49.861,16.620,source_segment_text_duration_impossible,exclude_source_audio_unusable
2021,SDRW2100003588,SDRW2100003588.1.1.122,morph_source_missing,D:\20_AUDIO\06_textgrid_merged\2021\SDRW2100003588\SDRW2100003588.1.1.122.TextGrid,0.070,원본짧음,ok,0.071000,20,9,281.690,126.761,source_pcm_too_short,exclude_source_audio_unusable
2021,SDRW2100003710,SDRW2100003710.1.1.276,morph_source_missing,D:\20_AUDIO\06_textgrid_merged\2021\SDRW2100003710\SDRW2100003710.1.1.276.TextGrid,0.080,원본짧음,ok,0.087000,3,1,34.483,11.494,source_pcm_too_short,exclude_source_audio_unusable
2021,SDRW2100003828,SDRW2100003828.1.1.240,morph_source_missing,D:\20_AUDIO\06_textgrid_merged\2021\SDRW2100003828\SDRW2100003828.1.1.240.TextGrid,0.000,원본짧음,nonpositive_duration,,17,5,0.000,0.000,source_pcm_too_short,exclude_source_audio_unusable
2021,SDRW2100003988,SDRW2100003988.1.1.174,morph_source_missing,D:\20_AUDIO\06_textgrid_merged\2021\SDRW2100003988\SDRW2100003988.1.1.174.TextGrid,0.100,원본짧음,ok,0.100000,10,5,100.000,50.000,source_pcm_too_short,exclude_source_audio_unusable
2021,SDRW2100003988,SDRW2100003988.1.1.327,morph_source_missing,D:\20_AUDIO\06_textgrid_merged\2021\SDRW2100003988\SDRW2100003988.1.1.327.TextGrid,0.000,원본짧음,nonpositive_duration,,3,1,0.000,0.000,source_pcm_too_short,exclude_source_audio_unusable
2021,SDRW2100004135,SDRW2100004135.1.1.283,morph_source_missing,D:\20_AUDIO\06_textgrid_merged\2021\SDRW2100004135\SDRW2100004135.1.1.283.TextGrid,0.300,원본정상,ok,0.301000,18,7,59.801,23.256,source_segment_text_duration_impossible,exclude_source_audio_unusable
2021,SDRW2100004234,SDRW2100004234.1.1.115,morph_source_missing,D:\20_AUDIO\06_textgrid_merged\2021\SDRW2100004234\SDRW2100004234.1.1.115.TextGrid,0.710,원본정상,ok,0.707000,36,15,50.919,21.216,source_segment_text_duration_impossible,exclude_source_audio_unusable
2021,SDRW2100004234,SDRW2100004234.1.1.134,morph_source_missing,D:\20_AUDIO\06_textgrid_merged\2021\SDRW2100004234\SDRW2100004234.1.1.134.TextGrid,0.400,원본정상,ok,0.404000,19,8,47.030,19.802,source_segment_text_duration_impossible,exclude_source_audio_unusable
2021,SDRW2100004234,SDRW2100004234.1.1.150,morph_source_missing,D:\20_AUDIO\06_textgrid_merged\2021\SDRW2100004234\SDRW2100004234.1.1.150.TextGrid,0.300,원본짧음,ok,0.298000,15,8,50.336,26.846,source_pcm_too_short,exclude_source_audio_unusable
2021,SDRW2100004234,SDRW2100004234.1.1.159,morph_source_missing,D:\20_AUDIO\06_textgrid_merged\2021\SDRW2100004234\SDRW2100004234.1.1.159.TextGrid,0.410,원본정상,ok,0.407000,32,14,78.624,34.398,source_segment_text_duration_impossible,exclude_source_audio_unusable
2021,SDRW2100004234,SDRW2100004234.1.1.72,morph_source_missing,D:\20_AUDIO\06_textgrid_merged\2021\SDRW2100004234\SDRW2100004234.1.1.72.TextGrid,0.610,원본정상,ok,0.616000,29,12,47.078,19.481,source_segment_text_duration_impossible,exclude_source_audio_unusable
2021,SDRW2100004234,SDRW2100004234.1.1.81,morph_source_missing,D:\20_AUDIO\06_textgrid_merged\2021\SDRW2100004234\SDRW2100004234.1.1.81.TextGrid,0.390,원본정상,ok,0.393000,29,11,73.791,27.990,source_segment_text_duration_impossible,exclude_source_audio_unusable
2021,SDRW2100004234,SDRW2100004234.1.1.89,morph_source_missing,D:\20_AUDIO\06_textgrid_merged\2021\SDRW2100004234\SDRW2100004234.1.1.89.TextGrid,0.290,원본짧음,ok,0.294000,31,12,105.442,40.816,source_pcm_too_short,exclude_source_audio_unusable
2021,SDRW2100004234,SDRW2100004234.1.1.94,morph_source_missing,D:\20_AUDIO\06_textgrid_merged\2021\SDRW2100004234\SDRW2100004234.1.1.94.TextGrid,0.200,원본짧음,ok,0.198000,42,17,212.121,85.859,source_pcm_too_short,exclude_source_audio_unusable
2021,SDRW2100004234,SDRW2100004234.1.1.95,morph_source_missing,D:\20_AUDIO\06_textgrid_merged\2021\SDRW2100004234\SDRW2100004234.1.1.95.TextGrid,0.510,원본정상,ok,0.506000,28,11,55.336,21.739,source_segment_text_duration_impossible,exclude_source_audio_unusable
2021,SDRW2100004264,SDRW2100004264.1.1.242,morph_source_missing,D:\20_AUDIO\06_textgrid_merged\2021\SDRW2100004264\SDRW2100004264.1.1.242.TextGrid,0.020,원본짧음,ok,0.015000,11,4,733.333,266.667,source_pcm_too_short,exclude_source_audio_unusable
2021,SDRW2100004264,SDRW2100004264.1.1.246,morph_source_missing,D:\20_AUDIO\06_textgrid_merged\2021\SDRW2100004264\SDRW2100004264.1.1.246.TextGrid,0.000,원본짧음,ok,0.003000,50,20,16666.667,6666.667,source_pcm_too_short,exclude_source_audio_unusable
2021,SDRW2100004264,SDRW2100004264.1.1.286,morph_source_missing,D:\20_AUDIO\06_textgrid_merged\2021\SDRW2100004264\SDRW2100004264.1.1.286.TextGrid,0.010,원본짧음,ok,0.003000,9,4,3000.000,1333.333,source_pcm_too_short,exclude_source_audio_unusable
2021,SDRW2100004264,SDRW2100004264.1.1.371,morph_source_missing,D:\20_AUDIO\06_textgrid_merged\2021\SDRW2100004264\SDRW2100004264.1.1.371.TextGrid,0.010,원본짧음,ok,0.012000,1,1,83.333,83.333,source_pcm_too_short,exclude_source_audio_unusable
2021,SDRW2100004272,SDRW2100004272.1.1.270,morph_source_missing,D:\20_AUDIO\06_textgrid_merged\2021\SDRW2100004272\SDRW2100004272.1.1.270.TextGrid,0.300,원본짧음,ok,0.298000,23,9,77.181,30.201,source_pcm_too_short,exclude_source_audio_unusable
2021,SDRW2100004325,SDRW2100004325.1.1.327,morph_source_missing,D:\20_AUDIO\06_textgrid_merged\2021\SDRW2100004325\SDRW2100004325.1.1.327.TextGrid,0.000,원본짧음,nonpositive_duration,,10,4,0.000,0.000,source_pcm_too_short,exclude_source_audio_unusable
2021,SDRW2100004400,SDRW2100004400.1.1.115,morph_source_missing,D:\20_AUDIO\06_textgrid_merged\2021\SDRW2100004400\SDRW2100004400.1.1.115.TextGrid,,PCM없음,nonpositive_duration,,16,7,0.000,0.000,source_pcm_missing,exclude_source_audio_unusable
