projection_status,diagnostic_layer,diagnostic_class,edit_signature,target_count,source_type_count,total_occurrences,count_2020,count_2021,count_2022,count_2023,count_2024,count_2025,example_targets_json
hold_no_unanimous_exact_context_donor,substantive_difference_candidate,single_cross_group_substitution,SUB:JJ>D,485,552,223131,23083,56219,35453,27025,41286,40065,"[""읻꼬"", ""읻짜나"", ""읻따"", ""읻끼"", ""읻쏙""]"
hold_no_unanimous_exact_context_donor,substantive_difference_candidate,single_cross_group_substitution,SUB:NG>N,8962,8985,99395,12554,21600,14445,13385,17854,19557,"[""인가니"", ""뜬그멉씨"", ""한순가네"", ""싱무린간"", ""부란감""]"
hold_no_unanimous_exact_context_donor,substantive_difference_candidate,single_rule_unit_missing_from_candidate,RULE_ONLY:G,2287,2308,54907,6119,11219,8933,7803,9811,11022,"[""적끔"", ""죽꼬"", ""적꼬"", ""작꼬"", ""박꼬""]"
hold_no_unanimous_exact_context_donor,substantive_difference_candidate,mixed_or_cross_group_difference,RULE_ONLY:P;SUB:B>Y,2500,2508,50035,6710,8305,5804,7682,9266,12268,"[""펴닌"", ""펴니"", ""국까대표"", ""펴닙"", ""편집또""]"
hold_no_unanimous_exact_context_donor,substantive_difference_candidate,mixed_or_cross_group_difference,RULE_ONLY:CH;SUB:J>W,1424,1424,33516,3518,7287,5044,4436,6806,6425,"[""취해써"", ""취업삐자"", ""최그네"", ""최그네는"", ""취어블""]"
hold_no_unanimous_exact_context_donor,substantive_difference_candidate,mixed_or_cross_group_difference,SUB:NG>G;RULE_ONLY:Y,571,571,32360,4713,8035,5421,3891,5469,4831,"[""학꾜"", ""서울대학꾜"", ""강원대학꾜"", ""부산대학꾜"", ""충남대학꾜""]"
hold_no_unanimous_exact_context_donor,substantive_difference_candidate,single_cross_group_substitution,SUB:J>D,752,802,26003,2555,6587,4245,2903,5378,4335,"[""맏꼬"", ""맏찝"", ""맏따"", ""맏쌀"", ""맏썬""]"
hold_no_unanimous_exact_context_donor,substantive_difference_candidate,multiple_segment_count_difference,RULE_ONLY:G;RULE_ONLY:Y,684,685,23808,3914,4527,3820,2635,5553,3359,"[""고등학꾜"", ""중학꾜"", ""초등학꾜"", ""중고등학꾜"", ""학꾜의""]"
hold_no_unanimous_exact_context_donor,substantive_difference_candidate,single_cross_group_substitution,SUB:M>N,1879,1881,17522,2717,3010,2216,2837,2785,3957,"[""신바리"", ""아랜비"", ""번버니"", ""신바릐"", ""전복쭉""]"
hold_no_unanimous_exact_context_donor,substantive_difference_candidate,single_cross_group_substitution,SUB:M>B,612,616,16944,2106,3884,2800,2855,2616,2683,"[""십꼬"", ""입꼬"", ""잡꼬"", ""입끼"", ""입꾸""]"
hold_no_unanimous_exact_context_donor,substantive_difference_candidate,single_cross_group_substitution,SUB:NG>G,1492,1501,14692,1952,2745,2145,2244,2922,2684,"[""학끼"", ""역싸"", ""악끼"", ""죽끼"", ""역싸가""]"
hold_no_unanimous_exact_context_donor,substantive_difference_candidate,mixed_or_cross_group_difference,SUB:JJ>D;RULE_ONLY:Y,63,66,10653,1761,1380,1156,1672,1747,2937,"[""읻꺼드뇨"", ""읻따면"", ""읻따며는"", ""읻껟쬬"", ""읻따며""]"
hold_no_unanimous_exact_context_donor,substantive_difference_candidate,mixed_or_cross_group_difference,RULE_ONLY:L;SUB:N>Y,1026,1027,7139,611,1986,844,857,1515,1326,"[""시룡"", ""바렬"", ""이룡"", ""커프룡"", ""능려기""]"
hold_no_unanimous_exact_context_donor,substantive_difference_candidate,single_rule_unit_missing_from_candidate,RULE_ONLY:Y,844,854,6667,890,1367,1186,826,1402,996,"[""액쎤"", ""이뱡"", ""캡쓜"", ""옵쎤"", ""업꼐""]"
hold_no_unanimous_exact_context_donor,substantive_difference_candidate,mixed_or_cross_group_difference,RULE_ONLY:K;SUB:G>W,915,915,5745,614,1259,836,632,1123,1281,"[""배콰점"", ""유쾨"", ""스콷"", ""노콰"", ""구쾨""]"
hold_no_unanimous_exact_context_donor,substantive_difference_candidate,mixed_or_cross_group_difference,RULE_ONLY:D;SUB:J>CH;SUB:J>W,119,120,5432,470,1405,948,629,1030,950,"[""맏춰서"", ""맏춰"", ""맏춰가는"", ""맏춰진"", ""맏춰가지고""]"
hold_no_unanimous_exact_context_donor,substantive_difference_candidate,mixed_or_cross_group_difference,RULE_ONLY:P;SUB:B>Y;RULE_ONLY:Y,654,654,4466,641,843,579,630,737,1036,"[""사너평명"", ""펴뉵"", ""평규닌"", ""편혀파다"", ""평생교육싸""]"
hold_no_unanimous_exact_context_donor,substantive_difference_candidate,mixed_or_cross_group_difference,SUB:E>AE;RULE_ONLY:Y;RULE_ONLY:H;RULE_ONLY:Y,2,2,3597,122,933,608,386,862,686,"[""왜냐하며는"", ""왜냐하며니""]"
hold_no_unanimous_exact_context_donor,substantive_difference_candidate,mixed_or_cross_group_difference,SUB:NG>G;RULE_ONLY:W,519,519,3514,458,764,534,613,579,566,"[""학꽈"", ""학쌩회"", ""간호학꽈"", ""악꽈"", ""식쌩활""]"
hold_no_unanimous_exact_context_donor,substantive_difference_candidate,mixed_or_cross_group_difference,RULE_ONLY:T;SUB:D>Y,499,509,3489,307,698,468,475,664,877,"[""꼬턍기"", ""마텽"", ""부텨"", ""가텨"", ""부텨서""]"
hold_no_unanimous_exact_context_donor,substantive_difference_candidate,mixed_or_cross_group_difference,RULE_ONLY:P;SUB:B>Y;RULE_ONLY:L,208,209,3228,63,965,440,216,739,805,"[""펼리하다"", ""펼리"", ""펼람"", ""펼리한"", ""펼리하게""]"
hold_no_unanimous_exact_context_donor,substantive_difference_candidate,mixed_or_cross_group_difference,RULE_ONLY:W;SUB:E>AE;SUB:NG>N,82,83,3142,264,788,671,409,569,441,"[""괜찬코"", ""괜찬케"", ""괜찬켇따"", ""괜찬켇찌"", ""괜찬커든""]"
hold_no_unanimous_exact_context_donor,substantive_difference_candidate,mixed_or_cross_group_difference,RULE_ONLY:P;SUB:B>Y;RULE_ONLY:EU_G,135,135,2971,489,542,415,347,618,560,"[""펴늬점"", ""펴늬"", ""펴늬상"", ""펴늬시설"", ""펴늬주의""]"
hold_no_unanimous_exact_context_donor,substantive_difference_candidate,mixed_or_cross_group_difference,RULE_ONLY:Y;SUB:NG>N,929,929,2537,328,581,413,305,464,446,"[""벼란간"", ""녀닌가"", ""장녀닌가"", ""항년까지"", ""재장녀닌가""]"
hold_no_unanimous_exact_context_donor,substantive_difference_candidate,mixed_or_cross_group_difference,SUB:NG>N;RULE_ONLY:Y,407,407,2401,354,360,277,487,336,587,"[""잔그뉵"", ""인신공격썽"", ""군기교육때"", ""민간자격쯩"", ""한구거교원""]"
hold_no_unanimous_exact_context_donor,substantive_difference_candidate,mixed_or_cross_group_difference,RULE_ONLY:D;SUB:JJ>Y,2,2,2365,278,229,297,254,445,862,"[""읻쬬"", ""읻쪋""]"
hold_no_unanimous_exact_context_donor,substantive_difference_candidate,mixed_or_cross_group_difference,RULE_ONLY:T;SUB:D>W,472,472,2152,212,388,427,305,316,504,"[""튀기몯"", ""닥튀김"", ""로보톼"", ""으너튀김"", ""튀기무동""]"
hold_no_unanimous_exact_context_donor,substantive_difference_candidate,mixed_or_cross_group_difference,SUB:NG>G;SUB:N>L,418,418,2095,220,466,289,322,380,418,"[""독리분동"", ""적립씩"", ""독리분동가"", ""독립씸"", ""녹로키""]"
hold_no_unanimous_exact_context_donor,substantive_difference_candidate,mixed_or_cross_group_difference,SUB:M>N;RULE_ONLY:Y,211,212,1963,202,531,287,233,372,338,"[""단백찔셰이크"", ""선바녕"", ""신변잡끼"", ""신붕면"", ""선부냥""]"
hold_no_unanimous_exact_context_donor,substantive_difference_candidate,single_rule_unit_missing_from_candidate,RULE_ONLY:B,468,469,1957,185,397,358,277,316,424,"[""덥빱"", ""집빱"", ""압빡"", ""옥탑빵"", ""컵빱""]"
hold_no_unanimous_exact_context_donor,substantive_difference_candidate,mixed_or_cross_group_difference,RULE_ONLY:G;SUB:NG>L;SUB:N>Y,414,414,1874,244,515,244,191,315,365,"[""수익류리"", ""기억려기"", ""폭려글"", ""폭력쩌긴"", ""폭려기""]"
hold_no_unanimous_exact_context_donor,substantive_difference_candidate,mixed_or_cross_group_difference,RULE_ONLY:W;SUB:NG>N,515,515,1758,174,371,307,262,334,310,"[""관객썩"", ""확씬감"", ""환급끔"", ""귀찬코"", ""귀찬케""]"
hold_no_unanimous_exact_context_donor,substantive_difference_candidate,mixed_or_cross_group_difference,RULE_ONLY:CH;SUB:J>W;RULE_ONLY:Y,287,287,1714,177,449,332,214,296,246,"[""촤령"", ""촤령소"", ""수중촤령"", ""촤령기"", ""촤령을""]"
hold_no_unanimous_exact_context_donor,substantive_difference_candidate,mixed_or_cross_group_difference,RULE_ONLY:Y;RULE_ONLY:L;SUB:N>Y,211,211,1697,149,449,307,219,285,288,"[""경려기"", ""경려글"", ""영향려기"", ""영향려글"", ""경력또""]"
hold_no_unanimous_exact_context_donor,substantive_difference_candidate,mixed_or_cross_group_difference,RULE_ONLY:S;SUB:SS>Y;SUB:B>P,114,114,1423,18,289,192,219,302,403,"[""쇼핑모를"", ""쇼핑모레서"", ""쇼핑모리"", ""쇼핑모레"", ""쇼핑모른""]"
hold_no_unanimous_exact_context_donor,substantive_difference_candidate,single_rule_unit_missing_from_candidate,RULE_ONLY:H,229,229,1321,237,135,141,101,363,344,"[""시러핻떤"", ""시러해써"", ""시러해써요"", ""시러핻꼬"", ""시러핻꺼든""]"
hold_no_unanimous_exact_context_donor,substantive_difference_candidate,mixed_or_cross_group_difference,RULE_ONLY:W;SUB:E>AE,406,406,1311,182,284,243,173,206,223,"[""흑뙈지"", ""멛뙈지"", ""꼳뙈지"", ""홷때"", ""홷뿔""]"
hold_no_unanimous_exact_context_donor,substantive_difference_candidate,mixed_or_cross_group_difference,SUB:J>D;RULE_ONLY:Y,147,149,1151,114,244,230,131,213,219,"[""맏꾜대"", ""맏쬬"", ""맏껴"", ""맏껴야"", ""맏껴서""]"
hold_no_unanimous_exact_context_donor,substantive_difference_candidate,single_rule_unit_missing_from_candidate,RULE_ONLY:D,175,175,1133,149,303,195,140,164,182,"[""이곧쩌곧"", ""녿치다"", ""부딛치다"", ""부딛침"", ""녿치고""]"
hold_no_unanimous_exact_context_donor,substantive_difference_candidate,mixed_or_cross_group_difference,SUB:NG>N;RULE_ONLY:EU_G,29,29,1091,54,381,70,66,207,313,"[""인가늬"", ""한구기늬"", ""순가늬"", ""친구부늬"", ""한궁마늬""]"
hold_no_unanimous_exact_context_donor,substantive_difference_candidate,mixed_or_cross_group_difference,SUB:JJ>D;RULE_ONLY:N,31,32,1087,69,362,243,150,168,95,"[""읻껜네"", ""읻껜는데"", ""읻껜네요"", ""읻껜니"", ""읻껜나""]"
hold_no_unanimous_exact_context_donor,substantive_difference_candidate,mixed_or_cross_group_difference,SUB:NG>N;RULE_ONLY:W,340,340,1051,192,302,104,131,176,146,"[""한구괴대"", ""불근귀거북"", ""윤곽썬"", ""인궈늘"", ""인궈니""]"
hold_candidate_only_deletion_requires_policy,substantive_difference_candidate,single_candidate_unit_extra,CANDIDATE_ONLY:I,182,183,1028,66,163,126,166,216,291,"[""갑쌍선"", ""갑쌍샘"", ""밥쌍머리"", ""캡싸이신"", ""곱쓸""]"
hold_no_unanimous_exact_context_donor,substantive_difference_candidate,mixed_or_cross_group_difference,RULE_ONLY:P;SUB:B>Y;SUB:NG>N,81,81,910,156,80,84,168,112,310,"[""편곡짜"", ""펴닌가요"", ""펴니신가요"", ""펴닌가"", ""편고글""]"
hold_no_unanimous_exact_context_donor,substantive_difference_candidate,mixed_or_cross_group_difference,SUB:NG>N;SUB:NG>G,120,121,881,110,183,143,114,176,155,"[""한국씨리즈"", ""인구학짜"", ""전국씨대"", ""한국꺼래소"", ""한국쩐쟁""]"
hold_no_unanimous_exact_context_donor,substantive_difference_candidate,multiple_segment_count_difference,RULE_ONLY:D;RULE_ONLY:W,113,113,880,92,231,154,119,157,127,"[""늗춰지다"", ""맏춰야"", ""갇춰야"", ""갇춰진"", ""맏춰야지""]"
hold_no_unanimous_exact_context_donor,substantive_difference_candidate,mixed_or_cross_group_difference,RULE_ONLY:B;SUB:M>L;SUB:N>Y,175,175,867,56,223,77,51,202,258,"[""입려글"", ""입려캐"", ""답례푸믈"", ""입려기"", ""시럽류리""]"
hold_no_unanimous_exact_context_donor,substantive_difference_candidate,mixed_or_cross_group_difference,RULE_ONLY:Y;SUB:M>N,180,180,864,122,194,127,123,121,177,"[""장년부터"", ""년바께"", ""항년부터"", ""장년보다"", ""장년보다는""]"
hold_no_unanimous_exact_context_donor,substantive_difference_candidate,mixed_or_cross_group_difference,RULE_ONLY:W;RULE_ONLY:G;SUB:NG>L;SUB:N>Y,42,42,837,57,271,111,85,166,147,"[""확류리"", ""확류른"", ""확률저그로"", ""확류를"", ""회복려기""]"
hold_no_unanimous_exact_context_donor,substantive_difference_candidate,mixed_or_cross_group_difference,SUB:M>N;SUB:NG>N,96,96,814,72,196,124,85,168,169,"[""이런반구"", ""인는가"", ""인는게"", ""인는가에"", ""인는가요""]"
hold_no_unanimous_exact_context_donor,substantive_difference_candidate,multiple_segment_count_difference,RULE_ONLY:G;RULE_ONLY:W,177,177,809,82,186,169,90,130,152,"[""체육꽌"", ""직꽌"", ""수족꽌"", ""복꿘"", ""식꿘""]"
hold_no_unanimous_exact_context_donor,substantive_difference_candidate,mixed_or_cross_group_difference,SUB:NG>G;RULE_ONLY:Y;RULE_ONLY:W,59,59,805,92,41,62,126,207,277,"[""학꾜생활"", ""역싸교육꽈"", ""학꾜생화를"", ""학꾜생화레"", ""학꾜생화리""]"
hold_no_unanimous_exact_context_donor,substantive_difference_candidate,mixed_or_cross_group_difference,SUB:NG>N;RULE_ONLY:N,97,97,782,84,177,136,128,153,104,"[""안켄나"", ""친구연는데"", ""안켄니"", ""신기핸는데"", ""안켄네""]"
hold_no_unanimous_exact_context_donor,substantive_difference_candidate,mixed_or_cross_group_difference,SUB:M>B;SUB:N>L,101,101,652,37,191,94,82,91,157,"[""답씹리"", ""갑로늘박"", ""합리저긴"", ""합리저그로"", ""합리저기고""]"
hold_no_unanimous_exact_context_donor,substantive_difference_candidate,multiple_segment_count_difference,RULE_ONLY:Y;RULE_ONLY:G,73,73,644,123,146,54,98,84,139,"[""벽꺼리"", ""뾰족꾸두"", ""골격끈"", ""교유칵깨론"", ""구룍깜""]"
hold_no_unanimous_exact_context_donor,substantive_difference_candidate,mixed_or_cross_group_difference,RULE_ONLY:P;SUB:B>Y;SUB:N>NG,117,117,620,48,87,76,66,84,259,"[""평생직짱"", ""평저믈"", ""평저미"", ""평생직짱이라는"", ""수평저긴""]"
hold_no_unanimous_exact_context_donor,substantive_difference_candidate,single_cross_group_substitution,SUB:N>L,252,252,601,63,157,85,70,88,138,"[""궁무총리"", ""비영리버빈"", ""중리빈"", ""성리비"", ""장르드리""]"
hold_no_unanimous_exact_context_donor,substantive_difference_candidate,mixed_or_cross_group_difference,RULE_ONLY:Y;RULE_ONLY:NG;SUB:M>P;SUB:B>Y,71,71,582,60,112,112,81,97,120,"[""형펴넙씨"", ""형펴니"", ""교통펴니"", ""형펴네"", ""교통펴는""]"
hold_no_unanimous_exact_context_donor,substantive_difference_candidate,mixed_or_cross_group_difference,RULE_ONLY:P;SUB:B>Y;RULE_ONLY:N,85,85,553,75,112,88,93,82,103,"[""펴니언는데"", ""불편핸는데"", ""편핸는데"", ""목표연는데"", ""불편해썬는데""]"
hold_no_unanimous_exact_context_donor,substantive_difference_candidate,mixed_or_cross_group_difference,RULE_ONLY:K;SUB:G>W;SUB:E>AE,118,119,520,38,118,81,68,131,84,"[""쾌속썬"", ""쾌속쩡"", ""쾌저칸"", ""쾌가미"", ""쾌저카고""]"
hold_no_unanimous_exact_context_donor,substantive_difference_candidate,mixed_or_cross_group_difference,RULE_ONLY:CH;SUB:J>W;RULE_ONLY:EU_G,15,15,510,60,155,62,50,77,106,"[""최소하늬"", ""최서늬"", ""최그늬"", ""최대하늬"", ""최시늬""]"
hold_no_unanimous_exact_context_donor,substantive_difference_candidate,multiple_segment_count_difference,RULE_ONLY:G;RULE_ONLY:L,42,42,447,81,109,59,44,65,89,"[""막껄리"", ""생막껄리"", ""막껄리를"", ""막껄리가"", ""막껄리도""]"
hold_no_unanimous_exact_context_donor,substantive_difference_candidate,mixed_or_cross_group_difference,RULE_ONLY:W;SUB:M>N,95,95,430,57,61,59,98,68,87,"[""하권비"", ""과민바능"", ""지권부니"", ""지권분드리"", ""하권비가""]"
hold_no_unanimous_exact_context_donor,substantive_difference_candidate,mixed_or_cross_group_difference,SUB:NG>N;SUB:NG>N,186,186,427,63,85,58,57,84,80,"[""안켄는가"", ""친근가미"", ""친근가믈"", ""순간만크믄"", ""인간극짱""]"
hold_no_unanimous_exact_context_donor,substantive_difference_candidate,multiple_segment_count_difference,RULE_ONLY:D;RULE_ONLY:Y,78,78,413,43,145,96,33,35,61,"[""녿치면"", ""녿치며는"", ""녿쳐써"", ""녿쳗떤"", ""녿쳐쓸""]"
hold_candidate_only_deletion_requires_policy,substantive_difference_candidate,multiple_segment_count_difference,RULE_ONLY:Y;CANDIDATE_ONLY:Y,28,28,410,31,83,56,93,110,37,"[""자격쯩은"", ""부자굥은"", ""그뮹은"", ""이명웅이랑"", ""보굥은""]"
hold_no_unanimous_exact_context_donor,substantive_difference_candidate,mixed_or_cross_group_difference,RULE_ONLY:W;RULE_ONLY:L;SUB:N>Y,23,23,409,28,72,38,60,101,110,"[""화룡"", ""재화룡"", ""활동려기"", ""옥쑤수불검화정량"", ""황령사늘""]"
hold_no_unanimous_exact_context_donor,substantive_difference_candidate,single_rule_unit_missing_from_candidate,RULE_ONLY:W,190,190,408,35,154,58,39,54,68,"[""자퐈"", ""합뻐퐈"", ""고그퐈"", ""득쩌뫙"", ""석쐬""]"
hold_no_unanimous_exact_context_donor,substantive_difference_candidate,mixed_or_cross_group_difference,SUB:M>NG;SUB:NG>N,98,98,391,54,85,71,62,61,58,"[""당분가는"", ""방버비라든가"", ""고통반는"", ""처방반는"", ""행보칸가""]"
hold_no_unanimous_exact_context_donor,substantive_difference_candidate,multiple_segment_count_difference,RULE_ONLY:W;RULE_ONLY:G,109,109,379,35,113,85,53,58,35,"[""광역뻐스"", ""과학꼬"", ""확꼬히"", ""확꼬하다"", ""과낙꾸청""]"
hold_no_unanimous_exact_context_donor,substantive_difference_candidate,mixed_or_cross_group_difference,RULE_ONLY:W;SUB:NG>N;RULE_ONLY:W,90,90,379,49,44,88,52,53,93,"[""과학끼수린공제회"", ""관광객뜨리"", ""관광개기"", ""관광객뜰도"", ""관광개글""]"
hold_no_unanimous_exact_context_donor,substantive_difference_candidate,mixed_or_cross_group_difference,RULE_ONLY:N;SUB:M>P;SUB:B>Y,72,72,377,33,66,49,56,68,105,"[""마즌편"", ""식딴표"", ""단편저긴"", ""마즌펴네"", ""단편저그로""]"
hold_no_unanimous_exact_context_donor,substantive_difference_candidate,mixed_or_cross_group_difference,RULE_ONLY:NG;SUB:N>CH;SUB:J>W,43,43,361,28,58,38,41,60,136,"[""성취가믈"", ""성취가미"", ""성취가믄"", ""성취가미나"", ""성취가미라는""]"
hold_no_unanimous_exact_context_donor,substantive_difference_candidate,mixed_or_cross_group_difference,RULE_ONLY:Y;RULE_ONLY:K;SUB:G>W,67,67,358,17,70,187,19,21,44,"[""벼콰"", ""무려콰"", ""암벼콰"", ""겨콰"", ""현대배콰점""]"
hold_no_unanimous_exact_context_donor,substantive_difference_candidate,mixed_or_cross_group_difference,RULE_ONLY:Y;SUB:N>NG;RULE_ONLY:L;SUB:N>Y,32,32,354,30,103,64,50,43,64,"[""경쟁류리"", ""경쟁려기"", ""경쟁려글"", ""경쟁류를"", ""경쟁력또""]"
hold_no_unanimous_exact_context_donor,substantive_difference_candidate,mixed_or_cross_group_difference,RULE_ONLY:Y;RULE_ONLY:Y;RULE_ONLY:G;SUB:NG>L;SUB:N>Y,17,17,341,69,56,64,41,51,60,"[""며녁려기"", ""며녁력"", ""며녁려글"", ""며녁력또"", ""며녁려게""]"
hold_no_unanimous_exact_context_donor,substantive_difference_candidate,mixed_or_cross_group_difference,RULE_ONLY:G;RULE_ONLY:H;SUB:K>Y,86,86,337,36,96,36,25,82,62,"[""억혀"", ""박혀"", ""박혀진"", ""박혀지지"", ""박혀야""]"
hold_no_unanimous_exact_context_donor,substantive_difference_candidate,mixed_or_cross_group_difference,RULE_ONLY:L;SUB:NG>N,242,243,326,36,76,53,44,49,68,"[""넫플릭쓰라든가"", ""불리수거라든가"", ""놀란거리가"", ""클래시기라든가"", ""올라인만큼""]"
hold_no_unanimous_exact_context_donor,substantive_difference_candidate,mixed_or_cross_group_difference,RULE_ONLY:P;SUB:B>Y;RULE_ONLY:W,115,115,292,41,53,33,57,37,71,"[""흐펼귀"", ""컴퓨터공학꽈"", ""평화롭따"", ""제작빨표회"", ""컴퓨터하권""]"
hold_no_unanimous_exact_context_donor,substantive_difference_candidate,mixed_or_cross_group_difference,RULE_ONLY:K;SUB:G>W;RULE_ONLY:W,86,87,280,28,75,23,34,55,65,"[""서쾨화"", ""트콰된"", ""아콰되는"", ""아콰될"", ""트콰되어""]"
hold_candidate_only_deletion_requires_policy,substantive_difference_candidate,mixed_or_cross_group_difference,CANDIDATE_ONLY:D;SUB:Y>S,28,28,275,10,60,34,36,62,73,"[""오싀"", ""로보싀"", ""인터네싀"", ""날거싀"", ""버서싀""]"
hold_no_unanimous_exact_context_donor,substantive_difference_candidate,mixed_or_cross_group_difference,SUB:JJ>D;RULE_ONLY:L,9,9,267,27,55,37,48,52,48,"[""읻낄래"", ""읻따길래"", ""읻껄랑"", ""읻껄랑요"", ""읻꺼들랑""]"
hold_no_unanimous_exact_context_donor,substantive_difference_candidate,mixed_or_cross_group_difference,SUB:NG>N;SUB:N>NG,42,42,261,36,65,46,35,41,38,"[""사린강도"", ""한구캉공대"", ""친구드리랑도"", ""인공저그로"", ""인공저긴""]"
hold_no_unanimous_exact_context_donor,substantive_difference_candidate,mixed_or_cross_group_difference,SUB:N>NG;RULE_ONLY:G,36,36,260,65,45,31,23,25,71,"[""정책쌍"", ""정책썽"", ""충족깜"", ""정책또"", ""정책뜨리""]"
hold_no_unanimous_exact_context_donor,substantive_difference_candidate,single_cross_group_substitution,SUB:D>S,111,111,254,18,33,25,42,40,96,"[""이슈드리"", ""기어카셔야"", ""이슈드를"", ""바드셔야"", ""생가카셔야""]"
hold_no_unanimous_exact_context_donor,substantive_difference_candidate,mixed_or_cross_group_difference,SUB:M>N;RULE_ONLY:Y;RULE_ONLY:Y,19,19,251,29,44,28,38,54,58,"[""선별질료소"", ""인냐면"", ""인냐며는"", ""인냐면서"", ""인느냐면""]"
hold_no_unanimous_exact_context_donor,substantive_difference_candidate,multiple_segment_count_difference,RULE_ONLY:Y;RULE_ONLY:Y,99,99,250,35,40,37,37,48,53,"[""혀라뱍"", ""혀뱍"", ""혀랍꼐"", ""갸욷꺄욷"", ""고혀라뱍""]"
hold_no_unanimous_exact_context_donor,substantive_difference_candidate,mixed_or_cross_group_difference,RULE_ONLY:CH;SUB:J>W;SUB:N>NG,31,31,241,26,47,28,54,48,38,"[""최종저그로"", ""최종저긴"", ""최종저그로는"", ""취준생드리"", ""자취생드리""]"
hold_no_unanimous_exact_context_donor,substantive_difference_candidate,mixed_or_cross_group_difference,RULE_ONLY:Y;RULE_ONLY:G;SUB:NG>L;SUB:N>Y,37,37,239,36,69,51,29,33,21,"[""그뉵량이"", ""그뉵량을"", ""그뉵량"", ""그뉵량도"", ""그뉵량은""]"
hold_no_unanimous_exact_context_donor,substantive_difference_candidate,mixed_or_cross_group_difference,SUB:JJ>D;SUB:NG>N,13,13,229,31,54,30,33,40,41,"[""읻따든가"", ""읻뜬가"", ""읻따던가"", ""읻따는게"", ""읻따라든가""]"
hold_no_unanimous_exact_context_donor,substantive_difference_candidate,mixed_or_cross_group_difference,SUB:N>NG;SUB:NG>N,161,161,229,32,66,35,24,41,31,"[""정채기라든가"", ""상다미라든가"", ""장저미라든가"", ""중도긴가"", ""안정저긴가""]"
hold_no_unanimous_exact_context_donor,substantive_difference_candidate,mixed_or_cross_group_difference,RULE_ONLY:N;SUB:NG>N,52,52,228,37,68,25,23,38,37,"[""옌날만큼"", ""옌날만크믄"", ""건는다든가"", ""옌나린가"", ""끈나는구나""]"
hold_no_unanimous_exact_context_donor,substantive_difference_candidate,mixed_or_cross_group_difference,RULE_ONLY:P;SUB:B>Y;RULE_ONLY:Y;RULE_ONLY:EU_G,8,8,227,5,181,5,4,11,21,"[""표혀늬"", ""표며늬"", ""평양냉며늬"", ""평규늬"", ""편겨늬""]"
hold_no_unanimous_exact_context_donor,substantive_difference_candidate,mixed_or_cross_group_difference,RULE_ONLY:K;SUB:G>Y,71,71,224,38,54,35,12,35,50,"[""시켸"", ""트켸"", ""나컁"", ""부컁"", ""트켸를""]"
hold_no_unanimous_exact_context_donor,substantive_difference_candidate,mixed_or_cross_group_difference,RULE_ONLY:Y;SUB:NG>G,71,71,220,10,25,34,26,46,79,"[""혁씬"", ""새벽짬"", ""저녁꺼리"", ""저녁쌍"", ""혁씬도시""]"
hold_no_unanimous_exact_context_donor,substantive_difference_candidate,mixed_or_cross_group_difference,SUB:D>T;RULE_ONLY:EO,31,31,212,12,41,34,63,26,36,"[""티뭔"", ""티뭔드리"", ""티뭔들"", ""티뭔드를"", ""티뭔드리랑""]"
hold_no_unanimous_exact_context_donor,substantive_difference_candidate,mixed_or_cross_group_difference,RULE_ONLY:T;SUB:D>Y;RULE_ONLY:Y,89,89,210,28,50,20,33,30,49,"[""부텨져"", ""이텨져"", ""무텨져"", ""버텨쓰면"", ""꼬텨져""]"
hold_no_unanimous_exact_context_donor,substantive_difference_candidate,mixed_or_cross_group_difference,RULE_ONLY:P;SUB:B>Y;SUB:M>N,54,54,205,23,47,9,49,45,32,"[""편뱅나무"", ""평안북또"", ""남편부니"", ""편파저긴"", ""남편부는""]"
hold_no_unanimous_exact_context_donor,substantive_difference_candidate,multiple_segment_count_difference,RULE_ONLY:D;RULE_ONLY:W;RULE_ONLY:Y,26,26,202,14,48,51,23,45,21,"[""갇춰져"", ""갇춰진다면"", ""갇춰지면"", ""맏춰야죠"", ""맏춰지면""]"
hold_no_unanimous_exact_context_donor,substantive_difference_candidate,multiple_segment_count_difference,RULE_ONLY:H;RULE_ONLY:N,21,21,200,30,32,26,25,45,42,"[""시러핸는데"", ""시러해썬는데"", ""다핸는데"", ""다행이언는데"", ""힘드러핸는데""]"
hold_no_unanimous_exact_context_donor,substantive_difference_candidate,mixed_or_cross_group_difference,RULE_ONLY:Y;RULE_ONLY:B;SUB:M>L;SUB:N>Y,44,44,185,27,29,31,28,33,37,"[""협려글"", ""협려캐서"", ""협려캐"", ""협려기"", ""협려카는""]"
hold_no_unanimous_exact_context_donor,substantive_difference_candidate,mixed_or_cross_group_difference,RULE_ONLY:Y;SUB:K>G;RULE_ONLY:W,45,46,181,28,28,25,24,37,39,"[""교육끼관"", ""교육꽈"", ""교육꽈를"", ""교육꽈에"", ""교육꽈가""]"
hold_no_unanimous_exact_context_donor,substantive_difference_candidate,mixed_or_cross_group_difference,RULE_ONLY:Y;SUB:N>L,44,44,180,12,11,12,13,101,31,"[""휴양리믈"", ""휴양리미"", ""휴양리믄"", ""휴양리메"", ""휴양리므로""]"
hold_no_unanimous_exact_context_donor,substantive_difference_candidate,mixed_or_cross_group_difference,SUB:NG>N;RULE_ONLY:L,57,57,180,16,43,41,21,28,31,"[""한궁말로"", ""팬클러베"", ""한글랄"", ""엔클렉쓰"", ""팬클러베서""]"
hold_candidate_only_deletion_requires_policy,substantive_difference_candidate,multiple_segment_count_difference,CANDIDATE_ONLY:NG;RULE_ONLY:Y,26,26,178,28,33,39,25,33,20,"[""리액쎤"", ""오버액쎤"", ""리액쎠늘"", ""추우며는"", ""리액쎠니""]"
hold_no_unanimous_exact_context_donor,substantive_difference_candidate,mixed_or_cross_group_difference,SUB:NG>G;RULE_ONLY:N,24,24,171,24,31,19,35,29,33,"[""죽껜는데"", ""죽껜네"", ""학쌩이언는데"", ""죽껜는"", ""대학쌩이언는데""]"
hold_no_unanimous_exact_context_donor,substantive_difference_candidate,multiple_segment_count_difference,RULE_ONLY:G;RULE_ONLY:G,61,62,170,15,61,43,18,10,23,"[""북끅꼼"", ""작꼭까가"", ""수록꼭까지"", ""작꼭까드리"", ""작꼭까를""]"
hold_no_unanimous_exact_context_donor,substantive_difference_candidate,mixed_or_cross_group_difference,SUB:B>P;RULE_ONLY:Y;SUB:NG>N,20,20,167,13,49,18,16,34,37,"[""피료한가"", ""피료한가라는"", ""피료한가를"", ""피료한가에"", ""피료한가라고""]"
hold_no_unanimous_exact_context_donor,substantive_difference_candidate,mixed_or_cross_group_difference,RULE_ONLY:T;SUB:D>W;RULE_ONLY:Y,84,84,156,20,29,32,23,20,32,"[""퇴근하며는"", ""퇴지카면"", ""은퇴하며는"", ""출퇴그뇽으로"", ""퇴지카면서""]"
hold_no_unanimous_exact_context_donor,substantive_difference_candidate,mixed_or_cross_group_difference,SUB:NG>G;SUB:NG>N,79,79,154,18,36,16,17,33,34,"[""복쩨인간"", ""악끼라든가"", ""역싸라든가"", ""축꾸라든가"", ""식삐라든가""]"
hold_no_unanimous_exact_context_donor,substantive_difference_candidate,mixed_or_cross_group_difference,RULE_ONLY:P;SUB:B>Y;SUB:M>NG,57,57,153,12,32,25,29,28,27,"[""평파니"", ""불평불마니"", ""평범핻떤"", ""불평불마늘"", ""평파늘""]"
hold_no_unanimous_exact_context_donor,substantive_difference_candidate,multiple_segment_count_difference,RULE_ONLY:N;RULE_ONLY:Y,74,76,148,24,33,23,22,24,22,"[""인냐에"", ""업껜냐"", ""인냐를"", ""핸냐에"", ""핻껜냐""]"
hold_no_unanimous_exact_context_donor,substantive_difference_candidate,mixed_or_cross_group_difference,SUB:M>B;SUB:N>L;RULE_ONLY:Y,21,21,143,19,17,28,18,16,45,"[""컵라며늘"", ""컵라며니"", ""컵라며니나"", ""컵라며는"", ""컵라며네""]"
hold_no_unanimous_exact_context_donor,substantive_difference_candidate,mixed_or_cross_group_difference,RULE_ONLY:CH;SUB:J>W;RULE_ONLY:N,57,57,136,9,42,21,22,27,15,"[""취미연는데"", ""취지캔는데"", ""취핸는데"", ""춰썬는데"", ""춴는데""]"
hold_no_unanimous_exact_context_donor,substantive_difference_candidate,mixed_or_cross_group_difference,SUB:M>B;RULE_ONLY:Y,47,47,135,14,44,12,19,16,30,"[""입뼝"", ""십꼐"", ""타입뼐"", ""입꺼드뇨"", ""도입뙤면서""]"
hold_no_unanimous_exact_context_donor,substantive_difference_candidate,mixed_or_cross_group_difference,RULE_ONLY:Y;RULE_ONLY:T;SUB:D>W,37,37,133,18,19,9,20,15,52,"[""정년퇴지글"", ""정년퇴지카고"", ""정년퇴지칼"", ""명예퇴지글"", ""정년퇴이믈""]"
hold_no_unanimous_exact_context_donor,substantive_difference_candidate,mixed_or_cross_group_difference,RULE_ONLY:Y;RULE_ONLY:W;SUB:K>G,32,32,133,9,18,11,17,42,36,"[""여녜기획싸"", ""계획썽"", ""계획써"", ""계획써를"", ""계획썽이""]"
hold_no_unanimous_exact_context_donor,substantive_difference_candidate,mixed_or_cross_group_difference,RULE_ONLY:L;SUB:N>Y;RULE_ONLY:W,40,40,130,12,28,11,12,25,42,"[""말료되다"", ""능력꽈"", ""왈료된"", ""상상력꽈"", ""노동력꽈""]"
hold_candidate_only_deletion_requires_policy,substantive_difference_candidate,single_candidate_unit_extra,CANDIDATE_ONLY:Y,18,18,129,11,42,16,15,30,15,"[""직쫑은"", ""접쫑은"", ""빅뺑은"", ""망낻똥생은"", ""업쫑은""]"
hold_no_unanimous_exact_context_donor,substantive_difference_candidate,mixed_or_cross_group_difference,SUB:J>D;RULE_ONLY:W,23,23,128,15,15,11,22,26,39,"[""맏꽈"", ""맏찝꽈"", ""매운맏꽈"", ""단맏꽈"", ""맏뽣떤""]"
hold_no_unanimous_exact_context_donor,substantive_difference_candidate,mixed_or_cross_group_difference,RULE_ONLY:T;SUB:D>W;RULE_ONLY:G,15,15,126,14,25,26,24,20,17,"[""퇴직끔"", ""퇴직끄믈"", ""퇴직끔도"", ""퇴직끄므로"", ""퇴직끄미""]"
hold_no_unanimous_exact_context_donor,substantive_difference_candidate,mixed_or_cross_group_difference,SUB:B>P;SUB:NG>N,91,91,123,10,37,16,16,25,19,"[""아핀가"", ""여핀가"", ""무르피라든가"", ""수핀가"", ""노피만큼""]"
hold_no_unanimous_exact_context_donor,substantive_difference_candidate,mixed_or_cross_group_difference,RULE_ONLY:CH;SUB:J>W;RULE_ONLY:W,52,52,122,21,31,20,7,21,22,"[""취업꽈"", ""취미생화를"", ""취직꽈"", ""취미생화리"", ""취미생화레""]"
hold_no_unanimous_exact_context_donor,substantive_difference_candidate,mixed_or_cross_group_difference,SUB:NG>G;RULE_ONLY:W;SUB:E>AE,23,23,121,12,29,15,22,23,20,"[""생각뙈"", ""생각뙈요"", ""생각뙈서"", ""기록뙈"", ""생각뙌는데""]"
hold_no_unanimous_exact_context_donor,substantive_difference_candidate,mixed_or_cross_group_difference,RULE_ONLY:W;RULE_ONLY:P;SUB:B>Y,46,46,116,19,16,26,14,22,19,"[""과리평"", ""괴로펴"", ""괴로펻떤"", ""괴로펴서"", ""괴로펴요""]"
hold_no_unanimous_exact_context_donor,substantive_difference_candidate,mixed_or_cross_group_difference,RULE_ONLY:CH;SUB:J>W;RULE_ONLY:L;SUB:N>Y;SUB:N>NG,28,28,115,24,15,21,16,19,20,"[""촤령지"", ""촤령장"", ""촤령지가"", ""촤령장에"", ""촤령지도""]"
hold_no_unanimous_exact_context_donor,substantive_difference_candidate,mixed_or_cross_group_difference,RULE_ONLY:L;SUB:M>N,18,18,114,0,17,10,22,24,41,"[""올라인보다는"", ""올라인보다"", ""올라인보단"", ""실랑신부"", ""실랑신부를""]"
hold_no_unanimous_exact_context_donor,substantive_difference_candidate,mixed_or_cross_group_difference,SUB:N>L;RULE_ONLY:G,12,12,111,28,24,15,19,13,12,"[""등록끔"", ""등록끔도"", ""등록끔대로"", ""삼락꽁워네"", ""동록끔""]"
hold_no_unanimous_exact_context_donor,substantive_difference_candidate,mixed_or_cross_group_difference,RULE_ONLY:G;RULE_ONLY:W;SUB:NG>N,45,45,109,10,19,20,11,28,21,"[""직꽌저기고"", ""직꽌하러"", ""객꽌저기고"", ""객꽌저기지"", ""객꽌시그로""]"
hold_no_unanimous_exact_context_donor,substantive_difference_candidate,multiple_segment_count_difference,RULE_ONLY:G;RULE_ONLY:Y;RULE_ONLY:W,29,29,109,7,30,18,9,16,29,"[""가족꼐획"", ""동맥꼉화"", ""직껼되다"", ""직껼되는"", ""직껼된""]"
hold_no_unanimous_exact_context_donor,substantive_difference_candidate,mixed_or_cross_group_difference,RULE_ONLY:P;SUB:B>Y;RULE_ONLY:L;RULE_ONLY:Y,51,51,109,6,27,14,4,23,35,"[""펼력"", ""천펴닐률저긴"", ""펼리하죠"", ""펼리해젿꼬"", ""천펴닐률저그로""]"
hold_no_unanimous_exact_context_donor,substantive_difference_candidate,mixed_or_cross_group_difference,SUB:D>T;SUB:NG>N,70,70,108,6,20,18,14,34,16,"[""티민가"", ""티비라든가"", ""티브이에닌가"", ""주태긴가"", ""저눤주태기라든가""]"
hold_candidate_only_deletion_requires_policy,substantive_difference_candidate,multiple_segment_count_difference,RULE_ONLY:Y;RULE_ONLY:Y;CANDIDATE_ONLY:Y,3,3,104,60,2,4,8,30,0,"[""혀래켱은"", ""겨묭은"", ""결벽쯩은""]"
hold_no_unanimous_exact_context_donor,substantive_difference_candidate,mixed_or_cross_group_difference,RULE_ONLY:T;SUB:D>Y;RULE_ONLY:N,40,41,103,19,18,17,22,14,13,"[""부텬는데"", ""가텨인는"", ""버텬는데"", ""꼬텬는데"", ""부텨논는""]"
hold_no_unanimous_exact_context_donor,substantive_difference_candidate,multiple_segment_count_difference,RULE_ONLY:L;RULE_ONLY:Y,39,40,102,5,19,10,6,15,47,"[""컬렉쎤"", ""콜렉쎤"", ""플랟쓔즈"", ""할리몌고"", ""월료로""]"
hold_no_unanimous_exact_context_donor,substantive_difference_candidate,mixed_or_cross_group_difference,SUB:NG>N;SUB:M>B,4,4,101,13,21,17,23,15,12,"[""반갑꼬"", ""반갑꼬요"", ""한가롭꼬"", ""신기롭꼬""]"
hold_no_unanimous_exact_context_donor,substantive_difference_candidate,multiple_segment_count_difference,RULE_ONLY:Y;RULE_ONLY:G;RULE_ONLY:Y,50,50,98,15,19,10,19,15,20,"[""고려대학꾜"", ""휴학꼐"", ""경기고등학꾜"", ""시럽꼐고등학꾜"", ""휴직꼐""]"
hold_no_unanimous_exact_context_donor,contrast_review_required,single_contrast_within_acoustic_model_group,SUB:G>K,28,28,97,59,16,1,2,15,4,"[""심서킈"", ""심서킈가"", ""심서킈는"", ""손서킈"", ""심서킈도""]"
hold_no_unanimous_exact_context_donor,substantive_difference_candidate,mixed_or_cross_group_difference,SUB:M>B;RULE_ONLY:M,4,5,97,5,17,32,11,12,20,"[""십쌈만"", ""입끔만"", ""입땀만"", ""잡꼭빰만""]"
hold_no_unanimous_exact_context_donor,substantive_difference_candidate,multiple_segment_count_difference,RULE_ONLY:B;RULE_ONLY:G,6,6,95,17,26,11,9,16,16,"[""압빡깜"", ""압빡까메"", ""압빡깜도"", ""압빡까메도"", ""압빡까지""]"
hold_candidate_only_deletion_requires_policy,representation_review_required,run_length_difference_without_complete_length_support,CANDIDATE_ONLY:I,24,24,94,10,26,19,6,10,23,"[""시닙싸원"", ""그립씀니다"", ""깁씀니다"", ""빕쓰가"", ""빕쓰는""]"
hold_no_unanimous_exact_context_donor,substantive_difference_candidate,mixed_or_cross_group_difference,RULE_ONLY:G;SUB:NG>N,64,64,94,7,15,14,17,21,20,"[""적끄미라든가"", ""적끄민가"", ""학꾸니라든가"", ""막꾹쑤라든가"", ""식꾼가""]"
hold_no_unanimous_exact_context_donor,substantive_difference_candidate,mixed_or_cross_group_difference,RULE_ONLY:N;RULE_ONLY:P;SUB:B>Y,7,7,93,10,21,15,9,26,12,"[""건너펴네"", ""건너펴네서"", ""건너펴느로"", ""건너펴네도"", ""건너펴닌데""]"
hold_no_unanimous_exact_context_donor,substantive_difference_candidate,mixed_or_cross_group_difference,SUB:M>N;RULE_ONLY:N,43,43,93,7,10,9,13,26,28,"[""검진반는"", ""추천반는"", ""하린반는"", ""검진바단는데"", ""전부연는데""]"
hold_no_unanimous_exact_context_donor,substantive_difference_candidate,multiple_segment_count_difference,RULE_ONLY:L;RULE_ONLY:G;RULE_ONLY:L,14,14,90,7,18,17,19,12,17,"[""알록딸록"", ""알록딸로칸"", ""알록딸로카게"", ""알록딸로카고"", ""알록딸로캐서""]"
hold_no_unanimous_exact_context_donor,substantive_difference_candidate,mixed_or_cross_group_difference,RULE_ONLY:L;RULE_ONLY:Y;SUB:NG>N,69,69,89,10,23,17,9,17,13,"[""글려기라든가"", ""발려동무린가"", ""훌련까지"", ""발려동무리라든가"", ""할류라든가""]"
hold_no_unanimous_exact_context_donor,substantive_difference_candidate,mixed_or_cross_group_difference,SUB:JJ>D;RULE_ONLY:N;RULE_ONLY:Y,10,11,86,12,16,5,17,21,15,"[""읻껜냐"", ""읻껜느냐"", ""읻껜냐마는"", ""읻껜느냐라고"", ""읻껜냐만도""]"
hold_no_unanimous_exact_context_donor,substantive_difference_candidate,mixed_or_cross_group_difference,SUB:NG>N;RULE_ONLY:Y;RULE_ONLY:Y,48,48,85,8,15,13,11,15,23,"[""해썬냐면"", ""재미썬냐면"", ""뭐여썬냐면"", ""썬냐면"", ""뭐여썬냐며는""]"
hold_no_unanimous_exact_context_donor,substantive_difference_candidate,mixed_or_cross_group_difference,SUB:M>N;RULE_ONLY:EU_G,33,33,84,11,18,11,20,14,10,"[""엔부늬"", ""반신바늬하는"", ""반신바늬"", ""지인부늬"", ""신부늬""]"
hold_no_unanimous_exact_context_donor,substantive_difference_candidate,mixed_or_cross_group_difference,RULE_ONLY:D;SUB:J>W,40,40,83,19,14,9,21,9,11,"[""노아둬"", ""가둬노코"", ""노아둬도"", ""도둬"", ""기어캐둳따가""]"
hold_no_unanimous_exact_context_donor,substantive_difference_candidate,multiple_segment_count_difference,RULE_ONLY:Y;RULE_ONLY:B,37,37,83,9,15,15,7,18,19,"[""계란덥빱"", ""협빠글"", ""협빠카고"", ""협빠카는"", ""협빠칸""]"
hold_no_unanimous_exact_context_donor,substantive_difference_candidate,multiple_segment_count_difference,RULE_ONLY:Y;RULE_ONLY:W;RULE_ONLY:NG,13,13,83,43,18,5,8,6,3,"[""겨우뢍국"", ""겨우뢍구근"", ""겨우뢍국또"", ""겨우뢍구글"", ""겨우뢍구기""]"
hold_no_unanimous_exact_context_donor,substantive_difference_candidate,mixed_or_cross_group_difference,RULE_ONLY:W;SUB:NG>G;RULE_ONLY:W,37,37,82,15,18,17,21,4,7,"[""사회복찌학꽈"", ""재화릐학꽈"", ""화학꽁학꽈"", ""화학꽈"", ""귀족꽈""]"
hold_no_unanimous_exact_context_donor,substantive_difference_candidate,multiple_segment_count_difference,RULE_ONLY:W;RULE_ONLY:W,43,43,81,16,22,16,7,7,13,"[""쉑쒝"", ""무여귀원회"", ""쉑쒝뻐거"", ""쉑쒝뻐거가"", ""보그퐈되고""]"
hold_no_unanimous_exact_context_donor,substantive_difference_candidate,single_cross_group_substitution,SUB:AE>E,56,56,80,6,16,12,25,10,11,"[""재외궁민"", ""해외주시글"", ""해외여행이얻꺼든"", ""해외저긴"", ""처태외여행은""]"
hold_no_unanimous_exact_context_donor,substantive_difference_candidate,mixed_or_cross_group_difference,SUB:M>NG;SUB:M>B,6,6,80,7,19,16,13,7,18,"[""삼장법싸"", ""방법빠께"", ""방법빠께는"", ""방법빠껜"", ""방법뚜""]"
hold_no_unanimous_exact_context_donor,substantive_difference_candidate,mixed_or_cross_group_difference,RULE_ONLY:P;SUB:B>Y;SUB:N>S;SUB:E>AE,26,26,79,1,24,14,19,14,7,"[""폐쇄저긴"", ""폐쇄저그로"", ""폐쇄저기고"", ""폐쇄저기"", ""폐쇄저기기""]"
hold_no_unanimous_exact_context_donor,substantive_difference_candidate,mixed_or_cross_group_difference,SUB:J>D;SUB:NG>N,23,23,79,9,12,18,12,13,15,"[""맏찌빈가"", ""맏찌비라든가"", ""굳쯔라든가"", ""맏춘다든가"", ""나맏따든가""]"
hold_no_unanimous_exact_context_donor,substantive_difference_candidate,mixed_or_cross_group_difference,SUB:M>NG;SUB:K>G,12,12,79,19,13,9,10,13,15,"[""동백꼳"", ""동백꼬치"", ""동백꼬츨"", ""동백꼬츤"", ""동백꼳또""]"
hold_no_unanimous_exact_context_donor,substantive_difference_candidate,mixed_or_cross_group_difference,RULE_ONLY:B;SUB:M>L;SUB:N>Y;RULE_ONLY:Y,12,12,78,1,15,1,5,21,35,"[""입려카면"", ""입려카며는"", ""입려카시면"", ""입려카셔도"", ""입력씨켜""]"
hold_no_unanimous_exact_context_donor,substantive_difference_candidate,multiple_segment_count_difference,RULE_ONLY:H;RULE_ONLY:Y,30,30,78,16,20,8,9,15,10,"[""시러하며는"", ""시러핻꺼드뇨"", ""힘드러하며는"", ""그러하며는"", ""다하며는""]"
hold_no_unanimous_exact_context_donor,substantive_difference_candidate,mixed_or_cross_group_difference,RULE_ONLY:P;SUB:B>Y;RULE_ONLY:Y;RULE_ONLY:Y,43,43,78,11,13,10,9,12,23,"[""펼쳐쓰면"", ""살펴보며뇨"", ""펼쳐져쓸"", ""펼쳐젿떤"", ""표현해쓰면""]"
hold_no_unanimous_exact_context_donor,substantive_difference_candidate,mixed_or_cross_group_difference,RULE_ONLY:W;SUB:E>AE;SUB:NG>N;RULE_ONLY:N,5,5,77,0,26,24,8,14,5,"[""괜찬켄네"", ""괜찬켄나"", ""괜찬켄는데"", ""괜찬켄니"", ""괜찬켄네라고""]"
hold_candidate_only_deletion_requires_policy,substantive_difference_candidate,single_candidate_unit_extra,CANDIDATE_ONLY:NG,32,32,73,2,43,13,7,5,3,"[""심사위워느로"", ""심사위원드리"", ""심사위워니"", ""심사위워는"", ""심사위워늘""]"
hold_no_unanimous_exact_context_donor,substantive_difference_candidate,mixed_or_cross_group_difference,SUB:NG>N;SUB:NG>G;RULE_ONLY:W,9,9,73,20,7,6,8,12,20,"[""한국때중으막빵물관"", ""한국꽈"", ""한국꽈는"", ""한국꽈의"", ""전국꿔느로""]"
hold_no_unanimous_exact_context_donor,substantive_difference_candidate,mixed_or_cross_group_difference,RULE_ONLY:L;SUB:N>Y;RULE_ONLY:Y,52,52,72,6,10,8,12,13,23,"[""종류며는"", ""종류거드뇨"", ""강려카죠"", ""동료라며는"", ""강려카며는""]"
hold_no_unanimous_exact_context_donor,substantive_difference_candidate,mixed_or_cross_group_difference,RULE_ONLY:Y;SUB:M>B,19,19,72,24,16,3,14,5,10,"[""껴입따"", ""껴입꼬"", ""차려입꼬"", ""껴입꺼나"", ""냉면집또""]"
hold_candidate_only_deletion_requires_policy,substantive_difference_candidate,mixed_or_cross_group_difference,SUB:NG>N;CANDIDATE_ONLY:I,9,9,71,3,7,9,6,11,35,"[""반갑씀니다"", ""돈갑쓸"", ""반갑씀니까"", ""반갑쓰루"", ""반갑쓸""]"
hold_no_unanimous_exact_context_donor,substantive_difference_candidate,mixed_or_cross_group_difference,RULE_ONLY:CH;SUB:J>W;RULE_ONLY:Y;SUB:N>NG,13,13,71,3,24,16,6,15,7,"[""촤령차"", ""촤령도"", ""취향드리"", ""취향저긴"", ""취향드를""]"
hold_no_unanimous_exact_context_donor,substantive_difference_candidate,mixed_or_cross_group_difference,RULE_ONLY:L;SUB:NG>N;RULE_ONLY:W,7,7,70,7,12,4,4,17,26,"[""올라인과"", ""얼론과"", ""홀란과"", ""놀란과"", ""월론과""]"
hold_no_unanimous_exact_context_donor,substantive_difference_candidate,mixed_or_cross_group_difference,RULE_ONLY:G;RULE_ONLY:H;SUB:K>Y;RULE_ONLY:Y,28,28,69,8,32,2,8,9,10,"[""박혀져서"", ""박혀지면"", ""박혀져쓸"", ""박혀져"", ""박혀지면서""]"
hold_no_unanimous_exact_context_donor,substantive_difference_candidate,mixed_or_cross_group_difference,RULE_ONLY:Y;RULE_ONLY:P;SUB:B>Y,17,17,67,9,16,14,9,8,11,"[""교통펴늘"", ""형펴늘"", ""교펴늘"", ""가정형펴니"", ""교통펴느로""]"
hold_no_unanimous_exact_context_donor,substantive_difference_candidate,mixed_or_cross_group_difference,RULE_ONLY:Y;RULE_ONLY:W;SUB:NG>N,37,37,66,8,13,11,12,7,15,"[""계회기라든가"", ""계회기신가요"", ""경과니라든가"", ""혀푀라든가"", ""계회긴가요""]"
hold_no_unanimous_exact_context_donor,substantive_difference_candidate,mixed_or_cross_group_difference,SUB:M>N;RULE_ONLY:L;RULE_ONLY:Y,13,13,66,2,5,31,5,14,9,"[""인플레이셔니"", ""인플레이셔늘"", ""인플레이셔네"", ""인플레이셔니나"", ""인플레이셔는""]"
hold_no_unanimous_exact_context_donor,substantive_difference_candidate,multiple_segment_count_difference,RULE_ONLY:W;RULE_ONLY:NG,23,23,65,3,26,15,4,9,8,"[""무뢍저수지"", ""으뢍리"", ""득쩌뫙을"", ""득쩌뫙도"", ""으뢍리를""]"
hold_no_unanimous_exact_context_donor,substantive_difference_candidate,mixed_or_cross_group_difference,RULE_ONLY:Y;SUB:K>G,37,37,65,6,11,5,12,9,22,"[""규칙썽"", ""불규칙썽"", ""규칙쌍"", ""규칙썽이"", ""교육쌩""]"
hold_no_unanimous_exact_context_donor,substantive_difference_candidate,mixed_or_cross_group_difference,SUB:M>N;RULE_ONLY:L,20,20,65,1,9,5,20,8,22,"[""인플루언서드리"", ""인플루언서드른"", ""인플루언서드릐"", ""인플루언서드를"", ""인플루언서드리나""]"
hold_no_unanimous_exact_context_donor,substantive_difference_candidate,mixed_or_cross_group_difference,RULE_ONLY:L;RULE_ONLY:Y;SUB:M>N,30,30,64,10,2,4,24,12,12,"[""훌련받꼬"", ""훌련바들"", ""실라면보다는"", ""훌련바든"", ""훌련버비라든지""]"
hold_no_unanimous_exact_context_donor,substantive_difference_candidate,mixed_or_cross_group_difference,RULE_ONLY:NG;SUB:M>P;SUB:B>Y,39,39,64,10,17,11,9,6,11,"[""쑥쏭편"", ""항공펴니"", ""항공펴늘"", ""양평여게"", ""임시방펴느로""]"
hold_no_unanimous_exact_context_donor,substantive_difference_candidate,mixed_or_cross_group_difference,RULE_ONLY:Y;SUB:M>NG;SUB:NG>N,19,19,64,13,12,11,5,8,15,"[""부냥반는"", ""존경반는"", ""영향반는"", ""명푸미라든가"", ""경복꿍인가""]"
hold_no_unanimous_exact_context_donor,substantive_difference_candidate,mixed_or_cross_group_difference,RULE_ONLY:CH;SUB:J>W;RULE_ONLY:K;SUB:G>W,18,18,63,0,10,6,2,7,38,"[""최저콰"", ""최저콰가"", ""최저콰를"", ""최저콰에"", ""최저콰하는""]"
hold_no_unanimous_exact_context_donor,substantive_difference_candidate,mixed_or_cross_group_difference,RULE_ONLY:L;SUB:N>Y;SUB:N>NG,19,19,63,1,28,13,8,7,6,"[""장례식짱도"", ""정량저긴"", ""정량저그로"", ""정류장드리"", ""동료드리랑도""]"
hold_no_unanimous_exact_context_donor,substantive_difference_candidate,mixed_or_cross_group_difference,SUB:N>NG;RULE_ONLY:W;SUB:E>AE,23,23,63,3,20,10,7,10,13,"[""중독뙈"", ""중독뙈서"", ""집쭝돼서"", ""중독뙈써"", ""장착뙈""]"
hold_no_unanimous_exact_context_donor,substantive_difference_candidate,mixed_or_cross_group_difference,RULE_ONLY:D;SUB:J>CH;SUB:J>W;RULE_ONLY:Y,16,16,62,13,17,13,10,6,3,"[""맏춰가면서"", ""맏춰쓰면"", ""맏춰가려고"", ""맏춰가면"", ""맏춷꺼드뇨""]"
hold_no_unanimous_exact_context_donor,substantive_difference_candidate,mixed_or_cross_group_difference,RULE_ONLY:CH;SUB:J>W;RULE_ONLY:Y;RULE_ONLY:Y,21,21,61,2,19,19,9,3,9,"[""취지카려면"", ""취어파려면"", ""취어파려며는"", ""촤령하면서"", ""취지카려며는""]"
hold_no_unanimous_exact_context_donor,substantive_difference_candidate,mixed_or_cross_group_difference,SUB:M>N;SUB:B>P,45,45,61,4,7,18,1,23,8,"[""오른파리"", ""벤피글"", ""분피를"", ""인프피드른"", ""인프피드리""]"
hold_no_unanimous_exact_context_donor,substantive_difference_candidate,mixed_or_cross_group_difference,RULE_ONLY:K;SUB:G>W;RULE_ONLY:W;SUB:E>AE,29,29,60,11,9,9,9,10,12,"[""트콰돼"", ""아콰돼"", ""고차콰돼"", ""아콰돼서"", ""아콰됃따""]"
hold_no_unanimous_exact_context_donor,substantive_difference_candidate,mixed_or_cross_group_difference,RULE_ONLY:W;SUB:NG>G;SUB:N>L,25,25,60,2,17,4,9,12,16,"[""확리비"", ""확리블"", ""확리패"", ""확리베"", ""확리팔""]"
hold_no_unanimous_exact_context_donor,substantive_difference_candidate,mixed_or_cross_group_difference,SUB:J>D;RULE_ONLY:Y;RULE_ONLY:N,7,7,60,11,6,5,10,14,14,"[""맏껸는데"", ""맏껴썬는데"", ""맏껴논는"", ""맏껸는데도"", ""맏껸는데요""]"
hold_no_unanimous_exact_context_donor,substantive_difference_candidate,multiple_segment_count_difference,RULE_ONLY:G;RULE_ONLY:W;RULE_ONLY:NG,7,7,58,3,12,11,5,15,12,"[""각꽝을"", ""역꽝으로"", ""각꽝바다지는"", ""각꽝이자나"", ""대적꽝전""]"
hold_no_unanimous_exact_context_donor,substantive_difference_candidate,mixed_or_cross_group_difference,SUB:B>P;RULE_ONLY:Y,19,19,57,7,9,10,6,15,10,"[""픽쎤"", ""픽쎤물"", ""픽쎠니"", ""픽쎠느로"", ""픽쎠늘""]"
hold_no_unanimous_exact_context_donor,substantive_difference_candidate,mixed_or_cross_group_difference,SUB:NG>G;SUB:N>L;RULE_ONLY:Y,30,30,57,6,9,6,12,9,15,"[""독리파면"", ""독리파면서"", ""적립류리"", ""폭라카면서"", ""독리파며는""]"
hold_no_unanimous_exact_context_donor,substantive_difference_candidate,mixed_or_cross_group_difference,SUB:N>NG;RULE_ONLY:L;SUB:N>Y,16,16,56,7,6,8,6,11,18,"[""성장류리"", ""성장류를"", ""행동려기"", ""성장류레"", ""성장류른""]"
hold_candidate_only_deletion_requires_policy,substantive_difference_candidate,mixed_or_cross_group_difference,CANDIDATE_ONLY:NG;SUB:N>Y,44,44,55,11,9,9,9,10,7,"[""의사엳따고"", ""간호사엳따가"", ""기사엳꼬"", ""기사엳따"", ""기사엳씀니다""]"
hold_no_unanimous_exact_context_donor,substantive_difference_candidate,mixed_or_cross_group_difference,SUB:M>B;RULE_ONLY:W,33,34,55,6,14,6,2,16,11,"[""수입꽈"", ""조합꽈"", ""타입꽈"", ""입꽈"", ""수집꽈""]"
hold_no_unanimous_exact_context_donor,substantive_difference_candidate,mixed_or_cross_group_difference,SUB:M>B;RULE_ONLY:W;SUB:E>AE,30,30,55,1,11,8,1,15,19,"[""도입뙈서"", ""도입뙈야"", ""이입뙈서"", ""도입뙈"", ""도입뙈쓸""]"
hold_no_unanimous_exact_context_donor,substantive_difference_candidate,mixed_or_cross_group_difference,RULE_ONLY:M;SUB:NG>N,36,36,54,5,16,5,7,18,3,"[""사람만크믄"", ""엄무라든가"", ""금메다린가"", ""김민서긴가"", ""마음만크믄""]"
hold_no_unanimous_exact_context_donor,substantive_difference_candidate,mixed_or_cross_group_difference,RULE_ONLY:W;RULE_ONLY:K;SUB:G>W,11,11,54,5,11,9,3,13,13,"[""화콱"", ""회쾩"", ""과하콰"", ""화다콰닥"", ""관츠쾨를""]"
hold_no_unanimous_exact_context_donor,substantive_difference_candidate,mixed_or_cross_group_difference,SUB:NG>G;RULE_ONLY:Y;RULE_ONLY:Y,30,30,54,4,12,9,8,7,14,"[""학꾜별"", ""학꾜면"", ""학꾜명"", ""서울대학꾜병원"", ""학꾜엳꺼드뇨""]"
hold_no_unanimous_exact_context_donor,substantive_difference_candidate,single_cross_group_substitution,SUB:D>J,14,14,53,3,7,2,5,19,17,"[""기엉나죠"", ""생강나죠"", ""이러나죠"", ""자재드리"", ""느러나죠""]"
hold_no_unanimous_exact_context_donor,substantive_difference_candidate,mixed_or_cross_group_difference,SUB:NG>N;RULE_ONLY:G;RULE_ONLY:Y,26,26,53,22,10,7,1,8,5,"[""단국때학꾜"", ""건국때학꾜"", ""군산고등학꾜"", ""대신고등학꾜"", ""동산고등학꾜""]"
hold_no_unanimous_exact_context_donor,substantive_difference_candidate,mixed_or_cross_group_difference,RULE_ONLY:T;SUB:D>W;SUB:NG>N,18,18,52,3,16,14,6,5,8,"[""퇴근기레"", ""출퇴근기레"", ""퇴근기를"", ""출퇴근기리"", ""퇴근기리나""]"
hold_no_unanimous_exact_context_donor,substantive_difference_candidate,mixed_or_cross_group_difference,RULE_ONLY:W;SUB:NG>N;RULE_ONLY:W;SUB:N>NG,22,22,52,7,5,13,8,10,9,"[""관광지드리"", ""관광지드를"", ""관광지자나"", ""관광지자나요"", ""관광지드른""]"
hold_no_unanimous_exact_context_donor,substantive_difference_candidate,mixed_or_cross_group_difference,RULE_ONLY:Y;RULE_ONLY:W;SUB:E>AE,26,26,52,3,7,7,8,11,16,"[""계속뙈"", ""현혹뙈서"", ""결합뙈서"", ""계속뙈서"", ""현혹뙈""]"
hold_no_unanimous_exact_context_donor,substantive_difference_candidate,mixed_or_cross_group_difference,RULE_ONLY:Y;SUB:N>NG;SUB:NG>N,36,36,52,6,15,9,10,5,7,"[""명저리라든가"", ""다먕인가"", ""경전처린가"", ""경차린가"", ""다먕이라든가""]"
hold_no_unanimous_exact_context_donor,contrast_review_required,single_contrast_within_acoustic_model_group,SUB:K>G,20,20,52,10,12,3,9,7,11,"[""럭삐"", ""칙떵굴"", ""칙쯥"", ""럭삐가"", ""칙쯔블""]"
hold_no_unanimous_exact_context_donor,substantive_difference_candidate,mixed_or_cross_group_difference,SUB:N>NG;RULE_ONLY:EO,13,13,52,1,12,13,10,9,7,"[""상다뭔"", ""상다뭐늘"", ""상다뭔한테"", ""상다뭔도"", ""상다뭔드리""]"
hold_no_unanimous_exact_context_donor,substantive_difference_candidate,mixed_or_cross_group_difference,SUB:J>D;RULE_ONLY:L,15,15,50,5,13,7,7,6,12,"[""맏깔라게"", ""나맏낄래"", ""맏깔란"", ""맏뜰린"", ""맏찝뜰로""]"
hold_no_unanimous_exact_context_donor,substantive_difference_candidate,mixed_or_cross_group_difference,RULE_ONLY:P;SUB:B>Y;RULE_ONLY:P;SUB:B>Y,14,14,49,11,24,8,1,2,3,"[""팔구펴펴기"", ""팔구펴펴기를"", ""팔구펴펴기나"", ""팔구펴펴기도"", ""팔구펴펴기랑""]"
hold_no_unanimous_exact_context_donor,substantive_difference_candidate,mixed_or_cross_group_difference,SUB:K>G;RULE_ONLY:Y,13,13,48,2,6,11,2,19,8,"[""럭쎠리"", ""럭쎠리한"", ""럭쎠리하게"", ""럭쎠리하고"", ""럭쎠리해""]"
hold_no_unanimous_exact_context_donor,substantive_difference_candidate,mixed_or_cross_group_difference,SUB:M>B;SUB:NG>N,15,15,48,5,19,2,13,1,8,"[""십따든가"", ""십따라든가"", ""십따인가"", ""돕끼라든가"", ""수집뙤는가""]"
hold_no_unanimous_exact_context_donor,substantive_difference_candidate,mixed_or_cross_group_difference,RULE_ONLY:W;RULE_ONLY:Y;SUB:NG>N,30,30,47,3,15,11,5,4,9,"[""과균기"", ""고정관녀민가"", ""관녀미라든가"", ""화략쌍이라든가"", ""화룡이라든가""]"
hold_no_unanimous_exact_context_donor,substantive_difference_candidate,mixed_or_cross_group_difference,RULE_ONLY:Y;SUB:M>N;RULE_ONLY:Y,23,23,47,8,15,1,6,10,7,"[""도련벼니"", ""항년별"", ""변배켠"", ""변배켜니"", ""도련벼니가""]"
hold_no_unanimous_exact_context_donor,substantive_difference_candidate,mixed_or_cross_group_difference,SUB:SS>S;SUB:NG>N,26,26,47,3,10,14,4,11,5,"[""시스테미라든가"", ""출시닌가"", ""칠시빈가"", ""팔시빈가"", ""백팔시빈가""]"
hold_no_unanimous_exact_context_donor,substantive_difference_candidate,mixed_or_cross_group_difference,SUB:N>NG;RULE_ONLY:P;SUB:B>Y,9,9,46,6,9,9,8,9,5,"[""상대펴니"", ""상대펴네서"", ""상대펴늘"", ""상대펴네"", ""상대펴는""]"
hold_no_unanimous_exact_context_donor,substantive_difference_candidate,mixed_or_cross_group_difference,RULE_ONLY:L;SUB:N>Y;SUB:NG>N,25,25,45,8,14,3,8,3,9,"[""능려기라든가"", ""장례식짱이라든가"", ""능령만큼"", ""강려캗떤가"", ""능령만크믄""]"
hold_no_unanimous_exact_context_donor,substantive_difference_candidate,mixed_or_cross_group_difference,RULE_ONLY:Y;SUB:NG>G;RULE_ONLY:W,25,25,45,1,10,0,21,9,4,"[""자겁치료학꽈"", ""치료학꽈를"", ""경호학꽈"", ""치료학꽈"", ""경호학꽈에""]"
hold_no_unanimous_exact_context_donor,substantive_difference_candidate,mixed_or_cross_group_difference,RULE_ONLY:Y;SUB:NG>N;RULE_ONLY:W,20,20,45,4,7,3,10,10,11,"[""액쎤과"", ""여녜인과"", ""성균과네서"", ""성균과네"", ""성균관대여게서""]"
hold_no_unanimous_exact_context_donor,substantive_difference_candidate,multiple_segment_count_difference,RULE_ONLY:W;RULE_ONLY:G;RULE_ONLY:Y,26,26,44,15,12,3,7,6,1,"[""사관학꾜"", ""공군사관학꾜"", ""특썽화고등학꾜"", ""포항공과대학꾜"", ""공과대학꾜""]"
hold_no_unanimous_exact_context_donor,substantive_difference_candidate,mixed_or_cross_group_difference,SUB:NG>G;RULE_ONLY:W;RULE_ONLY:Y,30,30,44,5,10,13,3,2,11,"[""핵꽈류"", ""복뀌하면서"", ""복뀌하면"", ""학꽈거드뇨"", ""학꽈며는""]"
hold_no_unanimous_exact_context_donor,substantive_difference_candidate,mixed_or_cross_group_difference,RULE_ONLY:D;SUB:N>L,14,14,43,2,5,8,8,13,7,"[""뒫쩡리를"", ""뒫쩡리하는"", ""뒫쩡리"", ""뒫쩡리도"", ""뒫쩡리가""]"
hold_no_unanimous_exact_context_donor,substantive_difference_candidate,mixed_or_cross_group_difference,RULE_ONLY:CH;SUB:J>W;SUB:NG>N,28,28,41,2,8,9,5,11,6,"[""취어비라든가"", ""최그넨가"", ""취드기라든가"", ""최그닌가"", ""취나무리라든가""]"
hold_no_unanimous_exact_context_donor,substantive_difference_candidate,mixed_or_cross_group_difference,RULE_ONLY:P;SUB:B>Y;SUB:D>T,13,13,41,10,4,6,2,11,8,"[""국까대표팀"", ""대표티메"", ""대표티미"", ""국까대표티메"", ""대표티믜""]"
hold_no_unanimous_exact_context_donor,substantive_difference_candidate,mixed_or_cross_group_difference,SUB:N>G;RULE_ONLY:W,11,11,41,4,8,5,2,4,18,"[""방식꽈"", ""사고방식꽈"", ""양식꽈"", ""증식꽈"", ""냉각꽈""]"
hold_candidate_only_deletion_requires_policy,substantive_difference_candidate,mixed_or_cross_group_difference,CANDIDATE_ONLY:NG;SUB:E>AE,19,19,40,4,7,10,4,8,7,"[""차애글"", ""남자애여써"", ""남자애엳꺼든"", ""남자애엳꼬"", ""여자애엳꺼든""]"
hold_no_unanimous_exact_context_donor,substantive_difference_candidate,mixed_or_cross_group_difference,RULE_ONLY:S;SUB:SS>Y;SUB:B>P;RULE_ONLY:Y,12,12,40,0,5,9,3,3,20,"[""쇼핑하며는"", ""쇼핑하거드뇨"", ""쇼핑하셔쓸"", ""쇼핑한다며는"", ""쇼핑모리면""]"
hold_no_unanimous_exact_context_donor,substantive_difference_candidate,mixed_or_cross_group_difference,SUB:D>T;RULE_ONLY:G,18,18,40,4,8,12,6,7,3,"[""주택까에"", ""주택까가"", ""주택까다"", ""주택까에서"", ""주택까연는데""]"
hold_no_unanimous_exact_context_donor,substantive_difference_candidate,mixed_or_cross_group_difference,RULE_ONLY:W;RULE_ONLY:W;SUB:E>AE,29,29,39,7,5,3,6,4,14,"[""회복뙈쓸"", ""상어퐈됃꼬"", ""회복뙈"", ""회복뙈서"", ""회복뙈야""]"
hold_candidate_only_deletion_requires_policy,substantive_difference_candidate,multiple_segment_count_difference,RULE_ONLY:W;CANDIDATE_ONLY:I,9,9,38,3,6,2,3,4,20,"[""상과넙씀니다"", ""괴롭씀니다"", ""당황스럽씀니다"", ""죄갑쓸"", ""후회스럽씀니다""]"
hold_no_unanimous_exact_context_donor,substantive_difference_candidate,mixed_or_cross_group_difference,RULE_ONLY:W;SUB:E>AE;SUB:NG>N;RULE_ONLY:Y,6,6,38,4,9,5,6,3,11,"[""괜찬커드뇨"", ""괜찬켇쬬"", ""괜찬켄냐고"", ""괜찬켄냐"", ""괜차느신거죠""]"
hold_no_unanimous_exact_context_donor,substantive_difference_candidate,multiple_segment_count_difference,RULE_ONLY:Y;RULE_ONLY:EU_G,10,10,38,1,8,5,2,8,14,"[""걔마늬"", ""액쎠늬"", ""옵쎠늬"", ""걔네마늬"", ""걔네들마늬""]"
hold_no_unanimous_exact_context_donor,substantive_difference_candidate,single_cross_group_substitution,SUB:I>W,2,2,38,2,2,0,2,6,26,"[""쉽씀니다"", ""쉽씀니까""]"
hold_no_unanimous_exact_context_donor,substantive_difference_candidate,mixed_or_cross_group_difference,SUB:NG>N;SUB:M>N,22,22,38,5,9,4,12,7,1,"[""순간바께"", ""한구긴보다"", ""한구긴뿐만"", ""건강검진바든"", ""인건비드리""]"
hold_no_unanimous_exact_context_donor,substantive_difference_candidate,multiple_segment_count_difference,RULE_ONLY:Y;RULE_ONLY:L;RULE_ONLY:Y,12,12,37,7,5,8,5,6,6,"[""향실료도"", ""추렬료도"", ""액쎨류"", ""액쎨류를"", ""추렬료로""]"
hold_no_unanimous_exact_context_donor,substantive_difference_candidate,mixed_or_cross_group_difference,SUB:J>D;RULE_ONLY:N,16,16,37,4,14,3,7,6,3,"[""맏찌비언는데"", ""맏껜네"", ""맏딴는"", ""맏껜나"", ""나맏껜네""]"
hold_no_unanimous_exact_context_donor,substantive_difference_candidate,mixed_or_cross_group_difference,SUB:M>N;SUB:N>NG,22,22,37,10,4,6,9,5,3,"[""선배드리랑도"", ""천방지추그로"", ""전복짱도"", ""천방지추긔"", ""천방지추기고""]"
hold_no_unanimous_exact_context_donor,substantive_difference_candidate,mixed_or_cross_group_difference,SUB:NG>G;RULE_ONLY:Y;SUB:NG>N,19,19,37,4,12,6,5,6,4,"[""학꾜라든가"", ""학꾠가"", ""식째료라든가"", ""대학꾜인가"", ""식껴니라든가""]"
hold_no_unanimous_exact_context_donor,substantive_difference_candidate,mixed_or_cross_group_difference,RULE_ONLY:G;SUB:K>H;RULE_ONLY:Y,17,17,36,8,3,4,5,12,4,"[""박히면"", ""극히면"", ""박히려고"", ""박히며"", ""박히면서""]"
hold_no_unanimous_exact_context_donor,substantive_difference_candidate,mixed_or_cross_group_difference,RULE_ONLY:G;SUB:N>NG,22,22,36,1,10,10,2,4,9,"[""닥꽁장"", ""만석딱깡정"", ""식꼰증도"", ""불닥꽁장"", ""적끅썽도""]"
hold_no_unanimous_exact_context_donor,substantive_difference_candidate,mixed_or_cross_group_difference,RULE_ONLY:Y;RULE_ONLY:Y;SUB:NG>N,30,30,36,9,8,4,4,6,5,"[""결혼기녀미리라든가"", ""결혼기녀미린가"", ""커뮤니케이셔니라든가"", ""혀라뱌기라든가"", ""교원자격쯩이라든가""]"
hold_no_unanimous_exact_context_donor,substantive_difference_candidate,mixed_or_cross_group_difference,SUB:M>N;RULE_ONLY:W;SUB:E>AE,17,17,36,3,8,4,6,6,9,"[""반복뙈"", ""반복뙈서"", ""반복뙏떤"", ""반복뙏씀니다"", ""완판됃따는""]"
hold_no_unanimous_exact_context_donor,substantive_difference_candidate,mixed_or_cross_group_difference,SUB:NG>G;RULE_ONLY:EU_G,5,5,36,10,6,3,2,10,5,"[""백쫑워늬"", ""대학쌩들마늬"", ""복싸보늬"", ""측끄늬"", ""학쌩들마늬""]"
hold_no_unanimous_exact_context_donor,substantive_difference_candidate,mixed_or_cross_group_difference,RULE_ONLY:CH;SUB:J>W;RULE_ONLY:K;SUB:G>W;RULE_ONLY:W,4,4,35,7,7,6,3,7,5,"[""최저콰된"", ""최저콰되어"", ""최저콰되게"", ""최저콰되고""]"
hold_no_unanimous_exact_context_donor,substantive_difference_candidate,mixed_or_cross_group_difference,RULE_ONLY:CH;SUB:J>W;RULE_ONLY:W;SUB:E>AE,22,22,35,6,13,7,3,4,2,"[""취소됃따고"", ""취소돼써"", ""취소돼쓸"", ""취소됃꼬"", ""취소됃따""]"
hold_no_unanimous_exact_context_donor,substantive_difference_candidate,mixed_or_cross_group_difference,RULE_ONLY:T;SUB:D>W;RULE_ONLY:N,19,19,35,5,8,5,6,6,5,"[""튀어나완는데"", ""다퉌는데"", ""퇴근핸는데"", ""퇴지캔는데"", ""은퇴핸는데""]"
hold_no_unanimous_exact_context_donor,substantive_difference_candidate,mixed_or_cross_group_difference,RULE_ONLY:Y;RULE_ONLY:K;SUB:G>Y,3,3,35,25,3,3,1,3,0,"[""혀래켱이랑"", ""아겨컁"", ""혀래켱이랑은""]"
hold_no_unanimous_exact_context_donor,substantive_difference_candidate,multiple_segment_count_difference,RULE_ONLY:Y;RULE_ONLY:W,22,22,35,4,11,7,1,9,3,"[""불혀퐈음"", ""불혀퐈으미"", ""다녀쏴써써요"", ""다녀쏻꺼든"", ""불혀퐈음드리""]"
hold_no_unanimous_exact_context_donor,substantive_difference_candidate,mixed_or_cross_group_difference,RULE_ONLY:G;RULE_ONLY:K;SUB:G>W,9,9,33,5,18,3,3,3,1,"[""핵까조콰"", ""핵까조콰가"", ""핵까조콰의"", ""국꾸쾨"", ""핵까조콰고""]"
hold_no_unanimous_exact_context_donor,substantive_difference_candidate,mixed_or_cross_group_difference,RULE_ONLY:W;SUB:NG>N;RULE_ONLY:Y,17,17,32,5,3,4,4,5,11,"[""귀찬커드뇨"", ""되는구뇨"", ""봐썬냐"", ""환가비면"", ""환급류리""]"
hold_no_unanimous_exact_context_donor,substantive_difference_candidate,multiple_segment_count_difference,RULE_ONLY:Y;RULE_ONLY:NG,5,5,32,4,3,6,7,8,4,"[""이뱡에"", ""다먕에서"", ""이뱡으로"", ""그뱡에서"", ""하녜종에서""]"
hold_no_unanimous_exact_context_donor,substantive_difference_candidate,mixed_or_cross_group_difference,SUB:N>L;RULE_ONLY:Y,24,24,32,3,7,6,3,5,8,"[""생리혀리"", ""정리하며는"", ""정리해쓰면"", ""강릉이거드뇨"", ""강릉이며는""]"
hold_no_unanimous_exact_context_donor,substantive_difference_candidate,mixed_or_cross_group_difference,SUB:N>NG;RULE_ONLY:G;RULE_ONLY:Y,24,24,32,8,10,4,2,1,7,"[""서강대학꾜"", ""중앙대학꾜"", ""중등학꾜"", ""공덕초등학꾜"", ""목똥중학꾜""]"
hold_candidate_only_deletion_requires_policy,substantive_difference_candidate,multiple_segment_count_difference,RULE_ONLY:Y;CANDIDATE_ONLY:I,7,7,31,3,3,3,12,4,6,"[""존경스럽씀니다"", ""기계갑쓸"", ""대견스럽씀니다"", ""혀모스럽씀니다"", ""감격쓰럽씀니다""]"
hold_no_unanimous_exact_context_donor,substantive_difference_candidate,multiple_segment_count_difference,RULE_ONLY:G;RULE_ONLY:W;RULE_ONLY:Y,12,12,31,2,16,7,3,2,1,"[""직꽌형"", ""저작꿜료가"", ""저작꿜료를"", ""저작꿜료"", ""도덕꽌념""]"
hold_no_unanimous_exact_context_donor,substantive_difference_candidate,mixed_or_cross_group_difference,RULE_ONLY:P;SUB:B>Y;RULE_ONLY:W;SUB:M>B,1,1,31,3,4,4,5,4,11,"[""평화롭꼬""]"
hold_no_unanimous_exact_context_donor,substantive_difference_candidate,mixed_or_cross_group_difference,RULE_ONLY:Y;SUB:M>N;RULE_ONLY:Y;RULE_ONLY:Y,6,6,31,0,18,1,6,4,2,"[""변별려기"", ""변별려글"", ""변별려근"", ""변별려그로"", ""변별려기라""]"
hold_no_unanimous_exact_context_donor,substantive_difference_candidate,mixed_or_cross_group_difference,SUB:M>B;RULE_ONLY:N,16,16,31,5,11,7,4,3,1,"[""십껜네"", ""입껜는데"", ""십껜나"", ""십껜니"", ""입껜네""]"
hold_no_unanimous_exact_context_donor,substantive_difference_candidate,mixed_or_cross_group_difference,SUB:NG>G;SUB:N>NG,15,15,31,4,5,3,1,7,11,"[""청국짱찌개"", ""청국짱도"", ""청국짱지비"", ""학쌩증도"", ""학짱도""]"
hold_no_unanimous_exact_context_donor,substantive_difference_candidate,mixed_or_cross_group_difference,SUB:NG>N;RULE_ONLY:K;SUB:G>W,11,11,31,3,6,4,2,1,15,"[""한구콰"", ""선진구콰"", ""한구금성하쾨"", ""선진구콰가"", ""한구금성하쾨에""]"
hold_no_unanimous_exact_context_donor,substantive_difference_candidate,multiple_segment_count_difference,RULE_ONLY:G;RULE_ONLY:N,22,22,30,3,4,3,6,8,6,"[""먹꼬사란는데"", ""똑까탠는데"", ""먹꼬살겐나"", ""짝꿍이언나"", ""꼬박꼬바캔는데""]"
hold_no_unanimous_exact_context_donor,substantive_difference_candidate,mixed_or_cross_group_difference,RULE_ONLY:K;SUB:G>W;RULE_ONLY:Y,27,27,30,6,3,3,5,6,7,"[""그콰시켜서"", ""노콰하시면"", ""배콰저미면"", ""가소콰시켣떤"", ""고차콰시켜서""]"
hold_no_unanimous_exact_context_donor,substantive_difference_candidate,mixed_or_cross_group_difference,RULE_ONLY:W;RULE_ONLY:L;SUB:NG>N,16,16,30,4,6,3,4,4,9,"[""괄리라든가"", ""괄리산가"", ""대괄람찬가"", ""괄라미라든가"", ""괄리기사인가""]"
hold_no_unanimous_exact_context_donor,substantive_difference_candidate,mixed_or_cross_group_difference,SUB:N>NG;SUB:J>D,11,11,29,10,3,6,4,6,0,"[""앙증맏따"", ""생뚱맏께"", ""앙증맏꼬"", ""생뚱맏낀"", ""능청맏꼬""]"
hold_no_unanimous_exact_context_donor,substantive_difference_candidate,mixed_or_cross_group_difference,SUB:NG>G;RULE_ONLY:L;SUB:N>Y,8,8,29,6,3,5,0,3,12,"[""식째료로"", ""식째료인"", ""식째료인데"", ""식째료인데요"", ""식째료들""]"
hold_no_unanimous_exact_context_donor,substantive_difference_candidate,mixed_or_cross_group_difference,SUB:NG>G;SUB:N>L;RULE_ONLY:Y;RULE_ONLY:W,11,11,29,5,9,4,9,0,2,"[""독리병화"", ""독립끼념관"", ""독리병화를"", ""독리병화나"", ""독리병화는""]"
hold_candidate_only_deletion_requires_policy,substantive_difference_candidate,multiple_segment_count_difference,RULE_ONLY:L;CANDIDATE_ONLY:I,9,9,28,0,0,0,1,3,24,"[""클루셉쓰키가"", ""클루셉쓰키의"", ""틀리멉씀니다"", ""보일러갑쓸"", ""실라스럽씀니다""]"
hold_no_unanimous_exact_context_donor,substantive_difference_candidate,mixed_or_cross_group_difference,RULE_ONLY:K;SUB:G>W;SUB:NG>N,14,14,28,1,6,3,4,6,8,"[""배콰저미라든가"", ""배콰저민가"", ""롣떼배콰저민가"", ""스콰시라든가"", ""나콰아민가""]"
hold_no_unanimous_exact_context_donor,substantive_difference_candidate,mixed_or_cross_group_difference,RULE_ONLY:P;SUB:B>Y;RULE_ONLY:Y;RULE_ONLY:N,15,15,28,5,1,2,5,8,7,"[""편해젼는데"", ""표현핸는데"", ""펼쳔는데"", ""펴니션나요"", ""대표겨기언는데""]"
hold_no_unanimous_exact_context_donor,substantive_difference_candidate,mixed_or_cross_group_difference,RULE_ONLY:Y;SUB:B>P,16,16,28,1,4,0,2,5,16,"[""보캅쑈핑몰"", ""쑈핑모를"", ""쑈핑모리"", ""쑈핑모레서"", ""쑈핑모레""]"
hold_no_unanimous_exact_context_donor,substantive_difference_candidate,single_rule_unit_missing_from_candidate,RULE_ONLY:I,19,19,27,6,3,2,4,2,10,"[""뒤적뛰적"", ""업치락뛰치락"", ""압뛰도"", ""뒤적뛰저카고"", ""업치락뛰치라카다가""]"
hold_no_unanimous_exact_context_donor,substantive_difference_candidate,mixed_or_cross_group_difference,RULE_ONLY:P;SUB:B>Y;RULE_ONLY:W;SUB:E>AE,17,17,27,4,6,8,0,5,4,"[""발표됃떤"", ""편집뙈서"", ""폐지됃찌만"", ""편집뙈"", ""폐업뙌는데""]"
hold_no_unanimous_exact_context_donor,substantive_difference_candidate,mixed_or_cross_group_difference,SUB:B>P;RULE_ONLY:B,11,11,27,4,0,0,2,3,18,"[""핍빡"", ""핍빠글"", ""핍빠기나"", ""핍빠게도"", ""핍빠기""]"
hold_no_unanimous_exact_context_donor,substantive_difference_candidate,mixed_or_cross_group_difference,SUB:M>NG;RULE_ONLY:G,11,11,27,5,7,4,2,5,4,"[""방방곡꼭"", ""방방곡꼬글"", ""방방곡꼬게"", ""강박쩍까지는"", ""성북꾸가""]"
hold_no_unanimous_exact_context_donor,substantive_difference_candidate,mixed_or_cross_group_difference,RULE_ONLY:CH;SUB:J>W;RULE_ONLY:M,10,10,26,3,12,6,1,1,3,"[""취엄만"", ""취엄마늘"", ""최저시금만"", ""취엄무늘"", ""최저등금만""]"
hold_no_unanimous_exact_context_donor,substantive_difference_candidate,multiple_segment_count_difference,RULE_ONLY:Y;RULE_ONLY:H;RULE_ONLY:Y,9,9,26,3,15,4,0,4,0,"[""뭐냐하며는"", ""핸냐하며는"", ""뜨시냐하며는"", ""핸냐하면"", ""뭐연느냐하면""]"
hold_no_unanimous_exact_context_donor,substantive_difference_candidate,mixed_or_cross_group_difference,RULE_ONLY:Y;SUB:P>B,17,17,26,6,7,3,2,5,3,"[""단계바께"", ""비협쪼저그로"", ""비협쪼저긴"", ""자기계바를"", ""자기계바리""]"
hold_no_unanimous_exact_context_donor,substantive_difference_candidate,mixed_or_cross_group_difference,SUB:J>D;RULE_ONLY:Y;RULE_ONLY:Y,18,18,26,4,7,4,6,2,3,"[""맏껴쓰면"", ""맏껴져"", ""맏껴져쓸"", ""맏껻쬬"", ""맏껴노으면""]"
hold_no_unanimous_exact_context_donor,substantive_difference_candidate,mixed_or_cross_group_difference,SUB:JJ>D;SUB:B>P,1,1,26,6,2,0,3,10,5,"[""읻따시피""]"
hold_no_unanimous_exact_context_donor,substantive_difference_candidate,mixed_or_cross_group_difference,SUB:N>NG;RULE_ONLY:G;RULE_ONLY:W,7,7,26,8,5,1,2,5,5,"[""정책꽈"", ""장충체육꽌"", ""행정학꽈도"", ""정책뜰과"", ""상담학꽈도""]"
hold_no_unanimous_exact_context_donor,substantive_difference_candidate,mixed_or_cross_group_difference,RULE_ONLY:CH;SUB:J>W;SUB:M>N,15,15,25,5,9,4,4,1,2,"[""최신포늘"", ""최신포느로"", ""취업쭌비"", ""취업쭌비를"", ""최신파느로""]"
hold_no_unanimous_exact_context_donor,substantive_difference_candidate,mixed_or_cross_group_difference,RULE_ONLY:P;SUB:B>Y;RULE_ONLY:L;RULE_ONLY:W,4,4,25,0,12,2,0,4,7,"[""펼리화"", ""펼리함과"", ""펼리성과"", ""펼리화가""]"
hold_no_unanimous_exact_context_donor,substantive_difference_candidate,mixed_or_cross_group_difference,RULE_ONLY:P;SUB:B>Y;RULE_ONLY:Y;RULE_ONLY:L;RULE_ONLY:Y,6,6,25,5,2,5,3,3,7,"[""표혈려기"", ""표혈력"", ""표혈력또"", ""표혈려게"", ""표혈려글""]"
hold_no_unanimous_exact_context_donor,substantive_difference_candidate,multiple_segment_count_difference,RULE_ONLY:W;RULE_ONLY:B,12,12,25,0,5,6,2,8,4,"[""회덥빱"", ""회덥빠븐"", ""회덥빱또"", ""회덥빠베서"", ""회덥빠브로""]"
hold_no_unanimous_exact_context_donor,substantive_difference_candidate,mixed_or_cross_group_difference,RULE_ONLY:W;SUB:E>AE;RULE_ONLY:Y,18,18,25,4,3,2,5,7,4,"[""잘몯뙈쓰면"", ""종식뙈쓰면"", ""시작뙏쬬"", ""잘몯뙏쬬"", ""드랍뙈쓰면""]"
hold_no_unanimous_exact_context_donor,substantive_difference_candidate,mixed_or_cross_group_difference,SUB:M>N;SUB:T>D,9,9,25,0,15,1,1,7,1,"[""신부드리"", ""신부드른"", ""신부대기시레서"", ""신부대기시레"", ""신부대기시레도""]"
hold_no_unanimous_exact_context_donor,substantive_difference_candidate,mixed_or_cross_group_difference,SUB:N>NG;SUB:M>B,17,17,25,1,15,5,2,1,1,"[""무통장입끔"", ""홍대입꾸"", ""홍대입꾸에서"", ""가정집또"", ""우동집또""]"
hold_no_unanimous_exact_context_donor,substantive_difference_candidate,mixed_or_cross_group_difference,SUB:NG>N;SUB:B>P,7,7,25,6,2,2,3,6,6,"[""긴그피"", ""손꼬피는"", ""손꼬필"", ""손꼬피고"", ""단고리다시피""]"
hold_candidate_only_deletion_requires_policy,substantive_difference_candidate,mixed_or_cross_group_difference,RULE_ONLY:W;CANDIDATE_ONLY:NG;SUB:N>Y,8,8,24,0,5,8,2,5,4,"[""회사엳꺼든"", ""회사엳씀니다"", ""회사엳짜나"", ""회사엳꼬"", ""회사엳끼""]"
hold_no_unanimous_exact_context_donor,substantive_difference_candidate,mixed_or_cross_group_difference,RULE_ONLY:L;SUB:N>Y;RULE_ONLY:N,18,18,24,4,6,4,3,3,4,"[""종류연는데"", ""능려긴는"", ""음료연는데"", ""가창려긴는"", ""감량핸는데""]"
hold_no_unanimous_exact_context_donor,substantive_difference_candidate,mixed_or_cross_group_difference,RULE_ONLY:T;SUB:D>Y;RULE_ONLY:L,9,9,24,5,0,8,5,2,4,"[""튤리비"", ""튤리블"", ""튤리븐"", ""튤립또"", ""부텨놛낄래""]"
hold_no_unanimous_exact_context_donor,substantive_difference_candidate,mixed_or_cross_group_difference,SUB:J>D;RULE_ONLY:M,6,6,24,2,5,3,2,6,6,"[""맏찜만"", ""맏찜마늘"", ""맏께끔만"", ""맏찜마다"", ""맏찜먿찌베서""]"
hold_no_unanimous_exact_context_donor,substantive_difference_candidate,mixed_or_cross_group_difference,SUB:M>N;RULE_ONLY:W,21,21,24,6,5,2,2,3,6,"[""전복꽈"", ""헌법꽈"", ""금강노인복찌과네서"", ""노인복찌과네"", ""노인복찌과니라든지""]"
hold_no_unanimous_exact_context_donor,substantive_difference_candidate,mixed_or_cross_group_difference,SUB:M>NG;SUB:NG>G;RULE_ONLY:W,15,15,24,0,1,1,2,7,13,"[""문헌정보학꽈"", ""홍보학꽈는"", ""홍보학꽈가"", ""정보학꽈"", ""정보학꽈에""]"
hold_no_unanimous_exact_context_donor,substantive_difference_candidate,mixed_or_cross_group_difference,SUB:NG>G;RULE_ONLY:Y;RULE_ONLY:W;RULE_ONLY:Y,4,4,24,0,0,3,8,6,7,"[""학꾜생활하면서"", ""학꾜생화리면"", ""학꾜생활하시면서"", ""학꾜생활해써하셔쓸""]"
hold_no_unanimous_exact_context_donor,substantive_difference_candidate,multiple_segment_count_difference,RULE_ONLY:G;RULE_ONLY:W;RULE_ONLY:W,9,9,23,1,11,2,3,4,2,"[""객꽌화"", ""객꽌화가"", ""객꽌화를"", ""객꽌화해서"", ""객꽌화시킬""]"
hold_no_unanimous_exact_context_donor,substantive_difference_candidate,mixed_or_cross_group_difference,SUB:D>S;SUB:Y>W,16,16,23,4,2,5,4,6,2,"[""캐숴싱"", ""캐숴크"", ""부숻떤"", ""부숴놔써"", ""모솨""]"
hold_no_unanimous_exact_context_donor,substantive_difference_candidate,mixed_or_cross_group_difference,SUB:N>L;RULE_ONLY:W;SUB:E>AE,14,14,23,5,7,2,3,2,4,"[""등록뙈"", ""등록뙈서"", ""정리됃따"", ""등록뙌는지"", ""성립뙈야""]"
hold_no_unanimous_exact_context_donor,substantive_difference_candidate,mixed_or_cross_group_difference,SUB:N>NG;SUB:NG>G;RULE_ONLY:Y,17,17,23,13,4,3,2,1,0,"[""우송대학꾜"", ""영나미공대학꾜"", ""한동대학꾜"", ""해양대학꾜를"", ""방송통신대학꾜를""]"
hold_no_unanimous_exact_context_donor,substantive_difference_candidate,mixed_or_cross_group_difference,SUB:NG>G;SUB:NG>G,10,10,23,13,1,0,0,3,6,"[""역싸학짜"", ""역싸학짜드리"", ""역싸학짜가"", ""역싸학짜고"", ""역싸학짜는""]"
hold_no_unanimous_exact_context_donor,substantive_difference_candidate,mixed_or_cross_group_difference,RULE_ONLY:CH;SUB:J>W;RULE_ONLY:Y;SUB:N>NG;RULE_ONLY:W,6,6,22,0,12,0,0,3,7,"[""촤령된"", ""촤령되는"", ""촤령될"", ""촤령되고"", ""촤령되메""]"
hold_no_unanimous_exact_context_donor,substantive_difference_candidate,mixed_or_cross_group_difference,RULE_ONLY:G;SUB:K>H,14,14,22,0,6,4,4,4,4,"[""한목핻따고"", ""북히는"", ""한목핻꼬"", ""한목핻떤"", ""목핻꼬""]"
hold_no_unanimous_exact_context_donor,substantive_difference_candidate,mixed_or_cross_group_difference,RULE_ONLY:G;SUB:NG>L;SUB:N>Y;RULE_ONLY:W,11,11,22,2,4,3,3,6,4,"[""조직력꽈"", ""폭력썽과"", ""학력꽈"", ""폭력꽈"", ""기억력꽈""]"
hold_no_unanimous_exact_context_donor,substantive_difference_candidate,mixed_or_cross_group_difference,RULE_ONLY:P;SUB:B>Y;RULE_ONLY:W;RULE_ONLY:N,4,4,22,2,7,2,2,6,3,"[""살펴봔는데"", ""이펴봔는데"", ""부평문화재다니언나"", ""살펴봐야겐네""]"
hold_no_unanimous_exact_context_donor,substantive_difference_candidate,multiple_segment_count_difference,RULE_ONLY:W;RULE_ONLY:Y,17,17,22,3,3,5,5,3,3,"[""쐬며는"", ""냅뚸쓰며는"", ""동그퐈하려는"", ""봐쌰겓따"", ""봗쎧""]"
hold_no_unanimous_exact_context_donor,substantive_difference_candidate,mixed_or_cross_group_difference,SUB:M>N;RULE_ONLY:Y;SUB:N>NG,16,16,22,3,4,3,6,4,2,"[""성인병드리"", ""운전병드리"", ""신병드리"", ""정신병자드리"", ""노인병드리""]"
hold_no_unanimous_exact_context_donor,substantive_difference_candidate,mixed_or_cross_group_difference,RULE_ONLY:P;SUB:B>Y;RULE_ONLY:Y;SUB:P>B,10,10,21,5,4,5,0,3,4,"[""편협뙨"", ""편협쩌긴"", ""편협뙤지"", ""편협뙤게"", ""편협뙤는""]"
hold_no_unanimous_exact_context_donor,substantive_difference_candidate,mixed_or_cross_group_difference,RULE_ONLY:Y;RULE_ONLY:Y;SUB:M>NG,5,5,21,4,2,4,5,5,1,"[""애겨뇽품"", ""애겨뇽품도"", ""애겨뇽푸믈"", ""애겨뇽품들"", ""애겨뇽푸미""]"
hold_no_unanimous_exact_context_donor,substantive_difference_candidate,mixed_or_cross_group_difference,RULE_ONLY:B;SUB:NG>N,14,14,20,2,4,3,2,5,4,"[""덥빠비라든가"", ""압빠기라든가"", ""배기십파린가"", ""낙찌덥빠빈가"", ""납푸미러이라든가""]"
hold_no_unanimous_exact_context_donor,substantive_difference_candidate,mixed_or_cross_group_difference,RULE_ONLY:K;SUB:G>W;RULE_ONLY:L,15,15,20,7,3,3,3,2,2,"[""바퀴벌레드리"", ""콰이얻플레이스"", ""쾰르네서"", ""쾰르니라고"", ""구쾨의원들로""]"
hold_no_unanimous_exact_context_donor,substantive_difference_candidate,mixed_or_cross_group_difference,RULE_ONLY:L;RULE_ONLY:Y;SUB:K>G,6,6,20,4,10,1,0,4,1,"[""기술려긔"", ""절려긔"", ""글려긔"", ""고그빌려긔"", ""자볼려긔""]"
hold_no_unanimous_exact_context_donor,substantive_difference_candidate,mixed_or_cross_group_difference,RULE_ONLY:L;RULE_ONLY:Y;SUB:NG>G;RULE_ONLY:W,10,10,20,3,14,2,0,1,0,"[""물리치료학꽈"", ""물리치료학꽈를"", ""물리치료학꽈나"", ""물리치료학꽈는"", ""물리치료학꽈에""]"
hold_no_unanimous_exact_context_donor,substantive_difference_candidate,mixed_or_cross_group_difference,RULE_ONLY:P;SUB:B>Y;RULE_ONLY:Y;RULE_ONLY:W,16,16,20,6,4,1,2,4,3,"[""평생교유권"", ""평생교유궈네서"", ""단펴녕화를"", ""단펴녕화에"", ""차사너평명과""]"
hold_no_unanimous_exact_context_donor,substantive_difference_candidate,mixed_or_cross_group_difference,RULE_ONLY:T;SUB:D>W;RULE_ONLY:Y;SUB:NG>N,10,10,20,1,1,3,3,12,0,"[""퇴지견금"", ""퇴지견그미"", ""퇴지견금도"", ""퇴지견그믈"", ""출퇴그뇽인가""]"
hold_no_unanimous_exact_context_donor,substantive_difference_candidate,mixed_or_cross_group_difference,RULE_ONLY:W;SUB:NG>N;RULE_ONLY:W;RULE_ONLY:W,11,11,20,7,3,4,0,1,5,"[""관광학꽈"", ""호텔관광학꽈"", ""관광학꽈를"", ""관광객꽈"", ""관광객뜰과""]"
hold_no_unanimous_exact_context_donor,substantive_difference_candidate,multiple_segment_count_difference,RULE_ONLY:Y;RULE_ONLY:L,6,6,20,4,0,4,2,6,4,"[""캡쓜로"", ""걔네드리야말로"", ""떡쓜랭이라고"", ""떡쓜랭이라는"", ""액쎤물로""]"
hold_no_unanimous_exact_context_donor,substantive_difference_candidate,mixed_or_cross_group_difference,SUB:NG>G;SUB:N>L;RULE_ONLY:M,7,7,20,2,1,4,0,1,12,"[""독림문"", ""독림만"", ""독림무네"", ""독림무느로"", ""국림민속""]"
hold_no_unanimous_exact_context_donor,substantive_difference_candidate,mixed_or_cross_group_difference,SUB:NG>N;RULE_ONLY:M,13,13,20,0,4,3,3,2,8,"[""건만큼만"", ""그맹만큼만"", ""눈곰만"", ""부란감만"", ""안케끔만""]"
hold_no_unanimous_exact_context_donor,substantive_difference_candidate,multiple_segment_count_difference,RULE_ONLY:B;RULE_ONLY:N,11,11,19,3,6,2,5,3,0,"[""어갑빤는"", ""메이크업빤는"", ""보답빤는"", ""어갑빤는다는"", ""타납빤는""]"
hold_no_unanimous_exact_context_donor,substantive_difference_candidate,multiple_segment_count_difference,RULE_ONLY:G;RULE_ONLY:Y;RULE_ONLY:NG,8,8,19,3,4,3,2,5,2,"[""북꼉에서"", ""북꼉으로"", ""국꼉에서부터"", ""북꼉에서도"", ""역꼉에도""]"
hold_no_unanimous_exact_context_donor,substantive_difference_candidate,mixed_or_cross_group_difference,SUB:M>N;SUB:M>B,3,3,19,1,0,3,1,5,9,"[""신비롭꼬"", ""신비스럽꼬"", ""단풍입까치""]"
hold_no_unanimous_exact_context_donor,substantive_difference_candidate,mixed_or_cross_group_difference,SUB:M>NG;RULE_ONLY:Y,4,4,19,0,4,6,7,2,0,"[""방펴니"", ""송펴니"", ""송펴는"", ""방버뵹으로만""]"
hold_no_unanimous_exact_context_donor,substantive_difference_candidate,mixed_or_cross_group_difference,RULE_ONLY:EU_G;SUB:M>N,9,9,18,0,1,0,4,0,13,"[""흰바블"", ""하늬원보다"", ""하늬원뿐만"", ""흰바비랑"", ""흰비치""]"
hold_no_unanimous_exact_context_donor,substantive_difference_candidate,multiple_segment_count_difference,RULE_ONLY:Y;RULE_ONLY:G;RULE_ONLY:W,13,13,18,3,4,3,3,2,3,"[""보허먁꽌"", ""합껵꿘"", ""시룡으막꽈도"", ""교유칵꽈에"", ""시룡으막꽈에""]"
hold_no_unanimous_exact_context_donor,substantive_difference_candidate,mixed_or_cross_group_difference,RULE_ONLY:Y;SUB:NG>G;RULE_ONLY:Y,17,17,18,4,1,2,1,5,5,"[""경기대학꾜"", ""혁씬형"", ""혁씨니얻쬬"", ""경남대학꾜에서"", ""고려대학꾜에는""]"
hold_no_unanimous_exact_context_donor,substantive_difference_candidate,mixed_or_cross_group_difference,SUB:N>NG;RULE_ONLY:K;SUB:G>W,13,13,18,2,1,6,5,0,4,"[""강도쾨를"", ""방지쾨사"", ""정차콰가"", ""정채콰를"", ""강도쾨""]"
hold_no_unanimous_exact_context_donor,substantive_difference_candidate,multiple_segment_count_difference,RULE_ONLY:D;RULE_ONLY:Y;RULE_ONLY:Y,10,10,17,6,2,1,0,0,8,"[""녿쳐쓰면"", ""녿쳐버려서"", ""녿쳐버리면"", ""녿쳐버려"", ""녿쳐버려가지고""]"
hold_no_unanimous_exact_context_donor,substantive_difference_candidate,multiple_segment_count_difference,RULE_ONLY:EO;RULE_ONLY:EU_G,4,4,17,1,6,4,1,5,0,"[""이뭔희"", ""기뭔희"", ""기뭔희도"", ""기뭔희가""]"
hold_no_unanimous_exact_context_donor,substantive_difference_candidate,mixed_or_cross_group_difference,RULE_ONLY:G;SUB:N>L,3,3,17,1,10,0,3,3,0,"[""국꽁립"", ""막로구기"", ""막로구기라는""]"
hold_no_unanimous_exact_context_donor,substantive_difference_candidate,multiple_segment_count_difference,RULE_ONLY:L;RULE_ONLY:G,10,10,17,2,0,1,2,0,12,"[""철록따미"", ""철록땀"", ""말라죽꺼나"", ""철록따미가"", ""말라죽껟꾸나""]"
hold_no_unanimous_exact_context_donor,substantive_difference_candidate,mixed_or_cross_group_difference,SUB:M>N;SUB:B>P;RULE_ONLY:Y,9,9,17,5,1,2,0,4,5,"[""논픽쎤"", ""논픽쎠느로"", ""논픽쎠늘"", ""논픽쎠니"", ""논픽쎠니에요""]"
hold_no_unanimous_exact_context_donor,substantive_difference_candidate,mixed_or_cross_group_difference,SUB:M>NG;RULE_ONLY:G;SUB:NG>L;SUB:N>Y,6,6,17,1,2,1,0,0,13,"[""성폭려게"", ""성폭려그로"", ""성폭려근"", ""성폭려글"", ""성폭려김니다""]"
hold_no_unanimous_exact_context_donor,substantive_difference_candidate,mixed_or_cross_group_difference,SUB:M>NG;SUB:M>B;SUB:N>L,8,8,17,1,2,2,1,2,9,"[""방법로늘"", ""방법로니"", ""방법론저긴"", ""방법로네"", ""방법로네서는""]"
hold_no_unanimous_exact_context_donor,substantive_difference_candidate,mixed_or_cross_group_difference,SUB:NG>G;RULE_ONLY:NG,9,9,17,0,1,8,4,3,1,"[""역쭈행하고"", ""역쭈행하는"", ""역쭈행해"", ""역쌈동에서만"", ""역쭈행하다가""]"
hold_no_unanimous_exact_context_donor,substantive_difference_candidate,mixed_or_cross_group_difference,SUB:NG>G;SUB:N>L;RULE_ONLY:W,12,12,17,2,1,4,0,5,5,"[""맥락꽈"", ""독립쌩화를"", ""독립썽과"", ""목록꽈"", ""국리붜네""]"
hold_no_unanimous_exact_context_donor,substantive_difference_candidate,mixed_or_cross_group_difference,RULE_ONLY:CH;SUB:J>W;RULE_ONLY:G;RULE_ONLY:Y,6,6,16,4,11,0,0,0,1,"[""취약꼐층"", ""취약꼐층이나"", ""취약꼐층이"", ""취약꼐층을"", ""취약꼐층이어가지고""]"
hold_no_unanimous_exact_context_donor,substantive_difference_candidate,multiple_segment_count_difference,RULE_ONLY:G;RULE_ONLY:L;RULE_ONLY:Y,5,5,16,1,1,4,2,1,7,"[""먹꼬살려고"", ""먹꼬살려"", ""먹꼬살려니까"", ""막껄리며"", ""막껄리죠""]"
hold_no_unanimous_exact_context_donor,substantive_difference_candidate,mixed_or_cross_group_difference,RULE_ONLY:G;SUB:T>D,6,6,16,1,1,6,3,2,3,"[""탁꾸대"", ""탁꾸대만"", ""탁꾸대도"", ""탁꾸대를"", ""식꾸드들하고""]"
hold_no_unanimous_exact_context_donor,substantive_difference_candidate,mixed_or_cross_group_difference,RULE_ONLY:P;SUB:B>Y;RULE_ONLY:EU_G;SUB:N>NG,2,2,16,0,4,1,0,7,4,"[""펴늬성도"", ""펴늬성드리""]"
hold_no_unanimous_exact_context_donor,substantive_difference_candidate,mixed_or_cross_group_difference,RULE_ONLY:W;RULE_ONLY:W;SUB:NG>N,16,16,16,0,3,3,4,2,4,"[""됨되미라든가"", ""문화생화리라든가"", ""보좌과닌가"", ""사회생화린가라는"", ""생활궈니라든가""]"
hold_no_unanimous_exact_context_donor,substantive_difference_candidate,multiple_segment_count_difference,RULE_ONLY:Y;RULE_ONLY:N,12,12,16,0,5,4,1,6,0,"[""이뱡핸는데"", ""인덕쎠니언는데"", ""갇쓔베리어썬는데"", ""쑈생크연나"", ""액쎠니언나""]"
hold_no_unanimous_exact_context_donor,substantive_difference_candidate,mixed_or_cross_group_difference,RULE_ONLY:Y;SUB:N>NG;SUB:NG>G;RULE_ONLY:Y,11,11,16,2,5,3,3,1,2,"[""경성대학꾜"", ""경찰대학꾜"", ""거냥대학꾜"", ""동명대학꾜"", ""부경대학꾜""]"
hold_no_unanimous_exact_context_donor,substantive_difference_candidate,mixed_or_cross_group_difference,SUB:D>T;RULE_ONLY:EO;RULE_ONLY:W,2,2,16,1,3,0,1,6,5,"[""티뭔들과"", ""티뭔들과의""]"
hold_no_unanimous_exact_context_donor,substantive_difference_candidate,mixed_or_cross_group_difference,SUB:JJ>D;RULE_ONLY:Y;RULE_ONLY:Y,2,2,16,2,5,2,1,0,6,"[""읻따며냐"", ""읻따며뇨""]"
hold_no_unanimous_exact_context_donor,substantive_difference_candidate,mixed_or_cross_group_difference,SUB:M>N;RULE_ONLY:G,10,10,16,1,2,3,6,2,2,"[""긴박깜"", ""전봉미역꾹"", ""천백꼬지"", ""전북깨발공사에서"", ""군백끼만""]"
hold_no_unanimous_exact_context_donor,substantive_difference_candidate,single_cross_group_substitution,SUB:N>G,13,13,16,5,3,4,1,1,2,"[""상식썬"", ""상식써네서"", ""상식써네선"", ""상식써늘"", ""공식썩쌍에""]"
hold_no_unanimous_exact_context_donor,contrast_review_required,single_contrast_within_acoustic_model_group,SUB:T>D,10,10,16,11,0,3,0,1,1,"[""특쑤부대"", ""동무대"", ""접쑤대"", ""노후대채글"", ""노후대채게""]"
hold_candidate_only_deletion_requires_policy,substantive_difference_candidate,mixed_or_cross_group_difference,CANDIDATE_ONLY:NG;SUB:N>Y;RULE_ONLY:Y,14,14,15,1,2,3,3,2,4,"[""영양사엳꺼드뇨"", ""간호사엳꺼드뇨"", ""고사엳꺼드뇨"", ""금성사엳쬬"", ""기사엳꺼드뇨""]"
hold_no_unanimous_exact_context_donor,substantive_difference_candidate,multiple_segment_count_difference,RULE_ONLY:B;RULE_ONLY:Y,15,15,15,2,5,1,2,0,5,"[""립빠미죠"", ""메이크업빠드려고"", ""배기십파리냐"", ""배기십파리면"", ""배기십팔기가면""]"
hold_no_unanimous_exact_context_donor,substantive_difference_candidate,mixed_or_cross_group_difference,RULE_ONLY:EU_G;SUB:NG>N,13,13,15,3,6,1,1,3,1,"[""하늬원까지"", ""흰고미"", ""기믄희인가"", ""민희지닌가"", ""시늬주인가로""]"
hold_no_unanimous_exact_context_donor,substantive_difference_candidate,mixed_or_cross_group_difference,RULE_ONLY:G;RULE_ONLY:Y;SUB:NG>N,13,13,15,4,3,2,1,2,3,"[""고등학꾜라든가"", ""초등학꾜인가"", ""국꼉이린가"", ""기독꾜라든가"", ""기독꾜인가""]"
hold_no_unanimous_exact_context_donor,substantive_difference_candidate,mixed_or_cross_group_difference,RULE_ONLY:K;SUB:G>W;SUB:E>AE;RULE_ONLY:Y,13,13,15,4,1,2,0,6,2,"[""쾌저카면서"", ""쾌저카죠"", ""불쾌하거드뇨"", ""불쾌하며는"", ""불쾌해썯꺼드뇨""]"
hold_no_unanimous_exact_context_donor,substantive_difference_candidate,multiple_segment_count_difference,RULE_ONLY:Y;RULE_ONLY:B;RULE_ONLY:D,7,7,15,0,0,0,0,0,15,"[""겹빧치믄"", ""겹빧치믈"", ""겹빧치미"", ""겹빧치므로"", ""겹빧치믜""]"
hold_no_unanimous_exact_context_donor,substantive_difference_candidate,mixed_or_cross_group_difference,RULE_ONLY:Y;SUB:N>NG;RULE_ONLY:W,9,9,15,3,2,4,2,2,2,"[""이뱡된"", ""이뱡되는"", ""우녕되게"", ""바녕되겓씀니다"", ""바녕되니까""]"
hold_no_unanimous_exact_context_donor,substantive_difference_candidate,mixed_or_cross_group_difference,SUB:AE>E;RULE_ONLY:G,11,11,15,2,13,0,0,0,0,"[""해외직꾸"", ""해외직꾸도"", ""해외직꾸가"", ""해외직꾸나"", ""해외직꾸로""]"
hold_no_unanimous_exact_context_donor,substantive_difference_candidate,mixed_or_cross_group_difference,SUB:N>L;RULE_ONLY:N,10,10,15,2,6,3,2,1,1,"[""정리핸는데"", ""장르연는데"", ""강릉이언나"", ""동래연나"", ""삼루연나""]"
hold_no_unanimous_exact_context_donor,substantive_difference_candidate,mixed_or_cross_group_difference,SUB:N>NG;RULE_ONLY:B,6,6,15,0,12,1,1,0,1,"[""대창덥빱"", ""대창덥빠비"", ""감자탕집빠께"", ""대창덥빠비랑"", ""대청덥빱""]"
hold_no_unanimous_exact_context_donor,substantive_difference_candidate,mixed_or_cross_group_difference,SUB:NG>N;SUB:NG>G;RULE_ONLY:L;RULE_ONLY:Y,7,7,15,1,12,1,1,0,0,"[""한국쩔력꽁사"", ""한국쩔력"", ""한국쩔력꽁사나"", ""한국쩔려글"", ""한국쩔려기나""]"
hold_candidate_only_deletion_requires_policy,substantive_difference_candidate,single_candidate_unit_extra,CANDIDATE_ONLY:N,10,10,14,0,0,10,0,2,2,"[""이상으는"", ""숟짜상으로는"", ""이상으니"", ""에스에네스상으로는"", ""이상드리""]"
hold_no_unanimous_exact_context_donor,substantive_difference_candidate,mixed_or_cross_group_difference,RULE_ONLY:CH;SUB:J>W;RULE_ONLY:L,10,10,14,2,4,3,0,4,1,"[""최글래에"", ""취어팔라고"", ""멈춷낄래"", ""최글래"", ""최글래에는""]"
hold_no_unanimous_exact_context_donor,substantive_difference_candidate,mixed_or_cross_group_difference,RULE_ONLY:CH;SUB:J>W;SUB:N>L,11,11,14,0,0,0,5,8,1,"[""최강로기"", ""취등록쎄"", ""최강로긔"", ""최강로기어써"", ""최양라기나""]"
hold_no_unanimous_exact_context_donor,substantive_difference_candidate,mixed_or_cross_group_difference,RULE_ONLY:EU_G;RULE_ONLY:NG;SUB:N>T;SUB:D>W,6,6,14,0,0,8,0,4,2,"[""희망퇴지글"", ""희망퇴지기나"", ""희망퇴지그로"", ""희망퇴지기라고"", ""희망퇴지기라는""]"
hold_no_unanimous_exact_context_donor,substantive_difference_candidate,mixed_or_cross_group_difference,RULE_ONLY:G;SUB:NG>L;SUB:N>Y;SUB:NG>N,11,11,14,2,8,1,0,1,2,"[""폭려기라든가"", ""가족려긴가"", ""박력뿐까지"", ""사이버폭려기라든가"", ""식료푸미라든가""]"
hold_no_unanimous_exact_context_donor,substantive_difference_candidate,mixed_or_cross_group_difference,RULE_ONLY:K;SUB:G>W;RULE_ONLY:L;SUB:D>T,9,9,14,1,2,0,2,4,5,"[""퀄리티저긴"", ""퀄리티드리"", ""퀄리티드릐"", ""퀄리티여써"", ""퀄리티연는데요""]"
hold_no_unanimous_exact_context_donor,substantive_difference_candidate,mixed_or_cross_group_difference,RULE_ONLY:L;SUB:B>P;SUB:NG>N,7,7,14,6,4,3,0,0,1,"[""올림피긴가"", ""올림피기라든가"", ""말리피린가"", ""무할리피린가"", ""블래가이드필승인가""]"
hold_no_unanimous_exact_context_donor,substantive_difference_candidate,mixed_or_cross_group_difference,RULE_ONLY:L;SUB:N>Y;RULE_ONLY:W;RULE_ONLY:Y,8,8,14,0,2,1,2,2,7,"[""말료되면"", ""왈료되면"", ""왈료되얻따면"", ""말료되며는"", ""말료되면서""]"
hold_no_unanimous_exact_context_donor,substantive_difference_candidate,mixed_or_cross_group_difference,RULE_ONLY:P;SUB:B>Y;RULE_ONLY:M,8,8,14,1,2,4,2,2,3,"[""편짐물"", ""펴난함만"", ""편짐만"", ""펴님마늘"", ""펴님민""]"
hold_no_unanimous_exact_context_donor,substantive_difference_candidate,mixed_or_cross_group_difference,RULE_ONLY:T;SUB:D>Y;RULE_ONLY:W,8,8,14,3,0,1,8,1,1,"[""부텨줘"", ""부텨봐"", ""부텨줘요"", ""마텨봐"", ""부텨봐야""]"
hold_no_unanimous_exact_context_donor,substantive_difference_candidate,mixed_or_cross_group_difference,RULE_ONLY:W;SUB:NG>G,11,11,14,3,0,1,3,4,3,"[""화학꽁학"", ""화학쌍"", ""화학쌍은"", ""공과대학쌩드른"", ""귀족까무네""]"
hold_no_unanimous_exact_context_donor,substantive_difference_candidate,mixed_or_cross_group_difference,RULE_ONLY:Y;RULE_ONLY:L;SUB:N>Y;RULE_ONLY:W,5,5,14,1,4,1,1,4,3,"[""경력꽈"", ""병력꽈"", ""경력꽈는"", ""경력딴절되고"", ""경력뜰과""]"
hold_no_unanimous_exact_context_donor,substantive_difference_candidate,mixed_or_cross_group_difference,RULE_ONLY:Y;SUB:M>NG,10,10,14,3,0,3,1,5,2,"[""안저뇽푸믈"", ""걔네랑바께"", ""방하뇽푸믈"", ""그뱡반"", ""등사뇽푸믄""]"
hold_no_unanimous_exact_context_donor,substantive_difference_candidate,mixed_or_cross_group_difference,SUB:NG>N;RULE_ONLY:W;RULE_ONLY:EU_G,7,7,14,1,7,1,0,0,5,"[""인궈늬"", ""기본궈늬"", ""본과늬"", ""재산궈늬"", ""한광희바께""]"
hold_no_unanimous_exact_context_donor,substantive_difference_candidate,mixed_or_cross_group_difference,SUB:NG>N;RULE_ONLY:W;RULE_ONLY:L,12,12,14,6,6,0,2,0,0,"[""자산괄리"", ""식딴괄리도"", ""식딴괄리를"", ""돈괄리를"", ""식딴괄리""]"
hold_no_unanimous_exact_context_donor,substantive_difference_candidate,mixed_or_cross_group_difference,SUB:NG>N;RULE_ONLY:W;SUB:NG>N,10,10,14,2,6,2,2,2,0,"[""연관검새거"", ""인궈니라든가"", ""문과반가치"", ""발전궈니라든가"", ""시민과닌가""]"
hold_no_unanimous_exact_context_donor,substantive_difference_candidate,mixed_or_cross_group_difference,SUB:NG>N;SUB:NG>N;RULE_ONLY:W;RULE_ONLY:Y,10,10,14,0,1,4,4,3,2,"[""인간관계드리"", ""인간관계로니라는"", ""인간관계뿐마니"", ""인간관계드른"", ""인간관계로니라고""]"
hold_candidate_only_deletion_requires_policy,substantive_difference_candidate,multiple_segment_count_difference,RULE_ONLY:L;RULE_ONLY:Y;CANDIDATE_ONLY:Y,2,2,13,1,5,1,0,1,5,"[""열령은"", ""저열령은""]"
hold_no_unanimous_exact_context_donor,substantive_difference_candidate,mixed_or_cross_group_difference,RULE_ONLY:EO;SUB:M>N,8,8,13,2,5,0,4,0,2,"[""으뭔보다"", ""저뭔분드리"", ""저뭔분한테"", ""이뭔보다"", ""이뭔분들""]"
hold_no_unanimous_exact_context_donor,substantive_difference_candidate,mixed_or_cross_group_difference,RULE_ONLY:G;RULE_ONLY:W;SUB:NG>N;RULE_ONLY:Y,11,11,13,1,1,2,2,6,1,"[""직꽌저기냐"", ""직꽌형이고"", ""객꽌식씨허미면"", ""객꽌저기면서"", ""도덕꽌녀미""]"
hold_no_unanimous_exact_context_donor,substantive_difference_candidate,multiple_segment_count_difference,RULE_ONLY:G;RULE_ONLY:Y;RULE_ONLY:Y,11,11,13,1,4,0,3,1,4,"[""기독꾜이니셔"", ""복꾸하려면"", ""고등학꾜이시며는"", ""국꼉이얻껟쬬"", ""기독꾜이니셔가지고""]"
hold_no_unanimous_exact_context_donor,substantive_difference_candidate,mixed_or_cross_group_difference,RULE_ONLY:G;SUB:NG>L;SUB:N>Y;RULE_ONLY:Y,13,13,13,1,2,2,1,1,6,"[""갑깍류하며는"", ""기억려기며"", ""속량으뇨"", ""수익류리거드뇨"", ""숙련며니나""]"
hold_no_unanimous_exact_context_donor,substantive_difference_candidate,mixed_or_cross_group_difference,RULE_ONLY:L;RULE_ONLY:Y;SUB:M>N;RULE_ONLY:Y,7,7,13,3,2,2,3,3,0,"[""훌련병"", ""훌련바드며는"", ""훌련바드면서"", ""훌련병으로"", ""훌련병을""]"
hold_no_unanimous_exact_context_donor,substantive_difference_candidate,mixed_or_cross_group_difference,RULE_ONLY:L;SUB:N>Y;RULE_ONLY:G;RULE_ONLY:Y,7,7,13,0,3,1,7,0,2,"[""강력꼐"", ""강력꼐가"", ""강력꼐까진"", ""강력꼐를"", ""강력꼐보다는""]"
hold_no_unanimous_exact_context_donor,substantive_difference_candidate,mixed_or_cross_group_difference,RULE_ONLY:P;SUB:B>Y;RULE_ONLY:Y;SUB:N>NG,8,8,13,1,6,2,1,2,1,"[""편향저긴"", ""사너평명도"", ""편향저그로"", ""편향저그로만"", ""편향저기게""]"
hold_no_unanimous_exact_context_donor,substantive_difference_candidate,mixed_or_cross_group_difference,RULE_ONLY:P;SUB:B>Y;RULE_ONLY:Y;SUB:NG>N,12,12,13,2,1,2,2,4,2,"[""평균갑"", ""사너평명인가"", ""펴난해젿따던가"", ""편겨닌가"", ""펼쳐썬는지""]"
hold_no_unanimous_exact_context_donor,substantive_difference_candidate,mixed_or_cross_group_difference,RULE_ONLY:P;SUB:B>Y;SUB:N>L;SUB:NG>N,6,6,13,4,0,4,0,5,0,"[""평론가드릐"", ""평론가드리"", ""평론가니미"", ""평론가드른"", ""평론가드리나""]"
hold_no_unanimous_exact_context_donor,substantive_difference_candidate,mixed_or_cross_group_difference,RULE_ONLY:P;SUB:B>Y;SUB:N>NG;RULE_ONLY:Y,9,9,13,1,3,1,2,1,5,"[""평등해젿따"", ""평등해젿따고"", ""평초녀게"", ""평초녁"", ""부평저미면""]"
hold_no_unanimous_exact_context_donor,substantive_difference_candidate,mixed_or_cross_group_difference,RULE_ONLY:T;SUB:D>W;SUB:AE>E,10,10,13,3,3,0,3,4,0,"[""자퇴핻떤"", ""자퇴핻짜나"", ""조퇴핻딴"", ""사퇴핻따고"", ""사퇴핻짜나""]"
hold_no_unanimous_exact_context_donor,substantive_difference_candidate,mixed_or_cross_group_difference,RULE_ONLY:W;SUB:N>L,6,6,13,1,7,0,1,2,2,"[""황리단기레서"", ""황리단기리라고"", ""황리단기레"", ""황리단기리"", ""광래느로""]"
hold_no_unanimous_exact_context_donor,substantive_difference_candidate,multiple_segment_count_difference,RULE_ONLY:Y;RULE_ONLY:G;RULE_ONLY:L;RULE_ONLY:Y,7,7,13,0,2,1,2,8,0,"[""골격끌량이"", ""골격끌량은"", ""골격끌량"", ""골격끌량도"", ""골격끌량에""]"
hold_no_unanimous_exact_context_donor,substantive_difference_candidate,mixed_or_cross_group_difference,SUB:AE>E;RULE_ONLY:Y,8,8,13,2,3,1,2,1,4,"[""해외며는"", ""해외여행이얻꺼드뇨"", ""처태외엳꺼드뇨"", ""해외에서라며는"", ""해외여쓰며는""]"
hold_no_unanimous_exact_context_donor,substantive_difference_candidate,mixed_or_cross_group_difference,SUB:N>L;SUB:NG>N,13,13,13,1,3,2,1,4,2,"[""금리만크미라도"", ""등록쎈가"", ""싱잉래빈가"", ""아임리히버빈가"", ""양로워니라든가""]"
hold_no_unanimous_exact_context_donor,substantive_difference_candidate,mixed_or_cross_group_difference,SUB:NG>G;RULE_ONLY:L,8,8,13,0,4,3,2,3,1,"[""학쌩들로"", ""맥낄로이를"", ""북클러비라는"", ""악끼들로"", ""악끼들로만""]"
hold_no_unanimous_exact_context_donor,substantive_difference_candidate,mixed_or_cross_group_difference,SUB:NG>G;RULE_ONLY:W;RULE_ONLY:N,11,11,13,1,3,2,2,0,5,"[""감독꽌니미"", ""학꽈연는데"", ""감독꽌니믄"", ""감독꽌니미랑"", ""감독꽌님""]"
hold_no_unanimous_exact_context_donor,substantive_difference_candidate,mixed_or_cross_group_difference,SUB:NG>G;RULE_ONLY:W;RULE_ONLY:W,8,8,13,0,1,1,4,3,4,"[""학쌩회관"", ""식쌩활과"", ""복뀌되어"", ""복뀌되는"", ""복뀌되더라고""]"
hold_no_unanimous_exact_context_donor,substantive_difference_candidate,mixed_or_cross_group_difference,SUB:NG>G;RULE_ONLY:Y;RULE_ONLY:G;SUB:NG>L;SUB:N>Y,6,6,13,2,8,0,2,0,1,"[""학꾜폭력"", ""학꾜폭려기"", ""학꾜폭력또"", ""학꾜폭려게"", ""학꾜폭려게서""]"
hold_no_unanimous_exact_context_donor,substantive_difference_candidate,mixed_or_cross_group_difference,SUB:NG>G;SUB:N>L;SUB:NG>N,11,11,13,2,6,1,0,2,2,"[""맥라긴가"", ""국로린가"", ""국로린곡"", ""독립씨미라든가"", ""망막빡린가""]"
hold_no_unanimous_exact_context_donor,substantive_difference_candidate,mixed_or_cross_group_difference,SUB:NG>N;RULE_ONLY:W;RULE_ONLY:Y,11,11,13,1,5,1,0,0,6,"[""문과거드뇨"", ""여닌관계"", ""난과니죠"", ""디자인과며는"", ""디자인과엳꺼드뇨""]"
hold_no_unanimous_exact_context_donor,substantive_difference_candidate,mixed_or_cross_group_difference,SUB:NG>N;RULE_ONLY:Y;SUB:NG>N,9,9,13,2,4,1,3,3,0,"[""연기려기라든가"", ""민간자격쯩인가"", ""안구겨긴가"", ""끈켣따는그"", ""민가뇨버비라든가""]"
hold_no_unanimous_exact_context_donor,substantive_difference_candidate,mixed_or_cross_group_difference,RULE_ONLY:CH;SUB:J>W;RULE_ONLY:Y;RULE_ONLY:N,7,7,12,0,1,1,3,2,5,"[""촤령핸는데"", ""취향이언는데"", ""촤령이언나"", ""촤령이언는데"", ""촤령해썬는데""]"
hold_no_unanimous_exact_context_donor,substantive_difference_candidate,mixed_or_cross_group_difference,RULE_ONLY:D;SUB:J>CH;SUB:J>W;RULE_ONLY:W,5,5,12,3,2,1,3,2,1,"[""맏춰봐"", ""맏춰봐야"", ""맏춰줘요"", ""맏춰둬서"", ""맏춰봐서""]"
hold_no_unanimous_exact_context_donor,substantive_difference_candidate,mixed_or_cross_group_difference,RULE_ONLY:EU_G;SUB:NG>G;RULE_ONLY:W,10,10,12,1,1,3,1,5,1,"[""보거늬학꽈"", ""하늬학꽈"", ""정시늬학꽈"", ""정시늬학꽈가"", ""정시늬학꽈다""]"
hold_no_unanimous_exact_context_donor,substantive_difference_candidate,multiple_segment_count_difference,RULE_ONLY:G;RULE_ONLY:G;RULE_ONLY:Y,12,12,12,3,4,2,1,1,1,"[""깜빡깜빡꺼리면"", ""꾸룩꾸룩꾸루카면서"", ""발곡꼬등학꾜를"", ""양곡꼬등학꾜가"", ""작꼭까면""]"
hold_no_unanimous_exact_context_donor,substantive_difference_candidate,mixed_or_cross_group_difference,RULE_ONLY:L;RULE_ONLY:Y;SUB:AE>E,7,7,12,3,8,1,0,0,0,"[""글로계약써"", ""글로계약써가"", ""글로계약써를"", ""글로계약써는"", ""글로계약써도""]"
hold_no_unanimous_exact_context_donor,substantive_difference_candidate,mixed_or_cross_group_difference,RULE_ONLY:P;SUB:B>Y;RULE_ONLY:EU_G;RULE_ONLY:M,2,2,12,1,4,0,3,1,3,"[""펴늬점만"", ""펴늬점마다""]"
hold_no_unanimous_exact_context_donor,substantive_difference_candidate,mixed_or_cross_group_difference,RULE_ONLY:P;SUB:B>Y;RULE_ONLY:L;SUB:N>NG,2,2,12,0,8,1,1,1,1,"[""펼리성도"", ""펼리성드리""]"
hold_no_unanimous_exact_context_donor,substantive_difference_candidate,mixed_or_cross_group_difference,RULE_ONLY:T;SUB:D>W;RULE_ONLY:W,7,7,12,0,3,5,0,3,1,"[""퇴지궈늘"", ""퇴직꽈"", ""닥튀김과"", ""로보톼될까"", ""퇴화해써""]"
hold_no_unanimous_exact_context_donor,substantive_difference_candidate,mixed_or_cross_group_difference,RULE_ONLY:Y;RULE_ONLY:B;SUB:M>L;SUB:N>Y;RULE_ONLY:Y,6,6,12,1,3,1,0,0,7,"[""협려카면서"", ""협려기죠"", ""협려카며"", ""협려카면"", ""협려칸다면""]"
hold_no_unanimous_exact_context_donor,substantive_difference_candidate,mixed_or_cross_group_difference,RULE_ONLY:Y;RULE_ONLY:T;SUB:D>W;RULE_ONLY:Y,7,7,12,3,0,1,1,1,6,"[""정년퇴지카면"", ""정년퇴지캗쬬"", ""정년퇴임하셔갇꼬"", ""정년퇴지카며는"", ""정년퇴지카면서""]"
hold_no_unanimous_exact_context_donor,substantive_difference_candidate,mixed_or_cross_group_difference,RULE_ONLY:Y;SUB:M>N;RULE_ONLY:Y;RULE_ONLY:L,3,3,12,1,4,2,0,2,3,"[""항년별로"", ""섹쎤별로"", ""항년별로나""]"
hold_no_unanimous_exact_context_donor,substantive_difference_candidate,mixed_or_cross_group_difference,RULE_ONLY:Y;SUB:NG>N;RULE_ONLY:Y,9,9,12,3,3,1,0,1,4,"[""계시는구뇨"", ""경기후반가며는"", ""경우여썬냐"", ""나오셔썬냐"", ""내려안거드뇨""]"
hold_no_unanimous_exact_context_donor,substantive_difference_candidate,mixed_or_cross_group_difference,SUB:D>S;RULE_ONLY:Y,10,10,12,1,0,1,1,3,6,"[""하셔야겓쬬"", ""드셔야겓쬬"", ""마셔야겓쬬"", ""바드셔야죠"", ""보셔야겓쬬""]"
hold_no_unanimous_exact_context_donor,substantive_difference_candidate,mixed_or_cross_group_difference,SUB:M>B;RULE_ONLY:L,8,8,12,4,1,0,1,3,3,"[""네입클로버"", ""세입클로버"", ""네입클로버가"", ""네입클로버를"", ""납꼴로""]"
hold_no_unanimous_exact_context_donor,substantive_difference_candidate,mixed_or_cross_group_difference,SUB:N>L;SUB:N>NG,7,7,12,1,4,2,2,0,3,"[""정리정도늘"", ""정리정도니"", ""강릉쪼게"", ""왕릉드리"", ""왕릉드리랑""]"
hold_no_unanimous_exact_context_donor,substantive_difference_candidate,mixed_or_cross_group_difference,SUB:NG>N;RULE_ONLY:Y;RULE_ONLY:G;RULE_ONLY:Y,6,6,12,0,2,3,1,4,2,"[""근골격꼐"", ""근골격꼐가"", ""근골격꼐는"", ""근골격꼐로는"", ""근골격꼐를""]"
hold_no_unanimous_exact_context_donor,substantive_difference_candidate,mixed_or_cross_group_difference,RULE_ONLY:EO;SUB:NG>N,8,8,11,0,4,4,0,1,2,"[""으뭔까지"", ""으뭔만큼"", ""이뭔그브로"", ""사뭐렌가"", ""사뭘다린가""]"
hold_no_unanimous_exact_context_donor,substantive_difference_candidate,mixed_or_cross_group_difference,RULE_ONLY:J;SUB:D>Y,3,3,11,8,0,1,0,2,0,"[""너머젼는데도"", ""너머젼는데두"", ""너머젼는지""]"
hold_no_unanimous_exact_context_donor,substantive_difference_candidate,mixed_or_cross_group_difference,RULE_ONLY:L;RULE_ONLY:K;SUB:G>W,7,7,11,1,3,2,3,1,1,"[""열리느마쾨"", ""열리느마쾨라는"", ""할리퀴니랑"", ""열리느마쾨가"", ""열리느마쾨나""]"
hold_no_unanimous_exact_context_donor,substantive_difference_candidate,mixed_or_cross_group_difference,RULE_ONLY:N;SUB:NG>N;RULE_ONLY:Y,5,5,11,1,1,0,3,3,3,"[""만난냐"", ""만난냐고"", ""만나겐냐"", ""만난냐고요"", ""만난냐라고""]"
hold_no_unanimous_exact_context_donor,substantive_difference_candidate,mixed_or_cross_group_difference,RULE_ONLY:T;SUB:D>W;RULE_ONLY:P;SUB:B>Y,5,5,11,1,7,0,0,2,1,"[""퇴폐저긴"", ""퇴폐저기고"", ""퇴폐미저긴"", ""퇴폐저그로"", ""퇴폐저기지도""]"
hold_no_unanimous_exact_context_donor,substantive_difference_candidate,mixed_or_cross_group_difference,RULE_ONLY:W;RULE_ONLY:L;RULE_ONLY:Y;SUB:NG>N,8,8,11,2,2,3,1,2,1,"[""활려기라든가"", ""궐려기라든가"", ""괄려니라든가"", ""괄려닌가"", ""괄려닌가요""]"
hold_no_unanimous_exact_context_donor,substantive_difference_candidate,multiple_segment_count_difference,RULE_ONLY:W;RULE_ONLY:N;RULE_ONLY:Y,10,10,11,1,3,1,4,1,1,"[""봔녜"", ""가봗껜냐"", ""놔둰냐"", ""되겐냐니까"", ""되겐냔데""]"
hold_no_unanimous_exact_context_donor,substantive_difference_candidate,mixed_or_cross_group_difference,RULE_ONLY:Y;SUB:M>NG;RULE_ONLY:G,4,4,11,0,0,1,3,3,4,"[""경복꿍이"", ""경복꿍이랑"", ""경복꿍이라는"", ""경복꿍이라던지""]"
hold_no_unanimous_exact_context_donor,substantive_difference_candidate,mixed_or_cross_group_difference,RULE_ONLY:Y;SUB:NG>G;SUB:N>L,10,10,11,1,1,4,5,0,0,"[""뉴욕로리라고"", ""격리시그로"", ""격리자드른"", ""격리해썯꼬"", ""격리해쓸""]"
hold_no_unanimous_exact_context_donor,substantive_difference_candidate,mixed_or_cross_group_difference,SUB:J>D;RULE_ONLY:Y;RULE_ONLY:W,11,11,11,1,6,0,2,2,0,"[""맏꾜환"", ""맏껴줘"", ""맏껴줘서"", ""맏꾜화늘"", ""맏꾜화니다""]"
hold_no_unanimous_exact_context_donor,substantive_difference_candidate,mixed_or_cross_group_difference,SUB:M>N;SUB:M>N,8,8,11,2,3,1,1,1,3,"[""인분바께"", ""간판바리고"", ""검진반바든"", ""번뿐바께"", ""선반뿐마니""]"
hold_no_unanimous_exact_context_donor,substantive_difference_candidate,mixed_or_cross_group_difference,SUB:NG>G;RULE_ONLY:B,10,10,11,0,0,3,1,2,5,"[""이백씹팔"", ""백꾸십파리자나"", ""백꾸십팔"", ""백꾸십팔만"", ""백싸십팔만""]"
hold_no_unanimous_exact_context_donor,substantive_difference_candidate,mixed_or_cross_group_difference,SUB:NG>G;RULE_ONLY:Y;RULE_ONLY:N,8,8,11,2,2,3,2,2,0,"[""학꾜연나"", ""학꾜연네"", ""학쌩이션나요"", ""대학꾜수연는데"", ""대학꾜연나""]"
hold_no_unanimous_exact_context_donor,substantive_difference_candidate,mixed_or_cross_group_difference,SUB:NG>N;RULE_ONLY:W;SUB:E>AE,9,9,11,1,6,0,0,2,2,"[""언급뙏떤"", ""완공돼쓸"", ""건국뙏떤"", ""언급뙈썯떤"", ""언급뙈쓰니까""]"
hold_candidate_only_deletion_requires_policy,substantive_difference_candidate,mixed_or_cross_group_difference,SUB:B>P;CANDIDATE_ONLY:D;SUB:Y>S,4,4,10,0,1,0,6,2,1,"[""버피싀"", ""와이드피싀"", ""피싀"", ""피너싀""]"
hold_no_unanimous_exact_context_donor,substantive_difference_candidate,mixed_or_cross_group_difference,RULE_ONLY:B;RULE_ONLY:B;SUB:M>L;SUB:N>Y,5,5,10,0,0,6,1,2,1,"[""덥빱류"", ""덥빱류를"", ""덥빱류가"", ""덥빱류는"", ""덥빱류지""]"
hold_no_unanimous_exact_context_donor,substantive_difference_candidate,mixed_or_cross_group_difference,RULE_ONLY:B;RULE_ONLY:K;SUB:G>W,5,5,10,0,0,1,4,2,3,"[""압빠퀴"", ""압빠퀴가"", ""압빠퀴는"", ""압빠퀴를"", ""압빠퀴와""]"
hold_no_unanimous_exact_context_donor,substantive_difference_candidate,multiple_segment_count_difference,RULE_ONLY:B;RULE_ONLY:L,2,2,10,4,0,3,2,1,0,"[""압빨로"", ""팝빨라드로""]"
hold_no_unanimous_exact_context_donor,substantive_difference_candidate,mixed_or_cross_group_difference,RULE_ONLY:G;RULE_ONLY:H;SUB:K>Y;RULE_ONLY:N,7,7,10,4,3,0,0,3,0,"[""익현는데"", ""억혀인는"", ""박혀낸나"", ""박혀썬는데"", ""박현는데""]"
hold_no_unanimous_exact_context_donor,substantive_difference_candidate,mixed_or_cross_group_difference,RULE_ONLY:G;RULE_ONLY:W;SUB:NG>N;RULE_ONLY:W,8,8,10,2,3,2,0,2,1,"[""객꽌화나"", ""직꽌된"", ""객꽌화라고"", ""객꽌화한"", ""객꽌화할""]"
hold_no_unanimous_exact_context_donor,substantive_difference_candidate,mixed_or_cross_group_difference,RULE_ONLY:G;SUB:E>AE,8,8,10,1,1,2,4,0,2,"[""곡꽹이가"", ""곡꽹이질"", ""곡꽹이라고"", ""곡꽹이로"", ""곡꽹이를""]"
hold_no_unanimous_exact_context_donor,substantive_difference_candidate,multiple_segment_count_difference,RULE_ONLY:L;RULE_ONLY:D,8,8,10,1,1,0,1,1,6,"[""오믈렏처럼"", ""태블릳처럼"", ""민들레꼳처럼"", ""블로그마켇처럼"", ""초콜릳처럼""]"
hold_no_unanimous_exact_context_donor,substantive_difference_candidate,mixed_or_cross_group_difference,RULE_ONLY:L;RULE_ONLY:S;SUB:SS>Y;SUB:B>P,5,5,10,0,3,0,7,0,0,"[""올라인쇼핑몰"", ""올라인쇼핑모레서"", ""올라인쇼핑을"", ""올라인쇼핑모른"", ""올라인쇼핑모리지""]"
hold_no_unanimous_exact_context_donor,substantive_difference_candidate,mixed_or_cross_group_difference,RULE_ONLY:L;SUB:N>Y;RULE_ONLY:W;SUB:E>AE,6,6,10,1,0,0,1,2,6,"[""생략뙈"", ""생략뙈써요"", ""생략뙈서"", ""생략뙈써"", ""생략뙏찌마는""]"
hold_no_unanimous_exact_context_donor,substantive_difference_candidate,mixed_or_cross_group_difference,RULE_ONLY:P;SUB:B>Y;RULE_ONLY:L;RULE_ONLY:M,1,1,10,0,5,2,1,2,0,"[""펼리함만""]"
hold_no_unanimous_exact_context_donor,substantive_difference_candidate,mixed_or_cross_group_difference,RULE_ONLY:P;SUB:B>Y;RULE_ONLY:W;RULE_ONLY:Y;RULE_ONLY:L;SUB:N>Y,1,1,10,2,6,0,1,1,0,"[""컴퓨터화룡능력""]"
hold_no_unanimous_exact_context_donor,substantive_difference_candidate,mixed_or_cross_group_difference,RULE_ONLY:S;SUB:SS>Y;SUB:B>P;RULE_ONLY:N,4,4,10,0,4,3,1,2,0,"[""쇼핑핸는데"", ""쇼핑모리언는데"", ""쇼핑센터연는데"", ""쇼핑이언는데""]"
hold_no_unanimous_exact_context_donor,substantive_difference_candidate,mixed_or_cross_group_difference,RULE_ONLY:T;SUB:D>W;RULE_ONLY:Y;RULE_ONLY:N,4,4,10,4,0,0,3,1,2,"[""튀견는데"", ""퇴임하션는데"", ""퇴곈노게"", ""퇴원하션는데""]"
hold_no_unanimous_exact_context_donor,substantive_difference_candidate,mixed_or_cross_group_difference,RULE_ONLY:W;SUB:NG>N;RULE_ONLY:W;RULE_ONLY:Y,7,7,10,1,0,8,0,0,1,"[""관광업꼐"", ""관광경영이얻짜나"", ""관광명소임니다"", ""관광업꼐나"", ""관광업꼐도""]"
hold_no_unanimous_exact_context_donor,substantive_difference_candidate,mixed_or_cross_group_difference,RULE_ONLY:W;SUB:NG>N;RULE_ONLY:W;RULE_ONLY:Y;RULE_ONLY:W,7,7,10,8,0,2,0,0,0,"[""관광경영학꽈"", ""관광경영학꽈가"", ""관광경영학꽈다"", ""관광경영학꽈로"", ""관광경영학꽈를""]"
hold_no_unanimous_exact_context_donor,substantive_difference_candidate,multiple_segment_count_difference,RULE_ONLY:Y;RULE_ONLY:EU_G;RULE_ONLY:G;RULE_ONLY:Y,3,3,10,3,4,0,1,0,2,"[""경희대학꾜"", ""경희대학꾜를"", ""경희대학꾜로""]"
hold_no_unanimous_exact_context_donor,substantive_difference_candidate,mixed_or_cross_group_difference,RULE_ONLY:Y;RULE_ONLY:K;SUB:G>W;RULE_ONLY:W,9,9,10,1,0,1,2,2,4,"[""겨콰되는"", ""교차콰된"", ""무려콰된다"", ""무려콰될"", ""본겨콰되얻씀니다""]"
hold_no_unanimous_exact_context_donor,substantive_difference_candidate,mixed_or_cross_group_difference,RULE_ONLY:Y;SUB:M>N;SUB:NG>N,3,3,10,1,3,1,1,2,2,"[""장년부턴가"", ""재장년부턴가"", ""촉뻡쏘년버비라든가""]"
hold_no_unanimous_exact_context_donor,substantive_difference_candidate,mixed_or_cross_group_difference,RULE_ONLY:Y;SUB:NG>G;SUB:NG>N;RULE_ONLY:W,1,1,10,0,1,0,0,0,9,"[""혁씬과""]"
hold_no_unanimous_exact_context_donor,substantive_difference_candidate,mixed_or_cross_group_difference,SUB:AE>E;RULE_ONLY:N,4,4,10,1,0,1,3,3,2,"[""해외여행이언는데"", ""해외연는데"", ""내외연나"", ""처태외여행이언는데""]"
hold_no_unanimous_exact_context_donor,substantive_difference_candidate,mixed_or_cross_group_difference,SUB:EO>Y;SUB:I>EO,4,4,10,1,2,1,1,1,4,"[""협쌍할"", ""협쌍이나"", ""협쌍하고"", ""협쌍하자""]"
hold_no_unanimous_exact_context_donor,substantive_difference_candidate,mixed_or_cross_group_difference,SUB:M>B;SUB:N>NG,3,3,10,0,6,2,0,2,0,"[""납꼴당도"", ""납꼴당처럼"", ""입뽕도""]"
hold_no_unanimous_exact_context_donor,substantive_difference_candidate,mixed_or_cross_group_difference,SUB:N>NG;SUB:N>NG;SUB:NG>N,7,7,10,2,1,0,2,2,3,"[""긍정저기신가요"", ""공통저민가"", ""공통저미라든가"", ""긍정저긴가요"", ""긍정저긴거네""]"
hold_no_unanimous_exact_context_donor,substantive_difference_candidate,mixed_or_cross_group_difference,SUB:NG>G;RULE_ONLY:Y;SUB:N>NG,7,7,10,0,2,0,0,6,2,"[""학썡드리"", ""학꾜랑도"", ""대학꾜생드리"", ""대학꾜스생들끼리"", ""백뼝저니""]"
hold_no_unanimous_exact_context_donor,substantive_difference_candidate,mixed_or_cross_group_difference,SUB:NG>G;SUB:N>L;RULE_ONLY:N,8,8,10,4,1,1,0,4,0,"[""폭라캔는데"", ""국립꽁워니언나"", ""독리비언는데"", ""독리판는"", ""죽리뭐니언나""]"
hold_no_unanimous_exact_context_donor,substantive_difference_candidate,mixed_or_cross_group_difference,SUB:NG>N;SUB:NG>G;RULE_ONLY:Y,9,9,10,3,5,0,1,1,0,"[""한국꾜원대"", ""건국때학꾜는"", ""건국때학꾜라는"", ""단국때학꾜여서"", ""한국까곡뿌터면""]"
hold_no_unanimous_exact_context_donor,substantive_difference_candidate,multiple_segment_count_difference,RULE_ONLY:B;RULE_ONLY:M,5,5,9,1,0,4,3,1,0,"[""집빰만"", ""덥빰만"", ""립빰만"", ""여너덥빰만"", ""집빰마네""]"
hold_no_unanimous_exact_context_donor,substantive_difference_candidate,mixed_or_cross_group_difference,RULE_ONLY:CH;SUB:J>W;RULE_ONLY:G,8,8,9,0,1,3,1,1,3,"[""최석꾸"", ""최적끼긴"", ""최측끄니어쓰니까"", ""최측끄니자나요"", ""최측끄닌""]"
hold_no_unanimous_exact_context_donor,substantive_difference_candidate,mixed_or_cross_group_difference,RULE_ONLY:CH;SUB:J>W;RULE_ONLY:W;RULE_ONLY:Y,5,5,9,2,2,0,1,3,1,"[""취소되며는"", ""멈춰줘쓰면"", ""취해줘쓰면"", ""최상위궈니죠"", ""최소화핻따면""]"
hold_no_unanimous_exact_context_donor,substantive_difference_candidate,mixed_or_cross_group_difference,RULE_ONLY:G;SUB:NG>L;SUB:N>Y;SUB:K>G,7,7,9,1,3,0,0,0,5,"[""국려긔"", ""학려긔"", ""착륙또"", ""착륙썬"", ""착륙썬마저도""]"
hold_no_unanimous_exact_context_donor,substantive_difference_candidate,mixed_or_cross_group_difference,RULE_ONLY:H;SUB:NG>N,5,5,9,1,2,2,1,1,2,"[""다혈지린가"", ""시러해썬는데요"", ""김다혀니라든가"", ""덛때야하는거"", ""힘드러핻떤걸""]"
hold_no_unanimous_exact_context_donor,substantive_difference_candidate,mixed_or_cross_group_difference,RULE_ONLY:K;SUB:G>W;RULE_ONLY:W;RULE_ONLY:Y,7,7,9,1,3,0,1,0,4,"[""아콰되면서"", ""야콰되면서"", ""가소콰되면서"", ""고차콰되면"", ""아콰되면""]"
hold_no_unanimous_exact_context_donor,substantive_difference_candidate,mixed_or_cross_group_difference,RULE_ONLY:K;SUB:G>W;SUB:N>NG,5,5,9,1,1,2,2,3,0,"[""하쾨장도"", ""구쾨의사당도"", ""부하쾨장들"", ""오쾅상제가"", ""퀴나망도""]"
hold_no_unanimous_exact_context_donor,substantive_difference_candidate,mixed_or_cross_group_difference,RULE_ONLY:L;RULE_ONLY:L;SUB:N>Y,6,6,9,3,4,0,1,0,1,"[""글로장려금"", ""조절릉려기"", ""글로장려그미"", ""자기조절릉려글"", ""자기조절릉력""]"
hold_no_unanimous_exact_context_donor,substantive_difference_candidate,mixed_or_cross_group_difference,RULE_ONLY:N;SUB:NG>N;RULE_ONLY:Y;RULE_ONLY:Y,2,2,9,4,1,1,0,3,0,"[""만난냐면"", ""만난냐며는""]"
hold_no_unanimous_exact_context_donor,substantive_difference_candidate,mixed_or_cross_group_difference,RULE_ONLY:P;SUB:B>Y;RULE_ONLY:EU_G;SUB:NG>N,4,4,9,0,4,1,2,1,1,"[""펴늬저미라든가"", ""펴늬저민가"", ""펴늬점만크믄"", ""펴늬점만큼""]"
hold_no_unanimous_exact_context_donor,substantive_difference_candidate,mixed_or_cross_group_difference,RULE_ONLY:P;SUB:B>Y;RULE_ONLY:W;RULE_ONLY:Y,9,9,9,0,5,0,0,3,1,"[""부폐되거드뇨"", ""살펴봐야겓쬬"", ""살펴봗꺼드뇨"", ""살펴줘쓰면"", ""컴퓨터공학꽈며는""]"
hold_no_unanimous_exact_context_donor,substantive_difference_candidate,mixed_or_cross_group_difference,RULE_ONLY:P;SUB:B>Y;RULE_ONLY:Y;RULE_ONLY:W;SUB:E>AE,6,6,9,0,1,2,2,1,3,"[""표현됃꼬"", ""폐교됃따는"", ""폐교됃짜나"", ""표현돼쓸"", ""표현됃따고""]"
hold_no_unanimous_exact_context_donor,substantive_difference_candidate,mixed_or_cross_group_difference,RULE_ONLY:T;SUB:D>W;RULE_ONLY:W;SUB:E>AE,7,7,9,2,1,1,2,2,1,"[""퇴색뙈서"", ""퇴색뙏따고"", ""로보톼돼"", ""퇴색뙈"", ""퇴색뙈가지고""]"
hold_no_unanimous_exact_context_donor,substantive_difference_candidate,mixed_or_cross_group_difference,RULE_ONLY:W;SUB:M>NG;SUB:NG>N,4,4,9,1,1,1,1,4,1,"[""화장푸미라든가"", ""각꽝반는다고"", ""광복쩌린가"", ""확짱파닌가가""]"
hold_no_unanimous_exact_context_donor,substantive_difference_candidate,mixed_or_cross_group_difference,RULE_ONLY:Y;RULE_ONLY:L;SUB:NG>N,7,7,9,0,3,1,0,2,3,"[""별로엳따든가"", ""커리큘러미라든가"", ""귤라무라든가"", ""당혈린가"", ""별라사만큼""]"
hold_no_unanimous_exact_context_donor,substantive_difference_candidate,mixed_or_cross_group_difference,RULE_ONLY:Y;SUB:N>NG;RULE_ONLY:W;SUB:E>AE,3,3,9,1,3,2,1,1,1,"[""경직뙈"", ""경직뙈서"", ""저굥됀는지""]"
hold_no_unanimous_exact_context_donor,substantive_difference_candidate,mixed_or_cross_group_difference,RULE_ONLY:Y;SUB:NG>N;SUB:NG>N,7,7,9,1,2,2,0,1,3,"[""봉면가왕인가"", ""계란구기라든가"", ""궁미년그미라든가"", ""봉면가왕이라든가"", ""재장년까진가""]"
hold_no_unanimous_exact_context_donor,substantive_difference_candidate,mixed_or_cross_group_difference,SUB:E>AE;RULE_ONLY:W;SUB:E>AE,4,4,9,2,2,1,0,4,0,"[""왜곡뙈서"", ""왜곡뙈"", ""왜곡뙈쓸"", ""왜곡뙌나""]"
hold_no_unanimous_exact_context_donor,substantive_difference_candidate,mixed_or_cross_group_difference,SUB:E>AE;RULE_ONLY:Y;RULE_ONLY:H;RULE_ONLY:Y;RULE_ONLY:Y,3,3,9,2,1,0,0,0,6,"[""왜냐하며뇨"", ""왜냐하며느뇨"", ""왜냐하면며는""]"
hold_no_unanimous_exact_context_donor,substantive_difference_candidate,mixed_or_cross_group_difference,SUB:M>B;RULE_ONLY:EU_G,1,1,9,1,2,1,1,3,1,"[""십뿌늬""]"
hold_no_unanimous_exact_context_donor,substantive_difference_candidate,mixed_or_cross_group_difference,SUB:M>B;SUB:N>L;SUB:NG>N,4,4,9,0,2,0,1,5,1,"[""합리저긴가"", ""압록깡인가"", ""지닙로라든가"", ""합리저긴가를""]"
hold_no_unanimous_exact_context_donor,substantive_difference_candidate,mixed_or_cross_group_difference,SUB:NG>G;RULE_ONLY:W;SUB:NG>N,7,7,9,0,3,1,0,1,4,"[""식쌩화리라든가"", ""학쌩회라든가"", ""복뀌시킨다든가"", ""수학꽌가"", ""역싸과닌가""]"
hold_no_unanimous_exact_context_donor,substantive_difference_candidate,mixed_or_cross_group_difference,SUB:NG>G;RULE_ONLY:Y;RULE_ONLY:Y;RULE_ONLY:L,1,1,9,1,0,6,1,0,1,"[""학꾜별로""]"
hold_no_unanimous_exact_context_donor,substantive_difference_candidate,mixed_or_cross_group_difference,SUB:NG>G;SUB:N>L;SUB:M>NG;RULE_ONLY:W,6,6,9,1,1,4,2,0,1,"[""국립쭝앙방물과네"", ""국립쭝앙방물과네서"", ""국립쭝앙방물관"", ""국리패양방물관"", ""국립써울중앙방물관""]"
hold_no_unanimous_exact_context_donor,substantive_difference_candidate,mixed_or_cross_group_difference,SUB:NG>N;RULE_ONLY:B,7,7,9,0,0,0,1,1,7,"[""천구배고십팔"", ""천구백씹팔"", ""돈가스덥빠베"", ""돈가스덥빱"", ""돈가스마요덥팝""]"
hold_no_unanimous_exact_context_donor,substantive_difference_candidate,mixed_or_cross_group_difference,SUB:NG>N;RULE_ONLY:G,4,4,9,7,0,0,1,0,1,"[""분단국까고"", ""분단국까가"", ""분단국까인"", ""손꾸락낌""]"
hold_no_unanimous_exact_context_donor,substantive_difference_candidate,mixed_or_cross_group_difference,SUB:NG>N;RULE_ONLY:G;RULE_ONLY:B,1,1,9,0,0,2,0,3,4,"[""천구백꾸십팔""]"
hold_no_unanimous_exact_context_donor,substantive_difference_candidate,mixed_or_cross_group_difference,SUB:NG>N;RULE_ONLY:W;RULE_ONLY:N,5,5,9,1,2,2,0,2,2,"[""문과연는데"", ""간과핸는데"", ""문과여썬는데"", ""셀프사진과니언나"", ""안가봔는데""]"
hold_no_unanimous_exact_context_donor,substantive_difference_candidate,mixed_or_cross_group_difference,SUB:NG>N;RULE_ONLY:W;SUB:N>NG,5,5,9,0,5,1,0,2,1,"[""문과생드리"", ""덕찐광장"", ""덕찐광장에서"", ""문과생드른"", ""문과생드릐""]"
hold_no_unanimous_exact_context_donor,substantive_difference_candidate,multiple_segment_count_difference,RULE_ONLY:B;RULE_ONLY:W,4,4,8,2,0,1,3,1,1,"[""압빡꽈"", ""덥빱꽈"", ""여너덥빱꽈"", ""집빱꽈""]"
hold_no_unanimous_exact_context_donor,substantive_difference_candidate,mixed_or_cross_group_difference,RULE_ONLY:G;RULE_ONLY:W;SUB:E>AE,6,6,8,1,3,0,4,0,0,"[""곡꽹이"", ""꼭꽹이"", ""백끄라운드돼"", ""복꾸돼"", ""복꾸됃따""]"
hold_no_unanimous_exact_context_donor,substantive_difference_candidate,mixed_or_cross_group_difference,RULE_ONLY:G;RULE_ONLY:Y;SUB:N>NG,7,7,8,2,0,2,1,1,2,"[""북꼉도"", ""북꼉대에서"", ""역꼉도"", ""역꼉드를"", ""역꼉드리""]"
hold_no_unanimous_exact_context_donor,substantive_difference_candidate,mixed_or_cross_group_difference,RULE_ONLY:G;SUB:M>NG,5,5,8,0,1,0,1,3,3,"[""목꽁푸를"", ""목꽁풀"", ""착꽁부터"", ""어학꽁부"", ""주식꽁부""]"
hold_no_unanimous_exact_context_donor,substantive_difference_candidate,mixed_or_cross_group_difference,RULE_ONLY:P;SUB:B>Y;SUB:NG>G;RULE_ONLY:W,5,5,8,1,1,1,0,1,4,"[""컴퓨터학꽈"", ""컴퓨터학꽈로"", ""컴퓨터학꽈임니다"", ""컴퓨터학꽌데"", ""표백꽈""]"
hold_no_unanimous_exact_context_donor,substantive_difference_candidate,mixed_or_cross_group_difference,RULE_ONLY:T;SUB:D>W;RULE_ONLY:Y;RULE_ONLY:Y,8,8,8,2,1,1,1,3,0,"[""퇴계동이며는"", ""퇴계워녁"", ""퇴사하셛꾸뇨"", ""퇴지카려며는"", ""퇴지카려면""]"
hold_no_unanimous_exact_context_donor,substantive_difference_candidate,mixed_or_cross_group_difference,RULE_ONLY:W;RULE_ONLY:G;RULE_ONLY:W;SUB:NG>N;RULE_ONLY:W;SUB:M>NG,3,3,8,6,0,1,0,1,0,"[""문화체육꽌광부"", ""문화체육꽌광부가"", ""문화체육꽌광부에서""]"
hold_no_unanimous_exact_context_donor,substantive_difference_candidate,mixed_or_cross_group_difference,RULE_ONLY:W;RULE_ONLY:L;RULE_ONLY:L;SUB:N>Y,6,6,8,1,0,3,1,0,3,"[""괄람료도"", ""괄람료를"", ""괄람료"", ""괄람료는"", ""괄람료로""]"
hold_no_unanimous_exact_context_donor,substantive_difference_candidate,multiple_segment_count_difference,RULE_ONLY:W;RULE_ONLY:W;RULE_ONLY:Y,6,6,8,0,5,1,0,1,1,"[""사너퐈되면서"", ""합뻐퐈되며는"", ""고그퐈되면서"", ""보그퐈되면"", ""보그퐈되면서""]"
hold_no_unanimous_exact_context_donor,substantive_difference_candidate,mixed_or_cross_group_difference,RULE_ONLY:Y;RULE_ONLY:L;SUB:N>Y;RULE_ONLY:Y,7,7,8,1,3,1,0,2,1,"[""경려기면"", ""경려기며는"", ""경력짜라면"", ""경력쯩명서"", ""경례하며는""]"
hold_no_unanimous_exact_context_donor,substantive_difference_candidate,mixed_or_cross_group_difference,RULE_ONLY:Y;RULE_ONLY:L;SUB:N>Y;SUB:NG>N,6,6,8,1,1,0,3,1,2,"[""경려기라든가"", ""경력찌긴가"", ""영향려기라든가"", ""영향려긴가라는"", ""영향령만큼""]"
hold_no_unanimous_exact_context_donor,substantive_difference_candidate,mixed_or_cross_group_difference,RULE_ONLY:Y;SUB:N>NG,6,6,8,1,1,0,3,1,2,"[""그뱡대"", ""걔네드리랑도"", ""걔드리랑도"", ""그뱡대라고"", ""독까몌방도""]"
hold_no_unanimous_exact_context_donor,substantive_difference_candidate,mixed_or_cross_group_difference,RULE_ONLY:Y;SUB:N>NG;RULE_ONLY:G;RULE_ONLY:Y,6,6,8,1,1,0,0,0,6,"[""명동학꾜"", ""그먕학꾜"", ""명동학꾜가"", ""명동학꾜를"", ""명지초등학꾜를""]"
hold_no_unanimous_exact_context_donor,substantive_difference_candidate,mixed_or_cross_group_difference,SUB:B>P;RULE_ONLY:L;SUB:B>P;SUB:NG>N,4,4,8,4,0,0,2,1,1,"[""필리피니라든가"", ""필리피닌가"", ""필리피닌가에서는"", ""필리핀만크미나""]"
hold_no_unanimous_exact_context_donor,substantive_difference_candidate,mixed_or_cross_group_difference,SUB:B>P;SUB:D>T;SUB:NG>N,5,5,8,0,1,0,1,2,4,"[""챋찌피티라든가"", ""지피티만크미나"", ""챋찌피티만큼"", ""챋피티인가"", ""피프티낸든가""]"
hold_no_unanimous_exact_context_donor,substantive_difference_candidate,mixed_or_cross_group_difference,SUB:D>T;RULE_ONLY:EO;SUB:M>N,7,7,8,1,1,0,5,0,1,"[""티뭔분들"", ""티뭔분"", ""티뭔분드른"", ""티뭔분드를"", ""티뭔분들도""]"
hold_no_unanimous_exact_context_donor,substantive_difference_candidate,mixed_or_cross_group_difference,SUB:M>B;RULE_ONLY:Y;RULE_ONLY:L,2,2,8,0,2,0,2,0,4,"[""타입뼐로"", ""타입뼐로도""]"
hold_no_unanimous_exact_context_donor,substantive_difference_candidate,mixed_or_cross_group_difference,SUB:M>B;SUB:NG>N;RULE_ONLY:W,3,3,8,0,2,0,0,0,6,"[""기업꾼과"", ""또래집딴과"", ""또래집딴과의""]"
hold_no_unanimous_exact_context_donor,substantive_difference_candidate,mixed_or_cross_group_difference,SUB:M>N;RULE_ONLY:Y;RULE_ONLY:Y;RULE_ONLY:Y,1,1,8,1,1,0,0,2,4,"[""인냐며뇨""]"
hold_no_unanimous_exact_context_donor,substantive_difference_candidate,mixed_or_cross_group_difference,SUB:N>NG;RULE_ONLY:Y;SUB:NG>N,8,8,8,2,3,3,0,0,0,"[""동더겨댄가"", ""방탄소년단가치"", ""방탄소년단그비라더라"", ""양준혀긴가요"", ""왕조혀니라든가""]"
hold_no_unanimous_exact_context_donor,substantive_difference_candidate,mixed_or_cross_group_difference,SUB:NG>G;SUB:M>N,8,8,8,1,1,0,3,1,2,"[""축싼품"", ""기록뙨바"", ""백씬부터"", ""백쫑원부터"", ""중국싼비만""]"
hold_no_unanimous_exact_context_donor,substantive_difference_candidate,mixed_or_cross_group_difference,SUB:NG>N;RULE_ONLY:Y;RULE_ONLY:W,5,5,8,1,1,3,1,0,2,"[""한구경화"", ""나는계회글"", ""민가뇨법꽈"", ""한구경화를"", ""한구경화보다는""]"
hold_no_unanimous_exact_context_donor,substantive_difference_candidate,mixed_or_cross_group_difference,SUB:NG>N;SUB:M>NG,5,5,8,4,1,0,1,0,2,"[""주인공부니"", ""문구용푸믈"", ""주인공부는"", ""주인공부늘"", ""주인공분드리""]"
hold_no_unanimous_exact_context_donor,substantive_difference_candidate,mixed_or_cross_group_difference,SUB:NG>N;SUB:NG>N;RULE_ONLY:W,7,7,8,3,0,1,1,3,0,"[""한구긴과"", ""민가닌과"", ""부칸군과"", ""인간과니나"", ""정신건강의학꽈를""]"
hold_candidate_only_deletion_requires_policy,substantive_difference_candidate,mixed_or_cross_group_difference,CANDIDATE_ONLY:I;SUB:NG>N,7,7,7,0,6,0,0,1,0,"[""배기십싸인가"", ""십싸인가"", ""업쓸만큼"", ""융합캡쓰톤디자이닌가"", ""이십싸인가""]"
hold_candidate_only_deletion_requires_policy,substantive_difference_candidate,multiple_segment_count_difference,RULE_ONLY:G;CANDIDATE_ONLY:Y,3,3,7,0,3,2,0,0,2,"[""국꿍은"", ""오공육꽁은"", ""육꽁은""]"
hold_candidate_only_deletion_requires_policy,substantive_difference_candidate,multiple_segment_count_difference,RULE_ONLY:L;CANDIDATE_ONLY:NG,1,1,7,0,4,0,0,0,3,"[""열락처에""]"
hold_candidate_only_deletion_requires_policy,substantive_difference_candidate,mixed_or_cross_group_difference,RULE_ONLY:W;CANDIDATE_ONLY:NG;SUB:N>Y;RULE_ONLY:Y,3,3,7,2,2,1,1,0,1,"[""회사엳꺼드뇨"", ""회사엳따며는"", ""회사엳쬬""]"
hold_candidate_only_deletion_requires_policy,substantive_difference_candidate,mixed_or_cross_group_difference,SUB:B>P;CANDIDATE_ONLY:I,1,1,7,0,1,0,2,1,3,"[""커피갑쓸""]"
hold_no_unanimous_exact_context_donor,substantive_difference_candidate,mixed_or_cross_group_difference,RULE_ONLY:B;SUB:M>L;SUB:N>Y;RULE_ONLY:W,5,5,7,1,1,0,0,3,2,"[""압력꽈"", ""시럽률과"", ""압력꽈늘"", ""입력꽈"", ""합류되어쓸""]"
hold_no_unanimous_exact_context_donor,substantive_difference_candidate,mixed_or_cross_group_difference,RULE_ONLY:CH;SUB:J>W;RULE_ONLY:K;SUB:G>W;RULE_ONLY:W;SUB:E>AE,3,3,7,0,2,2,1,2,0,"[""최저콰돼"", ""최저콰돼서"", ""최저콰돼읻꼬""]"
hold_no_unanimous_exact_context_donor,substantive_difference_candidate,multiple_segment_count_difference,RULE_ONLY:D;RULE_ONLY:W;RULE_ONLY:N,5,5,7,0,3,1,1,1,1,"[""갇춴나"", ""맏춴나"", ""갇춰썬는데"", ""낟춰썬는데"", ""맏춴네""]"
hold_no_unanimous_exact_context_donor,substantive_difference_candidate,multiple_segment_count_difference,RULE_ONLY:G;RULE_ONLY:L;RULE_ONLY:Y;RULE_ONLY:Y,2,2,7,0,0,0,2,1,4,"[""먹꼬살려면"", ""먹꼬살려며는""]"
hold_no_unanimous_exact_context_donor,substantive_difference_candidate,multiple_segment_count_difference,RULE_ONLY:G;RULE_ONLY:W;RULE_ONLY:NG;RULE_ONLY:N,2,2,7,0,0,2,0,4,1,"[""각꽝반는"", ""각꽝반는다""]"
hold_no_unanimous_exact_context_donor,substantive_difference_candidate,mixed_or_cross_group_difference,RULE_ONLY:K;SUB:G>W;RULE_ONLY:M,2,2,7,0,1,1,0,3,2,"[""배콰점만"", ""배콰점마다""]"
hold_no_unanimous_exact_context_donor,substantive_difference_candidate,mixed_or_cross_group_difference,RULE_ONLY:K;SUB:G>W;RULE_ONLY:N,6,6,7,2,1,1,0,1,2,"[""배콰저미언는데"", ""구쾨의워니언나"", ""바퀴핸는데"", ""서콰연나"", ""장수퀴즈연나""]"
hold_no_unanimous_exact_context_donor,substantive_difference_candidate,mixed_or_cross_group_difference,RULE_ONLY:L;RULE_ONLY:Y;RULE_ONLY:G;SUB:NG>L;SUB:N>Y,5,5,7,0,4,0,0,1,2,"[""절력량을"", ""글력량이"", ""글력량하고"", ""절력량도"", ""절력량이""]"
hold_no_unanimous_exact_context_donor,substantive_difference_candidate,mixed_or_cross_group_difference,RULE_ONLY:L;SUB:D>T;SUB:NG>N,5,5,7,0,1,2,1,1,2,"[""플라스티기라든가"", ""글루타티오닌가"", ""블루마운티닌가"", ""엑쎌레이티드인가"", ""플래티너민가""]"
hold_no_unanimous_exact_context_donor,substantive_difference_candidate,mixed_or_cross_group_difference,RULE_ONLY:L;SUB:N>Y;SUB:N>L,4,4,7,0,2,3,1,0,1,"[""청량리여게서"", ""장례식짱를"", ""청량리여게"", ""청량리여기""]"
hold_no_unanimous_exact_context_donor,substantive_difference_candidate,mixed_or_cross_group_difference,RULE_ONLY:NG;SUB:M>P;SUB:B>Y;RULE_ONLY:Y,5,5,7,2,2,2,0,1,0,"[""애정표혀늘"", ""공평해쓰면"", ""봉평이며는"", ""애정표혀느로"", ""애정표혀니나""]"
hold_no_unanimous_exact_context_donor,substantive_difference_candidate,mixed_or_cross_group_difference,RULE_ONLY:P;SUB:B>Y;RULE_ONLY:G,6,6,7,0,0,1,0,6,0,"[""편직끼를"", ""편먹꼬"", ""편직끼가"", ""편직끼로는"", ""편직끼인""]"
hold_no_unanimous_exact_context_donor,substantive_difference_candidate,mixed_or_cross_group_difference,RULE_ONLY:P;SUB:B>Y;RULE_ONLY:L;RULE_ONLY:N,3,3,7,0,3,0,1,1,2,"[""펼리핸는데"", ""펼리하겐네"", ""펼리해지겐네라는""]"
hold_no_unanimous_exact_context_donor,substantive_difference_candidate,mixed_or_cross_group_difference,RULE_ONLY:P;SUB:B>Y;RULE_ONLY:L;RULE_ONLY:Y;RULE_ONLY:Y,6,6,7,0,2,1,0,2,2,"[""펼리해젿쬬"", ""펼리하냐면"", ""펼리하려면"", ""펼리해져쓰며는"", ""펼리해젿껟쬬""]"
hold_no_unanimous_exact_context_donor,substantive_difference_candidate,mixed_or_cross_group_difference,RULE_ONLY:P;SUB:B>Y;SUB:NG>G,7,7,7,0,1,0,0,4,2,"[""폐백쌍에는"", ""표백쩨가"", ""표백쩨는"", ""표백쩨를"", ""표백쩨마느로는""]"
hold_no_unanimous_exact_context_donor,substantive_difference_candidate,mixed_or_cross_group_difference,RULE_ONLY:T;SUB:D>W;RULE_ONLY:B,5,5,7,0,4,0,0,0,3,"[""튀김덥빠븐"", ""튀김덥빱"", ""튀김덥빠블"", ""튀김덥빠비"", ""튀김덥빠비랑""]"
hold_no_unanimous_exact_context_donor,substantive_difference_candidate,mixed_or_cross_group_difference,RULE_ONLY:T;SUB:D>W;SUB:N>NG,6,6,7,0,3,0,3,1,0,"[""퇴장당핻꺼든"", ""감자튀기미랑도"", ""퇴장당해써"", ""퇴장당해써요"", ""퇴장당핻딴""]"
hold_no_unanimous_exact_context_donor,substantive_difference_candidate,multiple_segment_count_difference,RULE_ONLY:Y;RULE_ONLY:D,5,5,7,0,0,3,1,0,3,"[""숃츠라고"", ""숃처럼"", ""숃츠라는"", ""숃츠라든지"", ""숃츠포믈""]"
hold_no_unanimous_exact_context_donor,substantive_difference_candidate,mixed_or_cross_group_difference,RULE_ONLY:Y;RULE_ONLY:W;SUB:NG>N;RULE_ONLY:W,6,6,7,1,0,0,0,6,0,"[""교환궈늘"", ""교환궈느로"", ""교환궈니나"", ""면접꽌과"", ""이묘환과""]"
hold_no_unanimous_exact_context_donor,substantive_difference_candidate,mixed_or_cross_group_difference,RULE_ONLY:Y;RULE_ONLY:Y;RULE_ONLY:K;SUB:G>W,4,4,7,0,0,3,1,1,2,"[""규겨콰"", ""규겨콰가"", ""규겨콰해서"", ""규겨콰시킬""]"
hold_no_unanimous_exact_context_donor,substantive_difference_candidate,mixed_or_cross_group_difference,RULE_ONLY:Y;SUB:N>L;SUB:NG>N,5,5,7,2,1,1,1,2,0,"[""경리단기린가"", ""휴양리민가"", ""경리단기를"", ""휴양리미라든가"", ""휴양리민가요""]"
hold_no_unanimous_exact_context_donor,substantive_difference_candidate,mixed_or_cross_group_difference,RULE_ONLY:Y;SUB:NG>G;SUB:N>L;RULE_ONLY:W;SUB:E>AE,7,7,7,0,1,2,1,2,1,"[""격리돼써써야"", ""격리돼써요"", ""격리돼썯짜너"", ""격리돼쓰니까"", ""격리됃따가""]"
hold_no_unanimous_exact_context_donor,substantive_difference_candidate,mixed_or_cross_group_difference,SUB:M>N;RULE_ONLY:PP,5,5,7,0,1,0,3,2,1,"[""단팓빵이"", ""단팓빵이라든지"", ""단팓빵이나"", ""단팓빵이라는"", ""단팓빵이란""]"
hold_no_unanimous_exact_context_donor,substantive_difference_candidate,mixed_or_cross_group_difference,SUB:M>N;RULE_ONLY:Y;SUB:NG>N,6,6,7,2,1,1,0,1,2,"[""완벼칸가요"", ""연벼닌가에"", ""완벼칸가"", ""완벼칸게"", ""정신병워닌가""]"
hold_no_unanimous_exact_context_donor,substantive_difference_candidate,mixed_or_cross_group_difference,SUB:M>NG;RULE_ONLY:W;SUB:E>AE,5,5,7,1,0,3,0,3,0,"[""중복뙈서"", ""융보캅뙈서"", ""정박뙈"", ""중복뙏떤"", ""증폭뙈서""]"
hold_no_unanimous_exact_context_donor,substantive_difference_candidate,mixed_or_cross_group_difference,SUB:N>NG;RULE_ONLY:W;SUB:NG>N,7,7,7,1,4,0,2,0,0,"[""공중화장시리라든가"", ""정지궈니라든가"", ""정지권까진"", ""정치궈니라든가"", ""측쩡된거""]"
hold_no_unanimous_exact_context_donor,substantive_difference_candidate,mixed_or_cross_group_difference,SUB:N>NG;RULE_ONLY:Y,6,6,7,0,0,1,3,0,3,"[""동종업꼐"", ""노동지뱍쩌긴"", ""봉제업꼐지"", ""여행지여써쎠써써요"", ""인상저기어쎧떤""]"
hold_no_unanimous_exact_context_donor,substantive_difference_candidate,mixed_or_cross_group_difference,SUB:NG>G;RULE_ONLY:W;RULE_ONLY:EU_G,2,2,7,0,1,0,1,1,4,"[""감독꽈늬"", ""학꽈마늬""]"
hold_no_unanimous_exact_context_donor,substantive_difference_candidate,mixed_or_cross_group_difference,SUB:NG>G;RULE_ONLY:W;RULE_ONLY:Y;RULE_ONLY:L,1,1,7,2,0,2,1,0,2,"[""학꽈별로""]"
hold_no_unanimous_exact_context_donor,substantive_difference_candidate,mixed_or_cross_group_difference,SUB:NG>N;RULE_ONLY:K;SUB:G>W;RULE_ONLY:W,4,4,7,1,2,1,2,1,0,"[""한구콰된"", ""선진구콰되고"", ""선진구콰된"", ""전구콰되는""]"
hold_candidate_only_deletion_requires_policy,substantive_difference_candidate,mixed_or_cross_group_difference,CANDIDATE_ONLY:NG;SUB:E>AE;RULE_ONLY:Y,6,6,6,2,2,1,1,0,0,"[""남자애거드뇨"", ""남자애드리거드뇨"", ""남자애드리며는"", ""남자애엳따며는"", ""여자애거드뇨""]"
hold_candidate_only_deletion_requires_policy,substantive_difference_candidate,mixed_or_cross_group_difference,RULE_ONLY:P;SUB:B>Y;CANDIDATE_ONLY:Y,2,2,6,0,5,0,0,1,0,"[""보그평은"", ""매리평은""]"
hold_candidate_only_deletion_requires_policy,substantive_difference_candidate,multiple_segment_count_difference,RULE_ONLY:W;CANDIDATE_ONLY:Y,1,1,6,5,0,0,0,0,1,"[""소화캥은""]"
hold_no_unanimous_exact_context_donor,substantive_difference_candidate,mixed_or_cross_group_difference,RULE_ONLY:B;SUB:M>L;SUB:N>Y;RULE_ONLY:N,5,5,6,0,2,1,1,0,2,"[""입려캔는데"", ""입려캐야겐네"", ""입력빤는"", ""합류핸는"", ""합류핸는데""]"
hold_no_unanimous_exact_context_donor,substantive_difference_candidate,mixed_or_cross_group_difference,RULE_ONLY:B;SUB:M>L;SUB:N>Y;RULE_ONLY:W;SUB:E>AE,2,2,6,1,1,0,0,1,3,"[""입력뙈"", ""입력뙈가지고""]"
hold_no_unanimous_exact_context_donor,substantive_difference_candidate,mixed_or_cross_group_difference,RULE_ONLY:CH;SUB:J>W;SUB:N>NG;RULE_ONLY:W,5,5,6,0,0,0,6,0,0,"[""마취통증의학꽈"", ""마취통증의학꽈를"", ""마취통증의학꽈는"", ""마취통증의학꽈랑"", ""마취통증의학꽈인""]"
hold_no_unanimous_exact_context_donor,substantive_difference_candidate,mixed_or_cross_group_difference,RULE_ONLY:G;RULE_ONLY:K;SUB:G>W;RULE_ONLY:W,2,2,6,1,2,1,1,1,0,"[""핵까조콰되다"", ""핵까조콰되고""]"
hold_no_unanimous_exact_context_donor,substantive_difference_candidate,mixed_or_cross_group_difference,RULE_ONLY:G;SUB:NG>L;SUB:N>Y;SUB:N>NG,3,3,6,1,2,0,0,0,3,"[""폭력썽도"", ""비숙련공드리"", ""숙련공드리""]"
hold_no_unanimous_exact_context_donor,substantive_difference_candidate,mixed_or_cross_group_difference,RULE_ONLY:K;SUB:G>W;RULE_ONLY:EU_G,2,2,6,0,2,1,2,0,1,"[""퀴늬"", ""구쾨의워늬""]"
hold_no_unanimous_exact_context_donor,substantive_difference_candidate,mixed_or_cross_group_difference,RULE_ONLY:K;SUB:G>W;SUB:E>AE;RULE_ONLY:W,2,2,6,1,1,0,1,2,1,"[""쾌락꽈"", ""쾌저캄과는""]"
hold_no_unanimous_exact_context_donor,substantive_difference_candidate,mixed_or_cross_group_difference,RULE_ONLY:L;SUB:NG>G,5,5,6,2,0,2,0,1,1,"[""클릭땅"", ""글로학쌩은"", ""씰룩꺼린다거나"", ""쩔룩꺼리고"", ""홀릭뙤는""]"
hold_no_unanimous_exact_context_donor,substantive_difference_candidate,mixed_or_cross_group_difference,RULE_ONLY:L;SUB:NG>N;RULE_ONLY:Y,5,5,6,0,3,0,0,2,1,"[""골란냐"", ""불러썬냐"", ""어울리는구뇨"", ""얼론개혀글"", ""찔리시는구뇨""]"
hold_no_unanimous_exact_context_donor,substantive_difference_candidate,mixed_or_cross_group_difference,RULE_ONLY:M;RULE_ONLY:W;SUB:E>AE,2,2,6,1,0,1,2,1,1,"[""점목뙈서"", ""점목뙈""]"
hold_no_unanimous_exact_context_donor,substantive_difference_candidate,multiple_segment_count_difference,RULE_ONLY:N;RULE_ONLY:Y;RULE_ONLY:EO,3,3,6,0,3,3,0,0,0,"[""신논혀네서"", ""신논혀네"", ""신논혀니랑""]"
hold_no_unanimous_exact_context_donor,substantive_difference_candidate,mixed_or_cross_group_difference,RULE_ONLY:N;SUB:M>P;SUB:B>Y;RULE_ONLY:Y,6,6,6,0,2,1,0,0,3,"[""간편하거드뇨"", ""간편해젿따"", ""간편해젿따는"", ""간편해젿짜나요"", ""민폐거드뇨""]"
hold_no_unanimous_exact_context_donor,substantive_difference_candidate,mixed_or_cross_group_difference,RULE_ONLY:P;SUB:B>Y;RULE_ONLY:L;SUB:NG>N,5,5,6,0,4,1,1,0,0,"[""펼리한만큼"", ""펼리하미라든가"", ""펼리한가"", ""펼리한가에"", ""펼리한거야""]"
hold_no_unanimous_exact_context_donor,substantive_difference_candidate,mixed_or_cross_group_difference,RULE_ONLY:P;SUB:B>Y;SUB:N>L,5,5,6,3,0,0,1,2,0,"[""평로니라든지"", ""녹쌕평로네"", ""평로네"", ""평로네서"", ""평로늘""]"
hold_no_unanimous_exact_context_donor,substantive_difference_candidate,mixed_or_cross_group_difference,RULE_ONLY:S;SUB:SS>Y;SUB:B>P;RULE_ONLY:EU_G,2,2,6,0,1,0,1,0,4,"[""쇼핑마늬"", ""쇼핑몰마늬""]"
hold_no_unanimous_exact_context_donor,substantive_difference_candidate,mixed_or_cross_group_difference,RULE_ONLY:W;RULE_ONLY:K;SUB:G>W;RULE_ONLY:W,5,5,6,0,4,1,0,0,1,"[""과하콰되다"", ""서대문문화체유쾨과네"", ""과소콰되고"", ""기회콰되고"", ""서대문문화체유쾨관""]"
hold_no_unanimous_exact_context_donor,substantive_difference_candidate,mixed_or_cross_group_difference,RULE_ONLY:W;RULE_ONLY:L;RULE_ONLY:P;SUB:B>Y,5,5,6,2,0,0,0,0,4,"[""괄리편"", ""괄람평"", ""괄람평을"", ""괄리표"", ""실괄람평을""]"
hold_no_unanimous_exact_context_donor,substantive_difference_candidate,mixed_or_cross_group_difference,RULE_ONLY:W;RULE_ONLY:Y;RULE_ONLY:L;SUB:N>Y,4,4,6,1,3,0,0,0,2,"[""화룡능력"", ""화서결료로"", ""재화룡류리"", ""화룡류리""]"
hold_no_unanimous_exact_context_donor,substantive_difference_candidate,mixed_or_cross_group_difference,RULE_ONLY:W;SUB:E>AE;RULE_ONLY:N,3,3,6,1,1,1,2,0,1,"[""잘몯뙈썬나"", ""비축뙈인는"", ""흑뙈지고기연나""]"
hold_no_unanimous_exact_context_donor,substantive_difference_candidate,mixed_or_cross_group_difference,RULE_ONLY:W;SUB:M>B;RULE_ONLY:W,3,3,6,3,0,0,0,3,0,"[""화합꽈"", ""쉐입꽈"", ""어과집꽈""]"
hold_no_unanimous_exact_context_donor,substantive_difference_candidate,mixed_or_cross_group_difference,RULE_ONLY:W;SUB:NG>N;RULE_ONLY:N,4,4,6,0,1,2,1,1,1,"[""환급빤는"", ""관거니겐네"", ""관거니언는데"", ""죄이닌가연나""]"
hold_no_unanimous_exact_context_donor,substantive_difference_candidate,mixed_or_cross_group_difference,RULE_ONLY:Y;RULE_ONLY:W;SUB:K>G;RULE_ONLY:W;SUB:E>AE,2,2,6,0,0,1,1,3,1,"[""계획뙈"", ""계획뙏따고""]"
hold_no_unanimous_exact_context_donor,substantive_difference_candidate,mixed_or_cross_group_difference,RULE_ONLY:Y;RULE_ONLY:W;SUB:M>N,6,6,6,1,0,0,3,2,0,"[""계획쩌긴보다는"", ""교지권부니"", ""그뮹권보다"", ""그뮹권보다는"", ""일그뮹권보다는""]"
hold_no_unanimous_exact_context_donor,substantive_difference_candidate,multiple_segment_count_difference,RULE_ONLY:Y;RULE_ONLY:Y;RULE_ONLY:Y,4,4,6,0,2,0,1,2,1,"[""샥쌱쌱"", ""이뱡하려며는"", ""뮤리뉴여쎠"", ""의류업꼐죠""]"
hold_no_unanimous_exact_context_donor,substantive_difference_candidate,mixed_or_cross_group_difference,RULE_ONLY:Y;SUB:NG>G;RULE_ONLY:EU_G,1,1,6,1,0,0,1,0,4,"[""혁씨늬""]"
hold_no_unanimous_exact_context_donor,substantive_difference_candidate,mixed_or_cross_group_difference,SUB:B>P;SUB:J>D,4,4,6,0,0,2,0,0,4,"[""피맏꼴"", ""피맏꼬리"", ""피맏꼬리거든"", ""피맏꼬리라고""]"
hold_no_unanimous_exact_context_donor,substantive_difference_candidate,mixed_or_cross_group_difference,SUB:D>T;SUB:D>T;RULE_ONLY:G,6,6,6,4,0,0,0,2,0,"[""틱틱꺼리고"", ""틱틱꺼리는"", ""틱틱꺼리니까"", ""틱틱꺼리자나"", ""틱틱꺼리지""]"
hold_no_unanimous_exact_context_donor,substantive_difference_candidate,mixed_or_cross_group_difference,SUB:J>D;RULE_ONLY:L;RULE_ONLY:Y,4,4,6,0,3,1,1,1,0,"[""맏낄려고"", ""맏뜰려"", ""맏뜰려서"", ""맏뜰리며는""]"
hold_no_unanimous_exact_context_donor,substantive_difference_candidate,mixed_or_cross_group_difference,SUB:JJ>D;SUB:D>T,6,6,6,1,0,2,0,3,0,"[""읻따가티타이믈"", ""읻티베서"", ""읻티븐"", ""읻티비라고"", ""읻티비에요""]"
hold_no_unanimous_exact_context_donor,substantive_difference_candidate,mixed_or_cross_group_difference,SUB:M>N;RULE_ONLY:G;RULE_ONLY:Y,5,5,6,1,1,0,2,2,0,"[""전북때학꾜"", ""한받때학꾜"", ""전북때학꾜가"", ""전북때학꾜를"", ""한번학꾜를""]"
hold_no_unanimous_exact_context_donor,substantive_difference_candidate,mixed_or_cross_group_difference,SUB:M>N;SUB:M>NG,5,5,6,0,3,0,0,3,0,"[""연방로니"", ""신분증뿐마니"", ""연방버베는"", ""연방버베서는"", ""연방버비자나요""]"
hold_no_unanimous_exact_context_donor,substantive_difference_candidate,mixed_or_cross_group_difference,SUB:M>N;SUB:NG>N;RULE_ONLY:W,4,4,6,1,4,1,0,0,0,"[""산부인과저긴"", ""천부인궈늘"", ""천부인궈는"", ""천부인궈니라고""]"
hold_no_unanimous_exact_context_donor,substantive_difference_candidate,mixed_or_cross_group_difference,SUB:M>NG;SUB:NG>N;RULE_ONLY:W,4,4,6,0,6,0,0,0,0,"[""영빈과네서"", ""정보통신공학꽈가"", ""정보통신공학꽈거든"", ""정보통신공학꽈자나""]"
hold_no_unanimous_exact_context_donor,substantive_difference_candidate,mixed_or_cross_group_difference,SUB:N>L;RULE_ONLY:W,5,5,6,0,1,1,0,0,4,"[""공립꽈"", ""성리학꽈"", ""정리되어쓸"", ""정리되얻꼬"", ""탄소중립꽈""]"
hold_no_unanimous_exact_context_donor,substantive_difference_candidate,mixed_or_cross_group_difference,SUB:N>Y;SUB:NG>N,6,6,6,0,3,1,0,2,0,"[""남한산성여긴가"", ""내방여긴가"", ""복쩡여긴가"", ""사당여기라든가"", ""산성여긴가""]"
hold_no_unanimous_exact_context_donor,substantive_difference_candidate,mixed_or_cross_group_difference,SUB:NG>G;SUB:N>L;RULE_ONLY:W;SUB:E>AE,4,4,6,0,1,2,1,1,1,"[""적립뙈"", ""독립뙈"", ""독립뙈서"", ""적립뙏떤""]"
hold_no_unanimous_exact_context_donor,substantive_difference_candidate,mixed_or_cross_group_difference,SUB:NG>N;RULE_ONLY:W;SUB:N>NG;SUB:NG>G;RULE_ONLY:Y,1,1,6,0,3,0,0,3,0,"[""원광대학꾜""]"
hold_no_unanimous_exact_context_donor,substantive_difference_candidate,mixed_or_cross_group_difference,SUB:SS>S;RULE_ONLY:B,5,5,6,0,1,2,2,1,0,"[""백팔십파레"", ""백칠십파레"", ""백칠십파를"", ""칠십빠께"", ""팔십빠께""]"
hold_candidate_only_deletion_requires_policy,substantive_difference_candidate,mixed_or_cross_group_difference,CANDIDATE_ONLY:D;SUB:Y>J,2,2,5,1,0,0,0,0,4,"[""나즤"", ""밤나즤""]"
hold_candidate_only_deletion_requires_policy,substantive_difference_candidate,mixed_or_cross_group_difference,RULE_ONLY:Y;CANDIDATE_ONLY:NG;SUB:N>Y,5,5,5,0,1,0,1,2,1,"[""대명사엳짜나"", ""변호사엳끼"", ""변호사엳찌만"", ""병사엳꼬"", ""세계사엳꼬""]"
hold_no_unanimous_exact_context_donor,substantive_difference_candidate,mixed_or_cross_group_difference,RULE_ONLY:B;SUB:P>H,3,3,5,0,1,1,0,2,1,"[""집깝하고"", ""밥깝하고"", ""옫깝하고""]"
hold_no_unanimous_exact_context_donor,substantive_difference_candidate,mixed_or_cross_group_difference,RULE_ONLY:CH;SUB:J>W;RULE_ONLY:G;SUB:NG>L;SUB:N>Y,3,3,5,0,1,0,1,0,3,"[""취직류리"", ""최고학려긴"", ""취직류른""]"
hold_no_unanimous_exact_context_donor,substantive_difference_candidate,mixed_or_cross_group_difference,RULE_ONLY:CH;SUB:J>W;RULE_ONLY:Y;SUB:NG>N,4,4,5,0,0,1,1,1,2,"[""촤령인가"", ""촤령이라든가"", ""촤령하는가"", ""최진혀긴가""]"
hold_no_unanimous_exact_context_donor,substantive_difference_candidate,mixed_or_cross_group_difference,RULE_ONLY:D;SUB:J>W;RULE_ONLY:N,2,2,5,0,3,0,2,0,0,"[""가둬논는"", ""가둬썬는데""]"
hold_no_unanimous_exact_context_donor,substantive_difference_candidate,mixed_or_cross_group_difference,RULE_ONLY:E;SUB:AE>CH;SUB:J>W,2,2,5,0,3,0,2,0,0,"[""해외취어블"", ""해외취어베""]"
hold_no_unanimous_exact_context_donor,substantive_difference_candidate,mixed_or_cross_group_difference,RULE_ONLY:G;RULE_ONLY:Y;RULE_ONLY:W;SUB:E>AE,3,3,5,1,2,1,0,1,0,"[""직껼돼"", ""직껼돼서"", ""직껼됃떤""]"
hold_no_unanimous_exact_context_donor,substantive_difference_candidate,mixed_or_cross_group_difference,RULE_ONLY:G;SUB:NG>G;SUB:N>L,3,3,5,1,0,3,0,1,0,"[""학꼭리"", ""학꼭리도"", ""학꼭리에""]"
hold_no_unanimous_exact_context_donor,substantive_difference_candidate,mixed_or_cross_group_difference,RULE_ONLY:G;SUB:P>B,2,2,5,1,1,0,0,3,0,"[""학끄븨"", ""직끄븨""]"
hold_no_unanimous_exact_context_donor,substantive_difference_candidate,mixed_or_cross_group_difference,RULE_ONLY:K;SUB:G>W;SUB:E>AE;SUB:NG>N,5,5,5,0,1,1,0,1,2,"[""불쾌핻따든가"", ""불쾌핻떨라든가라는"", ""쾌라기라든가"", ""쾌저칸가"", ""쾌저칸가에""]"
hold_no_unanimous_exact_context_donor,substantive_difference_candidate,mixed_or_cross_group_difference,RULE_ONLY:L;RULE_ONLY:W;SUB:E>AE,5,5,5,0,0,1,1,0,3,"[""설립뙈"", ""설립뙈서"", ""설립뙏꼬"", ""설립뙏꾸요"", ""탈락뙈""]"
hold_no_unanimous_exact_context_donor,substantive_difference_candidate,multiple_segment_count_difference,RULE_ONLY:L;RULE_ONLY:Y;RULE_ONLY:G,3,3,5,1,0,1,2,1,0,"[""날려먹꼬"", ""돌려먹꼬"", ""돌려먹꺼나""]"
hold_no_unanimous_exact_context_donor,substantive_difference_candidate,mixed_or_cross_group_difference,RULE_ONLY:L;RULE_ONLY:Y;RULE_ONLY:K;SUB:G>W,5,5,5,1,0,2,0,1,1,"[""갈랴콰"", ""갈랴콰가"", ""갈랴콰하고"", ""갈랴콰한다고"", ""출려쾨사""]"
hold_no_unanimous_exact_context_donor,substantive_difference_candidate,mixed_or_cross_group_difference,RULE_ONLY:L;RULE_ONLY:Y;RULE_ONLY:Y;SUB:M>N,3,3,5,0,0,0,0,2,3,"[""발려견보다"", ""발려견바께"", ""발려견보다는""]"
hold_no_unanimous_exact_context_donor,substantive_difference_candidate,mixed_or_cross_group_difference,RULE_ONLY:L;RULE_ONLY:Y;RULE_ONLY:Y;SUB:NG>N,3,3,5,0,1,0,0,2,2,"[""발려견까지"", ""발려겨니라든가"", ""부풀려젿뜬가""]"
hold_no_unanimous_exact_context_donor,substantive_difference_candidate,mixed_or_cross_group_difference,RULE_ONLY:L;RULE_ONLY:Y;SUB:M>N;RULE_ONLY:N,2,2,5,0,2,0,3,0,0,"[""훌련반는"", ""훌련반는데""]"
hold_no_unanimous_exact_context_donor,substantive_difference_candidate,mixed_or_cross_group_difference,RULE_ONLY:L;RULE_ONLY:Y;SUB:M>N;RULE_ONLY:Y;SUB:N>NG,3,3,5,0,1,0,0,4,0,"[""훌련병드리"", ""훌련병드른"", ""훌련병드를""]"
hold_no_unanimous_exact_context_donor,substantive_difference_candidate,mixed_or_cross_group_difference,RULE_ONLY:L;SUB:N>Y;SUB:K>G,3,3,5,0,0,1,1,1,2,"[""상상려긔"", ""집쭝려긔"", ""저긍려긔""]"
hold_no_unanimous_exact_context_donor,substantive_difference_candidate,mixed_or_cross_group_difference,RULE_ONLY:N;SUB:M>N,4,4,5,1,0,0,0,0,4,"[""안내원분드리"", ""건넌네"", ""건넌네요"", ""안내원부니""]"
hold_no_unanimous_exact_context_donor,substantive_difference_candidate,mixed_or_cross_group_difference,RULE_ONLY:P;SUB:B>Y;RULE_ONLY:EU_G;RULE_ONLY:N,2,2,5,2,0,1,0,1,1,"[""펴늬저미언는데"", ""펴늬저미언나""]"
hold_no_unanimous_exact_context_donor,substantive_difference_candidate,mixed_or_cross_group_difference,RULE_ONLY:P;SUB:B>Y;RULE_ONLY:W;RULE_ONLY:W;SUB:E>AE,5,5,5,0,0,0,0,4,1,"[""보편화돼쓰니까"", ""보편화돼쓸"", ""보편화됃꾸나라는"", ""보편화됃짜나"", ""보편화됃찌만""]"
hold_no_unanimous_exact_context_donor,substantive_difference_candidate,mixed_or_cross_group_difference,RULE_ONLY:P;SUB:B>Y;RULE_ONLY:W;RULE_ONLY:Y;SUB:P>B,3,3,5,0,4,1,0,0,0,"[""평화협쩡"", ""평화협쩡을"", ""평화협쩡이나""]"
hold_no_unanimous_exact_context_donor,substantive_difference_candidate,mixed_or_cross_group_difference,RULE_ONLY:P;SUB:B>Y;SUB:N>NG;SUB:N>NG,1,1,5,1,1,0,0,1,2,"[""평생직짱도""]"
hold_no_unanimous_exact_context_donor,substantive_difference_candidate,mixed_or_cross_group_difference,RULE_ONLY:S;SUB:SS>Y,5,5,5,3,0,0,1,1,0,"[""네일쇼베"", ""네일쇼블"", ""네일숍또"", ""렌털쇼비나"", ""마술쇼엳꺼든""]"
hold_no_unanimous_exact_context_donor,substantive_difference_candidate,mixed_or_cross_group_difference,RULE_ONLY:T;SUB:D>Y;SUB:NG>N,4,4,5,1,0,1,1,1,1,"[""유튜버드리라든가"", ""꼬턍긴가"", ""부텨주신다던가"", ""유튜브만크믜""]"
hold_no_unanimous_exact_context_donor,substantive_difference_candidate,mixed_or_cross_group_difference,RULE_ONLY:W;RULE_ONLY:W;SUB:NG>N;RULE_ONLY:W,5,5,5,0,1,1,2,0,1,"[""광화문궈니니까"", ""생활습꽌과"", ""영화관과네"", ""재화롼과래"", ""재화롼과에""]"
hold_no_unanimous_exact_context_donor,substantive_difference_candidate,mixed_or_cross_group_difference,RULE_ONLY:W;SUB:D>S,2,2,5,1,0,0,0,1,3,"[""화긴하셔야"", ""이붠하셔야""]"
hold_no_unanimous_exact_context_donor,substantive_difference_candidate,mixed_or_cross_group_difference,RULE_ONLY:W;SUB:E>AE;SUB:M>N,3,3,5,1,3,0,1,0,0,"[""연쇄사린범"", ""연쇄사린버미"", ""연쇄사린버미나""]"
hold_no_unanimous_exact_context_donor,substantive_difference_candidate,mixed_or_cross_group_difference,RULE_ONLY:W;SUB:M>N;SUB:NG>N,3,3,5,2,1,0,1,1,0,"[""하권비라든가"", ""환부리라든가"", ""환부뤈정대라든가""]"
hold_no_unanimous_exact_context_donor,substantive_difference_candidate,mixed_or_cross_group_difference,RULE_ONLY:W;SUB:NG>N;RULE_ONLY:W;SUB:N>NG;RULE_ONLY:Y,4,4,5,1,0,1,1,2,0,"[""관광지거드뇨"", ""관광지라며는"", ""관광지며는"", ""관광지여쓰며는""]"
hold_no_unanimous_exact_context_donor,substantive_difference_candidate,multiple_segment_count_difference,RULE_ONLY:Y;RULE_ONLY:Y;RULE_ONLY:G;RULE_ONLY:Y,5,5,5,3,1,0,0,0,1,"[""서울공여녜술고등학꾜"", ""며녁꼐가"", ""며녁꼐를"", ""서울공여녜술고등학꾜가"", ""서울공여녜술고등학꾜를""]"
hold_no_unanimous_exact_context_donor,substantive_difference_candidate,mixed_or_cross_group_difference,RULE_ONLY:Y;RULE_ONLY:Y;RULE_ONLY:K;SUB:G>W;RULE_ONLY:W,2,2,5,1,2,1,0,1,0,"[""규겨콰된"", ""규겨콰되지""]"
hold_no_unanimous_exact_context_donor,substantive_difference_candidate,mixed_or_cross_group_difference,RULE_ONLY:Y;SUB:AE>E,4,4,5,0,3,0,0,1,1,"[""사저녜약"", ""사저녜약쩨로"", ""서녜약"", ""재계약또""]"
hold_no_unanimous_exact_context_donor,substantive_difference_candidate,mixed_or_cross_group_difference,RULE_ONLY:Y;SUB:M>N;RULE_ONLY:N,3,3,5,1,1,1,1,0,1,"[""외면반는"", ""장년부터연나"", ""병원비연는데""]"
hold_no_unanimous_exact_context_donor,substantive_difference_candidate,mixed_or_cross_group_difference,RULE_ONLY:Y;SUB:M>NG;RULE_ONLY:G;RULE_ONLY:Y,2,2,5,2,2,0,0,0,1,"[""경북때학꾜"", ""경북때학꾜를""]"
hold_no_unanimous_exact_context_donor,substantive_difference_candidate,mixed_or_cross_group_difference,RULE_ONLY:Y;SUB:N>NG;RULE_ONLY:Y;SUB:NG>G;RULE_ONLY:W,2,2,5,0,2,0,3,0,0,"[""경제력꽈"", ""경제력꽈는""]"
hold_no_unanimous_exact_context_donor,substantive_difference_candidate,mixed_or_cross_group_difference,SUB:B>P;RULE_ONLY:D,4,4,5,0,1,1,2,0,1,"[""버핃처럼"", ""피섿처럼"", ""핃쩌그로도"", ""핃처럼""]"
hold_no_unanimous_exact_context_donor,substantive_difference_candidate,mixed_or_cross_group_difference,SUB:B>P;RULE_ONLY:L;SUB:N>Y,4,4,5,0,3,0,0,0,2,"[""리피룡"", ""을피료로"", ""피밤려이니라는"", ""픽씽력""]"
hold_no_unanimous_exact_context_donor,substantive_difference_candidate,mixed_or_cross_group_difference,SUB:B>P;RULE_ONLY:L;SUB:NG>N,3,3,5,1,0,2,0,1,1,"[""필란든가"", ""유리필르민가"", ""필란드인가""]"
hold_no_unanimous_exact_context_donor,substantive_difference_candidate,mixed_or_cross_group_difference,SUB:B>P;RULE_ONLY:P;SUB:B>Y;RULE_ONLY:Y,4,4,5,1,0,1,0,3,0,"[""피폐해젿꼬"", ""피폐해져써"", ""피폐해젿따고"", ""피폐해젿떤""]"
hold_no_unanimous_exact_context_donor,substantive_difference_candidate,mixed_or_cross_group_difference,SUB:D>S;RULE_ONLY:N,5,5,5,0,4,0,0,1,0,"[""버러셔야겐네"", ""시키셔야겐네"", ""잘하셔야겐네"", ""주셔야겐네"", ""타보션나요""]"
hold_no_unanimous_exact_context_donor,substantive_difference_candidate,mixed_or_cross_group_difference,SUB:J>D;SUB:D>T,4,4,5,5,0,0,0,0,0,"[""굳캐스팅을"", ""굳캐스팅에"", ""굳캐스팅은"", ""굳캐스팅이라고""]"
hold_no_unanimous_exact_context_donor,substantive_difference_candidate,mixed_or_cross_group_difference,SUB:J>D;SUB:M>B,2,2,5,1,0,1,0,0,3,"[""맏짭꼬"", ""맏깔스럽꼬""]"
hold_no_unanimous_exact_context_donor,substantive_difference_candidate,mixed_or_cross_group_difference,SUB:M>B;RULE_ONLY:G;RULE_ONLY:Y,5,5,5,0,5,0,0,0,0,"[""사밀상업꼬등학꾜"", ""상업꼬등학꾜"", ""공업꼬등학꾜가"", ""공업꼬등학꾜를"", ""공업꼬등학꾜에서""]"
hold_no_unanimous_exact_context_donor,substantive_difference_candidate,mixed_or_cross_group_difference,SUB:M>N;RULE_ONLY:B,5,5,5,0,0,0,0,1,4,"[""돈부리덥빱"", ""전복떱빠븐"", ""전복떱빠비"", ""천배기십팔"", ""천팔배고십팔""]"
hold_no_unanimous_exact_context_donor,substantive_difference_candidate,mixed_or_cross_group_difference,SUB:M>N;RULE_ONLY:EU_G;RULE_ONLY:Y,2,2,5,1,0,0,2,0,2,"[""반신바늬하면서"", ""반신바늬하며""]"
hold_no_unanimous_exact_context_donor,substantive_difference_candidate,mixed_or_cross_group_difference,SUB:M>N;RULE_ONLY:M,3,3,5,0,3,0,0,1,1,"[""헌범만"", ""맨밤만"", ""천백쌈심만""]"
hold_no_unanimous_exact_context_donor,substantive_difference_candidate,mixed_or_cross_group_difference,SUB:M>NG;RULE_ONLY:G;RULE_ONLY:Y,3,3,5,1,0,1,0,0,3,"[""충북때학꾜"", ""정발중학꾜"", ""의정부서중학꾜를""]"
hold_no_unanimous_exact_context_donor,substantive_difference_candidate,mixed_or_cross_group_difference,SUB:M>NG;RULE_ONLY:K;SUB:G>W,3,3,5,0,1,0,1,1,2,"[""삼풍배콰점"", ""삼풍배콰저미"", ""행보쾨로를""]"
hold_no_unanimous_exact_context_donor,substantive_difference_candidate,mixed_or_cross_group_difference,SUB:M>NG;RULE_ONLY:Y;RULE_ONLY:L;SUB:N>Y,5,5,5,0,3,1,0,1,0,"[""동병상려느로"", ""동병상려니"", ""동병상려니야"", ""동병상려니언는지"", ""동병상려닌데""]"
hold_no_unanimous_exact_context_donor,substantive_difference_candidate,mixed_or_cross_group_difference,SUB:N>NG;RULE_ONLY:Y;SUB:NG>G;RULE_ONLY:W,5,5,5,1,2,0,0,2,0,"[""정치외교학꽈"", ""강제력꽈"", ""자기통제력꽈"", ""정치외교학꽈를"", ""정치외교학꽈에""]"
hold_no_unanimous_exact_context_donor,substantive_difference_candidate,mixed_or_cross_group_difference,SUB:NG>G;RULE_ONLY:G,5,5,5,0,0,1,1,3,0,"[""백썩꼬"", ""석씩까지"", ""식끼적쩍쩍끼도"", ""악짝까치"", ""역싸책까지""]"
hold_no_unanimous_exact_context_donor,substantive_difference_candidate,mixed_or_cross_group_difference,SUB:NG>G;RULE_ONLY:Y;RULE_ONLY:EU_G,2,2,5,1,1,1,0,0,2,"[""학꾜마늬"", ""대학꾜마늬""]"
hold_no_unanimous_exact_context_donor,substantive_difference_candidate,mixed_or_cross_group_difference,SUB:NG>G;SUB:NG>G;RULE_ONLY:W,5,5,5,0,0,2,1,1,1,"[""역싸학꽈"", ""역싸학꽈가"", ""역싸학꽈까지"", ""역싸학꽈를"", ""역싸학꽈에""]"
hold_no_unanimous_exact_context_donor,substantive_difference_candidate,mixed_or_cross_group_difference,SUB:NG>N;RULE_ONLY:L;SUB:NG>N,4,4,5,0,1,2,1,0,1,"[""한글라린가"", ""엔클렉쓰라든가"", ""팬클러빈가"", ""한글라라든가""]"
hold_no_unanimous_exact_context_donor,substantive_difference_candidate,mixed_or_cross_group_difference,SUB:NG>N;SUB:NG>G;SUB:NG>N,4,4,5,1,2,1,0,1,0,"[""한국쑤자원공사"", ""한국땅이라든가"", ""한국싸라든가"", ""한국쩌추근행인가""]"
hold_no_unanimous_exact_context_donor,contrast_review_required,single_contrast_within_acoustic_model_group,SUB:P>B,3,3,5,1,0,0,0,0,4,"[""인접썽"", ""간접삐"", ""인접썽을""]"
hold_candidate_only_deletion_requires_policy,substantive_difference_candidate,mixed_or_cross_group_difference,RULE_ONLY:P;SUB:B>Y;CANDIDATE_ONLY:I,1,1,4,0,0,4,0,0,0,"[""표갑쓸""]"
hold_candidate_only_deletion_requires_policy,substantive_difference_candidate,mixed_or_cross_group_difference,RULE_ONLY:W;RULE_ONLY:Y;CANDIDATE_ONLY:NG;SUB:N>Y,2,2,4,0,1,0,0,3,0,"[""회계사엳짜나"", ""회계사엳따가""]"
hold_candidate_only_deletion_requires_policy,substantive_difference_candidate,mixed_or_cross_group_difference,RULE_ONLY:Y;SUB:M>NG;CANDIDATE_ONLY:Y,1,1,4,0,0,0,2,1,1,"[""경복꿍은""]"
hold_no_unanimous_exact_context_donor,substantive_difference_candidate,multiple_segment_count_difference,RULE_ONLY:B;RULE_ONLY:G;RULE_ONLY:W,1,1,4,1,0,0,2,0,1,"[""압빡깜과""]"
hold_no_unanimous_exact_context_donor,substantive_difference_candidate,multiple_segment_count_difference,RULE_ONLY:B;RULE_ONLY:L;RULE_ONLY:Y,3,3,4,3,1,0,0,0,0,"[""이천십팔련"", ""이천십팔려네"", ""이천십팔련도에""]"
hold_no_unanimous_exact_context_donor,substantive_difference_candidate,mixed_or_cross_group_difference,RULE_ONLY:B;SUB:N>NG,4,4,4,0,1,0,0,2,1,"[""입빵정"", ""옥탑빵도"", ""옥탑빵처럼"", ""학씁빵지라고""]"
hold_no_unanimous_exact_context_donor,substantive_difference_candidate,mixed_or_cross_group_difference,RULE_ONLY:CH;RULE_ONLY:W;SUB:J>I,4,4,4,0,1,0,1,0,2,"[""취이믈"", ""취이미라는"", ""취이판"", ""취임시글""]"
hold_no_unanimous_exact_context_donor,substantive_difference_candidate,mixed_or_cross_group_difference,RULE_ONLY:CH;SUB:J>W;RULE_ONLY:G;RULE_ONLY:Y;RULE_ONLY:NG,4,4,4,2,2,0,0,0,0,"[""취약꼐층드릐"", ""취약꼐층드리"", ""취약꼐층에"", ""취약꼐층에게""]"
hold_no_unanimous_exact_context_donor,substantive_difference_candidate,mixed_or_cross_group_difference,RULE_ONLY:CH;SUB:J>W;RULE_ONLY:L;RULE_ONLY:Y,3,3,4,1,2,1,0,0,0,"[""취어팔려고"", ""취지칼라며는"", ""취지칼려고도""]"
hold_no_unanimous_exact_context_donor,substantive_difference_candidate,mixed_or_cross_group_difference,RULE_ONLY:CH;SUB:J>W;RULE_ONLY:W;RULE_ONLY:N,3,3,4,3,0,0,1,0,0,"[""춰봔는데"", ""자취생활핸는데"", ""취소되언는데""]"
hold_no_unanimous_exact_context_donor,substantive_difference_candidate,mixed_or_cross_group_difference,RULE_ONLY:CH;SUB:J>W;RULE_ONLY:Y;SUB:N>NG;RULE_ONLY:Y,4,4,4,0,2,1,0,1,0,"[""취향저겨글"", ""취향저겨기"", ""취향저겨기랑"", ""취향저격또""]"
hold_no_unanimous_exact_context_donor,substantive_difference_candidate,mixed_or_cross_group_difference,RULE_ONLY:CH;SUB:J>W;RULE_ONLY:Y;SUB:N>NG;SUB:D>T,2,2,4,0,1,1,1,1,0,"[""촤령티미"", ""촤령티미랑""]"
hold_no_unanimous_exact_context_donor,substantive_difference_candidate,mixed_or_cross_group_difference,RULE_ONLY:CH;SUB:J>W;SUB:B>P,1,1,4,0,0,0,0,0,4,"[""최피딤니다""]"
hold_no_unanimous_exact_context_donor,substantive_difference_candidate,mixed_or_cross_group_difference,RULE_ONLY:CH;SUB:J>W;SUB:M>N;SUB:N>NG,3,3,4,2,1,0,1,0,0,"[""취업쭌비생드리"", ""취업쭌비생들"", ""취업쭌비생들한테""]"
hold_no_unanimous_exact_context_donor,substantive_difference_candidate,mixed_or_cross_group_difference,RULE_ONLY:D;RULE_ONLY:Y;SUB:NG>N,1,1,4,2,1,0,1,0,0,"[""왇챠라든가""]"
hold_no_unanimous_exact_context_donor,substantive_difference_candidate,mixed_or_cross_group_difference,RULE_ONLY:D;SUB:J>W;RULE_ONLY:Y,3,3,4,0,0,3,1,0,0,"[""나둬쓰면"", ""싸아둳껟쬬"", ""아라둬쓰면""]"
hold_no_unanimous_exact_context_donor,substantive_difference_candidate,multiple_segment_count_difference,RULE_ONLY:EO;RULE_ONLY:W,3,3,4,2,1,1,0,0,0,"[""이뭔들과"", ""이뭔회"", ""이뭔회를""]"
hold_no_unanimous_exact_context_donor,substantive_difference_candidate,multiple_segment_count_difference,RULE_ONLY:EO;RULE_ONLY:Y,3,3,4,0,0,4,0,0,0,"[""기뭔효가"", ""기뭔효"", ""다뭔저니얻쬬""]"
hold_no_unanimous_exact_context_donor,substantive_difference_candidate,mixed_or_cross_group_difference,RULE_ONLY:G;RULE_ONLY:H;SUB:K>Y;RULE_ONLY:Y;RULE_ONLY:N,2,2,4,0,2,1,0,1,0,"[""박혀젼는데"", ""박혀젼네""]"
hold_no_unanimous_exact_context_donor,substantive_difference_candidate,multiple_segment_count_difference,RULE_ONLY:G;RULE_ONLY:Y;RULE_ONLY:L,3,3,4,0,1,0,2,1,0,"[""속쩐속껼로"", ""적끔률로"", ""학끕뼐로""]"
hold_no_unanimous_exact_context_donor,substantive_difference_candidate,mixed_or_cross_group_difference,RULE_ONLY:G;SUB:K>H;SUB:NG>N,2,2,4,0,0,0,0,4,0,"[""닥한마린가"", ""박히던가""]"
hold_no_unanimous_exact_context_donor,substantive_difference_candidate,mixed_or_cross_group_difference,RULE_ONLY:K;SUB:G>W;RULE_ONLY:P;SUB:B>Y,2,2,4,0,0,0,3,0,1,"[""지여콰폐"", ""지여콰폐가""]"
hold_no_unanimous_exact_context_donor,substantive_difference_candidate,mixed_or_cross_group_difference,RULE_ONLY:K;SUB:G>W;SUB:SS>S,2,2,4,1,0,1,1,1,0,"[""모콰솜"", ""프리퀄시그로""]"
hold_no_unanimous_exact_context_donor,substantive_difference_candidate,multiple_segment_count_difference,RULE_ONLY:L;RULE_ONLY:G;RULE_ONLY:Y,4,4,4,1,2,0,0,1,0,"[""설리닌터넫꼬등학꾜"", ""할라대학꾜"", ""브래들리대학꾜를"", ""카톨릭때학꾜""]"
hold_no_unanimous_exact_context_donor,substantive_difference_candidate,multiple_segment_count_difference,RULE_ONLY:L;RULE_ONLY:Y;RULE_ONLY:G;RULE_ONLY:Y,4,4,4,0,3,0,0,1,0,"[""열륙꾜"", ""절력꼐통"", ""절력꼐통을"", ""할리며내고등학꾜""]"
hold_no_unanimous_exact_context_donor,substantive_difference_candidate,mixed_or_cross_group_difference,RULE_ONLY:L;SUB:NG>G;RULE_ONLY:L,4,4,4,0,0,1,0,0,3,"[""쩔룩쩔루카고"", ""쩔룩쩔루카더라고"", ""쩔룩쩔루캐써요"", ""클릭클리글""]"
hold_no_unanimous_exact_context_donor,substantive_difference_candidate,mixed_or_cross_group_difference,RULE_ONLY:N;SUB:NG>G;RULE_ONLY:Y,2,2,4,2,2,0,0,0,0,"[""전남대학꾜"", ""한남대학꾜를""]"
hold_no_unanimous_exact_context_donor,substantive_difference_candidate,mixed_or_cross_group_difference,RULE_ONLY:NG;SUB:M>P;SUB:B>Y;RULE_ONLY:W;SUB:E>AE,4,4,4,0,3,1,0,0,0,"[""상폐됃따"", ""상폐됃떤"", ""통폐합뙈서"", ""통폐합뙏따고""]"
hold_no_unanimous_exact_context_donor,substantive_difference_candidate,mixed_or_cross_group_difference,RULE_ONLY:NG;SUB:N>CH;SUB:J>W;RULE_ONLY:Y,4,4,4,0,1,0,1,0,2,"[""성취가미라면"", ""성취하며는"", ""성취하셛떤"", ""성취하셛씀니다""]"
hold_no_unanimous_exact_context_donor,substantive_difference_candidate,mixed_or_cross_group_difference,RULE_ONLY:P;SUB:B>Y;RULE_ONLY:EU_G;RULE_ONLY:W,1,1,4,0,3,0,0,1,0,"[""펴늬성과""]"
hold_no_unanimous_exact_context_donor,substantive_difference_candidate,mixed_or_cross_group_difference,RULE_ONLY:P;SUB:B>Y;RULE_ONLY:Y;RULE_ONLY:Y;RULE_ONLY:Y,4,4,4,0,0,1,0,0,3,"[""펼쳐져쓰면"", ""표현하려며는"", ""표현핸냐며는"", ""표현핸냐면""]"
hold_no_unanimous_exact_context_donor,substantive_difference_candidate,mixed_or_cross_group_difference,RULE_ONLY:P;SUB:B>Y;SUB:N>NG;RULE_ONLY:G;RULE_ONLY:Y,3,3,4,0,1,2,0,0,1,"[""평택때학꾜"", ""보평중학꾜"", ""부평중학꾜로""]"
hold_no_unanimous_exact_context_donor,substantive_difference_candidate,mixed_or_cross_group_difference,RULE_ONLY:P;SUB:B>Y;SUB:N>NG;RULE_ONLY:N,4,4,4,1,0,2,0,1,0,"[""평드리언는데"", ""평창이언나요"", ""평탄핸는데"", ""후평동이언나""]"
hold_no_unanimous_exact_context_donor,substantive_difference_candidate,mixed_or_cross_group_difference,RULE_ONLY:P;SUB:B>Y;SUB:N>NG;RULE_ONLY:W,4,4,4,0,1,1,0,2,0,"[""비평준화자나"", ""월평도서과네"", ""월평도서과니"", ""편중되얻끼""]"
hold_no_unanimous_exact_context_donor,substantive_difference_candidate,mixed_or_cross_group_difference,RULE_ONLY:S;SUB:SS>Y;SUB:B>P;SUB:NG>N,3,3,4,0,2,0,0,0,2,"[""쇼핑모리라든가"", ""롣떼쇼핑이라든가"", ""호맨쇼핑인가""]"
hold_no_unanimous_exact_context_donor,substantive_difference_candidate,mixed_or_cross_group_difference,RULE_ONLY:T;SUB:D>W;SUB:AE>E;RULE_ONLY:N,2,2,4,0,3,0,0,1,0,"[""자퇴핸나"", ""자퇴핸는데""]"
hold_no_unanimous_exact_context_donor,substantive_difference_candidate,mixed_or_cross_group_difference,RULE_ONLY:T;SUB:D>Y;SUB:M>NG,4,4,4,0,0,0,2,0,2,"[""바까턍바는"", ""바까턍반도"", ""바까턍반만"", ""바까턍반한테""]"
hold_no_unanimous_exact_context_donor,substantive_difference_candidate,mixed_or_cross_group_difference,RULE_ONLY:W;RULE_ONLY:B;SUB:M>L;SUB:N>Y,3,3,4,0,0,0,0,4,0,"[""횡압려기"", ""횡압려게"", ""횡압려글""]"
hold_no_unanimous_exact_context_donor,substantive_difference_candidate,mixed_or_cross_group_difference,RULE_ONLY:W;RULE_ONLY:D;SUB:J>W,3,3,4,1,1,0,1,0,1,"[""봐둳따가"", ""봐둬씀"", ""봐둳떤""]"
hold_no_unanimous_exact_context_donor,substantive_difference_candidate,mixed_or_cross_group_difference,RULE_ONLY:W;RULE_ONLY:P;SUB:B>Y;RULE_ONLY:Y,3,3,4,1,0,1,0,2,0,"[""괴로펻쬬"", ""괴로펴쓰면"", ""괴로펴주면""]"
hold_no_unanimous_exact_context_donor,substantive_difference_candidate,mixed_or_cross_group_difference,RULE_ONLY:W;RULE_ONLY:W;SUB:E>AE;RULE_ONLY:Y,1,1,4,0,1,0,1,1,1,"[""회복뙈쓰면""]"
hold_no_unanimous_exact_context_donor,substantive_difference_candidate,mixed_or_cross_group_difference,RULE_ONLY:W;SUB:E>AE;SUB:NG>N;RULE_ONLY:Y;RULE_ONLY:Y,2,2,4,1,0,0,0,2,1,"[""돼썬냐며는"", ""돼썬냐면""]"
hold_no_unanimous_exact_context_donor,substantive_difference_candidate,mixed_or_cross_group_difference,RULE_ONLY:W;SUB:M>N;RULE_ONLY:N,3,3,4,1,2,1,0,0,0,"[""화긴반는"", ""바권비니언나"", ""지권부니언는데""]"
hold_no_unanimous_exact_context_donor,substantive_difference_candidate,mixed_or_cross_group_difference,RULE_ONLY:W;SUB:NG>G;RULE_ONLY:Y,4,4,4,1,0,1,1,1,0,"[""모권대학꾜"", ""모권대학꾜에서"", ""문화대학꾜"", ""화학꾜유기니까""]"
hold_no_unanimous_exact_context_donor,substantive_difference_candidate,mixed_or_cross_group_difference,RULE_ONLY:W;SUB:NG>N;RULE_ONLY:L,2,2,4,0,0,0,0,3,1,"[""관객뜰로"", ""관객뜰로부터""]"
hold_no_unanimous_exact_context_donor,substantive_difference_candidate,mixed_or_cross_group_difference,RULE_ONLY:W;SUB:NG>N;RULE_ONLY:W;SUB:M>NG,3,3,4,1,0,1,0,0,2,"[""관광상푸믈"", ""관광버스자나요"", ""관광파임니다""]"
hold_no_unanimous_exact_context_donor,substantive_difference_candidate,multiple_segment_count_difference,RULE_ONLY:Y;RULE_ONLY:B;RULE_ONLY:Y,3,3,4,0,0,1,1,1,1,"[""협빠캔냐"", ""협빠카며는"", ""협빠카면서""]"
hold_no_unanimous_exact_context_donor,substantive_difference_candidate,mixed_or_cross_group_difference,RULE_ONLY:Y;RULE_ONLY:B;SUB:M>L;SUB:N>Y;RULE_ONLY:G;RULE_ONLY:Y,3,3,4,0,0,0,4,0,0,"[""국쩨협력꼐"", ""국쩨협력꼐로"", ""국쩨협력꼐인지""]"
hold_no_unanimous_exact_context_donor,substantive_difference_candidate,mixed_or_cross_group_difference,RULE_ONLY:Y;RULE_ONLY:L;RULE_ONLY:Y;SUB:NG>N,1,1,4,0,0,0,3,0,1,"[""향실료라든가""]"
hold_no_unanimous_exact_context_donor,substantive_difference_candidate,mixed_or_cross_group_difference,RULE_ONLY:Y;RULE_ONLY:L;SUB:N>Y;SUB:N>NG,3,3,4,1,2,1,0,0,0,"[""명령저그로"", ""경량전처릐"", ""호구경령드릐""]"
hold_no_unanimous_exact_context_donor,substantive_difference_candidate,multiple_segment_count_difference,RULE_ONLY:Y;RULE_ONLY:N;RULE_ONLY:Y,4,4,4,0,1,2,1,0,0,"[""경험핻껜냐"", ""느껸냐니까"", ""여껸냐의"", ""이뻐젼냐를""]"
hold_no_unanimous_exact_context_donor,substantive_difference_candidate,mixed_or_cross_group_difference,RULE_ONLY:Y;RULE_ONLY:NG;SUB:M>P;SUB:B>Y;RULE_ONLY:Y,3,3,4,0,2,0,1,1,0,"[""형펴넙쓰면"", ""형펴니어쓰면"", ""형펴니얻꺼드뇨""]"
hold_no_unanimous_exact_context_donor,substantive_difference_candidate,mixed_or_cross_group_difference,RULE_ONLY:Y;RULE_ONLY:W;RULE_ONLY:Y;SUB:NG>N,3,3,4,0,3,0,0,0,1,"[""계회켱인가"", ""계회켱이신가요"", ""수려권자려긴가""]"
hold_no_unanimous_exact_context_donor,substantive_difference_candidate,mixed_or_cross_group_difference,RULE_ONLY:Y;RULE_ONLY:Y;SUB:M>N,4,4,4,0,2,0,0,0,2,"[""겨우룡신발"", ""교련보글"", ""교련보기"", ""소형견바께""]"
hold_no_unanimous_exact_context_donor,substantive_difference_candidate,mixed_or_cross_group_difference,RULE_ONLY:Y;SUB:B>P;SUB:NG>N,4,4,4,0,1,1,0,2,0,"[""결피빈가"", ""더브류피아인가"", ""숃핀까지도"", ""쑈핑모리래든가""]"
hold_no_unanimous_exact_context_donor,substantive_difference_candidate,mixed_or_cross_group_difference,RULE_ONLY:Y;SUB:K>G;SUB:NG>N,3,3,4,0,2,1,0,1,0,"[""교육삐라든가"", ""교육싸인가"", ""교육짱이라든가""]"
hold_no_unanimous_exact_context_donor,substantive_difference_candidate,mixed_or_cross_group_difference,SUB:AE>E;SUB:N>NG,4,4,4,0,1,0,2,0,1,"[""처태외여행지가"", ""처태외여행지로"", ""해외여행지드른"", ""해외여행지어써""]"
hold_no_unanimous_exact_context_donor,substantive_difference_candidate,mixed_or_cross_group_difference,SUB:B>P;RULE_ONLY:G,3,3,4,1,0,0,0,0,3,"[""에픽께임즈"", ""에픽께임즈에서"", ""피자먹꼬""]"
hold_no_unanimous_exact_context_donor,substantive_difference_candidate,mixed_or_cross_group_difference,SUB:B>P;RULE_ONLY:W;SUB:E>AE,3,3,4,0,4,0,0,0,0,"[""피폭뙈서"", ""피폭뙈쓸"", ""피폭뙏따고""]"
hold_no_unanimous_exact_context_donor,substantive_difference_candidate,mixed_or_cross_group_difference,SUB:B>P;RULE_ONLY:Y;SUB:NG>N;RULE_ONLY:W,2,2,4,0,1,0,0,1,2,"[""픽쎤과"", ""피료한가봐""]"
hold_no_unanimous_exact_context_donor,substantive_difference_candidate,mixed_or_cross_group_difference,SUB:B>P;SUB:SS>S;SUB:NG>N,3,3,4,0,1,1,0,1,1,"[""피시라든가"", ""피시만크믜"", ""피식때하긴가""]"
hold_no_unanimous_exact_context_donor,substantive_difference_candidate,mixed_or_cross_group_difference,SUB:D>S;RULE_ONLY:W;SUB:E>AE,1,1,4,0,0,2,0,2,0,"[""이슈됃떤""]"
hold_no_unanimous_exact_context_donor,substantive_difference_candidate,mixed_or_cross_group_difference,SUB:D>T;RULE_ONLY:EO;SUB:NG>N;RULE_ONLY:W,2,2,4,0,0,0,1,2,1,"[""티뭔과"", ""티뭔과의""]"
hold_no_unanimous_exact_context_donor,substantive_difference_candidate,single_cross_group_substitution,SUB:E>AE,3,3,4,0,1,1,1,1,0,"[""뇌척쑤액"", ""소액또"", ""소액꺼리는""]"
hold_no_unanimous_exact_context_donor,substantive_difference_candidate,mixed_or_cross_group_difference,SUB:G>K;SUB:NG>N,4,4,4,2,0,0,0,1,1,"[""버킫리스트라든가"", ""치킨지비라든가"", ""치킨지빈가"", ""후키사닌가""]"
hold_no_unanimous_exact_context_donor,substantive_difference_candidate,mixed_or_cross_group_difference,SUB:J>D;RULE_ONLY:B,2,2,4,0,0,2,1,0,1,"[""맏찝빠께"", ""맏찝파이고""]"
hold_no_unanimous_exact_context_donor,substantive_difference_candidate,mixed_or_cross_group_difference,SUB:J>D;SUB:N>NG,2,2,4,1,0,2,0,1,0,"[""맏깐장도"", ""맏짱주""]"
hold_no_unanimous_exact_context_donor,substantive_difference_candidate,mixed_or_cross_group_difference,SUB:M>B;RULE_ONLY:W;SUB:E>AE;RULE_ONLY:Y,2,2,4,0,0,0,2,2,0,"[""도입뙈쓰면"", ""유입뙈쓰면""]"
hold_no_unanimous_exact_context_donor,substantive_difference_candidate,mixed_or_cross_group_difference,SUB:M>B;RULE_ONLY:Y;RULE_ONLY:Y,3,3,4,0,0,0,1,2,1,"[""십꼐명"", ""십꼐명이"", ""십꼐명이라고""]"
hold_no_unanimous_exact_context_donor,substantive_difference_candidate,mixed_or_cross_group_difference,SUB:M>B;SUB:N>L;RULE_ONLY:N,4,4,4,0,3,1,0,0,0,"[""상왕십리여기언나"", ""왕십리까지연는데"", ""왕십리여기언나"", ""합리저기언나""]"
hold_no_unanimous_exact_context_donor,substantive_difference_candidate,mixed_or_cross_group_difference,SUB:M>B;SUB:N>L;RULE_ONLY:W,4,4,4,1,1,0,0,0,2,"[""합리화바께"", ""합리화저긴"", ""합리화저길"", ""합리화해갇꼬""]"
hold_no_unanimous_exact_context_donor,substantive_difference_candidate,mixed_or_cross_group_difference,SUB:M>N;RULE_ONLY:Y;RULE_ONLY:EU_G,4,4,4,2,0,1,0,0,1,"[""신벼늬"", ""언벼늬"", ""정신병워늬"", ""천벼늬""]"
hold_no_unanimous_exact_context_donor,substantive_difference_candidate,mixed_or_cross_group_difference,SUB:M>N;RULE_ONLY:Y;RULE_ONLY:L,3,3,4,1,1,0,1,1,0,"[""다눤별로"", ""이눤별로"", ""학뻔별로""]"
hold_no_unanimous_exact_context_donor,substantive_difference_candidate,mixed_or_cross_group_difference,SUB:M>N;RULE_ONLY:Y;RULE_ONLY:N,4,4,4,0,0,1,2,0,1,"[""외구긴부니션는데"", ""운전병이언는데"", ""유선통신병이언는데"", ""주민부니션는데""]"
hold_no_unanimous_exact_context_donor,substantive_difference_candidate,mixed_or_cross_group_difference,SUB:M>N;SUB:G>K,3,3,4,1,0,1,1,0,1,"[""문보킈라는"", ""문보킈가"", ""윤보킈가""]"
hold_no_unanimous_exact_context_donor,substantive_difference_candidate,mixed_or_cross_group_difference,SUB:M>NG;RULE_ONLY:B,3,3,4,1,0,0,1,0,2,"[""양파덥빱"", ""콩콩밥빱"", ""강밥빧찌""]"
hold_no_unanimous_exact_context_donor,substantive_difference_candidate,mixed_or_cross_group_difference,SUB:M>NG;SUB:B>P;SUB:NG>N,1,1,4,0,0,0,0,1,3,"[""생필푸미라든가""]"
hold_no_unanimous_exact_context_donor,substantive_difference_candidate,mixed_or_cross_group_difference,SUB:N>L;RULE_ONLY:G;RULE_ONLY:Y,4,4,4,1,1,0,1,0,1,"[""공리팍꾜"", ""공리팍꾜를"", ""공리팍꾜자나"", ""동래고등학꾜""]"
hold_no_unanimous_exact_context_donor,substantive_difference_candidate,mixed_or_cross_group_difference,SUB:N>NG;RULE_ONLY:P;SUB:B>Y;RULE_ONLY:EU_G,1,1,4,0,0,0,0,1,3,"[""상대펴늬""]"
hold_no_unanimous_exact_context_donor,substantive_difference_candidate,mixed_or_cross_group_difference,SUB:N>NG;RULE_ONLY:T;SUB:D>W,3,3,4,2,0,1,1,0,0,"[""상추튀기미라든지"", ""상추튀기미"", ""중도퇴시를""]"
hold_no_unanimous_exact_context_donor,substantive_difference_candidate,mixed_or_cross_group_difference,SUB:NG>G;RULE_ONLY:W;SUB:N>NG,4,4,4,0,0,2,2,0,0,"[""간호학꽈생들"", ""학꽈생드리랑"", ""학꽝초인"", ""학쌩회장도""]"
hold_no_unanimous_exact_context_donor,substantive_difference_candidate,mixed_or_cross_group_difference,SUB:NG>G;RULE_ONLY:Y;RULE_ONLY:W;RULE_ONLY:W,2,2,4,1,0,0,0,1,2,"[""학꾜생활과"", ""학꾜생활과는""]"
hold_no_unanimous_exact_context_donor,substantive_difference_candidate,mixed_or_cross_group_difference,SUB:NG>G;RULE_ONLY:Y;RULE_ONLY:W;SUB:NG>N,1,1,4,0,1,0,1,0,2,"[""학꾜생화리라든가""]"
hold_no_unanimous_exact_context_donor,substantive_difference_candidate,mixed_or_cross_group_difference,SUB:NG>G;SUB:N>L;SUB:N>NG,3,3,4,0,2,0,0,2,0,"[""국립쫑자워네서"", ""맥라기랑도"", ""맥랑맹도""]"
hold_no_unanimous_exact_context_donor,substantive_difference_candidate,mixed_or_cross_group_difference,SUB:NG>N;RULE_ONLY:G;RULE_ONLY:W,3,3,4,0,1,0,2,0,1,"[""연금복꿘"", ""연그칵꽈에"", ""연금복꿘도""]"
hold_no_unanimous_exact_context_donor,substantive_difference_candidate,mixed_or_cross_group_difference,SUB:NG>N;RULE_ONLY:L;RULE_ONLY:Y,4,4,4,0,2,1,0,1,0,"[""군걷찔류를"", ""신길류타우네"", ""신길류타우니"", ""팬클러비셔써""]"
hold_no_unanimous_exact_context_donor,substantive_difference_candidate,mixed_or_cross_group_difference,SUB:NG>N;RULE_ONLY:L;SUB:N>Y,4,4,4,0,1,0,2,1,0,"[""공간능력또"", ""장난감류드를"", ""친구드룡"", ""한구거능력껌정""]"
hold_no_unanimous_exact_context_donor,substantive_difference_candidate,mixed_or_cross_group_difference,SUB:NG>N;SUB:NG>G;RULE_ONLY:W;SUB:NG>N;RULE_ONLY:W,3,3,4,2,0,1,0,1,0,"[""한국꽌광공사"", ""한국꽌광공사를"", ""한국끼원선수권전과""]"
hold_no_unanimous_exact_context_donor,substantive_difference_candidate,mixed_or_cross_group_difference,SUB:NG>N;SUB:NG>G;SUB:D>T,3,3,4,2,1,0,1,0,0,"[""한국티미"", ""한국티메"", ""한국티믈""]"
hold_no_unanimous_exact_context_donor,substantive_difference_candidate,mixed_or_cross_group_difference,SUB:NG>N;SUB:P>B,3,3,4,0,0,2,0,0,2,"[""진그븨"", ""메인그븨"", ""신그븨""]"
hold_candidate_only_deletion_requires_policy,substantive_difference_candidate,multiple_segment_count_difference,CANDIDATE_ONLY:I;RULE_ONLY:L,2,2,3,0,0,1,0,1,1,"[""업싸이클링"", ""업싸이클링을""]"
hold_candidate_only_deletion_requires_policy,substantive_difference_candidate,multiple_segment_count_difference,RULE_ONLY:W;RULE_ONLY:L;RULE_ONLY:Y;CANDIDATE_ONLY:Y,2,2,3,0,0,0,1,1,1,"[""대괄령은"", ""괄라묭은""]"
hold_candidate_only_deletion_requires_policy,substantive_difference_candidate,mixed_or_cross_group_difference,SUB:B>P;RULE_ONLY:Y;CANDIDATE_ONLY:I,1,1,3,2,1,0,0,0,0,"[""피료업쓸""]"
hold_candidate_only_deletion_requires_policy,substantive_difference_candidate,mixed_or_cross_group_difference,SUB:N>NG;CANDIDATE_ONLY:Y,1,1,3,0,1,2,0,0,0,"[""예방접쫑은""]"
hold_no_unanimous_exact_context_donor,substantive_difference_candidate,mixed_or_cross_group_difference,RULE_ONLY:CH;SUB:J>W;RULE_ONLY:Y;SUB:M>NG,3,3,3,1,0,1,1,0,0,"[""촤령본만"", ""촤령부터"", ""촤령비라든지""]"
hold_no_unanimous_exact_context_donor,substantive_difference_candidate,mixed_or_cross_group_difference,RULE_ONLY:CH;SUB:J>W;SUB:M>NG,3,3,3,0,2,0,0,0,1,"[""자취용푸믈"", ""최민정바께"", ""취준생분드른""]"
hold_no_unanimous_exact_context_donor,substantive_difference_candidate,multiple_segment_count_difference,RULE_ONLY:D;RULE_ONLY:W;RULE_ONLY:Y;RULE_ONLY:Y,3,3,3,0,1,0,2,0,0,"[""갇춰젼냐"", ""맏춴냐며는"", ""맏춴냐면서""]"
hold_no_unanimous_exact_context_donor,substantive_difference_candidate,mixed_or_cross_group_difference,RULE_ONLY:D;SUB:J>CH;SUB:J>W;RULE_ONLY:L,1,1,3,2,0,1,0,0,0,"[""맏춰달라고""]"
hold_no_unanimous_exact_context_donor,substantive_difference_candidate,mixed_or_cross_group_difference,RULE_ONLY:D;SUB:J>CH;SUB:J>W;RULE_ONLY:N,3,3,3,1,1,0,0,1,0,"[""맏춰논는"", ""맏춰놘는데"", ""맏춷짠니""]"
hold_no_unanimous_exact_context_donor,substantive_difference_candidate,multiple_segment_count_difference,RULE_ONLY:EU_G;RULE_ONLY:G;RULE_ONLY:Y,2,2,3,1,0,0,2,0,0,"[""구늬학꾜를"", ""너희고등학꾜""]"
hold_no_unanimous_exact_context_donor,substantive_difference_candidate,mixed_or_cross_group_difference,RULE_ONLY:EU_G;SUB:M>N;RULE_ONLY:M,1,1,3,0,0,0,0,0,3,"[""흰밤만""]"
hold_no_unanimous_exact_context_donor,substantive_difference_candidate,mixed_or_cross_group_difference,RULE_ONLY:G;RULE_ONLY:H;SUB:K>Y;RULE_ONLY:Y;RULE_ONLY:Y,1,1,3,2,1,0,0,0,0,"[""박혀져쓰면""]"
hold_no_unanimous_exact_context_donor,substantive_difference_candidate,multiple_segment_count_difference,RULE_ONLY:G;RULE_ONLY:W;RULE_ONLY:N,2,2,3,0,0,1,1,1,0,"[""복뀌핸는데"", ""토목꽁학꽈연는데""]"
hold_no_unanimous_exact_context_donor,substantive_difference_candidate,multiple_segment_count_difference,RULE_ONLY:G;RULE_ONLY:Y;RULE_ONLY:N,3,3,3,0,0,0,0,2,1,"[""끄덕끄덕꺼련는데"", ""작꼬하션는데"", ""한석뀨연는데""]"
hold_no_unanimous_exact_context_donor,substantive_difference_candidate,mixed_or_cross_group_difference,RULE_ONLY:G;SUB:M>N,3,3,3,1,0,0,1,1,0,"[""먹꼬레몬밤"", ""육꾼뿐만"", ""학꾼뿐만""]"
hold_no_unanimous_exact_context_donor,substantive_difference_candidate,multiple_segment_count_difference,RULE_ONLY:H;RULE_ONLY:Y;RULE_ONLY:Y,2,2,3,1,0,0,0,1,1,"[""시러핸냐면"", ""시러핸냐며는""]"
hold_no_unanimous_exact_context_donor,substantive_difference_candidate,multiple_segment_count_difference,RULE_ONLY:I;RULE_ONLY:Y,2,2,3,3,0,0,0,0,0,"[""업치락뛰치라카면서"", ""뒤적뛰저캐가면서""]"
hold_no_unanimous_exact_context_donor,substantive_difference_candidate,mixed_or_cross_group_difference,RULE_ONLY:K;SUB:G>Y;RULE_ONLY:Y,3,3,3,0,1,1,0,1,0,"[""바켸경의"", ""바켸경이나"", ""아켱향""]"
hold_no_unanimous_exact_context_donor,substantive_difference_candidate,mixed_or_cross_group_difference,RULE_ONLY:L;RULE_ONLY:T;SUB:D>W,3,3,3,0,0,1,0,1,1,"[""설밀라튀라고"", ""템플리톼를"", ""플래톼이트나""]"
hold_no_unanimous_exact_context_donor,substantive_difference_candidate,mixed_or_cross_group_difference,RULE_ONLY:L;RULE_ONLY:Y;RULE_ONLY:K;SUB:G>W;RULE_ONLY:W,2,2,3,0,0,1,0,2,0,"[""갈랴콰될"", ""갈랴콰된""]"
hold_no_unanimous_exact_context_donor,substantive_difference_candidate,mixed_or_cross_group_difference,RULE_ONLY:L;RULE_ONLY:Y;RULE_ONLY:L;SUB:N>Y,1,1,3,0,2,0,0,0,1,"[""발려동무룡""]"
hold_no_unanimous_exact_context_donor,substantive_difference_candidate,multiple_segment_count_difference,RULE_ONLY:L;RULE_ONLY:Y;RULE_ONLY:Y,3,3,3,0,1,0,1,0,1,"[""물류업꼐에도"", ""알락쌰냐"", ""절략쎵""]"
hold_no_unanimous_exact_context_donor,substantive_difference_candidate,mixed_or_cross_group_difference,RULE_ONLY:L;RULE_ONLY:Y;SUB:N>NG;SUB:NG>N,2,2,3,0,1,0,0,1,1,"[""불량만큼"", ""열령대라든가""]"
hold_no_unanimous_exact_context_donor,substantive_difference_candidate,mixed_or_cross_group_difference,RULE_ONLY:L;SUB:M>B,3,3,3,0,0,0,0,2,1,"[""아포칼립쓰나"", ""아포칼립쓰를"", ""졸립꺼나""]"
hold_no_unanimous_exact_context_donor,substantive_difference_candidate,mixed_or_cross_group_difference,RULE_ONLY:L;SUB:N>NG;SUB:NG>N,2,2,3,0,0,0,0,1,2,"[""동물롱장이라든가"", ""동물롱장인가""]"
hold_no_unanimous_exact_context_donor,substantive_difference_candidate,mixed_or_cross_group_difference,RULE_ONLY:L;SUB:N>Y;SUB:M>B,1,1,3,1,0,0,0,0,2,"[""염려스럽꼬""]"
hold_no_unanimous_exact_context_donor,substantive_difference_candidate,mixed_or_cross_group_difference,RULE_ONLY:L;SUB:N>Y;SUB:M>NG,3,3,3,0,1,0,1,1,0,"[""장례식짱부터"", ""적쩡량보다"", ""적쩡량보다는""]"
hold_no_unanimous_exact_context_donor,substantive_difference_candidate,mixed_or_cross_group_difference,RULE_ONLY:L;SUB:N>Y;SUB:NG>N;RULE_ONLY:W,2,2,3,0,0,0,0,0,3,"[""중력뿐과"", ""강력뿐과""]"
hold_no_unanimous_exact_context_donor,substantive_difference_candidate,mixed_or_cross_group_difference,RULE_ONLY:L;SUB:NG>G;RULE_ONLY:Y,3,3,3,2,0,0,0,0,1,"[""콜롬비아대학꾜나"", ""클릭류리나"", ""할라대학꾜를""]"
hold_no_unanimous_exact_context_donor,substantive_difference_candidate,multiple_segment_count_difference,RULE_ONLY:N;RULE_ONLY:Y;RULE_ONLY:EO;RULE_ONLY:Y,3,3,3,0,2,1,0,0,0,"[""신논혀녀게"", ""신논혀녀글"", ""신논혀녁""]"
hold_no_unanimous_exact_context_donor,substantive_difference_candidate,mixed_or_cross_group_difference,RULE_ONLY:NG;SUB:N>T;SUB:D>W;SUB:AE>E,3,3,3,1,1,0,0,1,0,"[""중퇴해써요"", ""중퇴핻꼬"", ""중퇴핻끼""]"
hold_no_unanimous_exact_context_donor,substantive_difference_candidate,mixed_or_cross_group_difference,RULE_ONLY:NG;SUB:NG>N,3,3,3,0,0,0,1,1,1,"[""덩는다든가"", ""떵멘가"", ""입짱에서든가""]"
hold_no_unanimous_exact_context_donor,substantive_difference_candidate,mixed_or_cross_group_difference,RULE_ONLY:P;SUB:B>Y;RULE_ONLY:EU_G;RULE_ONLY:Y,2,2,3,3,0,0,0,0,0,"[""펴늬저미면"", ""남펴늬이상형이""]"
hold_no_unanimous_exact_context_donor,substantive_difference_candidate,mixed_or_cross_group_difference,RULE_ONLY:P;SUB:B>Y;RULE_ONLY:EU_G;SUB:M>NG,3,3,3,0,0,2,1,0,0,"[""펴늬성보다는"", ""펴늬성보다도"", ""펴늬용품드레""]"
hold_no_unanimous_exact_context_donor,substantive_difference_candidate,mixed_or_cross_group_difference,RULE_ONLY:P;SUB:B>Y;RULE_ONLY:L;RULE_ONLY:Y;RULE_ONLY:N,1,1,3,1,0,1,0,0,1,"[""펼리해젼는데""]"
hold_no_unanimous_exact_context_donor,substantive_difference_candidate,mixed_or_cross_group_difference,RULE_ONLY:P;SUB:B>Y;RULE_ONLY:W;RULE_ONLY:AE;SUB:E>N,2,2,3,1,0,0,0,1,1,"[""폐지됀는데"", ""폐지됀나""]"
hold_no_unanimous_exact_context_donor,substantive_difference_candidate,mixed_or_cross_group_difference,RULE_ONLY:P;SUB:B>Y;RULE_ONLY:W;RULE_ONLY:L,2,2,3,0,1,0,1,0,1,"[""표정괄리"", ""폐수괄로""]"
hold_no_unanimous_exact_context_donor,substantive_difference_candidate,mixed_or_cross_group_difference,RULE_ONLY:P;SUB:B>Y;RULE_ONLY:W;RULE_ONLY:W,3,3,3,0,0,1,1,1,0,"[""보편화되어쓸"", ""보편화되얻떠라고요"", ""흐펼귀들과""]"
hold_no_unanimous_exact_context_donor,substantive_difference_candidate,mixed_or_cross_group_difference,RULE_ONLY:P;SUB:B>Y;RULE_ONLY:W;SUB:E>AE;RULE_ONLY:Y,3,3,3,0,1,0,0,0,2,"[""발표됃따면"", ""폐지됃꺼드뇨"", ""폐지됃쬬""]"
hold_no_unanimous_exact_context_donor,substantive_difference_candidate,mixed_or_cross_group_difference,RULE_ONLY:P;SUB:B>Y;RULE_ONLY:Y;RULE_ONLY:Y;RULE_ONLY:N,3,3,3,0,0,0,1,1,1,"[""펼쳐져썬는데"", ""펼쳐젼는데"", ""표현하션는데""]"
hold_no_unanimous_exact_context_donor,substantive_difference_candidate,mixed_or_cross_group_difference,RULE_ONLY:P;SUB:B>Y;SUB:M>N;RULE_ONLY:EU_G,1,1,3,0,0,0,0,2,1,"[""남편부늬""]"
hold_no_unanimous_exact_context_donor,substantive_difference_candidate,mixed_or_cross_group_difference,RULE_ONLY:P;SUB:B>Y;SUB:M>NG;RULE_ONLY:N,2,2,3,0,0,1,0,2,0,"[""평범핸는데"", ""불평불마니언는데""]"
hold_no_unanimous_exact_context_donor,substantive_difference_candidate,mixed_or_cross_group_difference,RULE_ONLY:P;SUB:B>Y;SUB:N>NG;SUB:NG>N,3,3,3,1,1,0,1,0,0,"[""불평등하미라든가"", ""평태긴가에서도"", ""평태긴가요""]"
hold_no_unanimous_exact_context_donor,substantive_difference_candidate,mixed_or_cross_group_difference,RULE_ONLY:P;SUB:B>Y;SUB:N>S;SUB:E>AE;RULE_ONLY:W;SUB:E>AE,3,3,3,1,2,0,0,0,0,"[""폐쇄됃따"", ""폐쇄됃따고"", ""폐쇄됃떠라고""]"
hold_no_unanimous_exact_context_donor,substantive_difference_candidate,mixed_or_cross_group_difference,RULE_ONLY:P;SUB:B>Y;SUB:N>Y,3,3,3,0,2,1,0,0,0,"[""녹싸평여기"", ""부평여기"", ""편두여비""]"
hold_no_unanimous_exact_context_donor,substantive_difference_candidate,mixed_or_cross_group_difference,RULE_ONLY:T;SUB:D>W;RULE_ONLY:L;SUB:N>Y,3,3,3,0,0,1,1,0,1,"[""튀김류드른"", ""튀김류드를"", ""튀김류드리""]"
hold_no_unanimous_exact_context_donor,substantive_difference_candidate,mixed_or_cross_group_difference,RULE_ONLY:T;SUB:D>Y;RULE_ONLY:EU_G,3,3,3,0,0,1,1,1,0,"[""유튜버마늬"", ""유튜버부늬"", ""유튜브마늬""]"
hold_no_unanimous_exact_context_donor,substantive_difference_candidate,mixed_or_cross_group_difference,RULE_ONLY:T;SUB:D>Y;RULE_ONLY:Y;RULE_ONLY:N,3,3,3,0,2,0,1,0,0,"[""꼬텨버련네"", ""부텨젼는데"", ""이텨젼는데""]"
hold_no_unanimous_exact_context_donor,substantive_difference_candidate,mixed_or_cross_group_difference,RULE_ONLY:T;SUB:D>Y;RULE_ONLY:Y;RULE_ONLY:Y,3,3,3,0,0,0,1,1,1,"[""꼬텬냐면"", ""덛뿌텬냐며는"", ""무텨져쓰면""]"
hold_no_unanimous_exact_context_donor,substantive_difference_candidate,mixed_or_cross_group_difference,RULE_ONLY:W;RULE_ONLY:G;SUB:NG>L;SUB:N>Y;RULE_ONLY:Y,3,3,3,0,0,0,0,1,2,"[""확류르뇨"", ""확류리며"", ""확류리죠""]"
hold_no_unanimous_exact_context_donor,substantive_difference_candidate,mixed_or_cross_group_difference,RULE_ONLY:W;RULE_ONLY:L;SUB:N>Y;RULE_ONLY:N,3,3,3,0,0,1,1,1,0,"[""장화홍련저니언나"", ""회사동료연는데"", ""횡령핸나""]"
hold_no_unanimous_exact_context_donor,substantive_difference_candidate,mixed_or_cross_group_difference,RULE_ONLY:W;RULE_ONLY:NG;SUB:M>P;SUB:B>Y;RULE_ONLY:Y,3,3,3,0,3,0,0,0,0,"[""확쯩편향을"", ""확쯩편향이라고"", ""황폐해젿짜나""]"
hold_no_unanimous_exact_context_donor,substantive_difference_candidate,mixed_or_cross_group_difference,RULE_ONLY:W;RULE_ONLY:P;SUB:B>Y;RULE_ONLY:N,2,2,3,0,0,0,3,0,0,"[""괴로편는데"", ""화폐연는데""]"
hold_no_unanimous_exact_context_donor,substantive_difference_candidate,mixed_or_cross_group_difference,RULE_ONLY:W;RULE_ONLY:T;SUB:D>W,3,3,3,0,0,1,0,1,1,"[""쇠퇴해썯짜나"", ""쇠퇴핻꼬"", ""쥐포튀기미""]"
hold_no_unanimous_exact_context_donor,substantive_difference_candidate,mixed_or_cross_group_difference,RULE_ONLY:W;RULE_ONLY:Y;SUB:M>NG;SUB:NG>N,2,2,3,1,0,0,1,0,1,"[""화녕반는"", ""생화룡푸미라든가""]"
hold_no_unanimous_exact_context_donor,substantive_difference_candidate,mixed_or_cross_group_difference,RULE_ONLY:W;SUB:K>G,3,3,3,2,1,0,0,0,0,"[""신생기획싸"", ""중소기획싸드릐"", ""중소기획싸에""]"
hold_no_unanimous_exact_context_donor,substantive_difference_candidate,mixed_or_cross_group_difference,RULE_ONLY:W;SUB:M>B,2,2,3,0,0,0,1,0,2,"[""되씹꼬"", ""꿰매입꼬""]"
hold_no_unanimous_exact_context_donor,substantive_difference_candidate,mixed_or_cross_group_difference,RULE_ONLY:W;SUB:M>N;RULE_ONLY:EU_G,1,1,3,0,1,0,1,0,1,"[""지권부늬""]"
hold_no_unanimous_exact_context_donor,substantive_difference_candidate,mixed_or_cross_group_difference,RULE_ONLY:W;SUB:N>L;SUB:NG>N,2,2,3,0,0,0,3,0,0,"[""황리단기린가"", ""황리단기를""]"
hold_no_unanimous_exact_context_donor,substantive_difference_candidate,mixed_or_cross_group_difference,RULE_ONLY:W;SUB:N>NG;SUB:NG>N,3,3,3,1,0,0,0,0,2,"[""화성동구린가"", ""황태부걷꾸긴가"", ""황태찌미라든가""]"
hold_no_unanimous_exact_context_donor,substantive_difference_candidate,mixed_or_cross_group_difference,RULE_ONLY:W;SUB:NG>N;RULE_ONLY:W;SUB:N>NG;SUB:N>Y;RULE_ONLY:N,1,1,3,0,0,0,3,0,0,"[""관광통여간내사가""]"
hold_no_unanimous_exact_context_donor,substantive_difference_candidate,mixed_or_cross_group_difference,RULE_ONLY:Y;RULE_ONLY:CH;SUB:J>W,3,3,3,2,1,0,0,0,0,"[""며춴"", ""며춸"", ""숭면취하는""]"
hold_no_unanimous_exact_context_donor,substantive_difference_candidate,mixed_or_cross_group_difference,RULE_ONLY:Y;RULE_ONLY:K;SUB:G>W;RULE_ONLY:W;RULE_ONLY:Y,2,2,3,1,0,0,0,0,2,"[""겨콰되면서"", ""무려콰된다면""]"
hold_no_unanimous_exact_context_donor,substantive_difference_candidate,mixed_or_cross_group_difference,RULE_ONLY:Y;RULE_ONLY:K;SUB:G>W;SUB:NG>N,3,3,3,1,1,0,0,1,0,"[""신세계배콰저민가"", ""암벼콰라든가"", ""현대배콰저민가""]"
hold_no_unanimous_exact_context_donor,substantive_difference_candidate,mixed_or_cross_group_difference,RULE_ONLY:Y;RULE_ONLY:K;SUB:G>Y;RULE_ONLY:NG,3,3,3,2,1,0,0,0,0,"[""혀래켱에서부터도"", ""혀래켱엔"", ""혀래켱엥에""]"
hold_no_unanimous_exact_context_donor,substantive_difference_candidate,mixed_or_cross_group_difference,RULE_ONLY:Y;RULE_ONLY:L;SUB:N>Y;SUB:K>G,1,1,3,1,1,1,0,0,0,"[""병려긔""]"
hold_no_unanimous_exact_context_donor,substantive_difference_candidate,mixed_or_cross_group_difference,RULE_ONLY:Y;RULE_ONLY:NG;RULE_ONLY:K;SUB:G>W,3,3,3,0,1,1,0,1,0,"[""애경배콰저메"", ""애경배콰저미나"", ""애경배콰점""]"
hold_no_unanimous_exact_context_donor,substantive_difference_candidate,mixed_or_cross_group_difference,RULE_ONLY:Y;RULE_ONLY:NG;SUB:M>P;SUB:B>Y;RULE_ONLY:EU_G,1,1,3,0,1,0,1,1,0,"[""형펴늬""]"
hold_no_unanimous_exact_context_donor,substantive_difference_candidate,mixed_or_cross_group_difference,RULE_ONLY:Y;RULE_ONLY:NG;SUB:M>P;SUB:B>Y;SUB:NG>N,2,2,3,0,0,0,0,0,3,"[""교통펴니라든가"", ""형펴니라든가""]"
hold_no_unanimous_exact_context_donor,substantive_difference_candidate,mixed_or_cross_group_difference,RULE_ONLY:Y;RULE_ONLY:T;SUB:D>W;SUB:NG>N,3,3,3,0,1,0,1,0,1,"[""명예퇴지기라든가"", ""심며퇀가"", ""정년퇴지기라는가요""]"
hold_no_unanimous_exact_context_donor,substantive_difference_candidate,mixed_or_cross_group_difference,RULE_ONLY:Y;RULE_ONLY:W;RULE_ONLY:K;SUB:G>Y,1,1,3,0,1,1,0,0,1,"[""계회켱이랑""]"
hold_no_unanimous_exact_context_donor,substantive_difference_candidate,multiple_segment_count_difference,RULE_ONLY:Y;RULE_ONLY:W;RULE_ONLY:W,2,2,3,0,0,2,1,0,0,"[""교유귀원회"", ""캡쓜화된""]"
hold_no_unanimous_exact_context_donor,substantive_difference_candidate,mixed_or_cross_group_difference,RULE_ONLY:Y;RULE_ONLY:W;SUB:E>AE;RULE_ONLY:Y,2,2,3,0,1,2,0,0,0,"[""계속뙈쓰면"", ""계속뙈쓰며는""]"
hold_no_unanimous_exact_context_donor,substantive_difference_candidate,multiple_segment_count_difference,RULE_ONLY:Y;RULE_ONLY:Y;RULE_ONLY:W,2,2,3,2,0,0,1,0,0,"[""액쎠녕화"", ""액쎠녕화를""]"
hold_no_unanimous_exact_context_donor,substantive_difference_candidate,mixed_or_cross_group_difference,RULE_ONLY:Y;RULE_ONLY:Y;SUB:N>NG;SUB:NG>G;RULE_ONLY:Y,3,3,3,0,2,0,0,1,0,"[""계명대학꾜"", ""계명대학꾜는"", ""계명대학꾜에""]"
hold_no_unanimous_exact_context_donor,substantive_difference_candidate,mixed_or_cross_group_difference,RULE_ONLY:Y;SUB:B>P;RULE_ONLY:W;SUB:E>AE,3,3,3,0,0,1,0,2,0,"[""결핍뙈"", ""결핍뙈이써"", ""결핍뙏떤""]"
hold_no_unanimous_exact_context_donor,substantive_difference_candidate,mixed_or_cross_group_difference,RULE_ONLY:Y;SUB:D>S,3,3,3,0,1,1,0,0,1,"[""겨끄셔야"", ""계셔야겓찌"", ""계소카셔야""]"
hold_no_unanimous_exact_context_donor,substantive_difference_candidate,mixed_or_cross_group_difference,RULE_ONLY:Y;SUB:D>T;SUB:NG>N,3,3,3,1,1,0,0,0,1,"[""모략틴크"", ""뷰티사너비라든가"", ""소녀티칸가""]"
hold_no_unanimous_exact_context_donor,substantive_difference_candidate,mixed_or_cross_group_difference,RULE_ONLY:Y;SUB:G>K,2,2,3,0,0,0,0,2,1,"[""붕녀킈"", ""녀킈""]"
hold_no_unanimous_exact_context_donor,substantive_difference_candidate,mixed_or_cross_group_difference,RULE_ONLY:Y;SUB:J>D,3,3,3,1,1,0,0,1,0,"[""뚜드려맏꼬"", ""병맏또"", ""병맏쓰럽께""]"
hold_no_unanimous_exact_context_donor,substantive_difference_candidate,mixed_or_cross_group_difference,RULE_ONLY:Y;SUB:K>G;RULE_ONLY:Y,2,2,3,0,2,0,1,0,0,"[""교육껵차가"", ""교육끄벼""]"
hold_no_unanimous_exact_context_donor,substantive_difference_candidate,mixed_or_cross_group_difference,RULE_ONLY:Y;SUB:N>L;RULE_ONLY:Y,3,3,3,0,0,0,1,1,1,"[""경리계장니미"", ""병리하기면"", ""휴양리미면""]"
hold_no_unanimous_exact_context_donor,substantive_difference_candidate,mixed_or_cross_group_difference,RULE_ONLY:Y;SUB:NG>G;SUB:NG>N,3,3,3,0,1,0,1,0,1,"[""혁씨닌가"", ""혁씬공유다네서"", ""혁씬저긴거""]"
hold_no_unanimous_exact_context_donor,substantive_difference_candidate,mixed_or_cross_group_difference,RULE_ONLY:Y;SUB:NG>N;RULE_ONLY:G;RULE_ONLY:Y,2,2,3,0,1,2,0,0,0,"[""경안고등학꾜"", ""경신고등학꾜""]"
hold_no_unanimous_exact_context_donor,substantive_difference_candidate,mixed_or_cross_group_difference,SUB:B>P;RULE_ONLY:P;SUB:B>Y,3,3,3,0,3,0,0,0,0,"[""피폐해지겓찌"", ""피폐핻떤"", ""필다평이라고""]"
hold_no_unanimous_exact_context_donor,substantive_difference_candidate,mixed_or_cross_group_difference,SUB:D>T;RULE_ONLY:W;SUB:E>AE,2,2,3,0,1,2,0,0,0,"[""채택뙈"", ""채택뙏따고""]"
hold_no_unanimous_exact_context_donor,substantive_difference_candidate,mixed_or_cross_group_difference,SUB:M>B;SUB:N>L;RULE_ONLY:G,2,2,3,1,0,0,0,0,2,"[""압록깡"", ""압록깡을""]"
hold_no_unanimous_exact_context_donor,substantive_difference_candidate,mixed_or_cross_group_difference,SUB:M>N;RULE_ONLY:W;RULE_ONLY:W,2,2,3,1,0,0,1,1,0,"[""노인복찌회관"", ""동구노인복찌회과네서""]"
hold_no_unanimous_exact_context_donor,substantive_difference_candidate,mixed_or_cross_group_difference,SUB:M>N;SUB:B>P;RULE_ONLY:N,2,2,3,1,1,0,0,1,0,"[""엔프피연는데"", ""인피니트연나""]"
hold_no_unanimous_exact_context_donor,substantive_difference_candidate,mixed_or_cross_group_difference,SUB:M>N;SUB:NG>G;RULE_ONLY:W,3,3,3,0,1,0,1,0,1,"[""노인복찌학꽈"", ""안보학꽈라고"", ""혼백꽈는""]"
hold_no_unanimous_exact_context_donor,substantive_difference_candidate,mixed_or_cross_group_difference,SUB:M>N;SUB:NG>N;SUB:M>NG,3,3,3,0,0,0,0,0,3,"[""연분구등버베"", ""연분구등버븐"", ""연분구등버비라는""]"
hold_no_unanimous_exact_context_donor,substantive_difference_candidate,mixed_or_cross_group_difference,SUB:M>NG;RULE_ONLY:W;SUB:NG>N,3,3,3,0,0,0,0,0,3,"[""상품궈니라는게"", ""상품궈니라든가"", ""상품궈닌가""]"
hold_no_unanimous_exact_context_donor,substantive_difference_candidate,mixed_or_cross_group_difference,SUB:M>NG;RULE_ONLY:Y;SUB:NG>N,3,3,3,1,1,0,0,1,0,"[""대성병워닌가"", ""삼성병워닌가"", ""정보려기라든가""]"
hold_no_unanimous_exact_context_donor,substantive_difference_candidate,mixed_or_cross_group_difference,SUB:M>NG;SUB:K>G;SUB:B>P;RULE_ONLY:Y,2,2,3,0,3,0,0,0,0,"[""동백꼳필무렵"", ""동백꼳필무렵또""]"
hold_no_unanimous_exact_context_donor,substantive_difference_candidate,mixed_or_cross_group_difference,SUB:N>L;RULE_ONLY:L;SUB:N>Y,2,2,3,1,1,0,0,0,1,"[""당리당랴게"", ""당리당랴글""]"
hold_no_unanimous_exact_context_donor,substantive_difference_candidate,mixed_or_cross_group_difference,SUB:N>NG;RULE_ONLY:EO;SUB:NG>N;RULE_ONLY:W,1,1,3,0,0,1,1,0,1,"[""상다뭔과""]"
hold_no_unanimous_exact_context_donor,substantive_difference_candidate,mixed_or_cross_group_difference,SUB:N>NG;RULE_ONLY:K;SUB:G>W;RULE_ONLY:W,3,3,3,0,2,0,1,0,0,"[""정차콰되고"", ""정차콰된"", ""정채콰된""]"
hold_no_unanimous_exact_context_donor,substantive_difference_candidate,mixed_or_cross_group_difference,SUB:N>NG;RULE_ONLY:W;SUB:E>AE;RULE_ONLY:Y,2,2,3,1,2,0,0,0,0,"[""정착뙈쓰면"", ""중독뙈버리면""]"
hold_no_unanimous_exact_context_donor,substantive_difference_candidate,mixed_or_cross_group_difference,SUB:NG>G;RULE_ONLY:W;SUB:D>T,3,3,3,0,0,0,0,3,0,"[""백꽈티메서도"", ""백꽈티미"", ""백꽈팀도""]"
hold_no_unanimous_exact_context_donor,substantive_difference_candidate,mixed_or_cross_group_difference,SUB:NG>G;RULE_ONLY:W;SUB:M>N,2,2,3,0,0,1,1,0,1,"[""복꿘보다"", ""감독꽌분드리""]"
hold_no_unanimous_exact_context_donor,substantive_difference_candidate,mixed_or_cross_group_difference,SUB:NG>G;RULE_ONLY:Y;RULE_ONLY:L,3,3,3,3,0,0,0,0,0,"[""대학꾜질로도"", ""대학꾤로가"", ""학쌩별로""]"
hold_no_unanimous_exact_context_donor,substantive_difference_candidate,mixed_or_cross_group_difference,SUB:NG>G;RULE_ONLY:Y;RULE_ONLY:W;RULE_ONLY:L,1,1,3,0,0,0,1,2,0,"[""학꾜생활로""]"
hold_no_unanimous_exact_context_donor,substantive_difference_candidate,mixed_or_cross_group_difference,SUB:NG>G;SUB:NG>N;RULE_ONLY:W,2,2,3,0,2,0,0,0,1,"[""지식째산권"", ""백씬과""]"
hold_no_unanimous_exact_context_donor,substantive_difference_candidate,mixed_or_cross_group_difference,SUB:NG>G;SUB:NG>N;RULE_ONLY:W;RULE_ONLY:Y,2,2,3,0,1,0,2,0,0,"[""학쌩인권조례"", ""학쌩인권조례를""]"
hold_no_unanimous_exact_context_donor,substantive_difference_candidate,mixed_or_cross_group_difference,SUB:NG>N;RULE_ONLY:W;SUB:NG>N;RULE_ONLY:W,3,3,3,1,0,0,0,1,1,"[""접끈권과"", ""하린권과"", ""한구길문화원강사연하푀를""]"
hold_no_unanimous_exact_context_donor,substantive_difference_candidate,mixed_or_cross_group_difference,SUB:NG>N;SUB:K>G,1,1,3,0,3,0,0,0,0,"[""한구개야""]"
hold_no_unanimous_exact_context_donor,substantive_difference_candidate,mixed_or_cross_group_difference,SUB:NG>N;SUB:M>N;RULE_ONLY:Y,3,3,3,0,0,0,0,2,1,"[""건강검진바드시면서"", ""산간벽찌까지"", ""산간벽찌에""]"
hold_no_unanimous_exact_context_donor,substantive_difference_candidate,mixed_or_cross_group_difference,SUB:NG>N;SUB:N>NG;SUB:NG>G;RULE_ONLY:Y,2,2,3,0,0,3,0,0,0,"[""한구캐양대학꾜"", ""한구캐양대학꾜에""]"
hold_no_unanimous_exact_context_donor,substantive_difference_candidate,mixed_or_cross_group_difference,SUB:NG>N;SUB:NG>G;RULE_ONLY:B,2,2,3,0,0,0,0,1,2,"[""천구백쌈십팔"", ""천구백싸십팔""]"
hold_no_unanimous_exact_context_donor,substantive_difference_candidate,mixed_or_cross_group_difference,SUB:NG>N;SUB:NG>G;RULE_ONLY:Y;SUB:N>NG,3,3,3,1,1,0,1,0,0,"[""한국꼉영대학"", ""한국꼉제가"", ""한국꼉제신문사""]"
hold_no_unanimous_exact_context_donor,substantive_difference_candidate,mixed_or_cross_group_difference,SUB:NG>N;SUB:NG>N;RULE_ONLY:N,1,1,3,0,0,1,0,0,2,"[""긴가민가핸는데""]"
hold_no_unanimous_exact_context_donor,substantive_difference_candidate,mixed_or_cross_group_difference,SUB:NG>N;SUB:NG>N;SUB:M>NG;SUB:N>NG,2,2,3,0,1,0,0,1,1,"[""궁민건강보험공단"", ""궁민건강보험공다네서""]"
hold_candidate_only_deletion_requires_policy,substantive_difference_candidate,multiple_segment_count_difference,CANDIDATE_ONLY:I;RULE_ONLY:L;RULE_ONLY:Y;RULE_ONLY:Y,2,2,2,0,0,1,1,0,0,"[""업쓸려며는"", ""업쓸려면""]"
hold_candidate_only_deletion_requires_policy,substantive_difference_candidate,multiple_segment_count_difference,CANDIDATE_ONLY:I;RULE_ONLY:W,2,2,2,0,1,0,1,0,0,"[""마섭씀과"", ""업쓸까봐""]"
hold_candidate_only_deletion_requires_policy,substantive_difference_candidate,mixed_or_cross_group_difference,CANDIDATE_ONLY:I;SUB:NG>N;RULE_ONLY:W,1,1,2,0,1,0,1,0,0,"[""시닙싸원과""]"
hold_candidate_only_deletion_requires_policy,substantive_difference_candidate,multiple_segment_count_difference,CANDIDATE_ONLY:N;RULE_ONLY:EU_G,1,1,2,0,0,2,0,0,0,"[""이상으늬""]"
hold_candidate_only_deletion_requires_policy,substantive_difference_candidate,multiple_segment_count_difference,CANDIDATE_ONLY:N;RULE_ONLY:Y,2,2,2,1,1,0,0,0,0,"[""이상엄냐"", ""이상으뇨""]"
hold_candidate_only_deletion_requires_policy,substantive_difference_candidate,mixed_or_cross_group_difference,CANDIDATE_ONLY:N;SUB:M>B,2,2,2,0,1,0,0,1,0,"[""태릉입꾸"", ""태릉입꾸여게서""]"
hold_candidate_only_deletion_requires_policy,substantive_difference_candidate,multiple_segment_count_difference,CANDIDATE_ONLY:NG;RULE_ONLY:W,2,2,2,0,1,0,0,0,1,"[""손해액꽈"", ""참치액꽈""]"
hold_candidate_only_deletion_requires_policy,substantive_difference_candidate,mixed_or_cross_group_difference,CANDIDATE_ONLY:NG;RULE_ONLY:Y;SUB:NG>N,2,2,2,0,0,0,1,1,0,"[""리액쎠니라든가"", ""리액쎤까지""]"
hold_candidate_only_deletion_requires_policy,substantive_difference_candidate,mixed_or_cross_group_difference,CANDIDATE_ONLY:NG;SUB:E>AE;RULE_ONLY:N,2,2,2,0,0,1,1,0,0,"[""남자애드리언는데"", ""여자애드리언는데""]"
hold_candidate_only_deletion_requires_policy,substantive_difference_candidate,mixed_or_cross_group_difference,CANDIDATE_ONLY:NG;SUB:E>AE;SUB:N>NG,2,2,2,2,0,0,0,0,0,"[""남자애드리랑도"", ""여자애드리랑도""]"
hold_candidate_only_deletion_requires_policy,substantive_difference_candidate,mixed_or_cross_group_difference,CANDIDATE_ONLY:NG;SUB:M>N,1,1,2,0,1,0,0,1,0,"[""심사위원분드리""]"
hold_candidate_only_deletion_requires_policy,substantive_difference_candidate,mixed_or_cross_group_difference,CANDIDATE_ONLY:NG;SUB:N>NG,1,1,2,0,1,0,0,0,1,"[""호언장다믈""]"
hold_candidate_only_deletion_requires_policy,substantive_difference_candidate,mixed_or_cross_group_difference,RULE_ONLY:CH;SUB:J>W;SUB:M>N;CANDIDATE_ONLY:Y,1,1,2,1,1,0,0,0,0,"[""취업쭌비생은""]"
hold_candidate_only_deletion_requires_policy,substantive_difference_candidate,multiple_segment_count_difference,RULE_ONLY:L;CANDIDATE_ONLY:Y,2,2,2,0,0,2,0,0,0,"[""설릉은"", ""융걸릉은""]"
hold_candidate_only_deletion_requires_policy,substantive_difference_candidate,mixed_or_cross_group_difference,RULE_ONLY:L;RULE_ONLY:Y;CANDIDATE_ONLY:NG;SUB:N>Y,2,2,2,0,1,1,0,0,0,"[""물리치료사엳꺼든"", ""훌련사엳꾸나""]"
hold_candidate_only_deletion_requires_policy,substantive_difference_candidate,mixed_or_cross_group_difference,RULE_ONLY:L;RULE_ONLY:Y;SUB:N>NG;CANDIDATE_ONLY:Y,1,1,2,0,0,0,1,1,0,"[""열령층은""]"
hold_candidate_only_deletion_requires_policy,substantive_difference_candidate,multiple_segment_count_difference,RULE_ONLY:M;CANDIDATE_ONLY:N,2,2,2,0,0,0,0,0,2,"[""엄무상으로는"", ""엄무상으로써""]"
hold_candidate_only_deletion_requires_policy,substantive_difference_candidate,mixed_or_cross_group_difference,RULE_ONLY:P;SUB:B>Y;RULE_ONLY:Y;SUB:NG>N;CANDIDATE_ONLY:I,1,1,2,0,0,0,0,2,0,"[""평균갑쓸""]"
hold_candidate_only_deletion_requires_policy,substantive_difference_candidate,mixed_or_cross_group_difference,RULE_ONLY:W;CANDIDATE_ONLY:NG;SUB:E>AE,2,2,2,0,0,0,0,0,2,"[""환차애게"", ""환차애글""]"
hold_candidate_only_deletion_requires_policy,substantive_difference_candidate,mixed_or_cross_group_difference,RULE_ONLY:Y;CANDIDATE_ONLY:NG;SUB:N>Y;RULE_ONLY:Y,2,2,2,0,0,0,1,1,0,"[""변호사엳꺼드뇨"", ""형사엳꺼드뇨""]"
hold_candidate_only_deletion_requires_policy,substantive_difference_candidate,multiple_segment_count_difference,RULE_ONLY:Y;RULE_ONLY:W;CANDIDATE_ONLY:I,1,1,2,0,1,0,0,1,0,"[""결과갑쓸""]"
hold_candidate_only_deletion_requires_policy,substantive_difference_candidate,multiple_segment_count_difference,RULE_ONLY:Y;RULE_ONLY:W;RULE_ONLY:Y;CANDIDATE_ONLY:Y,1,1,2,0,0,0,0,1,1,"[""계회켱은""]"
hold_candidate_only_deletion_requires_policy,substantive_difference_candidate,mixed_or_cross_group_difference,RULE_ONLY:Y;SUB:N>NG;CANDIDATE_ONLY:Y,1,1,2,0,0,2,0,0,0,"[""또먕꿍은""]"
hold_candidate_only_deletion_requires_policy,substantive_difference_candidate,mixed_or_cross_group_difference,SUB:M>N;CANDIDATE_ONLY:Y,1,1,2,0,2,0,0,0,0,"[""요단백쯩은""]"
hold_candidate_only_deletion_requires_policy,substantive_difference_candidate,mixed_or_cross_group_difference,SUB:N>L;CANDIDATE_ONLY:Y,1,1,2,0,0,0,0,0,2,"[""등록쯩은""]"
hold_candidate_only_deletion_requires_policy,substantive_difference_candidate,mixed_or_cross_group_difference,SUB:NG>G;RULE_ONLY:Y;CANDIDATE_ONLY:Y,1,1,2,0,1,1,0,0,0,"[""흥국쌩명은""]"
hold_no_unanimous_exact_context_donor,substantive_difference_candidate,mixed_or_cross_group_difference,RULE_ONLY:B;SUB:M>L;SUB:N>Y;SUB:NG>N,2,2,2,0,0,0,1,0,1,"[""압령만큼"", ""학씁류리라든가""]"
hold_no_unanimous_exact_context_donor,substantive_difference_candidate,mixed_or_cross_group_difference,RULE_ONLY:B;SUB:M>L;SUB:N>Y;SUB:NG>N;RULE_ONLY:W,1,1,2,2,0,0,0,0,0,"[""법류란과""]"
hold_no_unanimous_exact_context_donor,substantive_difference_candidate,mixed_or_cross_group_difference,RULE_ONLY:B;SUB:NG>N;RULE_ONLY:W,2,2,2,0,0,0,0,0,2,"[""급빨진과"", ""급빨진과는""]"
hold_no_unanimous_exact_context_donor,substantive_difference_candidate,mixed_or_cross_group_difference,RULE_ONLY:CH;SUB:J>W;RULE_ONLY:CH;SUB:J>W,2,2,2,1,1,0,0,0,0,"[""취드글취시글"", ""취취업또""]"
hold_no_unanimous_exact_context_donor,substantive_difference_candidate,mixed_or_cross_group_difference,RULE_ONLY:CH;SUB:J>W;RULE_ONLY:G;RULE_ONLY:W,2,2,2,0,0,2,0,0,0,"[""취직꽈도"", ""취직꽈의""]"
hold_no_unanimous_exact_context_donor,substantive_difference_candidate,mixed_or_cross_group_difference,RULE_ONLY:CH;SUB:J>W;RULE_ONLY:L;SUB:N>Y;SUB:N>NG;RULE_ONLY:N,2,2,2,0,1,0,0,1,0,"[""촤령장에서연나"", ""촤령장이썬나""]"
hold_no_unanimous_exact_context_donor,substantive_difference_candidate,mixed_or_cross_group_difference,RULE_ONLY:CH;SUB:J>W;RULE_ONLY:W;RULE_ONLY:EU_G,1,1,2,0,0,0,0,0,2,"[""최상위궈늬""]"
hold_no_unanimous_exact_context_donor,substantive_difference_candidate,mixed_or_cross_group_difference,RULE_ONLY:CH;SUB:J>W;RULE_ONLY:W;RULE_ONLY:W,1,1,2,0,0,0,0,1,1,"[""최소화됨니다""]"
hold_no_unanimous_exact_context_donor,substantive_difference_candidate,mixed_or_cross_group_difference,RULE_ONLY:CH;SUB:J>W;RULE_ONLY:W;SUB:E>AE;RULE_ONLY:Y,2,2,2,1,0,0,1,0,0,"[""취소돼쓰면"", ""취소됃쬬""]"
hold_no_unanimous_exact_context_donor,substantive_difference_candidate,mixed_or_cross_group_difference,RULE_ONLY:CH;SUB:J>W;RULE_ONLY:Y;RULE_ONLY:W,1,1,2,1,1,0,0,0,0,"[""촤령과""]"
hold_no_unanimous_exact_context_donor,substantive_difference_candidate,mixed_or_cross_group_difference,RULE_ONLY:CH;SUB:J>W;RULE_ONLY:Y;RULE_ONLY:Y;RULE_ONLY:Y,2,2,2,0,0,2,0,0,0,"[""촤령하려면"", ""취지카려며뇨""]"
hold_no_unanimous_exact_context_donor,substantive_difference_candidate,mixed_or_cross_group_difference,RULE_ONLY:CH;SUB:J>W;SUB:M>N;RULE_ONLY:Y,2,2,2,1,0,1,0,0,0,"[""최전방이며는"", ""취업쭌비생이시면""]"
hold_no_unanimous_exact_context_donor,substantive_difference_candidate,multiple_segment_count_difference,RULE_ONLY:D;RULE_ONLY:G,2,2,2,0,1,0,0,1,0,"[""뒫치닥꺼리"", ""먿쩍꼬""]"
hold_no_unanimous_exact_context_donor,substantive_difference_candidate,mixed_or_cross_group_difference,RULE_ONLY:D;RULE_ONLY:W;SUB:M>B,2,2,2,2,0,0,0,0,0,"[""갇춰입꼬"", ""갇춰입꼬서""]"
hold_no_unanimous_exact_context_donor,substantive_difference_candidate,mixed_or_cross_group_difference,RULE_ONLY:D;RULE_ONLY:W;SUB:NG>N,2,2,2,1,0,0,1,0,0,"[""낟춰주든가"", ""맏춴는가를""]"
hold_no_unanimous_exact_context_donor,substantive_difference_candidate,multiple_segment_count_difference,RULE_ONLY:D;RULE_ONLY:Y;RULE_ONLY:W,2,2,2,2,0,0,0,0,0,"[""부딛쳐봐쓸"", ""부딛쳐봐야""]"
hold_no_unanimous_exact_context_donor,substantive_difference_candidate,mixed_or_cross_group_difference,RULE_ONLY:D;SUB:J>CH;SUB:J>W;RULE_ONLY:Y;RULE_ONLY:Y,1,1,2,0,1,0,0,1,0,"[""맏춰지려면""]"
hold_no_unanimous_exact_context_donor,substantive_difference_candidate,mixed_or_cross_group_difference,RULE_ONLY:D;SUB:N>NG,2,2,2,0,0,0,1,0,1,"[""타긷층드리"", ""프로에읻청담""]"
hold_no_unanimous_exact_context_donor,substantive_difference_candidate,mixed_or_cross_group_difference,RULE_ONLY:D;SUB:NG>N,2,2,2,1,0,0,0,0,1,"[""몯치는구나"", ""핟치즈빅싸이즈순사린가""]"
hold_no_unanimous_exact_context_donor,substantive_difference_candidate,single_rule_unit_missing_from_candidate,RULE_ONLY:EO,2,2,2,1,0,0,1,0,0,"[""주득쩌뭔"", ""프리즈뭑쓰""]"
hold_no_unanimous_exact_context_donor,substantive_difference_candidate,mixed_or_cross_group_difference,RULE_ONLY:EO;SUB:M>N;RULE_ONLY:W,1,1,2,0,0,0,0,2,0,"[""기뭔봉과""]"
hold_no_unanimous_exact_context_donor,substantive_difference_candidate,mixed_or_cross_group_difference,RULE_ONLY:EO;SUB:M>N;SUB:NG>N,2,2,2,0,0,0,0,0,2,"[""저뭔분께"", ""저뭔분께서""]"
hold_no_unanimous_exact_context_donor,substantive_difference_candidate,mixed_or_cross_group_difference,RULE_ONLY:EU_G;SUB:N>NG;SUB:NG>N,2,2,2,0,0,2,0,0,0,"[""희망저긴가"", ""희망적끄민가""]"
hold_no_unanimous_exact_context_donor,substantive_difference_candidate,mixed_or_cross_group_difference,RULE_ONLY:G;RULE_ONLY:B;SUB:P>H,1,1,2,0,0,0,0,1,1,"[""음식깝하고""]"
hold_no_unanimous_exact_context_donor,substantive_difference_candidate,mixed_or_cross_group_difference,RULE_ONLY:G;RULE_ONLY:G;SUB:NG>N,2,2,2,0,1,0,0,1,0,"[""북끅꼬미라든가"", ""식끼세척끼라든가""]"
hold_no_unanimous_exact_context_donor,substantive_difference_candidate,mixed_or_cross_group_difference,RULE_ONLY:G;RULE_ONLY:K;SUB:G>W;RULE_ONLY:W;SUB:E>AE,2,2,2,1,1,0,0,0,0,"[""핵까조콰돼"", ""핵까조콰됃따고""]"
hold_no_unanimous_exact_context_donor,substantive_difference_candidate,multiple_segment_count_difference,RULE_ONLY:G;RULE_ONLY:W;RULE_ONLY:W;RULE_ONLY:Y,2,2,2,0,0,1,0,0,1,"[""객꽌화시켜"", ""객꽌화시켜서""]"
hold_no_unanimous_exact_context_donor,substantive_difference_candidate,mixed_or_cross_group_difference,RULE_ONLY:G;RULE_ONLY:W;SUB:NG>N;RULE_ONLY:W;RULE_ONLY:W,2,2,2,0,1,0,0,1,0,"[""객꽌화되지"", ""객꽌화될""]"
hold_no_unanimous_exact_context_donor,substantive_difference_candidate,mixed_or_cross_group_difference,RULE_ONLY:G;RULE_ONLY:W;SUB:NG>N;SUB:NG>N,2,2,2,0,2,0,0,0,0,"[""객꽌저긴가"", ""객꽌저긴가에""]"
hold_no_unanimous_exact_context_donor,substantive_difference_candidate,mixed_or_cross_group_difference,RULE_ONLY:G;RULE_ONLY:Y;SUB:NG>N;RULE_ONLY:W,2,2,2,1,0,0,0,0,1,"[""식껸과"", ""유익뀬과""]"
hold_no_unanimous_exact_context_donor,substantive_difference_candidate,multiple_segment_count_difference,RULE_ONLY:H;RULE_ONLY:Y;RULE_ONLY:N,2,2,2,0,2,0,0,0,0,"[""다혈지리션나"", ""다혈지리션는데""]"
hold_no_unanimous_exact_context_donor,substantive_difference_candidate,multiple_segment_count_difference,RULE_ONLY:I;RULE_ONLY:G,2,2,2,0,0,0,1,0,1,"[""뒤적뛰적꺼리고"", ""뒤적뛰적꺼리다가""]"
hold_no_unanimous_exact_context_donor,substantive_difference_candidate,mixed_or_cross_group_difference,RULE_ONLY:K;SUB:G>W;RULE_ONLY:G,2,2,2,0,1,0,0,1,0,"[""퀵꼬잉"", ""휘저퀴적꺼리고""]"
hold_no_unanimous_exact_context_donor,substantive_difference_candidate,mixed_or_cross_group_difference,RULE_ONLY:K;SUB:G>W;RULE_ONLY:PP,2,2,2,0,1,1,0,0,0,"[""구콰빵이"", ""구콰빵이나""]"
hold_no_unanimous_exact_context_donor,substantive_difference_candidate,mixed_or_cross_group_difference,RULE_ONLY:K;SUB:G>W;RULE_ONLY:Y;SUB:NG>N,2,2,2,1,0,0,0,1,0,"[""분시쾨계라든가"", ""서쾨서녀민가요""]"
hold_no_unanimous_exact_context_donor,substantive_difference_candidate,mixed_or_cross_group_difference,RULE_ONLY:K;SUB:G>W;SUB:E>AE;RULE_ONLY:Y;RULE_ONLY:Y,2,2,2,1,1,0,0,0,0,"[""쾌저캐져쓰면"", ""쾌차하려며는""]"
hold_no_unanimous_exact_context_donor,substantive_difference_candidate,mixed_or_cross_group_difference,RULE_ONLY:K;SUB:G>Y;RULE_ONLY:EU_G,2,2,2,1,1,0,0,0,0,"[""바켸워늬"", ""트켸이늬""]"
hold_no_unanimous_exact_context_donor,substantive_difference_candidate,mixed_or_cross_group_difference,RULE_ONLY:K;SUB:G>Y;RULE_ONLY:N,2,2,2,1,0,0,0,1,0,"[""바켸수연나"", ""시켸연는데""]"
hold_no_unanimous_exact_context_donor,substantive_difference_candidate,mixed_or_cross_group_difference,RULE_ONLY:K;SUB:G>Y;SUB:NG>N,2,2,2,1,0,0,0,1,0,"[""시켼가"", ""트켸라든가""]"
hold_no_unanimous_exact_context_donor,substantive_difference_candidate,mixed_or_cross_group_difference,RULE_ONLY:L;RULE_ONLY:G;SUB:NG>L;SUB:N>Y,1,1,2,0,2,0,0,0,0,"[""탈락류리""]"
hold_no_unanimous_exact_context_donor,substantive_difference_candidate,mixed_or_cross_group_difference,RULE_ONLY:L;RULE_ONLY:L;SUB:N>Y;SUB:NG>N,1,1,2,2,0,0,0,0,0,"[""글로장려그민가""]"
hold_no_unanimous_exact_context_donor,substantive_difference_candidate,multiple_segment_count_difference,RULE_ONLY:L;RULE_ONLY:W,2,2,2,0,0,0,1,0,1,"[""클러퐐동"", ""할륀""]"
hold_no_unanimous_exact_context_donor,substantive_difference_candidate,mixed_or_cross_group_difference,RULE_ONLY:L;RULE_ONLY:W;SUB:NG>N,2,2,2,1,0,1,0,0,0,"[""실래환가"", ""실뢰라든가""]"
hold_no_unanimous_exact_context_donor,substantive_difference_candidate,mixed_or_cross_group_difference,RULE_ONLY:L;RULE_ONLY:Y;RULE_ONLY:P;SUB:B>Y,2,2,2,0,2,0,0,0,0,"[""불류표가"", ""불류표라기""]"
hold_no_unanimous_exact_context_donor,substantive_difference_candidate,mixed_or_cross_group_difference,RULE_ONLY:L;RULE_ONLY:Y;SUB:M>B,2,2,2,1,1,0,0,0,0,"[""돌려입끼"", ""빌려입꼬""]"
hold_no_unanimous_exact_context_donor,substantive_difference_candidate,mixed_or_cross_group_difference,RULE_ONLY:L;RULE_ONLY:Y;SUB:NG>N;RULE_ONLY:W,2,2,2,0,0,1,0,1,0,"[""발려인과"", ""열륜과""]"
hold_no_unanimous_exact_context_donor,substantive_difference_candidate,mixed_or_cross_group_difference,RULE_ONLY:L;SUB:M>N;RULE_ONLY:Y,2,2,2,0,0,0,2,0,0,"[""설린병워네"", ""설린병워늘""]"
hold_no_unanimous_exact_context_donor,substantive_difference_candidate,mixed_or_cross_group_difference,RULE_ONLY:L;SUB:M>NG;SUB:NG>N,2,2,2,0,0,0,1,0,1,"[""스케일링반는"", ""힐링반는다는""]"
hold_no_unanimous_exact_context_donor,substantive_difference_candidate,mixed_or_cross_group_difference,RULE_ONLY:L;SUB:N>Y;RULE_ONLY:EU_G,2,2,2,0,2,0,0,0,0,"[""동료들가늬"", ""동료부늬""]"
hold_no_unanimous_exact_context_donor,substantive_difference_candidate,mixed_or_cross_group_difference,RULE_ONLY:L;SUB:NG>G;RULE_ONLY:W,2,2,2,1,0,0,1,0,0,"[""슬릭꽈"", ""클러치백꽈""]"
hold_no_unanimous_exact_context_donor,substantive_difference_candidate,mixed_or_cross_group_difference,RULE_ONLY:L;SUB:NG>N;RULE_ONLY:L,1,1,2,0,2,0,0,0,0,"[""올라인클래스""]"
hold_no_unanimous_exact_context_donor,substantive_difference_candidate,multiple_segment_count_difference,RULE_ONLY:N;RULE_ONLY:G;RULE_ONLY:Y,2,2,2,1,1,0,0,0,0,"[""언남중학꾜"", ""전남중학꾜""]"
hold_no_unanimous_exact_context_donor,substantive_difference_candidate,mixed_or_cross_group_difference,RULE_ONLY:N;RULE_ONLY:P;SUB:B>Y;RULE_ONLY:EU_G,1,1,2,0,1,0,0,0,1,"[""건너펴늬""]"
hold_no_unanimous_exact_context_donor,substantive_difference_candidate,multiple_segment_count_difference,RULE_ONLY:N;RULE_ONLY:Y;RULE_ONLY:EO;RULE_ONLY:Y;RULE_ONLY:G,1,1,2,0,2,0,0,0,0,"[""신논혀녁까지""]"
hold_no_unanimous_exact_context_donor,substantive_difference_candidate,multiple_segment_count_difference,RULE_ONLY:N;RULE_ONLY:Y;RULE_ONLY:Y,2,2,2,2,0,0,0,0,0,"[""옌나럐기하며는"", ""핸냐시면""]"
hold_no_unanimous_exact_context_donor,substantive_difference_candidate,mixed_or_cross_group_difference,RULE_ONLY:N;RULE_ONLY:Y;SUB:NG>N,2,2,2,1,0,0,0,1,0,"[""만나셛따든가"", ""안내겨닌가""]"
hold_no_unanimous_exact_context_donor,substantive_difference_candidate,mixed_or_cross_group_difference,RULE_ONLY:N;SUB:M>P;SUB:B>Y;SUB:NG>N,2,2,2,0,1,1,0,0,0,"[""간편시긴가"", ""마즌펴넨가""]"
hold_no_unanimous_exact_context_donor,substantive_difference_candidate,mixed_or_cross_group_difference,RULE_ONLY:N;SUB:NG>K;SUB:G>W;SUB:E>AE;RULE_ONLY:W;SUB:E>AE,2,2,2,0,0,0,0,0,2,"[""완쾌됃따고"", ""완쾌됃따니까""]"
hold_no_unanimous_exact_context_donor,substantive_difference_candidate,mixed_or_cross_group_difference,RULE_ONLY:N;SUB:NG>N;SUB:NG>N,1,1,2,0,0,0,0,1,1,"[""만난는가""]"
hold_no_unanimous_exact_context_donor,substantive_difference_candidate,mixed_or_cross_group_difference,RULE_ONLY:NG;SUB:M>P;SUB:B>Y;RULE_ONLY:N,2,2,2,2,0,0,0,0,0,"[""공표해놘는데"", ""수행평가연는데""]"
hold_no_unanimous_exact_context_donor,substantive_difference_candidate,mixed_or_cross_group_difference,RULE_ONLY:NG;SUB:M>P;SUB:B>Y;SUB:N>NG,1,1,2,1,0,0,0,0,1,"[""감상평드를""]"
hold_no_unanimous_exact_context_donor,substantive_difference_candidate,mixed_or_cross_group_difference,RULE_ONLY:P;SUB:B>Y;RULE_ONLY:EU_G;RULE_ONLY:M;RULE_ONLY:EU_G,1,1,2,1,0,0,1,0,0,"[""펴늬점마늬""]"
hold_no_unanimous_exact_context_donor,substantive_difference_candidate,mixed_or_cross_group_difference,RULE_ONLY:P;SUB:B>Y;RULE_ONLY:G;RULE_ONLY:Y,1,1,2,0,1,1,0,0,0,"[""부평고등학꾜""]"
hold_no_unanimous_exact_context_donor,substantive_difference_candidate,mixed_or_cross_group_difference,RULE_ONLY:P;SUB:B>Y;RULE_ONLY:L;RULE_ONLY:W;RULE_ONLY:W,2,2,2,0,0,0,0,1,1,"[""펼리화되겓따"", ""펼리화됨니다""]"
hold_no_unanimous_exact_context_donor,substantive_difference_candidate,mixed_or_cross_group_difference,RULE_ONLY:P;SUB:B>Y;RULE_ONLY:W;RULE_ONLY:L;SUB:N>Y,1,1,2,0,0,0,2,0,0,"[""컴퓨터화룡""]"
hold_no_unanimous_exact_context_donor,substantive_difference_candidate,mixed_or_cross_group_difference,RULE_ONLY:P;SUB:B>Y;RULE_ONLY:W;SUB:NG>N,2,2,2,0,0,0,1,0,1,"[""살펴봐썬는데요"", ""평화식땅인가""]"
hold_no_unanimous_exact_context_donor,substantive_difference_candidate,mixed_or_cross_group_difference,RULE_ONLY:P;SUB:B>Y;RULE_ONLY:Y;SUB:M>B,1,1,2,0,0,0,1,1,0,"[""평양냉면집또""]"
hold_no_unanimous_exact_context_donor,substantive_difference_candidate,mixed_or_cross_group_difference,RULE_ONLY:P;SUB:B>Y;SUB:G>K;RULE_ONLY:Y,1,1,2,0,0,0,0,1,1,"[""펴닙씨키려고""]"
hold_no_unanimous_exact_context_donor,substantive_difference_candidate,mixed_or_cross_group_difference,RULE_ONLY:P;SUB:B>Y;SUB:M>B,1,1,2,0,0,0,0,1,1,"[""불편스럽꼬""]"
hold_no_unanimous_exact_context_donor,substantive_difference_candidate,mixed_or_cross_group_difference,RULE_ONLY:P;SUB:B>Y;SUB:N>NG;RULE_ONLY:L;SUB:B>P,2,2,2,2,0,0,0,0,0,"[""평창올림피게서"", ""평창올림피근""]"
hold_no_unanimous_exact_context_donor,substantive_difference_candidate,mixed_or_cross_group_difference,RULE_ONLY:P;SUB:B>Y;SUB:N>NG;RULE_ONLY:M,1,1,2,0,0,0,0,0,2,"[""평탄함마느로는""]"
hold_no_unanimous_exact_context_donor,substantive_difference_candidate,mixed_or_cross_group_difference,RULE_ONLY:P;SUB:B>Y;SUB:N>NG;RULE_ONLY:Y;RULE_ONLY:N,2,2,2,0,1,0,0,0,1,"[""평등해젼나"", ""평태겨기연나""]"
hold_no_unanimous_exact_context_donor,substantive_difference_candidate,mixed_or_cross_group_difference,RULE_ONLY:P;SUB:B>Y;SUB:N>NG;SUB:M>NG,2,2,2,0,0,0,0,0,2,"[""평생직짱보다"", ""평생직짱보단""]"
hold_no_unanimous_exact_context_donor,substantive_difference_candidate,mixed_or_cross_group_difference,RULE_ONLY:P;SUB:B>Y;SUB:NG>N;RULE_ONLY:W;RULE_ONLY:Y;SUB:NG>N,2,2,2,2,0,0,0,0,0,"[""표준과하견구소"", ""표준과하견구소에서도""]"
hold_no_unanimous_exact_context_donor,substantive_difference_candidate,mixed_or_cross_group_difference,RULE_ONLY:P;SUB:B>Y;SUB:P>B,1,1,2,0,1,0,1,0,0,"[""컴퓨터바께""]"
hold_no_unanimous_exact_context_donor,substantive_difference_candidate,single_rule_unit_missing_from_candidate,RULE_ONLY:PP,1,1,2,0,0,0,0,0,2,"[""옥쑤수빵이""]"
hold_no_unanimous_exact_context_donor,substantive_difference_candidate,mixed_or_cross_group_difference,RULE_ONLY:S;SUB:SS>Y;SUB:B>P;RULE_ONLY:Y;RULE_ONLY:Y,2,2,2,0,0,1,0,1,0,"[""쇼핑하려며는"", ""쇼핑하셛쬬""]"
hold_no_unanimous_exact_context_donor,substantive_difference_candidate,mixed_or_cross_group_difference,RULE_ONLY:T;SUB:D>W;RULE_ONLY:EU_G,2,2,2,0,1,0,0,0,1,"[""진퇴양나늬"", ""출퇴그늬""]"
hold_no_unanimous_exact_context_donor,substantive_difference_candidate,mixed_or_cross_group_difference,RULE_ONLY:T;SUB:D>W;RULE_ONLY:W;RULE_ONLY:W,2,2,2,1,0,0,1,0,0,"[""퇴화되어쓸"", ""퇴화됨니다""]"
hold_no_unanimous_exact_context_donor,substantive_difference_candidate,mixed_or_cross_group_difference,RULE_ONLY:T;SUB:D>W;RULE_ONLY:Y;RULE_ONLY:G,2,2,2,2,0,0,0,0,0,"[""튀겨먹꼬"", ""튀겨먹끼도""]"
hold_no_unanimous_exact_context_donor,substantive_difference_candidate,mixed_or_cross_group_difference,RULE_ONLY:T;SUB:D>W;SUB:N>NG;RULE_ONLY:N,2,2,2,0,2,0,0,0,0,"[""퇴장당핸나"", ""퇴장당핸는데""]"
hold_no_unanimous_exact_context_donor,substantive_difference_candidate,mixed_or_cross_group_difference,RULE_ONLY:T;SUB:D>Y;RULE_ONLY:NG,1,1,2,0,1,0,0,1,0,"[""마텽으로서""]"
hold_no_unanimous_exact_context_donor,substantive_difference_candidate,mixed_or_cross_group_difference,RULE_ONLY:W;RULE_ONLY:AE;SUB:E>N;RULE_ONLY:Y,2,2,2,0,1,0,0,0,1,"[""됀냐의"", ""됀녜""]"
hold_no_unanimous_exact_context_donor,substantive_difference_candidate,multiple_segment_count_difference,RULE_ONLY:W;RULE_ONLY:G;RULE_ONLY:W,2,2,2,0,0,1,0,0,1,"[""광역씨궈니긴"", ""광역씨권""]"
hold_no_unanimous_exact_context_donor,substantive_difference_candidate,multiple_segment_count_difference,RULE_ONLY:W;RULE_ONLY:L;RULE_ONLY:Y;RULE_ONLY:G,2,2,2,2,0,0,0,0,0,"[""궐력꾸조에"", ""궐력꾸조인데""]"
hold_no_unanimous_exact_context_donor,substantive_difference_candidate,mixed_or_cross_group_difference,RULE_ONLY:W;RULE_ONLY:L;SUB:D>S,1,1,2,0,0,0,0,1,1,"[""괄리하셔야""]"
hold_no_unanimous_exact_context_donor,substantive_difference_candidate,multiple_segment_count_difference,RULE_ONLY:W;RULE_ONLY:N,2,2,2,0,1,1,0,0,0,"[""놛뚸썬는데"", ""뫄썬는데""]"
hold_no_unanimous_exact_context_donor,substantive_difference_candidate,mixed_or_cross_group_difference,RULE_ONLY:W;RULE_ONLY:N;SUB:NG>N,2,2,2,0,0,1,0,0,1,"[""귀신니민가"", ""줜는지라든가""]"
hold_no_unanimous_exact_context_donor,substantive_difference_candidate,mixed_or_cross_group_difference,RULE_ONLY:W;RULE_ONLY:NG;SUB:NG>N,2,2,2,1,1,0,0,0,0,"[""득쩌뫙인가"", ""바뢍산까지""]"
hold_no_unanimous_exact_context_donor,substantive_difference_candidate,mixed_or_cross_group_difference,RULE_ONLY:W;RULE_ONLY:P;SUB:B>Y;RULE_ONLY:D;SUB:J>W;SUB:E>AE,2,2,2,0,0,2,0,0,0,"[""과대평가돼썯떤"", ""과대평가됃따고""]"
hold_no_unanimous_exact_context_donor,substantive_difference_candidate,mixed_or_cross_group_difference,RULE_ONLY:W;RULE_ONLY:Y;RULE_ONLY:W;SUB:M>N,2,2,2,0,0,0,1,0,1,"[""환경미화원분드리"", ""환경미화원분드리나""]"
hold_no_unanimous_exact_context_donor,substantive_difference_candidate,multiple_segment_count_difference,RULE_ONLY:W;RULE_ONLY:Y;RULE_ONLY:Y,2,2,2,0,1,0,0,0,1,"[""합뻐퐈시켜노으면"", ""회복쓔류리""]"
hold_no_unanimous_exact_context_donor,substantive_difference_candidate,mixed_or_cross_group_difference,RULE_ONLY:W;RULE_ONLY:Y;SUB:M>NG,2,2,2,0,0,0,1,0,1,"[""생화룡품들만"", ""생화룡품뿐만""]"
hold_no_unanimous_exact_context_donor,substantive_difference_candidate,mixed_or_cross_group_difference,RULE_ONLY:W;RULE_ONLY:Y;SUB:N>NG;SUB:NG>N,2,2,2,0,1,1,0,0,0,"[""부산환경공다닌가"", ""환경저기라든가""]"
hold_no_unanimous_exact_context_donor,substantive_difference_candidate,mixed_or_cross_group_difference,RULE_ONLY:W;SUB:B>P;SUB:NG>N,2,2,2,0,1,0,1,0,0,"[""괴로피미라든가"", ""괴로핀다든가""]"
hold_no_unanimous_exact_context_donor,substantive_difference_candidate,mixed_or_cross_group_difference,RULE_ONLY:W;SUB:E>AE;RULE_ONLY:B,1,1,2,1,1,0,0,0,0,"[""돼지국빱빠께""]"
hold_no_unanimous_exact_context_donor,substantive_difference_candidate,mixed_or_cross_group_difference,RULE_ONLY:W;SUB:E>AE;RULE_ONLY:W;SUB:E>AE,2,2,2,0,1,0,0,0,1,"[""됃뙏떤"", ""잘돼썯뙈썯씀니다""]"
hold_no_unanimous_exact_context_donor,substantive_difference_candidate,mixed_or_cross_group_difference,RULE_ONLY:W;SUB:E>AE;RULE_ONLY:Y;RULE_ONLY:Y,2,2,2,2,0,0,0,0,0,"[""오버랩뙌냐면"", ""잘몯뙌냐면""]"
hold_no_unanimous_exact_context_donor,substantive_difference_candidate,mixed_or_cross_group_difference,RULE_ONLY:W;SUB:E>AE;SUB:NG>N;SUB:NG>N,2,2,2,0,0,0,0,1,1,"[""괜차나썬는가"", ""괜찬켄는가""]"
hold_no_unanimous_exact_context_donor,substantive_difference_candidate,mixed_or_cross_group_difference,RULE_ONLY:W;SUB:M>N;RULE_ONLY:Y,1,1,2,0,0,0,1,1,0,"[""하권비며""]"
hold_no_unanimous_exact_context_donor,substantive_difference_candidate,mixed_or_cross_group_difference,RULE_ONLY:W;SUB:M>NG;SUB:NG>G;RULE_ONLY:W,2,2,2,0,1,1,0,0,0,"[""광고홍보학꽈"", ""광고홍보학꽈라고""]"
hold_no_unanimous_exact_context_donor,substantive_difference_candidate,mixed_or_cross_group_difference,RULE_ONLY:W;SUB:N>G;RULE_ONLY:W,1,1,2,2,0,0,0,0,0,"[""생활방식꽈""]"
hold_no_unanimous_exact_context_donor,substantive_difference_candidate,mixed_or_cross_group_difference,RULE_ONLY:W;SUB:N>NG;RULE_ONLY:G,2,2,2,0,0,1,0,0,1,"[""광택깜"", ""황태미역꾸글""]"
hold_no_unanimous_exact_context_donor,substantive_difference_candidate,mixed_or_cross_group_difference,RULE_ONLY:W;SUB:NG>N;RULE_ONLY:M,1,1,2,0,1,0,0,0,1,"[""환감만""]"
hold_no_unanimous_exact_context_donor,substantive_difference_candidate,mixed_or_cross_group_difference,RULE_ONLY:W;SUB:NG>N;RULE_ONLY:W;RULE_ONLY:G;RULE_ONLY:Y,1,1,2,0,2,0,0,0,0,"[""관광고등학꾜""]"
hold_no_unanimous_exact_context_donor,substantive_difference_candidate,mixed_or_cross_group_difference,RULE_ONLY:W;SUB:NG>N;RULE_ONLY:W;RULE_ONLY:N,2,2,2,0,1,0,0,0,1,"[""관광용이겐네"", ""관광이언는데""]"
hold_no_unanimous_exact_context_donor,substantive_difference_candidate,mixed_or_cross_group_difference,RULE_ONLY:W;SUB:NG>N;RULE_ONLY:W;SUB:N>NG;RULE_ONLY:N,1,1,2,0,0,1,1,0,0,"[""관광지연는데""]"
hold_no_unanimous_exact_context_donor,substantive_difference_candidate,mixed_or_cross_group_difference,RULE_ONLY:W;SUB:NG>N;RULE_ONLY:Y;RULE_ONLY:Y,1,1,2,0,2,0,0,0,0,"[""봐썬냐며는""]"
hold_no_unanimous_exact_context_donor,substantive_difference_candidate,mixed_or_cross_group_difference,RULE_ONLY:W;SUB:NG>N;SUB:M>N,1,1,2,0,0,0,2,0,0,"[""기뫈선부터""]"
hold_no_unanimous_exact_context_donor,substantive_difference_candidate,mixed_or_cross_group_difference,RULE_ONLY:W;SUB:NG>N;SUB:NG>N,2,2,2,0,0,1,0,1,0,"[""관거닌게"", ""환기저닌가""]"
hold_no_unanimous_exact_context_donor,substantive_difference_candidate,multiple_segment_count_difference,RULE_ONLY:Y;RULE_ONLY:B;RULE_ONLY:G,2,2,2,1,1,0,0,0,0,"[""협빡까지"", ""협빡까진""]"
hold_no_unanimous_exact_context_donor,substantive_difference_candidate,multiple_segment_count_difference,RULE_ONLY:Y;RULE_ONLY:B;RULE_ONLY:N,1,1,2,0,0,0,0,2,0,"[""위협빤는""]"
hold_no_unanimous_exact_context_donor,substantive_difference_candidate,mixed_or_cross_group_difference,RULE_ONLY:Y;RULE_ONLY:B;SUB:M>L;SUB:N>Y;RULE_ONLY:W,1,1,2,0,0,0,0,0,2,"[""협력꽈""]"
hold_no_unanimous_exact_context_donor,substantive_difference_candidate,mixed_or_cross_group_difference,RULE_ONLY:Y;RULE_ONLY:B;SUB:M>L;SUB:N>Y;RULE_ONLY:W;RULE_ONLY:Y,2,2,2,0,0,0,2,0,0,"[""협력꽌계"", ""협력꽌계를""]"
hold_no_unanimous_exact_context_donor,substantive_difference_candidate,mixed_or_cross_group_difference,RULE_ONLY:Y;RULE_ONLY:B;SUB:M>L;SUB:N>Y;SUB:K>G,1,1,2,0,0,1,0,0,1,"[""협려긔""]"
hold_no_unanimous_exact_context_donor,substantive_difference_candidate,mixed_or_cross_group_difference,RULE_ONLY:Y;RULE_ONLY:CH;SUB:J>W;RULE_ONLY:W;SUB:E>AE,2,2,2,0,0,0,0,1,1,"[""수변최고돼지국빱"", ""수변최고돼지국빱찝또""]"
hold_no_unanimous_exact_context_donor,substantive_difference_candidate,multiple_segment_count_difference,RULE_ONLY:Y;RULE_ONLY:D;RULE_ONLY:Y,1,1,2,0,2,0,0,0,0,"[""숃치면""]"
hold_no_unanimous_exact_context_donor,substantive_difference_candidate,mixed_or_cross_group_difference,RULE_ONLY:Y;RULE_ONLY:D;SUB:NG>N,1,1,2,0,0,2,0,0,0,"[""멷천까지""]"
hold_no_unanimous_exact_context_donor,substantive_difference_candidate,mixed_or_cross_group_difference,RULE_ONLY:Y;RULE_ONLY:G;SUB:NG>L;SUB:N>Y;RULE_ONLY:W,1,1,2,0,0,0,0,0,2,"[""공격력꽈""]"
hold_no_unanimous_exact_context_donor,substantive_difference_candidate,multiple_segment_count_difference,RULE_ONLY:Y;RULE_ONLY:H,2,2,2,1,1,0,0,0,0,"[""안냐하는"", ""차며해야하는""]"
hold_no_unanimous_exact_context_donor,substantive_difference_candidate,mixed_or_cross_group_difference,RULE_ONLY:Y;RULE_ONLY:K;SUB:G>W;RULE_ONLY:W;SUB:E>AE,2,2,2,0,0,1,0,1,0,"[""겨콰돼"", ""겨콰돼서""]"
hold_no_unanimous_exact_context_donor,substantive_difference_candidate,mixed_or_cross_group_difference,RULE_ONLY:Y;RULE_ONLY:K;SUB:G>W;SUB:E>AE,1,1,2,0,1,1,0,0,0,"[""경쾌하자나""]"
hold_no_unanimous_exact_context_donor,substantive_difference_candidate,mixed_or_cross_group_difference,RULE_ONLY:Y;RULE_ONLY:L;SUB:N>Y;RULE_ONLY:L,2,2,2,0,0,0,0,2,0,"[""경력뜰로"", ""큐더브류이알라고""]"
hold_no_unanimous_exact_context_donor,substantive_difference_candidate,mixed_or_cross_group_difference,RULE_ONLY:Y;RULE_ONLY:L;SUB:N>Y;RULE_ONLY:N,2,2,2,0,0,0,2,0,0,"[""경려니언나요"", ""류승룡이언나""]"
hold_no_unanimous_exact_context_donor,substantive_difference_candidate,mixed_or_cross_group_difference,RULE_ONLY:Y;RULE_ONLY:NG;SUB:M>P;SUB:B>Y;SUB:M>B,2,2,2,0,1,0,0,0,1,"[""형펴넙꼬"", ""형펴넙꼬요""]"
hold_no_unanimous_exact_context_donor,substantive_difference_candidate,mixed_or_cross_group_difference,RULE_ONLY:Y;RULE_ONLY:NG;SUB:NG>N,1,1,2,0,0,0,2,0,0,"[""고향친구드리""]"
hold_no_unanimous_exact_context_donor,substantive_difference_candidate,mixed_or_cross_group_difference,RULE_ONLY:Y;RULE_ONLY:W;RULE_ONLY:NG;SUB:NG>N,1,1,2,0,1,0,0,0,1,"[""겨우뢍구기라든가""]"
hold_no_unanimous_exact_context_donor,substantive_difference_candidate,mixed_or_cross_group_difference,RULE_ONLY:Y;RULE_ONLY:W;SUB:K>G;RULE_ONLY:Y,1,1,2,0,0,2,0,0,0,"[""계획려기""]"
hold_no_unanimous_exact_context_donor,substantive_difference_candidate,mixed_or_cross_group_difference,RULE_ONLY:Y;RULE_ONLY:Y;RULE_ONLY:G;SUB:NG>N,2,2,2,0,0,0,0,0,2,"[""혀녁까왕이라든가"", ""혀녁까왕인가""]"
hold_no_unanimous_exact_context_donor,substantive_difference_candidate,mixed_or_cross_group_difference,RULE_ONLY:Y;RULE_ONLY:Y;RULE_ONLY:K;SUB:G>W;RULE_ONLY:W;SUB:E>AE,1,1,2,0,0,2,0,0,0,"[""규겨콰돼""]"
hold_no_unanimous_exact_context_donor,substantive_difference_candidate,multiple_segment_count_difference,RULE_ONLY:Y;RULE_ONLY:Y;RULE_ONLY:L,2,2,2,1,0,0,1,0,0,"[""옵쎤별로"", ""이뱡시켜달라고""]"
hold_no_unanimous_exact_context_donor,substantive_difference_candidate,mixed_or_cross_group_difference,RULE_ONLY:Y;RULE_ONLY:Y;RULE_ONLY:M;SUB:NG>N,1,1,2,0,1,0,0,1,0,"[""처년기념무린가""]"
hold_no_unanimous_exact_context_donor,substantive_difference_candidate,multiple_segment_count_difference,RULE_ONLY:Y;RULE_ONLY:Y;RULE_ONLY:N,2,2,2,0,1,0,1,0,0,"[""바켜쎤나"", ""이뱡하션는데""]"
hold_no_unanimous_exact_context_donor,substantive_difference_candidate,mixed_or_cross_group_difference,RULE_ONLY:Y;RULE_ONLY:Y;RULE_ONLY:W;SUB:E>AE,2,2,2,0,0,1,0,1,0,"[""혀뱍뙈"", ""혀뱍뙈서""]"
hold_no_unanimous_exact_context_donor,substantive_difference_candidate,mixed_or_cross_group_difference,RULE_ONLY:Y;SUB:D>T,2,2,2,2,0,0,0,0,0,"[""게싣쀼티라는"", ""게싣쀼티를""]"
hold_no_unanimous_exact_context_donor,substantive_difference_candidate,mixed_or_cross_group_difference,RULE_ONLY:Y;SUB:M>NG;SUB:M>B;RULE_ONLY:Y,2,2,2,0,2,0,0,0,0,"[""교통법뀨"", ""교통법뀨도""]"
hold_no_unanimous_exact_context_donor,substantive_difference_candidate,mixed_or_cross_group_difference,RULE_ONLY:Y;SUB:M>NG;SUB:M>N,1,1,2,0,0,0,1,0,1,"[""경비원분드리""]"
hold_no_unanimous_exact_context_donor,substantive_difference_candidate,mixed_or_cross_group_difference,RULE_ONLY:Y;SUB:N>L;RULE_ONLY:M,2,2,2,0,0,1,1,0,0,"[""경리엄무도"", ""경리엄무를""]"
hold_no_unanimous_exact_context_donor,substantive_difference_candidate,mixed_or_cross_group_difference,RULE_ONLY:Y;SUB:N>L;RULE_ONLY:W,2,2,2,0,0,1,0,0,1,"[""병리학꽈"", ""병리학꽈지""]"
hold_no_unanimous_exact_context_donor,substantive_difference_candidate,mixed_or_cross_group_difference,RULE_ONLY:Y;SUB:N>L;SUB:M>N;SUB:NG>N,1,1,2,1,0,1,0,0,0,"[""기명란버빈가""]"
hold_no_unanimous_exact_context_donor,substantive_difference_candidate,mixed_or_cross_group_difference,RULE_ONLY:Y;SUB:N>NG;RULE_ONLY:L;SUB:N>Y;SUB:NG>N,2,2,2,0,1,1,0,0,0,"[""경쟁려기라든가"", ""경쟁류린거지""]"
hold_no_unanimous_exact_context_donor,substantive_difference_candidate,mixed_or_cross_group_difference,RULE_ONLY:Y;SUB:N>NG;RULE_ONLY:Y;SUB:NG>N,1,1,2,0,0,0,0,0,2,"[""명장며니라든가""]"
hold_no_unanimous_exact_context_donor,substantive_difference_candidate,mixed_or_cross_group_difference,RULE_ONLY:Y;SUB:N>NG;SUB:M>N;RULE_ONLY:Y,2,2,2,0,0,0,0,0,2,"[""아냥천벼네"", ""아냥천벼니나""]"
hold_no_unanimous_exact_context_donor,substantive_difference_candidate,mixed_or_cross_group_difference,RULE_ONLY:Y;SUB:NG>G;SUB:N>L;RULE_ONLY:W;SUB:E>AE;RULE_ONLY:N,1,1,2,0,1,0,0,1,0,"[""격리돼썬는데""]"
hold_no_unanimous_exact_context_donor,substantive_difference_candidate,mixed_or_cross_group_difference,RULE_ONLY:Y;SUB:NG>G;SUB:N>L;RULE_ONLY:Y,2,2,2,0,0,1,0,1,0,"[""격리하며는"", ""격리하셛껟꼬""]"
hold_no_unanimous_exact_context_donor,substantive_difference_candidate,mixed_or_cross_group_difference,RULE_ONLY:Y;SUB:NG>N;RULE_ONLY:N,2,2,2,0,0,0,1,1,0,"[""무려빈가연는데"", ""미뉸기연는데""]"
hold_no_unanimous_exact_context_donor,substantive_difference_candidate,mixed_or_cross_group_difference,RULE_ONLY:Y;SUB:NG>N;RULE_ONLY:Y;RULE_ONLY:Y,2,2,2,1,0,1,0,0,0,"[""느껴썬냐면"", ""생겨썬냐며는""]"
hold_no_unanimous_exact_context_donor,substantive_difference_candidate,mixed_or_cross_group_difference,RULE_ONLY:Y;SUB:P>B;RULE_ONLY:N,1,1,2,0,0,0,2,0,0,"[""승계반는""]"
hold_no_unanimous_exact_context_donor,substantive_difference_candidate,mixed_or_cross_group_difference,RULE_ONLY:Y;SUB:SS>S;SUB:NG>N,2,2,2,0,0,2,0,0,0,"[""결시민가"", ""결심핻따든가""]"
hold_no_unanimous_exact_context_donor,substantive_difference_candidate,mixed_or_cross_group_difference,RULE_ONLY:Y;SUB:T>D,1,1,2,0,2,0,0,0,0,"[""특뼐무대를""]"
hold_no_unanimous_exact_context_donor,substantive_difference_candidate,mixed_or_cross_group_difference,SUB:AE>E;SUB:NG>N,2,2,2,0,0,1,0,0,1,"[""해외여썬는데도"", ""해외여행만크믄""]"
hold_no_unanimous_exact_context_donor,substantive_difference_candidate,mixed_or_cross_group_difference,SUB:B>P;RULE_ONLY:K;SUB:G>W,2,2,2,0,1,0,0,1,0,"[""그래피콰"", ""그래피콰를""]"
hold_no_unanimous_exact_context_donor,substantive_difference_candidate,mixed_or_cross_group_difference,SUB:B>P;SUB:E>AE,2,2,2,0,2,0,0,0,0,"[""피해액뽀다는"", ""피해액뿐마니""]"
hold_no_unanimous_exact_context_donor,substantive_difference_candidate,mixed_or_cross_group_difference,SUB:D>J;SUB:NG>N,1,1,2,0,0,0,0,2,0,"[""자잳깝씨라든가""]"
hold_no_unanimous_exact_context_donor,substantive_difference_candidate,mixed_or_cross_group_difference,SUB:D>S;RULE_ONLY:W;RULE_ONLY:W,2,2,2,0,1,0,0,1,0,"[""이슈화돼야지마니"", ""이슈화되자나""]"
hold_no_unanimous_exact_context_donor,substantive_difference_candidate,mixed_or_cross_group_difference,SUB:D>S;RULE_ONLY:W;RULE_ONLY:W;SUB:E>AE,2,2,2,1,0,0,1,0,0,"[""이슈화돼쓸"", ""이슈화됃떤""]"
hold_no_unanimous_exact_context_donor,substantive_difference_candidate,mixed_or_cross_group_difference,SUB:D>S;SUB:K>G,2,2,2,2,0,0,0,0,0,"[""이색떼이트"", ""이색떼이트로""]"
hold_no_unanimous_exact_context_donor,substantive_difference_candidate,mixed_or_cross_group_difference,SUB:D>T;RULE_ONLY:EO;RULE_ONLY:EU_G,1,1,2,0,0,0,1,1,0,"[""티뭐늬""]"
hold_no_unanimous_exact_context_donor,substantive_difference_candidate,mixed_or_cross_group_difference,SUB:D>T;RULE_ONLY:Y,1,1,2,0,2,0,0,0,0,"[""아이티업꼐""]"
hold_no_unanimous_exact_context_donor,substantive_difference_candidate,mixed_or_cross_group_difference,SUB:E>AE;SUB:NG>N,2,2,2,0,1,0,0,1,0,"[""에스애네스라든가"", ""왜고기라든가""]"
hold_no_unanimous_exact_context_donor,substantive_difference_candidate,mixed_or_cross_group_difference,SUB:E>W;SUB:I>E,1,1,2,0,0,0,1,0,1,"[""뵙씀니다""]"
hold_no_unanimous_exact_context_donor,substantive_difference_candidate,mixed_or_cross_group_difference,SUB:J>D;RULE_ONLY:W;RULE_ONLY:Y,1,1,2,0,0,1,0,1,0,"[""맏뽜쓰면""]"
hold_no_unanimous_exact_context_donor,substantive_difference_candidate,mixed_or_cross_group_difference,SUB:J>D;RULE_ONLY:W;SUB:NG>N,1,1,2,0,0,0,2,0,0,"[""맏뽠는데""]"
hold_no_unanimous_exact_context_donor,substantive_difference_candidate,mixed_or_cross_group_difference,SUB:J>D;SUB:B>P,1,1,2,0,0,0,0,0,2,"[""맏따시피""]"
hold_no_unanimous_exact_context_donor,substantive_difference_candidate,mixed_or_cross_group_difference,SUB:J>D;SUB:D>S,1,1,2,0,0,0,0,0,2,"[""맏추셔야""]"
hold_no_unanimous_exact_context_donor,substantive_difference_candidate,mixed_or_cross_group_difference,SUB:J>D;SUB:J>D,2,2,2,0,1,1,0,0,0,"[""맏따맏따"", ""맏찌맏찌""]"
hold_no_unanimous_exact_context_donor,substantive_difference_candidate,mixed_or_cross_group_difference,SUB:JJ>D;RULE_ONLY:W,2,2,2,0,1,0,0,1,0,"[""읻께되고"", ""읻끼뢍""]"
hold_no_unanimous_exact_context_donor,contrast_review_required,multiple_contrasts_within_acoustic_model_group,SUB:K>G;SUB:D>T,2,2,2,0,2,0,0,0,0,"[""럭삐팀"", ""럭삐티미""]"
hold_no_unanimous_exact_context_donor,substantive_difference_candidate,mixed_or_cross_group_difference,SUB:K>G;SUB:N>NG,2,2,2,1,0,0,0,1,0,"[""럭삐공처럼"", ""럭삐랑도""]"
hold_no_unanimous_exact_context_donor,substantive_difference_candidate,mixed_or_cross_group_difference,SUB:L>N;SUB:NG>N,2,2,2,0,0,2,0,0,0,"[""문는거야"", ""문는구나""]"
hold_no_unanimous_exact_context_donor,substantive_difference_candidate,mixed_or_cross_group_difference,SUB:M>B;RULE_ONLY:G,2,2,2,1,0,1,0,0,0,"[""입꾹까지"", ""입떡꼬기""]"
hold_no_unanimous_exact_context_donor,substantive_difference_candidate,mixed_or_cross_group_difference,SUB:M>B;RULE_ONLY:G;SUB:NG>L;SUB:N>Y,1,1,2,0,0,0,1,0,1,"[""잡꼭류""]"
hold_no_unanimous_exact_context_donor,substantive_difference_candidate,mixed_or_cross_group_difference,SUB:M>B;RULE_ONLY:N;RULE_ONLY:Y,2,2,2,0,1,1,0,0,0,"[""십껜냐"", ""입껜냐""]"
hold_no_unanimous_exact_context_donor,substantive_difference_candidate,mixed_or_cross_group_difference,SUB:M>B;RULE_ONLY:W;RULE_ONLY:Y,1,1,2,0,2,0,0,0,0,"[""입끔되면""]"
hold_no_unanimous_exact_context_donor,substantive_difference_candidate,mixed_or_cross_group_difference,SUB:M>B;RULE_ONLY:Y;SUB:N>NG,1,1,2,1,0,0,0,0,1,"[""입뼝도""]"
hold_no_unanimous_exact_context_donor,substantive_difference_candidate,mixed_or_cross_group_difference,SUB:M>B;SUB:N>L;RULE_ONLY:Y;SUB:M>N,1,1,2,0,0,0,0,0,2,"[""컵라면바께""]"
hold_no_unanimous_exact_context_donor,substantive_difference_candidate,mixed_or_cross_group_difference,SUB:M>N;RULE_ONLY:G;RULE_ONLY:B,1,1,2,0,0,0,0,1,1,"[""천팔백꾸십팔""]"
hold_no_unanimous_exact_context_donor,substantive_difference_candidate,mixed_or_cross_group_difference,SUB:M>N;RULE_ONLY:L;SUB:N>Y,2,2,2,0,0,2,0,0,0,"[""선방려근"", ""혼방류를""]"
hold_no_unanimous_exact_context_donor,substantive_difference_candidate,mixed_or_cross_group_difference,SUB:M>N;RULE_ONLY:PP;SUB:NG>N,1,1,2,0,0,0,0,2,0,"[""단팓빵이라든가""]"
hold_no_unanimous_exact_context_donor,substantive_difference_candidate,mixed_or_cross_group_difference,SUB:M>N;RULE_ONLY:W;RULE_ONLY:EU_G,2,2,2,1,0,0,0,0,1,"[""노인복찌과늬"", ""빈부귀처늬""]"
hold_no_unanimous_exact_context_donor,substantive_difference_candidate,mixed_or_cross_group_difference,SUB:M>N;RULE_ONLY:W;RULE_ONLY:Y,2,2,2,0,0,1,1,0,0,"[""선봐쓰면"", ""신방과거드뇨""]"
hold_no_unanimous_exact_context_donor,substantive_difference_candidate,mixed_or_cross_group_difference,SUB:M>N;RULE_ONLY:W;SUB:NG>N,2,2,2,0,1,1,0,0,0,"[""드러는봔는데"", ""신박꽈하긴가""]"
hold_no_unanimous_exact_context_donor,substantive_difference_candidate,mixed_or_cross_group_difference,SUB:M>N;RULE_ONLY:Y;RULE_ONLY:H;RULE_ONLY:Y,2,2,2,0,1,1,0,0,0,"[""인냐하며는"", ""인냐하면""]"
hold_no_unanimous_exact_context_donor,substantive_difference_candidate,mixed_or_cross_group_difference,SUB:M>N;RULE_ONLY:Y;SUB:M>NG,2,2,2,0,0,0,0,0,2,"[""전부뉵뜽버비라는"", ""전부뉵뜽법""]"
hold_no_unanimous_exact_context_donor,substantive_difference_candidate,mixed_or_cross_group_difference,SUB:M>N;SUB:D>T,2,2,2,0,1,0,0,0,1,"[""신바이오틱쓰"", ""단파틔""]"
hold_no_unanimous_exact_context_donor,substantive_difference_candidate,mixed_or_cross_group_difference,SUB:M>N;SUB:N>NG;RULE_ONLY:Y,2,2,2,0,1,0,0,1,0,"[""건방젿찌"", ""건방지기뇨""]"
hold_no_unanimous_exact_context_donor,substantive_difference_candidate,mixed_or_cross_group_difference,SUB:M>N;SUB:NG>G;RULE_ONLY:Y,2,2,2,2,0,0,0,0,0,"[""전북때학꾜라고"", ""전북때학꾜에""]"
hold_no_unanimous_exact_context_donor,substantive_difference_candidate,mixed_or_cross_group_difference,SUB:M>N;SUB:NG>N;RULE_ONLY:Y,2,2,2,0,2,0,0,0,0,"[""인는거죠"", ""준비해썬냐""]"
hold_no_unanimous_exact_context_donor,substantive_difference_candidate,mixed_or_cross_group_difference,SUB:M>N;SUB:NG>N;SUB:NG>N,1,1,2,0,1,1,0,0,0,"[""인는건가""]"
hold_no_unanimous_exact_context_donor,substantive_difference_candidate,mixed_or_cross_group_difference,SUB:M>NG;RULE_ONLY:G;SUB:NG>L;SUB:N>Y;RULE_ONLY:W,1,1,2,1,0,0,0,0,1,"[""성폭력꽈""]"
hold_no_unanimous_exact_context_donor,substantive_difference_candidate,mixed_or_cross_group_difference,SUB:M>NG;RULE_ONLY:Y;RULE_ONLY:L;SUB:N>Y;RULE_ONLY:EU_G,1,1,2,0,0,1,0,0,1,"[""동병상려늬""]"
hold_no_unanimous_exact_context_donor,substantive_difference_candidate,mixed_or_cross_group_difference,SUB:M>NG;SUB:K>G;SUB:NG>N,2,2,2,0,1,0,0,0,1,"[""동백꼬치라든가"", ""동백꼬친가""]"
hold_no_unanimous_exact_context_donor,substantive_difference_candidate,mixed_or_cross_group_difference,SUB:N>L;RULE_ONLY:EU_G,2,2,2,0,0,0,1,0,1,"[""담로늬"", ""사탐로늬""]"
hold_no_unanimous_exact_context_donor,substantive_difference_candidate,mixed_or_cross_group_difference,SUB:N>L;RULE_ONLY:W;RULE_ONLY:Y,2,2,2,0,1,0,0,0,1,"[""정리되며는"", ""정리되어쓰면""]"
hold_no_unanimous_exact_context_donor,substantive_difference_candidate,mixed_or_cross_group_difference,SUB:N>L;RULE_ONLY:Y;RULE_ONLY:Y,2,2,2,0,0,1,1,0,0,"[""정리하려며는"", ""정리하션느냐고""]"
hold_no_unanimous_exact_context_donor,substantive_difference_candidate,mixed_or_cross_group_difference,SUB:N>NG;RULE_ONLY:G;SUB:N>NG,2,2,2,1,0,0,1,0,0,"[""꿍짝꿍짜캐요"", ""방직꽁장에서""]"
hold_no_unanimous_exact_context_donor,substantive_difference_candidate,mixed_or_cross_group_difference,SUB:N>NG;RULE_ONLY:L;SUB:NG>N,2,2,2,0,0,0,1,1,0,"[""당정글린공워니라고"", ""주상절리기리라든가""]"
hold_no_unanimous_exact_context_donor,substantive_difference_candidate,mixed_or_cross_group_difference,SUB:N>NG;RULE_ONLY:W;SUB:M>N,2,2,2,0,0,0,0,1,1,"[""정지권분드리나"", ""정지권분들도""]"
hold_no_unanimous_exact_context_donor,substantive_difference_candidate,mixed_or_cross_group_difference,SUB:N>NG;RULE_ONLY:Y;RULE_ONLY:G;RULE_ONLY:Y,2,2,2,2,0,0,0,0,0,"[""동더겨자고등학꾜"", ""동더겨자고등학꾜를""]"
hold_no_unanimous_exact_context_donor,substantive_difference_candidate,mixed_or_cross_group_difference,SUB:N>NG;SUB:M>B;RULE_ONLY:W,2,2,2,0,0,1,1,0,0,"[""가정집꽈는"", ""당집뀌랑""]"
hold_no_unanimous_exact_context_donor,substantive_difference_candidate,mixed_or_cross_group_difference,SUB:N>NG;SUB:M>N;RULE_ONLY:Y,2,2,2,0,0,0,1,1,0,"[""문동천병워네"", ""양재천벼네""]"
hold_no_unanimous_exact_context_donor,substantive_difference_candidate,mixed_or_cross_group_difference,SUB:NG>G;RULE_ONLY:M,2,2,2,1,0,0,1,0,0,"[""학짜금만"", ""학짱님마다""]"
hold_no_unanimous_exact_context_donor,substantive_difference_candidate,mixed_or_cross_group_difference,SUB:NG>G;RULE_ONLY:W;RULE_ONLY:W;RULE_ONLY:W,2,2,2,0,0,0,0,2,0,"[""학쌩문화예술회과네서"", ""학쌩문화예술회과니""]"
hold_no_unanimous_exact_context_donor,substantive_difference_candidate,mixed_or_cross_group_difference,SUB:NG>G;RULE_ONLY:W;RULE_ONLY:Y;RULE_ONLY:Y,2,2,2,0,1,1,0,0,0,"[""학꽈냐며는"", ""학꽈냐면""]"
hold_no_unanimous_exact_context_donor,substantive_difference_candidate,mixed_or_cross_group_difference,SUB:NG>G;RULE_ONLY:Y;RULE_ONLY:W;RULE_ONLY:N,2,2,2,0,0,0,1,1,0,"[""학꾜생화리언나요"", ""학꾜생화리언는데""]"
hold_no_unanimous_exact_context_donor,substantive_difference_candidate,mixed_or_cross_group_difference,SUB:NG>G;SUB:N>L;RULE_ONLY:EU_G,2,2,2,0,0,0,0,2,0,"[""대학로마늬"", ""독립꾸늬""]"
hold_no_unanimous_exact_context_donor,substantive_difference_candidate,mixed_or_cross_group_difference,SUB:NG>G;SUB:N>L;RULE_ONLY:G;RULE_ONLY:Y,2,2,2,0,2,0,0,0,0,"[""국리팍꾜"", ""속리초등학꾜""]"
hold_no_unanimous_exact_context_donor,substantive_difference_candidate,mixed_or_cross_group_difference,SUB:NG>G;SUB:N>L;RULE_ONLY:P;SUB:B>Y,1,1,2,0,0,0,0,0,2,"[""독리평""]"
hold_no_unanimous_exact_context_donor,substantive_difference_candidate,mixed_or_cross_group_difference,SUB:NG>G;SUB:N>L;RULE_ONLY:P;SUB:B>Y;SUB:N>L,2,2,2,2,0,0,0,0,0,"[""국리퓨양리믄"", ""국리퓨양리믈""]"
hold_no_unanimous_exact_context_donor,substantive_difference_candidate,mixed_or_cross_group_difference,SUB:NG>G;SUB:N>L;RULE_ONLY:W;RULE_ONLY:N,2,2,2,0,0,1,0,0,1,"[""박람회연나"", ""박람회연는데""]"
hold_no_unanimous_exact_context_donor,substantive_difference_candidate,mixed_or_cross_group_difference,SUB:NG>G;SUB:N>NG;RULE_ONLY:W,2,2,2,0,0,2,0,0,0,"[""역쭈행되기"", ""역쭈행된""]"
hold_no_unanimous_exact_context_donor,substantive_difference_candidate,mixed_or_cross_group_difference,SUB:NG>N;RULE_ONLY:D,2,2,2,0,1,0,0,1,0,"[""눈꼳처럼"", ""눈꼳축쩨도""]"
hold_no_unanimous_exact_context_donor,substantive_difference_candidate,mixed_or_cross_group_difference,SUB:NG>N;RULE_ONLY:L;RULE_ONLY:M,1,1,2,0,0,2,0,0,0,"[""팬클럼만""]"
hold_no_unanimous_exact_context_donor,substantive_difference_candidate,mixed_or_cross_group_difference,SUB:NG>N;RULE_ONLY:W;RULE_ONLY:G,2,2,2,0,0,2,0,0,0,"[""진산과학꼬"", ""진산과학꼬요""]"
hold_no_unanimous_exact_context_donor,substantive_difference_candidate,mixed_or_cross_group_difference,SUB:NG>N;RULE_ONLY:W;SUB:N>NG;RULE_ONLY:G;RULE_ONLY:Y,2,2,2,2,0,0,0,0,0,"[""신광초등학꾜"", ""신광초등학꾜에서""]"
hold_no_unanimous_exact_context_donor,substantive_difference_candidate,mixed_or_cross_group_difference,SUB:NG>N;RULE_ONLY:Y;RULE_ONLY:B,1,1,2,0,0,0,0,2,0,"[""천구배귝씹팔""]"
hold_no_unanimous_exact_context_donor,substantive_difference_candidate,mixed_or_cross_group_difference,SUB:NG>N;RULE_ONLY:Y;RULE_ONLY:N,2,2,2,0,1,0,0,1,0,"[""민감해젼는데"", ""완강하셔썬는데""]"
hold_no_unanimous_exact_context_donor,substantive_difference_candidate,mixed_or_cross_group_difference,SUB:NG>N;RULE_ONLY:Y;RULE_ONLY:Y;RULE_ONLY:Y,2,2,2,1,0,0,0,0,1,"[""조아썬냐며뇨"", ""해썬냐며뇨""]"
hold_no_unanimous_exact_context_donor,substantive_difference_candidate,mixed_or_cross_group_difference,SUB:NG>N;RULE_ONLY:Y;SUB:K>G,1,1,2,0,1,1,0,0,0,"[""배차간겨긔""]"
hold_no_unanimous_exact_context_donor,substantive_difference_candidate,mixed_or_cross_group_difference,SUB:NG>N;SUB:M>B;RULE_ONLY:W,2,2,2,2,0,0,0,0,0,"[""돈가스집꽈"", ""민간기업꽈""]"
hold_no_unanimous_exact_context_donor,substantive_difference_candidate,mixed_or_cross_group_difference,SUB:NG>N;SUB:M>N;RULE_ONLY:N,2,2,2,0,0,0,1,1,0,"[""건강검진바단는데"", ""단칸방이언는데""]"
hold_no_unanimous_exact_context_donor,substantive_difference_candidate,mixed_or_cross_group_difference,SUB:NG>N;SUB:M>NG;SUB:NG>N,2,2,2,1,0,1,0,0,0,"[""건강보조식푸미라든가"", ""건강보허미라든가""]"
hold_no_unanimous_exact_context_donor,substantive_difference_candidate,mixed_or_cross_group_difference,SUB:NG>N;SUB:NG>G;RULE_ONLY:L;SUB:N>Y,1,1,2,0,2,0,0,0,0,"[""한국싸능력껌정""]"
hold_no_unanimous_exact_context_donor,substantive_difference_candidate,mixed_or_cross_group_difference,SUB:NG>N;SUB:NG>G;RULE_ONLY:Y;RULE_ONLY:W,2,2,2,1,1,0,0,0,0,"[""한국씬문혀푀"", ""한국체유켜푀에서""]"
hold_no_unanimous_exact_context_donor,substantive_difference_candidate,mixed_or_cross_group_difference,SUB:NG>N;SUB:NG>G;RULE_ONLY:Y;SUB:NG>N,2,2,2,1,0,0,0,0,1,"[""건국때학꾜만큼"", ""한국쩐자통시년구워네서""]"
hold_no_unanimous_exact_context_donor,substantive_difference_candidate,mixed_or_cross_group_difference,SUB:NG>N;SUB:NG>G;SUB:N>NG,1,1,2,0,2,0,0,0,0,"[""한국꽁도""]"
hold_no_unanimous_exact_context_donor,substantive_difference_candidate,mixed_or_cross_group_difference,SUB:NG>N;SUB:NG>G;SUB:NG>N;RULE_ONLY:W,1,1,2,0,0,0,0,0,2,"[""한국꾼과""]"
hold_no_unanimous_exact_context_donor,substantive_difference_candidate,mixed_or_cross_group_difference,SUB:NG>N;SUB:NG>G;SUB:NG>N;RULE_ONLY:W;RULE_ONLY:L,2,2,2,0,1,0,0,0,1,"[""한국짜산괄리공사가"", ""한국짜산괄리공사는""]"
hold_no_unanimous_exact_context_donor,substantive_difference_candidate,mixed_or_cross_group_difference,SUB:NG>N;SUB:NG>N;RULE_ONLY:EU_G,1,1,2,0,0,1,0,1,0,"[""순간순가늬""]"
hold_no_unanimous_exact_context_donor,substantive_difference_candidate,mixed_or_cross_group_difference,SUB:NG>N;SUB:NG>N;SUB:NG>N,2,2,2,0,0,0,0,0,2,"[""서인구긴간가"", ""인간극짱인가""]"
hold_no_unanimous_exact_context_donor,substantive_difference_candidate,mixed_or_cross_group_difference,SUB:P>B;RULE_ONLY:W,1,1,2,0,0,0,0,0,2,"[""인접썽과""]"
hold_no_unanimous_exact_context_donor,substantive_difference_candidate,mixed_or_cross_group_difference,SUB:P>B;SUB:N>NG,2,2,2,0,0,0,0,1,1,"[""노루벌적씹짜생태원"", ""인접썽도""]"
hold_no_unanimous_exact_context_donor,substantive_difference_candidate,mixed_or_cross_group_difference,SUB:SS>S;RULE_ONLY:Y;SUB:NG>N,2,2,2,0,0,2,0,0,0,"[""백팔시뷰긴가"", ""팔시뷰긴가""]"
hold_no_unanimous_exact_context_donor,substantive_difference_candidate,mixed_or_cross_group_difference,SUB:T>D;RULE_ONLY:G,2,2,2,0,0,0,0,0,2,"[""구부득꼬라고"", ""구부득꼬예요""]"
hold_no_unanimous_exact_context_donor,substantive_difference_candidate,mixed_or_cross_group_difference,SUB:T>D;SUB:NG>N,2,2,2,0,0,1,0,1,0,"[""구다긴가"", ""부부드리라든가""]"
hold_candidate_only_deletion_requires_policy,substantive_difference_candidate,mixed_or_cross_group_difference,CANDIDATE_ONLY:D;SUB:I>T,1,1,1,0,0,1,0,0,0,"[""팁쓰가""]"
hold_candidate_only_deletion_requires_policy,substantive_difference_candidate,multiple_segment_count_difference,CANDIDATE_ONLY:I;RULE_ONLY:EU_G,1,1,1,0,1,0,0,0,0,"[""시닙싸워늬""]"
hold_candidate_only_deletion_requires_policy,representation_review_required,run_length_difference_without_complete_length_support,CANDIDATE_ONLY:I;RULE_ONLY:N,1,1,1,0,1,0,0,0,0,"[""이십싸연나""]"
hold_candidate_only_deletion_requires_policy,substantive_difference_candidate,multiple_segment_count_difference,CANDIDATE_ONLY:I;RULE_ONLY:N,1,1,1,0,0,1,0,0,0,"[""캡쓰토니언는데""]"
hold_candidate_only_deletion_requires_policy,substantive_difference_candidate,multiple_segment_count_difference,CANDIDATE_ONLY:I;RULE_ONLY:Y,1,1,1,0,0,0,1,0,0,"[""웹싸이트죠""]"
hold_candidate_only_deletion_requires_policy,substantive_difference_candidate,mixed_or_cross_group_difference,CANDIDATE_ONLY:I;SUB:N>NG;RULE_ONLY:W,1,1,1,0,0,0,0,0,1,"[""급쌍승되는""]"
hold_candidate_only_deletion_requires_policy,substantive_difference_candidate,multiple_segment_count_difference,CANDIDATE_ONLY:NG;RULE_ONLY:EU_G,1,1,1,1,0,0,0,0,0,"[""추운마늬""]"
hold_candidate_only_deletion_requires_policy,substantive_difference_candidate,multiple_segment_count_difference,CANDIDATE_ONLY:NG;RULE_ONLY:Y;RULE_ONLY:EU_G,1,1,1,0,1,0,0,0,0,"[""리액쎠늬""]"
hold_candidate_only_deletion_requires_policy,substantive_difference_candidate,multiple_segment_count_difference,CANDIDATE_ONLY:NG;RULE_ONLY:Y;RULE_ONLY:Y,1,1,1,0,0,0,1,0,0,"[""리액쎤하면서""]"
hold_candidate_only_deletion_requires_policy,substantive_difference_candidate,mixed_or_cross_group_difference,CANDIDATE_ONLY:NG;SUB:E>AE;SUB:NG>N,1,1,1,0,0,1,0,0,0,"[""차앵만크믈""]"
hold_candidate_only_deletion_requires_policy,substantive_difference_candidate,mixed_or_cross_group_difference,CANDIDATE_ONLY:NG;SUB:N>Y;SUB:NG>N,1,1,1,0,1,0,0,0,0,"[""기사엳뜬가""]"
hold_candidate_only_deletion_requires_policy,substantive_difference_candidate,mixed_or_cross_group_difference,RULE_ONLY:CH;SUB:J>W;RULE_ONLY:G;RULE_ONLY:Y;CANDIDATE_ONLY:Y,1,1,1,1,0,0,0,0,0,"[""취약꼐층은""]"
hold_candidate_only_deletion_requires_policy,substantive_difference_candidate,mixed_or_cross_group_difference,RULE_ONLY:EU_G;CANDIDATE_ONLY:NG;SUB:N>Y,1,1,1,1,0,0,0,0,0,"[""하늬사엳꺼든""]"
hold_candidate_only_deletion_requires_policy,substantive_difference_candidate,mixed_or_cross_group_difference,RULE_ONLY:G;CANDIDATE_ONLY:D;SUB:Y>S,1,1,1,0,0,1,0,0,0,"[""쿡키싀""]"
hold_candidate_only_deletion_requires_policy,substantive_difference_candidate,multiple_segment_count_difference,RULE_ONLY:G;RULE_ONLY:Y;CANDIDATE_ONLY:Y,1,1,1,0,1,0,0,0,0,"[""국까인증자격쯩은""]"
hold_candidate_only_deletion_requires_policy,substantive_difference_candidate,mixed_or_cross_group_difference,RULE_ONLY:G;SUB:NG>L;SUB:N>Y;CANDIDATE_ONLY:NG;SUB:N>Y;RULE_ONLY:Y,1,1,1,0,0,1,0,0,0,"[""학력꼬사엳꺼드뇨""]"
hold_candidate_only_deletion_requires_policy,substantive_difference_candidate,mixed_or_cross_group_difference,RULE_ONLY:L;CANDIDATE_ONLY:D;SUB:Y>S,1,1,1,0,0,0,0,0,1,"[""플래니싀""]"
hold_candidate_only_deletion_requires_policy,substantive_difference_candidate,mixed_or_cross_group_difference,RULE_ONLY:L;SUB:N>Y;CANDIDATE_ONLY:I,1,1,1,0,0,0,1,0,0,"[""염려스럽씀니다""]"
hold_candidate_only_deletion_requires_policy,substantive_difference_candidate,mixed_or_cross_group_difference,RULE_ONLY:W;CANDIDATE_ONLY:N;SUB:M>B,1,1,1,0,1,0,0,0,0,"[""화상입짜나""]"
hold_candidate_only_deletion_requires_policy,substantive_difference_candidate,mixed_or_cross_group_difference,RULE_ONLY:W;SUB:M>NG;CANDIDATE_ONLY:I,1,1,1,0,0,1,0,0,0,"[""화장품갑쓸""]"
hold_candidate_only_deletion_requires_policy,substantive_difference_candidate,multiple_segment_count_difference,RULE_ONLY:Y;CANDIDATE_ONLY:NG,1,1,1,0,0,1,0,0,0,"[""시갹처에""]"
hold_candidate_only_deletion_requires_policy,substantive_difference_candidate,mixed_or_cross_group_difference,RULE_ONLY:Y;SUB:M>NG;CANDIDATE_ONLY:NG;SUB:N>Y,1,1,1,0,0,0,1,0,0,"[""생명보험사엳씀니다""]"
hold_candidate_only_deletion_requires_policy,substantive_difference_candidate,mixed_or_cross_group_difference,RULE_ONLY:Y;SUB:N>NG;CANDIDATE_ONLY:NG;SUB:N>Y,1,1,1,0,0,0,0,0,1,"[""명대사엳꼬""]"
hold_candidate_only_deletion_requires_policy,substantive_difference_candidate,mixed_or_cross_group_difference,RULE_ONLY:Y;SUB:NG>N;CANDIDATE_ONLY:I,1,1,1,0,0,0,0,0,1,"[""짜장면갑쓸""]"
hold_candidate_only_deletion_requires_policy,substantive_difference_candidate,mixed_or_cross_group_difference,SUB:M>B;RULE_ONLY:Y;RULE_ONLY:Y;CANDIDATE_ONLY:Y,1,1,1,1,0,0,0,0,0,"[""십꼐명은""]"
hold_candidate_only_deletion_requires_policy,substantive_difference_candidate,mixed_or_cross_group_difference,SUB:M>NG;CANDIDATE_ONLY:I,1,1,1,0,0,0,1,0,0,"[""공포스럽씀니다""]"
hold_candidate_only_deletion_requires_policy,substantive_difference_candidate,mixed_or_cross_group_difference,SUB:M>NG;CANDIDATE_ONLY:Y,1,1,1,0,0,0,0,0,1,"[""강박쯩은""]"
hold_candidate_only_deletion_requires_policy,substantive_difference_candidate,mixed_or_cross_group_difference,SUB:N>NG;CANDIDATE_ONLY:NG;SUB:N>Y,1,1,1,0,0,0,1,0,0,"[""상담사엳꼬""]"
hold_candidate_only_deletion_requires_policy,substantive_difference_candidate,mixed_or_cross_group_difference,SUB:N>NG;RULE_ONLY:Y;CANDIDATE_ONLY:Y,1,1,1,0,1,0,0,0,0,"[""자정자굥은""]"
hold_candidate_only_deletion_requires_policy,substantive_difference_candidate,mixed_or_cross_group_difference,SUB:NG>G;CANDIDATE_ONLY:I;SUB:NG>N,1,1,1,1,0,0,0,0,0,"[""백꾸십싸인가""]"
hold_candidate_only_deletion_requires_policy,substantive_difference_candidate,mixed_or_cross_group_difference,SUB:NG>G;CANDIDATE_ONLY:NG,1,1,1,0,0,1,0,0,0,"[""학쌩처에""]"
hold_candidate_only_deletion_requires_policy,substantive_difference_candidate,mixed_or_cross_group_difference,SUB:NG>N;RULE_ONLY:Y;CANDIDATE_ONLY:Y,1,1,1,0,1,0,0,0,0,"[""한구켱은""]"
hold_no_unanimous_exact_context_donor,substantive_difference_candidate,multiple_segment_count_difference,RULE_ONLY:B;RULE_ONLY:D,1,1,1,0,0,1,0,0,0,"[""컵빧침""]"
hold_no_unanimous_exact_context_donor,substantive_difference_candidate,mixed_or_cross_group_difference,RULE_ONLY:B;RULE_ONLY:L;RULE_ONLY:Y;SUB:NG>N,1,1,1,0,0,1,0,0,0,"[""십팔려닌가""]"
hold_no_unanimous_exact_context_donor,substantive_difference_candidate,mixed_or_cross_group_difference,RULE_ONLY:B;SUB:M>L;SUB:N>Y;RULE_ONLY:B,1,1,1,0,0,0,0,0,1,"[""압력빱빱쏘테다""]"
hold_no_unanimous_exact_context_donor,substantive_difference_candidate,mixed_or_cross_group_difference,RULE_ONLY:B;SUB:M>L;SUB:N>Y;RULE_ONLY:Y;RULE_ONLY:Y,1,1,1,0,0,0,0,0,1,"[""입려카셛따면""]"
hold_no_unanimous_exact_context_donor,substantive_difference_candidate,mixed_or_cross_group_difference,RULE_ONLY:B;SUB:M>L;SUB:N>Y;SUB:D>S,1,1,1,0,0,0,0,1,0,"[""입려카셔야""]"
hold_no_unanimous_exact_context_donor,substantive_difference_candidate,mixed_or_cross_group_difference,RULE_ONLY:B;SUB:M>L;SUB:N>Y;SUB:K>G,1,1,1,0,0,0,0,0,1,"[""업려긔""]"
hold_no_unanimous_exact_context_donor,substantive_difference_candidate,mixed_or_cross_group_difference,RULE_ONLY:B;SUB:TT>D,1,1,1,0,0,0,1,0,0,"[""입빠다그로""]"
hold_no_unanimous_exact_context_donor,substantive_difference_candidate,mixed_or_cross_group_difference,RULE_ONLY:CH;SUB:J>W;RULE_ONLY:B,1,1,1,1,0,0,0,0,0,"[""최저시급빠께""]"
hold_no_unanimous_exact_context_donor,substantive_difference_candidate,mixed_or_cross_group_difference,RULE_ONLY:CH;SUB:J>W;RULE_ONLY:D;SUB:J>W,1,1,1,1,0,0,0,0,0,"[""감춰둳떤""]"
hold_no_unanimous_exact_context_donor,substantive_difference_candidate,mixed_or_cross_group_difference,RULE_ONLY:CH;SUB:J>W;RULE_ONLY:I,1,1,1,0,0,0,0,0,1,"[""최하위임니다""]"
hold_no_unanimous_exact_context_donor,substantive_difference_candidate,mixed_or_cross_group_difference,RULE_ONLY:CH;SUB:J>W;RULE_ONLY:L;RULE_ONLY:Y;RULE_ONLY:Y,1,1,1,0,1,0,0,0,0,"[""취하팔려면""]"
hold_no_unanimous_exact_context_donor,substantive_difference_candidate,mixed_or_cross_group_difference,RULE_ONLY:CH;SUB:J>W;RULE_ONLY:L;SUB:N>Y;SUB:N>NG;SUB:NG>N,1,1,1,0,1,0,0,0,0,"[""촤령진가""]"
hold_no_unanimous_exact_context_donor,substantive_difference_candidate,mixed_or_cross_group_difference,RULE_ONLY:CH;SUB:J>W;RULE_ONLY:W;SUB:NG>N,1,1,1,0,0,0,0,1,0,"[""취궈니라든가""]"
hold_no_unanimous_exact_context_donor,substantive_difference_candidate,mixed_or_cross_group_difference,RULE_ONLY:CH;SUB:J>W;RULE_ONLY:Y;RULE_ONLY:Y;RULE_ONLY:N,1,1,1,0,0,0,0,1,0,"[""촤령하션나요""]"
hold_no_unanimous_exact_context_donor,substantive_difference_candidate,mixed_or_cross_group_difference,RULE_ONLY:CH;SUB:J>W;RULE_ONLY:Y;SUB:N>NG;SUB:D>T;RULE_ONLY:W,1,1,1,1,0,0,0,0,0,"[""촤령팀과""]"
hold_no_unanimous_exact_context_donor,substantive_difference_candidate,mixed_or_cross_group_difference,RULE_ONLY:CH;SUB:J>W;RULE_ONLY:Y;SUB:N>NG;SUB:N>NG,1,1,1,0,0,0,0,1,0,"[""촤령장도""]"
hold_no_unanimous_exact_context_donor,substantive_difference_candidate,mixed_or_cross_group_difference,RULE_ONLY:CH;SUB:J>W;SUB:G>K;RULE_ONLY:Y,1,1,1,0,0,1,0,0,0,"[""취업씨키려고""]"
hold_no_unanimous_exact_context_donor,substantive_difference_candidate,mixed_or_cross_group_difference,RULE_ONLY:CH;SUB:J>W;SUB:M>N;RULE_ONLY:W,1,1,1,1,0,0,0,0,0,"[""취업쭌비생과""]"
hold_no_unanimous_exact_context_donor,substantive_difference_candidate,mixed_or_cross_group_difference,RULE_ONLY:CH;SUB:J>W;SUB:N>L;SUB:NG>N,1,1,1,0,1,0,0,0,0,"[""최양라기라든가""]"
hold_no_unanimous_exact_context_donor,substantive_difference_candidate,mixed_or_cross_group_difference,RULE_ONLY:CH;SUB:J>W;SUB:N>NG;SUB:D>T,1,1,1,0,0,0,0,1,0,"[""최강티미자""]"
hold_no_unanimous_exact_context_donor,substantive_difference_candidate,mixed_or_cross_group_difference,RULE_ONLY:CH;SUB:J>W;SUB:NG>G;SUB:N>L;RULE_ONLY:W,1,1,1,0,1,0,0,0,0,"[""취업빡람회""]"
hold_no_unanimous_exact_context_donor,substantive_difference_candidate,mixed_or_cross_group_difference,RULE_ONLY:CH;SUB:J>W;SUB:NG>N;RULE_ONLY:W,1,1,1,0,1,0,0,0,0,"[""취엄난과""]"
hold_no_unanimous_exact_context_donor,substantive_difference_candidate,multiple_segment_count_difference,RULE_ONLY:D;RULE_ONLY:L;RULE_ONLY:Y;RULE_ONLY:Y,1,1,1,0,1,0,0,0,0,"[""부딛칠려면""]"
hold_no_unanimous_exact_context_donor,substantive_difference_candidate,multiple_segment_count_difference,RULE_ONLY:D;RULE_ONLY:NG,1,1,1,0,0,0,0,0,1,"[""타긷층에게만""]"
hold_no_unanimous_exact_context_donor,substantive_difference_candidate,multiple_segment_count_difference,RULE_ONLY:D;RULE_ONLY:W;RULE_ONLY:L,1,1,1,0,1,0,0,0,0,"[""늗춰달라""]"
hold_no_unanimous_exact_context_donor,substantive_difference_candidate,multiple_segment_count_difference,RULE_ONLY:D;RULE_ONLY:W;RULE_ONLY:W;RULE_ONLY:N,1,1,1,0,0,0,0,0,1,"[""낟춰봔는데""]"
hold_no_unanimous_exact_context_donor,substantive_difference_candidate,multiple_segment_count_difference,RULE_ONLY:D;RULE_ONLY:Y;RULE_ONLY:Y;RULE_ONLY:N,1,1,1,0,0,1,0,0,0,"[""녿쳐버련네""]"
hold_no_unanimous_exact_context_donor,substantive_difference_candidate,multiple_segment_count_difference,RULE_ONLY:D;RULE_ONLY:Y;RULE_ONLY:Y;RULE_ONLY:Y,1,1,1,0,0,0,1,0,0,"[""녿쳔냐면""]"
hold_no_unanimous_exact_context_donor,substantive_difference_candidate,mixed_or_cross_group_difference,RULE_ONLY:D;RULE_ONLY:Y;SUB:K>G,1,1,1,0,0,1,0,0,0,"[""녿쳐갇꼬""]"
hold_no_unanimous_exact_context_donor,substantive_difference_candidate,mixed_or_cross_group_difference,RULE_ONLY:D;SUB:J>CH;SUB:J>W;SUB:NG>N,1,1,1,0,0,0,0,1,0,"[""맏춷따든가""]"
hold_no_unanimous_exact_context_donor,substantive_difference_candidate,mixed_or_cross_group_difference,RULE_ONLY:D;SUB:J>W;SUB:E>AE,1,1,1,0,0,1,0,0,0,"[""증가됃따고""]"
hold_no_unanimous_exact_context_donor,substantive_difference_candidate,multiple_segment_count_difference,RULE_ONLY:EO;RULE_ONLY:N,1,1,1,0,0,1,0,0,0,"[""이뭔니미""]"
hold_no_unanimous_exact_context_donor,substantive_difference_candidate,mixed_or_cross_group_difference,RULE_ONLY:EO;RULE_ONLY:W;SUB:E>AE,1,1,1,0,1,0,0,0,0,"[""가뭔돼서""]"
hold_no_unanimous_exact_context_donor,substantive_difference_candidate,mixed_or_cross_group_difference,RULE_ONLY:EO;SUB:M>N;RULE_ONLY:Y,1,1,1,0,0,1,0,0,0,"[""이뭔부니셔""]"
hold_no_unanimous_exact_context_donor,substantive_difference_candidate,mixed_or_cross_group_difference,RULE_ONLY:EO;SUB:NG>N;RULE_ONLY:W,1,1,1,0,0,0,0,0,1,"[""이뭔과""]"
hold_no_unanimous_exact_context_donor,substantive_difference_candidate,mixed_or_cross_group_difference,RULE_ONLY:EU_G;RULE_ONLY:EU_G;SUB:NG>G;SUB:N>L,1,1,1,0,0,0,0,0,1,"[""희희낙라카지""]"
hold_no_unanimous_exact_context_donor,substantive_difference_candidate,mixed_or_cross_group_difference,RULE_ONLY:EU_G;RULE_ONLY:P;SUB:B>Y,1,1,1,1,0,0,0,0,0,"[""저희남펴는""]"
hold_no_unanimous_exact_context_donor,substantive_difference_candidate,mixed_or_cross_group_difference,RULE_ONLY:EU_G;RULE_ONLY:W;SUB:NG>N,1,1,1,0,0,0,0,0,1,"[""희귀푸미라든가""]"
hold_no_unanimous_exact_context_donor,substantive_difference_candidate,mixed_or_cross_group_difference,RULE_ONLY:EU_G;SUB:NG>G,1,1,1,0,0,0,0,1,0,"[""하늬학짜""]"
hold_no_unanimous_exact_context_donor,substantive_difference_candidate,mixed_or_cross_group_difference,RULE_ONLY:EU_G;SUB:NG>G;RULE_ONLY:W;SUB:NG>N,1,1,1,0,0,0,1,0,0,"[""정시늬학꽈라든가""]"
hold_no_unanimous_exact_context_donor,substantive_difference_candidate,multiple_segment_count_difference,RULE_ONLY:G;RULE_ONLY:EU_G,1,1,1,0,1,0,0,0,0,"[""학꾸늬""]"
hold_no_unanimous_exact_context_donor,substantive_difference_candidate,multiple_segment_count_difference,RULE_ONLY:G;RULE_ONLY:G;RULE_ONLY:W;RULE_ONLY:NG,1,1,1,0,0,0,0,0,1,"[""북끅꽝을""]"
hold_no_unanimous_exact_context_donor,substantive_difference_candidate,mixed_or_cross_group_difference,RULE_ONLY:G;RULE_ONLY:G;SUB:NG>L;SUB:N>Y,1,1,1,0,0,0,0,0,1,"[""작꼭료만""]"
hold_no_unanimous_exact_context_donor,substantive_difference_candidate,mixed_or_cross_group_difference,RULE_ONLY:G;RULE_ONLY:H;SUB:K>Y;RULE_ONLY:W,1,1,1,0,1,0,0,0,0,"[""박혀줘야""]"
hold_no_unanimous_exact_context_donor,substantive_difference_candidate,mixed_or_cross_group_difference,RULE_ONLY:G;RULE_ONLY:H;SUB:K>Y;SUB:NG>N,1,1,1,0,0,1,0,0,0,"[""박혀썬는데요""]"
hold_no_unanimous_exact_context_donor,substantive_difference_candidate,mixed_or_cross_group_difference,RULE_ONLY:G;RULE_ONLY:K;SUB:G>W;RULE_ONLY:W;RULE_ONLY:Y,1,1,1,0,0,0,0,0,1,"[""핵까조콰되면서""]"
hold_no_unanimous_exact_context_donor,substantive_difference_candidate,multiple_segment_count_difference,RULE_ONLY:G;RULE_ONLY:L;RULE_ONLY:N,1,1,1,0,1,0,0,0,0,"[""막껄리연나""]"
hold_no_unanimous_exact_context_donor,substantive_difference_candidate,mixed_or_cross_group_difference,RULE_ONLY:G;RULE_ONLY:L;SUB:D>T,1,1,1,0,1,0,0,0,0,"[""막껄리팅이야""]"
hold_no_unanimous_exact_context_donor,substantive_difference_candidate,mixed_or_cross_group_difference,RULE_ONLY:G;RULE_ONLY:L;SUB:N>NG,1,1,1,0,0,0,0,0,1,"[""막껄리통도""]"
hold_no_unanimous_exact_context_donor,substantive_difference_candidate,mixed_or_cross_group_difference,RULE_ONLY:G;RULE_ONLY:L;SUB:NG>N,1,1,1,0,1,0,0,0,0,"[""막껄린가""]"
hold_no_unanimous_exact_context_donor,substantive_difference_candidate,multiple_segment_count_difference,RULE_ONLY:G;RULE_ONLY:NG,1,1,1,1,0,0,0,0,0,"[""국꽁내전""]"
hold_no_unanimous_exact_context_donor,substantive_difference_candidate,multiple_segment_count_difference,RULE_ONLY:G;RULE_ONLY:W;RULE_ONLY:G;RULE_ONLY:Y,1,1,1,1,0,0,0,0,0,"[""육꾼사관학꾜를""]"
hold_no_unanimous_exact_context_donor,substantive_difference_candidate,multiple_segment_count_difference,RULE_ONLY:G;RULE_ONLY:W;RULE_ONLY:NG;RULE_ONLY:Y,1,1,1,0,0,0,1,0,0,"[""각꽝바드면서""]"
hold_no_unanimous_exact_context_donor,substantive_difference_candidate,multiple_segment_count_difference,RULE_ONLY:G;RULE_ONLY:W;RULE_ONLY:W;RULE_ONLY:I,1,1,1,0,0,0,0,1,0,"[""국까재건최고회의에서""]"
hold_no_unanimous_exact_context_donor,substantive_difference_candidate,multiple_segment_count_difference,RULE_ONLY:G;RULE_ONLY:W;RULE_ONLY:Y;RULE_ONLY:Y,1,1,1,1,0,0,0,0,0,"[""석꿘하려며는""]"
hold_no_unanimous_exact_context_donor,substantive_difference_candidate,mixed_or_cross_group_difference,RULE_ONLY:G;RULE_ONLY:W;SUB:M>N,1,1,1,1,0,0,0,0,0,"[""복뀌핸는데도""]"
hold_no_unanimous_exact_context_donor,substantive_difference_candidate,mixed_or_cross_group_difference,RULE_ONLY:G;RULE_ONLY:W;SUB:NG>N;RULE_ONLY:N,1,1,1,0,0,0,0,0,1,"[""직꽌해썬는데""]"
hold_no_unanimous_exact_context_donor,substantive_difference_candidate,mixed_or_cross_group_difference,RULE_ONLY:G;RULE_ONLY:W;SUB:NG>N;RULE_ONLY:W;RULE_ONLY:Y,1,1,1,0,0,0,0,0,1,"[""객꽌화하려고""]"
hold_no_unanimous_exact_context_donor,substantive_difference_candidate,mixed_or_cross_group_difference,RULE_ONLY:G;RULE_ONLY:W;SUB:NG>N;SUB:N>NG,1,1,1,0,0,1,0,0,0,"[""석꽌동도""]"
hold_no_unanimous_exact_context_donor,substantive_difference_candidate,multiple_segment_count_difference,RULE_ONLY:G;RULE_ONLY:Y;RULE_ONLY:EU_G,1,1,1,0,0,0,0,1,0,"[""박뀨희라는""]"
hold_no_unanimous_exact_context_donor,substantive_difference_candidate,mixed_or_cross_group_difference,RULE_ONLY:G;RULE_ONLY:Y;RULE_ONLY:T;SUB:D>W;RULE_ONLY:W,1,1,1,0,0,0,0,0,1,"[""반숙꼐란튀김과""]"
hold_no_unanimous_exact_context_donor,substantive_difference_candidate,mixed_or_cross_group_difference,RULE_ONLY:G;RULE_ONLY:Y;RULE_ONLY:W;SUB:NG>N,1,1,1,0,0,0,0,1,0,"[""직껼되는구나라는""]"
hold_no_unanimous_exact_context_donor,substantive_difference_candidate,multiple_segment_count_difference,RULE_ONLY:G;RULE_ONLY:Y;RULE_ONLY:Y;RULE_ONLY:Y,1,1,1,0,0,0,0,0,1,"[""똑깐냐며뇨""]"
hold_no_unanimous_exact_context_donor,substantive_difference_candidate,mixed_or_cross_group_difference,RULE_ONLY:G;SUB:B>P,1,1,1,0,0,1,0,0,0,"[""찍꼬다시피""]"
hold_no_unanimous_exact_context_donor,substantive_difference_candidate,mixed_or_cross_group_difference,RULE_ONLY:G;SUB:D>T,1,1,1,0,0,0,1,0,0,"[""록키마운티니어써요""]"
hold_no_unanimous_exact_context_donor,substantive_difference_candidate,mixed_or_cross_group_difference,RULE_ONLY:G;SUB:K>G,1,1,1,0,1,0,0,0,0,"[""끽끽꺼리는""]"
hold_no_unanimous_exact_context_donor,substantive_difference_candidate,mixed_or_cross_group_difference,RULE_ONLY:G;SUB:K>G;RULE_ONLY:N,1,1,1,0,0,1,0,0,0,"[""끽끽꺼리겐네""]"
hold_no_unanimous_exact_context_donor,substantive_difference_candidate,mixed_or_cross_group_difference,RULE_ONLY:G;SUB:K>G;RULE_ONLY:Y,1,1,1,0,0,1,0,0,0,"[""끽끽꺼려""]"
hold_no_unanimous_exact_context_donor,substantive_difference_candidate,mixed_or_cross_group_difference,RULE_ONLY:G;SUB:K>H;RULE_ONLY:L,1,1,1,0,0,1,0,0,0,"[""박힐라는""]"
hold_no_unanimous_exact_context_donor,substantive_difference_candidate,mixed_or_cross_group_difference,RULE_ONLY:G;SUB:K>H;RULE_ONLY:Y;RULE_ONLY:Y,1,1,1,0,0,0,1,0,0,"[""한목하려면""]"
hold_no_unanimous_exact_context_donor,substantive_difference_candidate,mixed_or_cross_group_difference,RULE_ONLY:G;SUB:K>Y,1,1,1,1,0,0,0,0,0,"[""봉무규정""]"
hold_no_unanimous_exact_context_donor,substantive_difference_candidate,mixed_or_cross_group_difference,RULE_ONLY:G;SUB:N>NG;RULE_ONLY:W,1,1,1,0,0,0,0,0,1,"[""착꽁됨니다""]"
hold_no_unanimous_exact_context_donor,substantive_difference_candidate,mixed_or_cross_group_difference,RULE_ONLY:G;SUB:N>NG;SUB:N>NG,1,1,1,1,0,0,0,0,0,"[""만석딱깡정도""]"
hold_no_unanimous_exact_context_donor,substantive_difference_candidate,mixed_or_cross_group_difference,RULE_ONLY:G;SUB:N>NG;SUB:N>NG;SUB:M>B,1,1,1,0,0,0,1,0,0,"[""닥깡정집또""]"
hold_no_unanimous_exact_context_donor,substantive_difference_candidate,mixed_or_cross_group_difference,RULE_ONLY:G;SUB:N>NG;SUB:NG>N,1,1,1,0,0,1,0,0,0,"[""닥깡정이라든가""]"
hold_no_unanimous_exact_context_donor,substantive_difference_candidate,mixed_or_cross_group_difference,RULE_ONLY:G;SUB:NG>K;SUB:G>W;RULE_ONLY:EU_G,1,1,1,0,0,0,0,0,1,"[""맥퀴늬""]"
hold_no_unanimous_exact_context_donor,substantive_difference_candidate,mixed_or_cross_group_difference,RULE_ONLY:G;SUB:NG>L;SUB:N>Y;RULE_ONLY:G;RULE_ONLY:Y,1,1,1,0,1,0,0,0,0,"[""옥련고등학꾜""]"
hold_no_unanimous_exact_context_donor,substantive_difference_candidate,mixed_or_cross_group_difference,RULE_ONLY:G;SUB:NG>L;SUB:N>Y;RULE_ONLY:Y;RULE_ONLY:N,1,1,1,1,0,0,0,0,0,"[""기억려기떠러젼는데""]"
hold_no_unanimous_exact_context_donor,substantive_difference_candidate,mixed_or_cross_group_difference,RULE_ONLY:G;SUB:NG>L;SUB:N>Y;SUB:K>G;RULE_ONLY:Y,1,1,1,0,0,0,0,0,1,"[""착륙씨켜""]"
hold_no_unanimous_exact_context_donor,substantive_difference_candidate,mixed_or_cross_group_difference,RULE_ONLY:G;SUB:NG>L;SUB:N>Y;SUB:M>N,1,1,1,0,0,0,0,0,1,"[""박력뿐보다""]"
hold_no_unanimous_exact_context_donor,substantive_difference_candidate,mixed_or_cross_group_difference,RULE_ONLY:G;SUB:NG>N;RULE_ONLY:M,1,1,1,0,0,0,1,0,0,"[""탁꾸공만큼만""]"
hold_no_unanimous_exact_context_donor,substantive_difference_candidate,mixed_or_cross_group_difference,RULE_ONLY:G;SUB:NG>N;RULE_ONLY:W,1,1,1,0,0,0,1,0,0,"[""육꾼과""]"
hold_no_unanimous_exact_context_donor,substantive_difference_candidate,mixed_or_cross_group_difference,RULE_ONLY:G;SUB:NG>N;RULE_ONLY:W;RULE_ONLY:W;RULE_ONLY:W;SUB:NG>N,1,1,1,0,1,0,0,0,0,"[""국까인궈뉘원횐가""]"
hold_no_unanimous_exact_context_donor,substantive_difference_candidate,mixed_or_cross_group_difference,RULE_ONLY:H;RULE_ONLY:M;SUB:NG>N,1,1,1,0,0,0,0,0,1,"[""다함민구김니다""]"
hold_no_unanimous_exact_context_donor,substantive_difference_candidate,mixed_or_cross_group_difference,RULE_ONLY:H;SUB:SS>S,1,1,1,0,0,1,0,0,0,"[""워홀시그로""]"
hold_no_unanimous_exact_context_donor,substantive_difference_candidate,mixed_or_cross_group_difference,RULE_ONLY:I;SUB:M>NG;RULE_ONLY:N,1,1,1,0,0,0,0,1,0,"[""뛰뛰빵빵이언나""]"
hold_no_unanimous_exact_context_donor,substantive_difference_candidate,mixed_or_cross_group_difference,RULE_ONLY:J;SUB:D>Y;RULE_ONLY:Y,1,1,1,0,0,0,1,0,0,"[""절머젼냐""]"
hold_no_unanimous_exact_context_donor,substantive_difference_candidate,mixed_or_cross_group_difference,RULE_ONLY:K;SUB:G>W;RULE_ONLY:K;SUB:G>W;RULE_ONLY:Y,1,1,1,0,0,0,0,1,0,"[""콸콰리죠""]"
hold_no_unanimous_exact_context_donor,substantive_difference_candidate,mixed_or_cross_group_difference,RULE_ONLY:K;SUB:G>W;RULE_ONLY:L;RULE_ONLY:N,1,1,1,0,1,0,0,0,0,"[""바퀴벌레연는데""]"
hold_no_unanimous_exact_context_donor,substantive_difference_candidate,mixed_or_cross_group_difference,RULE_ONLY:K;SUB:G>W;RULE_ONLY:L;RULE_ONLY:Y,1,1,1,0,0,0,0,1,0,"[""이퀄라이제이셔니라고""]"
hold_no_unanimous_exact_context_donor,substantive_difference_candidate,mixed_or_cross_group_difference,RULE_ONLY:K;SUB:G>W;RULE_ONLY:L;RULE_ONLY:Y;RULE_ONLY:Y,1,1,1,0,0,0,1,0,0,"[""바퀴벌레엳꺼드뇨""]"
hold_no_unanimous_exact_context_donor,substantive_difference_candidate,mixed_or_cross_group_difference,RULE_ONLY:K;SUB:G>W;RULE_ONLY:L;SUB:D>T;RULE_ONLY:N,1,1,1,0,0,0,0,0,1,"[""퀄리티연는데""]"
hold_no_unanimous_exact_context_donor,substantive_difference_candidate,mixed_or_cross_group_difference,RULE_ONLY:K;SUB:G>W;RULE_ONLY:L;SUB:D>T;RULE_ONLY:Y,1,1,1,0,0,1,0,0,0,"[""퀄리티며는""]"
hold_no_unanimous_exact_context_donor,substantive_difference_candidate,mixed_or_cross_group_difference,RULE_ONLY:K;SUB:G>W;RULE_ONLY:N;RULE_ONLY:W,1,1,1,0,1,0,0,0,0,"[""흐콰핸나봐""]"
hold_no_unanimous_exact_context_donor,substantive_difference_candidate,mixed_or_cross_group_difference,RULE_ONLY:K;SUB:G>W;RULE_ONLY:NG,1,1,1,0,0,0,0,1,0,"[""구쾨의사당에서""]"
hold_no_unanimous_exact_context_donor,substantive_difference_candidate,mixed_or_cross_group_difference,RULE_ONLY:K;SUB:G>W;RULE_ONLY:PP;SUB:NG>N,1,1,1,0,0,1,0,0,0,"[""구콰빵인가""]"
hold_no_unanimous_exact_context_donor,substantive_difference_candidate,mixed_or_cross_group_difference,RULE_ONLY:K;SUB:G>W;RULE_ONLY:S;SUB:SS>Y;SUB:B>P,1,1,1,0,1,0,0,0,0,"[""롣떼배콰점쇼핑몰""]"
hold_no_unanimous_exact_context_donor,substantive_difference_candidate,mixed_or_cross_group_difference,RULE_ONLY:K;SUB:G>W;RULE_ONLY:W;RULE_ONLY:AE;SUB:E>N,1,1,1,0,1,0,0,0,0,"[""흐콰됀네""]"
hold_no_unanimous_exact_context_donor,substantive_difference_candidate,mixed_or_cross_group_difference,RULE_ONLY:K;SUB:G>W;RULE_ONLY:W;RULE_ONLY:EU_G,1,1,1,1,0,0,0,0,0,"[""수보쾨과늬""]"
hold_no_unanimous_exact_context_donor,substantive_difference_candidate,mixed_or_cross_group_difference,RULE_ONLY:K;SUB:G>W;RULE_ONLY:W;RULE_ONLY:N,1,1,1,1,0,0,0,0,0,"[""조지콰되어인는""]"
hold_no_unanimous_exact_context_donor,substantive_difference_candidate,mixed_or_cross_group_difference,RULE_ONLY:K;SUB:G>W;RULE_ONLY:W;SUB:E>AE;RULE_ONLY:N,1,1,1,0,1,0,0,0,0,"[""트콰돼인는""]"
hold_no_unanimous_exact_context_donor,substantive_difference_candidate,mixed_or_cross_group_difference,RULE_ONLY:K;SUB:G>W;RULE_ONLY:W;SUB:E>AE;RULE_ONLY:Y,1,1,1,0,0,0,1,0,0,"[""가소콰돼쓰면""]"
hold_no_unanimous_exact_context_donor,substantive_difference_candidate,mixed_or_cross_group_difference,RULE_ONLY:K;SUB:G>W;RULE_ONLY:Y;SUB:M>NG,1,1,1,0,0,0,1,0,0,"[""배콰저묭보다는""]"
hold_no_unanimous_exact_context_donor,substantive_difference_candidate,mixed_or_cross_group_difference,RULE_ONLY:K;SUB:G>W;SUB:D>T,1,1,1,0,1,0,0,0,0,"[""쿼런티니""]"
hold_no_unanimous_exact_context_donor,substantive_difference_candidate,mixed_or_cross_group_difference,RULE_ONLY:K;SUB:G>W;SUB:E>AE;RULE_ONLY:G,1,1,1,0,0,0,0,0,1,"[""쾌락깜""]"
hold_no_unanimous_exact_context_donor,substantive_difference_candidate,mixed_or_cross_group_difference,RULE_ONLY:K;SUB:G>W;SUB:E>AE;RULE_ONLY:K;SUB:G>W;RULE_ONLY:W,1,1,1,0,1,0,0,0,0,"[""쾌저콰된""]"
hold_no_unanimous_exact_context_donor,substantive_difference_candidate,mixed_or_cross_group_difference,RULE_ONLY:K;SUB:G>W;SUB:E>AE;RULE_ONLY:N,1,1,1,0,0,0,0,0,1,"[""불쾌해썬는데""]"
hold_no_unanimous_exact_context_donor,substantive_difference_candidate,mixed_or_cross_group_difference,RULE_ONLY:K;SUB:G>W;SUB:E>AE;RULE_ONLY:N;RULE_ONLY:W,1,1,1,0,1,0,0,0,0,"[""불쾌핸나봐""]"
hold_no_unanimous_exact_context_donor,substantive_difference_candidate,mixed_or_cross_group_difference,RULE_ONLY:K;SUB:G>W;SUB:E>AE;RULE_ONLY:P;SUB:B>Y,1,1,1,0,0,0,0,0,1,"[""복쑤쾌거펴니라는""]"
hold_no_unanimous_exact_context_donor,substantive_difference_candidate,mixed_or_cross_group_difference,RULE_ONLY:K;SUB:G>W;SUB:E>AE;RULE_ONLY:W;RULE_ONLY:Y;RULE_ONLY:Y,1,1,1,0,0,0,0,0,1,"[""쾌활형이거드뇨""]"
hold_no_unanimous_exact_context_donor,substantive_difference_candidate,mixed_or_cross_group_difference,RULE_ONLY:K;SUB:G>W;SUB:E>AE;RULE_ONLY:Y;SUB:NG>N,1,1,1,0,0,0,0,1,0,"[""쾌벼니라든가""]"
hold_no_unanimous_exact_context_donor,substantive_difference_candidate,mixed_or_cross_group_difference,RULE_ONLY:K;SUB:G>W;SUB:E>AE;SUB:M>B,1,1,1,0,0,0,1,0,0,"[""유쾌스럽꼬""]"
hold_no_unanimous_exact_context_donor,substantive_difference_candidate,mixed_or_cross_group_difference,RULE_ONLY:K;SUB:G>W;SUB:E>AE;SUB:N>NG,1,1,1,0,0,0,0,0,1,"[""쾌속쩡도""]"
hold_no_unanimous_exact_context_donor,substantive_difference_candidate,mixed_or_cross_group_difference,RULE_ONLY:K;SUB:G>W;SUB:M>N,1,1,1,1,0,0,0,0,0,"[""구쾨의원분드리""]"
hold_no_unanimous_exact_context_donor,substantive_difference_candidate,mixed_or_cross_group_difference,RULE_ONLY:K;SUB:G>W;SUB:M>NG,1,1,1,0,0,0,0,0,1,"[""구콰빵바께""]"
hold_no_unanimous_exact_context_donor,substantive_difference_candidate,multiple_segment_count_difference,RULE_ONLY:L;RULE_ONLY:B;RULE_ONLY:L,1,1,1,0,0,0,0,0,1,"[""플립플라베""]"
hold_no_unanimous_exact_context_donor,substantive_difference_candidate,multiple_segment_count_difference,RULE_ONLY:L;RULE_ONLY:D;RULE_ONLY:W,1,1,1,1,0,0,0,0,0,"[""콜레라낟춰주고""]"
hold_no_unanimous_exact_context_donor,substantive_difference_candidate,mixed_or_cross_group_difference,RULE_ONLY:L;RULE_ONLY:D;SUB:J>W,1,1,1,0,1,0,0,0,0,"[""잘라둳떠니""]"
hold_no_unanimous_exact_context_donor,substantive_difference_candidate,mixed_or_cross_group_difference,RULE_ONLY:L;RULE_ONLY:G;RULE_ONLY:L;RULE_ONLY:G;RULE_ONLY:W;SUB:E>AE,1,1,1,0,0,1,0,0,0,"[""알록딸록뙈""]"
hold_no_unanimous_exact_context_donor,substantive_difference_candidate,multiple_segment_count_difference,RULE_ONLY:L;RULE_ONLY:G;RULE_ONLY:L;RULE_ONLY:Y,1,1,1,0,1,0,0,0,0,"[""알록딸로카면""]"
hold_no_unanimous_exact_context_donor,substantive_difference_candidate,mixed_or_cross_group_difference,RULE_ONLY:L;RULE_ONLY:G;RULE_ONLY:L;SUB:NG>N,1,1,1,0,0,0,0,0,1,"[""알록딸로칸가요""]"
hold_no_unanimous_exact_context_donor,substantive_difference_candidate,multiple_segment_count_difference,RULE_ONLY:L;RULE_ONLY:G;RULE_ONLY:W,1,1,1,0,0,0,1,0,0,"[""할라체육꽌""]"
hold_no_unanimous_exact_context_donor,substantive_difference_candidate,mixed_or_cross_group_difference,RULE_ONLY:L;RULE_ONLY:G;RULE_ONLY:W;SUB:NG>N,1,1,1,0,1,0,0,0,0,"[""할라체육꽌보다도""]"
hold_no_unanimous_exact_context_donor,substantive_difference_candidate,mixed_or_cross_group_difference,RULE_ONLY:L;RULE_ONLY:K;SUB:G>W;RULE_ONLY:EU_G,1,1,1,1,0,0,0,0,0,"[""할리퀴늬""]"
hold_no_unanimous_exact_context_donor,substantive_difference_candidate,multiple_segment_count_difference,RULE_ONLY:L;RULE_ONLY:N;RULE_ONLY:Y,1,1,1,1,0,0,0,0,0,"[""흘러왇껜냐마는""]"
hold_no_unanimous_exact_context_donor,substantive_difference_candidate,mixed_or_cross_group_difference,RULE_ONLY:L;RULE_ONLY:P;SUB:B>Y;SUB:NG>N,1,1,1,0,0,0,0,1,0,"[""열리평이라든가""]"
hold_no_unanimous_exact_context_donor,substantive_difference_candidate,mixed_or_cross_group_difference,RULE_ONLY:L;RULE_ONLY:T;SUB:D>Y,1,1,1,0,1,0,0,0,0,"[""클립쓰튜디오라는""]"
hold_no_unanimous_exact_context_donor,substantive_difference_candidate,mixed_or_cross_group_difference,RULE_ONLY:L;RULE_ONLY:W;SUB:N>NG,1,1,1,0,0,0,1,0,0,"[""클러퐐동도""]"
hold_no_unanimous_exact_context_donor,substantive_difference_candidate,multiple_segment_count_difference,RULE_ONLY:L;RULE_ONLY:Y;RULE_ONLY:G;RULE_ONLY:W,1,1,1,0,1,0,0,0,0,"[""물리치료학꽈의""]"
hold_no_unanimous_exact_context_donor,substantive_difference_candidate,mixed_or_cross_group_difference,RULE_ONLY:L;RULE_ONLY:Y;RULE_ONLY:G;SUB:N>NG,1,1,1,0,0,1,0,0,0,"[""사너빌력꽁다네서""]"
hold_no_unanimous_exact_context_donor,substantive_difference_candidate,mixed_or_cross_group_difference,RULE_ONLY:L;RULE_ONLY:Y;RULE_ONLY:G;SUB:P>B,1,1,1,0,1,0,0,0,0,"[""절력꽁그붜니""]"
hold_no_unanimous_exact_context_donor,substantive_difference_candidate,multiple_segment_count_difference,RULE_ONLY:L;RULE_ONLY:Y;RULE_ONLY:N;RULE_ONLY:Y,1,1,1,0,0,0,0,0,1,"[""달라젼냐를""]"
hold_no_unanimous_exact_context_donor,substantive_difference_candidate,mixed_or_cross_group_difference,RULE_ONLY:L;RULE_ONLY:Y;RULE_ONLY:T;SUB:D>Y,1,1,1,0,0,1,0,0,0,"[""말라뮤튜엳떤""]"
hold_no_unanimous_exact_context_donor,substantive_difference_candidate,mixed_or_cross_group_difference,RULE_ONLY:L;RULE_ONLY:Y;RULE_ONLY:W;SUB:NG>N;RULE_ONLY:Y,1,1,1,0,0,1,0,0,0,"[""돌려놘냐""]"
hold_no_unanimous_exact_context_donor,substantive_difference_candidate,mixed_or_cross_group_difference,RULE_ONLY:L;RULE_ONLY:Y;SUB:M>N;SUB:NG>N,1,1,1,1,0,0,0,0,0,"[""훌련방시기라든가""]"
hold_no_unanimous_exact_context_donor,substantive_difference_candidate,mixed_or_cross_group_difference,RULE_ONLY:L;RULE_ONLY:Y;SUB:N>NG,1,1,1,0,0,0,0,0,1,"[""저열령층의""]"
hold_no_unanimous_exact_context_donor,substantive_difference_candidate,mixed_or_cross_group_difference,RULE_ONLY:L;RULE_ONLY:Y;SUB:NG>N;RULE_ONLY:Y,1,1,1,1,0,0,0,0,0,"[""걸려썬냐""]"
hold_no_unanimous_exact_context_donor,substantive_difference_candidate,mixed_or_cross_group_difference,RULE_ONLY:L;SUB:D>J;SUB:Y>W,1,1,1,1,0,0,0,0,0,"[""불러줜는데요""]"
hold_no_unanimous_exact_context_donor,substantive_difference_candidate,mixed_or_cross_group_difference,RULE_ONLY:L;SUB:D>J;SUB:Y>W;RULE_ONLY:Y,1,1,1,0,1,0,0,0,0,"[""불러줜냐고""]"
hold_no_unanimous_exact_context_donor,substantive_difference_candidate,mixed_or_cross_group_difference,RULE_ONLY:L;SUB:D>J;SUB:Y>W;RULE_ONLY:Y;RULE_ONLY:Y,1,1,1,1,0,0,0,0,0,"[""불러줜냐면""]"
hold_no_unanimous_exact_context_donor,substantive_difference_candidate,mixed_or_cross_group_difference,RULE_ONLY:L;SUB:M>B;RULE_ONLY:L,1,1,1,1,0,0,0,0,0,"[""열립삘라""]"
hold_no_unanimous_exact_context_donor,substantive_difference_candidate,mixed_or_cross_group_difference,RULE_ONLY:L;SUB:M>B;RULE_ONLY:Y,1,1,1,0,0,1,0,0,0,"[""졸립꺼드뇨""]"
hold_no_unanimous_exact_context_donor,substantive_difference_candidate,mixed_or_cross_group_difference,RULE_ONLY:L;SUB:M>B;SUB:B>P,1,1,1,0,1,0,0,0,0,"[""올립피리""]"
hold_no_unanimous_exact_context_donor,substantive_difference_candidate,mixed_or_cross_group_difference,RULE_ONLY:L;SUB:M>B;SUB:NG>N,1,1,1,0,0,0,0,1,0,"[""절립써나미라든가""]"
hold_no_unanimous_exact_context_donor,substantive_difference_candidate,mixed_or_cross_group_difference,RULE_ONLY:L;SUB:M>N;RULE_ONLY:N,1,1,1,0,0,0,1,0,0,"[""컴플레인반는""]"
hold_no_unanimous_exact_context_donor,substantive_difference_candidate,mixed_or_cross_group_difference,RULE_ONLY:L;SUB:M>N;SUB:T>D,1,1,1,0,1,0,0,0,0,"[""실랑신부드리""]"
hold_no_unanimous_exact_context_donor,substantive_difference_candidate,mixed_or_cross_group_difference,RULE_ONLY:L;SUB:M>NG;SUB:B>P;SUB:NG>N,1,1,1,1,0,0,0,0,0,"[""롤링피니라든가""]"
hold_no_unanimous_exact_context_donor,substantive_difference_candidate,mixed_or_cross_group_difference,RULE_ONLY:L;SUB:M>NG;SUB:NG>G;RULE_ONLY:W,1,1,1,0,0,1,0,0,0,"[""얼론정보학꽈나""]"
hold_no_unanimous_exact_context_donor,substantive_difference_candidate,mixed_or_cross_group_difference,RULE_ONLY:L;SUB:M>NG;SUB:NG>G;RULE_ONLY:W;RULE_ONLY:N,1,1,1,0,1,0,0,0,0,"[""얼론정보학꽈연는데""]"
hold_no_unanimous_exact_context_donor,substantive_difference_candidate,mixed_or_cross_group_difference,RULE_ONLY:L;SUB:N>Y;RULE_ONLY:G,1,1,1,1,0,0,0,0,0,"[""능력까가""]"
hold_no_unanimous_exact_context_donor,substantive_difference_candidate,mixed_or_cross_group_difference,RULE_ONLY:L;SUB:N>Y;RULE_ONLY:G;RULE_ONLY:Y;RULE_ONLY:Y,1,1,1,0,1,0,0,0,0,"[""강력꼐형사""]"
hold_no_unanimous_exact_context_donor,substantive_difference_candidate,mixed_or_cross_group_difference,RULE_ONLY:L;SUB:N>Y;RULE_ONLY:I,1,1,1,0,0,0,1,0,0,"[""능력쭈의에""]"
hold_no_unanimous_exact_context_donor,substantive_difference_candidate,mixed_or_cross_group_difference,RULE_ONLY:L;SUB:N>Y;RULE_ONLY:K;SUB:G>W,1,1,1,0,0,0,0,1,0,"[""파충류하쾨에""]"
hold_no_unanimous_exact_context_donor,substantive_difference_candidate,mixed_or_cross_group_difference,RULE_ONLY:L;SUB:N>Y;RULE_ONLY:K;SUB:G>Y,1,1,1,0,0,0,0,1,0,"[""강려캬""]"
hold_no_unanimous_exact_context_donor,substantive_difference_candidate,mixed_or_cross_group_difference,RULE_ONLY:L;SUB:N>Y;RULE_ONLY:P;SUB:B>Y;RULE_ONLY:N,1,1,1,0,1,0,0,0,0,"[""징무능력평가연나""]"
hold_no_unanimous_exact_context_donor,substantive_difference_candidate,mixed_or_cross_group_difference,RULE_ONLY:L;SUB:N>Y;RULE_ONLY:P;SUB:B>Y;SUB:NG>N,1,1,1,0,0,1,0,0,0,"[""능력평가워닌가""]"
hold_no_unanimous_exact_context_donor,substantive_difference_candidate,mixed_or_cross_group_difference,RULE_ONLY:L;SUB:N>Y;RULE_ONLY:Y;RULE_ONLY:Y,1,1,1,0,0,0,1,0,0,"[""능률저기려면""]"
hold_no_unanimous_exact_context_donor,substantive_difference_candidate,mixed_or_cross_group_difference,RULE_ONLY:L;SUB:N>Y;SUB:M>NG;RULE_ONLY:N,1,1,1,0,0,0,0,0,1,"[""성령반는""]"
hold_no_unanimous_exact_context_donor,substantive_difference_candidate,mixed_or_cross_group_difference,RULE_ONLY:L;SUB:N>Y;SUB:N>NG;RULE_ONLY:W;SUB:E>AE,1,1,1,0,0,0,0,0,1,"[""감량됃떤""]"
hold_no_unanimous_exact_context_donor,substantive_difference_candidate,mixed_or_cross_group_difference,RULE_ONLY:L;SUB:N>Y;SUB:N>NG;RULE_ONLY:Y,1,1,1,1,0,0,0,0,0,"[""성룡처러묘""]"
hold_no_unanimous_exact_context_donor,substantive_difference_candidate,mixed_or_cross_group_difference,RULE_ONLY:L;SUB:NG>G;RULE_ONLY:L;RULE_ONLY:Y,1,1,1,0,0,0,1,0,0,"[""쩔룩쩔루카면서""]"
hold_no_unanimous_exact_context_donor,substantive_difference_candidate,mixed_or_cross_group_difference,RULE_ONLY:L;SUB:NG>G;RULE_ONLY:L;SUB:NG>G,1,1,1,0,0,0,0,0,1,"[""절룩쩔룩꺼리고""]"
hold_no_unanimous_exact_context_donor,substantive_difference_candidate,mixed_or_cross_group_difference,RULE_ONLY:L;SUB:NG>G;RULE_ONLY:W;SUB:E>AE,1,1,1,1,0,0,0,0,0,"[""홀릭뙈갇꼬서""]"
hold_no_unanimous_exact_context_donor,substantive_difference_candidate,mixed_or_cross_group_difference,RULE_ONLY:L;SUB:NG>G;RULE_ONLY:Y;SUB:NG>N,1,1,1,1,0,0,0,0,0,"[""넫플릭쎠닌가""]"
hold_no_unanimous_exact_context_donor,substantive_difference_candidate,mixed_or_cross_group_difference,RULE_ONLY:L;SUB:NG>G;SUB:N>L,1,1,1,0,0,0,0,1,0,"[""블랙로카고""]"
hold_no_unanimous_exact_context_donor,substantive_difference_candidate,mixed_or_cross_group_difference,RULE_ONLY:L;SUB:NG>G;SUB:NG>N,1,1,1,0,1,0,0,0,0,"[""절룩꺼린다든가""]"
hold_no_unanimous_exact_context_donor,substantive_difference_candidate,mixed_or_cross_group_difference,RULE_ONLY:L;SUB:NG>N;RULE_ONLY:Y;RULE_ONLY:Y,1,1,1,0,0,1,0,0,0,"[""골란냐며는""]"
hold_no_unanimous_exact_context_donor,substantive_difference_candidate,multiple_segment_count_difference,RULE_ONLY:M;RULE_ONLY:G,1,1,1,0,0,0,0,0,1,"[""옥똠미역꾹""]"
hold_no_unanimous_exact_context_donor,substantive_difference_candidate,multiple_segment_count_difference,RULE_ONLY:M;RULE_ONLY:G;RULE_ONLY:Y,1,1,1,0,1,0,0,0,0,"[""김목꼉""]"
hold_no_unanimous_exact_context_donor,substantive_difference_candidate,mixed_or_cross_group_difference,RULE_ONLY:M;RULE_ONLY:T;SUB:D>W,1,1,1,0,0,1,0,0,0,"[""김마리튀기미랑""]"
hold_no_unanimous_exact_context_donor,substantive_difference_candidate,multiple_segment_count_difference,RULE_ONLY:M;RULE_ONLY:Y;RULE_ONLY:G,1,1,1,1,0,0,0,0,0,"[""챔머겨먹꼬""]"
hold_no_unanimous_exact_context_donor,substantive_difference_candidate,mixed_or_cross_group_difference,RULE_ONLY:M;RULE_ONLY:Y;SUB:NG>N,1,1,1,0,0,0,0,0,1,"[""불닥뽀끔며닌가""]"
hold_no_unanimous_exact_context_donor,substantive_difference_candidate,mixed_or_cross_group_difference,RULE_ONLY:M;SUB:M>N;SUB:NG>N,1,1,1,0,1,0,0,0,0,"[""김만보긴가""]"
hold_no_unanimous_exact_context_donor,substantive_difference_candidate,mixed_or_cross_group_difference,RULE_ONLY:M;SUB:NG>N;RULE_ONLY:L,1,1,1,0,0,0,0,1,0,"[""엄무저긴걸로""]"
hold_no_unanimous_exact_context_donor,substantive_difference_candidate,mixed_or_cross_group_difference,RULE_ONLY:M;SUB:NG>N;RULE_ONLY:W,1,1,1,0,0,0,0,0,1,"[""심문과느로서""]"
hold_no_unanimous_exact_context_donor,substantive_difference_candidate,multiple_segment_count_difference,RULE_ONLY:N;RULE_ONLY:D,1,1,1,0,0,0,0,1,0,"[""만낟쩡""]"
hold_no_unanimous_exact_context_donor,substantive_difference_candidate,multiple_segment_count_difference,RULE_ONLY:N;RULE_ONLY:I;RULE_ONLY:Y,1,1,1,0,1,0,0,0,0,"[""건너뛰며는""]"
hold_no_unanimous_exact_context_donor,substantive_difference_candidate,mixed_or_cross_group_difference,RULE_ONLY:N;RULE_ONLY:L;SUB:N>Y,1,1,1,0,1,0,0,0,0,"[""전노동력쩌긴""]"
hold_no_unanimous_exact_context_donor,substantive_difference_candidate,multiple_segment_count_difference,RULE_ONLY:N;RULE_ONLY:W,1,1,1,0,0,0,0,1,0,"[""분노르롸""]"
hold_no_unanimous_exact_context_donor,substantive_difference_candidate,mixed_or_cross_group_difference,RULE_ONLY:N;RULE_ONLY:W;SUB:NG>N,1,1,1,0,0,0,1,0,0,"[""넌놛따든가""]"
hold_no_unanimous_exact_context_donor,substantive_difference_candidate,mixed_or_cross_group_difference,RULE_ONLY:N;RULE_ONLY:Y;RULE_ONLY:EO;SUB:NG>N,1,1,1,0,0,1,0,0,0,"[""신논혀닌가""]"
hold_no_unanimous_exact_context_donor,substantive_difference_candidate,mixed_or_cross_group_difference,RULE_ONLY:N;SUB:B>P;SUB:NG>N,1,1,1,0,0,0,0,0,1,"[""캔니피라든가""]"
hold_no_unanimous_exact_context_donor,substantive_difference_candidate,mixed_or_cross_group_difference,RULE_ONLY:N;SUB:D>S,1,1,1,0,1,0,0,0,0,"[""끈내셔야""]"
hold_no_unanimous_exact_context_donor,substantive_difference_candidate,mixed_or_cross_group_difference,RULE_ONLY:N;SUB:M>B;SUB:NG>N;RULE_ONLY:W,1,1,1,0,0,0,0,1,0,"[""원납쩐과""]"
hold_no_unanimous_exact_context_donor,substantive_difference_candidate,mixed_or_cross_group_difference,RULE_ONLY:N;SUB:M>P;SUB:B>Y;RULE_ONLY:EU_G,1,1,1,0,0,0,1,0,0,"[""마즌펴늬""]"
hold_no_unanimous_exact_context_donor,substantive_difference_candidate,mixed_or_cross_group_difference,RULE_ONLY:N;SUB:M>P;SUB:B>Y;RULE_ONLY:G,1,1,1,0,0,0,0,1,0,"[""은평메디텍꼬랑""]"
hold_no_unanimous_exact_context_donor,substantive_difference_candidate,mixed_or_cross_group_difference,RULE_ONLY:N;SUB:M>P;SUB:B>Y;RULE_ONLY:N,1,1,1,0,0,0,0,1,0,"[""간편핸는데""]"
hold_no_unanimous_exact_context_donor,substantive_difference_candidate,mixed_or_cross_group_difference,RULE_ONLY:N;SUB:M>P;SUB:B>Y;RULE_ONLY:W;RULE_ONLY:W;SUB:E>AE,1,1,1,0,0,0,0,0,1,"[""간편화됃따고""]"
hold_no_unanimous_exact_context_donor,substantive_difference_candidate,mixed_or_cross_group_difference,RULE_ONLY:N;SUB:M>P;SUB:B>Y;SUB:N>NG;RULE_ONLY:EU_G,1,1,1,0,0,0,0,1,0,"[""안평대구늬""]"
hold_no_unanimous_exact_context_donor,substantive_difference_candidate,mixed_or_cross_group_difference,RULE_ONLY:N;SUB:NG>K;SUB:G>W;SUB:E>AE,1,1,1,0,0,0,0,1,0,"[""완쾌핻씀니다""]"
hold_no_unanimous_exact_context_donor,substantive_difference_candidate,mixed_or_cross_group_difference,RULE_ONLY:N;SUB:NG>K;SUB:G>W;SUB:E>AE;RULE_ONLY:W;SUB:E>AE;SUB:B>P,1,1,1,0,0,0,1,0,0,"[""완쾌됃따시피""]"
hold_no_unanimous_exact_context_donor,substantive_difference_candidate,mixed_or_cross_group_difference,RULE_ONLY:N;SUB:NG>K;SUB:G>W;SUB:E>AE;RULE_ONLY:Y,1,1,1,0,0,0,0,1,0,"[""완쾌하셛따니""]"
hold_no_unanimous_exact_context_donor,substantive_difference_candidate,mixed_or_cross_group_difference,RULE_ONLY:N;SUB:NG>P;SUB:B>Y;RULE_ONLY:W,1,1,1,0,1,0,0,0,0,"[""신문편지푀""]"
hold_no_unanimous_exact_context_donor,substantive_difference_candidate,mixed_or_cross_group_difference,RULE_ONLY:NG;SUB:M>B,1,1,1,0,1,0,0,0,0,"[""넝넉짭꼬""]"
hold_no_unanimous_exact_context_donor,substantive_difference_candidate,mixed_or_cross_group_difference,RULE_ONLY:NG;SUB:M>N,1,1,1,1,0,0,0,0,0,"[""입짱에서선배""]"
hold_no_unanimous_exact_context_donor,substantive_difference_candidate,mixed_or_cross_group_difference,RULE_ONLY:NG;SUB:N>CH;SUB:J>W;RULE_ONLY:W,1,1,1,0,0,0,0,0,1,"[""성취되얻찌만""]"
hold_no_unanimous_exact_context_donor,substantive_difference_candidate,mixed_or_cross_group_difference,RULE_ONLY:NG;SUB:N>T;SUB:D>W;SUB:AE>E;RULE_ONLY:Y,1,1,1,0,0,0,0,0,1,"[""중퇴해썯꺼드뇨""]"
hold_no_unanimous_exact_context_donor,substantive_difference_candidate,mixed_or_cross_group_difference,RULE_ONLY:NG;SUB:NG>N;RULE_ONLY:Y,1,1,1,1,0,0,0,0,0,"[""입짱에서는그냥""]"
hold_no_unanimous_exact_context_donor,substantive_difference_candidate,mixed_or_cross_group_difference,RULE_ONLY:P;SUB:B>Y;RULE_ONLY:G;RULE_ONLY:W,1,1,1,0,0,0,0,0,1,"[""표적꽈""]"
hold_no_unanimous_exact_context_donor,substantive_difference_candidate,mixed_or_cross_group_difference,RULE_ONLY:P;SUB:B>Y;RULE_ONLY:L;RULE_ONLY:L,1,1,1,0,0,0,1,0,0,"[""평일랄로""]"
hold_no_unanimous_exact_context_donor,substantive_difference_candidate,mixed_or_cross_group_difference,RULE_ONLY:P;SUB:B>Y;RULE_ONLY:L;RULE_ONLY:Y;RULE_ONLY:W,1,1,1,0,0,0,0,0,1,"[""천펴닐률화""]"
hold_no_unanimous_exact_context_donor,substantive_difference_candidate,mixed_or_cross_group_difference,RULE_ONLY:P;SUB:B>Y;RULE_ONLY:L;SUB:M>NG,1,1,1,0,0,1,0,0,0,"[""펼리성보다는""]"
hold_no_unanimous_exact_context_donor,substantive_difference_candidate,mixed_or_cross_group_difference,RULE_ONLY:P;SUB:B>Y;RULE_ONLY:L;SUB:N>Y,1,1,1,0,0,0,0,0,1,"[""폐점류리""]"
hold_no_unanimous_exact_context_donor,substantive_difference_candidate,mixed_or_cross_group_difference,RULE_ONLY:P;SUB:B>Y;RULE_ONLY:N;RULE_ONLY:W,1,1,1,0,1,0,0,0,0,"[""불편핸나봐""]"
hold_no_unanimous_exact_context_donor,substantive_difference_candidate,mixed_or_cross_group_difference,RULE_ONLY:P;SUB:B>Y;RULE_ONLY:N;RULE_ONLY:Y,1,1,1,0,0,0,0,0,1,"[""펴난냔해서""]"
hold_no_unanimous_exact_context_donor,substantive_difference_candidate,mixed_or_cross_group_difference,RULE_ONLY:P;SUB:B>Y;RULE_ONLY:NG;SUB:M>P;SUB:B>Y;RULE_ONLY:N,1,1,1,1,0,0,0,0,0,"[""평평해썬는데""]"
hold_no_unanimous_exact_context_donor,substantive_difference_candidate,mixed_or_cross_group_difference,RULE_ONLY:P;SUB:B>Y;RULE_ONLY:NG;SUB:M>P;SUB:B>Y;RULE_ONLY:Y,1,1,1,0,0,0,1,0,0,"[""평평해져써""]"
hold_no_unanimous_exact_context_donor,substantive_difference_candidate,mixed_or_cross_group_difference,RULE_ONLY:P;SUB:B>Y;RULE_ONLY:W;RULE_ONLY:N;RULE_ONLY:W,1,1,1,1,0,0,0,0,0,"[""살펴봐썬나봐""]"
hold_no_unanimous_exact_context_donor,substantive_difference_candidate,mixed_or_cross_group_difference,RULE_ONLY:P;SUB:B>Y;RULE_ONLY:W;RULE_ONLY:W;RULE_ONLY:Y,1,1,1,0,0,0,0,1,0,"[""보편화되며는""]"
hold_no_unanimous_exact_context_donor,substantive_difference_candidate,mixed_or_cross_group_difference,RULE_ONLY:P;SUB:B>Y;RULE_ONLY:W;RULE_ONLY:W;SUB:E>AE;RULE_ONLY:Y,1,1,1,0,0,1,0,0,0,"[""보편화돼쓰면""]"
hold_no_unanimous_exact_context_donor,substantive_difference_candidate,mixed_or_cross_group_difference,RULE_ONLY:P;SUB:B>Y;RULE_ONLY:W;RULE_ONLY:Y;RULE_ONLY:W,1,1,1,0,1,0,0,0,0,"[""평화혀푀""]"
hold_no_unanimous_exact_context_donor,substantive_difference_candidate,mixed_or_cross_group_difference,RULE_ONLY:P;SUB:B>Y;RULE_ONLY:W;RULE_ONLY:Y;RULE_ONLY:Y,1,1,1,0,1,0,0,0,0,"[""평화로워젿쬬""]"
hold_no_unanimous_exact_context_donor,substantive_difference_candidate,mixed_or_cross_group_difference,RULE_ONLY:P;SUB:B>Y;RULE_ONLY:W;SUB:E>AE;RULE_ONLY:Y;RULE_ONLY:Y,1,1,1,0,0,0,0,0,1,"[""발표됀냐면""]"
hold_no_unanimous_exact_context_donor,substantive_difference_candidate,mixed_or_cross_group_difference,RULE_ONLY:P;SUB:B>Y;RULE_ONLY:W;SUB:NG>N;RULE_ONLY:W,1,1,1,0,1,0,0,0,0,"[""평생회원궈니야""]"
hold_no_unanimous_exact_context_donor,substantive_difference_candidate,mixed_or_cross_group_difference,RULE_ONLY:P;SUB:B>Y;RULE_ONLY:Y;RULE_ONLY:H,1,1,1,0,1,0,0,0,0,"[""편냐하니까""]"
hold_no_unanimous_exact_context_donor,substantive_difference_candidate,mixed_or_cross_group_difference,RULE_ONLY:P;SUB:B>Y;RULE_ONLY:Y;RULE_ONLY:L;RULE_ONLY:Y;RULE_ONLY:W,1,1,1,0,0,0,0,0,1,"[""표혈력꽈""]"
hold_no_unanimous_exact_context_donor,substantive_difference_candidate,mixed_or_cross_group_difference,RULE_ONLY:P;SUB:B>Y;RULE_ONLY:Y;RULE_ONLY:L;RULE_ONLY:Y;SUB:K>G,1,1,1,0,0,0,1,0,0,"[""표혈려긔""]"
hold_no_unanimous_exact_context_donor,substantive_difference_candidate,mixed_or_cross_group_difference,RULE_ONLY:P;SUB:B>Y;RULE_ONLY:Y;RULE_ONLY:N;RULE_ONLY:Y,1,1,1,1,0,0,0,0,0,"[""표현핸느냐에""]"
hold_no_unanimous_exact_context_donor,substantive_difference_candidate,mixed_or_cross_group_difference,RULE_ONLY:P;SUB:B>Y;RULE_ONLY:Y;RULE_ONLY:W;SUB:NG>N,1,1,1,0,1,0,0,0,0,"[""평생교유궈닌가""]"
hold_no_unanimous_exact_context_donor,substantive_difference_candidate,mixed_or_cross_group_difference,RULE_ONLY:P;SUB:B>Y;SUB:B>P,1,1,1,0,0,0,0,0,1,"[""표피드를""]"
hold_no_unanimous_exact_context_donor,substantive_difference_candidate,mixed_or_cross_group_difference,RULE_ONLY:P;SUB:B>Y;SUB:B>P;RULE_ONLY:Y,1,1,1,0,0,0,0,1,0,"[""컴퓨터그래픽쓰우뇽기능사라는""]"
hold_no_unanimous_exact_context_donor,substantive_difference_candidate,mixed_or_cross_group_difference,RULE_ONLY:P;SUB:B>Y;SUB:K>G,1,1,1,0,1,0,0,0,0,"[""부평여긔""]"
hold_no_unanimous_exact_context_donor,substantive_difference_candidate,mixed_or_cross_group_difference,RULE_ONLY:P;SUB:B>Y;SUB:M>N;SUB:NG>N,1,1,1,0,0,0,0,1,0,"[""편뱅나무라든가""]"
hold_no_unanimous_exact_context_donor,substantive_difference_candidate,mixed_or_cross_group_difference,RULE_ONLY:P;SUB:B>Y;SUB:M>NG;RULE_ONLY:EU_G,1,1,1,0,1,0,0,0,0,"[""평파늬""]"
hold_no_unanimous_exact_context_donor,substantive_difference_candidate,mixed_or_cross_group_difference,RULE_ONLY:P;SUB:B>Y;SUB:M>NG;RULE_ONLY:W,1,1,1,0,0,0,1,0,0,"[""평상복꽈는""]"
hold_no_unanimous_exact_context_donor,substantive_difference_candidate,mixed_or_cross_group_difference,RULE_ONLY:P;SUB:B>Y;SUB:M>NG;SUB:M>B,1,1,1,0,0,0,1,0,0,"[""평발스럽꼬""]"
hold_no_unanimous_exact_context_donor,substantive_difference_candidate,mixed_or_cross_group_difference,RULE_ONLY:P;SUB:B>Y;SUB:N>L;SUB:NG>N;RULE_ONLY:Y,1,1,1,0,1,0,0,0,0,"[""평론가엳꺼드뇨""]"
hold_no_unanimous_exact_context_donor,substantive_difference_candidate,mixed_or_cross_group_difference,RULE_ONLY:P;SUB:B>Y;SUB:N>NG;RULE_ONLY:EU_G,1,1,1,0,0,0,0,1,0,"[""평초늬""]"
hold_no_unanimous_exact_context_donor,substantive_difference_candidate,mixed_or_cross_group_difference,RULE_ONLY:P;SUB:B>Y;SUB:N>NG;RULE_ONLY:W;RULE_ONLY:W,1,1,1,0,0,0,0,0,1,"[""평준화되얻따고""]"
hold_no_unanimous_exact_context_donor,substantive_difference_candidate,mixed_or_cross_group_difference,RULE_ONLY:P;SUB:B>Y;SUB:N>NG;RULE_ONLY:W;RULE_ONLY:W;RULE_ONLY:Y,1,1,1,0,0,0,0,1,0,"[""평정화되며는""]"
hold_no_unanimous_exact_context_donor,substantive_difference_candidate,mixed_or_cross_group_difference,RULE_ONLY:P;SUB:B>Y;SUB:N>NG;RULE_ONLY:W;RULE_ONLY:W;SUB:E>AE,1,1,1,0,0,0,1,0,0,"[""평탄화됃따가""]"
hold_no_unanimous_exact_context_donor,substantive_difference_candidate,mixed_or_cross_group_difference,RULE_ONLY:P;SUB:B>Y;SUB:N>NG;RULE_ONLY:W;SUB:E>AE;RULE_ONLY:Y,1,1,1,0,0,1,0,0,0,"[""편성돼쓰면""]"
hold_no_unanimous_exact_context_donor,substantive_difference_candidate,mixed_or_cross_group_difference,RULE_ONLY:P;SUB:B>Y;SUB:N>NG;RULE_ONLY:Y;RULE_ONLY:L;SUB:B>P,1,1,1,1,0,0,0,0,0,"[""평창동계올림피게서""]"
hold_no_unanimous_exact_context_donor,substantive_difference_candidate,mixed_or_cross_group_difference,RULE_ONLY:P;SUB:B>Y;SUB:N>S;SUB:E>AE;RULE_ONLY:W,1,1,1,0,0,0,0,1,0,"[""폐쇄되얻떤""]"
hold_no_unanimous_exact_context_donor,substantive_difference_candidate,mixed_or_cross_group_difference,RULE_ONLY:P;SUB:B>Y;SUB:N>S;SUB:E>AE;RULE_ONLY:Y,1,1,1,1,0,0,0,0,0,"[""폐쇄해버렫꼬""]"
hold_no_unanimous_exact_context_donor,substantive_difference_candidate,mixed_or_cross_group_difference,RULE_ONLY:P;SUB:B>Y;SUB:NG>N;RULE_ONLY:G,1,1,1,0,1,0,0,0,0,"[""편곡까든""]"
hold_no_unanimous_exact_context_donor,substantive_difference_candidate,mixed_or_cross_group_difference,RULE_ONLY:P;SUB:B>Y;SUB:NG>N;RULE_ONLY:Y,1,1,1,0,0,0,1,0,0,"[""펴니신거죠""]"
hold_no_unanimous_exact_context_donor,substantive_difference_candidate,mixed_or_cross_group_difference,RULE_ONLY:P;SUB:B>Y;SUB:NG>N;RULE_ONLY:Y;RULE_ONLY:Y,1,1,1,1,0,0,0,0,0,"[""펴썬냐면""]"
hold_no_unanimous_exact_context_donor,substantive_difference_candidate,mixed_or_cross_group_difference,RULE_ONLY:P;SUB:B>Y;SUB:NG>N;SUB:M>N,1,1,1,0,0,0,1,0,0,"[""폐무린간바께""]"
hold_no_unanimous_exact_context_donor,substantive_difference_candidate,mixed_or_cross_group_difference,RULE_ONLY:P;SUB:B>Y;SUB:NG>N;SUB:NG>N,1,1,1,0,1,0,0,0,0,"[""펴닌건가""]"
hold_no_unanimous_exact_context_donor,substantive_difference_candidate,mixed_or_cross_group_difference,RULE_ONLY:S;SUB:SS>Y;SUB:B>P;RULE_ONLY:L,1,1,1,0,1,0,0,0,0,"[""쇼핑플랟폼""]"
hold_no_unanimous_exact_context_donor,substantive_difference_candidate,mixed_or_cross_group_difference,RULE_ONLY:S;SUB:SS>Y;SUB:B>P;RULE_ONLY:W,1,1,1,0,0,0,0,1,0,"[""쇼핑과네서""]"
hold_no_unanimous_exact_context_donor,substantive_difference_candidate,mixed_or_cross_group_difference,RULE_ONLY:S;SUB:SS>Y;SUB:B>P;RULE_ONLY:W;RULE_ONLY:N,1,1,1,0,0,0,0,1,0,"[""쇼핑광이언나""]"
hold_no_unanimous_exact_context_donor,substantive_difference_candidate,mixed_or_cross_group_difference,RULE_ONLY:S;SUB:SS>Y;SUB:B>P;RULE_ONLY:Y;RULE_ONLY:N,1,1,1,0,0,0,0,0,1,"[""쇼핑하션나요""]"
hold_no_unanimous_exact_context_donor,substantive_difference_candidate,mixed_or_cross_group_difference,RULE_ONLY:T;SUB:D>W;RULE_ONLY:CH;SUB:J>W,1,1,1,0,1,0,0,0,0,"[""퇴물취그파더라고""]"
hold_no_unanimous_exact_context_donor,substantive_difference_candidate,mixed_or_cross_group_difference,RULE_ONLY:T;SUB:D>W;RULE_ONLY:G;RULE_ONLY:W,1,1,1,0,0,0,0,1,0,"[""퇴직끔과""]"
hold_no_unanimous_exact_context_donor,substantive_difference_candidate,mixed_or_cross_group_difference,RULE_ONLY:T;SUB:D>W;RULE_ONLY:G;RULE_ONLY:Y,1,1,1,0,0,0,1,0,0,"[""퇴직끄미면""]"
hold_no_unanimous_exact_context_donor,substantive_difference_candidate,mixed_or_cross_group_difference,RULE_ONLY:T;SUB:D>W;RULE_ONLY:G;SUB:NG>L;SUB:N>Y,1,1,1,0,1,0,0,0,0,"[""퇴직류리""]"
hold_no_unanimous_exact_context_donor,substantive_difference_candidate,mixed_or_cross_group_difference,RULE_ONLY:T;SUB:D>W;RULE_ONLY:K;SUB:G>W,1,1,1,0,0,0,1,0,0,"[""퇴새콰가""]"
hold_no_unanimous_exact_context_donor,substantive_difference_candidate,mixed_or_cross_group_difference,RULE_ONLY:T;SUB:D>W;RULE_ONLY:L;RULE_ONLY:N,1,1,1,1,0,0,0,0,0,"[""튀어올란는데""]"
hold_no_unanimous_exact_context_donor,substantive_difference_candidate,mixed_or_cross_group_difference,RULE_ONLY:T;SUB:D>W;RULE_ONLY:PP;RULE_ONLY:N,1,1,1,0,1,0,0,0,0,"[""튀김곰보빵이언나""]"
hold_no_unanimous_exact_context_donor,substantive_difference_candidate,mixed_or_cross_group_difference,RULE_ONLY:T;SUB:D>W;RULE_ONLY:T;SUB:D>W,1,1,1,0,1,0,0,0,0,"[""튀튀기믈""]"
hold_no_unanimous_exact_context_donor,substantive_difference_candidate,mixed_or_cross_group_difference,RULE_ONLY:T;SUB:D>W;RULE_ONLY:Y;SUB:M>NG,1,1,1,0,0,1,0,0,0,"[""출퇴그뇽바께""]"
hold_no_unanimous_exact_context_donor,substantive_difference_candidate,mixed_or_cross_group_difference,RULE_ONLY:T;SUB:D>W;RULE_ONLY:Y;SUB:N>NG,1,1,1,0,0,1,0,0,0,"[""출퇴그뇽도""]"
hold_no_unanimous_exact_context_donor,substantive_difference_candidate,mixed_or_cross_group_difference,RULE_ONLY:T;SUB:D>W;SUB:AE>E;RULE_ONLY:Y,1,1,1,1,0,0,0,0,0,"[""자퇴핻꺼드뇨""]"
hold_no_unanimous_exact_context_donor,substantive_difference_candidate,mixed_or_cross_group_difference,RULE_ONLY:T;SUB:D>W;SUB:NG>N;RULE_ONLY:Y,1,1,1,0,0,1,0,0,0,"[""퇴근기리죠""]"
hold_no_unanimous_exact_context_donor,substantive_difference_candidate,mixed_or_cross_group_difference,RULE_ONLY:T;SUB:D>Y;RULE_ONLY:L;SUB:NG>N,1,1,1,0,0,0,0,1,0,"[""튤리빈가""]"
hold_no_unanimous_exact_context_donor,substantive_difference_candidate,mixed_or_cross_group_difference,RULE_ONLY:T;SUB:D>Y;RULE_ONLY:N;RULE_ONLY:Y,1,1,1,0,0,0,1,0,0,"[""버텯껜냐""]"
hold_no_unanimous_exact_context_donor,substantive_difference_candidate,mixed_or_cross_group_difference,RULE_ONLY:T;SUB:D>Y;RULE_ONLY:W;RULE_ONLY:N,1,1,1,0,0,1,0,0,0,"[""버텨봔는데""]"
hold_no_unanimous_exact_context_donor,substantive_difference_candidate,mixed_or_cross_group_difference,RULE_ONLY:T;SUB:D>Y;SUB:G>K,1,1,1,0,0,0,1,0,0,"[""부텨노키도""]"
hold_no_unanimous_exact_context_donor,substantive_difference_candidate,mixed_or_cross_group_difference,RULE_ONLY:W;RULE_ONLY:AE;SUB:E>G;SUB:E>AE,1,1,1,0,1,0,0,0,0,"[""꽥꽥꺼리는""]"
hold_no_unanimous_exact_context_donor,substantive_difference_candidate,mixed_or_cross_group_difference,RULE_ONLY:W;RULE_ONLY:AE;SUB:E>G;SUB:E>AE;SUB:NG>N,1,1,1,0,0,0,0,1,0,"[""꽥꽤긴가""]"
hold_no_unanimous_exact_context_donor,substantive_difference_candidate,mixed_or_cross_group_difference,RULE_ONLY:W;RULE_ONLY:CH;SUB:J>W;RULE_ONLY:G;RULE_ONLY:Y;SUB:N>NG,1,1,1,0,1,0,0,0,0,"[""사회취약꼐층들""]"
hold_no_unanimous_exact_context_donor,substantive_difference_candidate,mixed_or_cross_group_difference,RULE_ONLY:W;RULE_ONLY:CH;SUB:J>W;RULE_ONLY:Y,1,1,1,0,1,0,0,0,0,"[""영화촤령""]"
hold_no_unanimous_exact_context_donor,substantive_difference_candidate,multiple_segment_count_difference,RULE_ONLY:W;RULE_ONLY:D,1,1,1,0,1,0,0,0,0,"[""귇쩌네서""]"
hold_no_unanimous_exact_context_donor,substantive_difference_candidate,multiple_segment_count_difference,RULE_ONLY:W;RULE_ONLY:EO,1,1,1,0,0,0,0,0,1,"[""황그뭔숭이""]"
hold_no_unanimous_exact_context_donor,substantive_difference_candidate,multiple_segment_count_difference,RULE_ONLY:W;RULE_ONLY:G;RULE_ONLY:G;RULE_ONLY:Y,1,1,1,1,0,0,0,0,0,"[""과학꼬등학꾜""]"
hold_no_unanimous_exact_context_donor,substantive_difference_candidate,multiple_segment_count_difference,RULE_ONLY:W;RULE_ONLY:G;RULE_ONLY:N,1,1,1,0,1,0,0,0,0,"[""확꼬핸네""]"
hold_no_unanimous_exact_context_donor,substantive_difference_candidate,multiple_segment_count_difference,RULE_ONLY:W;RULE_ONLY:G;RULE_ONLY:Y;RULE_ONLY:N,1,1,1,1,0,0,0,0,0,"[""확꼬하션는데""]"
hold_no_unanimous_exact_context_donor,substantive_difference_candidate,mixed_or_cross_group_difference,RULE_ONLY:W;RULE_ONLY:G;SUB:NG>L;SUB:N>Y;SUB:NG>N,1,1,1,0,0,0,0,0,1,"[""확류리라든가""]"
hold_no_unanimous_exact_context_donor,substantive_difference_candidate,multiple_segment_count_difference,RULE_ONLY:W;RULE_ONLY:H,1,1,1,0,1,0,0,0,0,"[""줘써야하는""]"
hold_no_unanimous_exact_context_donor,substantive_difference_candidate,mixed_or_cross_group_difference,RULE_ONLY:W;RULE_ONLY:K;SUB:G>W;RULE_ONLY:G;SUB:NG>L;SUB:N>Y,1,1,1,0,1,0,0,0,0,"[""화콱률""]"
hold_no_unanimous_exact_context_donor,substantive_difference_candidate,mixed_or_cross_group_difference,RULE_ONLY:W;RULE_ONLY:K;SUB:G>W;SUB:N>NG,1,1,1,0,1,0,0,0,0,"[""광여콰장장""]"
hold_no_unanimous_exact_context_donor,substantive_difference_candidate,multiple_segment_count_difference,RULE_ONLY:W;RULE_ONLY:L,1,1,1,0,0,0,1,0,0,"[""쏼라퍼니라고""]"
hold_no_unanimous_exact_context_donor,substantive_difference_candidate,multiple_segment_count_difference,RULE_ONLY:W;RULE_ONLY:L;RULE_ONLY:G,1,1,1,0,1,0,0,0,0,"[""괄리직까지""]"
hold_no_unanimous_exact_context_donor,substantive_difference_candidate,mixed_or_cross_group_difference,RULE_ONLY:W;RULE_ONLY:L;RULE_ONLY:P;SUB:B>Y;SUB:N>NG,1,1,1,0,0,0,0,1,0,"[""괄람평드를""]"
hold_no_unanimous_exact_context_donor,substantive_difference_candidate,multiple_segment_count_difference,RULE_ONLY:W;RULE_ONLY:L;RULE_ONLY:Y,1,1,1,0,0,0,0,1,0,"[""대괄료도""]"
hold_no_unanimous_exact_context_donor,substantive_difference_candidate,mixed_or_cross_group_difference,RULE_ONLY:W;RULE_ONLY:L;RULE_ONLY:Y;RULE_ONLY:K;SUB:G>W,1,1,1,0,1,0,0,0,0,"[""궐려콰""]"
hold_no_unanimous_exact_context_donor,substantive_difference_candidate,multiple_segment_count_difference,RULE_ONLY:W;RULE_ONLY:L;RULE_ONLY:Y;RULE_ONLY:NG,1,1,1,0,0,0,0,0,1,"[""대괄령에서""]"
hold_no_unanimous_exact_context_donor,substantive_difference_candidate,mixed_or_cross_group_difference,RULE_ONLY:W;RULE_ONLY:L;RULE_ONLY:Y;RULE_ONLY:W;SUB:NG>N,1,1,1,0,1,0,0,0,0,"[""괄련된거라""]"
hold_no_unanimous_exact_context_donor,substantive_difference_candidate,mixed_or_cross_group_difference,RULE_ONLY:W;RULE_ONLY:L;RULE_ONLY:Y;SUB:K>G,1,1,1,0,0,0,0,0,1,"[""공궐려긔""]"
hold_no_unanimous_exact_context_donor,substantive_difference_candidate,mixed_or_cross_group_difference,RULE_ONLY:W;RULE_ONLY:L;RULE_ONLY:Y;SUB:M>NG,1,1,1,0,0,0,0,0,1,"[""재활룡품드를""]"
hold_no_unanimous_exact_context_donor,substantive_difference_candidate,mixed_or_cross_group_difference,RULE_ONLY:W;RULE_ONLY:L;SUB:M>N,1,1,1,0,0,0,1,0,0,"[""괄리인분한테""]"
hold_no_unanimous_exact_context_donor,substantive_difference_candidate,mixed_or_cross_group_difference,RULE_ONLY:W;RULE_ONLY:L;SUB:N>Y;RULE_ONLY:Y,1,1,1,0,0,1,0,0,0,"[""황령사녀게서""]"
hold_no_unanimous_exact_context_donor,substantive_difference_candidate,mixed_or_cross_group_difference,RULE_ONLY:W;RULE_ONLY:L;SUB:N>Y;SUB:M>N,1,1,1,0,0,0,0,1,0,"[""황령산바께""]"
hold_no_unanimous_exact_context_donor,substantive_difference_candidate,mixed_or_cross_group_difference,RULE_ONLY:W;RULE_ONLY:L;SUB:N>Y;SUB:N>NG,1,1,1,0,0,0,0,1,0,"[""활동량드를""]"
hold_no_unanimous_exact_context_donor,substantive_difference_candidate,mixed_or_cross_group_difference,RULE_ONLY:W;RULE_ONLY:L;SUB:N>Y;SUB:NG>N,1,1,1,1,0,0,0,0,0,"[""황령사니라든가""]"
hold_no_unanimous_exact_context_donor,substantive_difference_candidate,mixed_or_cross_group_difference,RULE_ONLY:W;RULE_ONLY:L;SUB:NG>N;RULE_ONLY:Y,1,1,1,0,1,0,0,0,0,"[""매장괄리라든가아니면""]"
hold_no_unanimous_exact_context_donor,substantive_difference_candidate,multiple_segment_count_difference,RULE_ONLY:W;RULE_ONLY:NG;RULE_ONLY:L,1,1,1,0,0,1,0,0,0,"[""서뢍설래""]"
hold_no_unanimous_exact_context_donor,substantive_difference_candidate,mixed_or_cross_group_difference,RULE_ONLY:W;RULE_ONLY:NG;SUB:M>P;SUB:B>Y;RULE_ONLY:Y;RULE_ONLY:N,1,1,1,0,0,0,0,1,0,"[""황폐해젿껜나""]"
hold_no_unanimous_exact_context_donor,substantive_difference_candidate,mixed_or_cross_group_difference,RULE_ONLY:W;RULE_ONLY:P;SUB:B>Y;RULE_ONLY:L,1,1,1,0,0,1,0,0,0,"[""괴로펻낄래""]"
hold_no_unanimous_exact_context_donor,substantive_difference_candidate,mixed_or_cross_group_difference,RULE_ONLY:W;RULE_ONLY:P;SUB:B>Y;RULE_ONLY:W;SUB:M>N,1,1,1,0,1,0,0,0,0,"[""화폐방물관보다는""]"
hold_no_unanimous_exact_context_donor,substantive_difference_candidate,mixed_or_cross_group_difference,RULE_ONLY:W;RULE_ONLY:P;SUB:B>Y;RULE_ONLY:W;SUB:NG>N,1,1,1,0,1,0,0,0,0,"[""화폐방물과닌가""]"
hold_no_unanimous_exact_context_donor,substantive_difference_candidate,mixed_or_cross_group_difference,RULE_ONLY:W;RULE_ONLY:T;SUB:D>Y,1,1,1,0,0,1,0,0,0,"[""곽튜브바께""]"
hold_no_unanimous_exact_context_donor,substantive_difference_candidate,multiple_segment_count_difference,RULE_ONLY:W;RULE_ONLY:W;RULE_ONLY:G,1,1,1,0,0,1,0,0,0,"[""생활과학꼬""]"
hold_no_unanimous_exact_context_donor,substantive_difference_candidate,mixed_or_cross_group_difference,RULE_ONLY:W;RULE_ONLY:W;RULE_ONLY:W;SUB:E>AE;SUB:NG>N,1,1,1,0,0,0,0,1,0,"[""활성화됀는가""]"
hold_no_unanimous_exact_context_donor,substantive_difference_candidate,multiple_segment_count_difference,RULE_ONLY:W;RULE_ONLY:W;RULE_ONLY:Y;RULE_ONLY:Y,1,1,1,0,0,1,0,0,0,"[""보그퐈되려며는""]"
hold_no_unanimous_exact_context_donor,substantive_difference_candidate,mixed_or_cross_group_difference,RULE_ONLY:W;RULE_ONLY:W;SUB:E>AE;SUB:NG>N,1,1,1,0,1,0,0,0,0,"[""일반화됃따든가""]"
hold_no_unanimous_exact_context_donor,substantive_difference_candidate,mixed_or_cross_group_difference,RULE_ONLY:W;RULE_ONLY:W;SUB:N>Y;SUB:NG>N,1,1,1,0,0,0,0,1,0,"[""시민회관정육씩땅인가""]"
hold_no_unanimous_exact_context_donor,substantive_difference_candidate,mixed_or_cross_group_difference,RULE_ONLY:W;RULE_ONLY:W;SUB:NG>G,1,1,1,0,0,0,1,0,0,"[""사회과학때학쌩이라서""]"
hold_no_unanimous_exact_context_donor,substantive_difference_candidate,multiple_segment_count_difference,RULE_ONLY:W;RULE_ONLY:Y;RULE_ONLY:NG,1,1,1,1,0,0,0,0,0,"[""되나이뱡에""]"
hold_no_unanimous_exact_context_donor,substantive_difference_candidate,mixed_or_cross_group_difference,RULE_ONLY:W;RULE_ONLY:Y;RULE_ONLY:W;SUB:NG>N,1,1,1,0,0,0,0,1,0,"[""환경미화워니라든가""]"
hold_no_unanimous_exact_context_donor,substantive_difference_candidate,mixed_or_cross_group_difference,RULE_ONLY:W;RULE_ONLY:Y;SUB:M>N,1,1,1,1,0,0,0,0,0,"[""권현비니라는""]"
hold_no_unanimous_exact_context_donor,substantive_difference_candidate,mixed_or_cross_group_difference,RULE_ONLY:W;RULE_ONLY:Y;SUB:M>N;RULE_ONLY:Y;RULE_ONLY:N,1,1,1,0,0,1,0,0,0,"[""광견병이언나""]"
hold_no_unanimous_exact_context_donor,substantive_difference_candidate,mixed_or_cross_group_difference,RULE_ONLY:W;RULE_ONLY:Y;SUB:N>NG;RULE_ONLY:W;SUB:E>AE,1,1,1,0,1,0,0,0,0,"[""화룡됀는지""]"
hold_no_unanimous_exact_context_donor,substantive_difference_candidate,mixed_or_cross_group_difference,RULE_ONLY:W;RULE_ONLY:Y;SUB:N>Y;SUB:NG>N,1,1,1,0,0,1,0,0,0,"[""광명여긴가""]"
hold_no_unanimous_exact_context_donor,substantive_difference_candidate,mixed_or_cross_group_difference,RULE_ONLY:W;SUB:E>AE;RULE_ONLY:L,1,1,1,0,0,0,0,0,1,"[""홷뿔로리""]"
hold_no_unanimous_exact_context_donor,substantive_difference_candidate,mixed_or_cross_group_difference,RULE_ONLY:W;SUB:E>AE;RULE_ONLY:N;RULE_ONLY:Y,1,1,1,0,0,1,0,0,0,"[""됃껜냐""]"
hold_no_unanimous_exact_context_donor,substantive_difference_candidate,mixed_or_cross_group_difference,RULE_ONLY:W;SUB:E>AE;RULE_ONLY:W,1,1,1,0,0,0,0,1,0,"[""홷뿔과""]"
hold_no_unanimous_exact_context_donor,substantive_difference_candidate,mixed_or_cross_group_difference,RULE_ONLY:W;SUB:E>AE;RULE_ONLY:Y;RULE_ONLY:H,1,1,1,0,0,0,1,0,0,"[""돼느냐하는""]"
hold_no_unanimous_exact_context_donor,substantive_difference_candidate,mixed_or_cross_group_difference,RULE_ONLY:W;SUB:E>AE;RULE_ONLY:Y;RULE_ONLY:H;RULE_ONLY:Y,1,1,1,0,1,0,0,0,0,"[""됀냐하면""]"
hold_no_unanimous_exact_context_donor,substantive_difference_candidate,mixed_or_cross_group_difference,RULE_ONLY:W;SUB:E>AE;SUB:NG>N;RULE_ONLY:W,1,1,1,0,0,0,0,1,0,"[""임지놰란과""]"
hold_no_unanimous_exact_context_donor,substantive_difference_candidate,mixed_or_cross_group_difference,RULE_ONLY:W;SUB:M>N;RULE_ONLY:L,1,1,1,0,1,0,0,0,0,"[""개권보컬로""]"
hold_no_unanimous_exact_context_donor,substantive_difference_candidate,mixed_or_cross_group_difference,RULE_ONLY:W;SUB:M>N;RULE_ONLY:W,1,1,1,0,0,0,0,0,1,"[""지권분들과""]"
hold_no_unanimous_exact_context_donor,substantive_difference_candidate,mixed_or_cross_group_difference,RULE_ONLY:W;SUB:M>N;SUB:N>NG,1,1,1,1,0,0,0,0,0,"[""지권분드리랑도""]"
hold_no_unanimous_exact_context_donor,substantive_difference_candidate,mixed_or_cross_group_difference,RULE_ONLY:W;SUB:M>NG;SUB:T>D;SUB:NG>N,1,1,1,0,0,0,1,0,0,"[""광부드리라든가""]"
hold_no_unanimous_exact_context_donor,substantive_difference_candidate,mixed_or_cross_group_difference,RULE_ONLY:W;SUB:N>NG;RULE_ONLY:W;SUB:NG>N,1,1,1,0,0,0,0,0,1,"[""확짱되는구나라고""]"
hold_no_unanimous_exact_context_donor,substantive_difference_candidate,mixed_or_cross_group_difference,RULE_ONLY:W;SUB:N>NG;SUB:M>N,1,1,1,0,0,0,1,0,0,"[""과학쫑전바는""]"
hold_no_unanimous_exact_context_donor,substantive_difference_candidate,mixed_or_cross_group_difference,RULE_ONLY:W;SUB:N>NG;SUB:NG>G;RULE_ONLY:Y,1,1,1,1,0,0,0,0,0,"[""광주대학꾜""]"
hold_no_unanimous_exact_context_donor,substantive_difference_candidate,mixed_or_cross_group_difference,RULE_ONLY:W;SUB:NG>G;RULE_ONLY:N,1,1,1,0,0,0,0,1,0,"[""화학쌍이언나""]"
hold_no_unanimous_exact_context_donor,substantive_difference_candidate,mixed_or_cross_group_difference,RULE_ONLY:W;SUB:NG>G;RULE_ONLY:W;RULE_ONLY:Y,1,1,1,0,0,0,1,0,0,"[""사회복찌학꽈엳꺼드뇨""]"
hold_no_unanimous_exact_context_donor,substantive_difference_candidate,mixed_or_cross_group_difference,RULE_ONLY:W;SUB:NG>G;SUB:N>L;RULE_ONLY:Y,1,1,1,0,1,0,0,0,0,"[""확립씨켜""]"
hold_no_unanimous_exact_context_donor,substantive_difference_candidate,mixed_or_cross_group_difference,RULE_ONLY:W;SUB:NG>G;SUB:NG>N,1,1,1,0,0,0,1,0,0,"[""화학쭈만큼""]"
hold_no_unanimous_exact_context_donor,substantive_difference_candidate,mixed_or_cross_group_difference,RULE_ONLY:W;SUB:NG>N;RULE_ONLY:W;RULE_ONLY:L,1,1,1,0,0,0,0,0,1,"[""관광객뜰로""]"
hold_no_unanimous_exact_context_donor,substantive_difference_candidate,mixed_or_cross_group_difference,RULE_ONLY:W;SUB:NG>N;RULE_ONLY:W;SUB:E>AE,1,1,1,1,0,0,0,0,0,"[""환기됃떤""]"
hold_no_unanimous_exact_context_donor,substantive_difference_candidate,mixed_or_cross_group_difference,RULE_ONLY:W;SUB:NG>N;RULE_ONLY:W;SUB:N>NG;RULE_ONLY:G,1,1,1,0,0,0,1,0,0,"[""관광통역싸""]"
hold_no_unanimous_exact_context_donor,substantive_difference_candidate,mixed_or_cross_group_difference,RULE_ONLY:W;SUB:NG>N;RULE_ONLY:W;SUB:N>NG;RULE_ONLY:Y;RULE_ONLY:Y,1,1,1,1,0,0,0,0,0,"[""관광지냐며는""]"
hold_no_unanimous_exact_context_donor,substantive_difference_candidate,mixed_or_cross_group_difference,RULE_ONLY:W;SUB:NG>N;RULE_ONLY:W;SUB:NG>N,1,1,1,0,0,1,0,0,0,"[""관광객뜨리라든가""]"
hold_no_unanimous_exact_context_donor,substantive_difference_candidate,mixed_or_cross_group_difference,RULE_ONLY:W;SUB:NG>N;RULE_ONLY:Y;RULE_ONLY:Y;RULE_ONLY:Y,1,1,1,0,0,0,0,0,1,"[""무러봐썬냐며뇨""]"
hold_no_unanimous_exact_context_donor,substantive_difference_candidate,mixed_or_cross_group_difference,RULE_ONLY:W;SUB:NG>N;SUB:P>B,1,1,1,0,0,0,0,1,0,"[""차관그븨""]"
hold_no_unanimous_exact_context_donor,substantive_difference_candidate,multiple_segment_count_difference,RULE_ONLY:Y;RULE_ONLY:B;RULE_ONLY:D;RULE_ONLY:L,1,1,1,0,0,0,0,0,1,"[""겹빧침들로""]"
hold_no_unanimous_exact_context_donor,substantive_difference_candidate,mixed_or_cross_group_difference,RULE_ONLY:Y;RULE_ONLY:B;SUB:M>L;SUB:N>Y;RULE_ONLY:W;SUB:E>AE,1,1,1,0,1,0,0,0,0,"[""협력뙈""]"
hold_no_unanimous_exact_context_donor,substantive_difference_candidate,mixed_or_cross_group_difference,RULE_ONLY:Y;RULE_ONLY:B;SUB:M>L;SUB:N>Y;RULE_ONLY:Y;RULE_ONLY:Y,1,1,1,0,0,0,0,0,1,"[""협려카려면""]"
hold_no_unanimous_exact_context_donor,substantive_difference_candidate,mixed_or_cross_group_difference,RULE_ONLY:Y;RULE_ONLY:B;SUB:M>L;SUB:N>Y;SUB:NG>N,1,1,1,0,1,0,0,0,0,"[""협력쩌긴가""]"
hold_no_unanimous_exact_context_donor,substantive_difference_candidate,mixed_or_cross_group_difference,RULE_ONLY:Y;RULE_ONLY:B;SUB:P>H,1,1,1,0,1,0,0,0,0,"[""사료갑하고""]"
hold_no_unanimous_exact_context_donor,substantive_difference_candidate,multiple_segment_count_difference,RULE_ONLY:Y;RULE_ONLY:EU_G;RULE_ONLY:G,1,1,1,0,0,1,0,0,0,"[""청년희망적끔""]"
hold_no_unanimous_exact_context_donor,substantive_difference_candidate,mixed_or_cross_group_difference,RULE_ONLY:Y;RULE_ONLY:EU_G;SUB:NG>G;RULE_ONLY:Y,1,1,1,0,1,0,0,0,0,"[""경희대학꾜라는""]"
hold_no_unanimous_exact_context_donor,substantive_difference_candidate,mixed_or_cross_group_difference,RULE_ONLY:Y;RULE_ONLY:EU_G;SUB:NG>N,1,1,1,0,0,0,0,1,0,"[""바견희라든가""]"
hold_no_unanimous_exact_context_donor,substantive_difference_candidate,mixed_or_cross_group_difference,RULE_ONLY:Y;RULE_ONLY:G;RULE_ONLY:W;SUB:NG>N;RULE_ONLY:W,1,1,1,0,0,0,0,0,1,"[""교육꽌과에""]"
hold_no_unanimous_exact_context_donor,substantive_difference_candidate,multiple_segment_count_difference,RULE_ONLY:Y;RULE_ONLY:G;RULE_ONLY:Y;RULE_ONLY:W,1,1,1,0,0,0,0,0,1,"[""청년도약꼐좌""]"
hold_no_unanimous_exact_context_donor,substantive_difference_candidate,multiple_segment_count_difference,RULE_ONLY:Y;RULE_ONLY:G;RULE_ONLY:Y;RULE_ONLY:Y,1,1,1,0,1,0,0,0,0,"[""교육꼐라면""]"
hold_no_unanimous_exact_context_donor,substantive_difference_candidate,mixed_or_cross_group_difference,RULE_ONLY:Y;RULE_ONLY:G;SUB:N>NG,1,1,1,0,0,0,1,0,0,"[""개혁꽁장을""]"
hold_no_unanimous_exact_context_donor,substantive_difference_candidate,mixed_or_cross_group_difference,RULE_ONLY:Y;RULE_ONLY:G;SUB:NG>L;SUB:N>Y;SUB:K>G,1,1,1,0,0,1,0,0,0,"[""공격려긔""]"
hold_no_unanimous_exact_context_donor,substantive_difference_candidate,mixed_or_cross_group_difference,RULE_ONLY:Y;RULE_ONLY:G;SUB:NG>L;SUB:N>Y;SUB:NG>N,1,1,1,0,0,0,0,0,1,"[""그뉵량이라든가""]"
hold_no_unanimous_exact_context_donor,substantive_difference_candidate,multiple_segment_count_difference,RULE_ONLY:Y;RULE_ONLY:H;RULE_ONLY:Y;RULE_ONLY:Y,1,1,1,0,1,0,0,0,0,"[""드러간냐하며뇨""]"
hold_no_unanimous_exact_context_donor,substantive_difference_candidate,mixed_or_cross_group_difference,RULE_ONLY:Y;RULE_ONLY:K;SUB:G>W;RULE_ONLY:N,1,1,1,0,0,0,0,1,0,"[""현대배콰저미언나""]"
hold_no_unanimous_exact_context_donor,substantive_difference_candidate,mixed_or_cross_group_difference,RULE_ONLY:Y;RULE_ONLY:K;SUB:G>W;RULE_ONLY:Y,1,1,1,0,0,0,0,0,1,"[""무려콰시켣씀니다""]"
hold_no_unanimous_exact_context_donor,substantive_difference_candidate,mixed_or_cross_group_difference,RULE_ONLY:Y;RULE_ONLY:K;SUB:G>W;SUB:E>AE;RULE_ONLY:Y;RULE_ONLY:Y,1,1,1,0,0,0,0,0,1,"[""경쾌해젿쬬""]"
hold_no_unanimous_exact_context_donor,substantive_difference_candidate,mixed_or_cross_group_difference,RULE_ONLY:Y;RULE_ONLY:L;SUB:B>P;SUB:NG>N,1,1,1,0,1,0,0,0,0,"[""하계올림피긴가""]"
hold_no_unanimous_exact_context_donor,substantive_difference_candidate,mixed_or_cross_group_difference,RULE_ONLY:Y;RULE_ONLY:L;SUB:N>Y;RULE_ONLY:K;SUB:G>Y,1,1,1,1,0,0,0,0,0,"[""병례트켸라는""]"
hold_no_unanimous_exact_context_donor,substantive_difference_candidate,mixed_or_cross_group_difference,RULE_ONLY:Y;RULE_ONLY:L;SUB:N>Y;RULE_ONLY:W;RULE_ONLY:Y,1,1,1,0,0,1,0,0,0,"[""경력딴절되면""]"
hold_no_unanimous_exact_context_donor,substantive_difference_candidate,mixed_or_cross_group_difference,RULE_ONLY:Y;RULE_ONLY:L;SUB:N>Y;SUB:M>NG,1,1,1,0,0,0,1,0,0,"[""명령바다""]"
hold_no_unanimous_exact_context_donor,substantive_difference_candidate,mixed_or_cross_group_difference,RULE_ONLY:Y;RULE_ONLY:M;SUB:NG>N,1,1,1,0,0,0,0,0,1,"[""배귝씸마닌가가""]"
hold_no_unanimous_exact_context_donor,substantive_difference_candidate,multiple_segment_count_difference,RULE_ONLY:Y;RULE_ONLY:N;RULE_ONLY:G;RULE_ONLY:Y;RULE_ONLY:W,1,1,1,0,0,0,0,0,1,"[""청년내일저축꼐좌를""]"
hold_no_unanimous_exact_context_donor,substantive_difference_candidate,mixed_or_cross_group_difference,RULE_ONLY:Y;RULE_ONLY:N;SUB:NG>N,1,1,1,0,1,0,0,0,0,"[""느껸나든가""]"
hold_no_unanimous_exact_context_donor,substantive_difference_candidate,mixed_or_cross_group_difference,RULE_ONLY:Y;RULE_ONLY:NG;SUB:M>P;SUB:B>Y;RULE_ONLY:N,1,1,1,0,0,0,0,0,1,"[""형펴니언는데""]"
hold_no_unanimous_exact_context_donor,substantive_difference_candidate,mixed_or_cross_group_difference,RULE_ONLY:Y;RULE_ONLY:NG;SUB:N>T;SUB:D>W;SUB:AE>E,1,1,1,0,0,1,0,0,0,"[""명퇴핻따고""]"
hold_no_unanimous_exact_context_donor,substantive_difference_candidate,mixed_or_cross_group_difference,RULE_ONLY:Y;RULE_ONLY:P;SUB:B>Y;RULE_ONLY:W,1,1,1,1,0,0,0,0,0,"[""보려고흐펼귀""]"
hold_no_unanimous_exact_context_donor,substantive_difference_candidate,mixed_or_cross_group_difference,RULE_ONLY:Y;RULE_ONLY:P;SUB:B>Y;RULE_ONLY:Y,1,1,1,0,0,0,0,0,1,"[""시뷱뿌늠표냐""]"
hold_no_unanimous_exact_context_donor,substantive_difference_candidate,multiple_segment_count_difference,RULE_ONLY:Y;RULE_ONLY:PP,1,1,1,0,1,0,0,0,0,"[""현빵임니다""]"
hold_no_unanimous_exact_context_donor,substantive_difference_candidate,mixed_or_cross_group_difference,RULE_ONLY:Y;RULE_ONLY:T;SUB:D>W;RULE_ONLY:N,1,1,1,0,0,0,0,0,1,"[""정년퇴지캔는데""]"
hold_no_unanimous_exact_context_donor,substantive_difference_candidate,mixed_or_cross_group_difference,RULE_ONLY:Y;RULE_ONLY:T;SUB:D>Y,1,1,1,0,0,0,0,0,1,"[""겨텨를""]"
hold_no_unanimous_exact_context_donor,substantive_difference_candidate,mixed_or_cross_group_difference,RULE_ONLY:Y;RULE_ONLY:T;SUB:D>Y;SUB:NG>N,1,1,1,0,0,0,0,1,0,"[""숃튜브라든가""]"
hold_no_unanimous_exact_context_donor,substantive_difference_candidate,multiple_segment_count_difference,RULE_ONLY:Y;RULE_ONLY:W;RULE_ONLY:G,1,1,1,0,0,1,0,0,0,"[""생명과학끼술""]"
hold_no_unanimous_exact_context_donor,substantive_difference_candidate,mixed_or_cross_group_difference,RULE_ONLY:Y;RULE_ONLY:W;RULE_ONLY:L;SUB:NG>N;RULE_ONLY:W,1,1,1,0,0,0,1,0,0,"[""경영하궐론과""]"
hold_no_unanimous_exact_context_donor,substantive_difference_candidate,mixed_or_cross_group_difference,RULE_ONLY:Y;RULE_ONLY:W;RULE_ONLY:N;SUB:NG>N,1,1,1,0,0,0,1,0,0,"[""교관니미신가""]"
hold_no_unanimous_exact_context_donor,substantive_difference_candidate,multiple_segment_count_difference,RULE_ONLY:Y;RULE_ONLY:W;RULE_ONLY:NG;RULE_ONLY:Y,1,1,1,1,0,0,0,0,0,"[""겨우뢍구기거드뇨""]"
hold_no_unanimous_exact_context_donor,substantive_difference_candidate,mixed_or_cross_group_difference,RULE_ONLY:Y;RULE_ONLY:W;RULE_ONLY:W;SUB:E>AE;SUB:NG>N,1,1,1,0,0,0,0,0,1,"[""변화됃따든가""]"
hold_no_unanimous_exact_context_donor,substantive_difference_candidate,multiple_segment_count_difference,RULE_ONLY:Y;RULE_ONLY:W;RULE_ONLY:Y,1,1,1,0,0,0,0,1,0,"[""캡쓜화시켜서""]"
hold_no_unanimous_exact_context_donor,substantive_difference_candidate,mixed_or_cross_group_difference,RULE_ONLY:Y;RULE_ONLY:W;SUB:D>S,1,1,1,0,0,0,0,0,1,"[""계회카셔야""]"
hold_no_unanimous_exact_context_donor,substantive_difference_candidate,mixed_or_cross_group_difference,RULE_ONLY:Y;RULE_ONLY:W;SUB:E>AE;RULE_ONLY:W;SUB:E>AE,1,1,1,0,0,0,0,0,1,"[""소멸됃뙏따고""]"
hold_no_unanimous_exact_context_donor,substantive_difference_candidate,mixed_or_cross_group_difference,RULE_ONLY:Y;RULE_ONLY:W;SUB:E>AE;SUB:NG>N,1,1,1,0,0,0,0,1,0,"[""세련됃따든가""]"
hold_no_unanimous_exact_context_donor,substantive_difference_candidate,mixed_or_cross_group_difference,RULE_ONLY:Y;RULE_ONLY:W;SUB:K>G;RULE_ONLY:W,1,1,1,0,0,0,0,1,0,"[""계획썽과""]"
hold_no_unanimous_exact_context_donor,substantive_difference_candidate,mixed_or_cross_group_difference,RULE_ONLY:Y;RULE_ONLY:W;SUB:K>G;SUB:N>NG,1,1,1,0,1,0,0,0,0,"[""계획썽도""]"
hold_no_unanimous_exact_context_donor,substantive_difference_candidate,mixed_or_cross_group_difference,RULE_ONLY:Y;RULE_ONLY:W;SUB:K>G;SUB:NG>N,1,1,1,0,0,0,0,1,0,"[""계획써라든가""]"
hold_no_unanimous_exact_context_donor,substantive_difference_candidate,multiple_segment_count_difference,RULE_ONLY:Y;RULE_ONLY:Y;RULE_ONLY:G,1,1,1,0,1,0,0,0,0,"[""빈혀략까지""]"
hold_no_unanimous_exact_context_donor,substantive_difference_candidate,mixed_or_cross_group_difference,RULE_ONLY:Y;RULE_ONLY:Y;RULE_ONLY:G;SUB:NG>L;SUB:N>Y;RULE_ONLY:W,1,1,1,0,0,0,0,0,1,"[""며녁력꽈""]"
hold_no_unanimous_exact_context_donor,substantive_difference_candidate,mixed_or_cross_group_difference,RULE_ONLY:Y;RULE_ONLY:Y;RULE_ONLY:G;SUB:NG>L;SUB:N>Y;RULE_ONLY:Y,1,1,1,0,0,0,0,0,1,"[""며녁려기거드뇨""]"
hold_no_unanimous_exact_context_donor,substantive_difference_candidate,mixed_or_cross_group_difference,RULE_ONLY:Y;RULE_ONLY:Y;RULE_ONLY:G;SUB:NG>L;SUB:N>Y;SUB:K>G,1,1,1,0,0,1,0,0,0,"[""며녁려긔""]"
hold_no_unanimous_exact_context_donor,substantive_difference_candidate,multiple_segment_count_difference,RULE_ONLY:Y;RULE_ONLY:Y;RULE_ONLY:Y;RULE_ONLY:Y,1,1,1,0,1,0,0,0,0,"[""슉쓕쓕쓕""]"
hold_no_unanimous_exact_context_donor,substantive_difference_candidate,mixed_or_cross_group_difference,RULE_ONLY:Y;RULE_ONLY:Y;SUB:B>P,1,1,1,0,0,0,0,0,1,"[""말씀하셛쎧따오시피""]"
hold_no_unanimous_exact_context_donor,substantive_difference_candidate,mixed_or_cross_group_difference,RULE_ONLY:Y;RULE_ONLY:Y;SUB:N>NG;SUB:M>B,1,1,1,0,1,0,0,0,0,"[""균형잡꼬""]"
hold_no_unanimous_exact_context_donor,substantive_difference_candidate,mixed_or_cross_group_difference,RULE_ONLY:Y;RULE_ONLY:Y;SUB:N>NG;SUB:NG>N,1,1,1,0,1,0,0,0,0,"[""청년경차린가""]"
hold_no_unanimous_exact_context_donor,substantive_difference_candidate,mixed_or_cross_group_difference,RULE_ONLY:Y;RULE_ONLY:Y;SUB:NG>N;RULE_ONLY:W;RULE_ONLY:Y;SUB:NG>N,1,1,1,0,0,1,0,0,0,"[""혀련관계라든가""]"
hold_no_unanimous_exact_context_donor,substantive_difference_candidate,mixed_or_cross_group_difference,RULE_ONLY:Y;SUB:AE>E;RULE_ONLY:W,1,1,1,0,0,0,0,1,0,"[""재계약꽈""]"
hold_no_unanimous_exact_context_donor,substantive_difference_candidate,mixed_or_cross_group_difference,RULE_ONLY:Y;SUB:B>P;RULE_ONLY:L;SUB:NG>N,1,1,1,0,0,1,0,0,0,"[""경식쓰필르민가""]"
hold_no_unanimous_exact_context_donor,substantive_difference_candidate,mixed_or_cross_group_difference,RULE_ONLY:Y;SUB:B>P;SUB:J>D,1,1,1,1,0,0,0,0,0,"[""계피맏또""]"
hold_no_unanimous_exact_context_donor,substantive_difference_candidate,mixed_or_cross_group_difference,RULE_ONLY:Y;SUB:D>S;SUB:Y>W;RULE_ONLY:L,1,1,1,0,1,0,0,0,0,"[""원샤숸킬로""]"
hold_no_unanimous_exact_context_donor,substantive_difference_candidate,mixed_or_cross_group_difference,RULE_ONLY:Y;SUB:D>T;RULE_ONLY:T;SUB:D>Y,1,1,1,0,0,0,1,0,0,"[""뷰티유튜버드를""]"
hold_no_unanimous_exact_context_donor,substantive_difference_candidate,mixed_or_cross_group_difference,RULE_ONLY:Y;SUB:J>D;RULE_ONLY:Y,1,1,1,0,0,0,1,0,0,"[""쳐맏껴놛떠니""]"
hold_no_unanimous_exact_context_donor,substantive_difference_candidate,mixed_or_cross_group_difference,RULE_ONLY:Y;SUB:K>G;RULE_ONLY:W;RULE_ONLY:N,1,1,1,0,1,0,0,0,0,"[""교육꽈연나""]"
hold_no_unanimous_exact_context_donor,substantive_difference_candidate,mixed_or_cross_group_difference,RULE_ONLY:Y;SUB:K>G;RULE_ONLY:W;SUB:M>N,1,1,1,0,0,0,0,1,0,"[""교육꽌보다는""]"
hold_no_unanimous_exact_context_donor,substantive_difference_candidate,mixed_or_cross_group_difference,RULE_ONLY:Y;SUB:K>G;RULE_ONLY:W;SUB:NG>N,1,1,1,0,0,1,0,0,0,"[""교육꽈인가""]"
hold_no_unanimous_exact_context_donor,substantive_difference_candidate,mixed_or_cross_group_difference,RULE_ONLY:Y;SUB:M>B;RULE_ONLY:Y,1,1,1,0,1,0,0,0,0,"[""서류합껵""]"
hold_no_unanimous_exact_context_donor,substantive_difference_candidate,mixed_or_cross_group_difference,RULE_ONLY:Y;SUB:M>N;RULE_ONLY:EU_G,1,1,1,0,1,0,0,0,0,"[""중년부늬""]"
hold_no_unanimous_exact_context_donor,substantive_difference_candidate,mixed_or_cross_group_difference,RULE_ONLY:Y;SUB:M>N;RULE_ONLY:W,1,1,1,0,0,1,0,0,0,"[""변비화니라는""]"
hold_no_unanimous_exact_context_donor,substantive_difference_candidate,mixed_or_cross_group_difference,RULE_ONLY:Y;SUB:M>N;RULE_ONLY:Y;RULE_ONLY:N,1,1,1,0,0,0,1,0,0,"[""중년부니션는데""]"
hold_no_unanimous_exact_context_donor,substantive_difference_candidate,mixed_or_cross_group_difference,RULE_ONLY:Y;SUB:M>N;RULE_ONLY:Y;SUB:NG>N,1,1,1,0,1,0,0,0,0,"[""변변찬코""]"
hold_no_unanimous_exact_context_donor,substantive_difference_candidate,mixed_or_cross_group_difference,RULE_ONLY:Y;SUB:M>N;SUB:NG>G,1,1,1,0,1,0,0,0,0,"[""년백께""]"
hold_no_unanimous_exact_context_donor,substantive_difference_candidate,mixed_or_cross_group_difference,RULE_ONLY:Y;SUB:M>NG;RULE_ONLY:G;RULE_ONLY:G;RULE_ONLY:Y,1,1,1,0,0,0,0,0,1,"[""경복꼬등학꾜를""]"
hold_no_unanimous_exact_context_donor,substantive_difference_candidate,mixed_or_cross_group_difference,RULE_ONLY:Y;SUB:M>NG;RULE_ONLY:G;SUB:NG>N,1,1,1,1,0,0,0,0,0,"[""경복꿍이라든가""]"
hold_no_unanimous_exact_context_donor,substantive_difference_candidate,mixed_or_cross_group_difference,RULE_ONLY:Y;SUB:M>NG;RULE_ONLY:S;SUB:SS>Y;SUB:B>P;RULE_ONLY:N,1,1,1,0,0,0,1,0,0,"[""명품쇼핑이언는데""]"
hold_no_unanimous_exact_context_donor,substantive_difference_candidate,mixed_or_cross_group_difference,RULE_ONLY:Y;SUB:M>NG;SUB:K>G;RULE_ONLY:W,1,1,1,0,0,0,1,0,0,"[""견종백꽈""]"
hold_no_unanimous_exact_context_donor,substantive_difference_candidate,mixed_or_cross_group_difference,RULE_ONLY:Y;SUB:M>NG;SUB:M>B,1,1,1,0,1,0,0,0,0,"[""교통법쌍""]"
hold_no_unanimous_exact_context_donor,substantive_difference_candidate,mixed_or_cross_group_difference,RULE_ONLY:Y;SUB:M>NG;SUB:NG>G;RULE_ONLY:Y,1,1,1,0,1,0,0,0,0,"[""경북때학꾜도""]"
hold_no_unanimous_exact_context_donor,substantive_difference_candidate,mixed_or_cross_group_difference,RULE_ONLY:Y;SUB:M>NG;SUB:NG>N;RULE_ONLY:Y,1,1,1,0,1,0,0,0,0,"[""부냥반느냐""]"
hold_no_unanimous_exact_context_donor,substantive_difference_candidate,mixed_or_cross_group_difference,RULE_ONLY:Y;SUB:N>L;RULE_ONLY:B,1,1,1,0,1,0,0,0,0,"[""명란덥빱""]"
hold_no_unanimous_exact_context_donor,substantive_difference_candidate,mixed_or_cross_group_difference,RULE_ONLY:Y;SUB:N>L;RULE_ONLY:N,1,1,1,0,0,0,1,0,0,"[""경리연는데""]"
hold_no_unanimous_exact_context_donor,substantive_difference_candidate,mixed_or_cross_group_difference,RULE_ONLY:Y;SUB:N>NG;RULE_ONLY:G;SUB:K>H,1,1,1,0,0,0,1,0,0,"[""양념통닥하고""]"
hold_no_unanimous_exact_context_donor,substantive_difference_candidate,mixed_or_cross_group_difference,RULE_ONLY:Y;SUB:N>NG;RULE_ONLY:G;SUB:NG>L;SUB:N>Y,1,1,1,0,0,0,0,1,0,"[""경착류글""]"
hold_no_unanimous_exact_context_donor,substantive_difference_candidate,mixed_or_cross_group_difference,RULE_ONLY:Y;SUB:N>NG;RULE_ONLY:L;RULE_ONLY:Y,1,1,1,0,0,1,0,0,0,"[""경제절랴기""]"
hold_no_unanimous_exact_context_donor,substantive_difference_candidate,mixed_or_cross_group_difference,RULE_ONLY:Y;SUB:N>NG;RULE_ONLY:L;SUB:N>Y;RULE_ONLY:W,1,1,1,0,0,0,0,0,1,"[""경쟁력꽈""]"
hold_no_unanimous_exact_context_donor,substantive_difference_candidate,mixed_or_cross_group_difference,RULE_ONLY:Y;SUB:N>NG;RULE_ONLY:P;SUB:B>Y,1,1,1,0,0,1,0,0,0,"[""경주펴늘""]"
hold_no_unanimous_exact_context_donor,substantive_difference_candidate,mixed_or_cross_group_difference,RULE_ONLY:Y;SUB:N>NG;RULE_ONLY:T;SUB:D>W;SUB:NG>N,1,1,1,0,1,0,0,0,0,"[""명태튀기민가""]"
hold_no_unanimous_exact_context_donor,substantive_difference_candidate,mixed_or_cross_group_difference,RULE_ONLY:Y;SUB:N>NG;RULE_ONLY:W;RULE_ONLY:Y;SUB:NG>N,1,1,1,0,1,0,0,0,0,"[""경제관녀미라든가""]"
hold_no_unanimous_exact_context_donor,substantive_difference_candidate,mixed_or_cross_group_difference,RULE_ONLY:Y;SUB:N>NG;RULE_ONLY:W;SUB:NG>N,1,1,1,0,0,0,0,0,1,"[""우녕되는구나""]"
hold_no_unanimous_exact_context_donor,substantive_difference_candidate,mixed_or_cross_group_difference,RULE_ONLY:Y;SUB:N>NG;SUB:M>N,1,1,1,1,0,0,0,0,0,"[""명진전보글""]"
hold_no_unanimous_exact_context_donor,substantive_difference_candidate,mixed_or_cross_group_difference,RULE_ONLY:Y;SUB:N>NG;SUB:N>NG;RULE_ONLY:L;SUB:N>Y,1,1,1,0,0,1,0,0,0,"[""경제성장류리""]"
hold_no_unanimous_exact_context_donor,substantive_difference_candidate,mixed_or_cross_group_difference,RULE_ONLY:Y;SUB:N>NG;SUB:NG>G;RULE_ONLY:Y;SUB:NG>N,1,1,1,0,1,0,0,0,0,"[""경찰대학꾠가""]"
hold_no_unanimous_exact_context_donor,substantive_difference_candidate,mixed_or_cross_group_difference,RULE_ONLY:Y;SUB:N>NG;SUB:NG>N;SUB:NG>N,1,1,1,0,1,0,0,0,0,"[""형드리신건가""]"
hold_no_unanimous_exact_context_donor,substantive_difference_candidate,mixed_or_cross_group_difference,RULE_ONLY:Y;SUB:NG>G;RULE_ONLY:W;RULE_ONLY:Y,1,1,1,0,0,0,1,0,0,"[""외교학꽈라며는""]"
hold_no_unanimous_exact_context_donor,substantive_difference_candidate,mixed_or_cross_group_difference,RULE_ONLY:Y;SUB:NG>G;SUB:N>L;RULE_ONLY:W;SUB:E>AE;RULE_ONLY:Y,1,1,1,0,0,0,0,0,1,"[""격리돼썯꺼드뇨""]"
hold_no_unanimous_exact_context_donor,substantive_difference_candidate,mixed_or_cross_group_difference,RULE_ONLY:Y;SUB:NG>G;SUB:N>L;SUB:NG>N,1,1,1,1,0,0,0,0,0,"[""격리시리라든가""]"
hold_no_unanimous_exact_context_donor,substantive_difference_candidate,mixed_or_cross_group_difference,RULE_ONLY:Y;SUB:NG>N;RULE_ONLY:EU_G,1,1,1,0,0,0,0,1,0,"[""현진거늬""]"
hold_no_unanimous_exact_context_donor,substantive_difference_candidate,mixed_or_cross_group_difference,RULE_ONLY:Y;SUB:NG>N;RULE_ONLY:M,1,1,1,0,1,0,0,0,0,"[""계란감만""]"
hold_no_unanimous_exact_context_donor,substantive_difference_candidate,mixed_or_cross_group_difference,RULE_ONLY:Y;SUB:NG>N;RULE_ONLY:W;SUB:NG>G;RULE_ONLY:Y,1,1,1,0,1,0,0,0,0,"[""성균관대학꾜""]"
hold_no_unanimous_exact_context_donor,substantive_difference_candidate,mixed_or_cross_group_difference,RULE_ONLY:Y;SUB:NG>N;RULE_ONLY:W;SUB:NG>N,1,1,1,0,0,1,0,0,0,"[""견궈닌가""]"
hold_no_unanimous_exact_context_donor,substantive_difference_candidate,mixed_or_cross_group_difference,RULE_ONLY:Y;SUB:NG>N;SUB:N>NG,1,1,1,0,1,0,0,0,0,"[""명문공대드리""]"
hold_no_unanimous_exact_context_donor,substantive_difference_candidate,mixed_or_cross_group_difference,SUB:AE>E;RULE_ONLY:EU_G,1,1,1,1,0,0,0,0,0,"[""해외여행마늬""]"
hold_no_unanimous_exact_context_donor,substantive_difference_candidate,mixed_or_cross_group_difference,SUB:AE>E;RULE_ONLY:L,1,1,1,0,0,0,0,0,1,"[""해외여행객뜰로""]"
hold_no_unanimous_exact_context_donor,substantive_difference_candidate,mixed_or_cross_group_difference,SUB:AE>E;SUB:N>NG;RULE_ONLY:N,1,1,1,0,0,0,1,0,0,"[""처태외여행지연는데""]"
hold_no_unanimous_exact_context_donor,substantive_difference_candidate,mixed_or_cross_group_difference,SUB:B>P;RULE_ONLY:B;RULE_ONLY:Y,1,1,1,0,0,0,0,0,1,"[""핍빡땅하면서""]"
hold_no_unanimous_exact_context_donor,substantive_difference_candidate,mixed_or_cross_group_difference,SUB:B>P;RULE_ONLY:L;RULE_ONLY:P;SUB:B>Y,1,1,1,0,0,0,1,0,0,"[""필라평""]"
hold_no_unanimous_exact_context_donor,substantive_difference_candidate,mixed_or_cross_group_difference,SUB:B>P;RULE_ONLY:L;SUB:M>N;SUB:B>P;RULE_ONLY:N,1,1,1,0,0,0,1,0,0,"[""필린피니언나""]"
hold_no_unanimous_exact_context_donor,substantive_difference_candidate,mixed_or_cross_group_difference,SUB:B>P;RULE_ONLY:NG;SUB:M>P;SUB:B>Y,1,1,1,0,0,0,0,0,1,"[""핑평모찌팓""]"
hold_no_unanimous_exact_context_donor,substantive_difference_candidate,mixed_or_cross_group_difference,SUB:B>P;RULE_ONLY:P;SUB:B>Y;RULE_ONLY:Y;RULE_ONLY:N,1,1,1,0,0,0,0,1,0,"[""피폐해젼는데""]"
hold_no_unanimous_exact_context_donor,substantive_difference_candidate,mixed_or_cross_group_difference,SUB:B>P;RULE_ONLY:S;SUB:SS>Y;RULE_ONLY:Y,1,1,1,0,0,0,0,0,1,"[""커피이쇼샤베""]"
hold_no_unanimous_exact_context_donor,substantive_difference_candidate,mixed_or_cross_group_difference,SUB:B>P;RULE_ONLY:Y;RULE_ONLY:H,1,1,1,0,0,1,0,0,0,"[""피료할지는""]"
hold_no_unanimous_exact_context_donor,substantive_difference_candidate,mixed_or_cross_group_difference,SUB:B>P;RULE_ONLY:Y;RULE_ONLY:N,1,1,1,0,0,1,0,0,0,"[""픽쎠니언나""]"
hold_no_unanimous_exact_context_donor,substantive_difference_candidate,mixed_or_cross_group_difference,SUB:B>P;RULE_ONLY:Y;SUB:NG>N;RULE_ONLY:Y;RULE_ONLY:Y,1,1,1,0,0,0,0,0,1,"[""피료해썬냐면""]"
hold_no_unanimous_exact_context_donor,substantive_difference_candidate,mixed_or_cross_group_difference,SUB:B>P;SUB:D>T;RULE_ONLY:Y;SUB:NG>N,1,1,1,0,1,0,0,0,0,"[""컴피티셔닌가""]"
hold_no_unanimous_exact_context_donor,substantive_difference_candidate,mixed_or_cross_group_difference,SUB:B>P;SUB:J>D;RULE_ONLY:Y;RULE_ONLY:Y,1,1,1,0,0,0,0,0,1,"[""피맏꼬리냐면""]"
hold_no_unanimous_exact_context_donor,substantive_difference_candidate,mixed_or_cross_group_difference,SUB:B>P;SUB:M>N,1,1,1,0,1,0,0,0,0,"[""피비아랜비라는""]"
hold_no_unanimous_exact_context_donor,substantive_difference_candidate,mixed_or_cross_group_difference,SUB:B>P;SUB:SS>S;RULE_ONLY:G;RULE_ONLY:Y,1,1,1,0,1,0,0,0,0,"[""피식때학꾜의""]"
hold_no_unanimous_exact_context_donor,substantive_difference_candidate,mixed_or_cross_group_difference,SUB:B>P;SUB:SS>S;RULE_ONLY:Y,1,1,1,0,0,0,0,1,0,"[""피식쑈라는""]"
hold_no_unanimous_exact_context_donor,substantive_difference_candidate,mixed_or_cross_group_difference,SUB:D>S;RULE_ONLY:W;RULE_ONLY:AE;SUB:E>N,1,1,1,0,0,0,1,0,0,"[""이슈됀는데""]"
hold_no_unanimous_exact_context_donor,substantive_difference_candidate,mixed_or_cross_group_difference,SUB:D>S;RULE_ONLY:W;RULE_ONLY:W;RULE_ONLY:Y,1,1,1,0,0,0,0,1,0,"[""이슈화되며는""]"
hold_no_unanimous_exact_context_donor,substantive_difference_candidate,mixed_or_cross_group_difference,SUB:D>S;RULE_ONLY:W;RULE_ONLY:W;SUB:E>AE;SUB:B>P,1,1,1,1,0,0,0,0,0,"[""이슈화됃따시피""]"
hold_no_unanimous_exact_context_donor,substantive_difference_candidate,mixed_or_cross_group_difference,SUB:D>S;SUB:NG>N,1,1,1,0,1,0,0,0,0,"[""모새카든가""]"
hold_no_unanimous_exact_context_donor,substantive_difference_candidate,mixed_or_cross_group_difference,SUB:D>S;SUB:Y>W;RULE_ONLY:G,1,1,1,0,1,0,0,0,0,"[""부숴먹꼬""]"
hold_no_unanimous_exact_context_donor,substantive_difference_candidate,mixed_or_cross_group_difference,SUB:D>T;RULE_ONLY:D,1,1,1,0,0,1,0,0,0,"[""티켇치고는""]"
hold_no_unanimous_exact_context_donor,substantive_difference_candidate,mixed_or_cross_group_difference,SUB:D>T;RULE_ONLY:EO;RULE_ONLY:L,1,1,1,0,0,0,0,0,1,"[""티뭔들로""]"
hold_no_unanimous_exact_context_donor,substantive_difference_candidate,mixed_or_cross_group_difference,SUB:D>T;RULE_ONLY:EO;SUB:N>NG,1,1,1,0,0,0,0,0,1,"[""티뭔드리랑도""]"
hold_no_unanimous_exact_context_donor,substantive_difference_candidate,mixed_or_cross_group_difference,SUB:D>T;RULE_ONLY:G;RULE_ONLY:Y,1,1,1,0,0,1,0,0,0,"[""주택까죠""]"
hold_no_unanimous_exact_context_donor,substantive_difference_candidate,mixed_or_cross_group_difference,SUB:D>T;RULE_ONLY:L;SUB:N>Y,1,1,1,0,1,0,0,0,0,"[""지탱려기""]"
hold_no_unanimous_exact_context_donor,substantive_difference_candidate,mixed_or_cross_group_difference,SUB:D>T;RULE_ONLY:W;SUB:NG>N,1,1,1,0,0,0,0,1,0,"[""아이티응용공학꽈라든가""]"
hold_no_unanimous_exact_context_donor,substantive_difference_candidate,mixed_or_cross_group_difference,SUB:D>T;SUB:B>P;SUB:NG>N,1,1,1,0,0,0,0,1,0,"[""챋찌티피라든가""]"
hold_no_unanimous_exact_context_donor,substantive_difference_candidate,mixed_or_cross_group_difference,SUB:D>T;SUB:M>N,1,1,1,0,1,0,0,0,0,"[""티원바께""]"
hold_no_unanimous_exact_context_donor,substantive_difference_candidate,mixed_or_cross_group_difference,SUB:D>T;SUB:M>NG;SUB:NG>N,1,1,1,0,0,0,1,0,0,"[""멜팅바민가""]"
hold_no_unanimous_exact_context_donor,substantive_difference_candidate,mixed_or_cross_group_difference,SUB:E>AE;RULE_ONLY:K;SUB:G>W,1,1,1,0,0,0,0,0,1,"[""자애배콰저메""]"
hold_no_unanimous_exact_context_donor,substantive_difference_candidate,mixed_or_cross_group_difference,SUB:E>AE;RULE_ONLY:Y;RULE_ONLY:H;RULE_ONLY:Y;SUB:M>N,1,1,1,0,0,0,0,1,0,"[""왜냐하면본저는""]"
hold_no_unanimous_exact_context_donor,substantive_difference_candidate,mixed_or_cross_group_difference,SUB:EO>Y;SUB:I>EO;RULE_ONLY:N,1,1,1,0,1,0,0,0,0,"[""협쌍핸나""]"
hold_no_unanimous_exact_context_donor,substantive_difference_candidate,mixed_or_cross_group_difference,SUB:EO>Y;SUB:I>EO;RULE_ONLY:Y,1,1,1,0,0,1,0,0,0,"[""협쌍하면서""]"
hold_no_unanimous_exact_context_donor,substantive_difference_candidate,mixed_or_cross_group_difference,SUB:G>K;RULE_ONLY:T;SUB:D>Y,1,1,1,0,0,1,0,0,0,"[""버킫쓰튜디오""]"
hold_no_unanimous_exact_context_donor,substantive_difference_candidate,mixed_or_cross_group_difference,SUB:G>K;SUB:A>W;SUB:D>A;SUB:Y>S,1,1,1,0,0,0,0,0,1,"[""스콰싀""]"
hold_no_unanimous_exact_context_donor,substantive_difference_candidate,mixed_or_cross_group_difference,SUB:G>K;SUB:M>N,1,1,1,0,1,0,0,0,0,"[""버킨배근""]"
hold_no_unanimous_exact_context_donor,substantive_difference_candidate,mixed_or_cross_group_difference,SUB:J>D;RULE_ONLY:D,1,1,1,0,0,1,0,0,0,"[""맏뿌딛치는""]"
hold_no_unanimous_exact_context_donor,substantive_difference_candidate,mixed_or_cross_group_difference,SUB:J>D;RULE_ONLY:D;RULE_ONLY:Y,1,1,1,0,1,0,0,0,0,"[""맏뿌딛치면""]"
hold_no_unanimous_exact_context_donor,substantive_difference_candidate,mixed_or_cross_group_difference,SUB:J>D;RULE_ONLY:L;RULE_ONLY:Y;RULE_ONLY:Y,1,1,1,0,0,0,1,0,0,"[""맏낄려며는""]"
hold_no_unanimous_exact_context_donor,substantive_difference_candidate,mixed_or_cross_group_difference,SUB:J>D;RULE_ONLY:N;RULE_ONLY:W,1,1,1,0,1,0,0,0,0,"[""맏따안나봐""]"
hold_no_unanimous_exact_context_donor,substantive_difference_candidate,mixed_or_cross_group_difference,SUB:J>D;RULE_ONLY:N;RULE_ONLY:Y,1,1,1,0,1,0,0,0,0,"[""맏껜느냐""]"
hold_no_unanimous_exact_context_donor,substantive_difference_candidate,mixed_or_cross_group_difference,SUB:J>D;RULE_ONLY:T;SUB:D>Y,1,1,1,0,0,0,0,1,0,"[""맏뿌디텨""]"
hold_no_unanimous_exact_context_donor,substantive_difference_candidate,mixed_or_cross_group_difference,SUB:J>D;RULE_ONLY:Y;RULE_ONLY:L,1,1,1,1,0,0,0,0,0,"[""맏껴달라고""]"
hold_no_unanimous_exact_context_donor,substantive_difference_candidate,mixed_or_cross_group_difference,SUB:J>D;RULE_ONLY:Y;RULE_ONLY:W;RULE_ONLY:N,1,1,1,1,0,0,0,0,0,"[""맏껴줜는데""]"
hold_no_unanimous_exact_context_donor,substantive_difference_candidate,mixed_or_cross_group_difference,SUB:J>D;SUB:D>CH;SUB:NG>N,1,1,1,1,0,0,0,0,0,"[""맏춰주는구나라는""]"
hold_no_unanimous_exact_context_donor,substantive_difference_candidate,mixed_or_cross_group_difference,SUB:JJ>D;RULE_ONLY:M,1,1,1,0,0,1,0,0,0,"[""읻께끔만""]"
hold_no_unanimous_exact_context_donor,substantive_difference_candidate,mixed_or_cross_group_difference,SUB:JJ>D;RULE_ONLY:W;RULE_ONLY:Y,1,1,1,0,0,1,0,0,0,"[""읻께된다면""]"
hold_no_unanimous_exact_context_donor,substantive_difference_candidate,mixed_or_cross_group_difference,SUB:JJ>D;RULE_ONLY:W;SUB:E>AE,1,1,1,0,1,0,0,0,0,"[""읻께돼""]"
hold_no_unanimous_exact_context_donor,substantive_difference_candidate,mixed_or_cross_group_difference,SUB:JJ>D;SUB:D>T;RULE_ONLY:W,1,1,1,0,0,1,0,0,0,"[""읻팁꽈""]"
hold_no_unanimous_exact_context_donor,substantive_difference_candidate,mixed_or_cross_group_difference,SUB:JJ>D;SUB:M>N,1,1,1,0,0,0,0,1,0,"[""읻끼만보다는""]"
hold_no_unanimous_exact_context_donor,substantive_difference_candidate,mixed_or_cross_group_difference,SUB:JJ>D;SUB:N>L;RULE_ONLY:Y,1,1,1,0,0,0,0,0,1,"[""읻또로교""]"
hold_no_unanimous_exact_context_donor,substantive_difference_candidate,mixed_or_cross_group_difference,SUB:JJ>D;SUB:NG>N;RULE_ONLY:Y,1,1,1,0,0,0,0,0,1,"[""읻따는거죠""]"
hold_no_unanimous_exact_context_donor,substantive_difference_candidate,mixed_or_cross_group_difference,SUB:M>B;RULE_ONLY:N;SUB:M>N,1,1,1,0,0,0,1,0,0,"[""입따건넌거가""]"
hold_no_unanimous_exact_context_donor,substantive_difference_candidate,mixed_or_cross_group_difference,SUB:M>B;RULE_ONLY:W;RULE_ONLY:W,1,1,1,0,0,1,0,0,0,"[""십꽈과""]"
hold_no_unanimous_exact_context_donor,substantive_difference_candidate,mixed_or_cross_group_difference,SUB:M>B;RULE_ONLY:Y;SUB:N>NG;RULE_ONLY:W,1,1,1,0,1,0,0,0,0,"[""인수합뼝된""]"
hold_no_unanimous_exact_context_donor,substantive_difference_candidate,mixed_or_cross_group_difference,SUB:M>B;SUB:M>N,1,1,1,0,0,1,0,0,0,"[""입깐판""]"
hold_no_unanimous_exact_context_donor,substantive_difference_candidate,mixed_or_cross_group_difference,SUB:M>B;SUB:N>L;RULE_ONLY:W;RULE_ONLY:AE;SUB:E>N,1,1,1,0,0,0,1,0,0,"[""업로드됀는데""]"
hold_no_unanimous_exact_context_donor,substantive_difference_candidate,mixed_or_cross_group_difference,SUB:M>B;SUB:N>L;RULE_ONLY:Y;RULE_ONLY:EU_G,1,1,1,0,0,0,0,0,1,"[""컵라며늬""]"
hold_no_unanimous_exact_context_donor,substantive_difference_candidate,mixed_or_cross_group_difference,SUB:M>B;SUB:N>L;RULE_ONLY:Y;RULE_ONLY:L;RULE_ONLY:Y,1,1,1,0,0,0,0,0,1,"[""컵라멸류""]"
hold_no_unanimous_exact_context_donor,substantive_difference_candidate,mixed_or_cross_group_difference,SUB:M>B;SUB:N>L;RULE_ONLY:Y;RULE_ONLY:N,1,1,1,1,0,0,0,0,0,"[""컵라며니언는데""]"
hold_no_unanimous_exact_context_donor,substantive_difference_candidate,mixed_or_cross_group_difference,SUB:M>B;SUB:N>L;SUB:N>NG,1,1,1,1,0,0,0,0,0,"[""불합리성드를""]"
hold_no_unanimous_exact_context_donor,substantive_difference_candidate,mixed_or_cross_group_difference,SUB:M>B;SUB:N>L;SUB:NG>N;RULE_ONLY:L,1,1,1,0,0,0,1,0,0,"[""합리저긴가요라늘라는""]"
hold_no_unanimous_exact_context_donor,substantive_difference_candidate,mixed_or_cross_group_difference,SUB:M>B;SUB:N>NG;RULE_ONLY:Y,1,1,1,0,1,0,0,0,0,"[""입뽕자기며는""]"
hold_no_unanimous_exact_context_donor,substantive_difference_candidate,mixed_or_cross_group_difference,SUB:M>N;RULE_ONLY:D,1,1,1,0,1,0,0,0,0,"[""눈빋처럼""]"
hold_no_unanimous_exact_context_donor,substantive_difference_candidate,mixed_or_cross_group_difference,SUB:M>N;RULE_ONLY:EU_G;RULE_ONLY:N,1,1,1,0,0,0,0,1,0,"[""반신바늬핸는데""]"
hold_no_unanimous_exact_context_donor,substantive_difference_candidate,mixed_or_cross_group_difference,SUB:M>N;RULE_ONLY:G;RULE_ONLY:M,1,1,1,0,0,0,0,0,1,"[""천백꾸심만""]"
hold_no_unanimous_exact_context_donor,substantive_difference_candidate,mixed_or_cross_group_difference,SUB:M>N;RULE_ONLY:G;SUB:N>NG,1,1,1,1,0,0,0,0,0,"[""신포닥깡정이라고""]"
hold_no_unanimous_exact_context_donor,substantive_difference_candidate,mixed_or_cross_group_difference,SUB:M>N;RULE_ONLY:G;SUB:NG>N,1,1,1,1,0,0,0,0,0,"[""전복꼼탕인가""]"
hold_no_unanimous_exact_context_donor,substantive_difference_candidate,mixed_or_cross_group_difference,SUB:M>N;RULE_ONLY:K;SUB:G>W,1,1,1,1,0,0,0,0,0,"[""전보쾨를""]"
hold_no_unanimous_exact_context_donor,substantive_difference_candidate,mixed_or_cross_group_difference,SUB:M>N;RULE_ONLY:L;RULE_ONLY:Y;RULE_ONLY:EU_G,1,1,1,0,1,0,0,0,0,"[""인플레이셔늬""]"
hold_no_unanimous_exact_context_donor,substantive_difference_candidate,mixed_or_cross_group_difference,SUB:M>N;RULE_ONLY:L;RULE_ONLY:Y;RULE_ONLY:Y,1,1,1,1,0,0,0,0,0,"[""푹씬푹씬할려면""]"
hold_no_unanimous_exact_context_donor,substantive_difference_candidate,mixed_or_cross_group_difference,SUB:M>N;RULE_ONLY:W;RULE_ONLY:N,1,1,1,0,0,0,0,1,0,"[""선봔는데""]"
hold_no_unanimous_exact_context_donor,substantive_difference_candidate,mixed_or_cross_group_difference,SUB:M>N;RULE_ONLY:Y;RULE_ONLY:L;RULE_ONLY:Y,1,1,1,0,0,0,1,0,0,"[""선별려글""]"
hold_no_unanimous_exact_context_donor,substantive_difference_candidate,mixed_or_cross_group_difference,SUB:M>N;RULE_ONLY:Y;RULE_ONLY:NG,1,1,1,0,0,1,0,0,0,"[""연봉협쌍에서""]"
hold_no_unanimous_exact_context_donor,substantive_difference_candidate,mixed_or_cross_group_difference,SUB:M>N;RULE_ONLY:Y;RULE_ONLY:W,1,1,1,0,0,0,0,0,1,"[""통신병과엳끼""]"
hold_no_unanimous_exact_context_donor,substantive_difference_candidate,mixed_or_cross_group_difference,SUB:M>N;RULE_ONLY:Y;RULE_ONLY:Y;RULE_ONLY:W,1,1,1,0,0,0,1,0,0,"[""단펴녕화""]"
hold_no_unanimous_exact_context_donor,substantive_difference_candidate,mixed_or_cross_group_difference,SUB:M>N;RULE_ONLY:Y;SUB:M>N,1,1,1,0,0,0,0,0,1,"[""간병인바께""]"
hold_no_unanimous_exact_context_donor,substantive_difference_candidate,mixed_or_cross_group_difference,SUB:M>N;SUB:B>P;RULE_ONLY:W,1,1,1,0,0,0,1,0,0,"[""인피쉬니라는""]"
hold_no_unanimous_exact_context_donor,substantive_difference_candidate,mixed_or_cross_group_difference,SUB:M>N;SUB:B>P;SUB:NG>N,1,1,1,0,0,0,1,0,0,"[""팬피기라든가""]"
hold_no_unanimous_exact_context_donor,substantive_difference_candidate,mixed_or_cross_group_difference,SUB:M>N;SUB:G>K;RULE_ONLY:Y,1,1,1,0,0,0,0,1,0,"[""전복씨키려고""]"
hold_no_unanimous_exact_context_donor,substantive_difference_candidate,mixed_or_cross_group_difference,SUB:M>N;SUB:M>NG;SUB:NG>N,1,1,1,0,0,0,1,0,0,"[""건방버비라든가""]"
hold_no_unanimous_exact_context_donor,substantive_difference_candidate,mixed_or_cross_group_difference,SUB:M>N;SUB:N>NG;RULE_ONLY:EU_G,1,1,1,0,0,0,0,1,0,"[""전봉주늬""]"
hold_no_unanimous_exact_context_donor,substantive_difference_candidate,mixed_or_cross_group_difference,SUB:M>N;SUB:NG>G;RULE_ONLY:G;RULE_ONLY:Y,1,1,1,0,0,0,0,1,0,"[""만방국쩨학꾜를""]"
hold_no_unanimous_exact_context_donor,substantive_difference_candidate,mixed_or_cross_group_difference,SUB:M>N;SUB:SS>S,1,1,1,0,0,0,0,0,1,"[""선반시그로""]"
hold_no_unanimous_exact_context_donor,substantive_difference_candidate,mixed_or_cross_group_difference,SUB:M>NG;RULE_ONLY:G;RULE_ONLY:W,1,1,1,0,1,0,0,0,0,"[""왕복꿘""]"
hold_no_unanimous_exact_context_donor,substantive_difference_candidate,mixed_or_cross_group_difference,SUB:M>NG;RULE_ONLY:G;SUB:NG>L;SUB:N>Y;SUB:K>G,1,1,1,0,0,0,0,0,1,"[""성폭려긔""]"
hold_no_unanimous_exact_context_donor,substantive_difference_candidate,mixed_or_cross_group_difference,SUB:M>NG;RULE_ONLY:K;SUB:G>W;RULE_ONLY:Y,1,1,1,0,0,0,0,1,0,"[""삼풍배콰저미얻꺼드뇨""]"
hold_no_unanimous_exact_context_donor,substantive_difference_candidate,mixed_or_cross_group_difference,SUB:M>NG;RULE_ONLY:N;SUB:M>P;SUB:B>Y,1,1,1,1,0,0,0,0,0,"[""행보칸표정이어써요""]"
hold_no_unanimous_exact_context_donor,substantive_difference_candidate,mixed_or_cross_group_difference,SUB:M>NG;RULE_ONLY:P;SUB:B>Y,1,1,1,0,0,1,0,0,0,"[""정반대펴니어쓸""]"
hold_no_unanimous_exact_context_donor,substantive_difference_candidate,mixed_or_cross_group_difference,SUB:M>NG;RULE_ONLY:P;SUB:B>Y;RULE_ONLY:EU_G,1,1,1,0,1,0,0,0,0,"[""정반대펴늬""]"
hold_no_unanimous_exact_context_donor,substantive_difference_candidate,mixed_or_cross_group_difference,SUB:M>NG;RULE_ONLY:Y;RULE_ONLY:G;RULE_ONLY:W,1,1,1,0,1,0,0,0,0,"[""통버녀칵꽈로""]"
hold_no_unanimous_exact_context_donor,substantive_difference_candidate,mixed_or_cross_group_difference,SUB:M>NG;RULE_ONLY:Y;SUB:N>NG;SUB:NG>N,1,1,1,0,0,0,1,0,0,"[""정병후닌가""]"
hold_no_unanimous_exact_context_donor,substantive_difference_candidate,mixed_or_cross_group_difference,SUB:M>NG;SUB:K>G;RULE_ONLY:W,1,1,1,1,0,0,0,0,0,"[""동백꽈""]"
hold_no_unanimous_exact_context_donor,substantive_difference_candidate,mixed_or_cross_group_difference,SUB:M>NG;SUB:K>G;SUB:M>B,1,1,1,0,0,0,0,0,1,"[""홍백까합쩌니""]"
hold_no_unanimous_exact_context_donor,substantive_difference_candidate,mixed_or_cross_group_difference,SUB:M>NG;SUB:K>G;SUB:M>B;RULE_ONLY:N,1,1,1,0,0,0,0,0,1,"[""홍백까합쩌니언나요""]"
hold_no_unanimous_exact_context_donor,substantive_difference_candidate,mixed_or_cross_group_difference,SUB:M>NG;SUB:N>NG;RULE_ONLY:G;RULE_ONLY:Y,1,1,1,0,0,1,0,0,0,"[""용봉중학꾜는""]"
hold_no_unanimous_exact_context_donor,substantive_difference_candidate,mixed_or_cross_group_difference,SUB:M>NG;SUB:NG>N;RULE_ONLY:W;RULE_ONLY:W,1,1,1,0,1,0,0,0,0,"[""정보통신과학꽈다""]"
hold_no_unanimous_exact_context_donor,substantive_difference_candidate,mixed_or_cross_group_difference,SUB:M>NG;SUB:NG>N;RULE_ONLY:Y,1,1,1,0,1,0,0,0,0,"[""상반기며는""]"
hold_no_unanimous_exact_context_donor,substantive_difference_candidate,mixed_or_cross_group_difference,SUB:M>NG;SUB:NG>N;SUB:NG>N,1,1,1,1,0,0,0,0,0,"[""사랑반는구나""]"
hold_no_unanimous_exact_context_donor,substantive_difference_candidate,mixed_or_cross_group_difference,SUB:M>NG;SUB:T>D,1,1,1,0,0,0,1,0,0,"[""육쌍부대나""]"
hold_no_unanimous_exact_context_donor,substantive_difference_candidate,mixed_or_cross_group_difference,SUB:M>NG;SUB:T>D;RULE_ONLY:G;RULE_ONLY:Y,1,1,1,0,0,0,1,0,0,"[""중부대학꾜""]"
hold_no_unanimous_exact_context_donor,substantive_difference_candidate,mixed_or_cross_group_difference,SUB:N>G;RULE_ONLY:W;SUB:E>AE,1,1,1,0,0,0,0,0,1,"[""증식뙏따""]"
hold_no_unanimous_exact_context_donor,substantive_difference_candidate,mixed_or_cross_group_difference,SUB:N>G;RULE_ONLY:Y,1,1,1,0,0,0,1,0,0,"[""공식쌰븐""]"
hold_no_unanimous_exact_context_donor,substantive_difference_candidate,mixed_or_cross_group_difference,SUB:N>G;SUB:M>N,1,1,1,1,0,0,0,0,0,"[""청각짱애인분들께""]"
hold_no_unanimous_exact_context_donor,substantive_difference_candidate,mixed_or_cross_group_difference,SUB:N>G;SUB:NG>N,1,1,1,0,0,0,0,1,0,"[""양식짱이라든가""]"
hold_no_unanimous_exact_context_donor,substantive_difference_candidate,mixed_or_cross_group_difference,SUB:N>L;RULE_ONLY:EU_G;SUB:N>NG,1,1,1,0,1,0,0,0,0,"[""장래희망드를""]"
hold_no_unanimous_exact_context_donor,substantive_difference_candidate,mixed_or_cross_group_difference,SUB:N>L;RULE_ONLY:G;SUB:NG>L;SUB:N>Y,1,1,1,0,0,0,0,1,0,"[""등락류리""]"
hold_no_unanimous_exact_context_donor,substantive_difference_candidate,mixed_or_cross_group_difference,SUB:N>L;RULE_ONLY:M,1,1,1,0,1,0,0,0,0,"[""중림마니""]"
hold_no_unanimous_exact_context_donor,substantive_difference_candidate,mixed_or_cross_group_difference,SUB:N>L;RULE_ONLY:NG,1,1,1,0,0,0,1,0,0,"[""냉랭해써요""]"
hold_no_unanimous_exact_context_donor,substantive_difference_candidate,mixed_or_cross_group_difference,SUB:N>L;RULE_ONLY:W;RULE_ONLY:Y;RULE_ONLY:Y,1,1,1,0,0,0,0,0,1,"[""정리되셛쬬""]"
hold_no_unanimous_exact_context_donor,substantive_difference_candidate,mixed_or_cross_group_difference,SUB:N>L;RULE_ONLY:W;SUB:E>AE;RULE_ONLY:Y,1,1,1,0,1,0,0,0,0,"[""정리돼쓰면""]"
hold_no_unanimous_exact_context_donor,substantive_difference_candidate,mixed_or_cross_group_difference,SUB:N>L;RULE_ONLY:Y;RULE_ONLY:N,1,1,1,0,1,0,0,0,0,"[""창립끼녀미리언는데""]"
hold_no_unanimous_exact_context_donor,substantive_difference_candidate,mixed_or_cross_group_difference,SUB:N>L;SUB:M>B,1,1,1,1,0,0,0,0,0,"[""승리지입까캐""]"
hold_no_unanimous_exact_context_donor,substantive_difference_candidate,mixed_or_cross_group_difference,SUB:N>L;SUB:M>N,1,1,1,0,0,0,0,1,0,"[""채김론보다는""]"
hold_no_unanimous_exact_context_donor,substantive_difference_candidate,mixed_or_cross_group_difference,SUB:N>L;SUB:N>NG;SUB:NG>N,1,1,1,0,0,0,1,0,0,"[""정리정도니라든가""]"
hold_no_unanimous_exact_context_donor,substantive_difference_candidate,mixed_or_cross_group_difference,SUB:N>L;SUB:N>Y,1,1,1,0,1,0,0,0,0,"[""강릉여기""]"
hold_no_unanimous_exact_context_donor,substantive_difference_candidate,mixed_or_cross_group_difference,SUB:N>NG;RULE_ONLY:B;SUB:M>L;SUB:N>Y,1,1,1,0,0,1,0,0,0,"[""응집려기나""]"
hold_no_unanimous_exact_context_donor,substantive_difference_candidate,mixed_or_cross_group_difference,SUB:N>NG;RULE_ONLY:CH;SUB:J>W;SUB:N>NG,1,1,1,0,0,0,0,1,0,"[""영재최강저네서""]"
hold_no_unanimous_exact_context_donor,substantive_difference_candidate,mixed_or_cross_group_difference,SUB:N>NG;RULE_ONLY:EO;RULE_ONLY:EU_G,1,1,1,0,1,0,0,0,0,"[""상다뭐늬""]"
hold_no_unanimous_exact_context_donor,substantive_difference_candidate,mixed_or_cross_group_difference,SUB:N>NG;RULE_ONLY:EO;SUB:M>N,1,1,1,0,0,0,0,0,1,"[""상다뭔분들께서""]"
hold_no_unanimous_exact_context_donor,substantive_difference_candidate,mixed_or_cross_group_difference,SUB:N>NG;RULE_ONLY:G;RULE_ONLY:L,1,1,1,1,0,0,0,0,0,"[""정책뜰로""]"
hold_no_unanimous_exact_context_donor,substantive_difference_candidate,mixed_or_cross_group_difference,SUB:N>NG;RULE_ONLY:G;SUB:NG>L;SUB:N>Y,1,1,1,0,0,1,0,0,0,"[""정착류리""]"
hold_no_unanimous_exact_context_donor,substantive_difference_candidate,mixed_or_cross_group_difference,SUB:N>NG;RULE_ONLY:K;SUB:G>W;RULE_ONLY:W;SUB:E>AE,1,1,1,0,1,0,0,0,0,"[""정차콰돼""]"
hold_no_unanimous_exact_context_donor,substantive_difference_candidate,mixed_or_cross_group_difference,SUB:N>NG;RULE_ONLY:L;SUB:N>Y;RULE_ONLY:W,1,1,1,0,0,0,0,1,0,"[""성장력꽈""]"
hold_no_unanimous_exact_context_donor,substantive_difference_candidate,mixed_or_cross_group_difference,SUB:N>NG;RULE_ONLY:L;SUB:N>Y;RULE_ONLY:Y,1,1,1,0,0,0,0,0,1,"[""성장류르뇨""]"
hold_no_unanimous_exact_context_donor,substantive_difference_candidate,mixed_or_cross_group_difference,SUB:N>NG;RULE_ONLY:NG;SUB:M>P;SUB:B>Y;RULE_ONLY:P;SUB:B>Y,1,1,1,0,0,0,0,0,1,"[""탕탕평평시리라고""]"
hold_no_unanimous_exact_context_donor,substantive_difference_candidate,mixed_or_cross_group_difference,SUB:N>NG;RULE_ONLY:W,1,1,1,1,0,0,0,0,0,"[""태종무여뢍""]"
hold_no_unanimous_exact_context_donor,substantive_difference_candidate,mixed_or_cross_group_difference,SUB:N>NG;RULE_ONLY:W;RULE_ONLY:G;SUB:NG>L;SUB:N>Y,1,1,1,0,1,0,0,0,0,"[""생존확류리""]"
hold_no_unanimous_exact_context_donor,substantive_difference_candidate,mixed_or_cross_group_difference,SUB:N>NG;RULE_ONLY:Y;SUB:M>N,1,1,1,1,0,0,0,0,0,"[""성차별저긴바러는""]"
hold_no_unanimous_exact_context_donor,substantive_difference_candidate,mixed_or_cross_group_difference,SUB:N>NG;SUB:D>T;SUB:NG>N,1,1,1,0,0,1,0,0,0,"[""강티민가""]"
hold_no_unanimous_exact_context_donor,substantive_difference_candidate,mixed_or_cross_group_difference,SUB:N>NG;SUB:J>D;RULE_ONLY:Y,1,1,1,0,0,0,0,0,1,"[""생뚱맏쬬""]"
hold_no_unanimous_exact_context_donor,substantive_difference_candidate,mixed_or_cross_group_difference,SUB:N>NG;SUB:M>B;RULE_ONLY:Y,1,1,1,0,1,0,0,0,0,"[""동차합껴글""]"
hold_no_unanimous_exact_context_donor,substantive_difference_candidate,mixed_or_cross_group_difference,SUB:N>NG;SUB:M>N;RULE_ONLY:K;SUB:G>W,1,1,1,0,1,0,0,0,0,"[""동탄배콰점""]"
hold_no_unanimous_exact_context_donor,substantive_difference_candidate,mixed_or_cross_group_difference,SUB:N>NG;SUB:M>N;RULE_ONLY:Y;RULE_ONLY:G;SUB:NG>L;SUB:N>Y,1,1,1,0,0,0,0,0,1,"[""청천벽려글""]"
hold_no_unanimous_exact_context_donor,substantive_difference_candidate,mixed_or_cross_group_difference,SUB:N>NG;SUB:M>N;SUB:NG>N,1,1,1,0,0,0,0,0,1,"[""칭찬바단는가""]"
hold_no_unanimous_exact_context_donor,substantive_difference_candidate,mixed_or_cross_group_difference,SUB:N>NG;SUB:M>NG;RULE_ONLY:Y;SUB:NG>N,1,1,1,1,0,0,0,0,0,"[""행정려기라든가""]"
hold_no_unanimous_exact_context_donor,substantive_difference_candidate,mixed_or_cross_group_difference,SUB:N>NG;SUB:M>NG;SUB:NG>G;RULE_ONLY:Y,1,1,1,1,0,0,0,0,0,"[""우송정보대학꾜를""]"
hold_no_unanimous_exact_context_donor,substantive_difference_candidate,mixed_or_cross_group_difference,SUB:N>NG;SUB:M>NG;SUB:NG>N,1,1,1,0,1,0,0,0,0,"[""행정바니라든가""]"
hold_no_unanimous_exact_context_donor,substantive_difference_candidate,mixed_or_cross_group_difference,SUB:N>NG;SUB:N>L;RULE_ONLY:Y;SUB:NG>G;RULE_ONLY:W,1,1,1,0,1,0,0,0,0,"[""상담심리치료학꽈가""]"
hold_no_unanimous_exact_context_donor,substantive_difference_candidate,mixed_or_cross_group_difference,SUB:N>NG;SUB:N>NG;RULE_ONLY:G;SUB:K>H;RULE_ONLY:Y,1,1,1,0,0,0,0,0,1,"[""행궁통닥하면""]"
hold_no_unanimous_exact_context_donor,substantive_difference_candidate,mixed_or_cross_group_difference,SUB:N>NG;SUB:NG>G;RULE_ONLY:W,1,1,1,0,0,0,1,0,0,"[""통증의하긔학꽈""]"
hold_no_unanimous_exact_context_donor,substantive_difference_candidate,mixed_or_cross_group_difference,SUB:N>NG;SUB:NG>G;SUB:N>L,1,1,1,0,0,1,0,0,0,"[""즈킁적로""]"
hold_no_unanimous_exact_context_donor,substantive_difference_candidate,mixed_or_cross_group_difference,SUB:N>NG;SUB:NG>G;SUB:N>L;SUB:NG>N,1,1,1,1,0,0,0,0,0,"[""송죽리민가""]"
hold_no_unanimous_exact_context_donor,substantive_difference_candidate,mixed_or_cross_group_difference,SUB:N>NG;SUB:NG>N;RULE_ONLY:Y,1,1,1,0,1,0,0,0,0,"[""창천초등학꾜에도""]"
hold_no_unanimous_exact_context_donor,substantive_difference_candidate,mixed_or_cross_group_difference,SUB:N>NG;SUB:NG>N;RULE_ONLY:Y;RULE_ONLY:Y,1,1,1,0,0,0,0,0,1,"[""충동구매해썬냐면""]"
hold_no_unanimous_exact_context_donor,substantive_difference_candidate,mixed_or_cross_group_difference,SUB:NG>G;RULE_ONLY:G;RULE_ONLY:W,1,1,1,0,0,1,0,0,0,"[""축싼학꽈의""]"
hold_no_unanimous_exact_context_donor,substantive_difference_candidate,mixed_or_cross_group_difference,SUB:NG>G;RULE_ONLY:G;RULE_ONLY:Y,1,1,1,0,0,0,0,0,1,"[""대학씩꾜""]"
hold_no_unanimous_exact_context_donor,substantive_difference_candidate,mixed_or_cross_group_difference,SUB:NG>G;RULE_ONLY:L;SUB:N>NG,1,1,1,0,1,0,0,0,0,"[""백떰블링도""]"
hold_no_unanimous_exact_context_donor,substantive_difference_candidate,mixed_or_cross_group_difference,SUB:NG>G;RULE_ONLY:N;SUB:NG>N,1,1,1,0,1,0,0,0,0,"[""죽껜는거지""]"
hold_no_unanimous_exact_context_donor,substantive_difference_candidate,mixed_or_cross_group_difference,SUB:NG>G;RULE_ONLY:NG;RULE_ONLY:Y,1,1,1,0,0,0,1,0,0,"[""역쭈행하면서""]"
hold_no_unanimous_exact_context_donor,substantive_difference_candidate,mixed_or_cross_group_difference,SUB:NG>G;RULE_ONLY:P;SUB:B>Y,1,1,1,1,0,0,0,0,0,"[""학싸일정표""]"
hold_no_unanimous_exact_context_donor,substantive_difference_candidate,mixed_or_cross_group_difference,SUB:NG>G;RULE_ONLY:W;RULE_ONLY:L;SUB:NG>N,1,1,1,0,1,0,0,0,0,"[""학쌩괄리라든가""]"
hold_no_unanimous_exact_context_donor,substantive_difference_candidate,mixed_or_cross_group_difference,SUB:NG>G;RULE_ONLY:W;RULE_ONLY:Y;RULE_ONLY:G,1,1,1,0,1,0,0,0,0,"[""역싸문화공워녁까지""]"
hold_no_unanimous_exact_context_donor,substantive_difference_candidate,mixed_or_cross_group_difference,SUB:NG>G;RULE_ONLY:W;SUB:E>AE;SUB:NG>N,1,1,1,0,0,0,0,0,1,"[""기록뙌는가""]"
hold_no_unanimous_exact_context_donor,substantive_difference_candidate,mixed_or_cross_group_difference,SUB:NG>G;RULE_ONLY:W;SUB:M>NG,1,1,1,0,0,0,0,1,0,"[""학쌩회장보다는""]"
hold_no_unanimous_exact_context_donor,substantive_difference_candidate,mixed_or_cross_group_difference,SUB:NG>G;RULE_ONLY:W;SUB:NG>N;RULE_ONLY:W,1,1,1,0,0,0,0,0,1,"[""정감독꽌과""]"
hold_no_unanimous_exact_context_donor,substantive_difference_candidate,mixed_or_cross_group_difference,SUB:NG>G;RULE_ONLY:Y;RULE_ONLY:G,1,1,1,0,0,0,0,0,1,"[""역싸멱까지""]"
hold_no_unanimous_exact_context_donor,substantive_difference_candidate,mixed_or_cross_group_difference,SUB:NG>G;RULE_ONLY:Y;RULE_ONLY:G;RULE_ONLY:Y,1,1,1,0,1,0,0,0,0,"[""학껵껵""]"
hold_no_unanimous_exact_context_donor,substantive_difference_candidate,mixed_or_cross_group_difference,SUB:NG>G;RULE_ONLY:Y;SUB:N>NG;RULE_ONLY:N,1,1,1,0,0,1,0,0,0,"[""백령도연나""]"
hold_no_unanimous_exact_context_donor,substantive_difference_candidate,mixed_or_cross_group_difference,SUB:NG>G;RULE_ONLY:Y;SUB:N>NG;SUB:NG>N;RULE_ONLY:W,1,1,1,0,0,0,0,0,1,"[""백뼝전과""]"
hold_no_unanimous_exact_context_donor,substantive_difference_candidate,mixed_or_cross_group_difference,SUB:NG>G;SUB:B>P,1,1,1,1,0,0,0,0,0,"[""학쌀하다시피""]"
hold_no_unanimous_exact_context_donor,substantive_difference_candidate,mixed_or_cross_group_difference,SUB:NG>G;SUB:D>S,1,1,1,0,0,0,0,0,1,"[""식싸하셔야""]"
hold_no_unanimous_exact_context_donor,substantive_difference_candidate,mixed_or_cross_group_difference,SUB:NG>G;SUB:D>S;RULE_ONLY:Y,1,1,1,0,1,0,0,0,0,"[""식싸하셔야죠""]"
hold_no_unanimous_exact_context_donor,substantive_difference_candidate,mixed_or_cross_group_difference,SUB:NG>G;SUB:D>T,1,1,1,1,0,0,0,0,0,"[""복싸티므로""]"
hold_no_unanimous_exact_context_donor,substantive_difference_candidate,mixed_or_cross_group_difference,SUB:NG>G;SUB:E>AE,1,1,1,0,0,0,1,0,0,"[""역싸왜곡""]"
hold_no_unanimous_exact_context_donor,substantive_difference_candidate,mixed_or_cross_group_difference,SUB:NG>G;SUB:G>K;RULE_ONLY:Y,1,1,1,0,1,0,0,0,0,"[""억쩨시키려고""]"
hold_no_unanimous_exact_context_donor,substantive_difference_candidate,mixed_or_cross_group_difference,SUB:NG>G;SUB:M>B,1,1,1,0,0,0,0,1,0,"[""학쌩답꼬""]"
hold_no_unanimous_exact_context_donor,substantive_difference_candidate,mixed_or_cross_group_difference,SUB:NG>G;SUB:M>B;SUB:N>L,1,1,1,0,1,0,0,0,0,"[""축싸넙론도""]"
hold_no_unanimous_exact_context_donor,substantive_difference_candidate,mixed_or_cross_group_difference,SUB:NG>G;SUB:M>NG,1,1,1,0,0,0,0,1,0,"[""악끼능보다는""]"
hold_no_unanimous_exact_context_donor,substantive_difference_candidate,mixed_or_cross_group_difference,SUB:NG>G;SUB:M>NG;RULE_ONLY:Y;RULE_ONLY:L,1,1,1,0,1,0,0,0,0,"[""악짱별로""]"
hold_no_unanimous_exact_context_donor,substantive_difference_candidate,mixed_or_cross_group_difference,SUB:NG>G;SUB:N>L;RULE_ONLY:K;SUB:G>W,1,1,1,0,0,0,1,0,0,"[""목로콰하진""]"
hold_no_unanimous_exact_context_donor,substantive_difference_candidate,mixed_or_cross_group_difference,SUB:NG>G;SUB:N>L;RULE_ONLY:K;SUB:G>W;RULE_ONLY:W,1,1,1,0,0,0,0,0,1,"[""목로콰되는""]"
hold_no_unanimous_exact_context_donor,substantive_difference_candidate,mixed_or_cross_group_difference,SUB:NG>G;SUB:N>L;RULE_ONLY:NG,1,1,1,0,1,0,0,0,0,"[""직립뽀행하는""]"
hold_no_unanimous_exact_context_donor,substantive_difference_candidate,mixed_or_cross_group_difference,SUB:NG>G;SUB:N>L;RULE_ONLY:W;SUB:NG>N;RULE_ONLY:W;RULE_ONLY:W,1,1,1,0,0,0,0,1,0,"[""국립꽈천과학꽈네""]"
hold_no_unanimous_exact_context_donor,substantive_difference_candidate,mixed_or_cross_group_difference,SUB:NG>G;SUB:N>L;RULE_ONLY:Y;RULE_ONLY:W;RULE_ONLY:N,1,1,1,0,0,0,1,0,0,"[""독리병화연는데""]"
hold_no_unanimous_exact_context_donor,substantive_difference_candidate,mixed_or_cross_group_difference,SUB:NG>G;SUB:N>L;RULE_ONLY:Y;RULE_ONLY:W;RULE_ONLY:W,1,1,1,1,0,0,0,0,0,"[""독리병화관""]"
hold_no_unanimous_exact_context_donor,substantive_difference_candidate,mixed_or_cross_group_difference,SUB:NG>G;SUB:N>L;RULE_ONLY:Y;RULE_ONLY:W;RULE_ONLY:Y,1,1,1,0,1,0,0,0,0,"[""독리병화계에서""]"
hold_no_unanimous_exact_context_donor,substantive_difference_candidate,mixed_or_cross_group_difference,SUB:NG>G;SUB:N>L;RULE_ONLY:Y;SUB:N>L,1,1,1,0,0,1,0,0,0,"[""국립짜연휴양림""]"
hold_no_unanimous_exact_context_donor,substantive_difference_candidate,mixed_or_cross_group_difference,SUB:NG>G;SUB:N>L;RULE_ONLY:Y;SUB:N>NG,1,1,1,1,0,0,0,0,0,"[""독리뷰공자""]"
hold_no_unanimous_exact_context_donor,substantive_difference_candidate,mixed_or_cross_group_difference,SUB:NG>G;SUB:N>L;SUB:D>T,1,1,1,0,0,1,0,0,0,"[""독립티미란""]"
hold_no_unanimous_exact_context_donor,substantive_difference_candidate,mixed_or_cross_group_difference,SUB:NG>G;SUB:N>L;SUB:M>N;RULE_ONLY:W,1,1,1,1,0,0,0,0,0,"[""국립춘천방물과네서""]"
hold_no_unanimous_exact_context_donor,substantive_difference_candidate,mixed_or_cross_group_difference,SUB:NG>G;SUB:N>L;SUB:NG>N;RULE_ONLY:W;RULE_ONLY:L;SUB:N>NG,1,1,1,0,0,0,0,1,0,"[""국립꽁원괄리공단""]"
hold_no_unanimous_exact_context_donor,substantive_difference_candidate,mixed_or_cross_group_difference,SUB:NG>G;SUB:N>L;SUB:NG>N;RULE_ONLY:W;RULE_ONLY:W,1,1,1,1,0,0,0,0,0,"[""국립쑤산과하궈네서""]"
hold_no_unanimous_exact_context_donor,substantive_difference_candidate,mixed_or_cross_group_difference,SUB:NG>G;SUB:N>L;SUB:NG>N;RULE_ONLY:Y,1,1,1,1,0,0,0,0,0,"[""폭라근커녕""]"
hold_no_unanimous_exact_context_donor,substantive_difference_candidate,mixed_or_cross_group_difference,SUB:NG>G;SUB:N>NG;RULE_ONLY:L,1,1,1,1,0,0,0,0,0,"[""남북꽁동열락싸무소""]"
hold_no_unanimous_exact_context_donor,substantive_difference_candidate,mixed_or_cross_group_difference,SUB:NG>G;SUB:N>NG;SUB:NG>N,1,1,1,0,0,0,1,0,0,"[""식쭝도기라든가""]"
hold_no_unanimous_exact_context_donor,substantive_difference_candidate,mixed_or_cross_group_difference,SUB:NG>G;SUB:NG>G;RULE_ONLY:Y,1,1,1,0,0,0,0,1,0,"[""역싸학짜여쓰면""]"
hold_no_unanimous_exact_context_donor,substantive_difference_candidate,mixed_or_cross_group_difference,SUB:NG>G;SUB:NG>G;SUB:NG>N,1,1,1,1,0,0,0,0,0,"[""역싸학짜라든가""]"
hold_no_unanimous_exact_context_donor,substantive_difference_candidate,mixed_or_cross_group_difference,SUB:NG>G;SUB:NG>N;RULE_ONLY:Y,1,1,1,0,0,0,0,0,1,"[""식싸만크며은""]"
hold_no_unanimous_exact_context_donor,substantive_difference_candidate,mixed_or_cross_group_difference,SUB:NG>N;RULE_ONLY:G;RULE_ONLY:L;RULE_ONLY:Y;SUB:M>N,1,1,1,0,0,0,0,0,1,"[""천구백꾸십칠련부터""]"
hold_no_unanimous_exact_context_donor,substantive_difference_candidate,mixed_or_cross_group_difference,SUB:NG>N;RULE_ONLY:K;SUB:G>W;RULE_ONLY:W;RULE_ONLY:Y,1,1,1,0,0,1,0,0,0,"[""선진구콰되면서""]"
hold_no_unanimous_exact_context_donor,substantive_difference_candidate,mixed_or_cross_group_difference,SUB:NG>N;RULE_ONLY:K;SUB:G>W;RULE_ONLY:W;SUB:E>AE,1,1,1,0,0,0,1,0,0,"[""선진구콰됃꾸나""]"
hold_no_unanimous_exact_context_donor,substantive_difference_candidate,mixed_or_cross_group_difference,SUB:NG>N;RULE_ONLY:K;SUB:G>W;RULE_ONLY:Y,1,1,1,1,0,0,0,0,0,"[""한구콰시켜서""]"
hold_no_unanimous_exact_context_donor,substantive_difference_candidate,mixed_or_cross_group_difference,SUB:NG>N;RULE_ONLY:L;RULE_ONLY:N,1,1,1,0,0,1,0,0,0,"[""한글라리언나""]"
hold_no_unanimous_exact_context_donor,substantive_difference_candidate,mixed_or_cross_group_difference,SUB:NG>N;RULE_ONLY:L;SUB:M>N,1,1,1,0,0,0,0,1,0,"[""팬클러빈분드른""]"
hold_no_unanimous_exact_context_donor,substantive_difference_candidate,mixed_or_cross_group_difference,SUB:NG>N;RULE_ONLY:M;RULE_ONLY:Y,1,1,1,0,0,0,1,0,0,"[""인공감미료연는지""]"
hold_no_unanimous_exact_context_donor,substantive_difference_candidate,mixed_or_cross_group_difference,SUB:NG>N;RULE_ONLY:N;RULE_ONLY:Y,1,1,1,0,1,0,0,0,0,"[""안켄냔""]"
hold_no_unanimous_exact_context_donor,substantive_difference_candidate,mixed_or_cross_group_difference,SUB:NG>N;RULE_ONLY:NG,1,1,1,0,0,0,0,1,0,"[""백빤기행하는""]"
hold_no_unanimous_exact_context_donor,substantive_difference_candidate,mixed_or_cross_group_difference,SUB:NG>N;RULE_ONLY:P;SUB:B>Y;RULE_ONLY:Y;RULE_ONLY:W,1,1,1,0,0,0,0,0,1,"[""한국표준혀푀라고""]"
hold_no_unanimous_exact_context_donor,substantive_difference_candidate,mixed_or_cross_group_difference,SUB:NG>N;RULE_ONLY:W;RULE_ONLY:G;RULE_ONLY:Y,1,1,1,0,0,1,0,0,0,"[""인문과학꼐여레""]"
hold_no_unanimous_exact_context_donor,substantive_difference_candidate,mixed_or_cross_group_difference,SUB:NG>N;RULE_ONLY:W;RULE_ONLY:G;SUB:NG>G;RULE_ONLY:Y,1,1,1,0,1,0,0,0,0,"[""동원과학끼술대학꾜가""]"
hold_no_unanimous_exact_context_donor,substantive_difference_candidate,mixed_or_cross_group_difference,SUB:NG>N;RULE_ONLY:W;RULE_ONLY:K;SUB:G>W,1,1,1,0,0,0,0,0,1,"[""전광서콰처럼""]"
hold_no_unanimous_exact_context_donor,substantive_difference_candidate,mixed_or_cross_group_difference,SUB:NG>N;RULE_ONLY:W;RULE_ONLY:L;RULE_ONLY:Y,1,1,1,0,1,0,0,0,0,"[""중간괄리지카며는""]"
hold_no_unanimous_exact_context_donor,substantive_difference_candidate,mixed_or_cross_group_difference,SUB:NG>N;RULE_ONLY:W;RULE_ONLY:L;SUB:N>NG;SUB:NG>N,1,1,1,0,0,0,0,0,1,"[""건강괄리공다닌가""]"
hold_no_unanimous_exact_context_donor,substantive_difference_candidate,mixed_or_cross_group_difference,SUB:NG>N;RULE_ONLY:W;RULE_ONLY:N;SUB:N>NG,1,1,1,0,0,0,0,0,1,"[""한구괴구긴노동자지원센터라는""]"
hold_no_unanimous_exact_context_donor,substantive_difference_candidate,mixed_or_cross_group_difference,SUB:NG>N;RULE_ONLY:W;RULE_ONLY:W,1,1,1,0,0,0,0,0,1,"[""윤곽꽈""]"
hold_no_unanimous_exact_context_donor,substantive_difference_candidate,mixed_or_cross_group_difference,SUB:NG>N;RULE_ONLY:W;RULE_ONLY:W;RULE_ONLY:Y,1,1,1,0,0,0,0,0,1,"[""인구화되며는""]"
hold_no_unanimous_exact_context_donor,substantive_difference_candidate,mixed_or_cross_group_difference,SUB:NG>N;RULE_ONLY:W;SUB:M>NG;SUB:NG>G;RULE_ONLY:Y,1,1,1,0,0,0,0,1,0,"[""원광보건대학꾜에서""]"
hold_no_unanimous_exact_context_donor,substantive_difference_candidate,mixed_or_cross_group_difference,SUB:NG>N;RULE_ONLY:W;SUB:N>NG;RULE_ONLY:Y,1,1,1,1,0,0,0,0,0,"[""신광초등학꾜에""]"
hold_no_unanimous_exact_context_donor,substantive_difference_candidate,mixed_or_cross_group_difference,SUB:NG>N;RULE_ONLY:Y;RULE_ONLY:EU_G,1,1,1,0,1,0,0,0,0,"[""만고불벼늬""]"
hold_no_unanimous_exact_context_donor,substantive_difference_candidate,mixed_or_cross_group_difference,SUB:NG>N;RULE_ONLY:Y;RULE_ONLY:H;RULE_ONLY:Y,1,1,1,0,1,0,0,0,0,"[""썬냐하면""]"
hold_no_unanimous_exact_context_donor,substantive_difference_candidate,mixed_or_cross_group_difference,SUB:NG>N;RULE_ONLY:Y;RULE_ONLY:M,1,1,1,0,0,0,1,0,0,"[""민가뇨범만""]"
hold_no_unanimous_exact_context_donor,substantive_difference_candidate,mixed_or_cross_group_difference,SUB:NG>N;SUB:M>N;SUB:NG>N,1,1,1,0,0,0,0,1,0,"[""인건비만크믜""]"
hold_no_unanimous_exact_context_donor,substantive_difference_candidate,mixed_or_cross_group_difference,SUB:NG>N;SUB:M>NG;RULE_ONLY:EU_G,1,1,1,1,0,0,0,0,0,"[""주인공부늬""]"
hold_no_unanimous_exact_context_donor,substantive_difference_candidate,mixed_or_cross_group_difference,SUB:NG>N;SUB:M>NG;RULE_ONLY:L,1,1,1,0,0,0,0,1,0,"[""난공불라기야""]"
hold_no_unanimous_exact_context_donor,substantive_difference_candidate,mixed_or_cross_group_difference,SUB:NG>N;SUB:N>NG;RULE_ONLY:W;RULE_ONLY:Y,1,1,1,0,0,1,0,0,0,"[""완공되며는""]"
hold_no_unanimous_exact_context_donor,substantive_difference_candidate,mixed_or_cross_group_difference,SUB:NG>N;SUB:N>NG;RULE_ONLY:Y,1,1,1,0,0,0,0,0,1,"[""인공지능이며는""]"
hold_no_unanimous_exact_context_donor,substantive_difference_candidate,mixed_or_cross_group_difference,SUB:NG>N;SUB:N>NG;SUB:N>NG,1,1,1,0,1,0,0,0,0,"[""인공지능드른""]"
hold_no_unanimous_exact_context_donor,substantive_difference_candidate,mixed_or_cross_group_difference,SUB:NG>N;SUB:N>NG;SUB:NG>N,1,1,1,0,0,0,0,1,0,"[""린궁주멘가니라고""]"
hold_no_unanimous_exact_context_donor,substantive_difference_candidate,mixed_or_cross_group_difference,SUB:NG>N;SUB:NG>G;RULE_ONLY:L;SUB:N>Y;RULE_ONLY:G,1,1,1,0,0,0,1,0,0,"[""한국싸능력껌정시험""]"
hold_no_unanimous_exact_context_donor,substantive_difference_candidate,mixed_or_cross_group_difference,SUB:NG>N;SUB:NG>G;RULE_ONLY:NG,1,1,1,0,1,0,0,0,0,"[""한국끼행에서""]"
hold_no_unanimous_exact_context_donor,substantive_difference_candidate,mixed_or_cross_group_difference,SUB:NG>N;SUB:NG>G;RULE_ONLY:P;SUB:B>Y;SUB:D>T,1,1,1,1,0,0,0,0,0,"[""한국때표팀""]"
hold_no_unanimous_exact_context_donor,substantive_difference_candidate,mixed_or_cross_group_difference,SUB:NG>N;SUB:NG>G;RULE_ONLY:W;SUB:NG>N;RULE_ONLY:W;SUB:NG>N,1,1,1,0,1,0,0,0,0,"[""한국꽌광공산가""]"
hold_no_unanimous_exact_context_donor,substantive_difference_candidate,mixed_or_cross_group_difference,SUB:NG>N;SUB:NG>G;RULE_ONLY:Y;RULE_ONLY:Y;SUB:NG>N,1,1,1,0,1,0,0,0,0,"[""한국껼제예탁끄뮹워닌가""]"
hold_no_unanimous_exact_context_donor,substantive_difference_candidate,mixed_or_cross_group_difference,SUB:NG>N;SUB:NG>G;SUB:N>NG;RULE_ONLY:K;SUB:G>W,1,1,1,1,0,0,0,0,0,"[""한국짜동차공하쾬데""]"
hold_no_unanimous_exact_context_donor,substantive_difference_candidate,mixed_or_cross_group_difference,SUB:NG>N;SUB:NG>G;SUB:N>NG;SUB:N>L;RULE_ONLY:K;SUB:G>W,1,1,1,1,0,0,0,0,0,"[""한국쌍담심리하쾨에""]"
hold_no_unanimous_exact_context_donor,substantive_difference_candidate,mixed_or_cross_group_difference,SUB:NG>N;SUB:NG>G;SUB:N>NG;SUB:NG>G;RULE_ONLY:Y,1,1,1,1,0,0,0,0,0,"[""한국빵송통신대학꾜는""]"
hold_no_unanimous_exact_context_donor,substantive_difference_candidate,mixed_or_cross_group_difference,SUB:NG>N;SUB:NG>N;SUB:M>NG,1,1,1,0,1,0,0,0,0,"[""궁민건강보험""]"
hold_no_unanimous_exact_context_donor,substantive_difference_candidate,mixed_or_cross_group_difference,SUB:NG>N;SUB:NG>N;SUB:N>NG,1,1,1,0,0,0,0,1,0,"[""인간극짱처럼""]"
hold_no_unanimous_exact_context_donor,substantive_difference_candidate,mixed_or_cross_group_difference,SUB:NG>N;SUB:NG>N;SUB:P>B,1,1,1,0,0,0,0,1,0,"[""준공무원그븨""]"
hold_no_unanimous_exact_context_donor,substantive_difference_candidate,mixed_or_cross_group_difference,SUB:O>Y;SUB:D>O;SUB:Y>S,1,1,1,0,0,0,0,0,1,"[""쇼싀""]"
hold_no_unanimous_exact_context_donor,substantive_difference_candidate,mixed_or_cross_group_difference,SUB:SS>S;SUB:M>N,1,1,1,1,0,0,0,0,0,"[""불신바께""]"
hold_no_unanimous_exact_context_donor,substantive_difference_candidate,mixed_or_cross_group_difference,SUB:SS>S;SUB:N>NG;SUB:NG>N,1,1,1,0,0,1,0,0,0,"[""돌싱드린가""]"
