year,session_id,utt_id,reason,lab_path,lab_bytes,wav_path,wav_exists,analysis_eligible,morph_disposition
2021,SDRW2100000001,SDRW2100000001.1.1.131,no_textgrid_after_mfa,D:\20_AUDIO\03_wav\individual\2021\SDRW2100000001\SDRW2100000001.1.1.131.lab,35,D:\20_AUDIO\03_wav\individual\2021\SDRW2100000001\SDRW2100000001.1.1.131.wav,True,True,
2021,SDRW2100000015,SDRW2100000015.1.1.143,no_textgrid_after_mfa,D:\20_AUDIO\03_wav\individual\2021\SDRW2100000015\SDRW2100000015.1.1.143.lab,58,D:\20_AUDIO\03_wav\individual\2021\SDRW2100000015\SDRW2100000015.1.1.143.wav,True,True,
2021,SDRW2100000023,SDRW2100000023.1.1.432,no_textgrid_after_mfa,D:\20_AUDIO\03_wav\individual\2021\SDRW2100000023\SDRW2100000023.1.1.432.lab,57,D:\20_AUDIO\03_wav\individual\2021\SDRW2100000023\SDRW2100000023.1.1.432.wav,True,True,
2021,SDRW2100000023,SDRW2100000023.1.1.434,no_textgrid_after_mfa,D:\20_AUDIO\03_wav\individual\2021\SDRW2100000023\SDRW2100000023.1.1.434.lab,57,D:\20_AUDIO\03_wav\individual\2021\SDRW2100000023\SDRW2100000023.1.1.434.wav,True,True,
2021,SDRW2100000024,SDRW2100000024.1.1.152,no_textgrid_after_mfa,D:\20_AUDIO\03_wav\individual\2021\SDRW2100000024\SDRW2100000024.1.1.152.lab,12,D:\20_AUDIO\03_wav\individual\2021\SDRW2100000024\SDRW2100000024.1.1.152.wav,True,False,exclude_source_audio_unusable
2021,SDRW2100000024,SDRW2100000024.1.1.234,no_textgrid_after_mfa,D:\20_AUDIO\03_wav\individual\2021\SDRW2100000024\SDRW2100000024.1.1.234.lab,65,D:\20_AUDIO\03_wav\individual\2021\SDRW2100000024\SDRW2100000024.1.1.234.wav,True,True,
2021,SDRW2100000024,SDRW2100000024.1.1.236,no_textgrid_after_mfa,D:\20_AUDIO\03_wav\individual\2021\SDRW2100000024\SDRW2100000024.1.1.236.lab,65,D:\20_AUDIO\03_wav\individual\2021\SDRW2100000024\SDRW2100000024.1.1.236.wav,True,False,exclude_source_audio_unusable
2021,SDRW2100000039,SDRW2100000039.1.1.199,no_textgrid_after_mfa,D:\20_AUDIO\03_wav\individual\2021\SDRW2100000039\SDRW2100000039.1.1.199.lab,35,D:\20_AUDIO\03_wav\individual\2021\SDRW2100000039\SDRW2100000039.1.1.199.wav,True,False,exclude_source_audio_unusable
2021,SDRW2100000039,SDRW2100000039.1.1.207,no_textgrid_after_mfa,D:\20_AUDIO\03_wav\individual\2021\SDRW2100000039\SDRW2100000039.1.1.207.lab,32,D:\20_AUDIO\03_wav\individual\2021\SDRW2100000039\SDRW2100000039.1.1.207.wav,True,False,exclude_source_audio_unusable
2021,SDRW2100000040,SDRW2100000040.1.1.21,no_textgrid_after_mfa,D:\20_AUDIO\03_wav\individual\2021\SDRW2100000040\SDRW2100000040.1.1.21.lab,98,D:\20_AUDIO\03_wav\individual\2021\SDRW2100000040\SDRW2100000040.1.1.21.wav,True,True,
2021,SDRW2100000044,SDRW2100000044.1.1.248,no_textgrid_after_mfa,D:\20_AUDIO\03_wav\individual\2021\SDRW2100000044\SDRW2100000044.1.1.248.lab,70,D:\20_AUDIO\03_wav\individual\2021\SDRW2100000044\SDRW2100000044.1.1.248.wav,True,True,
2021,SDRW2100000059,SDRW2100000059.1.1.57,no_textgrid_after_mfa,D:\20_AUDIO\03_wav\individual\2021\SDRW2100000059\SDRW2100000059.1.1.57.lab,54,D:\20_AUDIO\03_wav\individual\2021\SDRW2100000059\SDRW2100000059.1.1.57.wav,True,False,exclude_source_audio_unusable
2021,SDRW2100000068,SDRW2100000068.1.1.208,no_textgrid_after_mfa,D:\20_AUDIO\03_wav\individual\2021\SDRW2100000068\SDRW2100000068.1.1.208.lab,66,D:\20_AUDIO\03_wav\individual\2021\SDRW2100000068\SDRW2100000068.1.1.208.wav,True,True,
2021,SDRW2100000075,SDRW2100000075.1.1.327,no_textgrid_after_mfa,D:\20_AUDIO\03_wav\individual\2021\SDRW2100000075\SDRW2100000075.1.1.327.lab,89,D:\20_AUDIO\03_wav\individual\2021\SDRW2100000075\SDRW2100000075.1.1.327.wav,True,True,
2021,SDRW2100000083,SDRW2100000083.1.1.246,no_textgrid_after_mfa,D:\20_AUDIO\03_wav\individual\2021\SDRW2100000083\SDRW2100000083.1.1.246.lab,68,D:\20_AUDIO\03_wav\individual\2021\SDRW2100000083\SDRW2100000083.1.1.246.wav,True,True,
2021,SDRW2100000089,SDRW2100000089.1.1.86,no_textgrid_after_mfa,D:\20_AUDIO\03_wav\individual\2021\SDRW2100000089\SDRW2100000089.1.1.86.lab,131,D:\20_AUDIO\03_wav\individual\2021\SDRW2100000089\SDRW2100000089.1.1.86.wav,True,True,
2021,SDRW2100000091,SDRW2100000091.1.1.88,no_textgrid_after_mfa,D:\20_AUDIO\03_wav\individual\2021\SDRW2100000091\SDRW2100000091.1.1.88.lab,86,D:\20_AUDIO\03_wav\individual\2021\SDRW2100000091\SDRW2100000091.1.1.88.wav,True,True,
2021,SDRW2100000092,SDRW2100000092.1.1.172,no_textgrid_after_mfa,D:\20_AUDIO\03_wav\individual\2021\SDRW2100000092\SDRW2100000092.1.1.172.lab,76,D:\20_AUDIO\03_wav\individual\2021\SDRW2100000092\SDRW2100000092.1.1.172.wav,True,True,
2021,SDRW2100000097,SDRW2100000097.1.1.210,no_textgrid_after_mfa,D:\20_AUDIO\03_wav\individual\2021\SDRW2100000097\SDRW2100000097.1.1.210.lab,33,D:\20_AUDIO\03_wav\individual\2021\SDRW2100000097\SDRW2100000097.1.1.210.wav,True,True,
2021,SDRW2100000097,SDRW2100000097.1.1.312,no_textgrid_after_mfa,D:\20_AUDIO\03_wav\individual\2021\SDRW2100000097\SDRW2100000097.1.1.312.lab,69,D:\20_AUDIO\03_wav\individual\2021\SDRW2100000097\SDRW2100000097.1.1.312.wav,True,True,
2021,SDRW2100000112,SDRW2100000112.1.1.46,no_textgrid_after_mfa,D:\20_AUDIO\03_wav\individual\2021\SDRW2100000112\SDRW2100000112.1.1.46.lab,87,D:\20_AUDIO\03_wav\individual\2021\SDRW2100000112\SDRW2100000112.1.1.46.wav,True,True,
2021,SDRW2100000118,SDRW2100000118.1.1.231,no_textgrid_after_mfa,D:\20_AUDIO\03_wav\individual\2021\SDRW2100000118\SDRW2100000118.1.1.231.lab,81,D:\20_AUDIO\03_wav\individual\2021\SDRW2100000118\SDRW2100000118.1.1.231.wav,True,True,
2021,SDRW2100000120,SDRW2100000120.1.1.190,no_textgrid_after_mfa,D:\20_AUDIO\03_wav\individual\2021\SDRW2100000120\SDRW2100000120.1.1.190.lab,114,D:\20_AUDIO\03_wav\individual\2021\SDRW2100000120\SDRW2100000120.1.1.190.wav,True,True,
2021,SDRW2100000136,SDRW2100000136.1.1.221,no_textgrid_after_mfa,D:\20_AUDIO\03_wav\individual\2021\SDRW2100000136\SDRW2100000136.1.1.221.lab,137,D:\20_AUDIO\03_wav\individual\2021\SDRW2100000136\SDRW2100000136.1.1.221.wav,True,True,
2021,SDRW2100000137,SDRW2100000137.1.1.410,no_textgrid_after_mfa,D:\20_AUDIO\03_wav\individual\2021\SDRW2100000137\SDRW2100000137.1.1.410.lab,77,D:\20_AUDIO\03_wav\individual\2021\SDRW2100000137\SDRW2100000137.1.1.410.wav,True,True,
2021,SDRW2100000146,SDRW2100000146.1.1.253,no_textgrid_after_mfa,D:\20_AUDIO\03_wav\individual\2021\SDRW2100000146\SDRW2100000146.1.1.253.lab,38,D:\20_AUDIO\03_wav\individual\2021\SDRW2100000146\SDRW2100000146.1.1.253.wav,True,True,
2021,SDRW2100000154,SDRW2100000154.1.1.417,no_textgrid_after_mfa,D:\20_AUDIO\03_wav\individual\2021\SDRW2100000154\SDRW2100000154.1.1.417.lab,16,D:\20_AUDIO\03_wav\individual\2021\SDRW2100000154\SDRW2100000154.1.1.417.wav,True,False,exclude_source_audio_unusable
2021,SDRW2100000157,SDRW2100000157.1.1.43,no_textgrid_after_mfa,D:\20_AUDIO\03_wav\individual\2021\SDRW2100000157\SDRW2100000157.1.1.43.lab,27,D:\20_AUDIO\03_wav\individual\2021\SDRW2100000157\SDRW2100000157.1.1.43.wav,True,False,exclude_source_audio_unusable
2021,SDRW2100000177,SDRW2100000177.1.1.36,no_textgrid_after_mfa,D:\20_AUDIO\03_wav\individual\2021\SDRW2100000177\SDRW2100000177.1.1.36.lab,60,D:\20_AUDIO\03_wav\individual\2021\SDRW2100000177\SDRW2100000177.1.1.36.wav,True,True,
2021,SDRW2100000210,SDRW2100000210.1.1.290,no_textgrid_after_mfa,D:\20_AUDIO\03_wav\individual\2021\SDRW2100000210\SDRW2100000210.1.1.290.lab,59,D:\20_AUDIO\03_wav\individual\2021\SDRW2100000210\SDRW2100000210.1.1.290.wav,True,True,
2021,SDRW2100000211,SDRW2100000211.1.1.317,no_textgrid_after_mfa,D:\20_AUDIO\03_wav\individual\2021\SDRW2100000211\SDRW2100000211.1.1.317.lab,85,D:\20_AUDIO\03_wav\individual\2021\SDRW2100000211\SDRW2100000211.1.1.317.wav,True,True,
2021,SDRW2100000213,SDRW2100000213.1.1.241,no_textgrid_after_mfa,D:\20_AUDIO\03_wav\individual\2021\SDRW2100000213\SDRW2100000213.1.1.241.lab,74,D:\20_AUDIO\03_wav\individual\2021\SDRW2100000213\SDRW2100000213.1.1.241.wav,True,True,
2021,SDRW2100000222,SDRW2100000222.1.1.59,no_textgrid_after_mfa,D:\20_AUDIO\03_wav\individual\2021\SDRW2100000222\SDRW2100000222.1.1.59.lab,86,D:\20_AUDIO\03_wav\individual\2021\SDRW2100000222\SDRW2100000222.1.1.59.wav,True,True,
2021,SDRW2100000224,SDRW2100000224.1.1.148,no_textgrid_after_mfa,D:\20_AUDIO\03_wav\individual\2021\SDRW2100000224\SDRW2100000224.1.1.148.lab,9,D:\20_AUDIO\03_wav\individual\2021\SDRW2100000224\SDRW2100000224.1.1.148.wav,True,False,exclude_source_audio_unusable
2021,SDRW2100000224,SDRW2100000224.1.1.33,no_textgrid_after_mfa,D:\20_AUDIO\03_wav\individual\2021\SDRW2100000224\SDRW2100000224.1.1.33.lab,39,D:\20_AUDIO\03_wav\individual\2021\SDRW2100000224\SDRW2100000224.1.1.33.wav,True,False,exclude_source_audio_unusable
2021,SDRW2100000231,SDRW2100000231.1.1.304,no_textgrid_after_mfa,D:\20_AUDIO\03_wav\individual\2021\SDRW2100000231\SDRW2100000231.1.1.304.lab,26,D:\20_AUDIO\03_wav\individual\2021\SDRW2100000231\SDRW2100000231.1.1.304.wav,True,True,
2021,SDRW2100000234,SDRW2100000234.1.1.276,no_textgrid_after_mfa,D:\20_AUDIO\03_wav\individual\2021\SDRW2100000234\SDRW2100000234.1.1.276.lab,114,D:\20_AUDIO\03_wav\individual\2021\SDRW2100000234\SDRW2100000234.1.1.276.wav,True,True,
2021,SDRW2100000255,SDRW2100000255.1.1.230,no_textgrid_after_mfa,D:\20_AUDIO\03_wav\individual\2021\SDRW2100000255\SDRW2100000255.1.1.230.lab,41,D:\20_AUDIO\03_wav\individual\2021\SDRW2100000255\SDRW2100000255.1.1.230.wav,True,True,
2021,SDRW2100000263,SDRW2100000263.1.1.181,no_textgrid_after_mfa,D:\20_AUDIO\03_wav\individual\2021\SDRW2100000263\SDRW2100000263.1.1.181.lab,93,D:\20_AUDIO\03_wav\individual\2021\SDRW2100000263\SDRW2100000263.1.1.181.wav,True,True,
2021,SDRW2100000268,SDRW2100000268.1.1.66,no_textgrid_after_mfa,D:\20_AUDIO\03_wav\individual\2021\SDRW2100000268\SDRW2100000268.1.1.66.lab,138,D:\20_AUDIO\03_wav\individual\2021\SDRW2100000268\SDRW2100000268.1.1.66.wav,True,True,
2021,SDRW2100000271,SDRW2100000271.1.1.350,no_textgrid_after_mfa,D:\20_AUDIO\03_wav\individual\2021\SDRW2100000271\SDRW2100000271.1.1.350.lab,33,D:\20_AUDIO\03_wav\individual\2021\SDRW2100000271\SDRW2100000271.1.1.350.wav,True,True,
2021,SDRW2100000272,SDRW2100000272.1.1.348,no_textgrid_after_mfa,D:\20_AUDIO\03_wav\individual\2021\SDRW2100000272\SDRW2100000272.1.1.348.lab,19,D:\20_AUDIO\03_wav\individual\2021\SDRW2100000272\SDRW2100000272.1.1.348.wav,True,True,
2021,SDRW2100000281,SDRW2100000281.1.1.220,no_textgrid_after_mfa,D:\20_AUDIO\03_wav\individual\2021\SDRW2100000281\SDRW2100000281.1.1.220.lab,39,D:\20_AUDIO\03_wav\individual\2021\SDRW2100000281\SDRW2100000281.1.1.220.wav,True,True,
2021,SDRW2100000317,SDRW2100000317.1.1.95,no_textgrid_after_mfa,D:\20_AUDIO\03_wav\individual\2021\SDRW2100000317\SDRW2100000317.1.1.95.lab,14,D:\20_AUDIO\03_wav\individual\2021\SDRW2100000317\SDRW2100000317.1.1.95.wav,True,False,exclude_source_audio_unusable
2021,SDRW2100000329,SDRW2100000329.1.1.318,no_textgrid_after_mfa,D:\20_AUDIO\03_wav\individual\2021\SDRW2100000329\SDRW2100000329.1.1.318.lab,57,D:\20_AUDIO\03_wav\individual\2021\SDRW2100000329\SDRW2100000329.1.1.318.wav,True,False,exclude_source_audio_unusable
2021,SDRW2100000345,SDRW2100000345.1.1.407,no_textgrid_after_mfa,D:\20_AUDIO\03_wav\individual\2021\SDRW2100000345\SDRW2100000345.1.1.407.lab,23,D:\20_AUDIO\03_wav\individual\2021\SDRW2100000345\SDRW2100000345.1.1.407.wav,True,True,
2021,SDRW2100000356,SDRW2100000356.1.1.276,no_textgrid_after_mfa,D:\20_AUDIO\03_wav\individual\2021\SDRW2100000356\SDRW2100000356.1.1.276.lab,55,D:\20_AUDIO\03_wav\individual\2021\SDRW2100000356\SDRW2100000356.1.1.276.wav,True,True,
2021,SDRW2100000356,SDRW2100000356.1.1.407,no_textgrid_after_mfa,D:\20_AUDIO\03_wav\individual\2021\SDRW2100000356\SDRW2100000356.1.1.407.lab,66,D:\20_AUDIO\03_wav\individual\2021\SDRW2100000356\SDRW2100000356.1.1.407.wav,True,True,
2021,SDRW2100000358,SDRW2100000358.1.1.184,no_textgrid_after_mfa,D:\20_AUDIO\03_wav\individual\2021\SDRW2100000358\SDRW2100000358.1.1.184.lab,92,D:\20_AUDIO\03_wav\individual\2021\SDRW2100000358\SDRW2100000358.1.1.184.wav,True,True,
2021,SDRW2100000362,SDRW2100000362.1.1.25,no_textgrid_after_mfa,D:\20_AUDIO\03_wav\individual\2021\SDRW2100000362\SDRW2100000362.1.1.25.lab,83,D:\20_AUDIO\03_wav\individual\2021\SDRW2100000362\SDRW2100000362.1.1.25.wav,True,True,
2021,SDRW2100000366,SDRW2100000366.1.1.196,no_textgrid_after_mfa,D:\20_AUDIO\03_wav\individual\2021\SDRW2100000366\SDRW2100000366.1.1.196.lab,130,D:\20_AUDIO\03_wav\individual\2021\SDRW2100000366\SDRW2100000366.1.1.196.wav,True,True,
2021,SDRW2100000366,SDRW2100000366.1.1.197,no_textgrid_after_mfa,D:\20_AUDIO\03_wav\individual\2021\SDRW2100000366\SDRW2100000366.1.1.197.lab,130,D:\20_AUDIO\03_wav\individual\2021\SDRW2100000366\SDRW2100000366.1.1.197.wav,True,True,
2021,SDRW2100000366,SDRW2100000366.1.1.228,no_textgrid_after_mfa,D:\20_AUDIO\03_wav\individual\2021\SDRW2100000366\SDRW2100000366.1.1.228.lab,115,D:\20_AUDIO\03_wav\individual\2021\SDRW2100000366\SDRW2100000366.1.1.228.wav,True,True,
2021,SDRW2100000368,SDRW2100000368.1.1.162,no_textgrid_after_mfa,D:\20_AUDIO\03_wav\individual\2021\SDRW2100000368\SDRW2100000368.1.1.162.lab,43,D:\20_AUDIO\03_wav\individual\2021\SDRW2100000368\SDRW2100000368.1.1.162.wav,True,True,
2021,SDRW2100000371,SDRW2100000371.1.1.81,no_textgrid_after_mfa,D:\20_AUDIO\03_wav\individual\2021\SDRW2100000371\SDRW2100000371.1.1.81.lab,57,D:\20_AUDIO\03_wav\individual\2021\SDRW2100000371\SDRW2100000371.1.1.81.wav,True,True,
2021,SDRW2100000399,SDRW2100000399.1.1.50,no_textgrid_after_mfa,D:\20_AUDIO\03_wav\individual\2021\SDRW2100000399\SDRW2100000399.1.1.50.lab,120,D:\20_AUDIO\03_wav\individual\2021\SDRW2100000399\SDRW2100000399.1.1.50.wav,True,True,
2021,SDRW2100000422,SDRW2100000422.1.1.216,no_textgrid_after_mfa,D:\20_AUDIO\03_wav\individual\2021\SDRW2100000422\SDRW2100000422.1.1.216.lab,100,D:\20_AUDIO\03_wav\individual\2021\SDRW2100000422\SDRW2100000422.1.1.216.wav,True,True,
2021,SDRW2100000425,SDRW2100000425.1.1.2,no_textgrid_after_mfa,D:\20_AUDIO\03_wav\individual\2021\SDRW2100000425\SDRW2100000425.1.1.2.lab,94,D:\20_AUDIO\03_wav\individual\2021\SDRW2100000425\SDRW2100000425.1.1.2.wav,True,True,
2021,SDRW2100000426,SDRW2100000426.1.1.293,no_textgrid_after_mfa,D:\20_AUDIO\03_wav\individual\2021\SDRW2100000426\SDRW2100000426.1.1.293.lab,49,D:\20_AUDIO\03_wav\individual\2021\SDRW2100000426\SDRW2100000426.1.1.293.wav,True,True,
2021,SDRW2100000427,SDRW2100000427.1.1.207,no_textgrid_after_mfa,D:\20_AUDIO\03_wav\individual\2021\SDRW2100000427\SDRW2100000427.1.1.207.lab,96,D:\20_AUDIO\03_wav\individual\2021\SDRW2100000427\SDRW2100000427.1.1.207.wav,True,True,
2021,SDRW2100000427,SDRW2100000427.1.1.283,no_textgrid_after_mfa,D:\20_AUDIO\03_wav\individual\2021\SDRW2100000427\SDRW2100000427.1.1.283.lab,63,D:\20_AUDIO\03_wav\individual\2021\SDRW2100000427\SDRW2100000427.1.1.283.wav,True,True,
2021,SDRW2100000427,SDRW2100000427.1.1.304,no_textgrid_after_mfa,D:\20_AUDIO\03_wav\individual\2021\SDRW2100000427\SDRW2100000427.1.1.304.lab,90,D:\20_AUDIO\03_wav\individual\2021\SDRW2100000427\SDRW2100000427.1.1.304.wav,True,True,
2021,SDRW2100000430,SDRW2100000430.1.1.144,no_textgrid_after_mfa,D:\20_AUDIO\03_wav\individual\2021\SDRW2100000430\SDRW2100000430.1.1.144.lab,29,D:\20_AUDIO\03_wav\individual\2021\SDRW2100000430\SDRW2100000430.1.1.144.wav,True,True,
2021,SDRW2100000430,SDRW2100000430.1.1.235,no_textgrid_after_mfa,D:\20_AUDIO\03_wav\individual\2021\SDRW2100000430\SDRW2100000430.1.1.235.lab,78,D:\20_AUDIO\03_wav\individual\2021\SDRW2100000430\SDRW2100000430.1.1.235.wav,True,True,
2021,SDRW2100000432,SDRW2100000432.1.1.134,no_textgrid_after_mfa,D:\20_AUDIO\03_wav\individual\2021\SDRW2100000432\SDRW2100000432.1.1.134.lab,50,D:\20_AUDIO\03_wav\individual\2021\SDRW2100000432\SDRW2100000432.1.1.134.wav,True,True,
2021,SDRW2100000452,SDRW2100000452.1.1.99,no_textgrid_after_mfa,D:\20_AUDIO\03_wav\individual\2021\SDRW2100000452\SDRW2100000452.1.1.99.lab,63,D:\20_AUDIO\03_wav\individual\2021\SDRW2100000452\SDRW2100000452.1.1.99.wav,True,True,
2021,SDRW2100000458,SDRW2100000458.1.1.281,no_textgrid_after_mfa,D:\20_AUDIO\03_wav\individual\2021\SDRW2100000458\SDRW2100000458.1.1.281.lab,20,D:\20_AUDIO\03_wav\individual\2021\SDRW2100000458\SDRW2100000458.1.1.281.wav,True,True,
2021,SDRW2100000468,SDRW2100000468.1.1.297,no_textgrid_after_mfa,D:\20_AUDIO\03_wav\individual\2021\SDRW2100000468\SDRW2100000468.1.1.297.lab,64,D:\20_AUDIO\03_wav\individual\2021\SDRW2100000468\SDRW2100000468.1.1.297.wav,True,False,exclude_source_audio_unusable
2021,SDRW2100000489,SDRW2100000489.1.1.553,no_textgrid_after_mfa,D:\20_AUDIO\03_wav\individual\2021\SDRW2100000489\SDRW2100000489.1.1.553.lab,43,D:\20_AUDIO\03_wav\individual\2021\SDRW2100000489\SDRW2100000489.1.1.553.wav,True,True,
2021,SDRW2100000492,SDRW2100000492.1.1.232,no_textgrid_after_mfa,D:\20_AUDIO\03_wav\individual\2021\SDRW2100000492\SDRW2100000492.1.1.232.lab,46,D:\20_AUDIO\03_wav\individual\2021\SDRW2100000492\SDRW2100000492.1.1.232.wav,True,True,
2021,SDRW2100000500,SDRW2100000500.1.1.116,no_textgrid_after_mfa,D:\20_AUDIO\03_wav\individual\2021\SDRW2100000500\SDRW2100000500.1.1.116.lab,68,D:\20_AUDIO\03_wav\individual\2021\SDRW2100000500\SDRW2100000500.1.1.116.wav,True,True,
2021,SDRW2100000500,SDRW2100000500.1.1.126,no_textgrid_after_mfa,D:\20_AUDIO\03_wav\individual\2021\SDRW2100000500\SDRW2100000500.1.1.126.lab,85,D:\20_AUDIO\03_wav\individual\2021\SDRW2100000500\SDRW2100000500.1.1.126.wav,True,True,
2021,SDRW2100000500,SDRW2100000500.1.1.199,no_textgrid_after_mfa,D:\20_AUDIO\03_wav\individual\2021\SDRW2100000500\SDRW2100000500.1.1.199.lab,81,D:\20_AUDIO\03_wav\individual\2021\SDRW2100000500\SDRW2100000500.1.1.199.wav,True,True,
2021,SDRW2100000500,SDRW2100000500.1.1.214,no_textgrid_after_mfa,D:\20_AUDIO\03_wav\individual\2021\SDRW2100000500\SDRW2100000500.1.1.214.lab,96,D:\20_AUDIO\03_wav\individual\2021\SDRW2100000500\SDRW2100000500.1.1.214.wav,True,True,
2021,SDRW2100000504,SDRW2100000504.1.1.205,no_textgrid_after_mfa,D:\20_AUDIO\03_wav\individual\2021\SDRW2100000504\SDRW2100000504.1.1.205.lab,93,D:\20_AUDIO\03_wav\individual\2021\SDRW2100000504\SDRW2100000504.1.1.205.wav,True,True,
2021,SDRW2100000504,SDRW2100000504.1.1.217,no_textgrid_after_mfa,D:\20_AUDIO\03_wav\individual\2021\SDRW2100000504\SDRW2100000504.1.1.217.lab,94,D:\20_AUDIO\03_wav\individual\2021\SDRW2100000504\SDRW2100000504.1.1.217.wav,True,True,
2021,SDRW2100000504,SDRW2100000504.1.1.222,no_textgrid_after_mfa,D:\20_AUDIO\03_wav\individual\2021\SDRW2100000504\SDRW2100000504.1.1.222.lab,74,D:\20_AUDIO\03_wav\individual\2021\SDRW2100000504\SDRW2100000504.1.1.222.wav,True,True,
2021,SDRW2100000519,SDRW2100000519.1.1.180,no_textgrid_after_mfa,D:\20_AUDIO\03_wav\individual\2021\SDRW2100000519\SDRW2100000519.1.1.180.lab,71,D:\20_AUDIO\03_wav\individual\2021\SDRW2100000519\SDRW2100000519.1.1.180.wav,True,True,
2021,SDRW2100000529,SDRW2100000529.1.1.166,no_textgrid_after_mfa,D:\20_AUDIO\03_wav\individual\2021\SDRW2100000529\SDRW2100000529.1.1.166.lab,83,D:\20_AUDIO\03_wav\individual\2021\SDRW2100000529\SDRW2100000529.1.1.166.wav,True,True,
2021,SDRW2100000529,SDRW2100000529.1.1.167,no_textgrid_after_mfa,D:\20_AUDIO\03_wav\individual\2021\SDRW2100000529\SDRW2100000529.1.1.167.lab,83,D:\20_AUDIO\03_wav\individual\2021\SDRW2100000529\SDRW2100000529.1.1.167.wav,True,True,
2021,SDRW2100000530,SDRW2100000530.1.1.61,no_textgrid_after_mfa,D:\20_AUDIO\03_wav\individual\2021\SDRW2100000530\SDRW2100000530.1.1.61.lab,92,D:\20_AUDIO\03_wav\individual\2021\SDRW2100000530\SDRW2100000530.1.1.61.wav,True,True,
2021,SDRW2100000530,SDRW2100000530.1.1.62,no_textgrid_after_mfa,D:\20_AUDIO\03_wav\individual\2021\SDRW2100000530\SDRW2100000530.1.1.62.lab,92,D:\20_AUDIO\03_wav\individual\2021\SDRW2100000530\SDRW2100000530.1.1.62.wav,True,True,
2021,SDRW2100000537,SDRW2100000537.1.1.288,no_textgrid_after_mfa,D:\20_AUDIO\03_wav\individual\2021\SDRW2100000537\SDRW2100000537.1.1.288.lab,59,D:\20_AUDIO\03_wav\individual\2021\SDRW2100000537\SDRW2100000537.1.1.288.wav,True,True,
2021,SDRW2100000549,SDRW2100000549.1.1.122,no_textgrid_after_mfa,D:\20_AUDIO\03_wav\individual\2021\SDRW2100000549\SDRW2100000549.1.1.122.lab,101,D:\20_AUDIO\03_wav\individual\2021\SDRW2100000549\SDRW2100000549.1.1.122.wav,True,False,exclude_source_audio_unusable
2021,SDRW2100000550,SDRW2100000550.1.1.196,no_textgrid_after_mfa,D:\20_AUDIO\03_wav\individual\2021\SDRW2100000550\SDRW2100000550.1.1.196.lab,102,D:\20_AUDIO\03_wav\individual\2021\SDRW2100000550\SDRW2100000550.1.1.196.wav,True,False,exclude_source_audio_unusable
2021,SDRW2100000565,SDRW2100000565.1.1.220,no_textgrid_after_mfa,D:\20_AUDIO\03_wav\individual\2021\SDRW2100000565\SDRW2100000565.1.1.220.lab,19,D:\20_AUDIO\03_wav\individual\2021\SDRW2100000565\SDRW2100000565.1.1.220.wav,True,True,
2021,SDRW2100000584,SDRW2100000584.1.1.154,no_textgrid_after_mfa,D:\20_AUDIO\03_wav\individual\2021\SDRW2100000584\SDRW2100000584.1.1.154.lab,55,D:\20_AUDIO\03_wav\individual\2021\SDRW2100000584\SDRW2100000584.1.1.154.wav,True,True,
2021,SDRW2100000584,SDRW2100000584.1.1.192,no_textgrid_after_mfa,D:\20_AUDIO\03_wav\individual\2021\SDRW2100000584\SDRW2100000584.1.1.192.lab,98,D:\20_AUDIO\03_wav\individual\2021\SDRW2100000584\SDRW2100000584.1.1.192.wav,True,False,exclude_source_audio_unusable
2021,SDRW2100000585,SDRW2100000585.1.1.332,no_textgrid_after_mfa,D:\20_AUDIO\03_wav\individual\2021\SDRW2100000585\SDRW2100000585.1.1.332.lab,47,D:\20_AUDIO\03_wav\individual\2021\SDRW2100000585\SDRW2100000585.1.1.332.wav,True,True,
2021,SDRW2100000640,SDRW2100000640.1.1.299,no_textgrid_after_mfa,D:\20_AUDIO\03_wav\individual\2021\SDRW2100000640\SDRW2100000640.1.1.299.lab,100,D:\20_AUDIO\03_wav\individual\2021\SDRW2100000640\SDRW2100000640.1.1.299.wav,True,True,
2021,SDRW2100000644,SDRW2100000644.1.1.121,no_textgrid_after_mfa,D:\20_AUDIO\03_wav\individual\2021\SDRW2100000644\SDRW2100000644.1.1.121.lab,13,D:\20_AUDIO\03_wav\individual\2021\SDRW2100000644\SDRW2100000644.1.1.121.wav,True,True,
2021,SDRW2100000644,SDRW2100000644.1.1.3,no_textgrid_after_mfa,D:\20_AUDIO\03_wav\individual\2021\SDRW2100000644\SDRW2100000644.1.1.3.lab,102,D:\20_AUDIO\03_wav\individual\2021\SDRW2100000644\SDRW2100000644.1.1.3.wav,True,True,
2021,SDRW2100000687,SDRW2100000687.1.1.272,no_textgrid_after_mfa,D:\20_AUDIO\03_wav\individual\2021\SDRW2100000687\SDRW2100000687.1.1.272.lab,53,D:\20_AUDIO\03_wav\individual\2021\SDRW2100000687\SDRW2100000687.1.1.272.wav,True,True,
2021,SDRW2100000695,SDRW2100000695.1.1.128,no_textgrid_after_mfa,D:\20_AUDIO\03_wav\individual\2021\SDRW2100000695\SDRW2100000695.1.1.128.lab,81,D:\20_AUDIO\03_wav\individual\2021\SDRW2100000695\SDRW2100000695.1.1.128.wav,True,True,
2021,SDRW2100000698,SDRW2100000698.1.1.265,no_textgrid_after_mfa,D:\20_AUDIO\03_wav\individual\2021\SDRW2100000698\SDRW2100000698.1.1.265.lab,47,D:\20_AUDIO\03_wav\individual\2021\SDRW2100000698\SDRW2100000698.1.1.265.wav,True,True,
2021,SDRW2100000699,SDRW2100000699.1.1.43,no_textgrid_after_mfa,D:\20_AUDIO\03_wav\individual\2021\SDRW2100000699\SDRW2100000699.1.1.43.lab,67,D:\20_AUDIO\03_wav\individual\2021\SDRW2100000699\SDRW2100000699.1.1.43.wav,True,False,exclude_source_audio_unusable
2021,SDRW2100000701,SDRW2100000701.1.1.2,no_textgrid_after_mfa,D:\20_AUDIO\03_wav\individual\2021\SDRW2100000701\SDRW2100000701.1.1.2.lab,62,D:\20_AUDIO\03_wav\individual\2021\SDRW2100000701\SDRW2100000701.1.1.2.wav,True,True,
2021,SDRW2100000701,SDRW2100000701.1.1.96,no_textgrid_after_mfa,D:\20_AUDIO\03_wav\individual\2021\SDRW2100000701\SDRW2100000701.1.1.96.lab,99,D:\20_AUDIO\03_wav\individual\2021\SDRW2100000701\SDRW2100000701.1.1.96.wav,True,True,
2021,SDRW2100000714,SDRW2100000714.1.1.249,no_textgrid_after_mfa,D:\20_AUDIO\03_wav\individual\2021\SDRW2100000714\SDRW2100000714.1.1.249.lab,58,D:\20_AUDIO\03_wav\individual\2021\SDRW2100000714\SDRW2100000714.1.1.249.wav,True,True,
2021,SDRW2100000736,SDRW2100000736.1.1.308,no_textgrid_after_mfa,D:\20_AUDIO\03_wav\individual\2021\SDRW2100000736\SDRW2100000736.1.1.308.lab,30,D:\20_AUDIO\03_wav\individual\2021\SDRW2100000736\SDRW2100000736.1.1.308.wav,True,False,exclude_source_audio_unusable
2021,SDRW2100000746,SDRW2100000746.1.1.360,no_textgrid_after_mfa,D:\20_AUDIO\03_wav\individual\2021\SDRW2100000746\SDRW2100000746.1.1.360.lab,20,D:\20_AUDIO\03_wav\individual\2021\SDRW2100000746\SDRW2100000746.1.1.360.wav,True,True,
2021,SDRW2100000748,SDRW2100000748.1.1.251,no_textgrid_after_mfa,D:\20_AUDIO\03_wav\individual\2021\SDRW2100000748\SDRW2100000748.1.1.251.lab,52,D:\20_AUDIO\03_wav\individual\2021\SDRW2100000748\SDRW2100000748.1.1.251.wav,True,True,
2021,SDRW2100000767,SDRW2100000767.1.1.43,no_textgrid_after_mfa,D:\20_AUDIO\03_wav\individual\2021\SDRW2100000767\SDRW2100000767.1.1.43.lab,82,D:\20_AUDIO\03_wav\individual\2021\SDRW2100000767\SDRW2100000767.1.1.43.wav,True,True,
2021,SDRW2100000800,SDRW2100000800.1.1.94,no_textgrid_after_mfa,D:\20_AUDIO\03_wav\individual\2021\SDRW2100000800\SDRW2100000800.1.1.94.lab,43,D:\20_AUDIO\03_wav\individual\2021\SDRW2100000800\SDRW2100000800.1.1.94.wav,True,False,exclude_source_audio_unusable
2021,SDRW2100000806,SDRW2100000806.1.1.44,no_textgrid_after_mfa,D:\20_AUDIO\03_wav\individual\2021\SDRW2100000806\SDRW2100000806.1.1.44.lab,40,D:\20_AUDIO\03_wav\individual\2021\SDRW2100000806\SDRW2100000806.1.1.44.wav,True,True,
2021,SDRW2100000806,SDRW2100000806.1.1.99,no_textgrid_after_mfa,D:\20_AUDIO\03_wav\individual\2021\SDRW2100000806\SDRW2100000806.1.1.99.lab,39,D:\20_AUDIO\03_wav\individual\2021\SDRW2100000806\SDRW2100000806.1.1.99.wav,True,True,
2021,SDRW2100000814,SDRW2100000814.1.1.286,no_textgrid_after_mfa,D:\20_AUDIO\03_wav\individual\2021\SDRW2100000814\SDRW2100000814.1.1.286.lab,174,D:\20_AUDIO\03_wav\individual\2021\SDRW2100000814\SDRW2100000814.1.1.286.wav,True,False,exclude_source_audio_unusable
2021,SDRW2100000842,SDRW2100000842.1.1.90,no_textgrid_after_mfa,D:\20_AUDIO\03_wav\individual\2021\SDRW2100000842\SDRW2100000842.1.1.90.lab,117,D:\20_AUDIO\03_wav\individual\2021\SDRW2100000842\SDRW2100000842.1.1.90.wav,True,True,
2021,SDRW2100000871,SDRW2100000871.1.1.215,no_textgrid_after_mfa,D:\20_AUDIO\03_wav\individual\2021\SDRW2100000871\SDRW2100000871.1.1.215.lab,16,D:\20_AUDIO\03_wav\individual\2021\SDRW2100000871\SDRW2100000871.1.1.215.wav,True,False,exclude_source_audio_unusable
2021,SDRW2100000883,SDRW2100000883.1.1.99,no_textgrid_after_mfa,D:\20_AUDIO\03_wav\individual\2021\SDRW2100000883\SDRW2100000883.1.1.99.lab,94,D:\20_AUDIO\03_wav\individual\2021\SDRW2100000883\SDRW2100000883.1.1.99.wav,True,True,
2021,SDRW2100000898,SDRW2100000898.1.1.188,no_textgrid_after_mfa,D:\20_AUDIO\03_wav\individual\2021\SDRW2100000898\SDRW2100000898.1.1.188.lab,70,D:\20_AUDIO\03_wav\individual\2021\SDRW2100000898\SDRW2100000898.1.1.188.wav,True,True,
2021,SDRW2100000905,SDRW2100000905.1.1.96,no_textgrid_after_mfa,D:\20_AUDIO\03_wav\individual\2021\SDRW2100000905\SDRW2100000905.1.1.96.lab,124,D:\20_AUDIO\03_wav\individual\2021\SDRW2100000905\SDRW2100000905.1.1.96.wav,True,True,
2021,SDRW2100000928,SDRW2100000928.1.1.53,no_textgrid_after_mfa,D:\20_AUDIO\03_wav\individual\2021\SDRW2100000928\SDRW2100000928.1.1.53.lab,58,D:\20_AUDIO\03_wav\individual\2021\SDRW2100000928\SDRW2100000928.1.1.53.wav,True,True,
2021,SDRW2100000934,SDRW2100000934.1.1.137,no_textgrid_after_mfa,D:\20_AUDIO\03_wav\individual\2021\SDRW2100000934\SDRW2100000934.1.1.137.lab,26,D:\20_AUDIO\03_wav\individual\2021\SDRW2100000934\SDRW2100000934.1.1.137.wav,True,False,exclude_source_audio_unusable
2021,SDRW2100000938,SDRW2100000938.1.1.261,no_textgrid_after_mfa,D:\20_AUDIO\03_wav\individual\2021\SDRW2100000938\SDRW2100000938.1.1.261.lab,41,D:\20_AUDIO\03_wav\individual\2021\SDRW2100000938\SDRW2100000938.1.1.261.wav,True,True,
2021,SDRW2100000954,SDRW2100000954.1.1.37,no_textgrid_after_mfa,D:\20_AUDIO\03_wav\individual\2021\SDRW2100000954\SDRW2100000954.1.1.37.lab,66,D:\20_AUDIO\03_wav\individual\2021\SDRW2100000954\SDRW2100000954.1.1.37.wav,True,True,
2021,SDRW2100000964,SDRW2100000964.1.1.349,no_textgrid_after_mfa,D:\20_AUDIO\03_wav\individual\2021\SDRW2100000964\SDRW2100000964.1.1.349.lab,44,D:\20_AUDIO\03_wav\individual\2021\SDRW2100000964\SDRW2100000964.1.1.349.wav,True,True,
2021,SDRW2100000970,SDRW2100000970.1.1.160,no_textgrid_after_mfa,D:\20_AUDIO\03_wav\individual\2021\SDRW2100000970\SDRW2100000970.1.1.160.lab,131,D:\20_AUDIO\03_wav\individual\2021\SDRW2100000970\SDRW2100000970.1.1.160.wav,True,True,
2021,SDRW2100000975,SDRW2100000975.1.1.260,no_textgrid_after_mfa,D:\20_AUDIO\03_wav\individual\2021\SDRW2100000975\SDRW2100000975.1.1.260.lab,108,D:\20_AUDIO\03_wav\individual\2021\SDRW2100000975\SDRW2100000975.1.1.260.wav,True,False,exclude_source_audio_unusable
2021,SDRW2100001034,SDRW2100001034.1.1.261,no_textgrid_after_mfa,D:\20_AUDIO\03_wav\individual\2021\SDRW2100001034\SDRW2100001034.1.1.261.lab,42,D:\20_AUDIO\03_wav\individual\2021\SDRW2100001034\SDRW2100001034.1.1.261.wav,True,True,
2021,SDRW2100001039,SDRW2100001039.1.1.379,no_textgrid_after_mfa,D:\20_AUDIO\03_wav\individual\2021\SDRW2100001039\SDRW2100001039.1.1.379.lab,73,D:\20_AUDIO\03_wav\individual\2021\SDRW2100001039\SDRW2100001039.1.1.379.wav,True,True,
2021,SDRW2100001042,SDRW2100001042.1.1.109,no_textgrid_after_mfa,D:\20_AUDIO\03_wav\individual\2021\SDRW2100001042\SDRW2100001042.1.1.109.lab,45,D:\20_AUDIO\03_wav\individual\2021\SDRW2100001042\SDRW2100001042.1.1.109.wav,True,True,
2021,SDRW2100001053,SDRW2100001053.1.1.239,no_textgrid_after_mfa,D:\20_AUDIO\03_wav\individual\2021\SDRW2100001053\SDRW2100001053.1.1.239.lab,117,D:\20_AUDIO\03_wav\individual\2021\SDRW2100001053\SDRW2100001053.1.1.239.wav,True,True,
2021,SDRW2100001087,SDRW2100001087.1.1.311,no_textgrid_after_mfa,D:\20_AUDIO\03_wav\individual\2021\SDRW2100001087\SDRW2100001087.1.1.311.lab,54,D:\20_AUDIO\03_wav\individual\2021\SDRW2100001087\SDRW2100001087.1.1.311.wav,True,True,
2021,SDRW2100001089,SDRW2100001089.1.1.160,no_textgrid_after_mfa,D:\20_AUDIO\03_wav\individual\2021\SDRW2100001089\SDRW2100001089.1.1.160.lab,162,D:\20_AUDIO\03_wav\individual\2021\SDRW2100001089\SDRW2100001089.1.1.160.wav,True,True,
2021,SDRW2100001089,SDRW2100001089.1.1.272,no_textgrid_after_mfa,D:\20_AUDIO\03_wav\individual\2021\SDRW2100001089\SDRW2100001089.1.1.272.lab,76,D:\20_AUDIO\03_wav\individual\2021\SDRW2100001089\SDRW2100001089.1.1.272.wav,True,True,
2021,SDRW2100001089,SDRW2100001089.1.1.287,no_textgrid_after_mfa,D:\20_AUDIO\03_wav\individual\2021\SDRW2100001089\SDRW2100001089.1.1.287.lab,34,D:\20_AUDIO\03_wav\individual\2021\SDRW2100001089\SDRW2100001089.1.1.287.wav,True,True,
2021,SDRW2100001098,SDRW2100001098.1.1.131,no_textgrid_after_mfa,D:\20_AUDIO\03_wav\individual\2021\SDRW2100001098\SDRW2100001098.1.1.131.lab,46,D:\20_AUDIO\03_wav\individual\2021\SDRW2100001098\SDRW2100001098.1.1.131.wav,True,True,
2021,SDRW2100001098,SDRW2100001098.1.1.203,no_textgrid_after_mfa,D:\20_AUDIO\03_wav\individual\2021\SDRW2100001098\SDRW2100001098.1.1.203.lab,43,D:\20_AUDIO\03_wav\individual\2021\SDRW2100001098\SDRW2100001098.1.1.203.wav,True,True,
2021,SDRW2100001098,SDRW2100001098.1.1.229,no_textgrid_after_mfa,D:\20_AUDIO\03_wav\individual\2021\SDRW2100001098\SDRW2100001098.1.1.229.lab,29,D:\20_AUDIO\03_wav\individual\2021\SDRW2100001098\SDRW2100001098.1.1.229.wav,True,True,
2021,SDRW2100001112,SDRW2100001112.1.1.304,no_textgrid_after_mfa,D:\20_AUDIO\03_wav\individual\2021\SDRW2100001112\SDRW2100001112.1.1.304.lab,37,D:\20_AUDIO\03_wav\individual\2021\SDRW2100001112\SDRW2100001112.1.1.304.wav,True,True,
2021,SDRW2100001112,SDRW2100001112.1.1.337,no_textgrid_after_mfa,D:\20_AUDIO\03_wav\individual\2021\SDRW2100001112\SDRW2100001112.1.1.337.lab,50,D:\20_AUDIO\03_wav\individual\2021\SDRW2100001112\SDRW2100001112.1.1.337.wav,True,True,
2021,SDRW2100001112,SDRW2100001112.1.1.346,no_textgrid_after_mfa,D:\20_AUDIO\03_wav\individual\2021\SDRW2100001112\SDRW2100001112.1.1.346.lab,37,D:\20_AUDIO\03_wav\individual\2021\SDRW2100001112\SDRW2100001112.1.1.346.wav,True,True,
2021,SDRW2100001123,SDRW2100001123.1.1.348,no_textgrid_after_mfa,D:\20_AUDIO\03_wav\individual\2021\SDRW2100001123\SDRW2100001123.1.1.348.lab,44,D:\20_AUDIO\03_wav\individual\2021\SDRW2100001123\SDRW2100001123.1.1.348.wav,True,True,
2021,SDRW2100001124,SDRW2100001124.1.1.225,no_textgrid_after_mfa,D:\20_AUDIO\03_wav\individual\2021\SDRW2100001124\SDRW2100001124.1.1.225.lab,83,D:\20_AUDIO\03_wav\individual\2021\SDRW2100001124\SDRW2100001124.1.1.225.wav,True,True,
2021,SDRW2100001132,SDRW2100001132.1.1.157,no_textgrid_after_mfa,D:\20_AUDIO\03_wav\individual\2021\SDRW2100001132\SDRW2100001132.1.1.157.lab,71,D:\20_AUDIO\03_wav\individual\2021\SDRW2100001132\SDRW2100001132.1.1.157.wav,True,True,
2021,SDRW2100001142,SDRW2100001142.1.1.322,no_textgrid_after_mfa,D:\20_AUDIO\03_wav\individual\2021\SDRW2100001142\SDRW2100001142.1.1.322.lab,68,D:\20_AUDIO\03_wav\individual\2021\SDRW2100001142\SDRW2100001142.1.1.322.wav,True,True,
2021,SDRW2100001142,SDRW2100001142.1.1.395,no_textgrid_after_mfa,D:\20_AUDIO\03_wav\individual\2021\SDRW2100001142\SDRW2100001142.1.1.395.lab,63,D:\20_AUDIO\03_wav\individual\2021\SDRW2100001142\SDRW2100001142.1.1.395.wav,True,True,
2021,SDRW2100001176,SDRW2100001176.1.1.58,no_textgrid_after_mfa,D:\20_AUDIO\03_wav\individual\2021\SDRW2100001176\SDRW2100001176.1.1.58.lab,20,D:\20_AUDIO\03_wav\individual\2021\SDRW2100001176\SDRW2100001176.1.1.58.wav,True,True,
2021,SDRW2100001178,SDRW2100001178.1.1.272,no_textgrid_after_mfa,D:\20_AUDIO\03_wav\individual\2021\SDRW2100001178\SDRW2100001178.1.1.272.lab,63,D:\20_AUDIO\03_wav\individual\2021\SDRW2100001178\SDRW2100001178.1.1.272.wav,True,True,
2021,SDRW2100001200,SDRW2100001200.1.1.133,no_textgrid_after_mfa,D:\20_AUDIO\03_wav\individual\2021\SDRW2100001200\SDRW2100001200.1.1.133.lab,56,D:\20_AUDIO\03_wav\individual\2021\SDRW2100001200\SDRW2100001200.1.1.133.wav,True,True,
2021,SDRW2100001211,SDRW2100001211.1.1.276,no_textgrid_after_mfa,D:\20_AUDIO\03_wav\individual\2021\SDRW2100001211\SDRW2100001211.1.1.276.lab,63,D:\20_AUDIO\03_wav\individual\2021\SDRW2100001211\SDRW2100001211.1.1.276.wav,True,False,exclude_source_audio_unusable
2021,SDRW2100001262,SDRW2100001262.1.1.239,no_textgrid_after_mfa,D:\20_AUDIO\03_wav\individual\2021\SDRW2100001262\SDRW2100001262.1.1.239.lab,64,D:\20_AUDIO\03_wav\individual\2021\SDRW2100001262\SDRW2100001262.1.1.239.wav,True,True,
2021,SDRW2100001285,SDRW2100001285.1.1.357,no_textgrid_after_mfa,D:\20_AUDIO\03_wav\individual\2021\SDRW2100001285\SDRW2100001285.1.1.357.lab,88,D:\20_AUDIO\03_wav\individual\2021\SDRW2100001285\SDRW2100001285.1.1.357.wav,True,True,
2021,SDRW2100001310,SDRW2100001310.1.1.178,no_textgrid_after_mfa,D:\20_AUDIO\03_wav\individual\2021\SDRW2100001310\SDRW2100001310.1.1.178.lab,45,D:\20_AUDIO\03_wav\individual\2021\SDRW2100001310\SDRW2100001310.1.1.178.wav,True,True,
2021,SDRW2100001315,SDRW2100001315.1.1.242,no_textgrid_after_mfa,D:\20_AUDIO\03_wav\individual\2021\SDRW2100001315\SDRW2100001315.1.1.242.lab,116,D:\20_AUDIO\03_wav\individual\2021\SDRW2100001315\SDRW2100001315.1.1.242.wav,True,True,
2021,SDRW2100001318,SDRW2100001318.1.1.32,no_textgrid_after_mfa,D:\20_AUDIO\03_wav\individual\2021\SDRW2100001318\SDRW2100001318.1.1.32.lab,112,D:\20_AUDIO\03_wav\individual\2021\SDRW2100001318\SDRW2100001318.1.1.32.wav,True,True,
2021,SDRW2100001322,SDRW2100001322.1.1.25,no_textgrid_after_mfa,D:\20_AUDIO\03_wav\individual\2021\SDRW2100001322\SDRW2100001322.1.1.25.lab,171,D:\20_AUDIO\03_wav\individual\2021\SDRW2100001322\SDRW2100001322.1.1.25.wav,True,True,
2021,SDRW2100001347,SDRW2100001347.1.1.172,no_textgrid_after_mfa,D:\20_AUDIO\03_wav\individual\2021\SDRW2100001347\SDRW2100001347.1.1.172.lab,56,D:\20_AUDIO\03_wav\individual\2021\SDRW2100001347\SDRW2100001347.1.1.172.wav,True,True,
2021,SDRW2100001349,SDRW2100001349.1.1.150,no_textgrid_after_mfa,D:\20_AUDIO\03_wav\individual\2021\SDRW2100001349\SDRW2100001349.1.1.150.lab,91,D:\20_AUDIO\03_wav\individual\2021\SDRW2100001349\SDRW2100001349.1.1.150.wav,True,True,
2021,SDRW2100001349,SDRW2100001349.1.1.199,no_textgrid_after_mfa,D:\20_AUDIO\03_wav\individual\2021\SDRW2100001349\SDRW2100001349.1.1.199.lab,57,D:\20_AUDIO\03_wav\individual\2021\SDRW2100001349\SDRW2100001349.1.1.199.wav,True,True,
2021,SDRW2100001359,SDRW2100001359.1.1.161,no_textgrid_after_mfa,D:\20_AUDIO\03_wav\individual\2021\SDRW2100001359\SDRW2100001359.1.1.161.lab,24,D:\20_AUDIO\03_wav\individual\2021\SDRW2100001359\SDRW2100001359.1.1.161.wav,True,False,exclude_source_audio_unusable
2021,SDRW2100001384,SDRW2100001384.1.1.112,no_textgrid_after_mfa,D:\20_AUDIO\03_wav\individual\2021\SDRW2100001384\SDRW2100001384.1.1.112.lab,56,D:\20_AUDIO\03_wav\individual\2021\SDRW2100001384\SDRW2100001384.1.1.112.wav,True,True,
2021,SDRW2100001396,SDRW2100001396.1.1.199,no_textgrid_after_mfa,D:\20_AUDIO\03_wav\individual\2021\SDRW2100001396\SDRW2100001396.1.1.199.lab,73,D:\20_AUDIO\03_wav\individual\2021\SDRW2100001396\SDRW2100001396.1.1.199.wav,True,True,
2021,SDRW2100001410,SDRW2100001410.1.1.260,no_textgrid_after_mfa,D:\20_AUDIO\03_wav\individual\2021\SDRW2100001410\SDRW2100001410.1.1.260.lab,59,D:\20_AUDIO\03_wav\individual\2021\SDRW2100001410\SDRW2100001410.1.1.260.wav,True,True,
2021,SDRW2100001427,SDRW2100001427.1.1.229,no_textgrid_after_mfa,D:\20_AUDIO\03_wav\individual\2021\SDRW2100001427\SDRW2100001427.1.1.229.lab,57,D:\20_AUDIO\03_wav\individual\2021\SDRW2100001427\SDRW2100001427.1.1.229.wav,True,True,
2021,SDRW2100001427,SDRW2100001427.1.1.30,no_textgrid_after_mfa,D:\20_AUDIO\03_wav\individual\2021\SDRW2100001427\SDRW2100001427.1.1.30.lab,28,D:\20_AUDIO\03_wav\individual\2021\SDRW2100001427\SDRW2100001427.1.1.30.wav,True,True,
2021,SDRW2100001430,SDRW2100001430.1.1.251,no_textgrid_after_mfa,D:\20_AUDIO\03_wav\individual\2021\SDRW2100001430\SDRW2100001430.1.1.251.lab,86,D:\20_AUDIO\03_wav\individual\2021\SDRW2100001430\SDRW2100001430.1.1.251.wav,True,True,
2021,SDRW2100001440,SDRW2100001440.1.1.139,no_textgrid_after_mfa,D:\20_AUDIO\03_wav\individual\2021\SDRW2100001440\SDRW2100001440.1.1.139.lab,39,D:\20_AUDIO\03_wav\individual\2021\SDRW2100001440\SDRW2100001440.1.1.139.wav,True,True,
2021,SDRW2100001447,SDRW2100001447.1.1.2,no_textgrid_after_mfa,D:\20_AUDIO\03_wav\individual\2021\SDRW2100001447\SDRW2100001447.1.1.2.lab,71,D:\20_AUDIO\03_wav\individual\2021\SDRW2100001447\SDRW2100001447.1.1.2.wav,True,True,
2021,SDRW2100001447,SDRW2100001447.1.1.9,no_textgrid_after_mfa,D:\20_AUDIO\03_wav\individual\2021\SDRW2100001447\SDRW2100001447.1.1.9.lab,83,D:\20_AUDIO\03_wav\individual\2021\SDRW2100001447\SDRW2100001447.1.1.9.wav,True,True,
2021,SDRW2100001448,SDRW2100001448.1.1.160,no_textgrid_after_mfa,D:\20_AUDIO\03_wav\individual\2021\SDRW2100001448\SDRW2100001448.1.1.160.lab,44,D:\20_AUDIO\03_wav\individual\2021\SDRW2100001448\SDRW2100001448.1.1.160.wav,True,True,
2021,SDRW2100001495,SDRW2100001495.1.1.95,no_textgrid_after_mfa,D:\20_AUDIO\03_wav\individual\2021\SDRW2100001495\SDRW2100001495.1.1.95.lab,85,D:\20_AUDIO\03_wav\individual\2021\SDRW2100001495\SDRW2100001495.1.1.95.wav,True,True,
2021,SDRW2100001501,SDRW2100001501.1.1.15,no_textgrid_after_mfa,D:\20_AUDIO\03_wav\individual\2021\SDRW2100001501\SDRW2100001501.1.1.15.lab,96,D:\20_AUDIO\03_wav\individual\2021\SDRW2100001501\SDRW2100001501.1.1.15.wav,True,True,
2021,SDRW2100001503,SDRW2100001503.1.1.105,no_textgrid_after_mfa,D:\20_AUDIO\03_wav\individual\2021\SDRW2100001503\SDRW2100001503.1.1.105.lab,22,D:\20_AUDIO\03_wav\individual\2021\SDRW2100001503\SDRW2100001503.1.1.105.wav,True,True,
2021,SDRW2100001504,SDRW2100001504.1.1.447,no_textgrid_after_mfa,D:\20_AUDIO\03_wav\individual\2021\SDRW2100001504\SDRW2100001504.1.1.447.lab,19,D:\20_AUDIO\03_wav\individual\2021\SDRW2100001504\SDRW2100001504.1.1.447.wav,True,False,exclude_source_audio_unusable
2021,SDRW2100001504,SDRW2100001504.1.1.448,no_textgrid_after_mfa,D:\20_AUDIO\03_wav\individual\2021\SDRW2100001504\SDRW2100001504.1.1.448.lab,50,D:\20_AUDIO\03_wav\individual\2021\SDRW2100001504\SDRW2100001504.1.1.448.wav,True,True,
2021,SDRW2100001505,SDRW2100001505.1.1.435,no_textgrid_after_mfa,D:\20_AUDIO\03_wav\individual\2021\SDRW2100001505\SDRW2100001505.1.1.435.lab,44,D:\20_AUDIO\03_wav\individual\2021\SDRW2100001505\SDRW2100001505.1.1.435.wav,True,False,exclude_source_audio_unusable
2021,SDRW2100001509,SDRW2100001509.1.1.176,no_textgrid_after_mfa,D:\20_AUDIO\03_wav\individual\2021\SDRW2100001509\SDRW2100001509.1.1.176.lab,76,D:\20_AUDIO\03_wav\individual\2021\SDRW2100001509\SDRW2100001509.1.1.176.wav,True,True,
2021,SDRW2100001510,SDRW2100001510.1.1.297,no_textgrid_after_mfa,D:\20_AUDIO\03_wav\individual\2021\SDRW2100001510\SDRW2100001510.1.1.297.lab,56,D:\20_AUDIO\03_wav\individual\2021\SDRW2100001510\SDRW2100001510.1.1.297.wav,True,True,
2021,SDRW2100001510,SDRW2100001510.1.1.298,no_textgrid_after_mfa,D:\20_AUDIO\03_wav\individual\2021\SDRW2100001510\SDRW2100001510.1.1.298.lab,31,D:\20_AUDIO\03_wav\individual\2021\SDRW2100001510\SDRW2100001510.1.1.298.wav,True,False,exclude_source_audio_unusable
2021,SDRW2100001511,SDRW2100001511.1.1.171,no_textgrid_after_mfa,D:\20_AUDIO\03_wav\individual\2021\SDRW2100001511\SDRW2100001511.1.1.171.lab,41,D:\20_AUDIO\03_wav\individual\2021\SDRW2100001511\SDRW2100001511.1.1.171.wav,True,False,exclude_source_audio_unusable
2021,SDRW2100001511,SDRW2100001511.1.1.172,no_textgrid_after_mfa,D:\20_AUDIO\03_wav\individual\2021\SDRW2100001511\SDRW2100001511.1.1.172.lab,62,D:\20_AUDIO\03_wav\individual\2021\SDRW2100001511\SDRW2100001511.1.1.172.wav,True,True,
2021,SDRW2100001512,SDRW2100001512.1.1.33,no_textgrid_after_mfa,D:\20_AUDIO\03_wav\individual\2021\SDRW2100001512\SDRW2100001512.1.1.33.lab,20,D:\20_AUDIO\03_wav\individual\2021\SDRW2100001512\SDRW2100001512.1.1.33.wav,True,False,exclude_source_audio_unusable
2021,SDRW2100001512,SDRW2100001512.1.1.34,no_textgrid_after_mfa,D:\20_AUDIO\03_wav\individual\2021\SDRW2100001512\SDRW2100001512.1.1.34.lab,73,D:\20_AUDIO\03_wav\individual\2021\SDRW2100001512\SDRW2100001512.1.1.34.wav,True,True,
2021,SDRW2100001512,SDRW2100001512.1.1.379,no_textgrid_after_mfa,D:\20_AUDIO\03_wav\individual\2021\SDRW2100001512\SDRW2100001512.1.1.379.lab,81,D:\20_AUDIO\03_wav\individual\2021\SDRW2100001512\SDRW2100001512.1.1.379.wav,True,True,
2021,SDRW2100001512,SDRW2100001512.1.1.425,no_textgrid_after_mfa,D:\20_AUDIO\03_wav\individual\2021\SDRW2100001512\SDRW2100001512.1.1.425.lab,34,D:\20_AUDIO\03_wav\individual\2021\SDRW2100001512\SDRW2100001512.1.1.425.wav,True,False,exclude_source_audio_unusable
2021,SDRW2100001512,SDRW2100001512.1.1.426,no_textgrid_after_mfa,D:\20_AUDIO\03_wav\individual\2021\SDRW2100001512\SDRW2100001512.1.1.426.lab,51,D:\20_AUDIO\03_wav\individual\2021\SDRW2100001512\SDRW2100001512.1.1.426.wav,True,True,
2021,SDRW2100001512,SDRW2100001512.1.1.488,no_textgrid_after_mfa,D:\20_AUDIO\03_wav\individual\2021\SDRW2100001512\SDRW2100001512.1.1.488.lab,43,D:\20_AUDIO\03_wav\individual\2021\SDRW2100001512\SDRW2100001512.1.1.488.wav,True,False,exclude_source_audio_unusable
2021,SDRW2100001512,SDRW2100001512.1.1.88,no_textgrid_after_mfa,D:\20_AUDIO\03_wav\individual\2021\SDRW2100001512\SDRW2100001512.1.1.88.lab,54,D:\20_AUDIO\03_wav\individual\2021\SDRW2100001512\SDRW2100001512.1.1.88.wav,True,False,exclude_source_audio_unusable
2021,SDRW2100001526,SDRW2100001526.1.1.423,no_textgrid_after_mfa,D:\20_AUDIO\03_wav\individual\2021\SDRW2100001526\SDRW2100001526.1.1.423.lab,34,D:\20_AUDIO\03_wav\individual\2021\SDRW2100001526\SDRW2100001526.1.1.423.wav,True,True,
2021,SDRW2100001531,SDRW2100001531.1.1.124,no_textgrid_after_mfa,D:\20_AUDIO\03_wav\individual\2021\SDRW2100001531\SDRW2100001531.1.1.124.lab,63,D:\20_AUDIO\03_wav\individual\2021\SDRW2100001531\SDRW2100001531.1.1.124.wav,True,True,
2021,SDRW2100001531,SDRW2100001531.1.1.565,no_textgrid_after_mfa,D:\20_AUDIO\03_wav\individual\2021\SDRW2100001531\SDRW2100001531.1.1.565.lab,16,D:\20_AUDIO\03_wav\individual\2021\SDRW2100001531\SDRW2100001531.1.1.565.wav,True,True,
2021,SDRW2100001534,SDRW2100001534.1.1.264,no_textgrid_after_mfa,D:\20_AUDIO\03_wav\individual\2021\SDRW2100001534\SDRW2100001534.1.1.264.lab,55,D:\20_AUDIO\03_wav\individual\2021\SDRW2100001534\SDRW2100001534.1.1.264.wav,True,True,
2021,SDRW2100001540,SDRW2100001540.1.1.137,no_textgrid_after_mfa,D:\20_AUDIO\03_wav\individual\2021\SDRW2100001540\SDRW2100001540.1.1.137.lab,136,D:\20_AUDIO\03_wav\individual\2021\SDRW2100001540\SDRW2100001540.1.1.137.wav,True,True,
2021,SDRW2100001579,SDRW2100001579.1.1.305,no_textgrid_after_mfa,D:\20_AUDIO\03_wav\individual\2021\SDRW2100001579\SDRW2100001579.1.1.305.lab,70,D:\20_AUDIO\03_wav\individual\2021\SDRW2100001579\SDRW2100001579.1.1.305.wav,True,True,
2021,SDRW2100001580,SDRW2100001580.1.1.250,no_textgrid_after_mfa,D:\20_AUDIO\03_wav\individual\2021\SDRW2100001580\SDRW2100001580.1.1.250.lab,82,D:\20_AUDIO\03_wav\individual\2021\SDRW2100001580\SDRW2100001580.1.1.250.wav,True,False,exclude_source_audio_unusable
2021,SDRW2100001586,SDRW2100001586.1.1.20,no_textgrid_after_mfa,D:\20_AUDIO\03_wav\individual\2021\SDRW2100001586\SDRW2100001586.1.1.20.lab,60,D:\20_AUDIO\03_wav\individual\2021\SDRW2100001586\SDRW2100001586.1.1.20.wav,True,True,
2021,SDRW2100001591,SDRW2100001591.1.1.229,no_textgrid_after_mfa,D:\20_AUDIO\03_wav\individual\2021\SDRW2100001591\SDRW2100001591.1.1.229.lab,12,D:\20_AUDIO\03_wav\individual\2021\SDRW2100001591\SDRW2100001591.1.1.229.wav,True,False,exclude_source_audio_unusable
2021,SDRW2100001591,SDRW2100001591.1.1.230,no_textgrid_after_mfa,D:\20_AUDIO\03_wav\individual\2021\SDRW2100001591\SDRW2100001591.1.1.230.lab,64,D:\20_AUDIO\03_wav\individual\2021\SDRW2100001591\SDRW2100001591.1.1.230.wav,True,True,
2021,SDRW2100001591,SDRW2100001591.1.1.235,no_textgrid_after_mfa,D:\20_AUDIO\03_wav\individual\2021\SDRW2100001591\SDRW2100001591.1.1.235.lab,48,D:\20_AUDIO\03_wav\individual\2021\SDRW2100001591\SDRW2100001591.1.1.235.wav,True,False,exclude_source_audio_unusable
2021,SDRW2100001592,SDRW2100001592.1.1.289,no_textgrid_after_mfa,D:\20_AUDIO\03_wav\individual\2021\SDRW2100001592\SDRW2100001592.1.1.289.lab,41,D:\20_AUDIO\03_wav\individual\2021\SDRW2100001592\SDRW2100001592.1.1.289.wav,True,True,
2021,SDRW2100001592,SDRW2100001592.1.1.338,no_textgrid_after_mfa,D:\20_AUDIO\03_wav\individual\2021\SDRW2100001592\SDRW2100001592.1.1.338.lab,50,D:\20_AUDIO\03_wav\individual\2021\SDRW2100001592\SDRW2100001592.1.1.338.wav,True,False,exclude_source_audio_unusable
2021,SDRW2100001592,SDRW2100001592.1.1.373,no_textgrid_after_mfa,D:\20_AUDIO\03_wav\individual\2021\SDRW2100001592\SDRW2100001592.1.1.373.lab,12,D:\20_AUDIO\03_wav\individual\2021\SDRW2100001592\SDRW2100001592.1.1.373.wav,True,False,exclude_source_audio_unusable
2021,SDRW2100001597,SDRW2100001597.1.1.43,no_textgrid_after_mfa,D:\20_AUDIO\03_wav\individual\2021\SDRW2100001597\SDRW2100001597.1.1.43.lab,14,D:\20_AUDIO\03_wav\individual\2021\SDRW2100001597\SDRW2100001597.1.1.43.wav,True,True,
2021,SDRW2100001615,SDRW2100001615.1.1.496,no_textgrid_after_mfa,D:\20_AUDIO\03_wav\individual\2021\SDRW2100001615\SDRW2100001615.1.1.496.lab,14,D:\20_AUDIO\03_wav\individual\2021\SDRW2100001615\SDRW2100001615.1.1.496.wav,True,False,exclude_source_audio_unusable
2021,SDRW2100001615,SDRW2100001615.1.1.497,no_textgrid_after_mfa,D:\20_AUDIO\03_wav\individual\2021\SDRW2100001615\SDRW2100001615.1.1.497.lab,42,D:\20_AUDIO\03_wav\individual\2021\SDRW2100001615\SDRW2100001615.1.1.497.wav,True,True,
2021,SDRW2100001620,SDRW2100001620.1.1.239,no_textgrid_after_mfa,D:\20_AUDIO\03_wav\individual\2021\SDRW2100001620\SDRW2100001620.1.1.239.lab,50,D:\20_AUDIO\03_wav\individual\2021\SDRW2100001620\SDRW2100001620.1.1.239.wav,True,True,
2021,SDRW2100001622,SDRW2100001622.1.1.89,no_textgrid_after_mfa,D:\20_AUDIO\03_wav\individual\2021\SDRW2100001622\SDRW2100001622.1.1.89.lab,30,D:\20_AUDIO\03_wav\individual\2021\SDRW2100001622\SDRW2100001622.1.1.89.wav,True,True,
2021,SDRW2100001627,SDRW2100001627.1.1.233,no_textgrid_after_mfa,D:\20_AUDIO\03_wav\individual\2021\SDRW2100001627\SDRW2100001627.1.1.233.lab,65,D:\20_AUDIO\03_wav\individual\2021\SDRW2100001627\SDRW2100001627.1.1.233.wav,True,True,
2021,SDRW2100001628,SDRW2100001628.1.1.78,no_textgrid_after_mfa,D:\20_AUDIO\03_wav\individual\2021\SDRW2100001628\SDRW2100001628.1.1.78.lab,80,D:\20_AUDIO\03_wav\individual\2021\SDRW2100001628\SDRW2100001628.1.1.78.wav,True,True,
2021,SDRW2100001639,SDRW2100001639.1.1.73,no_textgrid_after_mfa,D:\20_AUDIO\03_wav\individual\2021\SDRW2100001639\SDRW2100001639.1.1.73.lab,75,D:\20_AUDIO\03_wav\individual\2021\SDRW2100001639\SDRW2100001639.1.1.73.wav,True,True,
2021,SDRW2100001641,SDRW2100001641.1.1.263,no_textgrid_after_mfa,D:\20_AUDIO\03_wav\individual\2021\SDRW2100001641\SDRW2100001641.1.1.263.lab,71,D:\20_AUDIO\03_wav\individual\2021\SDRW2100001641\SDRW2100001641.1.1.263.wav,True,True,
2021,SDRW2100001643,SDRW2100001643.1.1.502,no_textgrid_after_mfa,D:\20_AUDIO\03_wav\individual\2021\SDRW2100001643\SDRW2100001643.1.1.502.lab,62,D:\20_AUDIO\03_wav\individual\2021\SDRW2100001643\SDRW2100001643.1.1.502.wav,True,False,exclude_source_audio_unusable
2021,SDRW2100001648,SDRW2100001648.1.1.349,no_textgrid_after_mfa,D:\20_AUDIO\03_wav\individual\2021\SDRW2100001648\SDRW2100001648.1.1.349.lab,47,D:\20_AUDIO\03_wav\individual\2021\SDRW2100001648\SDRW2100001648.1.1.349.wav,True,True,
2021,SDRW2100001648,SDRW2100001648.1.1.39,no_textgrid_after_mfa,D:\20_AUDIO\03_wav\individual\2021\SDRW2100001648\SDRW2100001648.1.1.39.lab,88,D:\20_AUDIO\03_wav\individual\2021\SDRW2100001648\SDRW2100001648.1.1.39.wav,True,True,
2021,SDRW2100001652,SDRW2100001652.1.1.374,no_textgrid_after_mfa,D:\20_AUDIO\03_wav\individual\2021\SDRW2100001652\SDRW2100001652.1.1.374.lab,59,D:\20_AUDIO\03_wav\individual\2021\SDRW2100001652\SDRW2100001652.1.1.374.wav,True,True,
2021,SDRW2100001654,SDRW2100001654.1.1.21,no_textgrid_after_mfa,D:\20_AUDIO\03_wav\individual\2021\SDRW2100001654\SDRW2100001654.1.1.21.lab,43,D:\20_AUDIO\03_wav\individual\2021\SDRW2100001654\SDRW2100001654.1.1.21.wav,True,True,
2021,SDRW2100001667,SDRW2100001667.1.1.103,no_textgrid_after_mfa,D:\20_AUDIO\03_wav\individual\2021\SDRW2100001667\SDRW2100001667.1.1.103.lab,62,D:\20_AUDIO\03_wav\individual\2021\SDRW2100001667\SDRW2100001667.1.1.103.wav,True,True,
2021,SDRW2100001672,SDRW2100001672.1.1.422,no_textgrid_after_mfa,D:\20_AUDIO\03_wav\individual\2021\SDRW2100001672\SDRW2100001672.1.1.422.lab,60,D:\20_AUDIO\03_wav\individual\2021\SDRW2100001672\SDRW2100001672.1.1.422.wav,True,True,
2021,SDRW2100001676,SDRW2100001676.1.1.526,no_textgrid_after_mfa,D:\20_AUDIO\03_wav\individual\2021\SDRW2100001676\SDRW2100001676.1.1.526.lab,26,D:\20_AUDIO\03_wav\individual\2021\SDRW2100001676\SDRW2100001676.1.1.526.wav,True,True,
2021,SDRW2100001684,SDRW2100001684.1.1.162,no_textgrid_after_mfa,D:\20_AUDIO\03_wav\individual\2021\SDRW2100001684\SDRW2100001684.1.1.162.lab,72,D:\20_AUDIO\03_wav\individual\2021\SDRW2100001684\SDRW2100001684.1.1.162.wav,True,True,
2021,SDRW2100001684,SDRW2100001684.1.1.178,no_textgrid_after_mfa,D:\20_AUDIO\03_wav\individual\2021\SDRW2100001684\SDRW2100001684.1.1.178.lab,44,D:\20_AUDIO\03_wav\individual\2021\SDRW2100001684\SDRW2100001684.1.1.178.wav,True,True,
2021,SDRW2100001684,SDRW2100001684.1.1.288,no_textgrid_after_mfa,D:\20_AUDIO\03_wav\individual\2021\SDRW2100001684\SDRW2100001684.1.1.288.lab,98,D:\20_AUDIO\03_wav\individual\2021\SDRW2100001684\SDRW2100001684.1.1.288.wav,True,True,
2021,SDRW2100001687,SDRW2100001687.1.1.126,no_textgrid_after_mfa,D:\20_AUDIO\03_wav\individual\2021\SDRW2100001687\SDRW2100001687.1.1.126.lab,59,D:\20_AUDIO\03_wav\individual\2021\SDRW2100001687\SDRW2100001687.1.1.126.wav,True,True,
2021,SDRW2100001687,SDRW2100001687.1.1.258,no_textgrid_after_mfa,D:\20_AUDIO\03_wav\individual\2021\SDRW2100001687\SDRW2100001687.1.1.258.lab,33,D:\20_AUDIO\03_wav\individual\2021\SDRW2100001687\SDRW2100001687.1.1.258.wav,True,True,
2021,SDRW2100001693,SDRW2100001693.1.1.134,no_textgrid_after_mfa,D:\20_AUDIO\03_wav\individual\2021\SDRW2100001693\SDRW2100001693.1.1.134.lab,26,D:\20_AUDIO\03_wav\individual\2021\SDRW2100001693\SDRW2100001693.1.1.134.wav,True,True,
2021,SDRW2100001700,SDRW2100001700.1.1.230,no_textgrid_after_mfa,D:\20_AUDIO\03_wav\individual\2021\SDRW2100001700\SDRW2100001700.1.1.230.lab,9,D:\20_AUDIO\03_wav\individual\2021\SDRW2100001700\SDRW2100001700.1.1.230.wav,True,True,
2021,SDRW2100001703,SDRW2100001703.1.1.245,no_textgrid_after_mfa,D:\20_AUDIO\03_wav\individual\2021\SDRW2100001703\SDRW2100001703.1.1.245.lab,113,D:\20_AUDIO\03_wav\individual\2021\SDRW2100001703\SDRW2100001703.1.1.245.wav,True,True,
2021,SDRW2100001703,SDRW2100001703.1.1.246,no_textgrid_after_mfa,D:\20_AUDIO\03_wav\individual\2021\SDRW2100001703\SDRW2100001703.1.1.246.lab,73,D:\20_AUDIO\03_wav\individual\2021\SDRW2100001703\SDRW2100001703.1.1.246.wav,True,True,
2021,SDRW2100001707,SDRW2100001707.1.1.458,no_textgrid_after_mfa,D:\20_AUDIO\03_wav\individual\2021\SDRW2100001707\SDRW2100001707.1.1.458.lab,80,D:\20_AUDIO\03_wav\individual\2021\SDRW2100001707\SDRW2100001707.1.1.458.wav,True,True,
2021,SDRW2100001713,SDRW2100001713.1.1.136,no_textgrid_after_mfa,D:\20_AUDIO\03_wav\individual\2021\SDRW2100001713\SDRW2100001713.1.1.136.lab,70,D:\20_AUDIO\03_wav\individual\2021\SDRW2100001713\SDRW2100001713.1.1.136.wav,True,True,
2021,SDRW2100001736,SDRW2100001736.1.1.164,no_textgrid_after_mfa,D:\20_AUDIO\03_wav\individual\2021\SDRW2100001736\SDRW2100001736.1.1.164.lab,37,D:\20_AUDIO\03_wav\individual\2021\SDRW2100001736\SDRW2100001736.1.1.164.wav,True,True,
2021,SDRW2100001736,SDRW2100001736.1.1.404,no_textgrid_after_mfa,D:\20_AUDIO\03_wav\individual\2021\SDRW2100001736\SDRW2100001736.1.1.404.lab,40,D:\20_AUDIO\03_wav\individual\2021\SDRW2100001736\SDRW2100001736.1.1.404.wav,True,True,
2021,SDRW2100001736,SDRW2100001736.1.1.412,no_textgrid_after_mfa,D:\20_AUDIO\03_wav\individual\2021\SDRW2100001736\SDRW2100001736.1.1.412.lab,39,D:\20_AUDIO\03_wav\individual\2021\SDRW2100001736\SDRW2100001736.1.1.412.wav,True,True,
2021,SDRW2100001742,SDRW2100001742.1.1.173,no_textgrid_after_mfa,D:\20_AUDIO\03_wav\individual\2021\SDRW2100001742\SDRW2100001742.1.1.173.lab,48,D:\20_AUDIO\03_wav\individual\2021\SDRW2100001742\SDRW2100001742.1.1.173.wav,True,True,
2021,SDRW2100001747,SDRW2100001747.1.1.1,no_textgrid_after_mfa,D:\20_AUDIO\03_wav\individual\2021\SDRW2100001747\SDRW2100001747.1.1.1.lab,62,D:\20_AUDIO\03_wav\individual\2021\SDRW2100001747\SDRW2100001747.1.1.1.wav,True,False,exclude_source_audio_unusable
2021,SDRW2100001747,SDRW2100001747.1.1.10,no_textgrid_after_mfa,D:\20_AUDIO\03_wav\individual\2021\SDRW2100001747\SDRW2100001747.1.1.10.lab,24,D:\20_AUDIO\03_wav\individual\2021\SDRW2100001747\SDRW2100001747.1.1.10.wav,True,False,exclude_source_audio_unusable
2021,SDRW2100001747,SDRW2100001747.1.1.100,no_textgrid_after_mfa,D:\20_AUDIO\03_wav\individual\2021\SDRW2100001747\SDRW2100001747.1.1.100.lab,89,D:\20_AUDIO\03_wav\individual\2021\SDRW2100001747\SDRW2100001747.1.1.100.wav,True,False,exclude_source_audio_unusable
2021,SDRW2100001747,SDRW2100001747.1.1.101,no_textgrid_after_mfa,D:\20_AUDIO\03_wav\individual\2021\SDRW2100001747\SDRW2100001747.1.1.101.lab,36,D:\20_AUDIO\03_wav\individual\2021\SDRW2100001747\SDRW2100001747.1.1.101.wav,True,False,exclude_source_audio_unusable
2021,SDRW2100001747,SDRW2100001747.1.1.102,no_textgrid_after_mfa,D:\20_AUDIO\03_wav\individual\2021\SDRW2100001747\SDRW2100001747.1.1.102.lab,54,D:\20_AUDIO\03_wav\individual\2021\SDRW2100001747\SDRW2100001747.1.1.102.wav,True,False,exclude_source_audio_unusable
2021,SDRW2100001747,SDRW2100001747.1.1.103,no_textgrid_after_mfa,D:\20_AUDIO\03_wav\individual\2021\SDRW2100001747\SDRW2100001747.1.1.103.lab,57,D:\20_AUDIO\03_wav\individual\2021\SDRW2100001747\SDRW2100001747.1.1.103.wav,True,False,exclude_source_audio_unusable
2021,SDRW2100001747,SDRW2100001747.1.1.104,no_textgrid_after_mfa,D:\20_AUDIO\03_wav\individual\2021\SDRW2100001747\SDRW2100001747.1.1.104.lab,10,D:\20_AUDIO\03_wav\individual\2021\SDRW2100001747\SDRW2100001747.1.1.104.wav,True,False,exclude_source_audio_unusable
2021,SDRW2100001747,SDRW2100001747.1.1.105,no_textgrid_after_mfa,D:\20_AUDIO\03_wav\individual\2021\SDRW2100001747\SDRW2100001747.1.1.105.lab,81,D:\20_AUDIO\03_wav\individual\2021\SDRW2100001747\SDRW2100001747.1.1.105.wav,True,False,exclude_source_audio_unusable
2021,SDRW2100001747,SDRW2100001747.1.1.106,no_textgrid_after_mfa,D:\20_AUDIO\03_wav\individual\2021\SDRW2100001747\SDRW2100001747.1.1.106.lab,66,D:\20_AUDIO\03_wav\individual\2021\SDRW2100001747\SDRW2100001747.1.1.106.wav,True,False,exclude_source_audio_unusable
2021,SDRW2100001747,SDRW2100001747.1.1.107,no_textgrid_after_mfa,D:\20_AUDIO\03_wav\individual\2021\SDRW2100001747\SDRW2100001747.1.1.107.lab,23,D:\20_AUDIO\03_wav\individual\2021\SDRW2100001747\SDRW2100001747.1.1.107.wav,True,False,exclude_source_audio_unusable
2021,SDRW2100001747,SDRW2100001747.1.1.108,no_textgrid_after_mfa,D:\20_AUDIO\03_wav\individual\2021\SDRW2100001747\SDRW2100001747.1.1.108.lab,50,D:\20_AUDIO\03_wav\individual\2021\SDRW2100001747\SDRW2100001747.1.1.108.wav,True,False,exclude_source_audio_unusable
2021,SDRW2100001747,SDRW2100001747.1.1.109,no_textgrid_after_mfa,D:\20_AUDIO\03_wav\individual\2021\SDRW2100001747\SDRW2100001747.1.1.109.lab,77,D:\20_AUDIO\03_wav\individual\2021\SDRW2100001747\SDRW2100001747.1.1.109.wav,True,False,exclude_source_audio_unusable
2021,SDRW2100001747,SDRW2100001747.1.1.11,no_textgrid_after_mfa,D:\20_AUDIO\03_wav\individual\2021\SDRW2100001747\SDRW2100001747.1.1.11.lab,63,D:\20_AUDIO\03_wav\individual\2021\SDRW2100001747\SDRW2100001747.1.1.11.wav,True,False,exclude_source_audio_unusable
2021,SDRW2100001747,SDRW2100001747.1.1.110,no_textgrid_after_mfa,D:\20_AUDIO\03_wav\individual\2021\SDRW2100001747\SDRW2100001747.1.1.110.lab,62,D:\20_AUDIO\03_wav\individual\2021\SDRW2100001747\SDRW2100001747.1.1.110.wav,True,False,exclude_source_audio_unusable
2021,SDRW2100001747,SDRW2100001747.1.1.111,no_textgrid_after_mfa,D:\20_AUDIO\03_wav\individual\2021\SDRW2100001747\SDRW2100001747.1.1.111.lab,42,D:\20_AUDIO\03_wav\individual\2021\SDRW2100001747\SDRW2100001747.1.1.111.wav,True,False,exclude_source_audio_unusable
2021,SDRW2100001747,SDRW2100001747.1.1.112,no_textgrid_after_mfa,D:\20_AUDIO\03_wav\individual\2021\SDRW2100001747\SDRW2100001747.1.1.112.lab,39,D:\20_AUDIO\03_wav\individual\2021\SDRW2100001747\SDRW2100001747.1.1.112.wav,True,False,exclude_source_audio_unusable
2021,SDRW2100001747,SDRW2100001747.1.1.113,no_textgrid_after_mfa,D:\20_AUDIO\03_wav\individual\2021\SDRW2100001747\SDRW2100001747.1.1.113.lab,47,D:\20_AUDIO\03_wav\individual\2021\SDRW2100001747\SDRW2100001747.1.1.113.wav,True,False,exclude_source_audio_unusable
2021,SDRW2100001747,SDRW2100001747.1.1.114,no_textgrid_after_mfa,D:\20_AUDIO\03_wav\individual\2021\SDRW2100001747\SDRW2100001747.1.1.114.lab,94,D:\20_AUDIO\03_wav\individual\2021\SDRW2100001747\SDRW2100001747.1.1.114.wav,True,False,exclude_source_audio_unusable
2021,SDRW2100001747,SDRW2100001747.1.1.115,no_textgrid_after_mfa,D:\20_AUDIO\03_wav\individual\2021\SDRW2100001747\SDRW2100001747.1.1.115.lab,94,D:\20_AUDIO\03_wav\individual\2021\SDRW2100001747\SDRW2100001747.1.1.115.wav,True,False,exclude_source_audio_unusable
2021,SDRW2100001747,SDRW2100001747.1.1.116,no_textgrid_after_mfa,D:\20_AUDIO\03_wav\individual\2021\SDRW2100001747\SDRW2100001747.1.1.116.lab,51,D:\20_AUDIO\03_wav\individual\2021\SDRW2100001747\SDRW2100001747.1.1.116.wav,True,False,exclude_source_audio_unusable
2021,SDRW2100001747,SDRW2100001747.1.1.117,no_textgrid_after_mfa,D:\20_AUDIO\03_wav\individual\2021\SDRW2100001747\SDRW2100001747.1.1.117.lab,40,D:\20_AUDIO\03_wav\individual\2021\SDRW2100001747\SDRW2100001747.1.1.117.wav,True,False,exclude_source_audio_unusable
2021,SDRW2100001747,SDRW2100001747.1.1.118,no_textgrid_after_mfa,D:\20_AUDIO\03_wav\individual\2021\SDRW2100001747\SDRW2100001747.1.1.118.lab,36,D:\20_AUDIO\03_wav\individual\2021\SDRW2100001747\SDRW2100001747.1.1.118.wav,True,False,exclude_source_audio_unusable
2021,SDRW2100001747,SDRW2100001747.1.1.119,no_textgrid_after_mfa,D:\20_AUDIO\03_wav\individual\2021\SDRW2100001747\SDRW2100001747.1.1.119.lab,39,D:\20_AUDIO\03_wav\individual\2021\SDRW2100001747\SDRW2100001747.1.1.119.wav,True,False,exclude_source_audio_unusable
2021,SDRW2100001747,SDRW2100001747.1.1.12,no_textgrid_after_mfa,D:\20_AUDIO\03_wav\individual\2021\SDRW2100001747\SDRW2100001747.1.1.12.lab,19,D:\20_AUDIO\03_wav\individual\2021\SDRW2100001747\SDRW2100001747.1.1.12.wav,True,False,exclude_source_audio_unusable
2021,SDRW2100001747,SDRW2100001747.1.1.120,no_textgrid_after_mfa,D:\20_AUDIO\03_wav\individual\2021\SDRW2100001747\SDRW2100001747.1.1.120.lab,43,D:\20_AUDIO\03_wav\individual\2021\SDRW2100001747\SDRW2100001747.1.1.120.wav,True,False,exclude_source_audio_unusable
2021,SDRW2100001747,SDRW2100001747.1.1.121,no_textgrid_after_mfa,D:\20_AUDIO\03_wav\individual\2021\SDRW2100001747\SDRW2100001747.1.1.121.lab,57,D:\20_AUDIO\03_wav\individual\2021\SDRW2100001747\SDRW2100001747.1.1.121.wav,True,False,exclude_source_audio_unusable
2021,SDRW2100001747,SDRW2100001747.1.1.122,no_textgrid_after_mfa,D:\20_AUDIO\03_wav\individual\2021\SDRW2100001747\SDRW2100001747.1.1.122.lab,23,D:\20_AUDIO\03_wav\individual\2021\SDRW2100001747\SDRW2100001747.1.1.122.wav,True,False,exclude_source_audio_unusable
2021,SDRW2100001747,SDRW2100001747.1.1.123,no_textgrid_after_mfa,D:\20_AUDIO\03_wav\individual\2021\SDRW2100001747\SDRW2100001747.1.1.123.lab,33,D:\20_AUDIO\03_wav\individual\2021\SDRW2100001747\SDRW2100001747.1.1.123.wav,True,False,exclude_source_audio_unusable
2021,SDRW2100001747,SDRW2100001747.1.1.124,no_textgrid_after_mfa,D:\20_AUDIO\03_wav\individual\2021\SDRW2100001747\SDRW2100001747.1.1.124.lab,53,D:\20_AUDIO\03_wav\individual\2021\SDRW2100001747\SDRW2100001747.1.1.124.wav,True,False,exclude_source_audio_unusable
2021,SDRW2100001747,SDRW2100001747.1.1.125,no_textgrid_after_mfa,D:\20_AUDIO\03_wav\individual\2021\SDRW2100001747\SDRW2100001747.1.1.125.lab,63,D:\20_AUDIO\03_wav\individual\2021\SDRW2100001747\SDRW2100001747.1.1.125.wav,True,False,exclude_source_audio_unusable
2021,SDRW2100001747,SDRW2100001747.1.1.126,no_textgrid_after_mfa,D:\20_AUDIO\03_wav\individual\2021\SDRW2100001747\SDRW2100001747.1.1.126.lab,55,D:\20_AUDIO\03_wav\individual\2021\SDRW2100001747\SDRW2100001747.1.1.126.wav,True,False,exclude_source_audio_unusable
2021,SDRW2100001747,SDRW2100001747.1.1.127,no_textgrid_after_mfa,D:\20_AUDIO\03_wav\individual\2021\SDRW2100001747\SDRW2100001747.1.1.127.lab,20,D:\20_AUDIO\03_wav\individual\2021\SDRW2100001747\SDRW2100001747.1.1.127.wav,True,False,exclude_source_audio_unusable
2021,SDRW2100001747,SDRW2100001747.1.1.128,no_textgrid_after_mfa,D:\20_AUDIO\03_wav\individual\2021\SDRW2100001747\SDRW2100001747.1.1.128.lab,98,D:\20_AUDIO\03_wav\individual\2021\SDRW2100001747\SDRW2100001747.1.1.128.wav,True,False,exclude_source_audio_unusable
2021,SDRW2100001747,SDRW2100001747.1.1.129,no_textgrid_after_mfa,D:\20_AUDIO\03_wav\individual\2021\SDRW2100001747\SDRW2100001747.1.1.129.lab,25,D:\20_AUDIO\03_wav\individual\2021\SDRW2100001747\SDRW2100001747.1.1.129.wav,True,False,exclude_source_audio_unusable
2021,SDRW2100001747,SDRW2100001747.1.1.13,no_textgrid_after_mfa,D:\20_AUDIO\03_wav\individual\2021\SDRW2100001747\SDRW2100001747.1.1.13.lab,60,D:\20_AUDIO\03_wav\individual\2021\SDRW2100001747\SDRW2100001747.1.1.13.wav,True,False,exclude_source_audio_unusable
2021,SDRW2100001747,SDRW2100001747.1.1.130,no_textgrid_after_mfa,D:\20_AUDIO\03_wav\individual\2021\SDRW2100001747\SDRW2100001747.1.1.130.lab,75,D:\20_AUDIO\03_wav\individual\2021\SDRW2100001747\SDRW2100001747.1.1.130.wav,True,False,exclude_source_audio_unusable
2021,SDRW2100001747,SDRW2100001747.1.1.131,no_textgrid_after_mfa,D:\20_AUDIO\03_wav\individual\2021\SDRW2100001747\SDRW2100001747.1.1.131.lab,75,D:\20_AUDIO\03_wav\individual\2021\SDRW2100001747\SDRW2100001747.1.1.131.wav,True,False,exclude_source_audio_unusable
2021,SDRW2100001747,SDRW2100001747.1.1.132,no_textgrid_after_mfa,D:\20_AUDIO\03_wav\individual\2021\SDRW2100001747\SDRW2100001747.1.1.132.lab,42,D:\20_AUDIO\03_wav\individual\2021\SDRW2100001747\SDRW2100001747.1.1.132.wav,True,False,exclude_source_audio_unusable
2021,SDRW2100001747,SDRW2100001747.1.1.133,no_textgrid_after_mfa,D:\20_AUDIO\03_wav\individual\2021\SDRW2100001747\SDRW2100001747.1.1.133.lab,57,D:\20_AUDIO\03_wav\individual\2021\SDRW2100001747\SDRW2100001747.1.1.133.wav,True,False,exclude_source_audio_unusable
2021,SDRW2100001747,SDRW2100001747.1.1.134,no_textgrid_after_mfa,D:\20_AUDIO\03_wav\individual\2021\SDRW2100001747\SDRW2100001747.1.1.134.lab,55,D:\20_AUDIO\03_wav\individual\2021\SDRW2100001747\SDRW2100001747.1.1.134.wav,True,False,exclude_source_audio_unusable
2021,SDRW2100001747,SDRW2100001747.1.1.135,no_textgrid_after_mfa,D:\20_AUDIO\03_wav\individual\2021\SDRW2100001747\SDRW2100001747.1.1.135.lab,93,D:\20_AUDIO\03_wav\individual\2021\SDRW2100001747\SDRW2100001747.1.1.135.wav,True,False,exclude_source_audio_unusable
2021,SDRW2100001747,SDRW2100001747.1.1.136,no_textgrid_after_mfa,D:\20_AUDIO\03_wav\individual\2021\SDRW2100001747\SDRW2100001747.1.1.136.lab,46,D:\20_AUDIO\03_wav\individual\2021\SDRW2100001747\SDRW2100001747.1.1.136.wav,True,False,exclude_source_audio_unusable
2021,SDRW2100001747,SDRW2100001747.1.1.137,no_textgrid_after_mfa,D:\20_AUDIO\03_wav\individual\2021\SDRW2100001747\SDRW2100001747.1.1.137.lab,44,D:\20_AUDIO\03_wav\individual\2021\SDRW2100001747\SDRW2100001747.1.1.137.wav,True,False,exclude_source_audio_unusable
2021,SDRW2100001747,SDRW2100001747.1.1.138,no_textgrid_after_mfa,D:\20_AUDIO\03_wav\individual\2021\SDRW2100001747\SDRW2100001747.1.1.138.lab,60,D:\20_AUDIO\03_wav\individual\2021\SDRW2100001747\SDRW2100001747.1.1.138.wav,True,False,exclude_source_audio_unusable
2021,SDRW2100001747,SDRW2100001747.1.1.139,no_textgrid_after_mfa,D:\20_AUDIO\03_wav\individual\2021\SDRW2100001747\SDRW2100001747.1.1.139.lab,75,D:\20_AUDIO\03_wav\individual\2021\SDRW2100001747\SDRW2100001747.1.1.139.wav,True,False,exclude_source_audio_unusable
2021,SDRW2100001747,SDRW2100001747.1.1.14,no_textgrid_after_mfa,D:\20_AUDIO\03_wav\individual\2021\SDRW2100001747\SDRW2100001747.1.1.14.lab,66,D:\20_AUDIO\03_wav\individual\2021\SDRW2100001747\SDRW2100001747.1.1.14.wav,True,False,exclude_source_audio_unusable
2021,SDRW2100001747,SDRW2100001747.1.1.140,no_textgrid_after_mfa,D:\20_AUDIO\03_wav\individual\2021\SDRW2100001747\SDRW2100001747.1.1.140.lab,87,D:\20_AUDIO\03_wav\individual\2021\SDRW2100001747\SDRW2100001747.1.1.140.wav,True,False,exclude_source_audio_unusable
2021,SDRW2100001747,SDRW2100001747.1.1.141,no_textgrid_after_mfa,D:\20_AUDIO\03_wav\individual\2021\SDRW2100001747\SDRW2100001747.1.1.141.lab,60,D:\20_AUDIO\03_wav\individual\2021\SDRW2100001747\SDRW2100001747.1.1.141.wav,True,False,exclude_source_audio_unusable
2021,SDRW2100001747,SDRW2100001747.1.1.142,no_textgrid_after_mfa,D:\20_AUDIO\03_wav\individual\2021\SDRW2100001747\SDRW2100001747.1.1.142.lab,33,D:\20_AUDIO\03_wav\individual\2021\SDRW2100001747\SDRW2100001747.1.1.142.wav,True,False,exclude_source_audio_unusable
2021,SDRW2100001747,SDRW2100001747.1.1.143,no_textgrid_after_mfa,D:\20_AUDIO\03_wav\individual\2021\SDRW2100001747\SDRW2100001747.1.1.143.lab,99,D:\20_AUDIO\03_wav\individual\2021\SDRW2100001747\SDRW2100001747.1.1.143.wav,True,False,exclude_source_audio_unusable
2021,SDRW2100001747,SDRW2100001747.1.1.144,no_textgrid_after_mfa,D:\20_AUDIO\03_wav\individual\2021\SDRW2100001747\SDRW2100001747.1.1.144.lab,77,D:\20_AUDIO\03_wav\individual\2021\SDRW2100001747\SDRW2100001747.1.1.144.wav,True,False,exclude_source_audio_unusable
2021,SDRW2100001747,SDRW2100001747.1.1.145,no_textgrid_after_mfa,D:\20_AUDIO\03_wav\individual\2021\SDRW2100001747\SDRW2100001747.1.1.145.lab,113,D:\20_AUDIO\03_wav\individual\2021\SDRW2100001747\SDRW2100001747.1.1.145.wav,True,False,exclude_source_audio_unusable
2021,SDRW2100001747,SDRW2100001747.1.1.146,no_textgrid_after_mfa,D:\20_AUDIO\03_wav\individual\2021\SDRW2100001747\SDRW2100001747.1.1.146.lab,20,D:\20_AUDIO\03_wav\individual\2021\SDRW2100001747\SDRW2100001747.1.1.146.wav,True,False,exclude_source_audio_unusable
2021,SDRW2100001747,SDRW2100001747.1.1.147,no_textgrid_after_mfa,D:\20_AUDIO\03_wav\individual\2021\SDRW2100001747\SDRW2100001747.1.1.147.lab,60,D:\20_AUDIO\03_wav\individual\2021\SDRW2100001747\SDRW2100001747.1.1.147.wav,True,False,exclude_source_audio_unusable
2021,SDRW2100001747,SDRW2100001747.1.1.148,no_textgrid_after_mfa,D:\20_AUDIO\03_wav\individual\2021\SDRW2100001747\SDRW2100001747.1.1.148.lab,74,D:\20_AUDIO\03_wav\individual\2021\SDRW2100001747\SDRW2100001747.1.1.148.wav,True,False,exclude_source_audio_unusable
2021,SDRW2100001747,SDRW2100001747.1.1.149,no_textgrid_after_mfa,D:\20_AUDIO\03_wav\individual\2021\SDRW2100001747\SDRW2100001747.1.1.149.lab,28,D:\20_AUDIO\03_wav\individual\2021\SDRW2100001747\SDRW2100001747.1.1.149.wav,True,False,exclude_source_audio_unusable
2021,SDRW2100001747,SDRW2100001747.1.1.15,no_textgrid_after_mfa,D:\20_AUDIO\03_wav\individual\2021\SDRW2100001747\SDRW2100001747.1.1.15.lab,80,D:\20_AUDIO\03_wav\individual\2021\SDRW2100001747\SDRW2100001747.1.1.15.wav,True,False,exclude_source_audio_unusable
2021,SDRW2100001747,SDRW2100001747.1.1.150,no_textgrid_after_mfa,D:\20_AUDIO\03_wav\individual\2021\SDRW2100001747\SDRW2100001747.1.1.150.lab,69,D:\20_AUDIO\03_wav\individual\2021\SDRW2100001747\SDRW2100001747.1.1.150.wav,True,False,exclude_source_audio_unusable
2021,SDRW2100001747,SDRW2100001747.1.1.151,no_textgrid_after_mfa,D:\20_AUDIO\03_wav\individual\2021\SDRW2100001747\SDRW2100001747.1.1.151.lab,72,D:\20_AUDIO\03_wav\individual\2021\SDRW2100001747\SDRW2100001747.1.1.151.wav,True,False,exclude_source_audio_unusable
2021,SDRW2100001747,SDRW2100001747.1.1.152,no_textgrid_after_mfa,D:\20_AUDIO\03_wav\individual\2021\SDRW2100001747\SDRW2100001747.1.1.152.lab,26,D:\20_AUDIO\03_wav\individual\2021\SDRW2100001747\SDRW2100001747.1.1.152.wav,True,False,exclude_source_audio_unusable
2021,SDRW2100001747,SDRW2100001747.1.1.153,no_textgrid_after_mfa,D:\20_AUDIO\03_wav\individual\2021\SDRW2100001747\SDRW2100001747.1.1.153.lab,81,D:\20_AUDIO\03_wav\individual\2021\SDRW2100001747\SDRW2100001747.1.1.153.wav,True,False,exclude_source_audio_unusable
2021,SDRW2100001747,SDRW2100001747.1.1.154,no_textgrid_after_mfa,D:\20_AUDIO\03_wav\individual\2021\SDRW2100001747\SDRW2100001747.1.1.154.lab,52,D:\20_AUDIO\03_wav\individual\2021\SDRW2100001747\SDRW2100001747.1.1.154.wav,True,False,exclude_source_audio_unusable
2021,SDRW2100001747,SDRW2100001747.1.1.155,no_textgrid_after_mfa,D:\20_AUDIO\03_wav\individual\2021\SDRW2100001747\SDRW2100001747.1.1.155.lab,40,D:\20_AUDIO\03_wav\individual\2021\SDRW2100001747\SDRW2100001747.1.1.155.wav,True,False,exclude_source_audio_unusable
2021,SDRW2100001747,SDRW2100001747.1.1.156,no_textgrid_after_mfa,D:\20_AUDIO\03_wav\individual\2021\SDRW2100001747\SDRW2100001747.1.1.156.lab,32,D:\20_AUDIO\03_wav\individual\2021\SDRW2100001747\SDRW2100001747.1.1.156.wav,True,False,exclude_source_audio_unusable
2021,SDRW2100001747,SDRW2100001747.1.1.157,no_textgrid_after_mfa,D:\20_AUDIO\03_wav\individual\2021\SDRW2100001747\SDRW2100001747.1.1.157.lab,54,D:\20_AUDIO\03_wav\individual\2021\SDRW2100001747\SDRW2100001747.1.1.157.wav,True,False,exclude_source_audio_unusable
2021,SDRW2100001747,SDRW2100001747.1.1.158,no_textgrid_after_mfa,D:\20_AUDIO\03_wav\individual\2021\SDRW2100001747\SDRW2100001747.1.1.158.lab,47,D:\20_AUDIO\03_wav\individual\2021\SDRW2100001747\SDRW2100001747.1.1.158.wav,True,False,exclude_source_audio_unusable
2021,SDRW2100001747,SDRW2100001747.1.1.159,no_textgrid_after_mfa,D:\20_AUDIO\03_wav\individual\2021\SDRW2100001747\SDRW2100001747.1.1.159.lab,9,D:\20_AUDIO\03_wav\individual\2021\SDRW2100001747\SDRW2100001747.1.1.159.wav,True,False,exclude_source_audio_unusable
2021,SDRW2100001747,SDRW2100001747.1.1.16,no_textgrid_after_mfa,D:\20_AUDIO\03_wav\individual\2021\SDRW2100001747\SDRW2100001747.1.1.16.lab,57,D:\20_AUDIO\03_wav\individual\2021\SDRW2100001747\SDRW2100001747.1.1.16.wav,True,False,exclude_source_audio_unusable
2021,SDRW2100001747,SDRW2100001747.1.1.160,no_textgrid_after_mfa,D:\20_AUDIO\03_wav\individual\2021\SDRW2100001747\SDRW2100001747.1.1.160.lab,65,D:\20_AUDIO\03_wav\individual\2021\SDRW2100001747\SDRW2100001747.1.1.160.wav,True,False,exclude_source_audio_unusable
2021,SDRW2100001747,SDRW2100001747.1.1.161,no_textgrid_after_mfa,D:\20_AUDIO\03_wav\individual\2021\SDRW2100001747\SDRW2100001747.1.1.161.lab,42,D:\20_AUDIO\03_wav\individual\2021\SDRW2100001747\SDRW2100001747.1.1.161.wav,True,False,exclude_source_audio_unusable
2021,SDRW2100001747,SDRW2100001747.1.1.162,no_textgrid_after_mfa,D:\20_AUDIO\03_wav\individual\2021\SDRW2100001747\SDRW2100001747.1.1.162.lab,58,D:\20_AUDIO\03_wav\individual\2021\SDRW2100001747\SDRW2100001747.1.1.162.wav,True,False,exclude_source_audio_unusable
2021,SDRW2100001747,SDRW2100001747.1.1.163,no_textgrid_after_mfa,D:\20_AUDIO\03_wav\individual\2021\SDRW2100001747\SDRW2100001747.1.1.163.lab,70,D:\20_AUDIO\03_wav\individual\2021\SDRW2100001747\SDRW2100001747.1.1.163.wav,True,False,exclude_source_audio_unusable
2021,SDRW2100001747,SDRW2100001747.1.1.164,no_textgrid_after_mfa,D:\20_AUDIO\03_wav\individual\2021\SDRW2100001747\SDRW2100001747.1.1.164.lab,23,D:\20_AUDIO\03_wav\individual\2021\SDRW2100001747\SDRW2100001747.1.1.164.wav,True,False,exclude_source_audio_unusable
2021,SDRW2100001747,SDRW2100001747.1.1.165,no_textgrid_after_mfa,D:\20_AUDIO\03_wav\individual\2021\SDRW2100001747\SDRW2100001747.1.1.165.lab,63,D:\20_AUDIO\03_wav\individual\2021\SDRW2100001747\SDRW2100001747.1.1.165.wav,True,False,exclude_source_audio_unusable
2021,SDRW2100001747,SDRW2100001747.1.1.166,no_textgrid_after_mfa,D:\20_AUDIO\03_wav\individual\2021\SDRW2100001747\SDRW2100001747.1.1.166.lab,55,D:\20_AUDIO\03_wav\individual\2021\SDRW2100001747\SDRW2100001747.1.1.166.wav,True,False,exclude_source_audio_unusable
2021,SDRW2100001747,SDRW2100001747.1.1.167,no_textgrid_after_mfa,D:\20_AUDIO\03_wav\individual\2021\SDRW2100001747\SDRW2100001747.1.1.167.lab,73,D:\20_AUDIO\03_wav\individual\2021\SDRW2100001747\SDRW2100001747.1.1.167.wav,True,False,exclude_source_audio_unusable
2021,SDRW2100001747,SDRW2100001747.1.1.168,no_textgrid_after_mfa,D:\20_AUDIO\03_wav\individual\2021\SDRW2100001747\SDRW2100001747.1.1.168.lab,74,D:\20_AUDIO\03_wav\individual\2021\SDRW2100001747\SDRW2100001747.1.1.168.wav,True,False,exclude_source_audio_unusable
2021,SDRW2100001747,SDRW2100001747.1.1.169,no_textgrid_after_mfa,D:\20_AUDIO\03_wav\individual\2021\SDRW2100001747\SDRW2100001747.1.1.169.lab,69,D:\20_AUDIO\03_wav\individual\2021\SDRW2100001747\SDRW2100001747.1.1.169.wav,True,False,exclude_source_audio_unusable
2021,SDRW2100001747,SDRW2100001747.1.1.17,no_textgrid_after_mfa,D:\20_AUDIO\03_wav\individual\2021\SDRW2100001747\SDRW2100001747.1.1.17.lab,57,D:\20_AUDIO\03_wav\individual\2021\SDRW2100001747\SDRW2100001747.1.1.17.wav,True,False,exclude_source_audio_unusable
2021,SDRW2100001747,SDRW2100001747.1.1.170,no_textgrid_after_mfa,D:\20_AUDIO\03_wav\individual\2021\SDRW2100001747\SDRW2100001747.1.1.170.lab,30,D:\20_AUDIO\03_wav\individual\2021\SDRW2100001747\SDRW2100001747.1.1.170.wav,True,False,exclude_source_audio_unusable
2021,SDRW2100001747,SDRW2100001747.1.1.171,no_textgrid_after_mfa,D:\20_AUDIO\03_wav\individual\2021\SDRW2100001747\SDRW2100001747.1.1.171.lab,37,D:\20_AUDIO\03_wav\individual\2021\SDRW2100001747\SDRW2100001747.1.1.171.wav,True,False,exclude_source_audio_unusable
2021,SDRW2100001747,SDRW2100001747.1.1.172,no_textgrid_after_mfa,D:\20_AUDIO\03_wav\individual\2021\SDRW2100001747\SDRW2100001747.1.1.172.lab,78,D:\20_AUDIO\03_wav\individual\2021\SDRW2100001747\SDRW2100001747.1.1.172.wav,True,False,exclude_source_audio_unusable
2021,SDRW2100001747,SDRW2100001747.1.1.173,no_textgrid_after_mfa,D:\20_AUDIO\03_wav\individual\2021\SDRW2100001747\SDRW2100001747.1.1.173.lab,43,D:\20_AUDIO\03_wav\individual\2021\SDRW2100001747\SDRW2100001747.1.1.173.wav,True,False,exclude_source_audio_unusable
2021,SDRW2100001747,SDRW2100001747.1.1.174,no_textgrid_after_mfa,D:\20_AUDIO\03_wav\individual\2021\SDRW2100001747\SDRW2100001747.1.1.174.lab,59,D:\20_AUDIO\03_wav\individual\2021\SDRW2100001747\SDRW2100001747.1.1.174.wav,True,False,exclude_source_audio_unusable
2021,SDRW2100001747,SDRW2100001747.1.1.175,no_textgrid_after_mfa,D:\20_AUDIO\03_wav\individual\2021\SDRW2100001747\SDRW2100001747.1.1.175.lab,14,D:\20_AUDIO\03_wav\individual\2021\SDRW2100001747\SDRW2100001747.1.1.175.wav,True,False,exclude_source_audio_unusable
2021,SDRW2100001747,SDRW2100001747.1.1.176,no_textgrid_after_mfa,D:\20_AUDIO\03_wav\individual\2021\SDRW2100001747\SDRW2100001747.1.1.176.lab,77,D:\20_AUDIO\03_wav\individual\2021\SDRW2100001747\SDRW2100001747.1.1.176.wav,True,False,exclude_source_audio_unusable
2021,SDRW2100001747,SDRW2100001747.1.1.177,no_textgrid_after_mfa,D:\20_AUDIO\03_wav\individual\2021\SDRW2100001747\SDRW2100001747.1.1.177.lab,86,D:\20_AUDIO\03_wav\individual\2021\SDRW2100001747\SDRW2100001747.1.1.177.wav,True,False,exclude_source_audio_unusable
2021,SDRW2100001747,SDRW2100001747.1.1.178,no_textgrid_after_mfa,D:\20_AUDIO\03_wav\individual\2021\SDRW2100001747\SDRW2100001747.1.1.178.lab,67,D:\20_AUDIO\03_wav\individual\2021\SDRW2100001747\SDRW2100001747.1.1.178.wav,True,False,exclude_source_audio_unusable
2021,SDRW2100001747,SDRW2100001747.1.1.179,no_textgrid_after_mfa,D:\20_AUDIO\03_wav\individual\2021\SDRW2100001747\SDRW2100001747.1.1.179.lab,37,D:\20_AUDIO\03_wav\individual\2021\SDRW2100001747\SDRW2100001747.1.1.179.wav,True,False,exclude_source_audio_unusable
2021,SDRW2100001747,SDRW2100001747.1.1.18,no_textgrid_after_mfa,D:\20_AUDIO\03_wav\individual\2021\SDRW2100001747\SDRW2100001747.1.1.18.lab,30,D:\20_AUDIO\03_wav\individual\2021\SDRW2100001747\SDRW2100001747.1.1.18.wav,True,False,exclude_source_audio_unusable
2021,SDRW2100001747,SDRW2100001747.1.1.180,no_textgrid_after_mfa,D:\20_AUDIO\03_wav\individual\2021\SDRW2100001747\SDRW2100001747.1.1.180.lab,13,D:\20_AUDIO\03_wav\individual\2021\SDRW2100001747\SDRW2100001747.1.1.180.wav,True,False,exclude_source_audio_unusable
2021,SDRW2100001747,SDRW2100001747.1.1.181,no_textgrid_after_mfa,D:\20_AUDIO\03_wav\individual\2021\SDRW2100001747\SDRW2100001747.1.1.181.lab,47,D:\20_AUDIO\03_wav\individual\2021\SDRW2100001747\SDRW2100001747.1.1.181.wav,True,False,exclude_source_audio_unusable
2021,SDRW2100001747,SDRW2100001747.1.1.182,no_textgrid_after_mfa,D:\20_AUDIO\03_wav\individual\2021\SDRW2100001747\SDRW2100001747.1.1.182.lab,56,D:\20_AUDIO\03_wav\individual\2021\SDRW2100001747\SDRW2100001747.1.1.182.wav,True,False,exclude_source_audio_unusable
2021,SDRW2100001747,SDRW2100001747.1.1.183,no_textgrid_after_mfa,D:\20_AUDIO\03_wav\individual\2021\SDRW2100001747\SDRW2100001747.1.1.183.lab,63,D:\20_AUDIO\03_wav\individual\2021\SDRW2100001747\SDRW2100001747.1.1.183.wav,True,False,exclude_source_audio_unusable
2021,SDRW2100001747,SDRW2100001747.1.1.184,no_textgrid_after_mfa,D:\20_AUDIO\03_wav\individual\2021\SDRW2100001747\SDRW2100001747.1.1.184.lab,36,D:\20_AUDIO\03_wav\individual\2021\SDRW2100001747\SDRW2100001747.1.1.184.wav,True,False,exclude_source_audio_unusable
2021,SDRW2100001747,SDRW2100001747.1.1.185,no_textgrid_after_mfa,D:\20_AUDIO\03_wav\individual\2021\SDRW2100001747\SDRW2100001747.1.1.185.lab,28,D:\20_AUDIO\03_wav\individual\2021\SDRW2100001747\SDRW2100001747.1.1.185.wav,True,False,exclude_source_audio_unusable
2021,SDRW2100001747,SDRW2100001747.1.1.186,no_textgrid_after_mfa,D:\20_AUDIO\03_wav\individual\2021\SDRW2100001747\SDRW2100001747.1.1.186.lab,49,D:\20_AUDIO\03_wav\individual\2021\SDRW2100001747\SDRW2100001747.1.1.186.wav,True,False,exclude_source_audio_unusable
2021,SDRW2100001747,SDRW2100001747.1.1.187,no_textgrid_after_mfa,D:\20_AUDIO\03_wav\individual\2021\SDRW2100001747\SDRW2100001747.1.1.187.lab,64,D:\20_AUDIO\03_wav\individual\2021\SDRW2100001747\SDRW2100001747.1.1.187.wav,True,False,exclude_source_audio_unusable
2021,SDRW2100001747,SDRW2100001747.1.1.188,no_textgrid_after_mfa,D:\20_AUDIO\03_wav\individual\2021\SDRW2100001747\SDRW2100001747.1.1.188.lab,72,D:\20_AUDIO\03_wav\individual\2021\SDRW2100001747\SDRW2100001747.1.1.188.wav,True,False,exclude_source_audio_unusable
2021,SDRW2100001747,SDRW2100001747.1.1.189,no_textgrid_after_mfa,D:\20_AUDIO\03_wav\individual\2021\SDRW2100001747\SDRW2100001747.1.1.189.lab,82,D:\20_AUDIO\03_wav\individual\2021\SDRW2100001747\SDRW2100001747.1.1.189.wav,True,False,exclude_source_audio_unusable
2021,SDRW2100001747,SDRW2100001747.1.1.19,no_textgrid_after_mfa,D:\20_AUDIO\03_wav\individual\2021\SDRW2100001747\SDRW2100001747.1.1.19.lab,73,D:\20_AUDIO\03_wav\individual\2021\SDRW2100001747\SDRW2100001747.1.1.19.wav,True,False,exclude_source_audio_unusable
2021,SDRW2100001747,SDRW2100001747.1.1.190,no_textgrid_after_mfa,D:\20_AUDIO\03_wav\individual\2021\SDRW2100001747\SDRW2100001747.1.1.190.lab,13,D:\20_AUDIO\03_wav\individual\2021\SDRW2100001747\SDRW2100001747.1.1.190.wav,True,False,exclude_source_audio_unusable
2021,SDRW2100001747,SDRW2100001747.1.1.191,no_textgrid_after_mfa,D:\20_AUDIO\03_wav\individual\2021\SDRW2100001747\SDRW2100001747.1.1.191.lab,43,D:\20_AUDIO\03_wav\individual\2021\SDRW2100001747\SDRW2100001747.1.1.191.wav,True,False,exclude_source_audio_unusable
2021,SDRW2100001747,SDRW2100001747.1.1.192,no_textgrid_after_mfa,D:\20_AUDIO\03_wav\individual\2021\SDRW2100001747\SDRW2100001747.1.1.192.lab,43,D:\20_AUDIO\03_wav\individual\2021\SDRW2100001747\SDRW2100001747.1.1.192.wav,True,False,exclude_source_audio_unusable
2021,SDRW2100001747,SDRW2100001747.1.1.193,no_textgrid_after_mfa,D:\20_AUDIO\03_wav\individual\2021\SDRW2100001747\SDRW2100001747.1.1.193.lab,47,D:\20_AUDIO\03_wav\individual\2021\SDRW2100001747\SDRW2100001747.1.1.193.wav,True,False,exclude_source_audio_unusable
2021,SDRW2100001747,SDRW2100001747.1.1.194,no_textgrid_after_mfa,D:\20_AUDIO\03_wav\individual\2021\SDRW2100001747\SDRW2100001747.1.1.194.lab,91,D:\20_AUDIO\03_wav\individual\2021\SDRW2100001747\SDRW2100001747.1.1.194.wav,True,False,exclude_source_audio_unusable
2021,SDRW2100001747,SDRW2100001747.1.1.195,no_textgrid_after_mfa,D:\20_AUDIO\03_wav\individual\2021\SDRW2100001747\SDRW2100001747.1.1.195.lab,50,D:\20_AUDIO\03_wav\individual\2021\SDRW2100001747\SDRW2100001747.1.1.195.wav,True,False,exclude_source_audio_unusable
2021,SDRW2100001747,SDRW2100001747.1.1.196,no_textgrid_after_mfa,D:\20_AUDIO\03_wav\individual\2021\SDRW2100001747\SDRW2100001747.1.1.196.lab,118,D:\20_AUDIO\03_wav\individual\2021\SDRW2100001747\SDRW2100001747.1.1.196.wav,True,False,exclude_source_audio_unusable
2021,SDRW2100001747,SDRW2100001747.1.1.197,no_textgrid_after_mfa,D:\20_AUDIO\03_wav\individual\2021\SDRW2100001747\SDRW2100001747.1.1.197.lab,19,D:\20_AUDIO\03_wav\individual\2021\SDRW2100001747\SDRW2100001747.1.1.197.wav,True,False,exclude_source_audio_unusable
2021,SDRW2100001747,SDRW2100001747.1.1.198,no_textgrid_after_mfa,D:\20_AUDIO\03_wav\individual\2021\SDRW2100001747\SDRW2100001747.1.1.198.lab,59,D:\20_AUDIO\03_wav\individual\2021\SDRW2100001747\SDRW2100001747.1.1.198.wav,True,False,exclude_source_audio_unusable
2021,SDRW2100001747,SDRW2100001747.1.1.199,no_textgrid_after_mfa,D:\20_AUDIO\03_wav\individual\2021\SDRW2100001747\SDRW2100001747.1.1.199.lab,79,D:\20_AUDIO\03_wav\individual\2021\SDRW2100001747\SDRW2100001747.1.1.199.wav,True,False,exclude_source_audio_unusable
2021,SDRW2100001747,SDRW2100001747.1.1.2,no_textgrid_after_mfa,D:\20_AUDIO\03_wav\individual\2021\SDRW2100001747\SDRW2100001747.1.1.2.lab,64,D:\20_AUDIO\03_wav\individual\2021\SDRW2100001747\SDRW2100001747.1.1.2.wav,True,False,exclude_source_audio_unusable
2021,SDRW2100001747,SDRW2100001747.1.1.20,no_textgrid_after_mfa,D:\20_AUDIO\03_wav\individual\2021\SDRW2100001747\SDRW2100001747.1.1.20.lab,93,D:\20_AUDIO\03_wav\individual\2021\SDRW2100001747\SDRW2100001747.1.1.20.wav,True,False,exclude_source_audio_unusable
2021,SDRW2100001747,SDRW2100001747.1.1.200,no_textgrid_after_mfa,D:\20_AUDIO\03_wav\individual\2021\SDRW2100001747\SDRW2100001747.1.1.200.lab,69,D:\20_AUDIO\03_wav\individual\2021\SDRW2100001747\SDRW2100001747.1.1.200.wav,True,False,exclude_source_audio_unusable
2021,SDRW2100001747,SDRW2100001747.1.1.201,no_textgrid_after_mfa,D:\20_AUDIO\03_wav\individual\2021\SDRW2100001747\SDRW2100001747.1.1.201.lab,43,D:\20_AUDIO\03_wav\individual\2021\SDRW2100001747\SDRW2100001747.1.1.201.wav,True,False,exclude_source_audio_unusable
2021,SDRW2100001747,SDRW2100001747.1.1.202,no_textgrid_after_mfa,D:\20_AUDIO\03_wav\individual\2021\SDRW2100001747\SDRW2100001747.1.1.202.lab,33,D:\20_AUDIO\03_wav\individual\2021\SDRW2100001747\SDRW2100001747.1.1.202.wav,True,False,exclude_source_audio_unusable
2021,SDRW2100001747,SDRW2100001747.1.1.203,no_textgrid_after_mfa,D:\20_AUDIO\03_wav\individual\2021\SDRW2100001747\SDRW2100001747.1.1.203.lab,52,D:\20_AUDIO\03_wav\individual\2021\SDRW2100001747\SDRW2100001747.1.1.203.wav,True,False,exclude_source_audio_unusable
2021,SDRW2100001747,SDRW2100001747.1.1.204,no_textgrid_after_mfa,D:\20_AUDIO\03_wav\individual\2021\SDRW2100001747\SDRW2100001747.1.1.204.lab,57,D:\20_AUDIO\03_wav\individual\2021\SDRW2100001747\SDRW2100001747.1.1.204.wav,True,False,exclude_source_audio_unusable
2021,SDRW2100001747,SDRW2100001747.1.1.205,no_textgrid_after_mfa,D:\20_AUDIO\03_wav\individual\2021\SDRW2100001747\SDRW2100001747.1.1.205.lab,20,D:\20_AUDIO\03_wav\individual\2021\SDRW2100001747\SDRW2100001747.1.1.205.wav,True,False,exclude_source_audio_unusable
2021,SDRW2100001747,SDRW2100001747.1.1.206,no_textgrid_after_mfa,D:\20_AUDIO\03_wav\individual\2021\SDRW2100001747\SDRW2100001747.1.1.206.lab,36,D:\20_AUDIO\03_wav\individual\2021\SDRW2100001747\SDRW2100001747.1.1.206.wav,True,False,exclude_source_audio_unusable
2021,SDRW2100001747,SDRW2100001747.1.1.207,no_textgrid_after_mfa,D:\20_AUDIO\03_wav\individual\2021\SDRW2100001747\SDRW2100001747.1.1.207.lab,43,D:\20_AUDIO\03_wav\individual\2021\SDRW2100001747\SDRW2100001747.1.1.207.wav,True,False,exclude_source_audio_unusable
2021,SDRW2100001747,SDRW2100001747.1.1.208,no_textgrid_after_mfa,D:\20_AUDIO\03_wav\individual\2021\SDRW2100001747\SDRW2100001747.1.1.208.lab,91,D:\20_AUDIO\03_wav\individual\2021\SDRW2100001747\SDRW2100001747.1.1.208.wav,True,False,exclude_source_audio_unusable
2021,SDRW2100001747,SDRW2100001747.1.1.209,no_textgrid_after_mfa,D:\20_AUDIO\03_wav\individual\2021\SDRW2100001747\SDRW2100001747.1.1.209.lab,55,D:\20_AUDIO\03_wav\individual\2021\SDRW2100001747\SDRW2100001747.1.1.209.wav,True,False,exclude_source_audio_unusable
2021,SDRW2100001747,SDRW2100001747.1.1.21,no_textgrid_after_mfa,D:\20_AUDIO\03_wav\individual\2021\SDRW2100001747\SDRW2100001747.1.1.21.lab,64,D:\20_AUDIO\03_wav\individual\2021\SDRW2100001747\SDRW2100001747.1.1.21.wav,True,False,exclude_source_audio_unusable
2021,SDRW2100001747,SDRW2100001747.1.1.210,no_textgrid_after_mfa,D:\20_AUDIO\03_wav\individual\2021\SDRW2100001747\SDRW2100001747.1.1.210.lab,95,D:\20_AUDIO\03_wav\individual\2021\SDRW2100001747\SDRW2100001747.1.1.210.wav,True,False,exclude_source_audio_unusable
2021,SDRW2100001747,SDRW2100001747.1.1.211,no_textgrid_after_mfa,D:\20_AUDIO\03_wav\individual\2021\SDRW2100001747\SDRW2100001747.1.1.211.lab,72,D:\20_AUDIO\03_wav\individual\2021\SDRW2100001747\SDRW2100001747.1.1.211.wav,True,False,exclude_source_audio_unusable
2021,SDRW2100001747,SDRW2100001747.1.1.212,no_textgrid_after_mfa,D:\20_AUDIO\03_wav\individual\2021\SDRW2100001747\SDRW2100001747.1.1.212.lab,23,D:\20_AUDIO\03_wav\individual\2021\SDRW2100001747\SDRW2100001747.1.1.212.wav,True,False,exclude_source_audio_unusable
2021,SDRW2100001747,SDRW2100001747.1.1.213,no_textgrid_after_mfa,D:\20_AUDIO\03_wav\individual\2021\SDRW2100001747\SDRW2100001747.1.1.213.lab,51,D:\20_AUDIO\03_wav\individual\2021\SDRW2100001747\SDRW2100001747.1.1.213.wav,True,False,exclude_source_audio_unusable
2021,SDRW2100001747,SDRW2100001747.1.1.214,no_textgrid_after_mfa,D:\20_AUDIO\03_wav\individual\2021\SDRW2100001747\SDRW2100001747.1.1.214.lab,72,D:\20_AUDIO\03_wav\individual\2021\SDRW2100001747\SDRW2100001747.1.1.214.wav,True,False,exclude_source_audio_unusable
2021,SDRW2100001747,SDRW2100001747.1.1.215,no_textgrid_after_mfa,D:\20_AUDIO\03_wav\individual\2021\SDRW2100001747\SDRW2100001747.1.1.215.lab,12,D:\20_AUDIO\03_wav\individual\2021\SDRW2100001747\SDRW2100001747.1.1.215.wav,True,False,exclude_source_audio_unusable
2021,SDRW2100001747,SDRW2100001747.1.1.216,no_textgrid_after_mfa,D:\20_AUDIO\03_wav\individual\2021\SDRW2100001747\SDRW2100001747.1.1.216.lab,74,D:\20_AUDIO\03_wav\individual\2021\SDRW2100001747\SDRW2100001747.1.1.216.wav,True,False,exclude_source_audio_unusable
2021,SDRW2100001747,SDRW2100001747.1.1.217,no_textgrid_after_mfa,D:\20_AUDIO\03_wav\individual\2021\SDRW2100001747\SDRW2100001747.1.1.217.lab,49,D:\20_AUDIO\03_wav\individual\2021\SDRW2100001747\SDRW2100001747.1.1.217.wav,True,False,exclude_source_audio_unusable
2021,SDRW2100001747,SDRW2100001747.1.1.218,no_textgrid_after_mfa,D:\20_AUDIO\03_wav\individual\2021\SDRW2100001747\SDRW2100001747.1.1.218.lab,43,D:\20_AUDIO\03_wav\individual\2021\SDRW2100001747\SDRW2100001747.1.1.218.wav,True,False,exclude_source_audio_unusable
2021,SDRW2100001747,SDRW2100001747.1.1.219,no_textgrid_after_mfa,D:\20_AUDIO\03_wav\individual\2021\SDRW2100001747\SDRW2100001747.1.1.219.lab,15,D:\20_AUDIO\03_wav\individual\2021\SDRW2100001747\SDRW2100001747.1.1.219.wav,True,False,exclude_source_audio_unusable
2021,SDRW2100001747,SDRW2100001747.1.1.22,no_textgrid_after_mfa,D:\20_AUDIO\03_wav\individual\2021\SDRW2100001747\SDRW2100001747.1.1.22.lab,40,D:\20_AUDIO\03_wav\individual\2021\SDRW2100001747\SDRW2100001747.1.1.22.wav,True,False,exclude_source_audio_unusable
2021,SDRW2100001747,SDRW2100001747.1.1.220,no_textgrid_after_mfa,D:\20_AUDIO\03_wav\individual\2021\SDRW2100001747\SDRW2100001747.1.1.220.lab,54,D:\20_AUDIO\03_wav\individual\2021\SDRW2100001747\SDRW2100001747.1.1.220.wav,True,False,exclude_source_audio_unusable
2021,SDRW2100001747,SDRW2100001747.1.1.221,no_textgrid_after_mfa,D:\20_AUDIO\03_wav\individual\2021\SDRW2100001747\SDRW2100001747.1.1.221.lab,48,D:\20_AUDIO\03_wav\individual\2021\SDRW2100001747\SDRW2100001747.1.1.221.wav,True,False,exclude_source_audio_unusable
2021,SDRW2100001747,SDRW2100001747.1.1.222,no_textgrid_after_mfa,D:\20_AUDIO\03_wav\individual\2021\SDRW2100001747\SDRW2100001747.1.1.222.lab,55,D:\20_AUDIO\03_wav\individual\2021\SDRW2100001747\SDRW2100001747.1.1.222.wav,True,False,exclude_source_audio_unusable
2021,SDRW2100001747,SDRW2100001747.1.1.223,no_textgrid_after_mfa,D:\20_AUDIO\03_wav\individual\2021\SDRW2100001747\SDRW2100001747.1.1.223.lab,56,D:\20_AUDIO\03_wav\individual\2021\SDRW2100001747\SDRW2100001747.1.1.223.wav,True,False,exclude_source_audio_unusable
2021,SDRW2100001747,SDRW2100001747.1.1.224,no_textgrid_after_mfa,D:\20_AUDIO\03_wav\individual\2021\SDRW2100001747\SDRW2100001747.1.1.224.lab,29,D:\20_AUDIO\03_wav\individual\2021\SDRW2100001747\SDRW2100001747.1.1.224.wav,True,False,exclude_source_audio_unusable
2021,SDRW2100001747,SDRW2100001747.1.1.225,no_textgrid_after_mfa,D:\20_AUDIO\03_wav\individual\2021\SDRW2100001747\SDRW2100001747.1.1.225.lab,42,D:\20_AUDIO\03_wav\individual\2021\SDRW2100001747\SDRW2100001747.1.1.225.wav,True,False,exclude_source_audio_unusable
2021,SDRW2100001747,SDRW2100001747.1.1.226,no_textgrid_after_mfa,D:\20_AUDIO\03_wav\individual\2021\SDRW2100001747\SDRW2100001747.1.1.226.lab,6,D:\20_AUDIO\03_wav\individual\2021\SDRW2100001747\SDRW2100001747.1.1.226.wav,True,False,exclude_source_audio_unusable
2021,SDRW2100001747,SDRW2100001747.1.1.227,no_textgrid_after_mfa,D:\20_AUDIO\03_wav\individual\2021\SDRW2100001747\SDRW2100001747.1.1.227.lab,73,D:\20_AUDIO\03_wav\individual\2021\SDRW2100001747\SDRW2100001747.1.1.227.wav,True,False,exclude_source_audio_unusable
2021,SDRW2100001747,SDRW2100001747.1.1.228,no_textgrid_after_mfa,D:\20_AUDIO\03_wav\individual\2021\SDRW2100001747\SDRW2100001747.1.1.228.lab,38,D:\20_AUDIO\03_wav\individual\2021\SDRW2100001747\SDRW2100001747.1.1.228.wav,True,False,exclude_source_audio_unusable
2021,SDRW2100001747,SDRW2100001747.1.1.229,no_textgrid_after_mfa,D:\20_AUDIO\03_wav\individual\2021\SDRW2100001747\SDRW2100001747.1.1.229.lab,56,D:\20_AUDIO\03_wav\individual\2021\SDRW2100001747\SDRW2100001747.1.1.229.wav,True,False,exclude_source_audio_unusable
2021,SDRW2100001747,SDRW2100001747.1.1.23,no_textgrid_after_mfa,D:\20_AUDIO\03_wav\individual\2021\SDRW2100001747\SDRW2100001747.1.1.23.lab,59,D:\20_AUDIO\03_wav\individual\2021\SDRW2100001747\SDRW2100001747.1.1.23.wav,True,False,exclude_source_audio_unusable
2021,SDRW2100001747,SDRW2100001747.1.1.230,no_textgrid_after_mfa,D:\20_AUDIO\03_wav\individual\2021\SDRW2100001747\SDRW2100001747.1.1.230.lab,56,D:\20_AUDIO\03_wav\individual\2021\SDRW2100001747\SDRW2100001747.1.1.230.wav,True,False,exclude_source_audio_unusable
2021,SDRW2100001747,SDRW2100001747.1.1.231,no_textgrid_after_mfa,D:\20_AUDIO\03_wav\individual\2021\SDRW2100001747\SDRW2100001747.1.1.231.lab,65,D:\20_AUDIO\03_wav\individual\2021\SDRW2100001747\SDRW2100001747.1.1.231.wav,True,False,exclude_source_audio_unusable
2021,SDRW2100001747,SDRW2100001747.1.1.232,no_textgrid_after_mfa,D:\20_AUDIO\03_wav\individual\2021\SDRW2100001747\SDRW2100001747.1.1.232.lab,71,D:\20_AUDIO\03_wav\individual\2021\SDRW2100001747\SDRW2100001747.1.1.232.wav,True,False,exclude_source_audio_unusable
2021,SDRW2100001747,SDRW2100001747.1.1.233,no_textgrid_after_mfa,D:\20_AUDIO\03_wav\individual\2021\SDRW2100001747\SDRW2100001747.1.1.233.lab,85,D:\20_AUDIO\03_wav\individual\2021\SDRW2100001747\SDRW2100001747.1.1.233.wav,True,False,exclude_source_audio_unusable
2021,SDRW2100001747,SDRW2100001747.1.1.234,no_textgrid_after_mfa,D:\20_AUDIO\03_wav\individual\2021\SDRW2100001747\SDRW2100001747.1.1.234.lab,41,D:\20_AUDIO\03_wav\individual\2021\SDRW2100001747\SDRW2100001747.1.1.234.wav,True,False,exclude_source_audio_unusable
2021,SDRW2100001747,SDRW2100001747.1.1.235,no_textgrid_after_mfa,D:\20_AUDIO\03_wav\individual\2021\SDRW2100001747\SDRW2100001747.1.1.235.lab,101,D:\20_AUDIO\03_wav\individual\2021\SDRW2100001747\SDRW2100001747.1.1.235.wav,True,False,exclude_source_audio_unusable
2021,SDRW2100001747,SDRW2100001747.1.1.236,no_textgrid_after_mfa,D:\20_AUDIO\03_wav\individual\2021\SDRW2100001747\SDRW2100001747.1.1.236.lab,27,D:\20_AUDIO\03_wav\individual\2021\SDRW2100001747\SDRW2100001747.1.1.236.wav,True,False,exclude_source_audio_unusable
2021,SDRW2100001747,SDRW2100001747.1.1.237,no_textgrid_after_mfa,D:\20_AUDIO\03_wav\individual\2021\SDRW2100001747\SDRW2100001747.1.1.237.lab,67,D:\20_AUDIO\03_wav\individual\2021\SDRW2100001747\SDRW2100001747.1.1.237.wav,True,False,exclude_source_audio_unusable
2021,SDRW2100001747,SDRW2100001747.1.1.238,no_textgrid_after_mfa,D:\20_AUDIO\03_wav\individual\2021\SDRW2100001747\SDRW2100001747.1.1.238.lab,53,D:\20_AUDIO\03_wav\individual\2021\SDRW2100001747\SDRW2100001747.1.1.238.wav,True,False,exclude_source_audio_unusable
2021,SDRW2100001747,SDRW2100001747.1.1.239,no_textgrid_after_mfa,D:\20_AUDIO\03_wav\individual\2021\SDRW2100001747\SDRW2100001747.1.1.239.lab,26,D:\20_AUDIO\03_wav\individual\2021\SDRW2100001747\SDRW2100001747.1.1.239.wav,True,False,exclude_source_audio_unusable
2021,SDRW2100001747,SDRW2100001747.1.1.24,no_textgrid_after_mfa,D:\20_AUDIO\03_wav\individual\2021\SDRW2100001747\SDRW2100001747.1.1.24.lab,65,D:\20_AUDIO\03_wav\individual\2021\SDRW2100001747\SDRW2100001747.1.1.24.wav,True,False,exclude_source_audio_unusable
2021,SDRW2100001747,SDRW2100001747.1.1.240,no_textgrid_after_mfa,D:\20_AUDIO\03_wav\individual\2021\SDRW2100001747\SDRW2100001747.1.1.240.lab,69,D:\20_AUDIO\03_wav\individual\2021\SDRW2100001747\SDRW2100001747.1.1.240.wav,True,False,exclude_source_audio_unusable
2021,SDRW2100001747,SDRW2100001747.1.1.241,no_textgrid_after_mfa,D:\20_AUDIO\03_wav\individual\2021\SDRW2100001747\SDRW2100001747.1.1.241.lab,69,D:\20_AUDIO\03_wav\individual\2021\SDRW2100001747\SDRW2100001747.1.1.241.wav,True,False,exclude_source_audio_unusable
2021,SDRW2100001747,SDRW2100001747.1.1.242,no_textgrid_after_mfa,D:\20_AUDIO\03_wav\individual\2021\SDRW2100001747\SDRW2100001747.1.1.242.lab,34,D:\20_AUDIO\03_wav\individual\2021\SDRW2100001747\SDRW2100001747.1.1.242.wav,True,False,exclude_source_audio_unusable
2021,SDRW2100001747,SDRW2100001747.1.1.243,no_textgrid_after_mfa,D:\20_AUDIO\03_wav\individual\2021\SDRW2100001747\SDRW2100001747.1.1.243.lab,31,D:\20_AUDIO\03_wav\individual\2021\SDRW2100001747\SDRW2100001747.1.1.243.wav,True,False,exclude_source_audio_unusable
2021,SDRW2100001747,SDRW2100001747.1.1.244,no_textgrid_after_mfa,D:\20_AUDIO\03_wav\individual\2021\SDRW2100001747\SDRW2100001747.1.1.244.lab,72,D:\20_AUDIO\03_wav\individual\2021\SDRW2100001747\SDRW2100001747.1.1.244.wav,True,False,exclude_source_audio_unusable
2021,SDRW2100001747,SDRW2100001747.1.1.245,no_textgrid_after_mfa,D:\20_AUDIO\03_wav\individual\2021\SDRW2100001747\SDRW2100001747.1.1.245.lab,6,D:\20_AUDIO\03_wav\individual\2021\SDRW2100001747\SDRW2100001747.1.1.245.wav,True,False,exclude_source_audio_unusable
2021,SDRW2100001747,SDRW2100001747.1.1.246,no_textgrid_after_mfa,D:\20_AUDIO\03_wav\individual\2021\SDRW2100001747\SDRW2100001747.1.1.246.lab,61,D:\20_AUDIO\03_wav\individual\2021\SDRW2100001747\SDRW2100001747.1.1.246.wav,True,False,exclude_source_audio_unusable
2021,SDRW2100001747,SDRW2100001747.1.1.247,no_textgrid_after_mfa,D:\20_AUDIO\03_wav\individual\2021\SDRW2100001747\SDRW2100001747.1.1.247.lab,23,D:\20_AUDIO\03_wav\individual\2021\SDRW2100001747\SDRW2100001747.1.1.247.wav,True,False,exclude_source_audio_unusable
2021,SDRW2100001747,SDRW2100001747.1.1.248,no_textgrid_after_mfa,D:\20_AUDIO\03_wav\individual\2021\SDRW2100001747\SDRW2100001747.1.1.248.lab,60,D:\20_AUDIO\03_wav\individual\2021\SDRW2100001747\SDRW2100001747.1.1.248.wav,True,False,exclude_source_audio_unusable
2021,SDRW2100001747,SDRW2100001747.1.1.249,no_textgrid_after_mfa,D:\20_AUDIO\03_wav\individual\2021\SDRW2100001747\SDRW2100001747.1.1.249.lab,27,D:\20_AUDIO\03_wav\individual\2021\SDRW2100001747\SDRW2100001747.1.1.249.wav,True,False,exclude_source_audio_unusable
2021,SDRW2100001747,SDRW2100001747.1.1.25,no_textgrid_after_mfa,D:\20_AUDIO\03_wav\individual\2021\SDRW2100001747\SDRW2100001747.1.1.25.lab,86,D:\20_AUDIO\03_wav\individual\2021\SDRW2100001747\SDRW2100001747.1.1.25.wav,True,False,exclude_source_audio_unusable
2021,SDRW2100001747,SDRW2100001747.1.1.250,no_textgrid_after_mfa,D:\20_AUDIO\03_wav\individual\2021\SDRW2100001747\SDRW2100001747.1.1.250.lab,102,D:\20_AUDIO\03_wav\individual\2021\SDRW2100001747\SDRW2100001747.1.1.250.wav,True,False,exclude_source_audio_unusable
2021,SDRW2100001747,SDRW2100001747.1.1.251,no_textgrid_after_mfa,D:\20_AUDIO\03_wav\individual\2021\SDRW2100001747\SDRW2100001747.1.1.251.lab,26,D:\20_AUDIO\03_wav\individual\2021\SDRW2100001747\SDRW2100001747.1.1.251.wav,True,False,exclude_source_audio_unusable
2021,SDRW2100001747,SDRW2100001747.1.1.252,no_textgrid_after_mfa,D:\20_AUDIO\03_wav\individual\2021\SDRW2100001747\SDRW2100001747.1.1.252.lab,46,D:\20_AUDIO\03_wav\individual\2021\SDRW2100001747\SDRW2100001747.1.1.252.wav,True,False,exclude_source_audio_unusable
2021,SDRW2100001747,SDRW2100001747.1.1.253,no_textgrid_after_mfa,D:\20_AUDIO\03_wav\individual\2021\SDRW2100001747\SDRW2100001747.1.1.253.lab,34,D:\20_AUDIO\03_wav\individual\2021\SDRW2100001747\SDRW2100001747.1.1.253.wav,True,False,exclude_source_audio_unusable
2021,SDRW2100001747,SDRW2100001747.1.1.254,no_textgrid_after_mfa,D:\20_AUDIO\03_wav\individual\2021\SDRW2100001747\SDRW2100001747.1.1.254.lab,34,D:\20_AUDIO\03_wav\individual\2021\SDRW2100001747\SDRW2100001747.1.1.254.wav,True,False,exclude_source_audio_unusable
2021,SDRW2100001747,SDRW2100001747.1.1.255,no_textgrid_after_mfa,D:\20_AUDIO\03_wav\individual\2021\SDRW2100001747\SDRW2100001747.1.1.255.lab,31,D:\20_AUDIO\03_wav\individual\2021\SDRW2100001747\SDRW2100001747.1.1.255.wav,True,False,exclude_source_audio_unusable
2021,SDRW2100001747,SDRW2100001747.1.1.256,no_textgrid_after_mfa,D:\20_AUDIO\03_wav\individual\2021\SDRW2100001747\SDRW2100001747.1.1.256.lab,44,D:\20_AUDIO\03_wav\individual\2021\SDRW2100001747\SDRW2100001747.1.1.256.wav,True,False,exclude_source_audio_unusable
2021,SDRW2100001747,SDRW2100001747.1.1.257,no_textgrid_after_mfa,D:\20_AUDIO\03_wav\individual\2021\SDRW2100001747\SDRW2100001747.1.1.257.lab,28,D:\20_AUDIO\03_wav\individual\2021\SDRW2100001747\SDRW2100001747.1.1.257.wav,True,False,exclude_source_audio_unusable
2021,SDRW2100001747,SDRW2100001747.1.1.258,no_textgrid_after_mfa,D:\20_AUDIO\03_wav\individual\2021\SDRW2100001747\SDRW2100001747.1.1.258.lab,148,D:\20_AUDIO\03_wav\individual\2021\SDRW2100001747\SDRW2100001747.1.1.258.wav,True,False,exclude_source_audio_unusable
2021,SDRW2100001747,SDRW2100001747.1.1.26,no_textgrid_after_mfa,D:\20_AUDIO\03_wav\individual\2021\SDRW2100001747\SDRW2100001747.1.1.26.lab,69,D:\20_AUDIO\03_wav\individual\2021\SDRW2100001747\SDRW2100001747.1.1.26.wav,True,False,exclude_source_audio_unusable
2021,SDRW2100001747,SDRW2100001747.1.1.27,no_textgrid_after_mfa,D:\20_AUDIO\03_wav\individual\2021\SDRW2100001747\SDRW2100001747.1.1.27.lab,66,D:\20_AUDIO\03_wav\individual\2021\SDRW2100001747\SDRW2100001747.1.1.27.wav,True,False,exclude_source_audio_unusable
2021,SDRW2100001747,SDRW2100001747.1.1.28,no_textgrid_after_mfa,D:\20_AUDIO\03_wav\individual\2021\SDRW2100001747\SDRW2100001747.1.1.28.lab,63,D:\20_AUDIO\03_wav\individual\2021\SDRW2100001747\SDRW2100001747.1.1.28.wav,True,False,exclude_source_audio_unusable
2021,SDRW2100001747,SDRW2100001747.1.1.29,no_textgrid_after_mfa,D:\20_AUDIO\03_wav\individual\2021\SDRW2100001747\SDRW2100001747.1.1.29.lab,43,D:\20_AUDIO\03_wav\individual\2021\SDRW2100001747\SDRW2100001747.1.1.29.wav,True,False,exclude_source_audio_unusable
2021,SDRW2100001747,SDRW2100001747.1.1.3,no_textgrid_after_mfa,D:\20_AUDIO\03_wav\individual\2021\SDRW2100001747\SDRW2100001747.1.1.3.lab,110,D:\20_AUDIO\03_wav\individual\2021\SDRW2100001747\SDRW2100001747.1.1.3.wav,True,False,exclude_source_audio_unusable
2021,SDRW2100001747,SDRW2100001747.1.1.30,no_textgrid_after_mfa,D:\20_AUDIO\03_wav\individual\2021\SDRW2100001747\SDRW2100001747.1.1.30.lab,55,D:\20_AUDIO\03_wav\individual\2021\SDRW2100001747\SDRW2100001747.1.1.30.wav,True,False,exclude_source_audio_unusable
2021,SDRW2100001747,SDRW2100001747.1.1.31,no_textgrid_after_mfa,D:\20_AUDIO\03_wav\individual\2021\SDRW2100001747\SDRW2100001747.1.1.31.lab,60,D:\20_AUDIO\03_wav\individual\2021\SDRW2100001747\SDRW2100001747.1.1.31.wav,True,False,exclude_source_audio_unusable
2021,SDRW2100001747,SDRW2100001747.1.1.32,no_textgrid_after_mfa,D:\20_AUDIO\03_wav\individual\2021\SDRW2100001747\SDRW2100001747.1.1.32.lab,64,D:\20_AUDIO\03_wav\individual\2021\SDRW2100001747\SDRW2100001747.1.1.32.wav,True,False,exclude_source_audio_unusable
2021,SDRW2100001747,SDRW2100001747.1.1.33,no_textgrid_after_mfa,D:\20_AUDIO\03_wav\individual\2021\SDRW2100001747\SDRW2100001747.1.1.33.lab,13,D:\20_AUDIO\03_wav\individual\2021\SDRW2100001747\SDRW2100001747.1.1.33.wav,True,False,exclude_source_audio_unusable
2021,SDRW2100001747,SDRW2100001747.1.1.34,no_textgrid_after_mfa,D:\20_AUDIO\03_wav\individual\2021\SDRW2100001747\SDRW2100001747.1.1.34.lab,53,D:\20_AUDIO\03_wav\individual\2021\SDRW2100001747\SDRW2100001747.1.1.34.wav,True,False,exclude_source_audio_unusable
2021,SDRW2100001747,SDRW2100001747.1.1.35,no_textgrid_after_mfa,D:\20_AUDIO\03_wav\individual\2021\SDRW2100001747\SDRW2100001747.1.1.35.lab,57,D:\20_AUDIO\03_wav\individual\2021\SDRW2100001747\SDRW2100001747.1.1.35.wav,True,False,exclude_source_audio_unusable
2021,SDRW2100001747,SDRW2100001747.1.1.36,no_textgrid_after_mfa,D:\20_AUDIO\03_wav\individual\2021\SDRW2100001747\SDRW2100001747.1.1.36.lab,37,D:\20_AUDIO\03_wav\individual\2021\SDRW2100001747\SDRW2100001747.1.1.36.wav,True,False,exclude_source_audio_unusable
2021,SDRW2100001747,SDRW2100001747.1.1.37,no_textgrid_after_mfa,D:\20_AUDIO\03_wav\individual\2021\SDRW2100001747\SDRW2100001747.1.1.37.lab,46,D:\20_AUDIO\03_wav\individual\2021\SDRW2100001747\SDRW2100001747.1.1.37.wav,True,False,exclude_source_audio_unusable
2021,SDRW2100001747,SDRW2100001747.1.1.38,no_textgrid_after_mfa,D:\20_AUDIO\03_wav\individual\2021\SDRW2100001747\SDRW2100001747.1.1.38.lab,70,D:\20_AUDIO\03_wav\individual\2021\SDRW2100001747\SDRW2100001747.1.1.38.wav,True,False,exclude_source_audio_unusable
2021,SDRW2100001747,SDRW2100001747.1.1.39,no_textgrid_after_mfa,D:\20_AUDIO\03_wav\individual\2021\SDRW2100001747\SDRW2100001747.1.1.39.lab,98,D:\20_AUDIO\03_wav\individual\2021\SDRW2100001747\SDRW2100001747.1.1.39.wav,True,False,exclude_source_audio_unusable
2021,SDRW2100001747,SDRW2100001747.1.1.4,no_textgrid_after_mfa,D:\20_AUDIO\03_wav\individual\2021\SDRW2100001747\SDRW2100001747.1.1.4.lab,27,D:\20_AUDIO\03_wav\individual\2021\SDRW2100001747\SDRW2100001747.1.1.4.wav,True,False,exclude_source_audio_unusable
2021,SDRW2100001747,SDRW2100001747.1.1.40,no_textgrid_after_mfa,D:\20_AUDIO\03_wav\individual\2021\SDRW2100001747\SDRW2100001747.1.1.40.lab,54,D:\20_AUDIO\03_wav\individual\2021\SDRW2100001747\SDRW2100001747.1.1.40.wav,True,False,exclude_source_audio_unusable
2021,SDRW2100001747,SDRW2100001747.1.1.41,no_textgrid_after_mfa,D:\20_AUDIO\03_wav\individual\2021\SDRW2100001747\SDRW2100001747.1.1.41.lab,58,D:\20_AUDIO\03_wav\individual\2021\SDRW2100001747\SDRW2100001747.1.1.41.wav,True,False,exclude_source_audio_unusable
2021,SDRW2100001747,SDRW2100001747.1.1.42,no_textgrid_after_mfa,D:\20_AUDIO\03_wav\individual\2021\SDRW2100001747\SDRW2100001747.1.1.42.lab,71,D:\20_AUDIO\03_wav\individual\2021\SDRW2100001747\SDRW2100001747.1.1.42.wav,True,False,exclude_source_audio_unusable
2021,SDRW2100001747,SDRW2100001747.1.1.43,no_textgrid_after_mfa,D:\20_AUDIO\03_wav\individual\2021\SDRW2100001747\SDRW2100001747.1.1.43.lab,57,D:\20_AUDIO\03_wav\individual\2021\SDRW2100001747\SDRW2100001747.1.1.43.wav,True,False,exclude_source_audio_unusable
2021,SDRW2100001747,SDRW2100001747.1.1.44,no_textgrid_after_mfa,D:\20_AUDIO\03_wav\individual\2021\SDRW2100001747\SDRW2100001747.1.1.44.lab,84,D:\20_AUDIO\03_wav\individual\2021\SDRW2100001747\SDRW2100001747.1.1.44.wav,True,False,exclude_source_audio_unusable
2021,SDRW2100001747,SDRW2100001747.1.1.45,no_textgrid_after_mfa,D:\20_AUDIO\03_wav\individual\2021\SDRW2100001747\SDRW2100001747.1.1.45.lab,24,D:\20_AUDIO\03_wav\individual\2021\SDRW2100001747\SDRW2100001747.1.1.45.wav,True,False,exclude_source_audio_unusable
2021,SDRW2100001747,SDRW2100001747.1.1.46,no_textgrid_after_mfa,D:\20_AUDIO\03_wav\individual\2021\SDRW2100001747\SDRW2100001747.1.1.46.lab,58,D:\20_AUDIO\03_wav\individual\2021\SDRW2100001747\SDRW2100001747.1.1.46.wav,True,False,exclude_source_audio_unusable
2021,SDRW2100001747,SDRW2100001747.1.1.47,no_textgrid_after_mfa,D:\20_AUDIO\03_wav\individual\2021\SDRW2100001747\SDRW2100001747.1.1.47.lab,49,D:\20_AUDIO\03_wav\individual\2021\SDRW2100001747\SDRW2100001747.1.1.47.wav,True,False,exclude_source_audio_unusable
2021,SDRW2100001747,SDRW2100001747.1.1.48,no_textgrid_after_mfa,D:\20_AUDIO\03_wav\individual\2021\SDRW2100001747\SDRW2100001747.1.1.48.lab,19,D:\20_AUDIO\03_wav\individual\2021\SDRW2100001747\SDRW2100001747.1.1.48.wav,True,False,exclude_source_audio_unusable
2021,SDRW2100001747,SDRW2100001747.1.1.49,no_textgrid_after_mfa,D:\20_AUDIO\03_wav\individual\2021\SDRW2100001747\SDRW2100001747.1.1.49.lab,46,D:\20_AUDIO\03_wav\individual\2021\SDRW2100001747\SDRW2100001747.1.1.49.wav,True,False,exclude_source_audio_unusable
2021,SDRW2100001747,SDRW2100001747.1.1.5,no_textgrid_after_mfa,D:\20_AUDIO\03_wav\individual\2021\SDRW2100001747\SDRW2100001747.1.1.5.lab,10,D:\20_AUDIO\03_wav\individual\2021\SDRW2100001747\SDRW2100001747.1.1.5.wav,True,False,exclude_source_audio_unusable
2021,SDRW2100001747,SDRW2100001747.1.1.50,no_textgrid_after_mfa,D:\20_AUDIO\03_wav\individual\2021\SDRW2100001747\SDRW2100001747.1.1.50.lab,56,D:\20_AUDIO\03_wav\individual\2021\SDRW2100001747\SDRW2100001747.1.1.50.wav,True,False,exclude_source_audio_unusable
2021,SDRW2100001747,SDRW2100001747.1.1.51,no_textgrid_after_mfa,D:\20_AUDIO\03_wav\individual\2021\SDRW2100001747\SDRW2100001747.1.1.51.lab,112,D:\20_AUDIO\03_wav\individual\2021\SDRW2100001747\SDRW2100001747.1.1.51.wav,True,False,exclude_source_audio_unusable
2021,SDRW2100001747,SDRW2100001747.1.1.52,no_textgrid_after_mfa,D:\20_AUDIO\03_wav\individual\2021\SDRW2100001747\SDRW2100001747.1.1.52.lab,39,D:\20_AUDIO\03_wav\individual\2021\SDRW2100001747\SDRW2100001747.1.1.52.wav,True,False,exclude_source_audio_unusable
2021,SDRW2100001747,SDRW2100001747.1.1.53,no_textgrid_after_mfa,D:\20_AUDIO\03_wav\individual\2021\SDRW2100001747\SDRW2100001747.1.1.53.lab,52,D:\20_AUDIO\03_wav\individual\2021\SDRW2100001747\SDRW2100001747.1.1.53.wav,True,False,exclude_source_audio_unusable
2021,SDRW2100001747,SDRW2100001747.1.1.54,no_textgrid_after_mfa,D:\20_AUDIO\03_wav\individual\2021\SDRW2100001747\SDRW2100001747.1.1.54.lab,43,D:\20_AUDIO\03_wav\individual\2021\SDRW2100001747\SDRW2100001747.1.1.54.wav,True,False,exclude_source_audio_unusable
2021,SDRW2100001747,SDRW2100001747.1.1.55,no_textgrid_after_mfa,D:\20_AUDIO\03_wav\individual\2021\SDRW2100001747\SDRW2100001747.1.1.55.lab,36,D:\20_AUDIO\03_wav\individual\2021\SDRW2100001747\SDRW2100001747.1.1.55.wav,True,False,exclude_source_audio_unusable
2021,SDRW2100001747,SDRW2100001747.1.1.56,no_textgrid_after_mfa,D:\20_AUDIO\03_wav\individual\2021\SDRW2100001747\SDRW2100001747.1.1.56.lab,66,D:\20_AUDIO\03_wav\individual\2021\SDRW2100001747\SDRW2100001747.1.1.56.wav,True,False,exclude_source_audio_unusable
2021,SDRW2100001747,SDRW2100001747.1.1.57,no_textgrid_after_mfa,D:\20_AUDIO\03_wav\individual\2021\SDRW2100001747\SDRW2100001747.1.1.57.lab,43,D:\20_AUDIO\03_wav\individual\2021\SDRW2100001747\SDRW2100001747.1.1.57.wav,True,False,exclude_source_audio_unusable
2021,SDRW2100001747,SDRW2100001747.1.1.58,no_textgrid_after_mfa,D:\20_AUDIO\03_wav\individual\2021\SDRW2100001747\SDRW2100001747.1.1.58.lab,75,D:\20_AUDIO\03_wav\individual\2021\SDRW2100001747\SDRW2100001747.1.1.58.wav,True,False,exclude_source_audio_unusable
2021,SDRW2100001747,SDRW2100001747.1.1.59,no_textgrid_after_mfa,D:\20_AUDIO\03_wav\individual\2021\SDRW2100001747\SDRW2100001747.1.1.59.lab,41,D:\20_AUDIO\03_wav\individual\2021\SDRW2100001747\SDRW2100001747.1.1.59.wav,True,False,exclude_source_audio_unusable
2021,SDRW2100001747,SDRW2100001747.1.1.6,no_textgrid_after_mfa,D:\20_AUDIO\03_wav\individual\2021\SDRW2100001747\SDRW2100001747.1.1.6.lab,67,D:\20_AUDIO\03_wav\individual\2021\SDRW2100001747\SDRW2100001747.1.1.6.wav,True,False,exclude_source_audio_unusable
2021,SDRW2100001747,SDRW2100001747.1.1.60,no_textgrid_after_mfa,D:\20_AUDIO\03_wav\individual\2021\SDRW2100001747\SDRW2100001747.1.1.60.lab,36,D:\20_AUDIO\03_wav\individual\2021\SDRW2100001747\SDRW2100001747.1.1.60.wav,True,False,exclude_source_audio_unusable
2021,SDRW2100001747,SDRW2100001747.1.1.61,no_textgrid_after_mfa,D:\20_AUDIO\03_wav\individual\2021\SDRW2100001747\SDRW2100001747.1.1.61.lab,46,D:\20_AUDIO\03_wav\individual\2021\SDRW2100001747\SDRW2100001747.1.1.61.wav,True,False,exclude_source_audio_unusable
2021,SDRW2100001747,SDRW2100001747.1.1.62,no_textgrid_after_mfa,D:\20_AUDIO\03_wav\individual\2021\SDRW2100001747\SDRW2100001747.1.1.62.lab,44,D:\20_AUDIO\03_wav\individual\2021\SDRW2100001747\SDRW2100001747.1.1.62.wav,True,False,exclude_source_audio_unusable
2021,SDRW2100001747,SDRW2100001747.1.1.63,no_textgrid_after_mfa,D:\20_AUDIO\03_wav\individual\2021\SDRW2100001747\SDRW2100001747.1.1.63.lab,41,D:\20_AUDIO\03_wav\individual\2021\SDRW2100001747\SDRW2100001747.1.1.63.wav,True,False,exclude_source_audio_unusable
2021,SDRW2100001747,SDRW2100001747.1.1.64,no_textgrid_after_mfa,D:\20_AUDIO\03_wav\individual\2021\SDRW2100001747\SDRW2100001747.1.1.64.lab,53,D:\20_AUDIO\03_wav\individual\2021\SDRW2100001747\SDRW2100001747.1.1.64.wav,True,False,exclude_source_audio_unusable
2021,SDRW2100001747,SDRW2100001747.1.1.65,no_textgrid_after_mfa,D:\20_AUDIO\03_wav\individual\2021\SDRW2100001747\SDRW2100001747.1.1.65.lab,17,D:\20_AUDIO\03_wav\individual\2021\SDRW2100001747\SDRW2100001747.1.1.65.wav,True,False,exclude_source_audio_unusable
2021,SDRW2100001747,SDRW2100001747.1.1.66,no_textgrid_after_mfa,D:\20_AUDIO\03_wav\individual\2021\SDRW2100001747\SDRW2100001747.1.1.66.lab,71,D:\20_AUDIO\03_wav\individual\2021\SDRW2100001747\SDRW2100001747.1.1.66.wav,True,False,exclude_source_audio_unusable
2021,SDRW2100001747,SDRW2100001747.1.1.67,no_textgrid_after_mfa,D:\20_AUDIO\03_wav\individual\2021\SDRW2100001747\SDRW2100001747.1.1.67.lab,92,D:\20_AUDIO\03_wav\individual\2021\SDRW2100001747\SDRW2100001747.1.1.67.wav,True,False,exclude_source_audio_unusable
2021,SDRW2100001747,SDRW2100001747.1.1.68,no_textgrid_after_mfa,D:\20_AUDIO\03_wav\individual\2021\SDRW2100001747\SDRW2100001747.1.1.68.lab,60,D:\20_AUDIO\03_wav\individual\2021\SDRW2100001747\SDRW2100001747.1.1.68.wav,True,False,exclude_source_audio_unusable
2021,SDRW2100001747,SDRW2100001747.1.1.69,no_textgrid_after_mfa,D:\20_AUDIO\03_wav\individual\2021\SDRW2100001747\SDRW2100001747.1.1.69.lab,9,D:\20_AUDIO\03_wav\individual\2021\SDRW2100001747\SDRW2100001747.1.1.69.wav,True,False,exclude_source_audio_unusable
2021,SDRW2100001747,SDRW2100001747.1.1.7,no_textgrid_after_mfa,D:\20_AUDIO\03_wav\individual\2021\SDRW2100001747\SDRW2100001747.1.1.7.lab,73,D:\20_AUDIO\03_wav\individual\2021\SDRW2100001747\SDRW2100001747.1.1.7.wav,True,False,exclude_source_audio_unusable
2021,SDRW2100001747,SDRW2100001747.1.1.70,no_textgrid_after_mfa,D:\20_AUDIO\03_wav\individual\2021\SDRW2100001747\SDRW2100001747.1.1.70.lab,34,D:\20_AUDIO\03_wav\individual\2021\SDRW2100001747\SDRW2100001747.1.1.70.wav,True,False,exclude_source_audio_unusable
2021,SDRW2100001747,SDRW2100001747.1.1.71,no_textgrid_after_mfa,D:\20_AUDIO\03_wav\individual\2021\SDRW2100001747\SDRW2100001747.1.1.71.lab,47,D:\20_AUDIO\03_wav\individual\2021\SDRW2100001747\SDRW2100001747.1.1.71.wav,True,False,exclude_source_audio_unusable
2021,SDRW2100001747,SDRW2100001747.1.1.72,no_textgrid_after_mfa,D:\20_AUDIO\03_wav\individual\2021\SDRW2100001747\SDRW2100001747.1.1.72.lab,53,D:\20_AUDIO\03_wav\individual\2021\SDRW2100001747\SDRW2100001747.1.1.72.wav,True,False,exclude_source_audio_unusable
2021,SDRW2100001747,SDRW2100001747.1.1.73,no_textgrid_after_mfa,D:\20_AUDIO\03_wav\individual\2021\SDRW2100001747\SDRW2100001747.1.1.73.lab,46,D:\20_AUDIO\03_wav\individual\2021\SDRW2100001747\SDRW2100001747.1.1.73.wav,True,False,exclude_source_audio_unusable
2021,SDRW2100001747,SDRW2100001747.1.1.74,no_textgrid_after_mfa,D:\20_AUDIO\03_wav\individual\2021\SDRW2100001747\SDRW2100001747.1.1.74.lab,81,D:\20_AUDIO\03_wav\individual\2021\SDRW2100001747\SDRW2100001747.1.1.74.wav,True,False,exclude_source_audio_unusable
2021,SDRW2100001747,SDRW2100001747.1.1.75,no_textgrid_after_mfa,D:\20_AUDIO\03_wav\individual\2021\SDRW2100001747\SDRW2100001747.1.1.75.lab,88,D:\20_AUDIO\03_wav\individual\2021\SDRW2100001747\SDRW2100001747.1.1.75.wav,True,False,exclude_source_audio_unusable
2021,SDRW2100001747,SDRW2100001747.1.1.76,no_textgrid_after_mfa,D:\20_AUDIO\03_wav\individual\2021\SDRW2100001747\SDRW2100001747.1.1.76.lab,60,D:\20_AUDIO\03_wav\individual\2021\SDRW2100001747\SDRW2100001747.1.1.76.wav,True,False,exclude_source_audio_unusable
2021,SDRW2100001747,SDRW2100001747.1.1.77,no_textgrid_after_mfa,D:\20_AUDIO\03_wav\individual\2021\SDRW2100001747\SDRW2100001747.1.1.77.lab,45,D:\20_AUDIO\03_wav\individual\2021\SDRW2100001747\SDRW2100001747.1.1.77.wav,True,False,exclude_source_audio_unusable
2021,SDRW2100001747,SDRW2100001747.1.1.78,no_textgrid_after_mfa,D:\20_AUDIO\03_wav\individual\2021\SDRW2100001747\SDRW2100001747.1.1.78.lab,73,D:\20_AUDIO\03_wav\individual\2021\SDRW2100001747\SDRW2100001747.1.1.78.wav,True,False,exclude_source_audio_unusable
2021,SDRW2100001747,SDRW2100001747.1.1.79,no_textgrid_after_mfa,D:\20_AUDIO\03_wav\individual\2021\SDRW2100001747\SDRW2100001747.1.1.79.lab,61,D:\20_AUDIO\03_wav\individual\2021\SDRW2100001747\SDRW2100001747.1.1.79.wav,True,False,exclude_source_audio_unusable
2021,SDRW2100001747,SDRW2100001747.1.1.8,no_textgrid_after_mfa,D:\20_AUDIO\03_wav\individual\2021\SDRW2100001747\SDRW2100001747.1.1.8.lab,76,D:\20_AUDIO\03_wav\individual\2021\SDRW2100001747\SDRW2100001747.1.1.8.wav,True,False,exclude_source_audio_unusable
2021,SDRW2100001747,SDRW2100001747.1.1.80,no_textgrid_after_mfa,D:\20_AUDIO\03_wav\individual\2021\SDRW2100001747\SDRW2100001747.1.1.80.lab,38,D:\20_AUDIO\03_wav\individual\2021\SDRW2100001747\SDRW2100001747.1.1.80.wav,True,False,exclude_source_audio_unusable
2021,SDRW2100001747,SDRW2100001747.1.1.81,no_textgrid_after_mfa,D:\20_AUDIO\03_wav\individual\2021\SDRW2100001747\SDRW2100001747.1.1.81.lab,64,D:\20_AUDIO\03_wav\individual\2021\SDRW2100001747\SDRW2100001747.1.1.81.wav,True,False,exclude_source_audio_unusable
2021,SDRW2100001747,SDRW2100001747.1.1.82,no_textgrid_after_mfa,D:\20_AUDIO\03_wav\individual\2021\SDRW2100001747\SDRW2100001747.1.1.82.lab,49,D:\20_AUDIO\03_wav\individual\2021\SDRW2100001747\SDRW2100001747.1.1.82.wav,True,False,exclude_source_audio_unusable
2021,SDRW2100001747,SDRW2100001747.1.1.83,no_textgrid_after_mfa,D:\20_AUDIO\03_wav\individual\2021\SDRW2100001747\SDRW2100001747.1.1.83.lab,30,D:\20_AUDIO\03_wav\individual\2021\SDRW2100001747\SDRW2100001747.1.1.83.wav,True,False,exclude_source_audio_unusable
2021,SDRW2100001747,SDRW2100001747.1.1.84,no_textgrid_after_mfa,D:\20_AUDIO\03_wav\individual\2021\SDRW2100001747\SDRW2100001747.1.1.84.lab,37,D:\20_AUDIO\03_wav\individual\2021\SDRW2100001747\SDRW2100001747.1.1.84.wav,True,False,exclude_source_audio_unusable
2021,SDRW2100001747,SDRW2100001747.1.1.85,no_textgrid_after_mfa,D:\20_AUDIO\03_wav\individual\2021\SDRW2100001747\SDRW2100001747.1.1.85.lab,78,D:\20_AUDIO\03_wav\individual\2021\SDRW2100001747\SDRW2100001747.1.1.85.wav,True,False,exclude_source_audio_unusable
2021,SDRW2100001747,SDRW2100001747.1.1.86,no_textgrid_after_mfa,D:\20_AUDIO\03_wav\individual\2021\SDRW2100001747\SDRW2100001747.1.1.86.lab,33,D:\20_AUDIO\03_wav\individual\2021\SDRW2100001747\SDRW2100001747.1.1.86.wav,True,False,exclude_source_audio_unusable
2021,SDRW2100001747,SDRW2100001747.1.1.87,no_textgrid_after_mfa,D:\20_AUDIO\03_wav\individual\2021\SDRW2100001747\SDRW2100001747.1.1.87.lab,42,D:\20_AUDIO\03_wav\individual\2021\SDRW2100001747\SDRW2100001747.1.1.87.wav,True,False,exclude_source_audio_unusable
2021,SDRW2100001747,SDRW2100001747.1.1.88,no_textgrid_after_mfa,D:\20_AUDIO\03_wav\individual\2021\SDRW2100001747\SDRW2100001747.1.1.88.lab,6,D:\20_AUDIO\03_wav\individual\2021\SDRW2100001747\SDRW2100001747.1.1.88.wav,True,False,exclude_source_audio_unusable
2021,SDRW2100001747,SDRW2100001747.1.1.89,no_textgrid_after_mfa,D:\20_AUDIO\03_wav\individual\2021\SDRW2100001747\SDRW2100001747.1.1.89.lab,55,D:\20_AUDIO\03_wav\individual\2021\SDRW2100001747\SDRW2100001747.1.1.89.wav,True,False,exclude_source_audio_unusable
2021,SDRW2100001747,SDRW2100001747.1.1.9,no_textgrid_after_mfa,D:\20_AUDIO\03_wav\individual\2021\SDRW2100001747\SDRW2100001747.1.1.9.lab,19,D:\20_AUDIO\03_wav\individual\2021\SDRW2100001747\SDRW2100001747.1.1.9.wav,True,False,exclude_source_audio_unusable
2021,SDRW2100001747,SDRW2100001747.1.1.90,no_textgrid_after_mfa,D:\20_AUDIO\03_wav\individual\2021\SDRW2100001747\SDRW2100001747.1.1.90.lab,37,D:\20_AUDIO\03_wav\individual\2021\SDRW2100001747\SDRW2100001747.1.1.90.wav,True,False,exclude_source_audio_unusable
2021,SDRW2100001747,SDRW2100001747.1.1.91,no_textgrid_after_mfa,D:\20_AUDIO\03_wav\individual\2021\SDRW2100001747\SDRW2100001747.1.1.91.lab,33,D:\20_AUDIO\03_wav\individual\2021\SDRW2100001747\SDRW2100001747.1.1.91.wav,True,False,exclude_source_audio_unusable
2021,SDRW2100001747,SDRW2100001747.1.1.92,no_textgrid_after_mfa,D:\20_AUDIO\03_wav\individual\2021\SDRW2100001747\SDRW2100001747.1.1.92.lab,38,D:\20_AUDIO\03_wav\individual\2021\SDRW2100001747\SDRW2100001747.1.1.92.wav,True,False,exclude_source_audio_unusable
2021,SDRW2100001747,SDRW2100001747.1.1.93,no_textgrid_after_mfa,D:\20_AUDIO\03_wav\individual\2021\SDRW2100001747\SDRW2100001747.1.1.93.lab,60,D:\20_AUDIO\03_wav\individual\2021\SDRW2100001747\SDRW2100001747.1.1.93.wav,True,False,exclude_source_audio_unusable
2021,SDRW2100001747,SDRW2100001747.1.1.94,no_textgrid_after_mfa,D:\20_AUDIO\03_wav\individual\2021\SDRW2100001747\SDRW2100001747.1.1.94.lab,76,D:\20_AUDIO\03_wav\individual\2021\SDRW2100001747\SDRW2100001747.1.1.94.wav,True,False,exclude_source_audio_unusable
2021,SDRW2100001747,SDRW2100001747.1.1.95,no_textgrid_after_mfa,D:\20_AUDIO\03_wav\individual\2021\SDRW2100001747\SDRW2100001747.1.1.95.lab,55,D:\20_AUDIO\03_wav\individual\2021\SDRW2100001747\SDRW2100001747.1.1.95.wav,True,False,exclude_source_audio_unusable
2021,SDRW2100001747,SDRW2100001747.1.1.96,no_textgrid_after_mfa,D:\20_AUDIO\03_wav\individual\2021\SDRW2100001747\SDRW2100001747.1.1.96.lab,27,D:\20_AUDIO\03_wav\individual\2021\SDRW2100001747\SDRW2100001747.1.1.96.wav,True,False,exclude_source_audio_unusable
2021,SDRW2100001747,SDRW2100001747.1.1.97,no_textgrid_after_mfa,D:\20_AUDIO\03_wav\individual\2021\SDRW2100001747\SDRW2100001747.1.1.97.lab,29,D:\20_AUDIO\03_wav\individual\2021\SDRW2100001747\SDRW2100001747.1.1.97.wav,True,False,exclude_source_audio_unusable
2021,SDRW2100001747,SDRW2100001747.1.1.98,no_textgrid_after_mfa,D:\20_AUDIO\03_wav\individual\2021\SDRW2100001747\SDRW2100001747.1.1.98.lab,23,D:\20_AUDIO\03_wav\individual\2021\SDRW2100001747\SDRW2100001747.1.1.98.wav,True,False,exclude_source_audio_unusable
2021,SDRW2100001747,SDRW2100001747.1.1.99,no_textgrid_after_mfa,D:\20_AUDIO\03_wav\individual\2021\SDRW2100001747\SDRW2100001747.1.1.99.lab,59,D:\20_AUDIO\03_wav\individual\2021\SDRW2100001747\SDRW2100001747.1.1.99.wav,True,False,exclude_source_audio_unusable
2021,SDRW2100001752,SDRW2100001752.1.1.272,no_textgrid_after_mfa,D:\20_AUDIO\03_wav\individual\2021\SDRW2100001752\SDRW2100001752.1.1.272.lab,51,D:\20_AUDIO\03_wav\individual\2021\SDRW2100001752\SDRW2100001752.1.1.272.wav,True,True,
2021,SDRW2100001753,SDRW2100001753.1.1.97,no_textgrid_after_mfa,D:\20_AUDIO\03_wav\individual\2021\SDRW2100001753\SDRW2100001753.1.1.97.lab,111,D:\20_AUDIO\03_wav\individual\2021\SDRW2100001753\SDRW2100001753.1.1.97.wav,True,True,
2021,SDRW2100001755,SDRW2100001755.1.1.140,no_textgrid_after_mfa,D:\20_AUDIO\03_wav\individual\2021\SDRW2100001755\SDRW2100001755.1.1.140.lab,102,D:\20_AUDIO\03_wav\individual\2021\SDRW2100001755\SDRW2100001755.1.1.140.wav,True,True,
2021,SDRW2100001759,SDRW2100001759.1.1.224,no_textgrid_after_mfa,D:\20_AUDIO\03_wav\individual\2021\SDRW2100001759\SDRW2100001759.1.1.224.lab,109,D:\20_AUDIO\03_wav\individual\2021\SDRW2100001759\SDRW2100001759.1.1.224.wav,True,True,
2021,SDRW2100001774,SDRW2100001774.1.1.158,no_textgrid_after_mfa,D:\20_AUDIO\03_wav\individual\2021\SDRW2100001774\SDRW2100001774.1.1.158.lab,140,D:\20_AUDIO\03_wav\individual\2021\SDRW2100001774\SDRW2100001774.1.1.158.wav,True,True,
2021,SDRW2100001776,SDRW2100001776.1.1.247,no_textgrid_after_mfa,D:\20_AUDIO\03_wav\individual\2021\SDRW2100001776\SDRW2100001776.1.1.247.lab,35,D:\20_AUDIO\03_wav\individual\2021\SDRW2100001776\SDRW2100001776.1.1.247.wav,True,True,
2021,SDRW2100001780,SDRW2100001780.1.1.116,no_textgrid_after_mfa,D:\20_AUDIO\03_wav\individual\2021\SDRW2100001780\SDRW2100001780.1.1.116.lab,98,D:\20_AUDIO\03_wav\individual\2021\SDRW2100001780\SDRW2100001780.1.1.116.wav,True,True,
2021,SDRW2100001783,SDRW2100001783.1.1.78,no_textgrid_after_mfa,D:\20_AUDIO\03_wav\individual\2021\SDRW2100001783\SDRW2100001783.1.1.78.lab,55,D:\20_AUDIO\03_wav\individual\2021\SDRW2100001783\SDRW2100001783.1.1.78.wav,True,True,
2021,SDRW2100001791,SDRW2100001791.1.1.179,no_textgrid_after_mfa,D:\20_AUDIO\03_wav\individual\2021\SDRW2100001791\SDRW2100001791.1.1.179.lab,48,D:\20_AUDIO\03_wav\individual\2021\SDRW2100001791\SDRW2100001791.1.1.179.wav,True,True,
2021,SDRW2100001794,SDRW2100001794.1.1.269,no_textgrid_after_mfa,D:\20_AUDIO\03_wav\individual\2021\SDRW2100001794\SDRW2100001794.1.1.269.lab,33,D:\20_AUDIO\03_wav\individual\2021\SDRW2100001794\SDRW2100001794.1.1.269.wav,True,True,
2021,SDRW2100001795,SDRW2100001795.1.1.291,no_textgrid_after_mfa,D:\20_AUDIO\03_wav\individual\2021\SDRW2100001795\SDRW2100001795.1.1.291.lab,79,D:\20_AUDIO\03_wav\individual\2021\SDRW2100001795\SDRW2100001795.1.1.291.wav,True,True,
2021,SDRW2100001810,SDRW2100001810.1.1.363,no_textgrid_after_mfa,D:\20_AUDIO\03_wav\individual\2021\SDRW2100001810\SDRW2100001810.1.1.363.lab,3,D:\20_AUDIO\03_wav\individual\2021\SDRW2100001810\SDRW2100001810.1.1.363.wav,True,False,exclude_source_audio_unusable
2021,SDRW2100001814,SDRW2100001814.1.1.198,no_textgrid_after_mfa,D:\20_AUDIO\03_wav\individual\2021\SDRW2100001814\SDRW2100001814.1.1.198.lab,83,D:\20_AUDIO\03_wav\individual\2021\SDRW2100001814\SDRW2100001814.1.1.198.wav,True,True,
2021,SDRW2100001816,SDRW2100001816.1.1.11,no_textgrid_after_mfa,D:\20_AUDIO\03_wav\individual\2021\SDRW2100001816\SDRW2100001816.1.1.11.lab,37,D:\20_AUDIO\03_wav\individual\2021\SDRW2100001816\SDRW2100001816.1.1.11.wav,True,True,
2021,SDRW2100001817,SDRW2100001817.1.1.214,no_textgrid_after_mfa,D:\20_AUDIO\03_wav\individual\2021\SDRW2100001817\SDRW2100001817.1.1.214.lab,19,D:\20_AUDIO\03_wav\individual\2021\SDRW2100001817\SDRW2100001817.1.1.214.wav,True,False,exclude_source_audio_unusable
2021,SDRW2100001817,SDRW2100001817.1.1.417,no_textgrid_after_mfa,D:\20_AUDIO\03_wav\individual\2021\SDRW2100001817\SDRW2100001817.1.1.417.lab,19,D:\20_AUDIO\03_wav\individual\2021\SDRW2100001817\SDRW2100001817.1.1.417.wav,True,False,exclude_source_audio_unusable
2021,SDRW2100001817,SDRW2100001817.1.1.436,no_textgrid_after_mfa,D:\20_AUDIO\03_wav\individual\2021\SDRW2100001817\SDRW2100001817.1.1.436.lab,33,D:\20_AUDIO\03_wav\individual\2021\SDRW2100001817\SDRW2100001817.1.1.436.wav,True,False,exclude_source_audio_unusable
2021,SDRW2100001817,SDRW2100001817.1.1.463,no_textgrid_after_mfa,D:\20_AUDIO\03_wav\individual\2021\SDRW2100001817\SDRW2100001817.1.1.463.lab,9,D:\20_AUDIO\03_wav\individual\2021\SDRW2100001817\SDRW2100001817.1.1.463.wav,True,False,exclude_source_audio_unusable
2021,SDRW2100001817,SDRW2100001817.1.1.464,no_textgrid_after_mfa,D:\20_AUDIO\03_wav\individual\2021\SDRW2100001817\SDRW2100001817.1.1.464.lab,47,D:\20_AUDIO\03_wav\individual\2021\SDRW2100001817\SDRW2100001817.1.1.464.wav,True,True,
2021,SDRW2100001817,SDRW2100001817.1.1.506,no_textgrid_after_mfa,D:\20_AUDIO\03_wav\individual\2021\SDRW2100001817\SDRW2100001817.1.1.506.lab,47,D:\20_AUDIO\03_wav\individual\2021\SDRW2100001817\SDRW2100001817.1.1.506.wav,True,False,exclude_source_audio_unusable
2021,SDRW2100001817,SDRW2100001817.1.1.535,no_textgrid_after_mfa,D:\20_AUDIO\03_wav\individual\2021\SDRW2100001817\SDRW2100001817.1.1.535.lab,39,D:\20_AUDIO\03_wav\individual\2021\SDRW2100001817\SDRW2100001817.1.1.535.wav,True,False,exclude_source_audio_unusable
2021,SDRW2100001842,SDRW2100001842.1.1.26,no_textgrid_after_mfa,D:\20_AUDIO\03_wav\individual\2021\SDRW2100001842\SDRW2100001842.1.1.26.lab,55,D:\20_AUDIO\03_wav\individual\2021\SDRW2100001842\SDRW2100001842.1.1.26.wav,True,True,
2021,SDRW2100001842,SDRW2100001842.1.1.81,no_textgrid_after_mfa,D:\20_AUDIO\03_wav\individual\2021\SDRW2100001842\SDRW2100001842.1.1.81.lab,56,D:\20_AUDIO\03_wav\individual\2021\SDRW2100001842\SDRW2100001842.1.1.81.wav,True,True,
2021,SDRW2100001850,SDRW2100001850.1.1.160,no_textgrid_after_mfa,D:\20_AUDIO\03_wav\individual\2021\SDRW2100001850\SDRW2100001850.1.1.160.lab,71,D:\20_AUDIO\03_wav\individual\2021\SDRW2100001850\SDRW2100001850.1.1.160.wav,True,True,
2021,SDRW2100001853,SDRW2100001853.1.1.113,no_textgrid_after_mfa,D:\20_AUDIO\03_wav\individual\2021\SDRW2100001853\SDRW2100001853.1.1.113.lab,89,D:\20_AUDIO\03_wav\individual\2021\SDRW2100001853\SDRW2100001853.1.1.113.wav,True,True,
2021,SDRW2100001853,SDRW2100001853.1.1.88,no_textgrid_after_mfa,D:\20_AUDIO\03_wav\individual\2021\SDRW2100001853\SDRW2100001853.1.1.88.lab,67,D:\20_AUDIO\03_wav\individual\2021\SDRW2100001853\SDRW2100001853.1.1.88.wav,True,True,
2021,SDRW2100001855,SDRW2100001855.1.1.159,no_textgrid_after_mfa,D:\20_AUDIO\03_wav\individual\2021\SDRW2100001855\SDRW2100001855.1.1.159.lab,90,D:\20_AUDIO\03_wav\individual\2021\SDRW2100001855\SDRW2100001855.1.1.159.wav,True,True,
2021,SDRW2100001855,SDRW2100001855.1.1.17,no_textgrid_after_mfa,D:\20_AUDIO\03_wav\individual\2021\SDRW2100001855\SDRW2100001855.1.1.17.lab,88,D:\20_AUDIO\03_wav\individual\2021\SDRW2100001855\SDRW2100001855.1.1.17.wav,True,True,
2021,SDRW2100001863,SDRW2100001863.1.1.246,no_textgrid_after_mfa,D:\20_AUDIO\03_wav\individual\2021\SDRW2100001863\SDRW2100001863.1.1.246.lab,17,D:\20_AUDIO\03_wav\individual\2021\SDRW2100001863\SDRW2100001863.1.1.246.wav,True,True,
2021,SDRW2100001872,SDRW2100001872.1.1.1,no_textgrid_after_mfa,D:\20_AUDIO\03_wav\individual\2021\SDRW2100001872\SDRW2100001872.1.1.1.lab,35,D:\20_AUDIO\03_wav\individual\2021\SDRW2100001872\SDRW2100001872.1.1.1.wav,True,False,exclude_source_audio_unusable
2021,SDRW2100001872,SDRW2100001872.1.1.10,no_textgrid_after_mfa,D:\20_AUDIO\03_wav\individual\2021\SDRW2100001872\SDRW2100001872.1.1.10.lab,57,D:\20_AUDIO\03_wav\individual\2021\SDRW2100001872\SDRW2100001872.1.1.10.wav,True,False,exclude_source_audio_unusable
2021,SDRW2100001872,SDRW2100001872.1.1.100,no_textgrid_after_mfa,D:\20_AUDIO\03_wav\individual\2021\SDRW2100001872\SDRW2100001872.1.1.100.lab,42,D:\20_AUDIO\03_wav\individual\2021\SDRW2100001872\SDRW2100001872.1.1.100.wav,True,False,exclude_source_audio_unusable
2021,SDRW2100001872,SDRW2100001872.1.1.101,no_textgrid_after_mfa,D:\20_AUDIO\03_wav\individual\2021\SDRW2100001872\SDRW2100001872.1.1.101.lab,78,D:\20_AUDIO\03_wav\individual\2021\SDRW2100001872\SDRW2100001872.1.1.101.wav,True,False,exclude_source_audio_unusable
2021,SDRW2100001872,SDRW2100001872.1.1.102,no_textgrid_after_mfa,D:\20_AUDIO\03_wav\individual\2021\SDRW2100001872\SDRW2100001872.1.1.102.lab,53,D:\20_AUDIO\03_wav\individual\2021\SDRW2100001872\SDRW2100001872.1.1.102.wav,True,False,exclude_source_audio_unusable
2021,SDRW2100001872,SDRW2100001872.1.1.103,no_textgrid_after_mfa,D:\20_AUDIO\03_wav\individual\2021\SDRW2100001872\SDRW2100001872.1.1.103.lab,33,D:\20_AUDIO\03_wav\individual\2021\SDRW2100001872\SDRW2100001872.1.1.103.wav,True,False,exclude_source_audio_unusable
2021,SDRW2100001872,SDRW2100001872.1.1.104,no_textgrid_after_mfa,D:\20_AUDIO\03_wav\individual\2021\SDRW2100001872\SDRW2100001872.1.1.104.lab,76,D:\20_AUDIO\03_wav\individual\2021\SDRW2100001872\SDRW2100001872.1.1.104.wav,True,False,exclude_source_audio_unusable
2021,SDRW2100001872,SDRW2100001872.1.1.105,no_textgrid_after_mfa,D:\20_AUDIO\03_wav\individual\2021\SDRW2100001872\SDRW2100001872.1.1.105.lab,19,D:\20_AUDIO\03_wav\individual\2021\SDRW2100001872\SDRW2100001872.1.1.105.wav,True,False,exclude_source_audio_unusable
2021,SDRW2100001872,SDRW2100001872.1.1.106,no_textgrid_after_mfa,D:\20_AUDIO\03_wav\individual\2021\SDRW2100001872\SDRW2100001872.1.1.106.lab,93,D:\20_AUDIO\03_wav\individual\2021\SDRW2100001872\SDRW2100001872.1.1.106.wav,True,False,exclude_source_audio_unusable
2021,SDRW2100001872,SDRW2100001872.1.1.107,no_textgrid_after_mfa,D:\20_AUDIO\03_wav\individual\2021\SDRW2100001872\SDRW2100001872.1.1.107.lab,72,D:\20_AUDIO\03_wav\individual\2021\SDRW2100001872\SDRW2100001872.1.1.107.wav,True,False,exclude_source_audio_unusable
2021,SDRW2100001872,SDRW2100001872.1.1.108,no_textgrid_after_mfa,D:\20_AUDIO\03_wav\individual\2021\SDRW2100001872\SDRW2100001872.1.1.108.lab,62,D:\20_AUDIO\03_wav\individual\2021\SDRW2100001872\SDRW2100001872.1.1.108.wav,True,False,exclude_source_audio_unusable
2021,SDRW2100001872,SDRW2100001872.1.1.109,no_textgrid_after_mfa,D:\20_AUDIO\03_wav\individual\2021\SDRW2100001872\SDRW2100001872.1.1.109.lab,79,D:\20_AUDIO\03_wav\individual\2021\SDRW2100001872\SDRW2100001872.1.1.109.wav,True,False,exclude_source_audio_unusable
2021,SDRW2100001872,SDRW2100001872.1.1.11,no_textgrid_after_mfa,D:\20_AUDIO\03_wav\individual\2021\SDRW2100001872\SDRW2100001872.1.1.11.lab,53,D:\20_AUDIO\03_wav\individual\2021\SDRW2100001872\SDRW2100001872.1.1.11.wav,True,False,exclude_source_audio_unusable
2021,SDRW2100001872,SDRW2100001872.1.1.110,no_textgrid_after_mfa,D:\20_AUDIO\03_wav\individual\2021\SDRW2100001872\SDRW2100001872.1.1.110.lab,92,D:\20_AUDIO\03_wav\individual\2021\SDRW2100001872\SDRW2100001872.1.1.110.wav,True,False,exclude_source_audio_unusable
2021,SDRW2100001872,SDRW2100001872.1.1.111,no_textgrid_after_mfa,D:\20_AUDIO\03_wav\individual\2021\SDRW2100001872\SDRW2100001872.1.1.111.lab,26,D:\20_AUDIO\03_wav\individual\2021\SDRW2100001872\SDRW2100001872.1.1.111.wav,True,False,exclude_source_audio_unusable
2021,SDRW2100001872,SDRW2100001872.1.1.112,no_textgrid_after_mfa,D:\20_AUDIO\03_wav\individual\2021\SDRW2100001872\SDRW2100001872.1.1.112.lab,78,D:\20_AUDIO\03_wav\individual\2021\SDRW2100001872\SDRW2100001872.1.1.112.wav,True,False,exclude_source_audio_unusable
2021,SDRW2100001872,SDRW2100001872.1.1.113,no_textgrid_after_mfa,D:\20_AUDIO\03_wav\individual\2021\SDRW2100001872\SDRW2100001872.1.1.113.lab,57,D:\20_AUDIO\03_wav\individual\2021\SDRW2100001872\SDRW2100001872.1.1.113.wav,True,False,exclude_source_audio_unusable
2021,SDRW2100001872,SDRW2100001872.1.1.114,no_textgrid_after_mfa,D:\20_AUDIO\03_wav\individual\2021\SDRW2100001872\SDRW2100001872.1.1.114.lab,49,D:\20_AUDIO\03_wav\individual\2021\SDRW2100001872\SDRW2100001872.1.1.114.wav,True,False,exclude_source_audio_unusable
2021,SDRW2100001872,SDRW2100001872.1.1.115,no_textgrid_after_mfa,D:\20_AUDIO\03_wav\individual\2021\SDRW2100001872\SDRW2100001872.1.1.115.lab,72,D:\20_AUDIO\03_wav\individual\2021\SDRW2100001872\SDRW2100001872.1.1.115.wav,True,False,exclude_source_audio_unusable
2021,SDRW2100001872,SDRW2100001872.1.1.116,no_textgrid_after_mfa,D:\20_AUDIO\03_wav\individual\2021\SDRW2100001872\SDRW2100001872.1.1.116.lab,34,D:\20_AUDIO\03_wav\individual\2021\SDRW2100001872\SDRW2100001872.1.1.116.wav,True,False,exclude_source_audio_unusable
2021,SDRW2100001872,SDRW2100001872.1.1.117,no_textgrid_after_mfa,D:\20_AUDIO\03_wav\individual\2021\SDRW2100001872\SDRW2100001872.1.1.117.lab,71,D:\20_AUDIO\03_wav\individual\2021\SDRW2100001872\SDRW2100001872.1.1.117.wav,True,False,exclude_source_audio_unusable
2021,SDRW2100001872,SDRW2100001872.1.1.118,no_textgrid_after_mfa,D:\20_AUDIO\03_wav\individual\2021\SDRW2100001872\SDRW2100001872.1.1.118.lab,63,D:\20_AUDIO\03_wav\individual\2021\SDRW2100001872\SDRW2100001872.1.1.118.wav,True,False,exclude_source_audio_unusable
2021,SDRW2100001872,SDRW2100001872.1.1.119,no_textgrid_after_mfa,D:\20_AUDIO\03_wav\individual\2021\SDRW2100001872\SDRW2100001872.1.1.119.lab,73,D:\20_AUDIO\03_wav\individual\2021\SDRW2100001872\SDRW2100001872.1.1.119.wav,True,False,exclude_source_audio_unusable
2021,SDRW2100001872,SDRW2100001872.1.1.12,no_textgrid_after_mfa,D:\20_AUDIO\03_wav\individual\2021\SDRW2100001872\SDRW2100001872.1.1.12.lab,83,D:\20_AUDIO\03_wav\individual\2021\SDRW2100001872\SDRW2100001872.1.1.12.wav,True,False,exclude_source_audio_unusable
2021,SDRW2100001872,SDRW2100001872.1.1.120,no_textgrid_after_mfa,D:\20_AUDIO\03_wav\individual\2021\SDRW2100001872\SDRW2100001872.1.1.120.lab,26,D:\20_AUDIO\03_wav\individual\2021\SDRW2100001872\SDRW2100001872.1.1.120.wav,True,False,exclude_source_audio_unusable
2021,SDRW2100001872,SDRW2100001872.1.1.121,no_textgrid_after_mfa,D:\20_AUDIO\03_wav\individual\2021\SDRW2100001872\SDRW2100001872.1.1.121.lab,54,D:\20_AUDIO\03_wav\individual\2021\SDRW2100001872\SDRW2100001872.1.1.121.wav,True,False,exclude_source_audio_unusable
2021,SDRW2100001872,SDRW2100001872.1.1.122,no_textgrid_after_mfa,D:\20_AUDIO\03_wav\individual\2021\SDRW2100001872\SDRW2100001872.1.1.122.lab,57,D:\20_AUDIO\03_wav\individual\2021\SDRW2100001872\SDRW2100001872.1.1.122.wav,True,False,exclude_source_audio_unusable
2021,SDRW2100001872,SDRW2100001872.1.1.123,no_textgrid_after_mfa,D:\20_AUDIO\03_wav\individual\2021\SDRW2100001872\SDRW2100001872.1.1.123.lab,33,D:\20_AUDIO\03_wav\individual\2021\SDRW2100001872\SDRW2100001872.1.1.123.wav,True,False,exclude_source_audio_unusable
2021,SDRW2100001872,SDRW2100001872.1.1.124,no_textgrid_after_mfa,D:\20_AUDIO\03_wav\individual\2021\SDRW2100001872\SDRW2100001872.1.1.124.lab,130,D:\20_AUDIO\03_wav\individual\2021\SDRW2100001872\SDRW2100001872.1.1.124.wav,True,False,exclude_source_audio_unusable
2021,SDRW2100001872,SDRW2100001872.1.1.125,no_textgrid_after_mfa,D:\20_AUDIO\03_wav\individual\2021\SDRW2100001872\SDRW2100001872.1.1.125.lab,44,D:\20_AUDIO\03_wav\individual\2021\SDRW2100001872\SDRW2100001872.1.1.125.wav,True,False,exclude_source_audio_unusable
2021,SDRW2100001872,SDRW2100001872.1.1.126,no_textgrid_after_mfa,D:\20_AUDIO\03_wav\individual\2021\SDRW2100001872\SDRW2100001872.1.1.126.lab,52,D:\20_AUDIO\03_wav\individual\2021\SDRW2100001872\SDRW2100001872.1.1.126.wav,True,False,exclude_source_audio_unusable
2021,SDRW2100001872,SDRW2100001872.1.1.127,no_textgrid_after_mfa,D:\20_AUDIO\03_wav\individual\2021\SDRW2100001872\SDRW2100001872.1.1.127.lab,41,D:\20_AUDIO\03_wav\individual\2021\SDRW2100001872\SDRW2100001872.1.1.127.wav,True,False,exclude_source_audio_unusable
2021,SDRW2100001872,SDRW2100001872.1.1.128,no_textgrid_after_mfa,D:\20_AUDIO\03_wav\individual\2021\SDRW2100001872\SDRW2100001872.1.1.128.lab,53,D:\20_AUDIO\03_wav\individual\2021\SDRW2100001872\SDRW2100001872.1.1.128.wav,True,False,exclude_source_audio_unusable
2021,SDRW2100001872,SDRW2100001872.1.1.129,no_textgrid_after_mfa,D:\20_AUDIO\03_wav\individual\2021\SDRW2100001872\SDRW2100001872.1.1.129.lab,70,D:\20_AUDIO\03_wav\individual\2021\SDRW2100001872\SDRW2100001872.1.1.129.wav,True,False,exclude_source_audio_unusable
2021,SDRW2100001872,SDRW2100001872.1.1.13,no_textgrid_after_mfa,D:\20_AUDIO\03_wav\individual\2021\SDRW2100001872\SDRW2100001872.1.1.13.lab,70,D:\20_AUDIO\03_wav\individual\2021\SDRW2100001872\SDRW2100001872.1.1.13.wav,True,False,exclude_source_audio_unusable
2021,SDRW2100001872,SDRW2100001872.1.1.130,no_textgrid_after_mfa,D:\20_AUDIO\03_wav\individual\2021\SDRW2100001872\SDRW2100001872.1.1.130.lab,49,D:\20_AUDIO\03_wav\individual\2021\SDRW2100001872\SDRW2100001872.1.1.130.wav,True,False,exclude_source_audio_unusable
2021,SDRW2100001872,SDRW2100001872.1.1.131,no_textgrid_after_mfa,D:\20_AUDIO\03_wav\individual\2021\SDRW2100001872\SDRW2100001872.1.1.131.lab,39,D:\20_AUDIO\03_wav\individual\2021\SDRW2100001872\SDRW2100001872.1.1.131.wav,True,False,exclude_source_audio_unusable
2021,SDRW2100001872,SDRW2100001872.1.1.132,no_textgrid_after_mfa,D:\20_AUDIO\03_wav\individual\2021\SDRW2100001872\SDRW2100001872.1.1.132.lab,69,D:\20_AUDIO\03_wav\individual\2021\SDRW2100001872\SDRW2100001872.1.1.132.wav,True,False,exclude_source_audio_unusable
2021,SDRW2100001872,SDRW2100001872.1.1.133,no_textgrid_after_mfa,D:\20_AUDIO\03_wav\individual\2021\SDRW2100001872\SDRW2100001872.1.1.133.lab,65,D:\20_AUDIO\03_wav\individual\2021\SDRW2100001872\SDRW2100001872.1.1.133.wav,True,False,exclude_source_audio_unusable
2021,SDRW2100001872,SDRW2100001872.1.1.134,no_textgrid_after_mfa,D:\20_AUDIO\03_wav\individual\2021\SDRW2100001872\SDRW2100001872.1.1.134.lab,51,D:\20_AUDIO\03_wav\individual\2021\SDRW2100001872\SDRW2100001872.1.1.134.wav,True,False,exclude_source_audio_unusable
2021,SDRW2100001872,SDRW2100001872.1.1.135,no_textgrid_after_mfa,D:\20_AUDIO\03_wav\individual\2021\SDRW2100001872\SDRW2100001872.1.1.135.lab,74,D:\20_AUDIO\03_wav\individual\2021\SDRW2100001872\SDRW2100001872.1.1.135.wav,True,False,exclude_source_audio_unusable
2021,SDRW2100001872,SDRW2100001872.1.1.136,no_textgrid_after_mfa,D:\20_AUDIO\03_wav\individual\2021\SDRW2100001872\SDRW2100001872.1.1.136.lab,48,D:\20_AUDIO\03_wav\individual\2021\SDRW2100001872\SDRW2100001872.1.1.136.wav,True,False,exclude_source_audio_unusable
2021,SDRW2100001872,SDRW2100001872.1.1.137,no_textgrid_after_mfa,D:\20_AUDIO\03_wav\individual\2021\SDRW2100001872\SDRW2100001872.1.1.137.lab,68,D:\20_AUDIO\03_wav\individual\2021\SDRW2100001872\SDRW2100001872.1.1.137.wav,True,False,exclude_source_audio_unusable
2021,SDRW2100001872,SDRW2100001872.1.1.138,no_textgrid_after_mfa,D:\20_AUDIO\03_wav\individual\2021\SDRW2100001872\SDRW2100001872.1.1.138.lab,69,D:\20_AUDIO\03_wav\individual\2021\SDRW2100001872\SDRW2100001872.1.1.138.wav,True,False,exclude_source_audio_unusable
2021,SDRW2100001872,SDRW2100001872.1.1.139,no_textgrid_after_mfa,D:\20_AUDIO\03_wav\individual\2021\SDRW2100001872\SDRW2100001872.1.1.139.lab,57,D:\20_AUDIO\03_wav\individual\2021\SDRW2100001872\SDRW2100001872.1.1.139.wav,True,False,exclude_source_audio_unusable
2021,SDRW2100001872,SDRW2100001872.1.1.14,no_textgrid_after_mfa,D:\20_AUDIO\03_wav\individual\2021\SDRW2100001872\SDRW2100001872.1.1.14.lab,35,D:\20_AUDIO\03_wav\individual\2021\SDRW2100001872\SDRW2100001872.1.1.14.wav,True,False,exclude_source_audio_unusable
2021,SDRW2100001872,SDRW2100001872.1.1.140,no_textgrid_after_mfa,D:\20_AUDIO\03_wav\individual\2021\SDRW2100001872\SDRW2100001872.1.1.140.lab,100,D:\20_AUDIO\03_wav\individual\2021\SDRW2100001872\SDRW2100001872.1.1.140.wav,True,False,exclude_source_audio_unusable
2021,SDRW2100001872,SDRW2100001872.1.1.141,no_textgrid_after_mfa,D:\20_AUDIO\03_wav\individual\2021\SDRW2100001872\SDRW2100001872.1.1.141.lab,50,D:\20_AUDIO\03_wav\individual\2021\SDRW2100001872\SDRW2100001872.1.1.141.wav,True,False,exclude_source_audio_unusable
2021,SDRW2100001872,SDRW2100001872.1.1.142,no_textgrid_after_mfa,D:\20_AUDIO\03_wav\individual\2021\SDRW2100001872\SDRW2100001872.1.1.142.lab,90,D:\20_AUDIO\03_wav\individual\2021\SDRW2100001872\SDRW2100001872.1.1.142.wav,True,False,exclude_source_audio_unusable
2021,SDRW2100001872,SDRW2100001872.1.1.143,no_textgrid_after_mfa,D:\20_AUDIO\03_wav\individual\2021\SDRW2100001872\SDRW2100001872.1.1.143.lab,33,D:\20_AUDIO\03_wav\individual\2021\SDRW2100001872\SDRW2100001872.1.1.143.wav,True,False,exclude_source_audio_unusable
2021,SDRW2100001872,SDRW2100001872.1.1.144,no_textgrid_after_mfa,D:\20_AUDIO\03_wav\individual\2021\SDRW2100001872\SDRW2100001872.1.1.144.lab,49,D:\20_AUDIO\03_wav\individual\2021\SDRW2100001872\SDRW2100001872.1.1.144.wav,True,False,exclude_source_audio_unusable
2021,SDRW2100001872,SDRW2100001872.1.1.145,no_textgrid_after_mfa,D:\20_AUDIO\03_wav\individual\2021\SDRW2100001872\SDRW2100001872.1.1.145.lab,81,D:\20_AUDIO\03_wav\individual\2021\SDRW2100001872\SDRW2100001872.1.1.145.wav,True,False,exclude_source_audio_unusable
2021,SDRW2100001872,SDRW2100001872.1.1.146,no_textgrid_after_mfa,D:\20_AUDIO\03_wav\individual\2021\SDRW2100001872\SDRW2100001872.1.1.146.lab,40,D:\20_AUDIO\03_wav\individual\2021\SDRW2100001872\SDRW2100001872.1.1.146.wav,True,False,exclude_source_audio_unusable
2021,SDRW2100001872,SDRW2100001872.1.1.147,no_textgrid_after_mfa,D:\20_AUDIO\03_wav\individual\2021\SDRW2100001872\SDRW2100001872.1.1.147.lab,65,D:\20_AUDIO\03_wav\individual\2021\SDRW2100001872\SDRW2100001872.1.1.147.wav,True,False,exclude_source_audio_unusable
2021,SDRW2100001872,SDRW2100001872.1.1.148,no_textgrid_after_mfa,D:\20_AUDIO\03_wav\individual\2021\SDRW2100001872\SDRW2100001872.1.1.148.lab,88,D:\20_AUDIO\03_wav\individual\2021\SDRW2100001872\SDRW2100001872.1.1.148.wav,True,False,exclude_source_audio_unusable
2021,SDRW2100001872,SDRW2100001872.1.1.149,no_textgrid_after_mfa,D:\20_AUDIO\03_wav\individual\2021\SDRW2100001872\SDRW2100001872.1.1.149.lab,40,D:\20_AUDIO\03_wav\individual\2021\SDRW2100001872\SDRW2100001872.1.1.149.wav,True,False,exclude_source_audio_unusable
2021,SDRW2100001872,SDRW2100001872.1.1.15,no_textgrid_after_mfa,D:\20_AUDIO\03_wav\individual\2021\SDRW2100001872\SDRW2100001872.1.1.15.lab,54,D:\20_AUDIO\03_wav\individual\2021\SDRW2100001872\SDRW2100001872.1.1.15.wav,True,False,exclude_source_audio_unusable
2021,SDRW2100001872,SDRW2100001872.1.1.150,no_textgrid_after_mfa,D:\20_AUDIO\03_wav\individual\2021\SDRW2100001872\SDRW2100001872.1.1.150.lab,30,D:\20_AUDIO\03_wav\individual\2021\SDRW2100001872\SDRW2100001872.1.1.150.wav,True,False,exclude_source_audio_unusable
2021,SDRW2100001872,SDRW2100001872.1.1.151,no_textgrid_after_mfa,D:\20_AUDIO\03_wav\individual\2021\SDRW2100001872\SDRW2100001872.1.1.151.lab,52,D:\20_AUDIO\03_wav\individual\2021\SDRW2100001872\SDRW2100001872.1.1.151.wav,True,False,exclude_source_audio_unusable
2021,SDRW2100001872,SDRW2100001872.1.1.152,no_textgrid_after_mfa,D:\20_AUDIO\03_wav\individual\2021\SDRW2100001872\SDRW2100001872.1.1.152.lab,70,D:\20_AUDIO\03_wav\individual\2021\SDRW2100001872\SDRW2100001872.1.1.152.wav,True,False,exclude_source_audio_unusable
2021,SDRW2100001872,SDRW2100001872.1.1.153,no_textgrid_after_mfa,D:\20_AUDIO\03_wav\individual\2021\SDRW2100001872\SDRW2100001872.1.1.153.lab,67,D:\20_AUDIO\03_wav\individual\2021\SDRW2100001872\SDRW2100001872.1.1.153.wav,True,False,exclude_source_audio_unusable
2021,SDRW2100001872,SDRW2100001872.1.1.154,no_textgrid_after_mfa,D:\20_AUDIO\03_wav\individual\2021\SDRW2100001872\SDRW2100001872.1.1.154.lab,19,D:\20_AUDIO\03_wav\individual\2021\SDRW2100001872\SDRW2100001872.1.1.154.wav,True,False,exclude_source_audio_unusable
2021,SDRW2100001872,SDRW2100001872.1.1.155,no_textgrid_after_mfa,D:\20_AUDIO\03_wav\individual\2021\SDRW2100001872\SDRW2100001872.1.1.155.lab,54,D:\20_AUDIO\03_wav\individual\2021\SDRW2100001872\SDRW2100001872.1.1.155.wav,True,False,exclude_source_audio_unusable
2021,SDRW2100001872,SDRW2100001872.1.1.156,no_textgrid_after_mfa,D:\20_AUDIO\03_wav\individual\2021\SDRW2100001872\SDRW2100001872.1.1.156.lab,39,D:\20_AUDIO\03_wav\individual\2021\SDRW2100001872\SDRW2100001872.1.1.156.wav,True,False,exclude_source_audio_unusable
2021,SDRW2100001872,SDRW2100001872.1.1.157,no_textgrid_after_mfa,D:\20_AUDIO\03_wav\individual\2021\SDRW2100001872\SDRW2100001872.1.1.157.lab,59,D:\20_AUDIO\03_wav\individual\2021\SDRW2100001872\SDRW2100001872.1.1.157.wav,True,False,exclude_source_audio_unusable
2021,SDRW2100001872,SDRW2100001872.1.1.158,no_textgrid_after_mfa,D:\20_AUDIO\03_wav\individual\2021\SDRW2100001872\SDRW2100001872.1.1.158.lab,68,D:\20_AUDIO\03_wav\individual\2021\SDRW2100001872\SDRW2100001872.1.1.158.wav,True,False,exclude_source_audio_unusable
2021,SDRW2100001872,SDRW2100001872.1.1.159,no_textgrid_after_mfa,D:\20_AUDIO\03_wav\individual\2021\SDRW2100001872\SDRW2100001872.1.1.159.lab,74,D:\20_AUDIO\03_wav\individual\2021\SDRW2100001872\SDRW2100001872.1.1.159.wav,True,False,exclude_source_audio_unusable
2021,SDRW2100001872,SDRW2100001872.1.1.16,no_textgrid_after_mfa,D:\20_AUDIO\03_wav\individual\2021\SDRW2100001872\SDRW2100001872.1.1.16.lab,55,D:\20_AUDIO\03_wav\individual\2021\SDRW2100001872\SDRW2100001872.1.1.16.wav,True,False,exclude_source_audio_unusable
2021,SDRW2100001872,SDRW2100001872.1.1.160,no_textgrid_after_mfa,D:\20_AUDIO\03_wav\individual\2021\SDRW2100001872\SDRW2100001872.1.1.160.lab,40,D:\20_AUDIO\03_wav\individual\2021\SDRW2100001872\SDRW2100001872.1.1.160.wav,True,False,exclude_source_audio_unusable
2021,SDRW2100001872,SDRW2100001872.1.1.161,no_textgrid_after_mfa,D:\20_AUDIO\03_wav\individual\2021\SDRW2100001872\SDRW2100001872.1.1.161.lab,45,D:\20_AUDIO\03_wav\individual\2021\SDRW2100001872\SDRW2100001872.1.1.161.wav,True,False,exclude_source_audio_unusable
2021,SDRW2100001872,SDRW2100001872.1.1.162,no_textgrid_after_mfa,D:\20_AUDIO\03_wav\individual\2021\SDRW2100001872\SDRW2100001872.1.1.162.lab,81,D:\20_AUDIO\03_wav\individual\2021\SDRW2100001872\SDRW2100001872.1.1.162.wav,True,False,exclude_source_audio_unusable
2021,SDRW2100001872,SDRW2100001872.1.1.163,no_textgrid_after_mfa,D:\20_AUDIO\03_wav\individual\2021\SDRW2100001872\SDRW2100001872.1.1.163.lab,67,D:\20_AUDIO\03_wav\individual\2021\SDRW2100001872\SDRW2100001872.1.1.163.wav,True,False,exclude_source_audio_unusable
2021,SDRW2100001872,SDRW2100001872.1.1.164,no_textgrid_after_mfa,D:\20_AUDIO\03_wav\individual\2021\SDRW2100001872\SDRW2100001872.1.1.164.lab,61,D:\20_AUDIO\03_wav\individual\2021\SDRW2100001872\SDRW2100001872.1.1.164.wav,True,False,exclude_source_audio_unusable
2021,SDRW2100001872,SDRW2100001872.1.1.165,no_textgrid_after_mfa,D:\20_AUDIO\03_wav\individual\2021\SDRW2100001872\SDRW2100001872.1.1.165.lab,43,D:\20_AUDIO\03_wav\individual\2021\SDRW2100001872\SDRW2100001872.1.1.165.wav,True,False,exclude_source_audio_unusable
2021,SDRW2100001872,SDRW2100001872.1.1.166,no_textgrid_after_mfa,D:\20_AUDIO\03_wav\individual\2021\SDRW2100001872\SDRW2100001872.1.1.166.lab,84,D:\20_AUDIO\03_wav\individual\2021\SDRW2100001872\SDRW2100001872.1.1.166.wav,True,False,exclude_source_audio_unusable
2021,SDRW2100001872,SDRW2100001872.1.1.167,no_textgrid_after_mfa,D:\20_AUDIO\03_wav\individual\2021\SDRW2100001872\SDRW2100001872.1.1.167.lab,91,D:\20_AUDIO\03_wav\individual\2021\SDRW2100001872\SDRW2100001872.1.1.167.wav,True,False,exclude_source_audio_unusable
2021,SDRW2100001872,SDRW2100001872.1.1.168,no_textgrid_after_mfa,D:\20_AUDIO\03_wav\individual\2021\SDRW2100001872\SDRW2100001872.1.1.168.lab,75,D:\20_AUDIO\03_wav\individual\2021\SDRW2100001872\SDRW2100001872.1.1.168.wav,True,False,exclude_source_audio_unusable
2021,SDRW2100001872,SDRW2100001872.1.1.169,no_textgrid_after_mfa,D:\20_AUDIO\03_wav\individual\2021\SDRW2100001872\SDRW2100001872.1.1.169.lab,49,D:\20_AUDIO\03_wav\individual\2021\SDRW2100001872\SDRW2100001872.1.1.169.wav,True,False,exclude_source_audio_unusable
2021,SDRW2100001872,SDRW2100001872.1.1.17,no_textgrid_after_mfa,D:\20_AUDIO\03_wav\individual\2021\SDRW2100001872\SDRW2100001872.1.1.17.lab,65,D:\20_AUDIO\03_wav\individual\2021\SDRW2100001872\SDRW2100001872.1.1.17.wav,True,False,exclude_source_audio_unusable
2021,SDRW2100001872,SDRW2100001872.1.1.170,no_textgrid_after_mfa,D:\20_AUDIO\03_wav\individual\2021\SDRW2100001872\SDRW2100001872.1.1.170.lab,44,D:\20_AUDIO\03_wav\individual\2021\SDRW2100001872\SDRW2100001872.1.1.170.wav,True,False,exclude_source_audio_unusable
2021,SDRW2100001872,SDRW2100001872.1.1.171,no_textgrid_after_mfa,D:\20_AUDIO\03_wav\individual\2021\SDRW2100001872\SDRW2100001872.1.1.171.lab,64,D:\20_AUDIO\03_wav\individual\2021\SDRW2100001872\SDRW2100001872.1.1.171.wav,True,False,exclude_source_audio_unusable
2021,SDRW2100001872,SDRW2100001872.1.1.172,no_textgrid_after_mfa,D:\20_AUDIO\03_wav\individual\2021\SDRW2100001872\SDRW2100001872.1.1.172.lab,97,D:\20_AUDIO\03_wav\individual\2021\SDRW2100001872\SDRW2100001872.1.1.172.wav,True,False,exclude_source_audio_unusable
2021,SDRW2100001872,SDRW2100001872.1.1.173,no_textgrid_after_mfa,D:\20_AUDIO\03_wav\individual\2021\SDRW2100001872\SDRW2100001872.1.1.173.lab,33,D:\20_AUDIO\03_wav\individual\2021\SDRW2100001872\SDRW2100001872.1.1.173.wav,True,False,exclude_source_audio_unusable
2021,SDRW2100001872,SDRW2100001872.1.1.174,no_textgrid_after_mfa,D:\20_AUDIO\03_wav\individual\2021\SDRW2100001872\SDRW2100001872.1.1.174.lab,69,D:\20_AUDIO\03_wav\individual\2021\SDRW2100001872\SDRW2100001872.1.1.174.wav,True,False,exclude_source_audio_unusable
2021,SDRW2100001872,SDRW2100001872.1.1.175,no_textgrid_after_mfa,D:\20_AUDIO\03_wav\individual\2021\SDRW2100001872\SDRW2100001872.1.1.175.lab,80,D:\20_AUDIO\03_wav\individual\2021\SDRW2100001872\SDRW2100001872.1.1.175.wav,True,False,exclude_source_audio_unusable
2021,SDRW2100001872,SDRW2100001872.1.1.176,no_textgrid_after_mfa,D:\20_AUDIO\03_wav\individual\2021\SDRW2100001872\SDRW2100001872.1.1.176.lab,26,D:\20_AUDIO\03_wav\individual\2021\SDRW2100001872\SDRW2100001872.1.1.176.wav,True,False,exclude_source_audio_unusable
2021,SDRW2100001872,SDRW2100001872.1.1.177,no_textgrid_after_mfa,D:\20_AUDIO\03_wav\individual\2021\SDRW2100001872\SDRW2100001872.1.1.177.lab,63,D:\20_AUDIO\03_wav\individual\2021\SDRW2100001872\SDRW2100001872.1.1.177.wav,True,False,exclude_source_audio_unusable
2021,SDRW2100001872,SDRW2100001872.1.1.178,no_textgrid_after_mfa,D:\20_AUDIO\03_wav\individual\2021\SDRW2100001872\SDRW2100001872.1.1.178.lab,58,D:\20_AUDIO\03_wav\individual\2021\SDRW2100001872\SDRW2100001872.1.1.178.wav,True,False,exclude_source_audio_unusable
2021,SDRW2100001872,SDRW2100001872.1.1.179,no_textgrid_after_mfa,D:\20_AUDIO\03_wav\individual\2021\SDRW2100001872\SDRW2100001872.1.1.179.lab,17,D:\20_AUDIO\03_wav\individual\2021\SDRW2100001872\SDRW2100001872.1.1.179.wav,True,False,exclude_source_audio_unusable
2021,SDRW2100001872,SDRW2100001872.1.1.18,no_textgrid_after_mfa,D:\20_AUDIO\03_wav\individual\2021\SDRW2100001872\SDRW2100001872.1.1.18.lab,58,D:\20_AUDIO\03_wav\individual\2021\SDRW2100001872\SDRW2100001872.1.1.18.wav,True,False,exclude_source_audio_unusable
2021,SDRW2100001872,SDRW2100001872.1.1.180,no_textgrid_after_mfa,D:\20_AUDIO\03_wav\individual\2021\SDRW2100001872\SDRW2100001872.1.1.180.lab,86,D:\20_AUDIO\03_wav\individual\2021\SDRW2100001872\SDRW2100001872.1.1.180.wav,True,False,exclude_source_audio_unusable
2021,SDRW2100001872,SDRW2100001872.1.1.181,no_textgrid_after_mfa,D:\20_AUDIO\03_wav\individual\2021\SDRW2100001872\SDRW2100001872.1.1.181.lab,39,D:\20_AUDIO\03_wav\individual\2021\SDRW2100001872\SDRW2100001872.1.1.181.wav,True,False,exclude_source_audio_unusable
2021,SDRW2100001872,SDRW2100001872.1.1.182,no_textgrid_after_mfa,D:\20_AUDIO\03_wav\individual\2021\SDRW2100001872\SDRW2100001872.1.1.182.lab,73,D:\20_AUDIO\03_wav\individual\2021\SDRW2100001872\SDRW2100001872.1.1.182.wav,True,False,exclude_source_audio_unusable
2021,SDRW2100001872,SDRW2100001872.1.1.183,no_textgrid_after_mfa,D:\20_AUDIO\03_wav\individual\2021\SDRW2100001872\SDRW2100001872.1.1.183.lab,78,D:\20_AUDIO\03_wav\individual\2021\SDRW2100001872\SDRW2100001872.1.1.183.wav,True,False,exclude_source_audio_unusable
2021,SDRW2100001872,SDRW2100001872.1.1.184,no_textgrid_after_mfa,D:\20_AUDIO\03_wav\individual\2021\SDRW2100001872\SDRW2100001872.1.1.184.lab,89,D:\20_AUDIO\03_wav\individual\2021\SDRW2100001872\SDRW2100001872.1.1.184.wav,True,False,exclude_source_audio_unusable
2021,SDRW2100001872,SDRW2100001872.1.1.185,no_textgrid_after_mfa,D:\20_AUDIO\03_wav\individual\2021\SDRW2100001872\SDRW2100001872.1.1.185.lab,61,D:\20_AUDIO\03_wav\individual\2021\SDRW2100001872\SDRW2100001872.1.1.185.wav,True,False,exclude_source_audio_unusable
2021,SDRW2100001872,SDRW2100001872.1.1.186,no_textgrid_after_mfa,D:\20_AUDIO\03_wav\individual\2021\SDRW2100001872\SDRW2100001872.1.1.186.lab,56,D:\20_AUDIO\03_wav\individual\2021\SDRW2100001872\SDRW2100001872.1.1.186.wav,True,False,exclude_source_audio_unusable
2021,SDRW2100001872,SDRW2100001872.1.1.187,no_textgrid_after_mfa,D:\20_AUDIO\03_wav\individual\2021\SDRW2100001872\SDRW2100001872.1.1.187.lab,25,D:\20_AUDIO\03_wav\individual\2021\SDRW2100001872\SDRW2100001872.1.1.187.wav,True,False,exclude_source_audio_unusable
2021,SDRW2100001872,SDRW2100001872.1.1.188,no_textgrid_after_mfa,D:\20_AUDIO\03_wav\individual\2021\SDRW2100001872\SDRW2100001872.1.1.188.lab,99,D:\20_AUDIO\03_wav\individual\2021\SDRW2100001872\SDRW2100001872.1.1.188.wav,True,False,exclude_source_audio_unusable
2021,SDRW2100001872,SDRW2100001872.1.1.189,no_textgrid_after_mfa,D:\20_AUDIO\03_wav\individual\2021\SDRW2100001872\SDRW2100001872.1.1.189.lab,90,D:\20_AUDIO\03_wav\individual\2021\SDRW2100001872\SDRW2100001872.1.1.189.wav,True,False,exclude_source_audio_unusable
2021,SDRW2100001872,SDRW2100001872.1.1.19,no_textgrid_after_mfa,D:\20_AUDIO\03_wav\individual\2021\SDRW2100001872\SDRW2100001872.1.1.19.lab,78,D:\20_AUDIO\03_wav\individual\2021\SDRW2100001872\SDRW2100001872.1.1.19.wav,True,False,exclude_source_audio_unusable
2021,SDRW2100001872,SDRW2100001872.1.1.190,no_textgrid_after_mfa,D:\20_AUDIO\03_wav\individual\2021\SDRW2100001872\SDRW2100001872.1.1.190.lab,58,D:\20_AUDIO\03_wav\individual\2021\SDRW2100001872\SDRW2100001872.1.1.190.wav,True,False,exclude_source_audio_unusable
2021,SDRW2100001872,SDRW2100001872.1.1.191,no_textgrid_after_mfa,D:\20_AUDIO\03_wav\individual\2021\SDRW2100001872\SDRW2100001872.1.1.191.lab,38,D:\20_AUDIO\03_wav\individual\2021\SDRW2100001872\SDRW2100001872.1.1.191.wav,True,False,exclude_source_audio_unusable
2021,SDRW2100001872,SDRW2100001872.1.1.192,no_textgrid_after_mfa,D:\20_AUDIO\03_wav\individual\2021\SDRW2100001872\SDRW2100001872.1.1.192.lab,43,D:\20_AUDIO\03_wav\individual\2021\SDRW2100001872\SDRW2100001872.1.1.192.wav,True,False,exclude_source_audio_unusable
2021,SDRW2100001872,SDRW2100001872.1.1.193,no_textgrid_after_mfa,D:\20_AUDIO\03_wav\individual\2021\SDRW2100001872\SDRW2100001872.1.1.193.lab,113,D:\20_AUDIO\03_wav\individual\2021\SDRW2100001872\SDRW2100001872.1.1.193.wav,True,False,exclude_source_audio_unusable
2021,SDRW2100001872,SDRW2100001872.1.1.194,no_textgrid_after_mfa,D:\20_AUDIO\03_wav\individual\2021\SDRW2100001872\SDRW2100001872.1.1.194.lab,23,D:\20_AUDIO\03_wav\individual\2021\SDRW2100001872\SDRW2100001872.1.1.194.wav,True,False,exclude_source_audio_unusable
2021,SDRW2100001872,SDRW2100001872.1.1.195,no_textgrid_after_mfa,D:\20_AUDIO\03_wav\individual\2021\SDRW2100001872\SDRW2100001872.1.1.195.lab,69,D:\20_AUDIO\03_wav\individual\2021\SDRW2100001872\SDRW2100001872.1.1.195.wav,True,False,exclude_source_audio_unusable
2021,SDRW2100001872,SDRW2100001872.1.1.196,no_textgrid_after_mfa,D:\20_AUDIO\03_wav\individual\2021\SDRW2100001872\SDRW2100001872.1.1.196.lab,43,D:\20_AUDIO\03_wav\individual\2021\SDRW2100001872\SDRW2100001872.1.1.196.wav,True,False,exclude_source_audio_unusable
2021,SDRW2100001872,SDRW2100001872.1.1.197,no_textgrid_after_mfa,D:\20_AUDIO\03_wav\individual\2021\SDRW2100001872\SDRW2100001872.1.1.197.lab,101,D:\20_AUDIO\03_wav\individual\2021\SDRW2100001872\SDRW2100001872.1.1.197.wav,True,False,exclude_source_audio_unusable
2021,SDRW2100001872,SDRW2100001872.1.1.198,no_textgrid_after_mfa,D:\20_AUDIO\03_wav\individual\2021\SDRW2100001872\SDRW2100001872.1.1.198.lab,48,D:\20_AUDIO\03_wav\individual\2021\SDRW2100001872\SDRW2100001872.1.1.198.wav,True,False,exclude_source_audio_unusable
2021,SDRW2100001872,SDRW2100001872.1.1.199,no_textgrid_after_mfa,D:\20_AUDIO\03_wav\individual\2021\SDRW2100001872\SDRW2100001872.1.1.199.lab,54,D:\20_AUDIO\03_wav\individual\2021\SDRW2100001872\SDRW2100001872.1.1.199.wav,True,False,exclude_source_audio_unusable
2021,SDRW2100001872,SDRW2100001872.1.1.2,no_textgrid_after_mfa,D:\20_AUDIO\03_wav\individual\2021\SDRW2100001872\SDRW2100001872.1.1.2.lab,51,D:\20_AUDIO\03_wav\individual\2021\SDRW2100001872\SDRW2100001872.1.1.2.wav,True,False,exclude_source_audio_unusable
2021,SDRW2100001872,SDRW2100001872.1.1.20,no_textgrid_after_mfa,D:\20_AUDIO\03_wav\individual\2021\SDRW2100001872\SDRW2100001872.1.1.20.lab,60,D:\20_AUDIO\03_wav\individual\2021\SDRW2100001872\SDRW2100001872.1.1.20.wav,True,False,exclude_source_audio_unusable
2021,SDRW2100001872,SDRW2100001872.1.1.200,no_textgrid_after_mfa,D:\20_AUDIO\03_wav\individual\2021\SDRW2100001872\SDRW2100001872.1.1.200.lab,50,D:\20_AUDIO\03_wav\individual\2021\SDRW2100001872\SDRW2100001872.1.1.200.wav,True,False,exclude_source_audio_unusable
2021,SDRW2100001872,SDRW2100001872.1.1.201,no_textgrid_after_mfa,D:\20_AUDIO\03_wav\individual\2021\SDRW2100001872\SDRW2100001872.1.1.201.lab,42,D:\20_AUDIO\03_wav\individual\2021\SDRW2100001872\SDRW2100001872.1.1.201.wav,True,False,exclude_source_audio_unusable
2021,SDRW2100001872,SDRW2100001872.1.1.202,no_textgrid_after_mfa,D:\20_AUDIO\03_wav\individual\2021\SDRW2100001872\SDRW2100001872.1.1.202.lab,64,D:\20_AUDIO\03_wav\individual\2021\SDRW2100001872\SDRW2100001872.1.1.202.wav,True,False,exclude_source_audio_unusable
2021,SDRW2100001872,SDRW2100001872.1.1.203,no_textgrid_after_mfa,D:\20_AUDIO\03_wav\individual\2021\SDRW2100001872\SDRW2100001872.1.1.203.lab,42,D:\20_AUDIO\03_wav\individual\2021\SDRW2100001872\SDRW2100001872.1.1.203.wav,True,False,exclude_source_audio_unusable
2021,SDRW2100001872,SDRW2100001872.1.1.204,no_textgrid_after_mfa,D:\20_AUDIO\03_wav\individual\2021\SDRW2100001872\SDRW2100001872.1.1.204.lab,59,D:\20_AUDIO\03_wav\individual\2021\SDRW2100001872\SDRW2100001872.1.1.204.wav,True,False,exclude_source_audio_unusable
2021,SDRW2100001872,SDRW2100001872.1.1.205,no_textgrid_after_mfa,D:\20_AUDIO\03_wav\individual\2021\SDRW2100001872\SDRW2100001872.1.1.205.lab,100,D:\20_AUDIO\03_wav\individual\2021\SDRW2100001872\SDRW2100001872.1.1.205.wav,True,False,exclude_source_audio_unusable
2021,SDRW2100001872,SDRW2100001872.1.1.206,no_textgrid_after_mfa,D:\20_AUDIO\03_wav\individual\2021\SDRW2100001872\SDRW2100001872.1.1.206.lab,74,D:\20_AUDIO\03_wav\individual\2021\SDRW2100001872\SDRW2100001872.1.1.206.wav,True,False,exclude_source_audio_unusable
2021,SDRW2100001872,SDRW2100001872.1.1.207,no_textgrid_after_mfa,D:\20_AUDIO\03_wav\individual\2021\SDRW2100001872\SDRW2100001872.1.1.207.lab,50,D:\20_AUDIO\03_wav\individual\2021\SDRW2100001872\SDRW2100001872.1.1.207.wav,True,False,exclude_source_audio_unusable
2021,SDRW2100001872,SDRW2100001872.1.1.208,no_textgrid_after_mfa,D:\20_AUDIO\03_wav\individual\2021\SDRW2100001872\SDRW2100001872.1.1.208.lab,47,D:\20_AUDIO\03_wav\individual\2021\SDRW2100001872\SDRW2100001872.1.1.208.wav,True,False,exclude_source_audio_unusable
2021,SDRW2100001872,SDRW2100001872.1.1.209,no_textgrid_after_mfa,D:\20_AUDIO\03_wav\individual\2021\SDRW2100001872\SDRW2100001872.1.1.209.lab,47,D:\20_AUDIO\03_wav\individual\2021\SDRW2100001872\SDRW2100001872.1.1.209.wav,True,False,exclude_source_audio_unusable
2021,SDRW2100001872,SDRW2100001872.1.1.21,no_textgrid_after_mfa,D:\20_AUDIO\03_wav\individual\2021\SDRW2100001872\SDRW2100001872.1.1.21.lab,60,D:\20_AUDIO\03_wav\individual\2021\SDRW2100001872\SDRW2100001872.1.1.21.wav,True,False,exclude_source_audio_unusable
2021,SDRW2100001872,SDRW2100001872.1.1.210,no_textgrid_after_mfa,D:\20_AUDIO\03_wav\individual\2021\SDRW2100001872\SDRW2100001872.1.1.210.lab,84,D:\20_AUDIO\03_wav\individual\2021\SDRW2100001872\SDRW2100001872.1.1.210.wav,True,False,exclude_source_audio_unusable
2021,SDRW2100001872,SDRW2100001872.1.1.211,no_textgrid_after_mfa,D:\20_AUDIO\03_wav\individual\2021\SDRW2100001872\SDRW2100001872.1.1.211.lab,63,D:\20_AUDIO\03_wav\individual\2021\SDRW2100001872\SDRW2100001872.1.1.211.wav,True,False,exclude_source_audio_unusable
2021,SDRW2100001872,SDRW2100001872.1.1.212,no_textgrid_after_mfa,D:\20_AUDIO\03_wav\individual\2021\SDRW2100001872\SDRW2100001872.1.1.212.lab,88,D:\20_AUDIO\03_wav\individual\2021\SDRW2100001872\SDRW2100001872.1.1.212.wav,True,False,exclude_source_audio_unusable
2021,SDRW2100001872,SDRW2100001872.1.1.213,no_textgrid_after_mfa,D:\20_AUDIO\03_wav\individual\2021\SDRW2100001872\SDRW2100001872.1.1.213.lab,102,D:\20_AUDIO\03_wav\individual\2021\SDRW2100001872\SDRW2100001872.1.1.213.wav,True,False,exclude_source_audio_unusable
2021,SDRW2100001872,SDRW2100001872.1.1.214,no_textgrid_after_mfa,D:\20_AUDIO\03_wav\individual\2021\SDRW2100001872\SDRW2100001872.1.1.214.lab,80,D:\20_AUDIO\03_wav\individual\2021\SDRW2100001872\SDRW2100001872.1.1.214.wav,True,False,exclude_source_audio_unusable
2021,SDRW2100001872,SDRW2100001872.1.1.215,no_textgrid_after_mfa,D:\20_AUDIO\03_wav\individual\2021\SDRW2100001872\SDRW2100001872.1.1.215.lab,90,D:\20_AUDIO\03_wav\individual\2021\SDRW2100001872\SDRW2100001872.1.1.215.wav,True,False,exclude_source_audio_unusable
2021,SDRW2100001872,SDRW2100001872.1.1.216,no_textgrid_after_mfa,D:\20_AUDIO\03_wav\individual\2021\SDRW2100001872\SDRW2100001872.1.1.216.lab,29,D:\20_AUDIO\03_wav\individual\2021\SDRW2100001872\SDRW2100001872.1.1.216.wav,True,False,exclude_source_audio_unusable
2021,SDRW2100001872,SDRW2100001872.1.1.217,no_textgrid_after_mfa,D:\20_AUDIO\03_wav\individual\2021\SDRW2100001872\SDRW2100001872.1.1.217.lab,76,D:\20_AUDIO\03_wav\individual\2021\SDRW2100001872\SDRW2100001872.1.1.217.wav,True,False,exclude_source_audio_unusable
2021,SDRW2100001872,SDRW2100001872.1.1.218,no_textgrid_after_mfa,D:\20_AUDIO\03_wav\individual\2021\SDRW2100001872\SDRW2100001872.1.1.218.lab,27,D:\20_AUDIO\03_wav\individual\2021\SDRW2100001872\SDRW2100001872.1.1.218.wav,True,False,exclude_source_audio_unusable
2021,SDRW2100001872,SDRW2100001872.1.1.219,no_textgrid_after_mfa,D:\20_AUDIO\03_wav\individual\2021\SDRW2100001872\SDRW2100001872.1.1.219.lab,101,D:\20_AUDIO\03_wav\individual\2021\SDRW2100001872\SDRW2100001872.1.1.219.wav,True,False,exclude_source_audio_unusable
2021,SDRW2100001872,SDRW2100001872.1.1.22,no_textgrid_after_mfa,D:\20_AUDIO\03_wav\individual\2021\SDRW2100001872\SDRW2100001872.1.1.22.lab,37,D:\20_AUDIO\03_wav\individual\2021\SDRW2100001872\SDRW2100001872.1.1.22.wav,True,False,exclude_source_audio_unusable
2021,SDRW2100001872,SDRW2100001872.1.1.220,no_textgrid_after_mfa,D:\20_AUDIO\03_wav\individual\2021\SDRW2100001872\SDRW2100001872.1.1.220.lab,63,D:\20_AUDIO\03_wav\individual\2021\SDRW2100001872\SDRW2100001872.1.1.220.wav,True,False,exclude_source_audio_unusable
2021,SDRW2100001872,SDRW2100001872.1.1.221,no_textgrid_after_mfa,D:\20_AUDIO\03_wav\individual\2021\SDRW2100001872\SDRW2100001872.1.1.221.lab,68,D:\20_AUDIO\03_wav\individual\2021\SDRW2100001872\SDRW2100001872.1.1.221.wav,True,False,exclude_source_audio_unusable
2021,SDRW2100001872,SDRW2100001872.1.1.222,no_textgrid_after_mfa,D:\20_AUDIO\03_wav\individual\2021\SDRW2100001872\SDRW2100001872.1.1.222.lab,44,D:\20_AUDIO\03_wav\individual\2021\SDRW2100001872\SDRW2100001872.1.1.222.wav,True,False,exclude_source_audio_unusable
2021,SDRW2100001872,SDRW2100001872.1.1.223,no_textgrid_after_mfa,D:\20_AUDIO\03_wav\individual\2021\SDRW2100001872\SDRW2100001872.1.1.223.lab,26,D:\20_AUDIO\03_wav\individual\2021\SDRW2100001872\SDRW2100001872.1.1.223.wav,True,False,exclude_source_audio_unusable
2021,SDRW2100001872,SDRW2100001872.1.1.224,no_textgrid_after_mfa,D:\20_AUDIO\03_wav\individual\2021\SDRW2100001872\SDRW2100001872.1.1.224.lab,34,D:\20_AUDIO\03_wav\individual\2021\SDRW2100001872\SDRW2100001872.1.1.224.wav,True,False,exclude_source_audio_unusable
2021,SDRW2100001872,SDRW2100001872.1.1.225,no_textgrid_after_mfa,D:\20_AUDIO\03_wav\individual\2021\SDRW2100001872\SDRW2100001872.1.1.225.lab,57,D:\20_AUDIO\03_wav\individual\2021\SDRW2100001872\SDRW2100001872.1.1.225.wav,True,False,exclude_source_audio_unusable
2021,SDRW2100001872,SDRW2100001872.1.1.226,no_textgrid_after_mfa,D:\20_AUDIO\03_wav\individual\2021\SDRW2100001872\SDRW2100001872.1.1.226.lab,68,D:\20_AUDIO\03_wav\individual\2021\SDRW2100001872\SDRW2100001872.1.1.226.wav,True,False,exclude_source_audio_unusable
2021,SDRW2100001872,SDRW2100001872.1.1.227,no_textgrid_after_mfa,D:\20_AUDIO\03_wav\individual\2021\SDRW2100001872\SDRW2100001872.1.1.227.lab,36,D:\20_AUDIO\03_wav\individual\2021\SDRW2100001872\SDRW2100001872.1.1.227.wav,True,False,exclude_source_audio_unusable
2021,SDRW2100001872,SDRW2100001872.1.1.228,no_textgrid_after_mfa,D:\20_AUDIO\03_wav\individual\2021\SDRW2100001872\SDRW2100001872.1.1.228.lab,47,D:\20_AUDIO\03_wav\individual\2021\SDRW2100001872\SDRW2100001872.1.1.228.wav,True,False,exclude_source_audio_unusable
2021,SDRW2100001872,SDRW2100001872.1.1.229,no_textgrid_after_mfa,D:\20_AUDIO\03_wav\individual\2021\SDRW2100001872\SDRW2100001872.1.1.229.lab,29,D:\20_AUDIO\03_wav\individual\2021\SDRW2100001872\SDRW2100001872.1.1.229.wav,True,False,exclude_source_audio_unusable
2021,SDRW2100001872,SDRW2100001872.1.1.23,no_textgrid_after_mfa,D:\20_AUDIO\03_wav\individual\2021\SDRW2100001872\SDRW2100001872.1.1.23.lab,41,D:\20_AUDIO\03_wav\individual\2021\SDRW2100001872\SDRW2100001872.1.1.23.wav,True,False,exclude_source_audio_unusable
2021,SDRW2100001872,SDRW2100001872.1.1.230,no_textgrid_after_mfa,D:\20_AUDIO\03_wav\individual\2021\SDRW2100001872\SDRW2100001872.1.1.230.lab,76,D:\20_AUDIO\03_wav\individual\2021\SDRW2100001872\SDRW2100001872.1.1.230.wav,True,False,exclude_source_audio_unusable
2021,SDRW2100001872,SDRW2100001872.1.1.231,no_textgrid_after_mfa,D:\20_AUDIO\03_wav\individual\2021\SDRW2100001872\SDRW2100001872.1.1.231.lab,79,D:\20_AUDIO\03_wav\individual\2021\SDRW2100001872\SDRW2100001872.1.1.231.wav,True,False,exclude_source_audio_unusable
2021,SDRW2100001872,SDRW2100001872.1.1.232,no_textgrid_after_mfa,D:\20_AUDIO\03_wav\individual\2021\SDRW2100001872\SDRW2100001872.1.1.232.lab,53,D:\20_AUDIO\03_wav\individual\2021\SDRW2100001872\SDRW2100001872.1.1.232.wav,True,False,exclude_source_audio_unusable
2021,SDRW2100001872,SDRW2100001872.1.1.233,no_textgrid_after_mfa,D:\20_AUDIO\03_wav\individual\2021\SDRW2100001872\SDRW2100001872.1.1.233.lab,86,D:\20_AUDIO\03_wav\individual\2021\SDRW2100001872\SDRW2100001872.1.1.233.wav,True,False,exclude_source_audio_unusable
2021,SDRW2100001872,SDRW2100001872.1.1.234,no_textgrid_after_mfa,D:\20_AUDIO\03_wav\individual\2021\SDRW2100001872\SDRW2100001872.1.1.234.lab,40,D:\20_AUDIO\03_wav\individual\2021\SDRW2100001872\SDRW2100001872.1.1.234.wav,True,False,exclude_source_audio_unusable
2021,SDRW2100001872,SDRW2100001872.1.1.235,no_textgrid_after_mfa,D:\20_AUDIO\03_wav\individual\2021\SDRW2100001872\SDRW2100001872.1.1.235.lab,73,D:\20_AUDIO\03_wav\individual\2021\SDRW2100001872\SDRW2100001872.1.1.235.wav,True,False,exclude_source_audio_unusable
2021,SDRW2100001872,SDRW2100001872.1.1.236,no_textgrid_after_mfa,D:\20_AUDIO\03_wav\individual\2021\SDRW2100001872\SDRW2100001872.1.1.236.lab,68,D:\20_AUDIO\03_wav\individual\2021\SDRW2100001872\SDRW2100001872.1.1.236.wav,True,False,exclude_source_audio_unusable
2021,SDRW2100001872,SDRW2100001872.1.1.237,no_textgrid_after_mfa,D:\20_AUDIO\03_wav\individual\2021\SDRW2100001872\SDRW2100001872.1.1.237.lab,55,D:\20_AUDIO\03_wav\individual\2021\SDRW2100001872\SDRW2100001872.1.1.237.wav,True,False,exclude_source_audio_unusable
2021,SDRW2100001872,SDRW2100001872.1.1.238,no_textgrid_after_mfa,D:\20_AUDIO\03_wav\individual\2021\SDRW2100001872\SDRW2100001872.1.1.238.lab,37,D:\20_AUDIO\03_wav\individual\2021\SDRW2100001872\SDRW2100001872.1.1.238.wav,True,False,exclude_source_audio_unusable
2021,SDRW2100001872,SDRW2100001872.1.1.239,no_textgrid_after_mfa,D:\20_AUDIO\03_wav\individual\2021\SDRW2100001872\SDRW2100001872.1.1.239.lab,70,D:\20_AUDIO\03_wav\individual\2021\SDRW2100001872\SDRW2100001872.1.1.239.wav,True,False,exclude_source_audio_unusable
2021,SDRW2100001872,SDRW2100001872.1.1.24,no_textgrid_after_mfa,D:\20_AUDIO\03_wav\individual\2021\SDRW2100001872\SDRW2100001872.1.1.24.lab,36,D:\20_AUDIO\03_wav\individual\2021\SDRW2100001872\SDRW2100001872.1.1.24.wav,True,False,exclude_source_audio_unusable
2021,SDRW2100001872,SDRW2100001872.1.1.240,no_textgrid_after_mfa,D:\20_AUDIO\03_wav\individual\2021\SDRW2100001872\SDRW2100001872.1.1.240.lab,97,D:\20_AUDIO\03_wav\individual\2021\SDRW2100001872\SDRW2100001872.1.1.240.wav,True,False,exclude_source_audio_unusable
2021,SDRW2100001872,SDRW2100001872.1.1.241,no_textgrid_after_mfa,D:\20_AUDIO\03_wav\individual\2021\SDRW2100001872\SDRW2100001872.1.1.241.lab,36,D:\20_AUDIO\03_wav\individual\2021\SDRW2100001872\SDRW2100001872.1.1.241.wav,True,False,exclude_source_audio_unusable
2021,SDRW2100001872,SDRW2100001872.1.1.242,no_textgrid_after_mfa,D:\20_AUDIO\03_wav\individual\2021\SDRW2100001872\SDRW2100001872.1.1.242.lab,39,D:\20_AUDIO\03_wav\individual\2021\SDRW2100001872\SDRW2100001872.1.1.242.wav,True,False,exclude_source_audio_unusable
2021,SDRW2100001872,SDRW2100001872.1.1.243,no_textgrid_after_mfa,D:\20_AUDIO\03_wav\individual\2021\SDRW2100001872\SDRW2100001872.1.1.243.lab,112,D:\20_AUDIO\03_wav\individual\2021\SDRW2100001872\SDRW2100001872.1.1.243.wav,True,False,exclude_source_audio_unusable
2021,SDRW2100001872,SDRW2100001872.1.1.244,no_textgrid_after_mfa,D:\20_AUDIO\03_wav\individual\2021\SDRW2100001872\SDRW2100001872.1.1.244.lab,9,D:\20_AUDIO\03_wav\individual\2021\SDRW2100001872\SDRW2100001872.1.1.244.wav,True,False,exclude_source_audio_unusable
2021,SDRW2100001872,SDRW2100001872.1.1.245,no_textgrid_after_mfa,D:\20_AUDIO\03_wav\individual\2021\SDRW2100001872\SDRW2100001872.1.1.245.lab,53,D:\20_AUDIO\03_wav\individual\2021\SDRW2100001872\SDRW2100001872.1.1.245.wav,True,False,exclude_source_audio_unusable
2021,SDRW2100001872,SDRW2100001872.1.1.246,no_textgrid_after_mfa,D:\20_AUDIO\03_wav\individual\2021\SDRW2100001872\SDRW2100001872.1.1.246.lab,76,D:\20_AUDIO\03_wav\individual\2021\SDRW2100001872\SDRW2100001872.1.1.246.wav,True,False,exclude_source_audio_unusable
2021,SDRW2100001872,SDRW2100001872.1.1.247,no_textgrid_after_mfa,D:\20_AUDIO\03_wav\individual\2021\SDRW2100001872\SDRW2100001872.1.1.247.lab,33,D:\20_AUDIO\03_wav\individual\2021\SDRW2100001872\SDRW2100001872.1.1.247.wav,True,False,exclude_source_audio_unusable
2021,SDRW2100001872,SDRW2100001872.1.1.248,no_textgrid_after_mfa,D:\20_AUDIO\03_wav\individual\2021\SDRW2100001872\SDRW2100001872.1.1.248.lab,105,D:\20_AUDIO\03_wav\individual\2021\SDRW2100001872\SDRW2100001872.1.1.248.wav,True,False,exclude_source_audio_unusable
2021,SDRW2100001872,SDRW2100001872.1.1.249,no_textgrid_after_mfa,D:\20_AUDIO\03_wav\individual\2021\SDRW2100001872\SDRW2100001872.1.1.249.lab,79,D:\20_AUDIO\03_wav\individual\2021\SDRW2100001872\SDRW2100001872.1.1.249.wav,True,False,exclude_source_audio_unusable
2021,SDRW2100001872,SDRW2100001872.1.1.25,no_textgrid_after_mfa,D:\20_AUDIO\03_wav\individual\2021\SDRW2100001872\SDRW2100001872.1.1.25.lab,28,D:\20_AUDIO\03_wav\individual\2021\SDRW2100001872\SDRW2100001872.1.1.25.wav,True,False,exclude_source_audio_unusable
2021,SDRW2100001872,SDRW2100001872.1.1.250,no_textgrid_after_mfa,D:\20_AUDIO\03_wav\individual\2021\SDRW2100001872\SDRW2100001872.1.1.250.lab,72,D:\20_AUDIO\03_wav\individual\2021\SDRW2100001872\SDRW2100001872.1.1.250.wav,True,False,exclude_source_audio_unusable
2021,SDRW2100001872,SDRW2100001872.1.1.251,no_textgrid_after_mfa,D:\20_AUDIO\03_wav\individual\2021\SDRW2100001872\SDRW2100001872.1.1.251.lab,40,D:\20_AUDIO\03_wav\individual\2021\SDRW2100001872\SDRW2100001872.1.1.251.wav,True,False,exclude_source_audio_unusable
2021,SDRW2100001872,SDRW2100001872.1.1.26,no_textgrid_after_mfa,D:\20_AUDIO\03_wav\individual\2021\SDRW2100001872\SDRW2100001872.1.1.26.lab,52,D:\20_AUDIO\03_wav\individual\2021\SDRW2100001872\SDRW2100001872.1.1.26.wav,True,False,exclude_source_audio_unusable
2021,SDRW2100001872,SDRW2100001872.1.1.27,no_textgrid_after_mfa,D:\20_AUDIO\03_wav\individual\2021\SDRW2100001872\SDRW2100001872.1.1.27.lab,89,D:\20_AUDIO\03_wav\individual\2021\SDRW2100001872\SDRW2100001872.1.1.27.wav,True,False,exclude_source_audio_unusable
2021,SDRW2100001872,SDRW2100001872.1.1.28,no_textgrid_after_mfa,D:\20_AUDIO\03_wav\individual\2021\SDRW2100001872\SDRW2100001872.1.1.28.lab,67,D:\20_AUDIO\03_wav\individual\2021\SDRW2100001872\SDRW2100001872.1.1.28.wav,True,False,exclude_source_audio_unusable
2021,SDRW2100001872,SDRW2100001872.1.1.29,no_textgrid_after_mfa,D:\20_AUDIO\03_wav\individual\2021\SDRW2100001872\SDRW2100001872.1.1.29.lab,59,D:\20_AUDIO\03_wav\individual\2021\SDRW2100001872\SDRW2100001872.1.1.29.wav,True,False,exclude_source_audio_unusable
2021,SDRW2100001872,SDRW2100001872.1.1.3,no_textgrid_after_mfa,D:\20_AUDIO\03_wav\individual\2021\SDRW2100001872\SDRW2100001872.1.1.3.lab,55,D:\20_AUDIO\03_wav\individual\2021\SDRW2100001872\SDRW2100001872.1.1.3.wav,True,False,exclude_source_audio_unusable
2021,SDRW2100001872,SDRW2100001872.1.1.30,no_textgrid_after_mfa,D:\20_AUDIO\03_wav\individual\2021\SDRW2100001872\SDRW2100001872.1.1.30.lab,47,D:\20_AUDIO\03_wav\individual\2021\SDRW2100001872\SDRW2100001872.1.1.30.wav,True,False,exclude_source_audio_unusable
2021,SDRW2100001872,SDRW2100001872.1.1.31,no_textgrid_after_mfa,D:\20_AUDIO\03_wav\individual\2021\SDRW2100001872\SDRW2100001872.1.1.31.lab,40,D:\20_AUDIO\03_wav\individual\2021\SDRW2100001872\SDRW2100001872.1.1.31.wav,True,False,exclude_source_audio_unusable
2021,SDRW2100001872,SDRW2100001872.1.1.32,no_textgrid_after_mfa,D:\20_AUDIO\03_wav\individual\2021\SDRW2100001872\SDRW2100001872.1.1.32.lab,95,D:\20_AUDIO\03_wav\individual\2021\SDRW2100001872\SDRW2100001872.1.1.32.wav,True,False,exclude_source_audio_unusable
2021,SDRW2100001872,SDRW2100001872.1.1.33,no_textgrid_after_mfa,D:\20_AUDIO\03_wav\individual\2021\SDRW2100001872\SDRW2100001872.1.1.33.lab,41,D:\20_AUDIO\03_wav\individual\2021\SDRW2100001872\SDRW2100001872.1.1.33.wav,True,False,exclude_source_audio_unusable
2021,SDRW2100001872,SDRW2100001872.1.1.34,no_textgrid_after_mfa,D:\20_AUDIO\03_wav\individual\2021\SDRW2100001872\SDRW2100001872.1.1.34.lab,38,D:\20_AUDIO\03_wav\individual\2021\SDRW2100001872\SDRW2100001872.1.1.34.wav,True,False,exclude_source_audio_unusable
2021,SDRW2100001872,SDRW2100001872.1.1.35,no_textgrid_after_mfa,D:\20_AUDIO\03_wav\individual\2021\SDRW2100001872\SDRW2100001872.1.1.35.lab,64,D:\20_AUDIO\03_wav\individual\2021\SDRW2100001872\SDRW2100001872.1.1.35.wav,True,False,exclude_source_audio_unusable
2021,SDRW2100001872,SDRW2100001872.1.1.36,no_textgrid_after_mfa,D:\20_AUDIO\03_wav\individual\2021\SDRW2100001872\SDRW2100001872.1.1.36.lab,97,D:\20_AUDIO\03_wav\individual\2021\SDRW2100001872\SDRW2100001872.1.1.36.wav,True,False,exclude_source_audio_unusable
2021,SDRW2100001872,SDRW2100001872.1.1.37,no_textgrid_after_mfa,D:\20_AUDIO\03_wav\individual\2021\SDRW2100001872\SDRW2100001872.1.1.37.lab,16,D:\20_AUDIO\03_wav\individual\2021\SDRW2100001872\SDRW2100001872.1.1.37.wav,True,False,exclude_source_audio_unusable
2021,SDRW2100001872,SDRW2100001872.1.1.38,no_textgrid_after_mfa,D:\20_AUDIO\03_wav\individual\2021\SDRW2100001872\SDRW2100001872.1.1.38.lab,92,D:\20_AUDIO\03_wav\individual\2021\SDRW2100001872\SDRW2100001872.1.1.38.wav,True,False,exclude_source_audio_unusable
2021,SDRW2100001872,SDRW2100001872.1.1.39,no_textgrid_after_mfa,D:\20_AUDIO\03_wav\individual\2021\SDRW2100001872\SDRW2100001872.1.1.39.lab,46,D:\20_AUDIO\03_wav\individual\2021\SDRW2100001872\SDRW2100001872.1.1.39.wav,True,False,exclude_source_audio_unusable
2021,SDRW2100001872,SDRW2100001872.1.1.4,no_textgrid_after_mfa,D:\20_AUDIO\03_wav\individual\2021\SDRW2100001872\SDRW2100001872.1.1.4.lab,54,D:\20_AUDIO\03_wav\individual\2021\SDRW2100001872\SDRW2100001872.1.1.4.wav,True,False,exclude_source_audio_unusable
2021,SDRW2100001872,SDRW2100001872.1.1.40,no_textgrid_after_mfa,D:\20_AUDIO\03_wav\individual\2021\SDRW2100001872\SDRW2100001872.1.1.40.lab,54,D:\20_AUDIO\03_wav\individual\2021\SDRW2100001872\SDRW2100001872.1.1.40.wav,True,False,exclude_source_audio_unusable
2021,SDRW2100001872,SDRW2100001872.1.1.41,no_textgrid_after_mfa,D:\20_AUDIO\03_wav\individual\2021\SDRW2100001872\SDRW2100001872.1.1.41.lab,48,D:\20_AUDIO\03_wav\individual\2021\SDRW2100001872\SDRW2100001872.1.1.41.wav,True,False,exclude_source_audio_unusable
2021,SDRW2100001872,SDRW2100001872.1.1.42,no_textgrid_after_mfa,D:\20_AUDIO\03_wav\individual\2021\SDRW2100001872\SDRW2100001872.1.1.42.lab,44,D:\20_AUDIO\03_wav\individual\2021\SDRW2100001872\SDRW2100001872.1.1.42.wav,True,False,exclude_source_audio_unusable
2021,SDRW2100001872,SDRW2100001872.1.1.43,no_textgrid_after_mfa,D:\20_AUDIO\03_wav\individual\2021\SDRW2100001872\SDRW2100001872.1.1.43.lab,56,D:\20_AUDIO\03_wav\individual\2021\SDRW2100001872\SDRW2100001872.1.1.43.wav,True,False,exclude_source_audio_unusable
2021,SDRW2100001872,SDRW2100001872.1.1.44,no_textgrid_after_mfa,D:\20_AUDIO\03_wav\individual\2021\SDRW2100001872\SDRW2100001872.1.1.44.lab,46,D:\20_AUDIO\03_wav\individual\2021\SDRW2100001872\SDRW2100001872.1.1.44.wav,True,False,exclude_source_audio_unusable
2021,SDRW2100001872,SDRW2100001872.1.1.45,no_textgrid_after_mfa,D:\20_AUDIO\03_wav\individual\2021\SDRW2100001872\SDRW2100001872.1.1.45.lab,36,D:\20_AUDIO\03_wav\individual\2021\SDRW2100001872\SDRW2100001872.1.1.45.wav,True,False,exclude_source_audio_unusable
2021,SDRW2100001872,SDRW2100001872.1.1.46,no_textgrid_after_mfa,D:\20_AUDIO\03_wav\individual\2021\SDRW2100001872\SDRW2100001872.1.1.46.lab,98,D:\20_AUDIO\03_wav\individual\2021\SDRW2100001872\SDRW2100001872.1.1.46.wav,True,False,exclude_source_audio_unusable
2021,SDRW2100001872,SDRW2100001872.1.1.47,no_textgrid_after_mfa,D:\20_AUDIO\03_wav\individual\2021\SDRW2100001872\SDRW2100001872.1.1.47.lab,37,D:\20_AUDIO\03_wav\individual\2021\SDRW2100001872\SDRW2100001872.1.1.47.wav,True,False,exclude_source_audio_unusable
2021,SDRW2100001872,SDRW2100001872.1.1.48,no_textgrid_after_mfa,D:\20_AUDIO\03_wav\individual\2021\SDRW2100001872\SDRW2100001872.1.1.48.lab,51,D:\20_AUDIO\03_wav\individual\2021\SDRW2100001872\SDRW2100001872.1.1.48.wav,True,False,exclude_source_audio_unusable
2021,SDRW2100001872,SDRW2100001872.1.1.49,no_textgrid_after_mfa,D:\20_AUDIO\03_wav\individual\2021\SDRW2100001872\SDRW2100001872.1.1.49.lab,89,D:\20_AUDIO\03_wav\individual\2021\SDRW2100001872\SDRW2100001872.1.1.49.wav,True,False,exclude_source_audio_unusable
2021,SDRW2100001872,SDRW2100001872.1.1.5,no_textgrid_after_mfa,D:\20_AUDIO\03_wav\individual\2021\SDRW2100001872\SDRW2100001872.1.1.5.lab,94,D:\20_AUDIO\03_wav\individual\2021\SDRW2100001872\SDRW2100001872.1.1.5.wav,True,False,exclude_source_audio_unusable
2021,SDRW2100001872,SDRW2100001872.1.1.50,no_textgrid_after_mfa,D:\20_AUDIO\03_wav\individual\2021\SDRW2100001872\SDRW2100001872.1.1.50.lab,40,D:\20_AUDIO\03_wav\individual\2021\SDRW2100001872\SDRW2100001872.1.1.50.wav,True,False,exclude_source_audio_unusable
2021,SDRW2100001872,SDRW2100001872.1.1.51,no_textgrid_after_mfa,D:\20_AUDIO\03_wav\individual\2021\SDRW2100001872\SDRW2100001872.1.1.51.lab,85,D:\20_AUDIO\03_wav\individual\2021\SDRW2100001872\SDRW2100001872.1.1.51.wav,True,False,exclude_source_audio_unusable
2021,SDRW2100001872,SDRW2100001872.1.1.52,no_textgrid_after_mfa,D:\20_AUDIO\03_wav\individual\2021\SDRW2100001872\SDRW2100001872.1.1.52.lab,90,D:\20_AUDIO\03_wav\individual\2021\SDRW2100001872\SDRW2100001872.1.1.52.wav,True,False,exclude_source_audio_unusable
2021,SDRW2100001872,SDRW2100001872.1.1.53,no_textgrid_after_mfa,D:\20_AUDIO\03_wav\individual\2021\SDRW2100001872\SDRW2100001872.1.1.53.lab,41,D:\20_AUDIO\03_wav\individual\2021\SDRW2100001872\SDRW2100001872.1.1.53.wav,True,False,exclude_source_audio_unusable
2021,SDRW2100001872,SDRW2100001872.1.1.54,no_textgrid_after_mfa,D:\20_AUDIO\03_wav\individual\2021\SDRW2100001872\SDRW2100001872.1.1.54.lab,40,D:\20_AUDIO\03_wav\individual\2021\SDRW2100001872\SDRW2100001872.1.1.54.wav,True,False,exclude_source_audio_unusable
2021,SDRW2100001872,SDRW2100001872.1.1.55,no_textgrid_after_mfa,D:\20_AUDIO\03_wav\individual\2021\SDRW2100001872\SDRW2100001872.1.1.55.lab,94,D:\20_AUDIO\03_wav\individual\2021\SDRW2100001872\SDRW2100001872.1.1.55.wav,True,False,exclude_source_audio_unusable
2021,SDRW2100001872,SDRW2100001872.1.1.56,no_textgrid_after_mfa,D:\20_AUDIO\03_wav\individual\2021\SDRW2100001872\SDRW2100001872.1.1.56.lab,67,D:\20_AUDIO\03_wav\individual\2021\SDRW2100001872\SDRW2100001872.1.1.56.wav,True,False,exclude_source_audio_unusable
2021,SDRW2100001872,SDRW2100001872.1.1.57,no_textgrid_after_mfa,D:\20_AUDIO\03_wav\individual\2021\SDRW2100001872\SDRW2100001872.1.1.57.lab,68,D:\20_AUDIO\03_wav\individual\2021\SDRW2100001872\SDRW2100001872.1.1.57.wav,True,False,exclude_source_audio_unusable
2021,SDRW2100001872,SDRW2100001872.1.1.58,no_textgrid_after_mfa,D:\20_AUDIO\03_wav\individual\2021\SDRW2100001872\SDRW2100001872.1.1.58.lab,42,D:\20_AUDIO\03_wav\individual\2021\SDRW2100001872\SDRW2100001872.1.1.58.wav,True,False,exclude_source_audio_unusable
2021,SDRW2100001872,SDRW2100001872.1.1.59,no_textgrid_after_mfa,D:\20_AUDIO\03_wav\individual\2021\SDRW2100001872\SDRW2100001872.1.1.59.lab,97,D:\20_AUDIO\03_wav\individual\2021\SDRW2100001872\SDRW2100001872.1.1.59.wav,True,False,exclude_source_audio_unusable
2021,SDRW2100001872,SDRW2100001872.1.1.6,no_textgrid_after_mfa,D:\20_AUDIO\03_wav\individual\2021\SDRW2100001872\SDRW2100001872.1.1.6.lab,12,D:\20_AUDIO\03_wav\individual\2021\SDRW2100001872\SDRW2100001872.1.1.6.wav,True,False,exclude_source_audio_unusable
2021,SDRW2100001872,SDRW2100001872.1.1.60,no_textgrid_after_mfa,D:\20_AUDIO\03_wav\individual\2021\SDRW2100001872\SDRW2100001872.1.1.60.lab,52,D:\20_AUDIO\03_wav\individual\2021\SDRW2100001872\SDRW2100001872.1.1.60.wav,True,False,exclude_source_audio_unusable
2021,SDRW2100001872,SDRW2100001872.1.1.61,no_textgrid_after_mfa,D:\20_AUDIO\03_wav\individual\2021\SDRW2100001872\SDRW2100001872.1.1.61.lab,88,D:\20_AUDIO\03_wav\individual\2021\SDRW2100001872\SDRW2100001872.1.1.61.wav,True,False,exclude_source_audio_unusable
2021,SDRW2100001872,SDRW2100001872.1.1.62,no_textgrid_after_mfa,D:\20_AUDIO\03_wav\individual\2021\SDRW2100001872\SDRW2100001872.1.1.62.lab,61,D:\20_AUDIO\03_wav\individual\2021\SDRW2100001872\SDRW2100001872.1.1.62.wav,True,False,exclude_source_audio_unusable
2021,SDRW2100001872,SDRW2100001872.1.1.63,no_textgrid_after_mfa,D:\20_AUDIO\03_wav\individual\2021\SDRW2100001872\SDRW2100001872.1.1.63.lab,71,D:\20_AUDIO\03_wav\individual\2021\SDRW2100001872\SDRW2100001872.1.1.63.wav,True,False,exclude_source_audio_unusable
2021,SDRW2100001872,SDRW2100001872.1.1.64,no_textgrid_after_mfa,D:\20_AUDIO\03_wav\individual\2021\SDRW2100001872\SDRW2100001872.1.1.64.lab,33,D:\20_AUDIO\03_wav\individual\2021\SDRW2100001872\SDRW2100001872.1.1.64.wav,True,False,exclude_source_audio_unusable
2021,SDRW2100001872,SDRW2100001872.1.1.65,no_textgrid_after_mfa,D:\20_AUDIO\03_wav\individual\2021\SDRW2100001872\SDRW2100001872.1.1.65.lab,22,D:\20_AUDIO\03_wav\individual\2021\SDRW2100001872\SDRW2100001872.1.1.65.wav,True,False,exclude_source_audio_unusable
2021,SDRW2100001872,SDRW2100001872.1.1.66,no_textgrid_after_mfa,D:\20_AUDIO\03_wav\individual\2021\SDRW2100001872\SDRW2100001872.1.1.66.lab,75,D:\20_AUDIO\03_wav\individual\2021\SDRW2100001872\SDRW2100001872.1.1.66.wav,True,False,exclude_source_audio_unusable
2021,SDRW2100001872,SDRW2100001872.1.1.67,no_textgrid_after_mfa,D:\20_AUDIO\03_wav\individual\2021\SDRW2100001872\SDRW2100001872.1.1.67.lab,36,D:\20_AUDIO\03_wav\individual\2021\SDRW2100001872\SDRW2100001872.1.1.67.wav,True,False,exclude_source_audio_unusable
2021,SDRW2100001872,SDRW2100001872.1.1.68,no_textgrid_after_mfa,D:\20_AUDIO\03_wav\individual\2021\SDRW2100001872\SDRW2100001872.1.1.68.lab,64,D:\20_AUDIO\03_wav\individual\2021\SDRW2100001872\SDRW2100001872.1.1.68.wav,True,False,exclude_source_audio_unusable
2021,SDRW2100001872,SDRW2100001872.1.1.69,no_textgrid_after_mfa,D:\20_AUDIO\03_wav\individual\2021\SDRW2100001872\SDRW2100001872.1.1.69.lab,66,D:\20_AUDIO\03_wav\individual\2021\SDRW2100001872\SDRW2100001872.1.1.69.wav,True,False,exclude_source_audio_unusable
2021,SDRW2100001872,SDRW2100001872.1.1.7,no_textgrid_after_mfa,D:\20_AUDIO\03_wav\individual\2021\SDRW2100001872\SDRW2100001872.1.1.7.lab,55,D:\20_AUDIO\03_wav\individual\2021\SDRW2100001872\SDRW2100001872.1.1.7.wav,True,False,exclude_source_audio_unusable
2021,SDRW2100001872,SDRW2100001872.1.1.70,no_textgrid_after_mfa,D:\20_AUDIO\03_wav\individual\2021\SDRW2100001872\SDRW2100001872.1.1.70.lab,60,D:\20_AUDIO\03_wav\individual\2021\SDRW2100001872\SDRW2100001872.1.1.70.wav,True,False,exclude_source_audio_unusable
2021,SDRW2100001872,SDRW2100001872.1.1.71,no_textgrid_after_mfa,D:\20_AUDIO\03_wav\individual\2021\SDRW2100001872\SDRW2100001872.1.1.71.lab,93,D:\20_AUDIO\03_wav\individual\2021\SDRW2100001872\SDRW2100001872.1.1.71.wav,True,False,exclude_source_audio_unusable
2021,SDRW2100001872,SDRW2100001872.1.1.72,no_textgrid_after_mfa,D:\20_AUDIO\03_wav\individual\2021\SDRW2100001872\SDRW2100001872.1.1.72.lab,59,D:\20_AUDIO\03_wav\individual\2021\SDRW2100001872\SDRW2100001872.1.1.72.wav,True,False,exclude_source_audio_unusable
2021,SDRW2100001872,SDRW2100001872.1.1.73,no_textgrid_after_mfa,D:\20_AUDIO\03_wav\individual\2021\SDRW2100001872\SDRW2100001872.1.1.73.lab,87,D:\20_AUDIO\03_wav\individual\2021\SDRW2100001872\SDRW2100001872.1.1.73.wav,True,False,exclude_source_audio_unusable
2021,SDRW2100001872,SDRW2100001872.1.1.74,no_textgrid_after_mfa,D:\20_AUDIO\03_wav\individual\2021\SDRW2100001872\SDRW2100001872.1.1.74.lab,54,D:\20_AUDIO\03_wav\individual\2021\SDRW2100001872\SDRW2100001872.1.1.74.wav,True,False,exclude_source_audio_unusable
2021,SDRW2100001872,SDRW2100001872.1.1.75,no_textgrid_after_mfa,D:\20_AUDIO\03_wav\individual\2021\SDRW2100001872\SDRW2100001872.1.1.75.lab,47,D:\20_AUDIO\03_wav\individual\2021\SDRW2100001872\SDRW2100001872.1.1.75.wav,True,False,exclude_source_audio_unusable
2021,SDRW2100001872,SDRW2100001872.1.1.76,no_textgrid_after_mfa,D:\20_AUDIO\03_wav\individual\2021\SDRW2100001872\SDRW2100001872.1.1.76.lab,38,D:\20_AUDIO\03_wav\individual\2021\SDRW2100001872\SDRW2100001872.1.1.76.wav,True,False,exclude_source_audio_unusable
2021,SDRW2100001872,SDRW2100001872.1.1.77,no_textgrid_after_mfa,D:\20_AUDIO\03_wav\individual\2021\SDRW2100001872\SDRW2100001872.1.1.77.lab,52,D:\20_AUDIO\03_wav\individual\2021\SDRW2100001872\SDRW2100001872.1.1.77.wav,True,False,exclude_source_audio_unusable
2021,SDRW2100001872,SDRW2100001872.1.1.78,no_textgrid_after_mfa,D:\20_AUDIO\03_wav\individual\2021\SDRW2100001872\SDRW2100001872.1.1.78.lab,54,D:\20_AUDIO\03_wav\individual\2021\SDRW2100001872\SDRW2100001872.1.1.78.wav,True,False,exclude_source_audio_unusable
2021,SDRW2100001872,SDRW2100001872.1.1.79,no_textgrid_after_mfa,D:\20_AUDIO\03_wav\individual\2021\SDRW2100001872\SDRW2100001872.1.1.79.lab,53,D:\20_AUDIO\03_wav\individual\2021\SDRW2100001872\SDRW2100001872.1.1.79.wav,True,False,exclude_source_audio_unusable
2021,SDRW2100001872,SDRW2100001872.1.1.8,no_textgrid_after_mfa,D:\20_AUDIO\03_wav\individual\2021\SDRW2100001872\SDRW2100001872.1.1.8.lab,47,D:\20_AUDIO\03_wav\individual\2021\SDRW2100001872\SDRW2100001872.1.1.8.wav,True,False,exclude_source_audio_unusable
2021,SDRW2100001872,SDRW2100001872.1.1.80,no_textgrid_after_mfa,D:\20_AUDIO\03_wav\individual\2021\SDRW2100001872\SDRW2100001872.1.1.80.lab,93,D:\20_AUDIO\03_wav\individual\2021\SDRW2100001872\SDRW2100001872.1.1.80.wav,True,False,exclude_source_audio_unusable
2021,SDRW2100001872,SDRW2100001872.1.1.81,no_textgrid_after_mfa,D:\20_AUDIO\03_wav\individual\2021\SDRW2100001872\SDRW2100001872.1.1.81.lab,13,D:\20_AUDIO\03_wav\individual\2021\SDRW2100001872\SDRW2100001872.1.1.81.wav,True,False,exclude_source_audio_unusable
2021,SDRW2100001872,SDRW2100001872.1.1.82,no_textgrid_after_mfa,D:\20_AUDIO\03_wav\individual\2021\SDRW2100001872\SDRW2100001872.1.1.82.lab,82,D:\20_AUDIO\03_wav\individual\2021\SDRW2100001872\SDRW2100001872.1.1.82.wav,True,False,exclude_source_audio_unusable
2021,SDRW2100001872,SDRW2100001872.1.1.83,no_textgrid_after_mfa,D:\20_AUDIO\03_wav\individual\2021\SDRW2100001872\SDRW2100001872.1.1.83.lab,44,D:\20_AUDIO\03_wav\individual\2021\SDRW2100001872\SDRW2100001872.1.1.83.wav,True,False,exclude_source_audio_unusable
2021,SDRW2100001872,SDRW2100001872.1.1.84,no_textgrid_after_mfa,D:\20_AUDIO\03_wav\individual\2021\SDRW2100001872\SDRW2100001872.1.1.84.lab,61,D:\20_AUDIO\03_wav\individual\2021\SDRW2100001872\SDRW2100001872.1.1.84.wav,True,False,exclude_source_audio_unusable
2021,SDRW2100001872,SDRW2100001872.1.1.85,no_textgrid_after_mfa,D:\20_AUDIO\03_wav\individual\2021\SDRW2100001872\SDRW2100001872.1.1.85.lab,72,D:\20_AUDIO\03_wav\individual\2021\SDRW2100001872\SDRW2100001872.1.1.85.wav,True,False,exclude_source_audio_unusable
2021,SDRW2100001872,SDRW2100001872.1.1.86,no_textgrid_after_mfa,D:\20_AUDIO\03_wav\individual\2021\SDRW2100001872\SDRW2100001872.1.1.86.lab,78,D:\20_AUDIO\03_wav\individual\2021\SDRW2100001872\SDRW2100001872.1.1.86.wav,True,False,exclude_source_audio_unusable
2021,SDRW2100001872,SDRW2100001872.1.1.87,no_textgrid_after_mfa,D:\20_AUDIO\03_wav\individual\2021\SDRW2100001872\SDRW2100001872.1.1.87.lab,54,D:\20_AUDIO\03_wav\individual\2021\SDRW2100001872\SDRW2100001872.1.1.87.wav,True,False,exclude_source_audio_unusable
2021,SDRW2100001872,SDRW2100001872.1.1.88,no_textgrid_after_mfa,D:\20_AUDIO\03_wav\individual\2021\SDRW2100001872\SDRW2100001872.1.1.88.lab,84,D:\20_AUDIO\03_wav\individual\2021\SDRW2100001872\SDRW2100001872.1.1.88.wav,True,False,exclude_source_audio_unusable
2021,SDRW2100001872,SDRW2100001872.1.1.89,no_textgrid_after_mfa,D:\20_AUDIO\03_wav\individual\2021\SDRW2100001872\SDRW2100001872.1.1.89.lab,43,D:\20_AUDIO\03_wav\individual\2021\SDRW2100001872\SDRW2100001872.1.1.89.wav,True,False,exclude_source_audio_unusable
2021,SDRW2100001872,SDRW2100001872.1.1.9,no_textgrid_after_mfa,D:\20_AUDIO\03_wav\individual\2021\SDRW2100001872\SDRW2100001872.1.1.9.lab,90,D:\20_AUDIO\03_wav\individual\2021\SDRW2100001872\SDRW2100001872.1.1.9.wav,True,False,exclude_source_audio_unusable
2021,SDRW2100001872,SDRW2100001872.1.1.90,no_textgrid_after_mfa,D:\20_AUDIO\03_wav\individual\2021\SDRW2100001872\SDRW2100001872.1.1.90.lab,48,D:\20_AUDIO\03_wav\individual\2021\SDRW2100001872\SDRW2100001872.1.1.90.wav,True,False,exclude_source_audio_unusable
2021,SDRW2100001872,SDRW2100001872.1.1.91,no_textgrid_after_mfa,D:\20_AUDIO\03_wav\individual\2021\SDRW2100001872\SDRW2100001872.1.1.91.lab,39,D:\20_AUDIO\03_wav\individual\2021\SDRW2100001872\SDRW2100001872.1.1.91.wav,True,False,exclude_source_audio_unusable
2021,SDRW2100001872,SDRW2100001872.1.1.92,no_textgrid_after_mfa,D:\20_AUDIO\03_wav\individual\2021\SDRW2100001872\SDRW2100001872.1.1.92.lab,9,D:\20_AUDIO\03_wav\individual\2021\SDRW2100001872\SDRW2100001872.1.1.92.wav,True,False,exclude_source_audio_unusable
2021,SDRW2100001872,SDRW2100001872.1.1.93,no_textgrid_after_mfa,D:\20_AUDIO\03_wav\individual\2021\SDRW2100001872\SDRW2100001872.1.1.93.lab,64,D:\20_AUDIO\03_wav\individual\2021\SDRW2100001872\SDRW2100001872.1.1.93.wav,True,False,exclude_source_audio_unusable
2021,SDRW2100001872,SDRW2100001872.1.1.94,no_textgrid_after_mfa,D:\20_AUDIO\03_wav\individual\2021\SDRW2100001872\SDRW2100001872.1.1.94.lab,43,D:\20_AUDIO\03_wav\individual\2021\SDRW2100001872\SDRW2100001872.1.1.94.wav,True,False,exclude_source_audio_unusable
2021,SDRW2100001872,SDRW2100001872.1.1.95,no_textgrid_after_mfa,D:\20_AUDIO\03_wav\individual\2021\SDRW2100001872\SDRW2100001872.1.1.95.lab,36,D:\20_AUDIO\03_wav\individual\2021\SDRW2100001872\SDRW2100001872.1.1.95.wav,True,False,exclude_source_audio_unusable
2021,SDRW2100001872,SDRW2100001872.1.1.96,no_textgrid_after_mfa,D:\20_AUDIO\03_wav\individual\2021\SDRW2100001872\SDRW2100001872.1.1.96.lab,78,D:\20_AUDIO\03_wav\individual\2021\SDRW2100001872\SDRW2100001872.1.1.96.wav,True,False,exclude_source_audio_unusable
2021,SDRW2100001872,SDRW2100001872.1.1.97,no_textgrid_after_mfa,D:\20_AUDIO\03_wav\individual\2021\SDRW2100001872\SDRW2100001872.1.1.97.lab,53,D:\20_AUDIO\03_wav\individual\2021\SDRW2100001872\SDRW2100001872.1.1.97.wav,True,False,exclude_source_audio_unusable
2021,SDRW2100001872,SDRW2100001872.1.1.98,no_textgrid_after_mfa,D:\20_AUDIO\03_wav\individual\2021\SDRW2100001872\SDRW2100001872.1.1.98.lab,56,D:\20_AUDIO\03_wav\individual\2021\SDRW2100001872\SDRW2100001872.1.1.98.wav,True,False,exclude_source_audio_unusable
2021,SDRW2100001872,SDRW2100001872.1.1.99,no_textgrid_after_mfa,D:\20_AUDIO\03_wav\individual\2021\SDRW2100001872\SDRW2100001872.1.1.99.lab,57,D:\20_AUDIO\03_wav\individual\2021\SDRW2100001872\SDRW2100001872.1.1.99.wav,True,False,exclude_source_audio_unusable
2021,SDRW2100001888,SDRW2100001888.1.1.115,no_textgrid_after_mfa,D:\20_AUDIO\03_wav\individual\2021\SDRW2100001888\SDRW2100001888.1.1.115.lab,78,D:\20_AUDIO\03_wav\individual\2021\SDRW2100001888\SDRW2100001888.1.1.115.wav,True,True,
2021,SDRW2100001888,SDRW2100001888.1.1.208,no_textgrid_after_mfa,D:\20_AUDIO\03_wav\individual\2021\SDRW2100001888\SDRW2100001888.1.1.208.lab,29,D:\20_AUDIO\03_wav\individual\2021\SDRW2100001888\SDRW2100001888.1.1.208.wav,True,True,
2021,SDRW2100001888,SDRW2100001888.1.1.211,no_textgrid_after_mfa,D:\20_AUDIO\03_wav\individual\2021\SDRW2100001888\SDRW2100001888.1.1.211.lab,63,D:\20_AUDIO\03_wav\individual\2021\SDRW2100001888\SDRW2100001888.1.1.211.wav,True,True,
2021,SDRW2100001889,SDRW2100001889.1.1.184,no_textgrid_after_mfa,D:\20_AUDIO\03_wav\individual\2021\SDRW2100001889\SDRW2100001889.1.1.184.lab,29,D:\20_AUDIO\03_wav\individual\2021\SDRW2100001889\SDRW2100001889.1.1.184.wav,True,True,
2021,SDRW2100001905,SDRW2100001905.1.1.160,no_textgrid_after_mfa,D:\20_AUDIO\03_wav\individual\2021\SDRW2100001905\SDRW2100001905.1.1.160.lab,67,D:\20_AUDIO\03_wav\individual\2021\SDRW2100001905\SDRW2100001905.1.1.160.wav,True,True,
2021,SDRW2100001918,SDRW2100001918.1.1.108,no_textgrid_after_mfa,D:\20_AUDIO\03_wav\individual\2021\SDRW2100001918\SDRW2100001918.1.1.108.lab,115,D:\20_AUDIO\03_wav\individual\2021\SDRW2100001918\SDRW2100001918.1.1.108.wav,True,True,
2021,SDRW2100001948,SDRW2100001948.1.1.171,no_textgrid_after_mfa,D:\20_AUDIO\03_wav\individual\2021\SDRW2100001948\SDRW2100001948.1.1.171.lab,46,D:\20_AUDIO\03_wav\individual\2021\SDRW2100001948\SDRW2100001948.1.1.171.wav,True,True,
2021,SDRW2100001948,SDRW2100001948.1.1.174,no_textgrid_after_mfa,D:\20_AUDIO\03_wav\individual\2021\SDRW2100001948\SDRW2100001948.1.1.174.lab,36,D:\20_AUDIO\03_wav\individual\2021\SDRW2100001948\SDRW2100001948.1.1.174.wav,True,True,
2021,SDRW2100001948,SDRW2100001948.1.1.199,no_textgrid_after_mfa,D:\20_AUDIO\03_wav\individual\2021\SDRW2100001948\SDRW2100001948.1.1.199.lab,59,D:\20_AUDIO\03_wav\individual\2021\SDRW2100001948\SDRW2100001948.1.1.199.wav,True,True,
2021,SDRW2100001948,SDRW2100001948.1.1.7,no_textgrid_after_mfa,D:\20_AUDIO\03_wav\individual\2021\SDRW2100001948\SDRW2100001948.1.1.7.lab,89,D:\20_AUDIO\03_wav\individual\2021\SDRW2100001948\SDRW2100001948.1.1.7.wav,True,True,
2021,SDRW2100001953,SDRW2100001953.1.1.181,no_textgrid_after_mfa,D:\20_AUDIO\03_wav\individual\2021\SDRW2100001953\SDRW2100001953.1.1.181.lab,52,D:\20_AUDIO\03_wav\individual\2021\SDRW2100001953\SDRW2100001953.1.1.181.wav,True,True,
2021,SDRW2100001960,SDRW2100001960.1.1.63,no_textgrid_after_mfa,D:\20_AUDIO\03_wav\individual\2021\SDRW2100001960\SDRW2100001960.1.1.63.lab,112,D:\20_AUDIO\03_wav\individual\2021\SDRW2100001960\SDRW2100001960.1.1.63.wav,True,True,
2021,SDRW2100001962,SDRW2100001962.1.1.213,no_textgrid_after_mfa,D:\20_AUDIO\03_wav\individual\2021\SDRW2100001962\SDRW2100001962.1.1.213.lab,28,D:\20_AUDIO\03_wav\individual\2021\SDRW2100001962\SDRW2100001962.1.1.213.wav,True,False,exclude_source_audio_unusable
2021,SDRW2100001962,SDRW2100001962.1.1.214,no_textgrid_after_mfa,D:\20_AUDIO\03_wav\individual\2021\SDRW2100001962\SDRW2100001962.1.1.214.lab,51,D:\20_AUDIO\03_wav\individual\2021\SDRW2100001962\SDRW2100001962.1.1.214.wav,True,True,
2021,SDRW2100001962,SDRW2100001962.1.1.223,no_textgrid_after_mfa,D:\20_AUDIO\03_wav\individual\2021\SDRW2100001962\SDRW2100001962.1.1.223.lab,30,D:\20_AUDIO\03_wav\individual\2021\SDRW2100001962\SDRW2100001962.1.1.223.wav,True,False,exclude_source_audio_unusable
2021,SDRW2100001962,SDRW2100001962.1.1.330,no_textgrid_after_mfa,D:\20_AUDIO\03_wav\individual\2021\SDRW2100001962\SDRW2100001962.1.1.330.lab,24,D:\20_AUDIO\03_wav\individual\2021\SDRW2100001962\SDRW2100001962.1.1.330.wav,True,True,
2021,SDRW2100001962,SDRW2100001962.1.1.337,no_textgrid_after_mfa,D:\20_AUDIO\03_wav\individual\2021\SDRW2100001962\SDRW2100001962.1.1.337.lab,16,D:\20_AUDIO\03_wav\individual\2021\SDRW2100001962\SDRW2100001962.1.1.337.wav,True,False,exclude_source_audio_unusable
2021,SDRW2100001962,SDRW2100001962.1.1.392,no_textgrid_after_mfa,D:\20_AUDIO\03_wav\individual\2021\SDRW2100001962\SDRW2100001962.1.1.392.lab,13,D:\20_AUDIO\03_wav\individual\2021\SDRW2100001962\SDRW2100001962.1.1.392.wav,True,False,exclude_source_audio_unusable
2021,SDRW2100001962,SDRW2100001962.1.1.393,no_textgrid_after_mfa,D:\20_AUDIO\03_wav\individual\2021\SDRW2100001962\SDRW2100001962.1.1.393.lab,38,D:\20_AUDIO\03_wav\individual\2021\SDRW2100001962\SDRW2100001962.1.1.393.wav,True,True,
2021,SDRW2100001962,SDRW2100001962.1.1.429,no_textgrid_after_mfa,D:\20_AUDIO\03_wav\individual\2021\SDRW2100001962\SDRW2100001962.1.1.429.lab,50,D:\20_AUDIO\03_wav\individual\2021\SDRW2100001962\SDRW2100001962.1.1.429.wav,True,False,exclude_source_audio_unusable
2021,SDRW2100001963,SDRW2100001963.1.1.114,no_textgrid_after_mfa,D:\20_AUDIO\03_wav\individual\2021\SDRW2100001963\SDRW2100001963.1.1.114.lab,124,D:\20_AUDIO\03_wav\individual\2021\SDRW2100001963\SDRW2100001963.1.1.114.wav,True,True,
2021,SDRW2100001970,SDRW2100001970.1.1.376,no_textgrid_after_mfa,D:\20_AUDIO\03_wav\individual\2021\SDRW2100001970\SDRW2100001970.1.1.376.lab,9,D:\20_AUDIO\03_wav\individual\2021\SDRW2100001970\SDRW2100001970.1.1.376.wav,True,False,exclude_source_audio_unusable
2021,SDRW2100001971,SDRW2100001971.1.1.3,no_textgrid_after_mfa,D:\20_AUDIO\03_wav\individual\2021\SDRW2100001971\SDRW2100001971.1.1.3.lab,32,D:\20_AUDIO\03_wav\individual\2021\SDRW2100001971\SDRW2100001971.1.1.3.wav,True,True,
2021,SDRW2100001976,SDRW2100001976.1.1.260,no_textgrid_after_mfa,D:\20_AUDIO\03_wav\individual\2021\SDRW2100001976\SDRW2100001976.1.1.260.lab,67,D:\20_AUDIO\03_wav\individual\2021\SDRW2100001976\SDRW2100001976.1.1.260.wav,True,True,
2021,SDRW2100001983,SDRW2100001983.1.1.76,no_textgrid_after_mfa,D:\20_AUDIO\03_wav\individual\2021\SDRW2100001983\SDRW2100001983.1.1.76.lab,47,D:\20_AUDIO\03_wav\individual\2021\SDRW2100001983\SDRW2100001983.1.1.76.wav,True,False,exclude_source_audio_unusable
2021,SDRW2100002006,SDRW2100002006.1.1.123,no_textgrid_after_mfa,D:\20_AUDIO\03_wav\individual\2021\SDRW2100002006\SDRW2100002006.1.1.123.lab,113,D:\20_AUDIO\03_wav\individual\2021\SDRW2100002006\SDRW2100002006.1.1.123.wav,True,True,
2021,SDRW2100002016,SDRW2100002016.1.1.115,no_textgrid_after_mfa,D:\20_AUDIO\03_wav\individual\2021\SDRW2100002016\SDRW2100002016.1.1.115.lab,93,D:\20_AUDIO\03_wav\individual\2021\SDRW2100002016\SDRW2100002016.1.1.115.wav,True,True,
2021,SDRW2100002016,SDRW2100002016.1.1.200,no_textgrid_after_mfa,D:\20_AUDIO\03_wav\individual\2021\SDRW2100002016\SDRW2100002016.1.1.200.lab,96,D:\20_AUDIO\03_wav\individual\2021\SDRW2100002016\SDRW2100002016.1.1.200.wav,True,True,
2021,SDRW2100002016,SDRW2100002016.1.1.4,no_textgrid_after_mfa,D:\20_AUDIO\03_wav\individual\2021\SDRW2100002016\SDRW2100002016.1.1.4.lab,126,D:\20_AUDIO\03_wav\individual\2021\SDRW2100002016\SDRW2100002016.1.1.4.wav,True,True,
2021,SDRW2100002043,SDRW2100002043.1.1.103,no_textgrid_after_mfa,D:\20_AUDIO\03_wav\individual\2021\SDRW2100002043\SDRW2100002043.1.1.103.lab,9,D:\20_AUDIO\03_wav\individual\2021\SDRW2100002043\SDRW2100002043.1.1.103.wav,True,True,
2021,SDRW2100002059,SDRW2100002059.1.1.83,no_textgrid_after_mfa,D:\20_AUDIO\03_wav\individual\2021\SDRW2100002059\SDRW2100002059.1.1.83.lab,68,D:\20_AUDIO\03_wav\individual\2021\SDRW2100002059\SDRW2100002059.1.1.83.wav,True,True,
2021,SDRW2100002062,SDRW2100002062.1.1.248,no_textgrid_after_mfa,D:\20_AUDIO\03_wav\individual\2021\SDRW2100002062\SDRW2100002062.1.1.248.lab,37,D:\20_AUDIO\03_wav\individual\2021\SDRW2100002062\SDRW2100002062.1.1.248.wav,True,True,
2021,SDRW2100002067,SDRW2100002067.1.1.86,no_textgrid_after_mfa,D:\20_AUDIO\03_wav\individual\2021\SDRW2100002067\SDRW2100002067.1.1.86.lab,48,D:\20_AUDIO\03_wav\individual\2021\SDRW2100002067\SDRW2100002067.1.1.86.wav,True,True,
2021,SDRW2100002105,SDRW2100002105.1.1.16,no_textgrid_after_mfa,D:\20_AUDIO\03_wav\individual\2021\SDRW2100002105\SDRW2100002105.1.1.16.lab,43,D:\20_AUDIO\03_wav\individual\2021\SDRW2100002105\SDRW2100002105.1.1.16.wav,True,True,
2021,SDRW2100002117,SDRW2100002117.1.1.243,no_textgrid_after_mfa,D:\20_AUDIO\03_wav\individual\2021\SDRW2100002117\SDRW2100002117.1.1.243.lab,76,D:\20_AUDIO\03_wav\individual\2021\SDRW2100002117\SDRW2100002117.1.1.243.wav,True,True,
2021,SDRW2100002121,SDRW2100002121.1.1.173,no_textgrid_after_mfa,D:\20_AUDIO\03_wav\individual\2021\SDRW2100002121\SDRW2100002121.1.1.173.lab,38,D:\20_AUDIO\03_wav\individual\2021\SDRW2100002121\SDRW2100002121.1.1.173.wav,True,True,
2021,SDRW2100002122,SDRW2100002122.1.1.69,no_textgrid_after_mfa,D:\20_AUDIO\03_wav\individual\2021\SDRW2100002122\SDRW2100002122.1.1.69.lab,69,D:\20_AUDIO\03_wav\individual\2021\SDRW2100002122\SDRW2100002122.1.1.69.wav,True,True,
2021,SDRW2100002129,SDRW2100002129.1.1.211,no_textgrid_after_mfa,D:\20_AUDIO\03_wav\individual\2021\SDRW2100002129\SDRW2100002129.1.1.211.lab,72,D:\20_AUDIO\03_wav\individual\2021\SDRW2100002129\SDRW2100002129.1.1.211.wav,True,True,
2021,SDRW2100002129,SDRW2100002129.1.1.212,no_textgrid_after_mfa,D:\20_AUDIO\03_wav\individual\2021\SDRW2100002129\SDRW2100002129.1.1.212.lab,72,D:\20_AUDIO\03_wav\individual\2021\SDRW2100002129\SDRW2100002129.1.1.212.wav,True,True,
2021,SDRW2100002147,SDRW2100002147.1.1.223,no_textgrid_after_mfa,D:\20_AUDIO\03_wav\individual\2021\SDRW2100002147\SDRW2100002147.1.1.223.lab,41,D:\20_AUDIO\03_wav\individual\2021\SDRW2100002147\SDRW2100002147.1.1.223.wav,True,True,
2021,SDRW2100002153,SDRW2100002153.1.1.1,no_textgrid_after_mfa,D:\20_AUDIO\03_wav\individual\2021\SDRW2100002153\SDRW2100002153.1.1.1.lab,59,D:\20_AUDIO\03_wav\individual\2021\SDRW2100002153\SDRW2100002153.1.1.1.wav,True,False,exclude_source_audio_unusable
2021,SDRW2100002153,SDRW2100002153.1.1.10,no_textgrid_after_mfa,D:\20_AUDIO\03_wav\individual\2021\SDRW2100002153\SDRW2100002153.1.1.10.lab,66,D:\20_AUDIO\03_wav\individual\2021\SDRW2100002153\SDRW2100002153.1.1.10.wav,True,False,exclude_source_audio_unusable
2021,SDRW2100002153,SDRW2100002153.1.1.100,no_textgrid_after_mfa,D:\20_AUDIO\03_wav\individual\2021\SDRW2100002153\SDRW2100002153.1.1.100.lab,37,D:\20_AUDIO\03_wav\individual\2021\SDRW2100002153\SDRW2100002153.1.1.100.wav,True,False,exclude_source_audio_unusable
2021,SDRW2100002153,SDRW2100002153.1.1.101,no_textgrid_after_mfa,D:\20_AUDIO\03_wav\individual\2021\SDRW2100002153\SDRW2100002153.1.1.101.lab,66,D:\20_AUDIO\03_wav\individual\2021\SDRW2100002153\SDRW2100002153.1.1.101.wav,True,False,exclude_source_audio_unusable
2021,SDRW2100002153,SDRW2100002153.1.1.102,no_textgrid_after_mfa,D:\20_AUDIO\03_wav\individual\2021\SDRW2100002153\SDRW2100002153.1.1.102.lab,67,D:\20_AUDIO\03_wav\individual\2021\SDRW2100002153\SDRW2100002153.1.1.102.wav,True,False,exclude_source_audio_unusable
2021,SDRW2100002153,SDRW2100002153.1.1.103,no_textgrid_after_mfa,D:\20_AUDIO\03_wav\individual\2021\SDRW2100002153\SDRW2100002153.1.1.103.lab,47,D:\20_AUDIO\03_wav\individual\2021\SDRW2100002153\SDRW2100002153.1.1.103.wav,True,False,exclude_source_audio_unusable
2021,SDRW2100002153,SDRW2100002153.1.1.104,no_textgrid_after_mfa,D:\20_AUDIO\03_wav\individual\2021\SDRW2100002153\SDRW2100002153.1.1.104.lab,60,D:\20_AUDIO\03_wav\individual\2021\SDRW2100002153\SDRW2100002153.1.1.104.wav,True,False,exclude_source_audio_unusable
2021,SDRW2100002153,SDRW2100002153.1.1.105,no_textgrid_after_mfa,D:\20_AUDIO\03_wav\individual\2021\SDRW2100002153\SDRW2100002153.1.1.105.lab,44,D:\20_AUDIO\03_wav\individual\2021\SDRW2100002153\SDRW2100002153.1.1.105.wav,True,False,exclude_source_audio_unusable
2021,SDRW2100002153,SDRW2100002153.1.1.106,no_textgrid_after_mfa,D:\20_AUDIO\03_wav\individual\2021\SDRW2100002153\SDRW2100002153.1.1.106.lab,83,D:\20_AUDIO\03_wav\individual\2021\SDRW2100002153\SDRW2100002153.1.1.106.wav,True,False,exclude_source_audio_unusable
2021,SDRW2100002153,SDRW2100002153.1.1.107,no_textgrid_after_mfa,D:\20_AUDIO\03_wav\individual\2021\SDRW2100002153\SDRW2100002153.1.1.107.lab,98,D:\20_AUDIO\03_wav\individual\2021\SDRW2100002153\SDRW2100002153.1.1.107.wav,True,False,exclude_source_audio_unusable
2021,SDRW2100002153,SDRW2100002153.1.1.108,no_textgrid_after_mfa,D:\20_AUDIO\03_wav\individual\2021\SDRW2100002153\SDRW2100002153.1.1.108.lab,53,D:\20_AUDIO\03_wav\individual\2021\SDRW2100002153\SDRW2100002153.1.1.108.wav,True,False,exclude_source_audio_unusable
2021,SDRW2100002153,SDRW2100002153.1.1.109,no_textgrid_after_mfa,D:\20_AUDIO\03_wav\individual\2021\SDRW2100002153\SDRW2100002153.1.1.109.lab,27,D:\20_AUDIO\03_wav\individual\2021\SDRW2100002153\SDRW2100002153.1.1.109.wav,True,False,exclude_source_audio_unusable
2021,SDRW2100002153,SDRW2100002153.1.1.11,no_textgrid_after_mfa,D:\20_AUDIO\03_wav\individual\2021\SDRW2100002153\SDRW2100002153.1.1.11.lab,50,D:\20_AUDIO\03_wav\individual\2021\SDRW2100002153\SDRW2100002153.1.1.11.wav,True,False,exclude_source_audio_unusable
2021,SDRW2100002153,SDRW2100002153.1.1.110,no_textgrid_after_mfa,D:\20_AUDIO\03_wav\individual\2021\SDRW2100002153\SDRW2100002153.1.1.110.lab,55,D:\20_AUDIO\03_wav\individual\2021\SDRW2100002153\SDRW2100002153.1.1.110.wav,True,False,exclude_source_audio_unusable
2021,SDRW2100002153,SDRW2100002153.1.1.111,no_textgrid_after_mfa,D:\20_AUDIO\03_wav\individual\2021\SDRW2100002153\SDRW2100002153.1.1.111.lab,69,D:\20_AUDIO\03_wav\individual\2021\SDRW2100002153\SDRW2100002153.1.1.111.wav,True,False,exclude_source_audio_unusable
2021,SDRW2100002153,SDRW2100002153.1.1.112,no_textgrid_after_mfa,D:\20_AUDIO\03_wav\individual\2021\SDRW2100002153\SDRW2100002153.1.1.112.lab,83,D:\20_AUDIO\03_wav\individual\2021\SDRW2100002153\SDRW2100002153.1.1.112.wav,True,False,exclude_source_audio_unusable
2021,SDRW2100002153,SDRW2100002153.1.1.113,no_textgrid_after_mfa,D:\20_AUDIO\03_wav\individual\2021\SDRW2100002153\SDRW2100002153.1.1.113.lab,52,D:\20_AUDIO\03_wav\individual\2021\SDRW2100002153\SDRW2100002153.1.1.113.wav,True,False,exclude_source_audio_unusable
2021,SDRW2100002153,SDRW2100002153.1.1.114,no_textgrid_after_mfa,D:\20_AUDIO\03_wav\individual\2021\SDRW2100002153\SDRW2100002153.1.1.114.lab,3,D:\20_AUDIO\03_wav\individual\2021\SDRW2100002153\SDRW2100002153.1.1.114.wav,True,False,exclude_source_audio_unusable
2021,SDRW2100002153,SDRW2100002153.1.1.115,no_textgrid_after_mfa,D:\20_AUDIO\03_wav\individual\2021\SDRW2100002153\SDRW2100002153.1.1.115.lab,70,D:\20_AUDIO\03_wav\individual\2021\SDRW2100002153\SDRW2100002153.1.1.115.wav,True,False,exclude_source_audio_unusable
2021,SDRW2100002153,SDRW2100002153.1.1.116,no_textgrid_after_mfa,D:\20_AUDIO\03_wav\individual\2021\SDRW2100002153\SDRW2100002153.1.1.116.lab,43,D:\20_AUDIO\03_wav\individual\2021\SDRW2100002153\SDRW2100002153.1.1.116.wav,True,False,exclude_source_audio_unusable
2021,SDRW2100002153,SDRW2100002153.1.1.117,no_textgrid_after_mfa,D:\20_AUDIO\03_wav\individual\2021\SDRW2100002153\SDRW2100002153.1.1.117.lab,36,D:\20_AUDIO\03_wav\individual\2021\SDRW2100002153\SDRW2100002153.1.1.117.wav,True,False,exclude_source_audio_unusable
2021,SDRW2100002153,SDRW2100002153.1.1.118,no_textgrid_after_mfa,D:\20_AUDIO\03_wav\individual\2021\SDRW2100002153\SDRW2100002153.1.1.118.lab,44,D:\20_AUDIO\03_wav\individual\2021\SDRW2100002153\SDRW2100002153.1.1.118.wav,True,False,exclude_source_audio_unusable
2021,SDRW2100002153,SDRW2100002153.1.1.119,no_textgrid_after_mfa,D:\20_AUDIO\03_wav\individual\2021\SDRW2100002153\SDRW2100002153.1.1.119.lab,71,D:\20_AUDIO\03_wav\individual\2021\SDRW2100002153\SDRW2100002153.1.1.119.wav,True,False,exclude_source_audio_unusable
2021,SDRW2100002153,SDRW2100002153.1.1.12,no_textgrid_after_mfa,D:\20_AUDIO\03_wav\individual\2021\SDRW2100002153\SDRW2100002153.1.1.12.lab,55,D:\20_AUDIO\03_wav\individual\2021\SDRW2100002153\SDRW2100002153.1.1.12.wav,True,False,exclude_source_audio_unusable
2021,SDRW2100002153,SDRW2100002153.1.1.120,no_textgrid_after_mfa,D:\20_AUDIO\03_wav\individual\2021\SDRW2100002153\SDRW2100002153.1.1.120.lab,55,D:\20_AUDIO\03_wav\individual\2021\SDRW2100002153\SDRW2100002153.1.1.120.wav,True,False,exclude_source_audio_unusable
2021,SDRW2100002153,SDRW2100002153.1.1.121,no_textgrid_after_mfa,D:\20_AUDIO\03_wav\individual\2021\SDRW2100002153\SDRW2100002153.1.1.121.lab,54,D:\20_AUDIO\03_wav\individual\2021\SDRW2100002153\SDRW2100002153.1.1.121.wav,True,False,exclude_source_audio_unusable
2021,SDRW2100002153,SDRW2100002153.1.1.122,no_textgrid_after_mfa,D:\20_AUDIO\03_wav\individual\2021\SDRW2100002153\SDRW2100002153.1.1.122.lab,59,D:\20_AUDIO\03_wav\individual\2021\SDRW2100002153\SDRW2100002153.1.1.122.wav,True,False,exclude_source_audio_unusable
2021,SDRW2100002153,SDRW2100002153.1.1.123,no_textgrid_after_mfa,D:\20_AUDIO\03_wav\individual\2021\SDRW2100002153\SDRW2100002153.1.1.123.lab,114,D:\20_AUDIO\03_wav\individual\2021\SDRW2100002153\SDRW2100002153.1.1.123.wav,True,False,exclude_source_audio_unusable
2021,SDRW2100002153,SDRW2100002153.1.1.124,no_textgrid_after_mfa,D:\20_AUDIO\03_wav\individual\2021\SDRW2100002153\SDRW2100002153.1.1.124.lab,76,D:\20_AUDIO\03_wav\individual\2021\SDRW2100002153\SDRW2100002153.1.1.124.wav,True,False,exclude_source_audio_unusable
2021,SDRW2100002153,SDRW2100002153.1.1.125,no_textgrid_after_mfa,D:\20_AUDIO\03_wav\individual\2021\SDRW2100002153\SDRW2100002153.1.1.125.lab,53,D:\20_AUDIO\03_wav\individual\2021\SDRW2100002153\SDRW2100002153.1.1.125.wav,True,False,exclude_source_audio_unusable
2021,SDRW2100002153,SDRW2100002153.1.1.126,no_textgrid_after_mfa,D:\20_AUDIO\03_wav\individual\2021\SDRW2100002153\SDRW2100002153.1.1.126.lab,56,D:\20_AUDIO\03_wav\individual\2021\SDRW2100002153\SDRW2100002153.1.1.126.wav,True,False,exclude_source_audio_unusable
2021,SDRW2100002153,SDRW2100002153.1.1.127,no_textgrid_after_mfa,D:\20_AUDIO\03_wav\individual\2021\SDRW2100002153\SDRW2100002153.1.1.127.lab,64,D:\20_AUDIO\03_wav\individual\2021\SDRW2100002153\SDRW2100002153.1.1.127.wav,True,False,exclude_source_audio_unusable
2021,SDRW2100002153,SDRW2100002153.1.1.128,no_textgrid_after_mfa,D:\20_AUDIO\03_wav\individual\2021\SDRW2100002153\SDRW2100002153.1.1.128.lab,100,D:\20_AUDIO\03_wav\individual\2021\SDRW2100002153\SDRW2100002153.1.1.128.wav,True,False,exclude_source_audio_unusable
2021,SDRW2100002153,SDRW2100002153.1.1.129,no_textgrid_after_mfa,D:\20_AUDIO\03_wav\individual\2021\SDRW2100002153\SDRW2100002153.1.1.129.lab,52,D:\20_AUDIO\03_wav\individual\2021\SDRW2100002153\SDRW2100002153.1.1.129.wav,True,False,exclude_source_audio_unusable
2021,SDRW2100002153,SDRW2100002153.1.1.13,no_textgrid_after_mfa,D:\20_AUDIO\03_wav\individual\2021\SDRW2100002153\SDRW2100002153.1.1.13.lab,37,D:\20_AUDIO\03_wav\individual\2021\SDRW2100002153\SDRW2100002153.1.1.13.wav,True,False,exclude_source_audio_unusable
2021,SDRW2100002153,SDRW2100002153.1.1.130,no_textgrid_after_mfa,D:\20_AUDIO\03_wav\individual\2021\SDRW2100002153\SDRW2100002153.1.1.130.lab,29,D:\20_AUDIO\03_wav\individual\2021\SDRW2100002153\SDRW2100002153.1.1.130.wav,True,False,exclude_source_audio_unusable
2021,SDRW2100002153,SDRW2100002153.1.1.131,no_textgrid_after_mfa,D:\20_AUDIO\03_wav\individual\2021\SDRW2100002153\SDRW2100002153.1.1.131.lab,29,D:\20_AUDIO\03_wav\individual\2021\SDRW2100002153\SDRW2100002153.1.1.131.wav,True,False,exclude_source_audio_unusable
2021,SDRW2100002153,SDRW2100002153.1.1.132,no_textgrid_after_mfa,D:\20_AUDIO\03_wav\individual\2021\SDRW2100002153\SDRW2100002153.1.1.132.lab,32,D:\20_AUDIO\03_wav\individual\2021\SDRW2100002153\SDRW2100002153.1.1.132.wav,True,False,exclude_source_audio_unusable
2021,SDRW2100002153,SDRW2100002153.1.1.133,no_textgrid_after_mfa,D:\20_AUDIO\03_wav\individual\2021\SDRW2100002153\SDRW2100002153.1.1.133.lab,23,D:\20_AUDIO\03_wav\individual\2021\SDRW2100002153\SDRW2100002153.1.1.133.wav,True,False,exclude_source_audio_unusable
2021,SDRW2100002153,SDRW2100002153.1.1.134,no_textgrid_after_mfa,D:\20_AUDIO\03_wav\individual\2021\SDRW2100002153\SDRW2100002153.1.1.134.lab,29,D:\20_AUDIO\03_wav\individual\2021\SDRW2100002153\SDRW2100002153.1.1.134.wav,True,False,exclude_source_audio_unusable
2021,SDRW2100002153,SDRW2100002153.1.1.135,no_textgrid_after_mfa,D:\20_AUDIO\03_wav\individual\2021\SDRW2100002153\SDRW2100002153.1.1.135.lab,75,D:\20_AUDIO\03_wav\individual\2021\SDRW2100002153\SDRW2100002153.1.1.135.wav,True,False,exclude_source_audio_unusable
2021,SDRW2100002153,SDRW2100002153.1.1.136,no_textgrid_after_mfa,D:\20_AUDIO\03_wav\individual\2021\SDRW2100002153\SDRW2100002153.1.1.136.lab,66,D:\20_AUDIO\03_wav\individual\2021\SDRW2100002153\SDRW2100002153.1.1.136.wav,True,False,exclude_source_audio_unusable
2021,SDRW2100002153,SDRW2100002153.1.1.137,no_textgrid_after_mfa,D:\20_AUDIO\03_wav\individual\2021\SDRW2100002153\SDRW2100002153.1.1.137.lab,64,D:\20_AUDIO\03_wav\individual\2021\SDRW2100002153\SDRW2100002153.1.1.137.wav,True,False,exclude_source_audio_unusable
2021,SDRW2100002153,SDRW2100002153.1.1.138,no_textgrid_after_mfa,D:\20_AUDIO\03_wav\individual\2021\SDRW2100002153\SDRW2100002153.1.1.138.lab,60,D:\20_AUDIO\03_wav\individual\2021\SDRW2100002153\SDRW2100002153.1.1.138.wav,True,False,exclude_source_audio_unusable
2021,SDRW2100002153,SDRW2100002153.1.1.139,no_textgrid_after_mfa,D:\20_AUDIO\03_wav\individual\2021\SDRW2100002153\SDRW2100002153.1.1.139.lab,52,D:\20_AUDIO\03_wav\individual\2021\SDRW2100002153\SDRW2100002153.1.1.139.wav,True,False,exclude_source_audio_unusable
2021,SDRW2100002153,SDRW2100002153.1.1.14,no_textgrid_after_mfa,D:\20_AUDIO\03_wav\individual\2021\SDRW2100002153\SDRW2100002153.1.1.14.lab,20,D:\20_AUDIO\03_wav\individual\2021\SDRW2100002153\SDRW2100002153.1.1.14.wav,True,False,exclude_source_audio_unusable
2021,SDRW2100002153,SDRW2100002153.1.1.140,no_textgrid_after_mfa,D:\20_AUDIO\03_wav\individual\2021\SDRW2100002153\SDRW2100002153.1.1.140.lab,26,D:\20_AUDIO\03_wav\individual\2021\SDRW2100002153\SDRW2100002153.1.1.140.wav,True,False,exclude_source_audio_unusable
2021,SDRW2100002153,SDRW2100002153.1.1.141,no_textgrid_after_mfa,D:\20_AUDIO\03_wav\individual\2021\SDRW2100002153\SDRW2100002153.1.1.141.lab,77,D:\20_AUDIO\03_wav\individual\2021\SDRW2100002153\SDRW2100002153.1.1.141.wav,True,False,exclude_source_audio_unusable
2021,SDRW2100002153,SDRW2100002153.1.1.142,no_textgrid_after_mfa,D:\20_AUDIO\03_wav\individual\2021\SDRW2100002153\SDRW2100002153.1.1.142.lab,48,D:\20_AUDIO\03_wav\individual\2021\SDRW2100002153\SDRW2100002153.1.1.142.wav,True,False,exclude_source_audio_unusable
2021,SDRW2100002153,SDRW2100002153.1.1.143,no_textgrid_after_mfa,D:\20_AUDIO\03_wav\individual\2021\SDRW2100002153\SDRW2100002153.1.1.143.lab,43,D:\20_AUDIO\03_wav\individual\2021\SDRW2100002153\SDRW2100002153.1.1.143.wav,True,False,exclude_source_audio_unusable
2021,SDRW2100002153,SDRW2100002153.1.1.144,no_textgrid_after_mfa,D:\20_AUDIO\03_wav\individual\2021\SDRW2100002153\SDRW2100002153.1.1.144.lab,56,D:\20_AUDIO\03_wav\individual\2021\SDRW2100002153\SDRW2100002153.1.1.144.wav,True,False,exclude_source_audio_unusable
2021,SDRW2100002153,SDRW2100002153.1.1.145,no_textgrid_after_mfa,D:\20_AUDIO\03_wav\individual\2021\SDRW2100002153\SDRW2100002153.1.1.145.lab,81,D:\20_AUDIO\03_wav\individual\2021\SDRW2100002153\SDRW2100002153.1.1.145.wav,True,False,exclude_source_audio_unusable
2021,SDRW2100002153,SDRW2100002153.1.1.146,no_textgrid_after_mfa,D:\20_AUDIO\03_wav\individual\2021\SDRW2100002153\SDRW2100002153.1.1.146.lab,44,D:\20_AUDIO\03_wav\individual\2021\SDRW2100002153\SDRW2100002153.1.1.146.wav,True,False,exclude_source_audio_unusable
2021,SDRW2100002153,SDRW2100002153.1.1.147,no_textgrid_after_mfa,D:\20_AUDIO\03_wav\individual\2021\SDRW2100002153\SDRW2100002153.1.1.147.lab,68,D:\20_AUDIO\03_wav\individual\2021\SDRW2100002153\SDRW2100002153.1.1.147.wav,True,False,exclude_source_audio_unusable
2021,SDRW2100002153,SDRW2100002153.1.1.148,no_textgrid_after_mfa,D:\20_AUDIO\03_wav\individual\2021\SDRW2100002153\SDRW2100002153.1.1.148.lab,69,D:\20_AUDIO\03_wav\individual\2021\SDRW2100002153\SDRW2100002153.1.1.148.wav,True,False,exclude_source_audio_unusable
2021,SDRW2100002153,SDRW2100002153.1.1.149,no_textgrid_after_mfa,D:\20_AUDIO\03_wav\individual\2021\SDRW2100002153\SDRW2100002153.1.1.149.lab,58,D:\20_AUDIO\03_wav\individual\2021\SDRW2100002153\SDRW2100002153.1.1.149.wav,True,False,exclude_source_audio_unusable
2021,SDRW2100002153,SDRW2100002153.1.1.15,no_textgrid_after_mfa,D:\20_AUDIO\03_wav\individual\2021\SDRW2100002153\SDRW2100002153.1.1.15.lab,89,D:\20_AUDIO\03_wav\individual\2021\SDRW2100002153\SDRW2100002153.1.1.15.wav,True,False,exclude_source_audio_unusable
2021,SDRW2100002153,SDRW2100002153.1.1.150,no_textgrid_after_mfa,D:\20_AUDIO\03_wav\individual\2021\SDRW2100002153\SDRW2100002153.1.1.150.lab,86,D:\20_AUDIO\03_wav\individual\2021\SDRW2100002153\SDRW2100002153.1.1.150.wav,True,False,exclude_source_audio_unusable
2021,SDRW2100002153,SDRW2100002153.1.1.151,no_textgrid_after_mfa,D:\20_AUDIO\03_wav\individual\2021\SDRW2100002153\SDRW2100002153.1.1.151.lab,41,D:\20_AUDIO\03_wav\individual\2021\SDRW2100002153\SDRW2100002153.1.1.151.wav,True,False,exclude_source_audio_unusable
2021,SDRW2100002153,SDRW2100002153.1.1.152,no_textgrid_after_mfa,D:\20_AUDIO\03_wav\individual\2021\SDRW2100002153\SDRW2100002153.1.1.152.lab,42,D:\20_AUDIO\03_wav\individual\2021\SDRW2100002153\SDRW2100002153.1.1.152.wav,True,False,exclude_source_audio_unusable
2021,SDRW2100002153,SDRW2100002153.1.1.153,no_textgrid_after_mfa,D:\20_AUDIO\03_wav\individual\2021\SDRW2100002153\SDRW2100002153.1.1.153.lab,30,D:\20_AUDIO\03_wav\individual\2021\SDRW2100002153\SDRW2100002153.1.1.153.wav,True,False,exclude_source_audio_unusable
2021,SDRW2100002153,SDRW2100002153.1.1.154,no_textgrid_after_mfa,D:\20_AUDIO\03_wav\individual\2021\SDRW2100002153\SDRW2100002153.1.1.154.lab,60,D:\20_AUDIO\03_wav\individual\2021\SDRW2100002153\SDRW2100002153.1.1.154.wav,True,False,exclude_source_audio_unusable
2021,SDRW2100002153,SDRW2100002153.1.1.155,no_textgrid_after_mfa,D:\20_AUDIO\03_wav\individual\2021\SDRW2100002153\SDRW2100002153.1.1.155.lab,73,D:\20_AUDIO\03_wav\individual\2021\SDRW2100002153\SDRW2100002153.1.1.155.wav,True,False,exclude_source_audio_unusable
2021,SDRW2100002153,SDRW2100002153.1.1.156,no_textgrid_after_mfa,D:\20_AUDIO\03_wav\individual\2021\SDRW2100002153\SDRW2100002153.1.1.156.lab,58,D:\20_AUDIO\03_wav\individual\2021\SDRW2100002153\SDRW2100002153.1.1.156.wav,True,False,exclude_source_audio_unusable
2021,SDRW2100002153,SDRW2100002153.1.1.157,no_textgrid_after_mfa,D:\20_AUDIO\03_wav\individual\2021\SDRW2100002153\SDRW2100002153.1.1.157.lab,32,D:\20_AUDIO\03_wav\individual\2021\SDRW2100002153\SDRW2100002153.1.1.157.wav,True,False,exclude_source_audio_unusable
2021,SDRW2100002153,SDRW2100002153.1.1.158,no_textgrid_after_mfa,D:\20_AUDIO\03_wav\individual\2021\SDRW2100002153\SDRW2100002153.1.1.158.lab,36,D:\20_AUDIO\03_wav\individual\2021\SDRW2100002153\SDRW2100002153.1.1.158.wav,True,False,exclude_source_audio_unusable
2021,SDRW2100002153,SDRW2100002153.1.1.159,no_textgrid_after_mfa,D:\20_AUDIO\03_wav\individual\2021\SDRW2100002153\SDRW2100002153.1.1.159.lab,19,D:\20_AUDIO\03_wav\individual\2021\SDRW2100002153\SDRW2100002153.1.1.159.wav,True,False,exclude_source_audio_unusable
2021,SDRW2100002153,SDRW2100002153.1.1.16,no_textgrid_after_mfa,D:\20_AUDIO\03_wav\individual\2021\SDRW2100002153\SDRW2100002153.1.1.16.lab,40,D:\20_AUDIO\03_wav\individual\2021\SDRW2100002153\SDRW2100002153.1.1.16.wav,True,False,exclude_source_audio_unusable
2021,SDRW2100002153,SDRW2100002153.1.1.160,no_textgrid_after_mfa,D:\20_AUDIO\03_wav\individual\2021\SDRW2100002153\SDRW2100002153.1.1.160.lab,70,D:\20_AUDIO\03_wav\individual\2021\SDRW2100002153\SDRW2100002153.1.1.160.wav,True,False,exclude_source_audio_unusable
2021,SDRW2100002153,SDRW2100002153.1.1.161,no_textgrid_after_mfa,D:\20_AUDIO\03_wav\individual\2021\SDRW2100002153\SDRW2100002153.1.1.161.lab,9,D:\20_AUDIO\03_wav\individual\2021\SDRW2100002153\SDRW2100002153.1.1.161.wav,True,False,exclude_source_audio_unusable
2021,SDRW2100002153,SDRW2100002153.1.1.162,no_textgrid_after_mfa,D:\20_AUDIO\03_wav\individual\2021\SDRW2100002153\SDRW2100002153.1.1.162.lab,16,D:\20_AUDIO\03_wav\individual\2021\SDRW2100002153\SDRW2100002153.1.1.162.wav,True,False,exclude_source_audio_unusable
2021,SDRW2100002153,SDRW2100002153.1.1.163,no_textgrid_after_mfa,D:\20_AUDIO\03_wav\individual\2021\SDRW2100002153\SDRW2100002153.1.1.163.lab,107,D:\20_AUDIO\03_wav\individual\2021\SDRW2100002153\SDRW2100002153.1.1.163.wav,True,False,exclude_source_audio_unusable
2021,SDRW2100002153,SDRW2100002153.1.1.164,no_textgrid_after_mfa,D:\20_AUDIO\03_wav\individual\2021\SDRW2100002153\SDRW2100002153.1.1.164.lab,52,D:\20_AUDIO\03_wav\individual\2021\SDRW2100002153\SDRW2100002153.1.1.164.wav,True,False,exclude_source_audio_unusable
2021,SDRW2100002153,SDRW2100002153.1.1.165,no_textgrid_after_mfa,D:\20_AUDIO\03_wav\individual\2021\SDRW2100002153\SDRW2100002153.1.1.165.lab,54,D:\20_AUDIO\03_wav\individual\2021\SDRW2100002153\SDRW2100002153.1.1.165.wav,True,False,exclude_source_audio_unusable
2021,SDRW2100002153,SDRW2100002153.1.1.166,no_textgrid_after_mfa,D:\20_AUDIO\03_wav\individual\2021\SDRW2100002153\SDRW2100002153.1.1.166.lab,77,D:\20_AUDIO\03_wav\individual\2021\SDRW2100002153\SDRW2100002153.1.1.166.wav,True,False,exclude_source_audio_unusable
2021,SDRW2100002153,SDRW2100002153.1.1.167,no_textgrid_after_mfa,D:\20_AUDIO\03_wav\individual\2021\SDRW2100002153\SDRW2100002153.1.1.167.lab,90,D:\20_AUDIO\03_wav\individual\2021\SDRW2100002153\SDRW2100002153.1.1.167.wav,True,False,exclude_source_audio_unusable
2021,SDRW2100002153,SDRW2100002153.1.1.168,no_textgrid_after_mfa,D:\20_AUDIO\03_wav\individual\2021\SDRW2100002153\SDRW2100002153.1.1.168.lab,19,D:\20_AUDIO\03_wav\individual\2021\SDRW2100002153\SDRW2100002153.1.1.168.wav,True,False,exclude_source_audio_unusable
2021,SDRW2100002153,SDRW2100002153.1.1.169,no_textgrid_after_mfa,D:\20_AUDIO\03_wav\individual\2021\SDRW2100002153\SDRW2100002153.1.1.169.lab,73,D:\20_AUDIO\03_wav\individual\2021\SDRW2100002153\SDRW2100002153.1.1.169.wav,True,False,exclude_source_audio_unusable
2021,SDRW2100002153,SDRW2100002153.1.1.17,no_textgrid_after_mfa,D:\20_AUDIO\03_wav\individual\2021\SDRW2100002153\SDRW2100002153.1.1.17.lab,59,D:\20_AUDIO\03_wav\individual\2021\SDRW2100002153\SDRW2100002153.1.1.17.wav,True,False,exclude_source_audio_unusable
2021,SDRW2100002153,SDRW2100002153.1.1.170,no_textgrid_after_mfa,D:\20_AUDIO\03_wav\individual\2021\SDRW2100002153\SDRW2100002153.1.1.170.lab,22,D:\20_AUDIO\03_wav\individual\2021\SDRW2100002153\SDRW2100002153.1.1.170.wav,True,False,exclude_source_audio_unusable
2021,SDRW2100002153,SDRW2100002153.1.1.171,no_textgrid_after_mfa,D:\20_AUDIO\03_wav\individual\2021\SDRW2100002153\SDRW2100002153.1.1.171.lab,62,D:\20_AUDIO\03_wav\individual\2021\SDRW2100002153\SDRW2100002153.1.1.171.wav,True,False,exclude_source_audio_unusable
2021,SDRW2100002153,SDRW2100002153.1.1.172,no_textgrid_after_mfa,D:\20_AUDIO\03_wav\individual\2021\SDRW2100002153\SDRW2100002153.1.1.172.lab,64,D:\20_AUDIO\03_wav\individual\2021\SDRW2100002153\SDRW2100002153.1.1.172.wav,True,False,exclude_source_audio_unusable
2021,SDRW2100002153,SDRW2100002153.1.1.173,no_textgrid_after_mfa,D:\20_AUDIO\03_wav\individual\2021\SDRW2100002153\SDRW2100002153.1.1.173.lab,65,D:\20_AUDIO\03_wav\individual\2021\SDRW2100002153\SDRW2100002153.1.1.173.wav,True,False,exclude_source_audio_unusable
2021,SDRW2100002153,SDRW2100002153.1.1.174,no_textgrid_after_mfa,D:\20_AUDIO\03_wav\individual\2021\SDRW2100002153\SDRW2100002153.1.1.174.lab,59,D:\20_AUDIO\03_wav\individual\2021\SDRW2100002153\SDRW2100002153.1.1.174.wav,True,False,exclude_source_audio_unusable
2021,SDRW2100002153,SDRW2100002153.1.1.175,no_textgrid_after_mfa,D:\20_AUDIO\03_wav\individual\2021\SDRW2100002153\SDRW2100002153.1.1.175.lab,81,D:\20_AUDIO\03_wav\individual\2021\SDRW2100002153\SDRW2100002153.1.1.175.wav,True,False,exclude_source_audio_unusable
2021,SDRW2100002153,SDRW2100002153.1.1.176,no_textgrid_after_mfa,D:\20_AUDIO\03_wav\individual\2021\SDRW2100002153\SDRW2100002153.1.1.176.lab,30,D:\20_AUDIO\03_wav\individual\2021\SDRW2100002153\SDRW2100002153.1.1.176.wav,True,False,exclude_source_audio_unusable
2021,SDRW2100002153,SDRW2100002153.1.1.177,no_textgrid_after_mfa,D:\20_AUDIO\03_wav\individual\2021\SDRW2100002153\SDRW2100002153.1.1.177.lab,40,D:\20_AUDIO\03_wav\individual\2021\SDRW2100002153\SDRW2100002153.1.1.177.wav,True,False,exclude_source_audio_unusable
2021,SDRW2100002153,SDRW2100002153.1.1.178,no_textgrid_after_mfa,D:\20_AUDIO\03_wav\individual\2021\SDRW2100002153\SDRW2100002153.1.1.178.lab,76,D:\20_AUDIO\03_wav\individual\2021\SDRW2100002153\SDRW2100002153.1.1.178.wav,True,False,exclude_source_audio_unusable
2021,SDRW2100002153,SDRW2100002153.1.1.179,no_textgrid_after_mfa,D:\20_AUDIO\03_wav\individual\2021\SDRW2100002153\SDRW2100002153.1.1.179.lab,50,D:\20_AUDIO\03_wav\individual\2021\SDRW2100002153\SDRW2100002153.1.1.179.wav,True,False,exclude_source_audio_unusable
2021,SDRW2100002153,SDRW2100002153.1.1.18,no_textgrid_after_mfa,D:\20_AUDIO\03_wav\individual\2021\SDRW2100002153\SDRW2100002153.1.1.18.lab,43,D:\20_AUDIO\03_wav\individual\2021\SDRW2100002153\SDRW2100002153.1.1.18.wav,True,False,exclude_source_audio_unusable
2021,SDRW2100002153,SDRW2100002153.1.1.180,no_textgrid_after_mfa,D:\20_AUDIO\03_wav\individual\2021\SDRW2100002153\SDRW2100002153.1.1.180.lab,81,D:\20_AUDIO\03_wav\individual\2021\SDRW2100002153\SDRW2100002153.1.1.180.wav,True,False,exclude_source_audio_unusable
2021,SDRW2100002153,SDRW2100002153.1.1.181,no_textgrid_after_mfa,D:\20_AUDIO\03_wav\individual\2021\SDRW2100002153\SDRW2100002153.1.1.181.lab,23,D:\20_AUDIO\03_wav\individual\2021\SDRW2100002153\SDRW2100002153.1.1.181.wav,True,False,exclude_source_audio_unusable
2021,SDRW2100002153,SDRW2100002153.1.1.182,no_textgrid_after_mfa,D:\20_AUDIO\03_wav\individual\2021\SDRW2100002153\SDRW2100002153.1.1.182.lab,88,D:\20_AUDIO\03_wav\individual\2021\SDRW2100002153\SDRW2100002153.1.1.182.wav,True,False,exclude_source_audio_unusable
2021,SDRW2100002153,SDRW2100002153.1.1.183,no_textgrid_after_mfa,D:\20_AUDIO\03_wav\individual\2021\SDRW2100002153\SDRW2100002153.1.1.183.lab,75,D:\20_AUDIO\03_wav\individual\2021\SDRW2100002153\SDRW2100002153.1.1.183.wav,True,False,exclude_source_audio_unusable
2021,SDRW2100002153,SDRW2100002153.1.1.184,no_textgrid_after_mfa,D:\20_AUDIO\03_wav\individual\2021\SDRW2100002153\SDRW2100002153.1.1.184.lab,44,D:\20_AUDIO\03_wav\individual\2021\SDRW2100002153\SDRW2100002153.1.1.184.wav,True,False,exclude_source_audio_unusable
2021,SDRW2100002153,SDRW2100002153.1.1.185,no_textgrid_after_mfa,D:\20_AUDIO\03_wav\individual\2021\SDRW2100002153\SDRW2100002153.1.1.185.lab,95,D:\20_AUDIO\03_wav\individual\2021\SDRW2100002153\SDRW2100002153.1.1.185.wav,True,False,exclude_source_audio_unusable
2021,SDRW2100002153,SDRW2100002153.1.1.186,no_textgrid_after_mfa,D:\20_AUDIO\03_wav\individual\2021\SDRW2100002153\SDRW2100002153.1.1.186.lab,37,D:\20_AUDIO\03_wav\individual\2021\SDRW2100002153\SDRW2100002153.1.1.186.wav,True,False,exclude_source_audio_unusable
2021,SDRW2100002153,SDRW2100002153.1.1.187,no_textgrid_after_mfa,D:\20_AUDIO\03_wav\individual\2021\SDRW2100002153\SDRW2100002153.1.1.187.lab,82,D:\20_AUDIO\03_wav\individual\2021\SDRW2100002153\SDRW2100002153.1.1.187.wav,True,False,exclude_source_audio_unusable
2021,SDRW2100002153,SDRW2100002153.1.1.188,no_textgrid_after_mfa,D:\20_AUDIO\03_wav\individual\2021\SDRW2100002153\SDRW2100002153.1.1.188.lab,40,D:\20_AUDIO\03_wav\individual\2021\SDRW2100002153\SDRW2100002153.1.1.188.wav,True,False,exclude_source_audio_unusable
2021,SDRW2100002153,SDRW2100002153.1.1.189,no_textgrid_after_mfa,D:\20_AUDIO\03_wav\individual\2021\SDRW2100002153\SDRW2100002153.1.1.189.lab,40,D:\20_AUDIO\03_wav\individual\2021\SDRW2100002153\SDRW2100002153.1.1.189.wav,True,False,exclude_source_audio_unusable
2021,SDRW2100002153,SDRW2100002153.1.1.19,no_textgrid_after_mfa,D:\20_AUDIO\03_wav\individual\2021\SDRW2100002153\SDRW2100002153.1.1.19.lab,60,D:\20_AUDIO\03_wav\individual\2021\SDRW2100002153\SDRW2100002153.1.1.19.wav,True,False,exclude_source_audio_unusable
2021,SDRW2100002153,SDRW2100002153.1.1.190,no_textgrid_after_mfa,D:\20_AUDIO\03_wav\individual\2021\SDRW2100002153\SDRW2100002153.1.1.190.lab,58,D:\20_AUDIO\03_wav\individual\2021\SDRW2100002153\SDRW2100002153.1.1.190.wav,True,False,exclude_source_audio_unusable
2021,SDRW2100002153,SDRW2100002153.1.1.191,no_textgrid_after_mfa,D:\20_AUDIO\03_wav\individual\2021\SDRW2100002153\SDRW2100002153.1.1.191.lab,3,D:\20_AUDIO\03_wav\individual\2021\SDRW2100002153\SDRW2100002153.1.1.191.wav,True,False,exclude_source_audio_unusable
2021,SDRW2100002153,SDRW2100002153.1.1.192,no_textgrid_after_mfa,D:\20_AUDIO\03_wav\individual\2021\SDRW2100002153\SDRW2100002153.1.1.192.lab,44,D:\20_AUDIO\03_wav\individual\2021\SDRW2100002153\SDRW2100002153.1.1.192.wav,True,False,exclude_source_audio_unusable
2021,SDRW2100002153,SDRW2100002153.1.1.193,no_textgrid_after_mfa,D:\20_AUDIO\03_wav\individual\2021\SDRW2100002153\SDRW2100002153.1.1.193.lab,95,D:\20_AUDIO\03_wav\individual\2021\SDRW2100002153\SDRW2100002153.1.1.193.wav,True,False,exclude_source_audio_unusable
2021,SDRW2100002153,SDRW2100002153.1.1.194,no_textgrid_after_mfa,D:\20_AUDIO\03_wav\individual\2021\SDRW2100002153\SDRW2100002153.1.1.194.lab,20,D:\20_AUDIO\03_wav\individual\2021\SDRW2100002153\SDRW2100002153.1.1.194.wav,True,False,exclude_source_audio_unusable
2021,SDRW2100002153,SDRW2100002153.1.1.195,no_textgrid_after_mfa,D:\20_AUDIO\03_wav\individual\2021\SDRW2100002153\SDRW2100002153.1.1.195.lab,3,D:\20_AUDIO\03_wav\individual\2021\SDRW2100002153\SDRW2100002153.1.1.195.wav,True,False,exclude_source_audio_unusable
2021,SDRW2100002153,SDRW2100002153.1.1.196,no_textgrid_after_mfa,D:\20_AUDIO\03_wav\individual\2021\SDRW2100002153\SDRW2100002153.1.1.196.lab,71,D:\20_AUDIO\03_wav\individual\2021\SDRW2100002153\SDRW2100002153.1.1.196.wav,True,False,exclude_source_audio_unusable
2021,SDRW2100002153,SDRW2100002153.1.1.197,no_textgrid_after_mfa,D:\20_AUDIO\03_wav\individual\2021\SDRW2100002153\SDRW2100002153.1.1.197.lab,83,D:\20_AUDIO\03_wav\individual\2021\SDRW2100002153\SDRW2100002153.1.1.197.wav,True,False,exclude_source_audio_unusable
2021,SDRW2100002153,SDRW2100002153.1.1.198,no_textgrid_after_mfa,D:\20_AUDIO\03_wav\individual\2021\SDRW2100002153\SDRW2100002153.1.1.198.lab,63,D:\20_AUDIO\03_wav\individual\2021\SDRW2100002153\SDRW2100002153.1.1.198.wav,True,False,exclude_source_audio_unusable
2021,SDRW2100002153,SDRW2100002153.1.1.199,no_textgrid_after_mfa,D:\20_AUDIO\03_wav\individual\2021\SDRW2100002153\SDRW2100002153.1.1.199.lab,70,D:\20_AUDIO\03_wav\individual\2021\SDRW2100002153\SDRW2100002153.1.1.199.wav,True,False,exclude_source_audio_unusable
2021,SDRW2100002153,SDRW2100002153.1.1.2,no_textgrid_after_mfa,D:\20_AUDIO\03_wav\individual\2021\SDRW2100002153\SDRW2100002153.1.1.2.lab,61,D:\20_AUDIO\03_wav\individual\2021\SDRW2100002153\SDRW2100002153.1.1.2.wav,True,False,exclude_source_audio_unusable
2021,SDRW2100002153,SDRW2100002153.1.1.20,no_textgrid_after_mfa,D:\20_AUDIO\03_wav\individual\2021\SDRW2100002153\SDRW2100002153.1.1.20.lab,44,D:\20_AUDIO\03_wav\individual\2021\SDRW2100002153\SDRW2100002153.1.1.20.wav,True,False,exclude_source_audio_unusable
2021,SDRW2100002153,SDRW2100002153.1.1.200,no_textgrid_after_mfa,D:\20_AUDIO\03_wav\individual\2021\SDRW2100002153\SDRW2100002153.1.1.200.lab,39,D:\20_AUDIO\03_wav\individual\2021\SDRW2100002153\SDRW2100002153.1.1.200.wav,True,False,exclude_source_audio_unusable
2021,SDRW2100002153,SDRW2100002153.1.1.201,no_textgrid_after_mfa,D:\20_AUDIO\03_wav\individual\2021\SDRW2100002153\SDRW2100002153.1.1.201.lab,40,D:\20_AUDIO\03_wav\individual\2021\SDRW2100002153\SDRW2100002153.1.1.201.wav,True,False,exclude_source_audio_unusable
2021,SDRW2100002153,SDRW2100002153.1.1.202,no_textgrid_after_mfa,D:\20_AUDIO\03_wav\individual\2021\SDRW2100002153\SDRW2100002153.1.1.202.lab,22,D:\20_AUDIO\03_wav\individual\2021\SDRW2100002153\SDRW2100002153.1.1.202.wav,True,False,exclude_source_audio_unusable
2021,SDRW2100002153,SDRW2100002153.1.1.203,no_textgrid_after_mfa,D:\20_AUDIO\03_wav\individual\2021\SDRW2100002153\SDRW2100002153.1.1.203.lab,37,D:\20_AUDIO\03_wav\individual\2021\SDRW2100002153\SDRW2100002153.1.1.203.wav,True,False,exclude_source_audio_unusable
2021,SDRW2100002153,SDRW2100002153.1.1.204,no_textgrid_after_mfa,D:\20_AUDIO\03_wav\individual\2021\SDRW2100002153\SDRW2100002153.1.1.204.lab,104,D:\20_AUDIO\03_wav\individual\2021\SDRW2100002153\SDRW2100002153.1.1.204.wav,True,False,exclude_source_audio_unusable
2021,SDRW2100002153,SDRW2100002153.1.1.205,no_textgrid_after_mfa,D:\20_AUDIO\03_wav\individual\2021\SDRW2100002153\SDRW2100002153.1.1.205.lab,92,D:\20_AUDIO\03_wav\individual\2021\SDRW2100002153\SDRW2100002153.1.1.205.wav,True,False,exclude_source_audio_unusable
2021,SDRW2100002153,SDRW2100002153.1.1.206,no_textgrid_after_mfa,D:\20_AUDIO\03_wav\individual\2021\SDRW2100002153\SDRW2100002153.1.1.206.lab,43,D:\20_AUDIO\03_wav\individual\2021\SDRW2100002153\SDRW2100002153.1.1.206.wav,True,False,exclude_source_audio_unusable
2021,SDRW2100002153,SDRW2100002153.1.1.207,no_textgrid_after_mfa,D:\20_AUDIO\03_wav\individual\2021\SDRW2100002153\SDRW2100002153.1.1.207.lab,36,D:\20_AUDIO\03_wav\individual\2021\SDRW2100002153\SDRW2100002153.1.1.207.wav,True,False,exclude_source_audio_unusable
2021,SDRW2100002153,SDRW2100002153.1.1.208,no_textgrid_after_mfa,D:\20_AUDIO\03_wav\individual\2021\SDRW2100002153\SDRW2100002153.1.1.208.lab,74,D:\20_AUDIO\03_wav\individual\2021\SDRW2100002153\SDRW2100002153.1.1.208.wav,True,False,exclude_source_audio_unusable
2021,SDRW2100002153,SDRW2100002153.1.1.209,no_textgrid_after_mfa,D:\20_AUDIO\03_wav\individual\2021\SDRW2100002153\SDRW2100002153.1.1.209.lab,66,D:\20_AUDIO\03_wav\individual\2021\SDRW2100002153\SDRW2100002153.1.1.209.wav,True,False,exclude_source_audio_unusable
2021,SDRW2100002153,SDRW2100002153.1.1.21,no_textgrid_after_mfa,D:\20_AUDIO\03_wav\individual\2021\SDRW2100002153\SDRW2100002153.1.1.21.lab,23,D:\20_AUDIO\03_wav\individual\2021\SDRW2100002153\SDRW2100002153.1.1.21.wav,True,False,exclude_source_audio_unusable
2021,SDRW2100002153,SDRW2100002153.1.1.210,no_textgrid_after_mfa,D:\20_AUDIO\03_wav\individual\2021\SDRW2100002153\SDRW2100002153.1.1.210.lab,68,D:\20_AUDIO\03_wav\individual\2021\SDRW2100002153\SDRW2100002153.1.1.210.wav,True,False,exclude_source_audio_unusable
2021,SDRW2100002153,SDRW2100002153.1.1.211,no_textgrid_after_mfa,D:\20_AUDIO\03_wav\individual\2021\SDRW2100002153\SDRW2100002153.1.1.211.lab,50,D:\20_AUDIO\03_wav\individual\2021\SDRW2100002153\SDRW2100002153.1.1.211.wav,True,False,exclude_source_audio_unusable
2021,SDRW2100002153,SDRW2100002153.1.1.212,no_textgrid_after_mfa,D:\20_AUDIO\03_wav\individual\2021\SDRW2100002153\SDRW2100002153.1.1.212.lab,37,D:\20_AUDIO\03_wav\individual\2021\SDRW2100002153\SDRW2100002153.1.1.212.wav,True,False,exclude_source_audio_unusable
2021,SDRW2100002153,SDRW2100002153.1.1.213,no_textgrid_after_mfa,D:\20_AUDIO\03_wav\individual\2021\SDRW2100002153\SDRW2100002153.1.1.213.lab,41,D:\20_AUDIO\03_wav\individual\2021\SDRW2100002153\SDRW2100002153.1.1.213.wav,True,False,exclude_source_audio_unusable
2021,SDRW2100002153,SDRW2100002153.1.1.214,no_textgrid_after_mfa,D:\20_AUDIO\03_wav\individual\2021\SDRW2100002153\SDRW2100002153.1.1.214.lab,37,D:\20_AUDIO\03_wav\individual\2021\SDRW2100002153\SDRW2100002153.1.1.214.wav,True,False,exclude_source_audio_unusable
2021,SDRW2100002153,SDRW2100002153.1.1.215,no_textgrid_after_mfa,D:\20_AUDIO\03_wav\individual\2021\SDRW2100002153\SDRW2100002153.1.1.215.lab,76,D:\20_AUDIO\03_wav\individual\2021\SDRW2100002153\SDRW2100002153.1.1.215.wav,True,False,exclude_source_audio_unusable
2021,SDRW2100002153,SDRW2100002153.1.1.216,no_textgrid_after_mfa,D:\20_AUDIO\03_wav\individual\2021\SDRW2100002153\SDRW2100002153.1.1.216.lab,26,D:\20_AUDIO\03_wav\individual\2021\SDRW2100002153\SDRW2100002153.1.1.216.wav,True,False,exclude_source_audio_unusable
2021,SDRW2100002153,SDRW2100002153.1.1.217,no_textgrid_after_mfa,D:\20_AUDIO\03_wav\individual\2021\SDRW2100002153\SDRW2100002153.1.1.217.lab,52,D:\20_AUDIO\03_wav\individual\2021\SDRW2100002153\SDRW2100002153.1.1.217.wav,True,False,exclude_source_audio_unusable
2021,SDRW2100002153,SDRW2100002153.1.1.218,no_textgrid_after_mfa,D:\20_AUDIO\03_wav\individual\2021\SDRW2100002153\SDRW2100002153.1.1.218.lab,34,D:\20_AUDIO\03_wav\individual\2021\SDRW2100002153\SDRW2100002153.1.1.218.wav,True,False,exclude_source_audio_unusable
2021,SDRW2100002153,SDRW2100002153.1.1.219,no_textgrid_after_mfa,D:\20_AUDIO\03_wav\individual\2021\SDRW2100002153\SDRW2100002153.1.1.219.lab,38,D:\20_AUDIO\03_wav\individual\2021\SDRW2100002153\SDRW2100002153.1.1.219.wav,True,False,exclude_source_audio_unusable
2021,SDRW2100002153,SDRW2100002153.1.1.22,no_textgrid_after_mfa,D:\20_AUDIO\03_wav\individual\2021\SDRW2100002153\SDRW2100002153.1.1.22.lab,45,D:\20_AUDIO\03_wav\individual\2021\SDRW2100002153\SDRW2100002153.1.1.22.wav,True,False,exclude_source_audio_unusable
2021,SDRW2100002153,SDRW2100002153.1.1.220,no_textgrid_after_mfa,D:\20_AUDIO\03_wav\individual\2021\SDRW2100002153\SDRW2100002153.1.1.220.lab,16,D:\20_AUDIO\03_wav\individual\2021\SDRW2100002153\SDRW2100002153.1.1.220.wav,True,False,exclude_source_audio_unusable
2021,SDRW2100002153,SDRW2100002153.1.1.221,no_textgrid_after_mfa,D:\20_AUDIO\03_wav\individual\2021\SDRW2100002153\SDRW2100002153.1.1.221.lab,64,D:\20_AUDIO\03_wav\individual\2021\SDRW2100002153\SDRW2100002153.1.1.221.wav,True,False,exclude_source_audio_unusable
2021,SDRW2100002153,SDRW2100002153.1.1.222,no_textgrid_after_mfa,D:\20_AUDIO\03_wav\individual\2021\SDRW2100002153\SDRW2100002153.1.1.222.lab,50,D:\20_AUDIO\03_wav\individual\2021\SDRW2100002153\SDRW2100002153.1.1.222.wav,True,False,exclude_source_audio_unusable
2021,SDRW2100002153,SDRW2100002153.1.1.223,no_textgrid_after_mfa,D:\20_AUDIO\03_wav\individual\2021\SDRW2100002153\SDRW2100002153.1.1.223.lab,77,D:\20_AUDIO\03_wav\individual\2021\SDRW2100002153\SDRW2100002153.1.1.223.wav,True,False,exclude_source_audio_unusable
2021,SDRW2100002153,SDRW2100002153.1.1.224,no_textgrid_after_mfa,D:\20_AUDIO\03_wav\individual\2021\SDRW2100002153\SDRW2100002153.1.1.224.lab,59,D:\20_AUDIO\03_wav\individual\2021\SDRW2100002153\SDRW2100002153.1.1.224.wav,True,False,exclude_source_audio_unusable
2021,SDRW2100002153,SDRW2100002153.1.1.225,no_textgrid_after_mfa,D:\20_AUDIO\03_wav\individual\2021\SDRW2100002153\SDRW2100002153.1.1.225.lab,20,D:\20_AUDIO\03_wav\individual\2021\SDRW2100002153\SDRW2100002153.1.1.225.wav,True,False,exclude_source_audio_unusable
2021,SDRW2100002153,SDRW2100002153.1.1.226,no_textgrid_after_mfa,D:\20_AUDIO\03_wav\individual\2021\SDRW2100002153\SDRW2100002153.1.1.226.lab,20,D:\20_AUDIO\03_wav\individual\2021\SDRW2100002153\SDRW2100002153.1.1.226.wav,True,False,exclude_source_audio_unusable
2021,SDRW2100002153,SDRW2100002153.1.1.227,no_textgrid_after_mfa,D:\20_AUDIO\03_wav\individual\2021\SDRW2100002153\SDRW2100002153.1.1.227.lab,93,D:\20_AUDIO\03_wav\individual\2021\SDRW2100002153\SDRW2100002153.1.1.227.wav,True,False,exclude_source_audio_unusable
2021,SDRW2100002153,SDRW2100002153.1.1.228,no_textgrid_after_mfa,D:\20_AUDIO\03_wav\individual\2021\SDRW2100002153\SDRW2100002153.1.1.228.lab,82,D:\20_AUDIO\03_wav\individual\2021\SDRW2100002153\SDRW2100002153.1.1.228.wav,True,False,exclude_source_audio_unusable
2021,SDRW2100002153,SDRW2100002153.1.1.229,no_textgrid_after_mfa,D:\20_AUDIO\03_wav\individual\2021\SDRW2100002153\SDRW2100002153.1.1.229.lab,45,D:\20_AUDIO\03_wav\individual\2021\SDRW2100002153\SDRW2100002153.1.1.229.wav,True,False,exclude_source_audio_unusable
2021,SDRW2100002153,SDRW2100002153.1.1.23,no_textgrid_after_mfa,D:\20_AUDIO\03_wav\individual\2021\SDRW2100002153\SDRW2100002153.1.1.23.lab,60,D:\20_AUDIO\03_wav\individual\2021\SDRW2100002153\SDRW2100002153.1.1.23.wav,True,False,exclude_source_audio_unusable
2021,SDRW2100002153,SDRW2100002153.1.1.230,no_textgrid_after_mfa,D:\20_AUDIO\03_wav\individual\2021\SDRW2100002153\SDRW2100002153.1.1.230.lab,85,D:\20_AUDIO\03_wav\individual\2021\SDRW2100002153\SDRW2100002153.1.1.230.wav,True,False,exclude_source_audio_unusable
2021,SDRW2100002153,SDRW2100002153.1.1.231,no_textgrid_after_mfa,D:\20_AUDIO\03_wav\individual\2021\SDRW2100002153\SDRW2100002153.1.1.231.lab,67,D:\20_AUDIO\03_wav\individual\2021\SDRW2100002153\SDRW2100002153.1.1.231.wav,True,False,exclude_source_audio_unusable
2021,SDRW2100002153,SDRW2100002153.1.1.232,no_textgrid_after_mfa,D:\20_AUDIO\03_wav\individual\2021\SDRW2100002153\SDRW2100002153.1.1.232.lab,111,D:\20_AUDIO\03_wav\individual\2021\SDRW2100002153\SDRW2100002153.1.1.232.wav,True,False,exclude_source_audio_unusable
2021,SDRW2100002153,SDRW2100002153.1.1.233,no_textgrid_after_mfa,D:\20_AUDIO\03_wav\individual\2021\SDRW2100002153\SDRW2100002153.1.1.233.lab,26,D:\20_AUDIO\03_wav\individual\2021\SDRW2100002153\SDRW2100002153.1.1.233.wav,True,False,exclude_source_audio_unusable
2021,SDRW2100002153,SDRW2100002153.1.1.234,no_textgrid_after_mfa,D:\20_AUDIO\03_wav\individual\2021\SDRW2100002153\SDRW2100002153.1.1.234.lab,27,D:\20_AUDIO\03_wav\individual\2021\SDRW2100002153\SDRW2100002153.1.1.234.wav,True,False,exclude_source_audio_unusable
2021,SDRW2100002153,SDRW2100002153.1.1.235,no_textgrid_after_mfa,D:\20_AUDIO\03_wav\individual\2021\SDRW2100002153\SDRW2100002153.1.1.235.lab,84,D:\20_AUDIO\03_wav\individual\2021\SDRW2100002153\SDRW2100002153.1.1.235.wav,True,False,exclude_source_audio_unusable
2021,SDRW2100002153,SDRW2100002153.1.1.236,no_textgrid_after_mfa,D:\20_AUDIO\03_wav\individual\2021\SDRW2100002153\SDRW2100002153.1.1.236.lab,70,D:\20_AUDIO\03_wav\individual\2021\SDRW2100002153\SDRW2100002153.1.1.236.wav,True,False,exclude_source_audio_unusable
2021,SDRW2100002153,SDRW2100002153.1.1.237,no_textgrid_after_mfa,D:\20_AUDIO\03_wav\individual\2021\SDRW2100002153\SDRW2100002153.1.1.237.lab,56,D:\20_AUDIO\03_wav\individual\2021\SDRW2100002153\SDRW2100002153.1.1.237.wav,True,False,exclude_source_audio_unusable
2021,SDRW2100002153,SDRW2100002153.1.1.238,no_textgrid_after_mfa,D:\20_AUDIO\03_wav\individual\2021\SDRW2100002153\SDRW2100002153.1.1.238.lab,32,D:\20_AUDIO\03_wav\individual\2021\SDRW2100002153\SDRW2100002153.1.1.238.wav,True,False,exclude_source_audio_unusable
2021,SDRW2100002153,SDRW2100002153.1.1.239,no_textgrid_after_mfa,D:\20_AUDIO\03_wav\individual\2021\SDRW2100002153\SDRW2100002153.1.1.239.lab,40,D:\20_AUDIO\03_wav\individual\2021\SDRW2100002153\SDRW2100002153.1.1.239.wav,True,False,exclude_source_audio_unusable
2021,SDRW2100002153,SDRW2100002153.1.1.24,no_textgrid_after_mfa,D:\20_AUDIO\03_wav\individual\2021\SDRW2100002153\SDRW2100002153.1.1.24.lab,98,D:\20_AUDIO\03_wav\individual\2021\SDRW2100002153\SDRW2100002153.1.1.24.wav,True,False,exclude_source_audio_unusable
2021,SDRW2100002153,SDRW2100002153.1.1.240,no_textgrid_after_mfa,D:\20_AUDIO\03_wav\individual\2021\SDRW2100002153\SDRW2100002153.1.1.240.lab,19,D:\20_AUDIO\03_wav\individual\2021\SDRW2100002153\SDRW2100002153.1.1.240.wav,True,False,exclude_source_audio_unusable
2021,SDRW2100002153,SDRW2100002153.1.1.241,no_textgrid_after_mfa,D:\20_AUDIO\03_wav\individual\2021\SDRW2100002153\SDRW2100002153.1.1.241.lab,91,D:\20_AUDIO\03_wav\individual\2021\SDRW2100002153\SDRW2100002153.1.1.241.wav,True,False,exclude_source_audio_unusable
2021,SDRW2100002153,SDRW2100002153.1.1.242,no_textgrid_after_mfa,D:\20_AUDIO\03_wav\individual\2021\SDRW2100002153\SDRW2100002153.1.1.242.lab,59,D:\20_AUDIO\03_wav\individual\2021\SDRW2100002153\SDRW2100002153.1.1.242.wav,True,False,exclude_source_audio_unusable
2021,SDRW2100002153,SDRW2100002153.1.1.243,no_textgrid_after_mfa,D:\20_AUDIO\03_wav\individual\2021\SDRW2100002153\SDRW2100002153.1.1.243.lab,22,D:\20_AUDIO\03_wav\individual\2021\SDRW2100002153\SDRW2100002153.1.1.243.wav,True,False,exclude_source_audio_unusable
2021,SDRW2100002153,SDRW2100002153.1.1.244,no_textgrid_after_mfa,D:\20_AUDIO\03_wav\individual\2021\SDRW2100002153\SDRW2100002153.1.1.244.lab,70,D:\20_AUDIO\03_wav\individual\2021\SDRW2100002153\SDRW2100002153.1.1.244.wav,True,False,exclude_source_audio_unusable
2021,SDRW2100002153,SDRW2100002153.1.1.245,no_textgrid_after_mfa,D:\20_AUDIO\03_wav\individual\2021\SDRW2100002153\SDRW2100002153.1.1.245.lab,59,D:\20_AUDIO\03_wav\individual\2021\SDRW2100002153\SDRW2100002153.1.1.245.wav,True,False,exclude_source_audio_unusable
2021,SDRW2100002153,SDRW2100002153.1.1.246,no_textgrid_after_mfa,D:\20_AUDIO\03_wav\individual\2021\SDRW2100002153\SDRW2100002153.1.1.246.lab,6,D:\20_AUDIO\03_wav\individual\2021\SDRW2100002153\SDRW2100002153.1.1.246.wav,True,False,exclude_source_audio_unusable
2021,SDRW2100002153,SDRW2100002153.1.1.247,no_textgrid_after_mfa,D:\20_AUDIO\03_wav\individual\2021\SDRW2100002153\SDRW2100002153.1.1.247.lab,88,D:\20_AUDIO\03_wav\individual\2021\SDRW2100002153\SDRW2100002153.1.1.247.wav,True,False,exclude_source_audio_unusable
2021,SDRW2100002153,SDRW2100002153.1.1.248,no_textgrid_after_mfa,D:\20_AUDIO\03_wav\individual\2021\SDRW2100002153\SDRW2100002153.1.1.248.lab,38,D:\20_AUDIO\03_wav\individual\2021\SDRW2100002153\SDRW2100002153.1.1.248.wav,True,False,exclude_source_audio_unusable
2021,SDRW2100002153,SDRW2100002153.1.1.25,no_textgrid_after_mfa,D:\20_AUDIO\03_wav\individual\2021\SDRW2100002153\SDRW2100002153.1.1.25.lab,54,D:\20_AUDIO\03_wav\individual\2021\SDRW2100002153\SDRW2100002153.1.1.25.wav,True,False,exclude_source_audio_unusable
2021,SDRW2100002153,SDRW2100002153.1.1.26,no_textgrid_after_mfa,D:\20_AUDIO\03_wav\individual\2021\SDRW2100002153\SDRW2100002153.1.1.26.lab,40,D:\20_AUDIO\03_wav\individual\2021\SDRW2100002153\SDRW2100002153.1.1.26.wav,True,False,exclude_source_audio_unusable
2021,SDRW2100002153,SDRW2100002153.1.1.27,no_textgrid_after_mfa,D:\20_AUDIO\03_wav\individual\2021\SDRW2100002153\SDRW2100002153.1.1.27.lab,50,D:\20_AUDIO\03_wav\individual\2021\SDRW2100002153\SDRW2100002153.1.1.27.wav,True,False,exclude_source_audio_unusable
2021,SDRW2100002153,SDRW2100002153.1.1.28,no_textgrid_after_mfa,D:\20_AUDIO\03_wav\individual\2021\SDRW2100002153\SDRW2100002153.1.1.28.lab,57,D:\20_AUDIO\03_wav\individual\2021\SDRW2100002153\SDRW2100002153.1.1.28.wav,True,False,exclude_source_audio_unusable
2021,SDRW2100002153,SDRW2100002153.1.1.29,no_textgrid_after_mfa,D:\20_AUDIO\03_wav\individual\2021\SDRW2100002153\SDRW2100002153.1.1.29.lab,39,D:\20_AUDIO\03_wav\individual\2021\SDRW2100002153\SDRW2100002153.1.1.29.wav,True,False,exclude_source_audio_unusable
2021,SDRW2100002153,SDRW2100002153.1.1.3,no_textgrid_after_mfa,D:\20_AUDIO\03_wav\individual\2021\SDRW2100002153\SDRW2100002153.1.1.3.lab,57,D:\20_AUDIO\03_wav\individual\2021\SDRW2100002153\SDRW2100002153.1.1.3.wav,True,False,exclude_source_audio_unusable
2021,SDRW2100002153,SDRW2100002153.1.1.30,no_textgrid_after_mfa,D:\20_AUDIO\03_wav\individual\2021\SDRW2100002153\SDRW2100002153.1.1.30.lab,63,D:\20_AUDIO\03_wav\individual\2021\SDRW2100002153\SDRW2100002153.1.1.30.wav,True,False,exclude_source_audio_unusable
2021,SDRW2100002153,SDRW2100002153.1.1.31,no_textgrid_after_mfa,D:\20_AUDIO\03_wav\individual\2021\SDRW2100002153\SDRW2100002153.1.1.31.lab,9,D:\20_AUDIO\03_wav\individual\2021\SDRW2100002153\SDRW2100002153.1.1.31.wav,True,False,exclude_source_audio_unusable
2021,SDRW2100002153,SDRW2100002153.1.1.32,no_textgrid_after_mfa,D:\20_AUDIO\03_wav\individual\2021\SDRW2100002153\SDRW2100002153.1.1.32.lab,44,D:\20_AUDIO\03_wav\individual\2021\SDRW2100002153\SDRW2100002153.1.1.32.wav,True,False,exclude_source_audio_unusable
2021,SDRW2100002153,SDRW2100002153.1.1.33,no_textgrid_after_mfa,D:\20_AUDIO\03_wav\individual\2021\SDRW2100002153\SDRW2100002153.1.1.33.lab,119,D:\20_AUDIO\03_wav\individual\2021\SDRW2100002153\SDRW2100002153.1.1.33.wav,True,False,exclude_source_audio_unusable
2021,SDRW2100002153,SDRW2100002153.1.1.34,no_textgrid_after_mfa,D:\20_AUDIO\03_wav\individual\2021\SDRW2100002153\SDRW2100002153.1.1.34.lab,57,D:\20_AUDIO\03_wav\individual\2021\SDRW2100002153\SDRW2100002153.1.1.34.wav,True,False,exclude_source_audio_unusable
2021,SDRW2100002153,SDRW2100002153.1.1.35,no_textgrid_after_mfa,D:\20_AUDIO\03_wav\individual\2021\SDRW2100002153\SDRW2100002153.1.1.35.lab,36,D:\20_AUDIO\03_wav\individual\2021\SDRW2100002153\SDRW2100002153.1.1.35.wav,True,False,exclude_source_audio_unusable
2021,SDRW2100002153,SDRW2100002153.1.1.36,no_textgrid_after_mfa,D:\20_AUDIO\03_wav\individual\2021\SDRW2100002153\SDRW2100002153.1.1.36.lab,55,D:\20_AUDIO\03_wav\individual\2021\SDRW2100002153\SDRW2100002153.1.1.36.wav,True,False,exclude_source_audio_unusable
2021,SDRW2100002153,SDRW2100002153.1.1.37,no_textgrid_after_mfa,D:\20_AUDIO\03_wav\individual\2021\SDRW2100002153\SDRW2100002153.1.1.37.lab,46,D:\20_AUDIO\03_wav\individual\2021\SDRW2100002153\SDRW2100002153.1.1.37.wav,True,False,exclude_source_audio_unusable
2021,SDRW2100002153,SDRW2100002153.1.1.38,no_textgrid_after_mfa,D:\20_AUDIO\03_wav\individual\2021\SDRW2100002153\SDRW2100002153.1.1.38.lab,34,D:\20_AUDIO\03_wav\individual\2021\SDRW2100002153\SDRW2100002153.1.1.38.wav,True,False,exclude_source_audio_unusable
2021,SDRW2100002153,SDRW2100002153.1.1.39,no_textgrid_after_mfa,D:\20_AUDIO\03_wav\individual\2021\SDRW2100002153\SDRW2100002153.1.1.39.lab,54,D:\20_AUDIO\03_wav\individual\2021\SDRW2100002153\SDRW2100002153.1.1.39.wav,True,False,exclude_source_audio_unusable
2021,SDRW2100002153,SDRW2100002153.1.1.4,no_textgrid_after_mfa,D:\20_AUDIO\03_wav\individual\2021\SDRW2100002153\SDRW2100002153.1.1.4.lab,9,D:\20_AUDIO\03_wav\individual\2021\SDRW2100002153\SDRW2100002153.1.1.4.wav,True,False,exclude_source_audio_unusable
2021,SDRW2100002153,SDRW2100002153.1.1.40,no_textgrid_after_mfa,D:\20_AUDIO\03_wav\individual\2021\SDRW2100002153\SDRW2100002153.1.1.40.lab,48,D:\20_AUDIO\03_wav\individual\2021\SDRW2100002153\SDRW2100002153.1.1.40.wav,True,False,exclude_source_audio_unusable
2021,SDRW2100002153,SDRW2100002153.1.1.41,no_textgrid_after_mfa,D:\20_AUDIO\03_wav\individual\2021\SDRW2100002153\SDRW2100002153.1.1.41.lab,68,D:\20_AUDIO\03_wav\individual\2021\SDRW2100002153\SDRW2100002153.1.1.41.wav,True,False,exclude_source_audio_unusable
2021,SDRW2100002153,SDRW2100002153.1.1.42,no_textgrid_after_mfa,D:\20_AUDIO\03_wav\individual\2021\SDRW2100002153\SDRW2100002153.1.1.42.lab,84,D:\20_AUDIO\03_wav\individual\2021\SDRW2100002153\SDRW2100002153.1.1.42.wav,True,False,exclude_source_audio_unusable
2021,SDRW2100002153,SDRW2100002153.1.1.43,no_textgrid_after_mfa,D:\20_AUDIO\03_wav\individual\2021\SDRW2100002153\SDRW2100002153.1.1.43.lab,40,D:\20_AUDIO\03_wav\individual\2021\SDRW2100002153\SDRW2100002153.1.1.43.wav,True,False,exclude_source_audio_unusable
2021,SDRW2100002153,SDRW2100002153.1.1.44,no_textgrid_after_mfa,D:\20_AUDIO\03_wav\individual\2021\SDRW2100002153\SDRW2100002153.1.1.44.lab,83,D:\20_AUDIO\03_wav\individual\2021\SDRW2100002153\SDRW2100002153.1.1.44.wav,True,False,exclude_source_audio_unusable
2021,SDRW2100002153,SDRW2100002153.1.1.45,no_textgrid_after_mfa,D:\20_AUDIO\03_wav\individual\2021\SDRW2100002153\SDRW2100002153.1.1.45.lab,54,D:\20_AUDIO\03_wav\individual\2021\SDRW2100002153\SDRW2100002153.1.1.45.wav,True,False,exclude_source_audio_unusable
2021,SDRW2100002153,SDRW2100002153.1.1.46,no_textgrid_after_mfa,D:\20_AUDIO\03_wav\individual\2021\SDRW2100002153\SDRW2100002153.1.1.46.lab,38,D:\20_AUDIO\03_wav\individual\2021\SDRW2100002153\SDRW2100002153.1.1.46.wav,True,False,exclude_source_audio_unusable
2021,SDRW2100002153,SDRW2100002153.1.1.47,no_textgrid_after_mfa,D:\20_AUDIO\03_wav\individual\2021\SDRW2100002153\SDRW2100002153.1.1.47.lab,76,D:\20_AUDIO\03_wav\individual\2021\SDRW2100002153\SDRW2100002153.1.1.47.wav,True,False,exclude_source_audio_unusable
2021,SDRW2100002153,SDRW2100002153.1.1.48,no_textgrid_after_mfa,D:\20_AUDIO\03_wav\individual\2021\SDRW2100002153\SDRW2100002153.1.1.48.lab,53,D:\20_AUDIO\03_wav\individual\2021\SDRW2100002153\SDRW2100002153.1.1.48.wav,True,False,exclude_source_audio_unusable
2021,SDRW2100002153,SDRW2100002153.1.1.49,no_textgrid_after_mfa,D:\20_AUDIO\03_wav\individual\2021\SDRW2100002153\SDRW2100002153.1.1.49.lab,43,D:\20_AUDIO\03_wav\individual\2021\SDRW2100002153\SDRW2100002153.1.1.49.wav,True,False,exclude_source_audio_unusable
2021,SDRW2100002153,SDRW2100002153.1.1.5,no_textgrid_after_mfa,D:\20_AUDIO\03_wav\individual\2021\SDRW2100002153\SDRW2100002153.1.1.5.lab,26,D:\20_AUDIO\03_wav\individual\2021\SDRW2100002153\SDRW2100002153.1.1.5.wav,True,False,exclude_source_audio_unusable
2021,SDRW2100002153,SDRW2100002153.1.1.50,no_textgrid_after_mfa,D:\20_AUDIO\03_wav\individual\2021\SDRW2100002153\SDRW2100002153.1.1.50.lab,51,D:\20_AUDIO\03_wav\individual\2021\SDRW2100002153\SDRW2100002153.1.1.50.wav,True,False,exclude_source_audio_unusable
2021,SDRW2100002153,SDRW2100002153.1.1.51,no_textgrid_after_mfa,D:\20_AUDIO\03_wav\individual\2021\SDRW2100002153\SDRW2100002153.1.1.51.lab,47,D:\20_AUDIO\03_wav\individual\2021\SDRW2100002153\SDRW2100002153.1.1.51.wav,True,False,exclude_source_audio_unusable
2021,SDRW2100002153,SDRW2100002153.1.1.52,no_textgrid_after_mfa,D:\20_AUDIO\03_wav\individual\2021\SDRW2100002153\SDRW2100002153.1.1.52.lab,57,D:\20_AUDIO\03_wav\individual\2021\SDRW2100002153\SDRW2100002153.1.1.52.wav,True,False,exclude_source_audio_unusable
2021,SDRW2100002153,SDRW2100002153.1.1.53,no_textgrid_after_mfa,D:\20_AUDIO\03_wav\individual\2021\SDRW2100002153\SDRW2100002153.1.1.53.lab,33,D:\20_AUDIO\03_wav\individual\2021\SDRW2100002153\SDRW2100002153.1.1.53.wav,True,False,exclude_source_audio_unusable
2021,SDRW2100002153,SDRW2100002153.1.1.54,no_textgrid_after_mfa,D:\20_AUDIO\03_wav\individual\2021\SDRW2100002153\SDRW2100002153.1.1.54.lab,23,D:\20_AUDIO\03_wav\individual\2021\SDRW2100002153\SDRW2100002153.1.1.54.wav,True,False,exclude_source_audio_unusable
2021,SDRW2100002153,SDRW2100002153.1.1.55,no_textgrid_after_mfa,D:\20_AUDIO\03_wav\individual\2021\SDRW2100002153\SDRW2100002153.1.1.55.lab,64,D:\20_AUDIO\03_wav\individual\2021\SDRW2100002153\SDRW2100002153.1.1.55.wav,True,False,exclude_source_audio_unusable
2021,SDRW2100002153,SDRW2100002153.1.1.56,no_textgrid_after_mfa,D:\20_AUDIO\03_wav\individual\2021\SDRW2100002153\SDRW2100002153.1.1.56.lab,68,D:\20_AUDIO\03_wav\individual\2021\SDRW2100002153\SDRW2100002153.1.1.56.wav,True,False,exclude_source_audio_unusable
2021,SDRW2100002153,SDRW2100002153.1.1.57,no_textgrid_after_mfa,D:\20_AUDIO\03_wav\individual\2021\SDRW2100002153\SDRW2100002153.1.1.57.lab,37,D:\20_AUDIO\03_wav\individual\2021\SDRW2100002153\SDRW2100002153.1.1.57.wav,True,False,exclude_source_audio_unusable
2021,SDRW2100002153,SDRW2100002153.1.1.58,no_textgrid_after_mfa,D:\20_AUDIO\03_wav\individual\2021\SDRW2100002153\SDRW2100002153.1.1.58.lab,86,D:\20_AUDIO\03_wav\individual\2021\SDRW2100002153\SDRW2100002153.1.1.58.wav,True,False,exclude_source_audio_unusable
2021,SDRW2100002153,SDRW2100002153.1.1.59,no_textgrid_after_mfa,D:\20_AUDIO\03_wav\individual\2021\SDRW2100002153\SDRW2100002153.1.1.59.lab,49,D:\20_AUDIO\03_wav\individual\2021\SDRW2100002153\SDRW2100002153.1.1.59.wav,True,False,exclude_source_audio_unusable
2021,SDRW2100002153,SDRW2100002153.1.1.6,no_textgrid_after_mfa,D:\20_AUDIO\03_wav\individual\2021\SDRW2100002153\SDRW2100002153.1.1.6.lab,36,D:\20_AUDIO\03_wav\individual\2021\SDRW2100002153\SDRW2100002153.1.1.6.wav,True,False,exclude_source_audio_unusable
2021,SDRW2100002153,SDRW2100002153.1.1.60,no_textgrid_after_mfa,D:\20_AUDIO\03_wav\individual\2021\SDRW2100002153\SDRW2100002153.1.1.60.lab,70,D:\20_AUDIO\03_wav\individual\2021\SDRW2100002153\SDRW2100002153.1.1.60.wav,True,False,exclude_source_audio_unusable
2021,SDRW2100002153,SDRW2100002153.1.1.61,no_textgrid_after_mfa,D:\20_AUDIO\03_wav\individual\2021\SDRW2100002153\SDRW2100002153.1.1.61.lab,41,D:\20_AUDIO\03_wav\individual\2021\SDRW2100002153\SDRW2100002153.1.1.61.wav,True,False,exclude_source_audio_unusable
2021,SDRW2100002153,SDRW2100002153.1.1.62,no_textgrid_after_mfa,D:\20_AUDIO\03_wav\individual\2021\SDRW2100002153\SDRW2100002153.1.1.62.lab,40,D:\20_AUDIO\03_wav\individual\2021\SDRW2100002153\SDRW2100002153.1.1.62.wav,True,False,exclude_source_audio_unusable
2021,SDRW2100002153,SDRW2100002153.1.1.63,no_textgrid_after_mfa,D:\20_AUDIO\03_wav\individual\2021\SDRW2100002153\SDRW2100002153.1.1.63.lab,29,D:\20_AUDIO\03_wav\individual\2021\SDRW2100002153\SDRW2100002153.1.1.63.wav,True,False,exclude_source_audio_unusable
2021,SDRW2100002153,SDRW2100002153.1.1.64,no_textgrid_after_mfa,D:\20_AUDIO\03_wav\individual\2021\SDRW2100002153\SDRW2100002153.1.1.64.lab,92,D:\20_AUDIO\03_wav\individual\2021\SDRW2100002153\SDRW2100002153.1.1.64.wav,True,False,exclude_source_audio_unusable
2021,SDRW2100002153,SDRW2100002153.1.1.65,no_textgrid_after_mfa,D:\20_AUDIO\03_wav\individual\2021\SDRW2100002153\SDRW2100002153.1.1.65.lab,34,D:\20_AUDIO\03_wav\individual\2021\SDRW2100002153\SDRW2100002153.1.1.65.wav,True,False,exclude_source_audio_unusable
2021,SDRW2100002153,SDRW2100002153.1.1.66,no_textgrid_after_mfa,D:\20_AUDIO\03_wav\individual\2021\SDRW2100002153\SDRW2100002153.1.1.66.lab,39,D:\20_AUDIO\03_wav\individual\2021\SDRW2100002153\SDRW2100002153.1.1.66.wav,True,False,exclude_source_audio_unusable
2021,SDRW2100002153,SDRW2100002153.1.1.67,no_textgrid_after_mfa,D:\20_AUDIO\03_wav\individual\2021\SDRW2100002153\SDRW2100002153.1.1.67.lab,75,D:\20_AUDIO\03_wav\individual\2021\SDRW2100002153\SDRW2100002153.1.1.67.wav,True,False,exclude_source_audio_unusable
2021,SDRW2100002153,SDRW2100002153.1.1.68,no_textgrid_after_mfa,D:\20_AUDIO\03_wav\individual\2021\SDRW2100002153\SDRW2100002153.1.1.68.lab,70,D:\20_AUDIO\03_wav\individual\2021\SDRW2100002153\SDRW2100002153.1.1.68.wav,True,False,exclude_source_audio_unusable
2021,SDRW2100002153,SDRW2100002153.1.1.69,no_textgrid_after_mfa,D:\20_AUDIO\03_wav\individual\2021\SDRW2100002153\SDRW2100002153.1.1.69.lab,49,D:\20_AUDIO\03_wav\individual\2021\SDRW2100002153\SDRW2100002153.1.1.69.wav,True,False,exclude_source_audio_unusable
2021,SDRW2100002153,SDRW2100002153.1.1.7,no_textgrid_after_mfa,D:\20_AUDIO\03_wav\individual\2021\SDRW2100002153\SDRW2100002153.1.1.7.lab,63,D:\20_AUDIO\03_wav\individual\2021\SDRW2100002153\SDRW2100002153.1.1.7.wav,True,False,exclude_source_audio_unusable
2021,SDRW2100002153,SDRW2100002153.1.1.70,no_textgrid_after_mfa,D:\20_AUDIO\03_wav\individual\2021\SDRW2100002153\SDRW2100002153.1.1.70.lab,46,D:\20_AUDIO\03_wav\individual\2021\SDRW2100002153\SDRW2100002153.1.1.70.wav,True,False,exclude_source_audio_unusable
2021,SDRW2100002153,SDRW2100002153.1.1.71,no_textgrid_after_mfa,D:\20_AUDIO\03_wav\individual\2021\SDRW2100002153\SDRW2100002153.1.1.71.lab,73,D:\20_AUDIO\03_wav\individual\2021\SDRW2100002153\SDRW2100002153.1.1.71.wav,True,False,exclude_source_audio_unusable
2021,SDRW2100002153,SDRW2100002153.1.1.72,no_textgrid_after_mfa,D:\20_AUDIO\03_wav\individual\2021\SDRW2100002153\SDRW2100002153.1.1.72.lab,19,D:\20_AUDIO\03_wav\individual\2021\SDRW2100002153\SDRW2100002153.1.1.72.wav,True,False,exclude_source_audio_unusable
2021,SDRW2100002153,SDRW2100002153.1.1.73,no_textgrid_after_mfa,D:\20_AUDIO\03_wav\individual\2021\SDRW2100002153\SDRW2100002153.1.1.73.lab,60,D:\20_AUDIO\03_wav\individual\2021\SDRW2100002153\SDRW2100002153.1.1.73.wav,True,False,exclude_source_audio_unusable
2021,SDRW2100002153,SDRW2100002153.1.1.74,no_textgrid_after_mfa,D:\20_AUDIO\03_wav\individual\2021\SDRW2100002153\SDRW2100002153.1.1.74.lab,63,D:\20_AUDIO\03_wav\individual\2021\SDRW2100002153\SDRW2100002153.1.1.74.wav,True,False,exclude_source_audio_unusable
2021,SDRW2100002153,SDRW2100002153.1.1.75,no_textgrid_after_mfa,D:\20_AUDIO\03_wav\individual\2021\SDRW2100002153\SDRW2100002153.1.1.75.lab,46,D:\20_AUDIO\03_wav\individual\2021\SDRW2100002153\SDRW2100002153.1.1.75.wav,True,False,exclude_source_audio_unusable
2021,SDRW2100002153,SDRW2100002153.1.1.76,no_textgrid_after_mfa,D:\20_AUDIO\03_wav\individual\2021\SDRW2100002153\SDRW2100002153.1.1.76.lab,79,D:\20_AUDIO\03_wav\individual\2021\SDRW2100002153\SDRW2100002153.1.1.76.wav,True,False,exclude_source_audio_unusable
2021,SDRW2100002153,SDRW2100002153.1.1.77,no_textgrid_after_mfa,D:\20_AUDIO\03_wav\individual\2021\SDRW2100002153\SDRW2100002153.1.1.77.lab,63,D:\20_AUDIO\03_wav\individual\2021\SDRW2100002153\SDRW2100002153.1.1.77.wav,True,False,exclude_source_audio_unusable
2021,SDRW2100002153,SDRW2100002153.1.1.78,no_textgrid_after_mfa,D:\20_AUDIO\03_wav\individual\2021\SDRW2100002153\SDRW2100002153.1.1.78.lab,72,D:\20_AUDIO\03_wav\individual\2021\SDRW2100002153\SDRW2100002153.1.1.78.wav,True,False,exclude_source_audio_unusable
2021,SDRW2100002153,SDRW2100002153.1.1.79,no_textgrid_after_mfa,D:\20_AUDIO\03_wav\individual\2021\SDRW2100002153\SDRW2100002153.1.1.79.lab,59,D:\20_AUDIO\03_wav\individual\2021\SDRW2100002153\SDRW2100002153.1.1.79.wav,True,False,exclude_source_audio_unusable
2021,SDRW2100002153,SDRW2100002153.1.1.8,no_textgrid_after_mfa,D:\20_AUDIO\03_wav\individual\2021\SDRW2100002153\SDRW2100002153.1.1.8.lab,59,D:\20_AUDIO\03_wav\individual\2021\SDRW2100002153\SDRW2100002153.1.1.8.wav,True,False,exclude_source_audio_unusable
2021,SDRW2100002153,SDRW2100002153.1.1.80,no_textgrid_after_mfa,D:\20_AUDIO\03_wav\individual\2021\SDRW2100002153\SDRW2100002153.1.1.80.lab,58,D:\20_AUDIO\03_wav\individual\2021\SDRW2100002153\SDRW2100002153.1.1.80.wav,True,False,exclude_source_audio_unusable
2021,SDRW2100002153,SDRW2100002153.1.1.81,no_textgrid_after_mfa,D:\20_AUDIO\03_wav\individual\2021\SDRW2100002153\SDRW2100002153.1.1.81.lab,27,D:\20_AUDIO\03_wav\individual\2021\SDRW2100002153\SDRW2100002153.1.1.81.wav,True,False,exclude_source_audio_unusable
2021,SDRW2100002153,SDRW2100002153.1.1.82,no_textgrid_after_mfa,D:\20_AUDIO\03_wav\individual\2021\SDRW2100002153\SDRW2100002153.1.1.82.lab,67,D:\20_AUDIO\03_wav\individual\2021\SDRW2100002153\SDRW2100002153.1.1.82.wav,True,False,exclude_source_audio_unusable
2021,SDRW2100002153,SDRW2100002153.1.1.83,no_textgrid_after_mfa,D:\20_AUDIO\03_wav\individual\2021\SDRW2100002153\SDRW2100002153.1.1.83.lab,3,D:\20_AUDIO\03_wav\individual\2021\SDRW2100002153\SDRW2100002153.1.1.83.wav,True,False,exclude_source_audio_unusable
2021,SDRW2100002153,SDRW2100002153.1.1.84,no_textgrid_after_mfa,D:\20_AUDIO\03_wav\individual\2021\SDRW2100002153\SDRW2100002153.1.1.84.lab,104,D:\20_AUDIO\03_wav\individual\2021\SDRW2100002153\SDRW2100002153.1.1.84.wav,True,False,exclude_source_audio_unusable
2021,SDRW2100002153,SDRW2100002153.1.1.85,no_textgrid_after_mfa,D:\20_AUDIO\03_wav\individual\2021\SDRW2100002153\SDRW2100002153.1.1.85.lab,56,D:\20_AUDIO\03_wav\individual\2021\SDRW2100002153\SDRW2100002153.1.1.85.wav,True,False,exclude_source_audio_unusable
2021,SDRW2100002153,SDRW2100002153.1.1.86,no_textgrid_after_mfa,D:\20_AUDIO\03_wav\individual\2021\SDRW2100002153\SDRW2100002153.1.1.86.lab,57,D:\20_AUDIO\03_wav\individual\2021\SDRW2100002153\SDRW2100002153.1.1.86.wav,True,False,exclude_source_audio_unusable
2021,SDRW2100002153,SDRW2100002153.1.1.87,no_textgrid_after_mfa,D:\20_AUDIO\03_wav\individual\2021\SDRW2100002153\SDRW2100002153.1.1.87.lab,82,D:\20_AUDIO\03_wav\individual\2021\SDRW2100002153\SDRW2100002153.1.1.87.wav,True,False,exclude_source_audio_unusable
2021,SDRW2100002153,SDRW2100002153.1.1.88,no_textgrid_after_mfa,D:\20_AUDIO\03_wav\individual\2021\SDRW2100002153\SDRW2100002153.1.1.88.lab,60,D:\20_AUDIO\03_wav\individual\2021\SDRW2100002153\SDRW2100002153.1.1.88.wav,True,False,exclude_source_audio_unusable
2021,SDRW2100002153,SDRW2100002153.1.1.89,no_textgrid_after_mfa,D:\20_AUDIO\03_wav\individual\2021\SDRW2100002153\SDRW2100002153.1.1.89.lab,73,D:\20_AUDIO\03_wav\individual\2021\SDRW2100002153\SDRW2100002153.1.1.89.wav,True,False,exclude_source_audio_unusable
2021,SDRW2100002153,SDRW2100002153.1.1.9,no_textgrid_after_mfa,D:\20_AUDIO\03_wav\individual\2021\SDRW2100002153\SDRW2100002153.1.1.9.lab,72,D:\20_AUDIO\03_wav\individual\2021\SDRW2100002153\SDRW2100002153.1.1.9.wav,True,False,exclude_source_audio_unusable
2021,SDRW2100002153,SDRW2100002153.1.1.90,no_textgrid_after_mfa,D:\20_AUDIO\03_wav\individual\2021\SDRW2100002153\SDRW2100002153.1.1.90.lab,57,D:\20_AUDIO\03_wav\individual\2021\SDRW2100002153\SDRW2100002153.1.1.90.wav,True,False,exclude_source_audio_unusable
2021,SDRW2100002153,SDRW2100002153.1.1.91,no_textgrid_after_mfa,D:\20_AUDIO\03_wav\individual\2021\SDRW2100002153\SDRW2100002153.1.1.91.lab,81,D:\20_AUDIO\03_wav\individual\2021\SDRW2100002153\SDRW2100002153.1.1.91.wav,True,False,exclude_source_audio_unusable
2021,SDRW2100002153,SDRW2100002153.1.1.92,no_textgrid_after_mfa,D:\20_AUDIO\03_wav\individual\2021\SDRW2100002153\SDRW2100002153.1.1.92.lab,27,D:\20_AUDIO\03_wav\individual\2021\SDRW2100002153\SDRW2100002153.1.1.92.wav,True,False,exclude_source_audio_unusable
2021,SDRW2100002153,SDRW2100002153.1.1.93,no_textgrid_after_mfa,D:\20_AUDIO\03_wav\individual\2021\SDRW2100002153\SDRW2100002153.1.1.93.lab,9,D:\20_AUDIO\03_wav\individual\2021\SDRW2100002153\SDRW2100002153.1.1.93.wav,True,False,exclude_source_audio_unusable
2021,SDRW2100002153,SDRW2100002153.1.1.94,no_textgrid_after_mfa,D:\20_AUDIO\03_wav\individual\2021\SDRW2100002153\SDRW2100002153.1.1.94.lab,49,D:\20_AUDIO\03_wav\individual\2021\SDRW2100002153\SDRW2100002153.1.1.94.wav,True,False,exclude_source_audio_unusable
2021,SDRW2100002153,SDRW2100002153.1.1.95,no_textgrid_after_mfa,D:\20_AUDIO\03_wav\individual\2021\SDRW2100002153\SDRW2100002153.1.1.95.lab,39,D:\20_AUDIO\03_wav\individual\2021\SDRW2100002153\SDRW2100002153.1.1.95.wav,True,False,exclude_source_audio_unusable
2021,SDRW2100002153,SDRW2100002153.1.1.96,no_textgrid_after_mfa,D:\20_AUDIO\03_wav\individual\2021\SDRW2100002153\SDRW2100002153.1.1.96.lab,37,D:\20_AUDIO\03_wav\individual\2021\SDRW2100002153\SDRW2100002153.1.1.96.wav,True,False,exclude_source_audio_unusable
2021,SDRW2100002153,SDRW2100002153.1.1.97,no_textgrid_after_mfa,D:\20_AUDIO\03_wav\individual\2021\SDRW2100002153\SDRW2100002153.1.1.97.lab,51,D:\20_AUDIO\03_wav\individual\2021\SDRW2100002153\SDRW2100002153.1.1.97.wav,True,False,exclude_source_audio_unusable
2021,SDRW2100002153,SDRW2100002153.1.1.98,no_textgrid_after_mfa,D:\20_AUDIO\03_wav\individual\2021\SDRW2100002153\SDRW2100002153.1.1.98.lab,56,D:\20_AUDIO\03_wav\individual\2021\SDRW2100002153\SDRW2100002153.1.1.98.wav,True,False,exclude_source_audio_unusable
2021,SDRW2100002153,SDRW2100002153.1.1.99,no_textgrid_after_mfa,D:\20_AUDIO\03_wav\individual\2021\SDRW2100002153\SDRW2100002153.1.1.99.lab,61,D:\20_AUDIO\03_wav\individual\2021\SDRW2100002153\SDRW2100002153.1.1.99.wav,True,False,exclude_source_audio_unusable
2021,SDRW2100002162,SDRW2100002162.1.1.309,no_textgrid_after_mfa,D:\20_AUDIO\03_wav\individual\2021\SDRW2100002162\SDRW2100002162.1.1.309.lab,136,D:\20_AUDIO\03_wav\individual\2021\SDRW2100002162\SDRW2100002162.1.1.309.wav,True,True,
2021,SDRW2100002165,SDRW2100002165.1.1.61,no_textgrid_after_mfa,D:\20_AUDIO\03_wav\individual\2021\SDRW2100002165\SDRW2100002165.1.1.61.lab,101,D:\20_AUDIO\03_wav\individual\2021\SDRW2100002165\SDRW2100002165.1.1.61.wav,True,True,
2021,SDRW2100002166,SDRW2100002166.1.1.127,no_textgrid_after_mfa,D:\20_AUDIO\03_wav\individual\2021\SDRW2100002166\SDRW2100002166.1.1.127.lab,141,D:\20_AUDIO\03_wav\individual\2021\SDRW2100002166\SDRW2100002166.1.1.127.wav,True,True,
2021,SDRW2100002166,SDRW2100002166.1.1.208,no_textgrid_after_mfa,D:\20_AUDIO\03_wav\individual\2021\SDRW2100002166\SDRW2100002166.1.1.208.lab,61,D:\20_AUDIO\03_wav\individual\2021\SDRW2100002166\SDRW2100002166.1.1.208.wav,True,True,
2021,SDRW2100002194,SDRW2100002194.1.1.101,no_textgrid_after_mfa,D:\20_AUDIO\03_wav\individual\2021\SDRW2100002194\SDRW2100002194.1.1.101.lab,74,D:\20_AUDIO\03_wav\individual\2021\SDRW2100002194\SDRW2100002194.1.1.101.wav,True,True,
2021,SDRW2100002194,SDRW2100002194.1.1.262,no_textgrid_after_mfa,D:\20_AUDIO\03_wav\individual\2021\SDRW2100002194\SDRW2100002194.1.1.262.lab,56,D:\20_AUDIO\03_wav\individual\2021\SDRW2100002194\SDRW2100002194.1.1.262.wav,True,True,
2021,SDRW2100002194,SDRW2100002194.1.1.264,no_textgrid_after_mfa,D:\20_AUDIO\03_wav\individual\2021\SDRW2100002194\SDRW2100002194.1.1.264.lab,56,D:\20_AUDIO\03_wav\individual\2021\SDRW2100002194\SDRW2100002194.1.1.264.wav,True,True,
2021,SDRW2100002206,SDRW2100002206.1.1.2,no_textgrid_after_mfa,D:\20_AUDIO\03_wav\individual\2021\SDRW2100002206\SDRW2100002206.1.1.2.lab,65,D:\20_AUDIO\03_wav\individual\2021\SDRW2100002206\SDRW2100002206.1.1.2.wav,True,True,
2021,SDRW2100002224,SDRW2100002224.1.1.219,no_textgrid_after_mfa,D:\20_AUDIO\03_wav\individual\2021\SDRW2100002224\SDRW2100002224.1.1.219.lab,99,D:\20_AUDIO\03_wav\individual\2021\SDRW2100002224\SDRW2100002224.1.1.219.wav,True,True,
2021,SDRW2100002231,SDRW2100002231.1.1.227,no_textgrid_after_mfa,D:\20_AUDIO\03_wav\individual\2021\SDRW2100002231\SDRW2100002231.1.1.227.lab,13,D:\20_AUDIO\03_wav\individual\2021\SDRW2100002231\SDRW2100002231.1.1.227.wav,True,False,exclude_source_audio_unusable
2021,SDRW2100002231,SDRW2100002231.1.1.277,no_textgrid_after_mfa,D:\20_AUDIO\03_wav\individual\2021\SDRW2100002231\SDRW2100002231.1.1.277.lab,37,D:\20_AUDIO\03_wav\individual\2021\SDRW2100002231\SDRW2100002231.1.1.277.wav,True,False,exclude_source_audio_unusable
2021,SDRW2100002231,SDRW2100002231.1.1.321,no_textgrid_after_mfa,D:\20_AUDIO\03_wav\individual\2021\SDRW2100002231\SDRW2100002231.1.1.321.lab,29,D:\20_AUDIO\03_wav\individual\2021\SDRW2100002231\SDRW2100002231.1.1.321.wav,True,False,exclude_source_audio_unusable
2021,SDRW2100002231,SDRW2100002231.1.1.342,no_textgrid_after_mfa,D:\20_AUDIO\03_wav\individual\2021\SDRW2100002231\SDRW2100002231.1.1.342.lab,43,D:\20_AUDIO\03_wav\individual\2021\SDRW2100002231\SDRW2100002231.1.1.342.wav,True,True,
2021,SDRW2100002231,SDRW2100002231.1.1.344,no_textgrid_after_mfa,D:\20_AUDIO\03_wav\individual\2021\SDRW2100002231\SDRW2100002231.1.1.344.lab,43,D:\20_AUDIO\03_wav\individual\2021\SDRW2100002231\SDRW2100002231.1.1.344.wav,True,False,exclude_source_audio_unusable
2021,SDRW2100002234,SDRW2100002234.1.1.173,no_textgrid_after_mfa,D:\20_AUDIO\03_wav\individual\2021\SDRW2100002234\SDRW2100002234.1.1.173.lab,13,D:\20_AUDIO\03_wav\individual\2021\SDRW2100002234\SDRW2100002234.1.1.173.wav,True,False,exclude_source_audio_unusable
2021,SDRW2100002234,SDRW2100002234.1.1.177,no_textgrid_after_mfa,D:\20_AUDIO\03_wav\individual\2021\SDRW2100002234\SDRW2100002234.1.1.177.lab,16,D:\20_AUDIO\03_wav\individual\2021\SDRW2100002234\SDRW2100002234.1.1.177.wav,True,False,exclude_source_audio_unusable
2021,SDRW2100002238,SDRW2100002238.1.1.377,no_textgrid_after_mfa,D:\20_AUDIO\03_wav\individual\2021\SDRW2100002238\SDRW2100002238.1.1.377.lab,47,D:\20_AUDIO\03_wav\individual\2021\SDRW2100002238\SDRW2100002238.1.1.377.wav,True,True,
2021,SDRW2100002243,SDRW2100002243.1.1.427,no_textgrid_after_mfa,D:\20_AUDIO\03_wav\individual\2021\SDRW2100002243\SDRW2100002243.1.1.427.lab,46,D:\20_AUDIO\03_wav\individual\2021\SDRW2100002243\SDRW2100002243.1.1.427.wav,True,True,
2021,SDRW2100002289,SDRW2100002289.1.1.138,no_textgrid_after_mfa,D:\20_AUDIO\03_wav\individual\2021\SDRW2100002289\SDRW2100002289.1.1.138.lab,86,D:\20_AUDIO\03_wav\individual\2021\SDRW2100002289\SDRW2100002289.1.1.138.wav,True,True,
2021,SDRW2100002297,SDRW2100002297.1.1.239,no_textgrid_after_mfa,D:\20_AUDIO\03_wav\individual\2021\SDRW2100002297\SDRW2100002297.1.1.239.lab,38,D:\20_AUDIO\03_wav\individual\2021\SDRW2100002297\SDRW2100002297.1.1.239.wav,True,True,
2021,SDRW2100002298,SDRW2100002298.1.1.267,no_textgrid_after_mfa,D:\20_AUDIO\03_wav\individual\2021\SDRW2100002298\SDRW2100002298.1.1.267.lab,10,D:\20_AUDIO\03_wav\individual\2021\SDRW2100002298\SDRW2100002298.1.1.267.wav,True,True,
2021,SDRW2100002316,SDRW2100002316.1.1.64,no_textgrid_after_mfa,D:\20_AUDIO\03_wav\individual\2021\SDRW2100002316\SDRW2100002316.1.1.64.lab,33,D:\20_AUDIO\03_wav\individual\2021\SDRW2100002316\SDRW2100002316.1.1.64.wav,True,True,
2021,SDRW2100002319,SDRW2100002319.1.1.325,no_textgrid_after_mfa,D:\20_AUDIO\03_wav\individual\2021\SDRW2100002319\SDRW2100002319.1.1.325.lab,84,D:\20_AUDIO\03_wav\individual\2021\SDRW2100002319\SDRW2100002319.1.1.325.wav,True,True,
2021,SDRW2100002320,SDRW2100002320.1.1.206,no_textgrid_after_mfa,D:\20_AUDIO\03_wav\individual\2021\SDRW2100002320\SDRW2100002320.1.1.206.lab,64,D:\20_AUDIO\03_wav\individual\2021\SDRW2100002320\SDRW2100002320.1.1.206.wav,True,True,
2021,SDRW2100002337,SDRW2100002337.1.1.238,no_textgrid_after_mfa,D:\20_AUDIO\03_wav\individual\2021\SDRW2100002337\SDRW2100002337.1.1.238.lab,46,D:\20_AUDIO\03_wav\individual\2021\SDRW2100002337\SDRW2100002337.1.1.238.wav,True,True,
2021,SDRW2100002338,SDRW2100002338.1.1.232,no_textgrid_after_mfa,D:\20_AUDIO\03_wav\individual\2021\SDRW2100002338\SDRW2100002338.1.1.232.lab,55,D:\20_AUDIO\03_wav\individual\2021\SDRW2100002338\SDRW2100002338.1.1.232.wav,True,True,
2021,SDRW2100002339,SDRW2100002339.1.1.111,no_textgrid_after_mfa,D:\20_AUDIO\03_wav\individual\2021\SDRW2100002339\SDRW2100002339.1.1.111.lab,112,D:\20_AUDIO\03_wav\individual\2021\SDRW2100002339\SDRW2100002339.1.1.111.wav,True,True,
2021,SDRW2100002342,SDRW2100002342.1.1.243,no_textgrid_after_mfa,D:\20_AUDIO\03_wav\individual\2021\SDRW2100002342\SDRW2100002342.1.1.243.lab,50,D:\20_AUDIO\03_wav\individual\2021\SDRW2100002342\SDRW2100002342.1.1.243.wav,True,True,
2021,SDRW2100002352,SDRW2100002352.1.1.172,no_textgrid_after_mfa,D:\20_AUDIO\03_wav\individual\2021\SDRW2100002352\SDRW2100002352.1.1.172.lab,29,D:\20_AUDIO\03_wav\individual\2021\SDRW2100002352\SDRW2100002352.1.1.172.wav,True,False,exclude_source_audio_unusable
2021,SDRW2100002366,SDRW2100002366.1.1.232,no_textgrid_after_mfa,D:\20_AUDIO\03_wav\individual\2021\SDRW2100002366\SDRW2100002366.1.1.232.lab,155,D:\20_AUDIO\03_wav\individual\2021\SDRW2100002366\SDRW2100002366.1.1.232.wav,True,True,
2021,SDRW2100002367,SDRW2100002367.1.1.94,no_textgrid_after_mfa,D:\20_AUDIO\03_wav\individual\2021\SDRW2100002367\SDRW2100002367.1.1.94.lab,97,D:\20_AUDIO\03_wav\individual\2021\SDRW2100002367\SDRW2100002367.1.1.94.wav,True,True,
2021,SDRW2100002381,SDRW2100002381.1.1.338,no_textgrid_after_mfa,D:\20_AUDIO\03_wav\individual\2021\SDRW2100002381\SDRW2100002381.1.1.338.lab,53,D:\20_AUDIO\03_wav\individual\2021\SDRW2100002381\SDRW2100002381.1.1.338.wav,True,True,
2021,SDRW2100002385,SDRW2100002385.1.1.312,no_textgrid_after_mfa,D:\20_AUDIO\03_wav\individual\2021\SDRW2100002385\SDRW2100002385.1.1.312.lab,76,D:\20_AUDIO\03_wav\individual\2021\SDRW2100002385\SDRW2100002385.1.1.312.wav,True,True,
2021,SDRW2100002391,SDRW2100002391.1.1.274,no_textgrid_after_mfa,D:\20_AUDIO\03_wav\individual\2021\SDRW2100002391\SDRW2100002391.1.1.274.lab,47,D:\20_AUDIO\03_wav\individual\2021\SDRW2100002391\SDRW2100002391.1.1.274.wav,True,True,
2021,SDRW2100002436,SDRW2100002436.1.1.19,no_textgrid_after_mfa,D:\20_AUDIO\03_wav\individual\2021\SDRW2100002436\SDRW2100002436.1.1.19.lab,26,D:\20_AUDIO\03_wav\individual\2021\SDRW2100002436\SDRW2100002436.1.1.19.wav,True,True,
2021,SDRW2100002437,SDRW2100002437.1.1.222,no_textgrid_after_mfa,D:\20_AUDIO\03_wav\individual\2021\SDRW2100002437\SDRW2100002437.1.1.222.lab,36,D:\20_AUDIO\03_wav\individual\2021\SDRW2100002437\SDRW2100002437.1.1.222.wav,True,True,
2021,SDRW2100002460,SDRW2100002460.1.1.121,no_textgrid_after_mfa,D:\20_AUDIO\03_wav\individual\2021\SDRW2100002460\SDRW2100002460.1.1.121.lab,42,D:\20_AUDIO\03_wav\individual\2021\SDRW2100002460\SDRW2100002460.1.1.121.wav,True,True,
2021,SDRW2100002460,SDRW2100002460.1.1.154,no_textgrid_after_mfa,D:\20_AUDIO\03_wav\individual\2021\SDRW2100002460\SDRW2100002460.1.1.154.lab,79,D:\20_AUDIO\03_wav\individual\2021\SDRW2100002460\SDRW2100002460.1.1.154.wav,True,True,
2021,SDRW2100002471,SDRW2100002471.1.1.154,no_textgrid_after_mfa,D:\20_AUDIO\03_wav\individual\2021\SDRW2100002471\SDRW2100002471.1.1.154.lab,60,D:\20_AUDIO\03_wav\individual\2021\SDRW2100002471\SDRW2100002471.1.1.154.wav,True,True,
2021,SDRW2100002471,SDRW2100002471.1.1.174,no_textgrid_after_mfa,D:\20_AUDIO\03_wav\individual\2021\SDRW2100002471\SDRW2100002471.1.1.174.lab,52,D:\20_AUDIO\03_wav\individual\2021\SDRW2100002471\SDRW2100002471.1.1.174.wav,True,True,
2021,SDRW2100002471,SDRW2100002471.1.1.202,no_textgrid_after_mfa,D:\20_AUDIO\03_wav\individual\2021\SDRW2100002471\SDRW2100002471.1.1.202.lab,71,D:\20_AUDIO\03_wav\individual\2021\SDRW2100002471\SDRW2100002471.1.1.202.wav,True,True,
2021,SDRW2100002471,SDRW2100002471.1.1.238,no_textgrid_after_mfa,D:\20_AUDIO\03_wav\individual\2021\SDRW2100002471\SDRW2100002471.1.1.238.lab,71,D:\20_AUDIO\03_wav\individual\2021\SDRW2100002471\SDRW2100002471.1.1.238.wav,True,True,
2021,SDRW2100002471,SDRW2100002471.1.1.262,no_textgrid_after_mfa,D:\20_AUDIO\03_wav\individual\2021\SDRW2100002471\SDRW2100002471.1.1.262.lab,55,D:\20_AUDIO\03_wav\individual\2021\SDRW2100002471\SDRW2100002471.1.1.262.wav,True,True,
2021,SDRW2100002471,SDRW2100002471.1.1.264,no_textgrid_after_mfa,D:\20_AUDIO\03_wav\individual\2021\SDRW2100002471\SDRW2100002471.1.1.264.lab,75,D:\20_AUDIO\03_wav\individual\2021\SDRW2100002471\SDRW2100002471.1.1.264.wav,True,True,
2021,SDRW2100002471,SDRW2100002471.1.1.267,no_textgrid_after_mfa,D:\20_AUDIO\03_wav\individual\2021\SDRW2100002471\SDRW2100002471.1.1.267.lab,32,D:\20_AUDIO\03_wav\individual\2021\SDRW2100002471\SDRW2100002471.1.1.267.wav,True,True,
2021,SDRW2100002471,SDRW2100002471.1.1.319,no_textgrid_after_mfa,D:\20_AUDIO\03_wav\individual\2021\SDRW2100002471\SDRW2100002471.1.1.319.lab,86,D:\20_AUDIO\03_wav\individual\2021\SDRW2100002471\SDRW2100002471.1.1.319.wav,True,True,
2021,SDRW2100002471,SDRW2100002471.1.1.82,no_textgrid_after_mfa,D:\20_AUDIO\03_wav\individual\2021\SDRW2100002471\SDRW2100002471.1.1.82.lab,67,D:\20_AUDIO\03_wav\individual\2021\SDRW2100002471\SDRW2100002471.1.1.82.wav,True,True,
2021,SDRW2100002471,SDRW2100002471.1.1.94,no_textgrid_after_mfa,D:\20_AUDIO\03_wav\individual\2021\SDRW2100002471\SDRW2100002471.1.1.94.lab,54,D:\20_AUDIO\03_wav\individual\2021\SDRW2100002471\SDRW2100002471.1.1.94.wav,True,False,exclude_source_audio_unusable
2021,SDRW2100002489,SDRW2100002489.1.1.316,no_textgrid_after_mfa,D:\20_AUDIO\03_wav\individual\2021\SDRW2100002489\SDRW2100002489.1.1.316.lab,82,D:\20_AUDIO\03_wav\individual\2021\SDRW2100002489\SDRW2100002489.1.1.316.wav,True,True,
2021,SDRW2100002507,SDRW2100002507.1.1.310,no_textgrid_after_mfa,D:\20_AUDIO\03_wav\individual\2021\SDRW2100002507\SDRW2100002507.1.1.310.lab,34,D:\20_AUDIO\03_wav\individual\2021\SDRW2100002507\SDRW2100002507.1.1.310.wav,True,True,
2021,SDRW2100002507,SDRW2100002507.1.1.311,no_textgrid_after_mfa,D:\20_AUDIO\03_wav\individual\2021\SDRW2100002507\SDRW2100002507.1.1.311.lab,33,D:\20_AUDIO\03_wav\individual\2021\SDRW2100002507\SDRW2100002507.1.1.311.wav,True,True,
2021,SDRW2100002507,SDRW2100002507.1.1.314,no_textgrid_after_mfa,D:\20_AUDIO\03_wav\individual\2021\SDRW2100002507\SDRW2100002507.1.1.314.lab,97,D:\20_AUDIO\03_wav\individual\2021\SDRW2100002507\SDRW2100002507.1.1.314.wav,True,True,
2021,SDRW2100002507,SDRW2100002507.1.1.318,no_textgrid_after_mfa,D:\20_AUDIO\03_wav\individual\2021\SDRW2100002507\SDRW2100002507.1.1.318.lab,27,D:\20_AUDIO\03_wav\individual\2021\SDRW2100002507\SDRW2100002507.1.1.318.wav,True,True,
2021,SDRW2100002509,SDRW2100002509.1.1.9,no_textgrid_after_mfa,D:\20_AUDIO\03_wav\individual\2021\SDRW2100002509\SDRW2100002509.1.1.9.lab,42,D:\20_AUDIO\03_wav\individual\2021\SDRW2100002509\SDRW2100002509.1.1.9.wav,True,True,
2021,SDRW2100002523,SDRW2100002523.1.1.181,no_textgrid_after_mfa,D:\20_AUDIO\03_wav\individual\2021\SDRW2100002523\SDRW2100002523.1.1.181.lab,43,D:\20_AUDIO\03_wav\individual\2021\SDRW2100002523\SDRW2100002523.1.1.181.wav,True,True,
2021,SDRW2100002536,SDRW2100002536.1.1.220,no_textgrid_after_mfa,D:\20_AUDIO\03_wav\individual\2021\SDRW2100002536\SDRW2100002536.1.1.220.lab,30,D:\20_AUDIO\03_wav\individual\2021\SDRW2100002536\SDRW2100002536.1.1.220.wav,True,True,
2021,SDRW2100002536,SDRW2100002536.1.1.239,no_textgrid_after_mfa,D:\20_AUDIO\03_wav\individual\2021\SDRW2100002536\SDRW2100002536.1.1.239.lab,86,D:\20_AUDIO\03_wav\individual\2021\SDRW2100002536\SDRW2100002536.1.1.239.wav,True,True,
2021,SDRW2100002536,SDRW2100002536.1.1.251,no_textgrid_after_mfa,D:\20_AUDIO\03_wav\individual\2021\SDRW2100002536\SDRW2100002536.1.1.251.lab,43,D:\20_AUDIO\03_wav\individual\2021\SDRW2100002536\SDRW2100002536.1.1.251.wav,True,True,
2021,SDRW2100002536,SDRW2100002536.1.1.252,no_textgrid_after_mfa,D:\20_AUDIO\03_wav\individual\2021\SDRW2100002536\SDRW2100002536.1.1.252.lab,38,D:\20_AUDIO\03_wav\individual\2021\SDRW2100002536\SDRW2100002536.1.1.252.wav,True,True,
2021,SDRW2100002536,SDRW2100002536.1.1.257,no_textgrid_after_mfa,D:\20_AUDIO\03_wav\individual\2021\SDRW2100002536\SDRW2100002536.1.1.257.lab,55,D:\20_AUDIO\03_wav\individual\2021\SDRW2100002536\SDRW2100002536.1.1.257.wav,True,True,
2021,SDRW2100002536,SDRW2100002536.1.1.263,no_textgrid_after_mfa,D:\20_AUDIO\03_wav\individual\2021\SDRW2100002536\SDRW2100002536.1.1.263.lab,55,D:\20_AUDIO\03_wav\individual\2021\SDRW2100002536\SDRW2100002536.1.1.263.wav,True,True,
2021,SDRW2100002536,SDRW2100002536.1.1.278,no_textgrid_after_mfa,D:\20_AUDIO\03_wav\individual\2021\SDRW2100002536\SDRW2100002536.1.1.278.lab,27,D:\20_AUDIO\03_wav\individual\2021\SDRW2100002536\SDRW2100002536.1.1.278.wav,True,True,
2021,SDRW2100002536,SDRW2100002536.1.1.286,no_textgrid_after_mfa,D:\20_AUDIO\03_wav\individual\2021\SDRW2100002536\SDRW2100002536.1.1.286.lab,74,D:\20_AUDIO\03_wav\individual\2021\SDRW2100002536\SDRW2100002536.1.1.286.wav,True,True,
2021,SDRW2100002536,SDRW2100002536.1.1.37,no_textgrid_after_mfa,D:\20_AUDIO\03_wav\individual\2021\SDRW2100002536\SDRW2100002536.1.1.37.lab,26,D:\20_AUDIO\03_wav\individual\2021\SDRW2100002536\SDRW2100002536.1.1.37.wav,True,True,
2021,SDRW2100002572,SDRW2100002572.1.1.197,no_textgrid_after_mfa,D:\20_AUDIO\03_wav\individual\2021\SDRW2100002572\SDRW2100002572.1.1.197.lab,63,D:\20_AUDIO\03_wav\individual\2021\SDRW2100002572\SDRW2100002572.1.1.197.wav,True,True,
2021,SDRW2100002582,SDRW2100002582.1.1.59,no_textgrid_after_mfa,D:\20_AUDIO\03_wav\individual\2021\SDRW2100002582\SDRW2100002582.1.1.59.lab,107,D:\20_AUDIO\03_wav\individual\2021\SDRW2100002582\SDRW2100002582.1.1.59.wav,True,True,
2021,SDRW2100002619,SDRW2100002619.1.1.137,no_textgrid_after_mfa,D:\20_AUDIO\03_wav\individual\2021\SDRW2100002619\SDRW2100002619.1.1.137.lab,27,D:\20_AUDIO\03_wav\individual\2021\SDRW2100002619\SDRW2100002619.1.1.137.wav,True,True,
2021,SDRW2100002619,SDRW2100002619.1.1.138,no_textgrid_after_mfa,D:\20_AUDIO\03_wav\individual\2021\SDRW2100002619\SDRW2100002619.1.1.138.lab,53,D:\20_AUDIO\03_wav\individual\2021\SDRW2100002619\SDRW2100002619.1.1.138.wav,True,True,
2021,SDRW2100002620,SDRW2100002620.1.1.156,no_textgrid_after_mfa,D:\20_AUDIO\03_wav\individual\2021\SDRW2100002620\SDRW2100002620.1.1.156.lab,26,D:\20_AUDIO\03_wav\individual\2021\SDRW2100002620\SDRW2100002620.1.1.156.wav,True,True,
2021,SDRW2100002620,SDRW2100002620.1.1.157,no_textgrid_after_mfa,D:\20_AUDIO\03_wav\individual\2021\SDRW2100002620\SDRW2100002620.1.1.157.lab,62,D:\20_AUDIO\03_wav\individual\2021\SDRW2100002620\SDRW2100002620.1.1.157.wav,True,True,
2021,SDRW2100002637,SDRW2100002637.1.1.106,no_textgrid_after_mfa,D:\20_AUDIO\03_wav\individual\2021\SDRW2100002637\SDRW2100002637.1.1.106.lab,42,D:\20_AUDIO\03_wav\individual\2021\SDRW2100002637\SDRW2100002637.1.1.106.wav,True,False,exclude_source_audio_unusable
2021,SDRW2100002643,SDRW2100002643.1.1.5,no_textgrid_after_mfa,D:\20_AUDIO\03_wav\individual\2021\SDRW2100002643\SDRW2100002643.1.1.5.lab,27,D:\20_AUDIO\03_wav\individual\2021\SDRW2100002643\SDRW2100002643.1.1.5.wav,True,True,
2021,SDRW2100002644,SDRW2100002644.1.1.224,no_textgrid_after_mfa,D:\20_AUDIO\03_wav\individual\2021\SDRW2100002644\SDRW2100002644.1.1.224.lab,66,D:\20_AUDIO\03_wav\individual\2021\SDRW2100002644\SDRW2100002644.1.1.224.wav,True,True,
2021,SDRW2100002648,SDRW2100002648.1.1.335,no_textgrid_after_mfa,D:\20_AUDIO\03_wav\individual\2021\SDRW2100002648\SDRW2100002648.1.1.335.lab,9,D:\20_AUDIO\03_wav\individual\2021\SDRW2100002648\SDRW2100002648.1.1.335.wav,True,True,
2021,SDRW2100002731,SDRW2100002731.1.1.314,no_textgrid_after_mfa,D:\20_AUDIO\03_wav\individual\2021\SDRW2100002731\SDRW2100002731.1.1.314.lab,89,D:\20_AUDIO\03_wav\individual\2021\SDRW2100002731\SDRW2100002731.1.1.314.wav,True,True,
2021,SDRW2100002819,SDRW2100002819.1.1.154,no_textgrid_after_mfa,D:\20_AUDIO\03_wav\individual\2021\SDRW2100002819\SDRW2100002819.1.1.154.lab,79,D:\20_AUDIO\03_wav\individual\2021\SDRW2100002819\SDRW2100002819.1.1.154.wav,True,True,
2021,SDRW2100002889,SDRW2100002889.1.1.127,no_textgrid_after_mfa,D:\20_AUDIO\03_wav\individual\2021\SDRW2100002889\SDRW2100002889.1.1.127.lab,10,D:\20_AUDIO\03_wav\individual\2021\SDRW2100002889\SDRW2100002889.1.1.127.wav,True,False,exclude_source_audio_unusable
2021,SDRW2100002890,SDRW2100002890.1.1.219,no_textgrid_after_mfa,D:\20_AUDIO\03_wav\individual\2021\SDRW2100002890\SDRW2100002890.1.1.219.lab,55,D:\20_AUDIO\03_wav\individual\2021\SDRW2100002890\SDRW2100002890.1.1.219.wav,True,True,
2021,SDRW2100002891,SDRW2100002891.1.1.17,no_textgrid_after_mfa,D:\20_AUDIO\03_wav\individual\2021\SDRW2100002891\SDRW2100002891.1.1.17.lab,235,D:\20_AUDIO\03_wav\individual\2021\SDRW2100002891\SDRW2100002891.1.1.17.wav,True,True,
2021,SDRW2100002891,SDRW2100002891.1.1.18,no_textgrid_after_mfa,D:\20_AUDIO\03_wav\individual\2021\SDRW2100002891\SDRW2100002891.1.1.18.lab,235,D:\20_AUDIO\03_wav\individual\2021\SDRW2100002891\SDRW2100002891.1.1.18.wav,True,True,
2021,SDRW2100002891,SDRW2100002891.1.1.31,no_textgrid_after_mfa,D:\20_AUDIO\03_wav\individual\2021\SDRW2100002891\SDRW2100002891.1.1.31.lab,80,D:\20_AUDIO\03_wav\individual\2021\SDRW2100002891\SDRW2100002891.1.1.31.wav,True,True,
2021,SDRW2100002891,SDRW2100002891.1.1.32,no_textgrid_after_mfa,D:\20_AUDIO\03_wav\individual\2021\SDRW2100002891\SDRW2100002891.1.1.32.lab,80,D:\20_AUDIO\03_wav\individual\2021\SDRW2100002891\SDRW2100002891.1.1.32.wav,True,True,
2021,SDRW2100002901,SDRW2100002901.1.1.86,no_textgrid_after_mfa,D:\20_AUDIO\03_wav\individual\2021\SDRW2100002901\SDRW2100002901.1.1.86.lab,49,D:\20_AUDIO\03_wav\individual\2021\SDRW2100002901\SDRW2100002901.1.1.86.wav,True,True,
2021,SDRW2100002903,SDRW2100002903.1.1.158,no_textgrid_after_mfa,D:\20_AUDIO\03_wav\individual\2021\SDRW2100002903\SDRW2100002903.1.1.158.lab,75,D:\20_AUDIO\03_wav\individual\2021\SDRW2100002903\SDRW2100002903.1.1.158.wav,True,True,
2021,SDRW2100002910,SDRW2100002910.1.1.59,no_textgrid_after_mfa,D:\20_AUDIO\03_wav\individual\2021\SDRW2100002910\SDRW2100002910.1.1.59.lab,147,D:\20_AUDIO\03_wav\individual\2021\SDRW2100002910\SDRW2100002910.1.1.59.wav,True,True,
2021,SDRW2100002910,SDRW2100002910.1.1.61,no_textgrid_after_mfa,D:\20_AUDIO\03_wav\individual\2021\SDRW2100002910\SDRW2100002910.1.1.61.lab,147,D:\20_AUDIO\03_wav\individual\2021\SDRW2100002910\SDRW2100002910.1.1.61.wav,True,True,
2021,SDRW2100002911,SDRW2100002911.1.1.120,no_textgrid_after_mfa,D:\20_AUDIO\03_wav\individual\2021\SDRW2100002911\SDRW2100002911.1.1.120.lab,96,D:\20_AUDIO\03_wav\individual\2021\SDRW2100002911\SDRW2100002911.1.1.120.wav,True,True,
2021,SDRW2100002912,SDRW2100002912.1.1.298,no_textgrid_after_mfa,D:\20_AUDIO\03_wav\individual\2021\SDRW2100002912\SDRW2100002912.1.1.298.lab,61,D:\20_AUDIO\03_wav\individual\2021\SDRW2100002912\SDRW2100002912.1.1.298.wav,True,True,
2021,SDRW2100002929,SDRW2100002929.1.1.95,no_textgrid_after_mfa,D:\20_AUDIO\03_wav\individual\2021\SDRW2100002929\SDRW2100002929.1.1.95.lab,142,D:\20_AUDIO\03_wav\individual\2021\SDRW2100002929\SDRW2100002929.1.1.95.wav,True,True,
2021,SDRW2100002929,SDRW2100002929.1.1.96,no_textgrid_after_mfa,D:\20_AUDIO\03_wav\individual\2021\SDRW2100002929\SDRW2100002929.1.1.96.lab,142,D:\20_AUDIO\03_wav\individual\2021\SDRW2100002929\SDRW2100002929.1.1.96.wav,True,True,
2021,SDRW2100002932,SDRW2100002932.1.1.299,no_textgrid_after_mfa,D:\20_AUDIO\03_wav\individual\2021\SDRW2100002932\SDRW2100002932.1.1.299.lab,123,D:\20_AUDIO\03_wav\individual\2021\SDRW2100002932\SDRW2100002932.1.1.299.wav,True,True,
2021,SDRW2100002932,SDRW2100002932.1.1.301,no_textgrid_after_mfa,D:\20_AUDIO\03_wav\individual\2021\SDRW2100002932\SDRW2100002932.1.1.301.lab,123,D:\20_AUDIO\03_wav\individual\2021\SDRW2100002932\SDRW2100002932.1.1.301.wav,True,True,
2021,SDRW2100002964,SDRW2100002964.1.1.180,no_textgrid_after_mfa,D:\20_AUDIO\03_wav\individual\2021\SDRW2100002964\SDRW2100002964.1.1.180.lab,134,D:\20_AUDIO\03_wav\individual\2021\SDRW2100002964\SDRW2100002964.1.1.180.wav,True,True,
2021,SDRW2100002997,SDRW2100002997.1.1.164,no_textgrid_after_mfa,D:\20_AUDIO\03_wav\individual\2021\SDRW2100002997\SDRW2100002997.1.1.164.lab,54,D:\20_AUDIO\03_wav\individual\2021\SDRW2100002997\SDRW2100002997.1.1.164.wav,True,True,
2021,SDRW2100002997,SDRW2100002997.1.1.260,no_textgrid_after_mfa,D:\20_AUDIO\03_wav\individual\2021\SDRW2100002997\SDRW2100002997.1.1.260.lab,64,D:\20_AUDIO\03_wav\individual\2021\SDRW2100002997\SDRW2100002997.1.1.260.wav,True,True,
2021,SDRW2100003008,SDRW2100003008.1.1.100,no_textgrid_after_mfa,D:\20_AUDIO\03_wav\individual\2021\SDRW2100003008\SDRW2100003008.1.1.100.lab,77,D:\20_AUDIO\03_wav\individual\2021\SDRW2100003008\SDRW2100003008.1.1.100.wav,True,False,exclude_source_audio_unusable
2021,SDRW2100003015,SDRW2100003015.1.1.177,no_textgrid_after_mfa,D:\20_AUDIO\03_wav\individual\2021\SDRW2100003015\SDRW2100003015.1.1.177.lab,27,D:\20_AUDIO\03_wav\individual\2021\SDRW2100003015\SDRW2100003015.1.1.177.wav,True,True,
2021,SDRW2100003016,SDRW2100003016.1.1.240,no_textgrid_after_mfa,D:\20_AUDIO\03_wav\individual\2021\SDRW2100003016\SDRW2100003016.1.1.240.lab,36,D:\20_AUDIO\03_wav\individual\2021\SDRW2100003016\SDRW2100003016.1.1.240.wav,True,True,
2021,SDRW2100003027,SDRW2100003027.1.1.79,no_textgrid_after_mfa,D:\20_AUDIO\03_wav\individual\2021\SDRW2100003027\SDRW2100003027.1.1.79.lab,56,D:\20_AUDIO\03_wav\individual\2021\SDRW2100003027\SDRW2100003027.1.1.79.wav,True,True,
2021,SDRW2100003030,SDRW2100003030.1.1.191,no_textgrid_after_mfa,D:\20_AUDIO\03_wav\individual\2021\SDRW2100003030\SDRW2100003030.1.1.191.lab,21,D:\20_AUDIO\03_wav\individual\2021\SDRW2100003030\SDRW2100003030.1.1.191.wav,True,True,
2021,SDRW2100003030,SDRW2100003030.1.1.342,no_textgrid_after_mfa,D:\20_AUDIO\03_wav\individual\2021\SDRW2100003030\SDRW2100003030.1.1.342.lab,79,D:\20_AUDIO\03_wav\individual\2021\SDRW2100003030\SDRW2100003030.1.1.342.wav,True,True,
2021,SDRW2100003030,SDRW2100003030.1.1.61,no_textgrid_after_mfa,D:\20_AUDIO\03_wav\individual\2021\SDRW2100003030\SDRW2100003030.1.1.61.lab,16,D:\20_AUDIO\03_wav\individual\2021\SDRW2100003030\SDRW2100003030.1.1.61.wav,True,True,
2021,SDRW2100003035,SDRW2100003035.1.1.245,no_textgrid_after_mfa,D:\20_AUDIO\03_wav\individual\2021\SDRW2100003035\SDRW2100003035.1.1.245.lab,53,D:\20_AUDIO\03_wav\individual\2021\SDRW2100003035\SDRW2100003035.1.1.245.wav,True,True,
2021,SDRW2100003054,SDRW2100003054.1.1.109,no_textgrid_after_mfa,D:\20_AUDIO\03_wav\individual\2021\SDRW2100003054\SDRW2100003054.1.1.109.lab,53,D:\20_AUDIO\03_wav\individual\2021\SDRW2100003054\SDRW2100003054.1.1.109.wav,True,True,
2021,SDRW2100003057,SDRW2100003057.1.1.281,no_textgrid_after_mfa,D:\20_AUDIO\03_wav\individual\2021\SDRW2100003057\SDRW2100003057.1.1.281.lab,92,D:\20_AUDIO\03_wav\individual\2021\SDRW2100003057\SDRW2100003057.1.1.281.wav,True,True,
2021,SDRW2100003063,SDRW2100003063.1.1.226,no_textgrid_after_mfa,D:\20_AUDIO\03_wav\individual\2021\SDRW2100003063\SDRW2100003063.1.1.226.lab,59,D:\20_AUDIO\03_wav\individual\2021\SDRW2100003063\SDRW2100003063.1.1.226.wav,True,True,
2021,SDRW2100003068,SDRW2100003068.1.1.193,no_textgrid_after_mfa,D:\20_AUDIO\03_wav\individual\2021\SDRW2100003068\SDRW2100003068.1.1.193.lab,52,D:\20_AUDIO\03_wav\individual\2021\SDRW2100003068\SDRW2100003068.1.1.193.wav,True,True,
2021,SDRW2100003072,SDRW2100003072.1.1.190,no_textgrid_after_mfa,D:\20_AUDIO\03_wav\individual\2021\SDRW2100003072\SDRW2100003072.1.1.190.lab,139,D:\20_AUDIO\03_wav\individual\2021\SDRW2100003072\SDRW2100003072.1.1.190.wav,True,True,
2021,SDRW2100003080,SDRW2100003080.1.1.262,no_textgrid_after_mfa,D:\20_AUDIO\03_wav\individual\2021\SDRW2100003080\SDRW2100003080.1.1.262.lab,58,D:\20_AUDIO\03_wav\individual\2021\SDRW2100003080\SDRW2100003080.1.1.262.wav,True,True,
2021,SDRW2100003085,SDRW2100003085.1.1.70,no_textgrid_after_mfa,D:\20_AUDIO\03_wav\individual\2021\SDRW2100003085\SDRW2100003085.1.1.70.lab,30,D:\20_AUDIO\03_wav\individual\2021\SDRW2100003085\SDRW2100003085.1.1.70.wav,True,True,
2021,SDRW2100003087,SDRW2100003087.1.1.155,no_textgrid_after_mfa,D:\20_AUDIO\03_wav\individual\2021\SDRW2100003087\SDRW2100003087.1.1.155.lab,105,D:\20_AUDIO\03_wav\individual\2021\SDRW2100003087\SDRW2100003087.1.1.155.wav,True,True,
2021,SDRW2100003108,SDRW2100003108.1.1.2,no_textgrid_after_mfa,D:\20_AUDIO\03_wav\individual\2021\SDRW2100003108\SDRW2100003108.1.1.2.lab,115,D:\20_AUDIO\03_wav\individual\2021\SDRW2100003108\SDRW2100003108.1.1.2.wav,True,True,
2021,SDRW2100003113,SDRW2100003113.1.1.238,no_textgrid_after_mfa,D:\20_AUDIO\03_wav\individual\2021\SDRW2100003113\SDRW2100003113.1.1.238.lab,67,D:\20_AUDIO\03_wav\individual\2021\SDRW2100003113\SDRW2100003113.1.1.238.wav,True,True,
2021,SDRW2100003124,SDRW2100003124.1.1.106,no_textgrid_after_mfa,D:\20_AUDIO\03_wav\individual\2021\SDRW2100003124\SDRW2100003124.1.1.106.lab,77,D:\20_AUDIO\03_wav\individual\2021\SDRW2100003124\SDRW2100003124.1.1.106.wav,True,True,
2021,SDRW2100003125,SDRW2100003125.1.1.240,no_textgrid_after_mfa,D:\20_AUDIO\03_wav\individual\2021\SDRW2100003125\SDRW2100003125.1.1.240.lab,84,D:\20_AUDIO\03_wav\individual\2021\SDRW2100003125\SDRW2100003125.1.1.240.wav,True,True,
2021,SDRW2100003131,SDRW2100003131.1.1.329,no_textgrid_after_mfa,D:\20_AUDIO\03_wav\individual\2021\SDRW2100003131\SDRW2100003131.1.1.329.lab,19,D:\20_AUDIO\03_wav\individual\2021\SDRW2100003131\SDRW2100003131.1.1.329.wav,True,True,
2021,SDRW2100003135,SDRW2100003135.1.1.181,no_textgrid_after_mfa,D:\20_AUDIO\03_wav\individual\2021\SDRW2100003135\SDRW2100003135.1.1.181.lab,87,D:\20_AUDIO\03_wav\individual\2021\SDRW2100003135\SDRW2100003135.1.1.181.wav,True,True,
2021,SDRW2100003147,SDRW2100003147.1.1.130,no_textgrid_after_mfa,D:\20_AUDIO\03_wav\individual\2021\SDRW2100003147\SDRW2100003147.1.1.130.lab,114,D:\20_AUDIO\03_wav\individual\2021\SDRW2100003147\SDRW2100003147.1.1.130.wav,True,True,
2021,SDRW2100003151,SDRW2100003151.1.1.22,no_textgrid_after_mfa,D:\20_AUDIO\03_wav\individual\2021\SDRW2100003151\SDRW2100003151.1.1.22.lab,118,D:\20_AUDIO\03_wav\individual\2021\SDRW2100003151\SDRW2100003151.1.1.22.wav,True,True,
2021,SDRW2100003163,SDRW2100003163.1.1.109,no_textgrid_after_mfa,D:\20_AUDIO\03_wav\individual\2021\SDRW2100003163\SDRW2100003163.1.1.109.lab,91,D:\20_AUDIO\03_wav\individual\2021\SDRW2100003163\SDRW2100003163.1.1.109.wav,True,True,
2021,SDRW2100003190,SDRW2100003190.1.1.270,no_textgrid_after_mfa,D:\20_AUDIO\03_wav\individual\2021\SDRW2100003190\SDRW2100003190.1.1.270.lab,92,D:\20_AUDIO\03_wav\individual\2021\SDRW2100003190\SDRW2100003190.1.1.270.wav,True,True,
2021,SDRW2100003191,SDRW2100003191.1.1.267,no_textgrid_after_mfa,D:\20_AUDIO\03_wav\individual\2021\SDRW2100003191\SDRW2100003191.1.1.267.lab,55,D:\20_AUDIO\03_wav\individual\2021\SDRW2100003191\SDRW2100003191.1.1.267.wav,True,True,
2021,SDRW2100003201,SDRW2100003201.1.1.211,no_textgrid_after_mfa,D:\20_AUDIO\03_wav\individual\2021\SDRW2100003201\SDRW2100003201.1.1.211.lab,91,D:\20_AUDIO\03_wav\individual\2021\SDRW2100003201\SDRW2100003201.1.1.211.wav,True,True,
2021,SDRW2100003206,SDRW2100003206.1.1.124,no_textgrid_after_mfa,D:\20_AUDIO\03_wav\individual\2021\SDRW2100003206\SDRW2100003206.1.1.124.lab,40,D:\20_AUDIO\03_wav\individual\2021\SDRW2100003206\SDRW2100003206.1.1.124.wav,True,True,
2021,SDRW2100003215,SDRW2100003215.1.1.194,no_textgrid_after_mfa,D:\20_AUDIO\03_wav\individual\2021\SDRW2100003215\SDRW2100003215.1.1.194.lab,100,D:\20_AUDIO\03_wav\individual\2021\SDRW2100003215\SDRW2100003215.1.1.194.wav,True,True,
2021,SDRW2100003216,SDRW2100003216.1.1.236,no_textgrid_after_mfa,D:\20_AUDIO\03_wav\individual\2021\SDRW2100003216\SDRW2100003216.1.1.236.lab,56,D:\20_AUDIO\03_wav\individual\2021\SDRW2100003216\SDRW2100003216.1.1.236.wav,True,True,
2021,SDRW2100003218,SDRW2100003218.1.1.64,no_textgrid_after_mfa,D:\20_AUDIO\03_wav\individual\2021\SDRW2100003218\SDRW2100003218.1.1.64.lab,188,D:\20_AUDIO\03_wav\individual\2021\SDRW2100003218\SDRW2100003218.1.1.64.wav,True,True,
2021,SDRW2100003232,SDRW2100003232.1.1.325,no_textgrid_after_mfa,D:\20_AUDIO\03_wav\individual\2021\SDRW2100003232\SDRW2100003232.1.1.325.lab,91,D:\20_AUDIO\03_wav\individual\2021\SDRW2100003232\SDRW2100003232.1.1.325.wav,True,True,
2021,SDRW2100003237,SDRW2100003237.1.1.172,no_textgrid_after_mfa,D:\20_AUDIO\03_wav\individual\2021\SDRW2100003237\SDRW2100003237.1.1.172.lab,76,D:\20_AUDIO\03_wav\individual\2021\SDRW2100003237\SDRW2100003237.1.1.172.wav,True,True,
2021,SDRW2100003245,SDRW2100003245.1.1.117,no_textgrid_after_mfa,D:\20_AUDIO\03_wav\individual\2021\SDRW2100003245\SDRW2100003245.1.1.117.lab,79,D:\20_AUDIO\03_wav\individual\2021\SDRW2100003245\SDRW2100003245.1.1.117.wav,True,True,
2021,SDRW2100003248,SDRW2100003248.1.1.131,no_textgrid_after_mfa,D:\20_AUDIO\03_wav\individual\2021\SDRW2100003248\SDRW2100003248.1.1.131.lab,84,D:\20_AUDIO\03_wav\individual\2021\SDRW2100003248\SDRW2100003248.1.1.131.wav,True,True,
2021,SDRW2100003249,SDRW2100003249.1.1.1,no_textgrid_after_mfa,D:\20_AUDIO\03_wav\individual\2021\SDRW2100003249\SDRW2100003249.1.1.1.lab,46,D:\20_AUDIO\03_wav\individual\2021\SDRW2100003249\SDRW2100003249.1.1.1.wav,True,False,exclude_source_audio_unusable
2021,SDRW2100003249,SDRW2100003249.1.1.10,no_textgrid_after_mfa,D:\20_AUDIO\03_wav\individual\2021\SDRW2100003249\SDRW2100003249.1.1.10.lab,44,D:\20_AUDIO\03_wav\individual\2021\SDRW2100003249\SDRW2100003249.1.1.10.wav,True,False,exclude_source_audio_unusable
2021,SDRW2100003249,SDRW2100003249.1.1.100,no_textgrid_after_mfa,D:\20_AUDIO\03_wav\individual\2021\SDRW2100003249\SDRW2100003249.1.1.100.lab,39,D:\20_AUDIO\03_wav\individual\2021\SDRW2100003249\SDRW2100003249.1.1.100.wav,True,False,exclude_source_audio_unusable
2021,SDRW2100003249,SDRW2100003249.1.1.101,no_textgrid_after_mfa,D:\20_AUDIO\03_wav\individual\2021\SDRW2100003249\SDRW2100003249.1.1.101.lab,3,D:\20_AUDIO\03_wav\individual\2021\SDRW2100003249\SDRW2100003249.1.1.101.wav,True,False,exclude_source_audio_unusable
2021,SDRW2100003249,SDRW2100003249.1.1.102,no_textgrid_after_mfa,D:\20_AUDIO\03_wav\individual\2021\SDRW2100003249\SDRW2100003249.1.1.102.lab,3,D:\20_AUDIO\03_wav\individual\2021\SDRW2100003249\SDRW2100003249.1.1.102.wav,True,False,exclude_source_audio_unusable
2021,SDRW2100003249,SDRW2100003249.1.1.103,no_textgrid_after_mfa,D:\20_AUDIO\03_wav\individual\2021\SDRW2100003249\SDRW2100003249.1.1.103.lab,16,D:\20_AUDIO\03_wav\individual\2021\SDRW2100003249\SDRW2100003249.1.1.103.wav,True,False,exclude_source_audio_unusable
2021,SDRW2100003249,SDRW2100003249.1.1.104,no_textgrid_after_mfa,D:\20_AUDIO\03_wav\individual\2021\SDRW2100003249\SDRW2100003249.1.1.104.lab,25,D:\20_AUDIO\03_wav\individual\2021\SDRW2100003249\SDRW2100003249.1.1.104.wav,True,False,exclude_source_audio_unusable
2021,SDRW2100003249,SDRW2100003249.1.1.105,no_textgrid_after_mfa,D:\20_AUDIO\03_wav\individual\2021\SDRW2100003249\SDRW2100003249.1.1.105.lab,37,D:\20_AUDIO\03_wav\individual\2021\SDRW2100003249\SDRW2100003249.1.1.105.wav,True,False,exclude_source_audio_unusable
2021,SDRW2100003249,SDRW2100003249.1.1.106,no_textgrid_after_mfa,D:\20_AUDIO\03_wav\individual\2021\SDRW2100003249\SDRW2100003249.1.1.106.lab,17,D:\20_AUDIO\03_wav\individual\2021\SDRW2100003249\SDRW2100003249.1.1.106.wav,True,False,exclude_source_audio_unusable
2021,SDRW2100003249,SDRW2100003249.1.1.107,no_textgrid_after_mfa,D:\20_AUDIO\03_wav\individual\2021\SDRW2100003249\SDRW2100003249.1.1.107.lab,33,D:\20_AUDIO\03_wav\individual\2021\SDRW2100003249\SDRW2100003249.1.1.107.wav,True,False,exclude_source_audio_unusable
2021,SDRW2100003249,SDRW2100003249.1.1.108,no_textgrid_after_mfa,D:\20_AUDIO\03_wav\individual\2021\SDRW2100003249\SDRW2100003249.1.1.108.lab,52,D:\20_AUDIO\03_wav\individual\2021\SDRW2100003249\SDRW2100003249.1.1.108.wav,True,False,exclude_source_audio_unusable
2021,SDRW2100003249,SDRW2100003249.1.1.109,no_textgrid_after_mfa,D:\20_AUDIO\03_wav\individual\2021\SDRW2100003249\SDRW2100003249.1.1.109.lab,40,D:\20_AUDIO\03_wav\individual\2021\SDRW2100003249\SDRW2100003249.1.1.109.wav,True,False,exclude_source_audio_unusable
2021,SDRW2100003249,SDRW2100003249.1.1.11,no_textgrid_after_mfa,D:\20_AUDIO\03_wav\individual\2021\SDRW2100003249\SDRW2100003249.1.1.11.lab,30,D:\20_AUDIO\03_wav\individual\2021\SDRW2100003249\SDRW2100003249.1.1.11.wav,True,False,exclude_source_audio_unusable
2021,SDRW2100003249,SDRW2100003249.1.1.110,no_textgrid_after_mfa,D:\20_AUDIO\03_wav\individual\2021\SDRW2100003249\SDRW2100003249.1.1.110.lab,51,D:\20_AUDIO\03_wav\individual\2021\SDRW2100003249\SDRW2100003249.1.1.110.wav,True,False,exclude_source_audio_unusable
2021,SDRW2100003249,SDRW2100003249.1.1.111,no_textgrid_after_mfa,D:\20_AUDIO\03_wav\individual\2021\SDRW2100003249\SDRW2100003249.1.1.111.lab,23,D:\20_AUDIO\03_wav\individual\2021\SDRW2100003249\SDRW2100003249.1.1.111.wav,True,False,exclude_source_audio_unusable
2021,SDRW2100003249,SDRW2100003249.1.1.112,no_textgrid_after_mfa,D:\20_AUDIO\03_wav\individual\2021\SDRW2100003249\SDRW2100003249.1.1.112.lab,65,D:\20_AUDIO\03_wav\individual\2021\SDRW2100003249\SDRW2100003249.1.1.112.wav,True,False,exclude_source_audio_unusable
2021,SDRW2100003249,SDRW2100003249.1.1.113,no_textgrid_after_mfa,D:\20_AUDIO\03_wav\individual\2021\SDRW2100003249\SDRW2100003249.1.1.113.lab,64,D:\20_AUDIO\03_wav\individual\2021\SDRW2100003249\SDRW2100003249.1.1.113.wav,True,False,exclude_source_audio_unusable
2021,SDRW2100003249,SDRW2100003249.1.1.114,no_textgrid_after_mfa,D:\20_AUDIO\03_wav\individual\2021\SDRW2100003249\SDRW2100003249.1.1.114.lab,68,D:\20_AUDIO\03_wav\individual\2021\SDRW2100003249\SDRW2100003249.1.1.114.wav,True,False,exclude_source_audio_unusable
2021,SDRW2100003249,SDRW2100003249.1.1.115,no_textgrid_after_mfa,D:\20_AUDIO\03_wav\individual\2021\SDRW2100003249\SDRW2100003249.1.1.115.lab,47,D:\20_AUDIO\03_wav\individual\2021\SDRW2100003249\SDRW2100003249.1.1.115.wav,True,False,exclude_source_audio_unusable
2021,SDRW2100003249,SDRW2100003249.1.1.116,no_textgrid_after_mfa,D:\20_AUDIO\03_wav\individual\2021\SDRW2100003249\SDRW2100003249.1.1.116.lab,56,D:\20_AUDIO\03_wav\individual\2021\SDRW2100003249\SDRW2100003249.1.1.116.wav,True,False,exclude_source_audio_unusable
2021,SDRW2100003249,SDRW2100003249.1.1.117,no_textgrid_after_mfa,D:\20_AUDIO\03_wav\individual\2021\SDRW2100003249\SDRW2100003249.1.1.117.lab,40,D:\20_AUDIO\03_wav\individual\2021\SDRW2100003249\SDRW2100003249.1.1.117.wav,True,False,exclude_source_audio_unusable
2021,SDRW2100003249,SDRW2100003249.1.1.118,no_textgrid_after_mfa,D:\20_AUDIO\03_wav\individual\2021\SDRW2100003249\SDRW2100003249.1.1.118.lab,37,D:\20_AUDIO\03_wav\individual\2021\SDRW2100003249\SDRW2100003249.1.1.118.wav,True,False,exclude_source_audio_unusable
2021,SDRW2100003249,SDRW2100003249.1.1.119,no_textgrid_after_mfa,D:\20_AUDIO\03_wav\individual\2021\SDRW2100003249\SDRW2100003249.1.1.119.lab,54,D:\20_AUDIO\03_wav\individual\2021\SDRW2100003249\SDRW2100003249.1.1.119.wav,True,False,exclude_source_audio_unusable
2021,SDRW2100003249,SDRW2100003249.1.1.12,no_textgrid_after_mfa,D:\20_AUDIO\03_wav\individual\2021\SDRW2100003249\SDRW2100003249.1.1.12.lab,40,D:\20_AUDIO\03_wav\individual\2021\SDRW2100003249\SDRW2100003249.1.1.12.wav,True,False,exclude_source_audio_unusable
2021,SDRW2100003249,SDRW2100003249.1.1.120,no_textgrid_after_mfa,D:\20_AUDIO\03_wav\individual\2021\SDRW2100003249\SDRW2100003249.1.1.120.lab,43,D:\20_AUDIO\03_wav\individual\2021\SDRW2100003249\SDRW2100003249.1.1.120.wav,True,False,exclude_source_audio_unusable
2021,SDRW2100003249,SDRW2100003249.1.1.121,no_textgrid_after_mfa,D:\20_AUDIO\03_wav\individual\2021\SDRW2100003249\SDRW2100003249.1.1.121.lab,9,D:\20_AUDIO\03_wav\individual\2021\SDRW2100003249\SDRW2100003249.1.1.121.wav,True,False,exclude_source_audio_unusable
2021,SDRW2100003249,SDRW2100003249.1.1.122,no_textgrid_after_mfa,D:\20_AUDIO\03_wav\individual\2021\SDRW2100003249\SDRW2100003249.1.1.122.lab,3,D:\20_AUDIO\03_wav\individual\2021\SDRW2100003249\SDRW2100003249.1.1.122.wav,True,False,exclude_source_audio_unusable
2021,SDRW2100003249,SDRW2100003249.1.1.123,no_textgrid_after_mfa,D:\20_AUDIO\03_wav\individual\2021\SDRW2100003249\SDRW2100003249.1.1.123.lab,33,D:\20_AUDIO\03_wav\individual\2021\SDRW2100003249\SDRW2100003249.1.1.123.wav,True,False,exclude_source_audio_unusable
2021,SDRW2100003249,SDRW2100003249.1.1.124,no_textgrid_after_mfa,D:\20_AUDIO\03_wav\individual\2021\SDRW2100003249\SDRW2100003249.1.1.124.lab,62,D:\20_AUDIO\03_wav\individual\2021\SDRW2100003249\SDRW2100003249.1.1.124.wav,True,False,exclude_source_audio_unusable
2021,SDRW2100003249,SDRW2100003249.1.1.125,no_textgrid_after_mfa,D:\20_AUDIO\03_wav\individual\2021\SDRW2100003249\SDRW2100003249.1.1.125.lab,43,D:\20_AUDIO\03_wav\individual\2021\SDRW2100003249\SDRW2100003249.1.1.125.wav,True,False,exclude_source_audio_unusable
2021,SDRW2100003249,SDRW2100003249.1.1.126,no_textgrid_after_mfa,D:\20_AUDIO\03_wav\individual\2021\SDRW2100003249\SDRW2100003249.1.1.126.lab,50,D:\20_AUDIO\03_wav\individual\2021\SDRW2100003249\SDRW2100003249.1.1.126.wav,True,False,exclude_source_audio_unusable
2021,SDRW2100003249,SDRW2100003249.1.1.127,no_textgrid_after_mfa,D:\20_AUDIO\03_wav\individual\2021\SDRW2100003249\SDRW2100003249.1.1.127.lab,78,D:\20_AUDIO\03_wav\individual\2021\SDRW2100003249\SDRW2100003249.1.1.127.wav,True,False,exclude_source_audio_unusable
2021,SDRW2100003249,SDRW2100003249.1.1.128,no_textgrid_after_mfa,D:\20_AUDIO\03_wav\individual\2021\SDRW2100003249\SDRW2100003249.1.1.128.lab,61,D:\20_AUDIO\03_wav\individual\2021\SDRW2100003249\SDRW2100003249.1.1.128.wav,True,False,exclude_source_audio_unusable
2021,SDRW2100003249,SDRW2100003249.1.1.129,no_textgrid_after_mfa,D:\20_AUDIO\03_wav\individual\2021\SDRW2100003249\SDRW2100003249.1.1.129.lab,80,D:\20_AUDIO\03_wav\individual\2021\SDRW2100003249\SDRW2100003249.1.1.129.wav,True,False,exclude_source_audio_unusable
2021,SDRW2100003249,SDRW2100003249.1.1.13,no_textgrid_after_mfa,D:\20_AUDIO\03_wav\individual\2021\SDRW2100003249\SDRW2100003249.1.1.13.lab,42,D:\20_AUDIO\03_wav\individual\2021\SDRW2100003249\SDRW2100003249.1.1.13.wav,True,False,exclude_source_audio_unusable
2021,SDRW2100003249,SDRW2100003249.1.1.130,no_textgrid_after_mfa,D:\20_AUDIO\03_wav\individual\2021\SDRW2100003249\SDRW2100003249.1.1.130.lab,55,D:\20_AUDIO\03_wav\individual\2021\SDRW2100003249\SDRW2100003249.1.1.130.wav,True,False,exclude_source_audio_unusable
2021,SDRW2100003249,SDRW2100003249.1.1.131,no_textgrid_after_mfa,D:\20_AUDIO\03_wav\individual\2021\SDRW2100003249\SDRW2100003249.1.1.131.lab,95,D:\20_AUDIO\03_wav\individual\2021\SDRW2100003249\SDRW2100003249.1.1.131.wav,True,False,exclude_source_audio_unusable
2021,SDRW2100003249,SDRW2100003249.1.1.132,no_textgrid_after_mfa,D:\20_AUDIO\03_wav\individual\2021\SDRW2100003249\SDRW2100003249.1.1.132.lab,78,D:\20_AUDIO\03_wav\individual\2021\SDRW2100003249\SDRW2100003249.1.1.132.wav,True,False,exclude_source_audio_unusable
2021,SDRW2100003249,SDRW2100003249.1.1.133,no_textgrid_after_mfa,D:\20_AUDIO\03_wav\individual\2021\SDRW2100003249\SDRW2100003249.1.1.133.lab,76,D:\20_AUDIO\03_wav\individual\2021\SDRW2100003249\SDRW2100003249.1.1.133.wav,True,False,exclude_source_audio_unusable
2021,SDRW2100003249,SDRW2100003249.1.1.134,no_textgrid_after_mfa,D:\20_AUDIO\03_wav\individual\2021\SDRW2100003249\SDRW2100003249.1.1.134.lab,47,D:\20_AUDIO\03_wav\individual\2021\SDRW2100003249\SDRW2100003249.1.1.134.wav,True,False,exclude_source_audio_unusable
2021,SDRW2100003249,SDRW2100003249.1.1.135,no_textgrid_after_mfa,D:\20_AUDIO\03_wav\individual\2021\SDRW2100003249\SDRW2100003249.1.1.135.lab,43,D:\20_AUDIO\03_wav\individual\2021\SDRW2100003249\SDRW2100003249.1.1.135.wav,True,False,exclude_source_audio_unusable
2021,SDRW2100003249,SDRW2100003249.1.1.136,no_textgrid_after_mfa,D:\20_AUDIO\03_wav\individual\2021\SDRW2100003249\SDRW2100003249.1.1.136.lab,54,D:\20_AUDIO\03_wav\individual\2021\SDRW2100003249\SDRW2100003249.1.1.136.wav,True,False,exclude_source_audio_unusable
2021,SDRW2100003249,SDRW2100003249.1.1.137,no_textgrid_after_mfa,D:\20_AUDIO\03_wav\individual\2021\SDRW2100003249\SDRW2100003249.1.1.137.lab,27,D:\20_AUDIO\03_wav\individual\2021\SDRW2100003249\SDRW2100003249.1.1.137.wav,True,False,exclude_source_audio_unusable
2021,SDRW2100003249,SDRW2100003249.1.1.138,no_textgrid_after_mfa,D:\20_AUDIO\03_wav\individual\2021\SDRW2100003249\SDRW2100003249.1.1.138.lab,62,D:\20_AUDIO\03_wav\individual\2021\SDRW2100003249\SDRW2100003249.1.1.138.wav,True,False,exclude_source_audio_unusable
2021,SDRW2100003249,SDRW2100003249.1.1.139,no_textgrid_after_mfa,D:\20_AUDIO\03_wav\individual\2021\SDRW2100003249\SDRW2100003249.1.1.139.lab,45,D:\20_AUDIO\03_wav\individual\2021\SDRW2100003249\SDRW2100003249.1.1.139.wav,True,False,exclude_source_audio_unusable
2021,SDRW2100003249,SDRW2100003249.1.1.14,no_textgrid_after_mfa,D:\20_AUDIO\03_wav\individual\2021\SDRW2100003249\SDRW2100003249.1.1.14.lab,58,D:\20_AUDIO\03_wav\individual\2021\SDRW2100003249\SDRW2100003249.1.1.14.wav,True,False,exclude_source_audio_unusable
2021,SDRW2100003249,SDRW2100003249.1.1.140,no_textgrid_after_mfa,D:\20_AUDIO\03_wav\individual\2021\SDRW2100003249\SDRW2100003249.1.1.140.lab,60,D:\20_AUDIO\03_wav\individual\2021\SDRW2100003249\SDRW2100003249.1.1.140.wav,True,False,exclude_source_audio_unusable
2021,SDRW2100003249,SDRW2100003249.1.1.141,no_textgrid_after_mfa,D:\20_AUDIO\03_wav\individual\2021\SDRW2100003249\SDRW2100003249.1.1.141.lab,62,D:\20_AUDIO\03_wav\individual\2021\SDRW2100003249\SDRW2100003249.1.1.141.wav,True,False,exclude_source_audio_unusable
2021,SDRW2100003249,SDRW2100003249.1.1.142,no_textgrid_after_mfa,D:\20_AUDIO\03_wav\individual\2021\SDRW2100003249\SDRW2100003249.1.1.142.lab,64,D:\20_AUDIO\03_wav\individual\2021\SDRW2100003249\SDRW2100003249.1.1.142.wav,True,False,exclude_source_audio_unusable
2021,SDRW2100003249,SDRW2100003249.1.1.143,no_textgrid_after_mfa,D:\20_AUDIO\03_wav\individual\2021\SDRW2100003249\SDRW2100003249.1.1.143.lab,63,D:\20_AUDIO\03_wav\individual\2021\SDRW2100003249\SDRW2100003249.1.1.143.wav,True,False,exclude_source_audio_unusable
2021,SDRW2100003249,SDRW2100003249.1.1.144,no_textgrid_after_mfa,D:\20_AUDIO\03_wav\individual\2021\SDRW2100003249\SDRW2100003249.1.1.144.lab,41,D:\20_AUDIO\03_wav\individual\2021\SDRW2100003249\SDRW2100003249.1.1.144.wav,True,False,exclude_source_audio_unusable
2021,SDRW2100003249,SDRW2100003249.1.1.145,no_textgrid_after_mfa,D:\20_AUDIO\03_wav\individual\2021\SDRW2100003249\SDRW2100003249.1.1.145.lab,9,D:\20_AUDIO\03_wav\individual\2021\SDRW2100003249\SDRW2100003249.1.1.145.wav,True,False,exclude_source_audio_unusable
2021,SDRW2100003249,SDRW2100003249.1.1.146,no_textgrid_after_mfa,D:\20_AUDIO\03_wav\individual\2021\SDRW2100003249\SDRW2100003249.1.1.146.lab,36,D:\20_AUDIO\03_wav\individual\2021\SDRW2100003249\SDRW2100003249.1.1.146.wav,True,False,exclude_source_audio_unusable
2021,SDRW2100003249,SDRW2100003249.1.1.147,no_textgrid_after_mfa,D:\20_AUDIO\03_wav\individual\2021\SDRW2100003249\SDRW2100003249.1.1.147.lab,31,D:\20_AUDIO\03_wav\individual\2021\SDRW2100003249\SDRW2100003249.1.1.147.wav,True,False,exclude_source_audio_unusable
2021,SDRW2100003249,SDRW2100003249.1.1.148,no_textgrid_after_mfa,D:\20_AUDIO\03_wav\individual\2021\SDRW2100003249\SDRW2100003249.1.1.148.lab,89,D:\20_AUDIO\03_wav\individual\2021\SDRW2100003249\SDRW2100003249.1.1.148.wav,True,False,exclude_source_audio_unusable
2021,SDRW2100003249,SDRW2100003249.1.1.149,no_textgrid_after_mfa,D:\20_AUDIO\03_wav\individual\2021\SDRW2100003249\SDRW2100003249.1.1.149.lab,71,D:\20_AUDIO\03_wav\individual\2021\SDRW2100003249\SDRW2100003249.1.1.149.wav,True,False,exclude_source_audio_unusable
2021,SDRW2100003249,SDRW2100003249.1.1.15,no_textgrid_after_mfa,D:\20_AUDIO\03_wav\individual\2021\SDRW2100003249\SDRW2100003249.1.1.15.lab,18,D:\20_AUDIO\03_wav\individual\2021\SDRW2100003249\SDRW2100003249.1.1.15.wav,True,False,exclude_source_audio_unusable
2021,SDRW2100003249,SDRW2100003249.1.1.150,no_textgrid_after_mfa,D:\20_AUDIO\03_wav\individual\2021\SDRW2100003249\SDRW2100003249.1.1.150.lab,55,D:\20_AUDIO\03_wav\individual\2021\SDRW2100003249\SDRW2100003249.1.1.150.wav,True,False,exclude_source_audio_unusable
2021,SDRW2100003249,SDRW2100003249.1.1.151,no_textgrid_after_mfa,D:\20_AUDIO\03_wav\individual\2021\SDRW2100003249\SDRW2100003249.1.1.151.lab,27,D:\20_AUDIO\03_wav\individual\2021\SDRW2100003249\SDRW2100003249.1.1.151.wav,True,False,exclude_source_audio_unusable
2021,SDRW2100003249,SDRW2100003249.1.1.152,no_textgrid_after_mfa,D:\20_AUDIO\03_wav\individual\2021\SDRW2100003249\SDRW2100003249.1.1.152.lab,63,D:\20_AUDIO\03_wav\individual\2021\SDRW2100003249\SDRW2100003249.1.1.152.wav,True,False,exclude_source_audio_unusable
2021,SDRW2100003249,SDRW2100003249.1.1.153,no_textgrid_after_mfa,D:\20_AUDIO\03_wav\individual\2021\SDRW2100003249\SDRW2100003249.1.1.153.lab,32,D:\20_AUDIO\03_wav\individual\2021\SDRW2100003249\SDRW2100003249.1.1.153.wav,True,False,exclude_source_audio_unusable
2021,SDRW2100003249,SDRW2100003249.1.1.154,no_textgrid_after_mfa,D:\20_AUDIO\03_wav\individual\2021\SDRW2100003249\SDRW2100003249.1.1.154.lab,67,D:\20_AUDIO\03_wav\individual\2021\SDRW2100003249\SDRW2100003249.1.1.154.wav,True,False,exclude_source_audio_unusable
2021,SDRW2100003249,SDRW2100003249.1.1.155,no_textgrid_after_mfa,D:\20_AUDIO\03_wav\individual\2021\SDRW2100003249\SDRW2100003249.1.1.155.lab,56,D:\20_AUDIO\03_wav\individual\2021\SDRW2100003249\SDRW2100003249.1.1.155.wav,True,False,exclude_source_audio_unusable
2021,SDRW2100003249,SDRW2100003249.1.1.156,no_textgrid_after_mfa,D:\20_AUDIO\03_wav\individual\2021\SDRW2100003249\SDRW2100003249.1.1.156.lab,75,D:\20_AUDIO\03_wav\individual\2021\SDRW2100003249\SDRW2100003249.1.1.156.wav,True,False,exclude_source_audio_unusable
2021,SDRW2100003249,SDRW2100003249.1.1.157,no_textgrid_after_mfa,D:\20_AUDIO\03_wav\individual\2021\SDRW2100003249\SDRW2100003249.1.1.157.lab,76,D:\20_AUDIO\03_wav\individual\2021\SDRW2100003249\SDRW2100003249.1.1.157.wav,True,False,exclude_source_audio_unusable
2021,SDRW2100003249,SDRW2100003249.1.1.158,no_textgrid_after_mfa,D:\20_AUDIO\03_wav\individual\2021\SDRW2100003249\SDRW2100003249.1.1.158.lab,27,D:\20_AUDIO\03_wav\individual\2021\SDRW2100003249\SDRW2100003249.1.1.158.wav,True,False,exclude_source_audio_unusable
2021,SDRW2100003249,SDRW2100003249.1.1.159,no_textgrid_after_mfa,D:\20_AUDIO\03_wav\individual\2021\SDRW2100003249\SDRW2100003249.1.1.159.lab,92,D:\20_AUDIO\03_wav\individual\2021\SDRW2100003249\SDRW2100003249.1.1.159.wav,True,False,exclude_source_audio_unusable
2021,SDRW2100003249,SDRW2100003249.1.1.16,no_textgrid_after_mfa,D:\20_AUDIO\03_wav\individual\2021\SDRW2100003249\SDRW2100003249.1.1.16.lab,58,D:\20_AUDIO\03_wav\individual\2021\SDRW2100003249\SDRW2100003249.1.1.16.wav,True,False,exclude_source_audio_unusable
2021,SDRW2100003249,SDRW2100003249.1.1.160,no_textgrid_after_mfa,D:\20_AUDIO\03_wav\individual\2021\SDRW2100003249\SDRW2100003249.1.1.160.lab,38,D:\20_AUDIO\03_wav\individual\2021\SDRW2100003249\SDRW2100003249.1.1.160.wav,True,False,exclude_source_audio_unusable
2021,SDRW2100003249,SDRW2100003249.1.1.161,no_textgrid_after_mfa,D:\20_AUDIO\03_wav\individual\2021\SDRW2100003249\SDRW2100003249.1.1.161.lab,13,D:\20_AUDIO\03_wav\individual\2021\SDRW2100003249\SDRW2100003249.1.1.161.wav,True,False,exclude_source_audio_unusable
2021,SDRW2100003249,SDRW2100003249.1.1.162,no_textgrid_after_mfa,D:\20_AUDIO\03_wav\individual\2021\SDRW2100003249\SDRW2100003249.1.1.162.lab,20,D:\20_AUDIO\03_wav\individual\2021\SDRW2100003249\SDRW2100003249.1.1.162.wav,True,False,exclude_source_audio_unusable
2021,SDRW2100003249,SDRW2100003249.1.1.163,no_textgrid_after_mfa,D:\20_AUDIO\03_wav\individual\2021\SDRW2100003249\SDRW2100003249.1.1.163.lab,40,D:\20_AUDIO\03_wav\individual\2021\SDRW2100003249\SDRW2100003249.1.1.163.wav,True,False,exclude_source_audio_unusable
2021,SDRW2100003249,SDRW2100003249.1.1.164,no_textgrid_after_mfa,D:\20_AUDIO\03_wav\individual\2021\SDRW2100003249\SDRW2100003249.1.1.164.lab,63,D:\20_AUDIO\03_wav\individual\2021\SDRW2100003249\SDRW2100003249.1.1.164.wav,True,False,exclude_source_audio_unusable
2021,SDRW2100003249,SDRW2100003249.1.1.165,no_textgrid_after_mfa,D:\20_AUDIO\03_wav\individual\2021\SDRW2100003249\SDRW2100003249.1.1.165.lab,36,D:\20_AUDIO\03_wav\individual\2021\SDRW2100003249\SDRW2100003249.1.1.165.wav,True,False,exclude_source_audio_unusable
2021,SDRW2100003249,SDRW2100003249.1.1.166,no_textgrid_after_mfa,D:\20_AUDIO\03_wav\individual\2021\SDRW2100003249\SDRW2100003249.1.1.166.lab,98,D:\20_AUDIO\03_wav\individual\2021\SDRW2100003249\SDRW2100003249.1.1.166.wav,True,False,exclude_source_audio_unusable
2021,SDRW2100003249,SDRW2100003249.1.1.167,no_textgrid_after_mfa,D:\20_AUDIO\03_wav\individual\2021\SDRW2100003249\SDRW2100003249.1.1.167.lab,30,D:\20_AUDIO\03_wav\individual\2021\SDRW2100003249\SDRW2100003249.1.1.167.wav,True,False,exclude_source_audio_unusable
2021,SDRW2100003249,SDRW2100003249.1.1.168,no_textgrid_after_mfa,D:\20_AUDIO\03_wav\individual\2021\SDRW2100003249\SDRW2100003249.1.1.168.lab,56,D:\20_AUDIO\03_wav\individual\2021\SDRW2100003249\SDRW2100003249.1.1.168.wav,True,False,exclude_source_audio_unusable
2021,SDRW2100003249,SDRW2100003249.1.1.169,no_textgrid_after_mfa,D:\20_AUDIO\03_wav\individual\2021\SDRW2100003249\SDRW2100003249.1.1.169.lab,102,D:\20_AUDIO\03_wav\individual\2021\SDRW2100003249\SDRW2100003249.1.1.169.wav,True,False,exclude_source_audio_unusable
2021,SDRW2100003249,SDRW2100003249.1.1.17,no_textgrid_after_mfa,D:\20_AUDIO\03_wav\individual\2021\SDRW2100003249\SDRW2100003249.1.1.17.lab,50,D:\20_AUDIO\03_wav\individual\2021\SDRW2100003249\SDRW2100003249.1.1.17.wav,True,False,exclude_source_audio_unusable
2021,SDRW2100003249,SDRW2100003249.1.1.170,no_textgrid_after_mfa,D:\20_AUDIO\03_wav\individual\2021\SDRW2100003249\SDRW2100003249.1.1.170.lab,36,D:\20_AUDIO\03_wav\individual\2021\SDRW2100003249\SDRW2100003249.1.1.170.wav,True,False,exclude_source_audio_unusable
2021,SDRW2100003249,SDRW2100003249.1.1.171,no_textgrid_after_mfa,D:\20_AUDIO\03_wav\individual\2021\SDRW2100003249\SDRW2100003249.1.1.171.lab,57,D:\20_AUDIO\03_wav\individual\2021\SDRW2100003249\SDRW2100003249.1.1.171.wav,True,False,exclude_source_audio_unusable
2021,SDRW2100003249,SDRW2100003249.1.1.172,no_textgrid_after_mfa,D:\20_AUDIO\03_wav\individual\2021\SDRW2100003249\SDRW2100003249.1.1.172.lab,59,D:\20_AUDIO\03_wav\individual\2021\SDRW2100003249\SDRW2100003249.1.1.172.wav,True,False,exclude_source_audio_unusable
2021,SDRW2100003249,SDRW2100003249.1.1.173,no_textgrid_after_mfa,D:\20_AUDIO\03_wav\individual\2021\SDRW2100003249\SDRW2100003249.1.1.173.lab,36,D:\20_AUDIO\03_wav\individual\2021\SDRW2100003249\SDRW2100003249.1.1.173.wav,True,False,exclude_source_audio_unusable
2021,SDRW2100003249,SDRW2100003249.1.1.174,no_textgrid_after_mfa,D:\20_AUDIO\03_wav\individual\2021\SDRW2100003249\SDRW2100003249.1.1.174.lab,55,D:\20_AUDIO\03_wav\individual\2021\SDRW2100003249\SDRW2100003249.1.1.174.wav,True,False,exclude_source_audio_unusable
2021,SDRW2100003249,SDRW2100003249.1.1.175,no_textgrid_after_mfa,D:\20_AUDIO\03_wav\individual\2021\SDRW2100003249\SDRW2100003249.1.1.175.lab,63,D:\20_AUDIO\03_wav\individual\2021\SDRW2100003249\SDRW2100003249.1.1.175.wav,True,False,exclude_source_audio_unusable
2021,SDRW2100003249,SDRW2100003249.1.1.176,no_textgrid_after_mfa,D:\20_AUDIO\03_wav\individual\2021\SDRW2100003249\SDRW2100003249.1.1.176.lab,48,D:\20_AUDIO\03_wav\individual\2021\SDRW2100003249\SDRW2100003249.1.1.176.wav,True,False,exclude_source_audio_unusable
2021,SDRW2100003249,SDRW2100003249.1.1.177,no_textgrid_after_mfa,D:\20_AUDIO\03_wav\individual\2021\SDRW2100003249\SDRW2100003249.1.1.177.lab,53,D:\20_AUDIO\03_wav\individual\2021\SDRW2100003249\SDRW2100003249.1.1.177.wav,True,False,exclude_source_audio_unusable
2021,SDRW2100003249,SDRW2100003249.1.1.178,no_textgrid_after_mfa,D:\20_AUDIO\03_wav\individual\2021\SDRW2100003249\SDRW2100003249.1.1.178.lab,41,D:\20_AUDIO\03_wav\individual\2021\SDRW2100003249\SDRW2100003249.1.1.178.wav,True,False,exclude_source_audio_unusable
2021,SDRW2100003249,SDRW2100003249.1.1.179,no_textgrid_after_mfa,D:\20_AUDIO\03_wav\individual\2021\SDRW2100003249\SDRW2100003249.1.1.179.lab,55,D:\20_AUDIO\03_wav\individual\2021\SDRW2100003249\SDRW2100003249.1.1.179.wav,True,False,exclude_source_audio_unusable
2021,SDRW2100003249,SDRW2100003249.1.1.18,no_textgrid_after_mfa,D:\20_AUDIO\03_wav\individual\2021\SDRW2100003249\SDRW2100003249.1.1.18.lab,91,D:\20_AUDIO\03_wav\individual\2021\SDRW2100003249\SDRW2100003249.1.1.18.wav,True,False,exclude_source_audio_unusable
2021,SDRW2100003249,SDRW2100003249.1.1.180,no_textgrid_after_mfa,D:\20_AUDIO\03_wav\individual\2021\SDRW2100003249\SDRW2100003249.1.1.180.lab,40,D:\20_AUDIO\03_wav\individual\2021\SDRW2100003249\SDRW2100003249.1.1.180.wav,True,False,exclude_source_audio_unusable
2021,SDRW2100003249,SDRW2100003249.1.1.181,no_textgrid_after_mfa,D:\20_AUDIO\03_wav\individual\2021\SDRW2100003249\SDRW2100003249.1.1.181.lab,57,D:\20_AUDIO\03_wav\individual\2021\SDRW2100003249\SDRW2100003249.1.1.181.wav,True,False,exclude_source_audio_unusable
2021,SDRW2100003249,SDRW2100003249.1.1.182,no_textgrid_after_mfa,D:\20_AUDIO\03_wav\individual\2021\SDRW2100003249\SDRW2100003249.1.1.182.lab,40,D:\20_AUDIO\03_wav\individual\2021\SDRW2100003249\SDRW2100003249.1.1.182.wav,True,False,exclude_source_audio_unusable
2021,SDRW2100003249,SDRW2100003249.1.1.183,no_textgrid_after_mfa,D:\20_AUDIO\03_wav\individual\2021\SDRW2100003249\SDRW2100003249.1.1.183.lab,75,D:\20_AUDIO\03_wav\individual\2021\SDRW2100003249\SDRW2100003249.1.1.183.wav,True,False,exclude_source_audio_unusable
2021,SDRW2100003249,SDRW2100003249.1.1.184,no_textgrid_after_mfa,D:\20_AUDIO\03_wav\individual\2021\SDRW2100003249\SDRW2100003249.1.1.184.lab,30,D:\20_AUDIO\03_wav\individual\2021\SDRW2100003249\SDRW2100003249.1.1.184.wav,True,False,exclude_source_audio_unusable
2021,SDRW2100003249,SDRW2100003249.1.1.185,no_textgrid_after_mfa,D:\20_AUDIO\03_wav\individual\2021\SDRW2100003249\SDRW2100003249.1.1.185.lab,41,D:\20_AUDIO\03_wav\individual\2021\SDRW2100003249\SDRW2100003249.1.1.185.wav,True,False,exclude_source_audio_unusable
2021,SDRW2100003249,SDRW2100003249.1.1.186,no_textgrid_after_mfa,D:\20_AUDIO\03_wav\individual\2021\SDRW2100003249\SDRW2100003249.1.1.186.lab,51,D:\20_AUDIO\03_wav\individual\2021\SDRW2100003249\SDRW2100003249.1.1.186.wav,True,False,exclude_source_audio_unusable
2021,SDRW2100003249,SDRW2100003249.1.1.187,no_textgrid_after_mfa,D:\20_AUDIO\03_wav\individual\2021\SDRW2100003249\SDRW2100003249.1.1.187.lab,12,D:\20_AUDIO\03_wav\individual\2021\SDRW2100003249\SDRW2100003249.1.1.187.wav,True,False,exclude_source_audio_unusable
2021,SDRW2100003249,SDRW2100003249.1.1.188,no_textgrid_after_mfa,D:\20_AUDIO\03_wav\individual\2021\SDRW2100003249\SDRW2100003249.1.1.188.lab,61,D:\20_AUDIO\03_wav\individual\2021\SDRW2100003249\SDRW2100003249.1.1.188.wav,True,False,exclude_source_audio_unusable
2021,SDRW2100003249,SDRW2100003249.1.1.189,no_textgrid_after_mfa,D:\20_AUDIO\03_wav\individual\2021\SDRW2100003249\SDRW2100003249.1.1.189.lab,62,D:\20_AUDIO\03_wav\individual\2021\SDRW2100003249\SDRW2100003249.1.1.189.wav,True,False,exclude_source_audio_unusable
2021,SDRW2100003249,SDRW2100003249.1.1.19,no_textgrid_after_mfa,D:\20_AUDIO\03_wav\individual\2021\SDRW2100003249\SDRW2100003249.1.1.19.lab,3,D:\20_AUDIO\03_wav\individual\2021\SDRW2100003249\SDRW2100003249.1.1.19.wav,True,False,exclude_source_audio_unusable
2021,SDRW2100003249,SDRW2100003249.1.1.190,no_textgrid_after_mfa,D:\20_AUDIO\03_wav\individual\2021\SDRW2100003249\SDRW2100003249.1.1.190.lab,60,D:\20_AUDIO\03_wav\individual\2021\SDRW2100003249\SDRW2100003249.1.1.190.wav,True,False,exclude_source_audio_unusable
2021,SDRW2100003249,SDRW2100003249.1.1.191,no_textgrid_after_mfa,D:\20_AUDIO\03_wav\individual\2021\SDRW2100003249\SDRW2100003249.1.1.191.lab,38,D:\20_AUDIO\03_wav\individual\2021\SDRW2100003249\SDRW2100003249.1.1.191.wav,True,False,exclude_source_audio_unusable
2021,SDRW2100003249,SDRW2100003249.1.1.192,no_textgrid_after_mfa,D:\20_AUDIO\03_wav\individual\2021\SDRW2100003249\SDRW2100003249.1.1.192.lab,10,D:\20_AUDIO\03_wav\individual\2021\SDRW2100003249\SDRW2100003249.1.1.192.wav,True,False,exclude_source_audio_unusable
2021,SDRW2100003249,SDRW2100003249.1.1.193,no_textgrid_after_mfa,D:\20_AUDIO\03_wav\individual\2021\SDRW2100003249\SDRW2100003249.1.1.193.lab,76,D:\20_AUDIO\03_wav\individual\2021\SDRW2100003249\SDRW2100003249.1.1.193.wav,True,False,exclude_source_audio_unusable
2021,SDRW2100003249,SDRW2100003249.1.1.194,no_textgrid_after_mfa,D:\20_AUDIO\03_wav\individual\2021\SDRW2100003249\SDRW2100003249.1.1.194.lab,101,D:\20_AUDIO\03_wav\individual\2021\SDRW2100003249\SDRW2100003249.1.1.194.wav,True,False,exclude_source_audio_unusable
2021,SDRW2100003249,SDRW2100003249.1.1.195,no_textgrid_after_mfa,D:\20_AUDIO\03_wav\individual\2021\SDRW2100003249\SDRW2100003249.1.1.195.lab,48,D:\20_AUDIO\03_wav\individual\2021\SDRW2100003249\SDRW2100003249.1.1.195.wav,True,False,exclude_source_audio_unusable
2021,SDRW2100003249,SDRW2100003249.1.1.196,no_textgrid_after_mfa,D:\20_AUDIO\03_wav\individual\2021\SDRW2100003249\SDRW2100003249.1.1.196.lab,53,D:\20_AUDIO\03_wav\individual\2021\SDRW2100003249\SDRW2100003249.1.1.196.wav,True,False,exclude_source_audio_unusable
2021,SDRW2100003249,SDRW2100003249.1.1.197,no_textgrid_after_mfa,D:\20_AUDIO\03_wav\individual\2021\SDRW2100003249\SDRW2100003249.1.1.197.lab,59,D:\20_AUDIO\03_wav\individual\2021\SDRW2100003249\SDRW2100003249.1.1.197.wav,True,False,exclude_source_audio_unusable
2021,SDRW2100003249,SDRW2100003249.1.1.198,no_textgrid_after_mfa,D:\20_AUDIO\03_wav\individual\2021\SDRW2100003249\SDRW2100003249.1.1.198.lab,39,D:\20_AUDIO\03_wav\individual\2021\SDRW2100003249\SDRW2100003249.1.1.198.wav,True,False,exclude_source_audio_unusable
2021,SDRW2100003249,SDRW2100003249.1.1.199,no_textgrid_after_mfa,D:\20_AUDIO\03_wav\individual\2021\SDRW2100003249\SDRW2100003249.1.1.199.lab,52,D:\20_AUDIO\03_wav\individual\2021\SDRW2100003249\SDRW2100003249.1.1.199.wav,True,False,exclude_source_audio_unusable
2021,SDRW2100003249,SDRW2100003249.1.1.2,no_textgrid_after_mfa,D:\20_AUDIO\03_wav\individual\2021\SDRW2100003249\SDRW2100003249.1.1.2.lab,13,D:\20_AUDIO\03_wav\individual\2021\SDRW2100003249\SDRW2100003249.1.1.2.wav,True,False,exclude_source_audio_unusable
2021,SDRW2100003249,SDRW2100003249.1.1.20,no_textgrid_after_mfa,D:\20_AUDIO\03_wav\individual\2021\SDRW2100003249\SDRW2100003249.1.1.20.lab,44,D:\20_AUDIO\03_wav\individual\2021\SDRW2100003249\SDRW2100003249.1.1.20.wav,True,False,exclude_source_audio_unusable
2021,SDRW2100003249,SDRW2100003249.1.1.200,no_textgrid_after_mfa,D:\20_AUDIO\03_wav\individual\2021\SDRW2100003249\SDRW2100003249.1.1.200.lab,51,D:\20_AUDIO\03_wav\individual\2021\SDRW2100003249\SDRW2100003249.1.1.200.wav,True,False,exclude_source_audio_unusable
2021,SDRW2100003249,SDRW2100003249.1.1.201,no_textgrid_after_mfa,D:\20_AUDIO\03_wav\individual\2021\SDRW2100003249\SDRW2100003249.1.1.201.lab,64,D:\20_AUDIO\03_wav\individual\2021\SDRW2100003249\SDRW2100003249.1.1.201.wav,True,False,exclude_source_audio_unusable
2021,SDRW2100003249,SDRW2100003249.1.1.202,no_textgrid_after_mfa,D:\20_AUDIO\03_wav\individual\2021\SDRW2100003249\SDRW2100003249.1.1.202.lab,41,D:\20_AUDIO\03_wav\individual\2021\SDRW2100003249\SDRW2100003249.1.1.202.wav,True,False,exclude_source_audio_unusable
2021,SDRW2100003249,SDRW2100003249.1.1.203,no_textgrid_after_mfa,D:\20_AUDIO\03_wav\individual\2021\SDRW2100003249\SDRW2100003249.1.1.203.lab,30,D:\20_AUDIO\03_wav\individual\2021\SDRW2100003249\SDRW2100003249.1.1.203.wav,True,False,exclude_source_audio_unusable
2021,SDRW2100003249,SDRW2100003249.1.1.204,no_textgrid_after_mfa,D:\20_AUDIO\03_wav\individual\2021\SDRW2100003249\SDRW2100003249.1.1.204.lab,46,D:\20_AUDIO\03_wav\individual\2021\SDRW2100003249\SDRW2100003249.1.1.204.wav,True,False,exclude_source_audio_unusable
2021,SDRW2100003249,SDRW2100003249.1.1.205,no_textgrid_after_mfa,D:\20_AUDIO\03_wav\individual\2021\SDRW2100003249\SDRW2100003249.1.1.205.lab,62,D:\20_AUDIO\03_wav\individual\2021\SDRW2100003249\SDRW2100003249.1.1.205.wav,True,False,exclude_source_audio_unusable
2021,SDRW2100003249,SDRW2100003249.1.1.206,no_textgrid_after_mfa,D:\20_AUDIO\03_wav\individual\2021\SDRW2100003249\SDRW2100003249.1.1.206.lab,25,D:\20_AUDIO\03_wav\individual\2021\SDRW2100003249\SDRW2100003249.1.1.206.wav,True,False,exclude_source_audio_unusable
2021,SDRW2100003249,SDRW2100003249.1.1.207,no_textgrid_after_mfa,D:\20_AUDIO\03_wav\individual\2021\SDRW2100003249\SDRW2100003249.1.1.207.lab,37,D:\20_AUDIO\03_wav\individual\2021\SDRW2100003249\SDRW2100003249.1.1.207.wav,True,False,exclude_source_audio_unusable
2021,SDRW2100003249,SDRW2100003249.1.1.208,no_textgrid_after_mfa,D:\20_AUDIO\03_wav\individual\2021\SDRW2100003249\SDRW2100003249.1.1.208.lab,16,D:\20_AUDIO\03_wav\individual\2021\SDRW2100003249\SDRW2100003249.1.1.208.wav,True,False,exclude_source_audio_unusable
2021,SDRW2100003249,SDRW2100003249.1.1.209,no_textgrid_after_mfa,D:\20_AUDIO\03_wav\individual\2021\SDRW2100003249\SDRW2100003249.1.1.209.lab,16,D:\20_AUDIO\03_wav\individual\2021\SDRW2100003249\SDRW2100003249.1.1.209.wav,True,False,exclude_source_audio_unusable
2021,SDRW2100003249,SDRW2100003249.1.1.21,no_textgrid_after_mfa,D:\20_AUDIO\03_wav\individual\2021\SDRW2100003249\SDRW2100003249.1.1.21.lab,41,D:\20_AUDIO\03_wav\individual\2021\SDRW2100003249\SDRW2100003249.1.1.21.wav,True,False,exclude_source_audio_unusable
2021,SDRW2100003249,SDRW2100003249.1.1.210,no_textgrid_after_mfa,D:\20_AUDIO\03_wav\individual\2021\SDRW2100003249\SDRW2100003249.1.1.210.lab,76,D:\20_AUDIO\03_wav\individual\2021\SDRW2100003249\SDRW2100003249.1.1.210.wav,True,False,exclude_source_audio_unusable
2021,SDRW2100003249,SDRW2100003249.1.1.211,no_textgrid_after_mfa,D:\20_AUDIO\03_wav\individual\2021\SDRW2100003249\SDRW2100003249.1.1.211.lab,61,D:\20_AUDIO\03_wav\individual\2021\SDRW2100003249\SDRW2100003249.1.1.211.wav,True,False,exclude_source_audio_unusable
2021,SDRW2100003249,SDRW2100003249.1.1.212,no_textgrid_after_mfa,D:\20_AUDIO\03_wav\individual\2021\SDRW2100003249\SDRW2100003249.1.1.212.lab,75,D:\20_AUDIO\03_wav\individual\2021\SDRW2100003249\SDRW2100003249.1.1.212.wav,True,False,exclude_source_audio_unusable
2021,SDRW2100003249,SDRW2100003249.1.1.213,no_textgrid_after_mfa,D:\20_AUDIO\03_wav\individual\2021\SDRW2100003249\SDRW2100003249.1.1.213.lab,31,D:\20_AUDIO\03_wav\individual\2021\SDRW2100003249\SDRW2100003249.1.1.213.wav,True,False,exclude_source_audio_unusable
2021,SDRW2100003249,SDRW2100003249.1.1.214,no_textgrid_after_mfa,D:\20_AUDIO\03_wav\individual\2021\SDRW2100003249\SDRW2100003249.1.1.214.lab,29,D:\20_AUDIO\03_wav\individual\2021\SDRW2100003249\SDRW2100003249.1.1.214.wav,True,False,exclude_source_audio_unusable
2021,SDRW2100003249,SDRW2100003249.1.1.215,no_textgrid_after_mfa,D:\20_AUDIO\03_wav\individual\2021\SDRW2100003249\SDRW2100003249.1.1.215.lab,45,D:\20_AUDIO\03_wav\individual\2021\SDRW2100003249\SDRW2100003249.1.1.215.wav,True,False,exclude_source_audio_unusable
2021,SDRW2100003249,SDRW2100003249.1.1.216,no_textgrid_after_mfa,D:\20_AUDIO\03_wav\individual\2021\SDRW2100003249\SDRW2100003249.1.1.216.lab,46,D:\20_AUDIO\03_wav\individual\2021\SDRW2100003249\SDRW2100003249.1.1.216.wav,True,False,exclude_source_audio_unusable
2021,SDRW2100003249,SDRW2100003249.1.1.217,no_textgrid_after_mfa,D:\20_AUDIO\03_wav\individual\2021\SDRW2100003249\SDRW2100003249.1.1.217.lab,37,D:\20_AUDIO\03_wav\individual\2021\SDRW2100003249\SDRW2100003249.1.1.217.wav,True,False,exclude_source_audio_unusable
2021,SDRW2100003249,SDRW2100003249.1.1.218,no_textgrid_after_mfa,D:\20_AUDIO\03_wav\individual\2021\SDRW2100003249\SDRW2100003249.1.1.218.lab,92,D:\20_AUDIO\03_wav\individual\2021\SDRW2100003249\SDRW2100003249.1.1.218.wav,True,False,exclude_source_audio_unusable
2021,SDRW2100003249,SDRW2100003249.1.1.219,no_textgrid_after_mfa,D:\20_AUDIO\03_wav\individual\2021\SDRW2100003249\SDRW2100003249.1.1.219.lab,67,D:\20_AUDIO\03_wav\individual\2021\SDRW2100003249\SDRW2100003249.1.1.219.wav,True,False,exclude_source_audio_unusable
2021,SDRW2100003249,SDRW2100003249.1.1.22,no_textgrid_after_mfa,D:\20_AUDIO\03_wav\individual\2021\SDRW2100003249\SDRW2100003249.1.1.22.lab,3,D:\20_AUDIO\03_wav\individual\2021\SDRW2100003249\SDRW2100003249.1.1.22.wav,True,False,exclude_source_audio_unusable
2021,SDRW2100003249,SDRW2100003249.1.1.220,no_textgrid_after_mfa,D:\20_AUDIO\03_wav\individual\2021\SDRW2100003249\SDRW2100003249.1.1.220.lab,75,D:\20_AUDIO\03_wav\individual\2021\SDRW2100003249\SDRW2100003249.1.1.220.wav,True,False,exclude_source_audio_unusable
2021,SDRW2100003249,SDRW2100003249.1.1.221,no_textgrid_after_mfa,D:\20_AUDIO\03_wav\individual\2021\SDRW2100003249\SDRW2100003249.1.1.221.lab,44,D:\20_AUDIO\03_wav\individual\2021\SDRW2100003249\SDRW2100003249.1.1.221.wav,True,False,exclude_source_audio_unusable
2021,SDRW2100003249,SDRW2100003249.1.1.222,no_textgrid_after_mfa,D:\20_AUDIO\03_wav\individual\2021\SDRW2100003249\SDRW2100003249.1.1.222.lab,76,D:\20_AUDIO\03_wav\individual\2021\SDRW2100003249\SDRW2100003249.1.1.222.wav,True,False,exclude_source_audio_unusable
2021,SDRW2100003249,SDRW2100003249.1.1.223,no_textgrid_after_mfa,D:\20_AUDIO\03_wav\individual\2021\SDRW2100003249\SDRW2100003249.1.1.223.lab,95,D:\20_AUDIO\03_wav\individual\2021\SDRW2100003249\SDRW2100003249.1.1.223.wav,True,False,exclude_source_audio_unusable
2021,SDRW2100003249,SDRW2100003249.1.1.224,no_textgrid_after_mfa,D:\20_AUDIO\03_wav\individual\2021\SDRW2100003249\SDRW2100003249.1.1.224.lab,48,D:\20_AUDIO\03_wav\individual\2021\SDRW2100003249\SDRW2100003249.1.1.224.wav,True,False,exclude_source_audio_unusable
2021,SDRW2100003249,SDRW2100003249.1.1.225,no_textgrid_after_mfa,D:\20_AUDIO\03_wav\individual\2021\SDRW2100003249\SDRW2100003249.1.1.225.lab,53,D:\20_AUDIO\03_wav\individual\2021\SDRW2100003249\SDRW2100003249.1.1.225.wav,True,False,exclude_source_audio_unusable
2021,SDRW2100003249,SDRW2100003249.1.1.226,no_textgrid_after_mfa,D:\20_AUDIO\03_wav\individual\2021\SDRW2100003249\SDRW2100003249.1.1.226.lab,27,D:\20_AUDIO\03_wav\individual\2021\SDRW2100003249\SDRW2100003249.1.1.226.wav,True,False,exclude_source_audio_unusable
2021,SDRW2100003249,SDRW2100003249.1.1.227,no_textgrid_after_mfa,D:\20_AUDIO\03_wav\individual\2021\SDRW2100003249\SDRW2100003249.1.1.227.lab,53,D:\20_AUDIO\03_wav\individual\2021\SDRW2100003249\SDRW2100003249.1.1.227.wav,True,False,exclude_source_audio_unusable
2021,SDRW2100003249,SDRW2100003249.1.1.228,no_textgrid_after_mfa,D:\20_AUDIO\03_wav\individual\2021\SDRW2100003249\SDRW2100003249.1.1.228.lab,67,D:\20_AUDIO\03_wav\individual\2021\SDRW2100003249\SDRW2100003249.1.1.228.wav,True,False,exclude_source_audio_unusable
2021,SDRW2100003249,SDRW2100003249.1.1.229,no_textgrid_after_mfa,D:\20_AUDIO\03_wav\individual\2021\SDRW2100003249\SDRW2100003249.1.1.229.lab,40,D:\20_AUDIO\03_wav\individual\2021\SDRW2100003249\SDRW2100003249.1.1.229.wav,True,False,exclude_source_audio_unusable
2021,SDRW2100003249,SDRW2100003249.1.1.23,no_textgrid_after_mfa,D:\20_AUDIO\03_wav\individual\2021\SDRW2100003249\SDRW2100003249.1.1.23.lab,16,D:\20_AUDIO\03_wav\individual\2021\SDRW2100003249\SDRW2100003249.1.1.23.wav,True,False,exclude_source_audio_unusable
2021,SDRW2100003249,SDRW2100003249.1.1.230,no_textgrid_after_mfa,D:\20_AUDIO\03_wav\individual\2021\SDRW2100003249\SDRW2100003249.1.1.230.lab,45,D:\20_AUDIO\03_wav\individual\2021\SDRW2100003249\SDRW2100003249.1.1.230.wav,True,False,exclude_source_audio_unusable
2021,SDRW2100003249,SDRW2100003249.1.1.231,no_textgrid_after_mfa,D:\20_AUDIO\03_wav\individual\2021\SDRW2100003249\SDRW2100003249.1.1.231.lab,71,D:\20_AUDIO\03_wav\individual\2021\SDRW2100003249\SDRW2100003249.1.1.231.wav,True,False,exclude_source_audio_unusable
2021,SDRW2100003249,SDRW2100003249.1.1.232,no_textgrid_after_mfa,D:\20_AUDIO\03_wav\individual\2021\SDRW2100003249\SDRW2100003249.1.1.232.lab,10,D:\20_AUDIO\03_wav\individual\2021\SDRW2100003249\SDRW2100003249.1.1.232.wav,True,False,exclude_source_audio_unusable
2021,SDRW2100003249,SDRW2100003249.1.1.233,no_textgrid_after_mfa,D:\20_AUDIO\03_wav\individual\2021\SDRW2100003249\SDRW2100003249.1.1.233.lab,78,D:\20_AUDIO\03_wav\individual\2021\SDRW2100003249\SDRW2100003249.1.1.233.wav,True,False,exclude_source_audio_unusable
2021,SDRW2100003249,SDRW2100003249.1.1.234,no_textgrid_after_mfa,D:\20_AUDIO\03_wav\individual\2021\SDRW2100003249\SDRW2100003249.1.1.234.lab,57,D:\20_AUDIO\03_wav\individual\2021\SDRW2100003249\SDRW2100003249.1.1.234.wav,True,False,exclude_source_audio_unusable
2021,SDRW2100003249,SDRW2100003249.1.1.235,no_textgrid_after_mfa,D:\20_AUDIO\03_wav\individual\2021\SDRW2100003249\SDRW2100003249.1.1.235.lab,50,D:\20_AUDIO\03_wav\individual\2021\SDRW2100003249\SDRW2100003249.1.1.235.wav,True,False,exclude_source_audio_unusable
2021,SDRW2100003249,SDRW2100003249.1.1.236,no_textgrid_after_mfa,D:\20_AUDIO\03_wav\individual\2021\SDRW2100003249\SDRW2100003249.1.1.236.lab,30,D:\20_AUDIO\03_wav\individual\2021\SDRW2100003249\SDRW2100003249.1.1.236.wav,True,False,exclude_source_audio_unusable
2021,SDRW2100003249,SDRW2100003249.1.1.237,no_textgrid_after_mfa,D:\20_AUDIO\03_wav\individual\2021\SDRW2100003249\SDRW2100003249.1.1.237.lab,50,D:\20_AUDIO\03_wav\individual\2021\SDRW2100003249\SDRW2100003249.1.1.237.wav,True,False,exclude_source_audio_unusable
2021,SDRW2100003249,SDRW2100003249.1.1.238,no_textgrid_after_mfa,D:\20_AUDIO\03_wav\individual\2021\SDRW2100003249\SDRW2100003249.1.1.238.lab,44,D:\20_AUDIO\03_wav\individual\2021\SDRW2100003249\SDRW2100003249.1.1.238.wav,True,False,exclude_source_audio_unusable
2021,SDRW2100003249,SDRW2100003249.1.1.239,no_textgrid_after_mfa,D:\20_AUDIO\03_wav\individual\2021\SDRW2100003249\SDRW2100003249.1.1.239.lab,30,D:\20_AUDIO\03_wav\individual\2021\SDRW2100003249\SDRW2100003249.1.1.239.wav,True,False,exclude_source_audio_unusable
2021,SDRW2100003249,SDRW2100003249.1.1.24,no_textgrid_after_mfa,D:\20_AUDIO\03_wav\individual\2021\SDRW2100003249\SDRW2100003249.1.1.24.lab,59,D:\20_AUDIO\03_wav\individual\2021\SDRW2100003249\SDRW2100003249.1.1.24.wav,True,False,exclude_source_audio_unusable
2021,SDRW2100003249,SDRW2100003249.1.1.240,no_textgrid_after_mfa,D:\20_AUDIO\03_wav\individual\2021\SDRW2100003249\SDRW2100003249.1.1.240.lab,85,D:\20_AUDIO\03_wav\individual\2021\SDRW2100003249\SDRW2100003249.1.1.240.wav,True,False,exclude_source_audio_unusable
2021,SDRW2100003249,SDRW2100003249.1.1.241,no_textgrid_after_mfa,D:\20_AUDIO\03_wav\individual\2021\SDRW2100003249\SDRW2100003249.1.1.241.lab,44,D:\20_AUDIO\03_wav\individual\2021\SDRW2100003249\SDRW2100003249.1.1.241.wav,True,False,exclude_source_audio_unusable
2021,SDRW2100003249,SDRW2100003249.1.1.242,no_textgrid_after_mfa,D:\20_AUDIO\03_wav\individual\2021\SDRW2100003249\SDRW2100003249.1.1.242.lab,51,D:\20_AUDIO\03_wav\individual\2021\SDRW2100003249\SDRW2100003249.1.1.242.wav,True,False,exclude_source_audio_unusable
2021,SDRW2100003249,SDRW2100003249.1.1.243,no_textgrid_after_mfa,D:\20_AUDIO\03_wav\individual\2021\SDRW2100003249\SDRW2100003249.1.1.243.lab,44,D:\20_AUDIO\03_wav\individual\2021\SDRW2100003249\SDRW2100003249.1.1.243.wav,True,False,exclude_source_audio_unusable
2021,SDRW2100003249,SDRW2100003249.1.1.244,no_textgrid_after_mfa,D:\20_AUDIO\03_wav\individual\2021\SDRW2100003249\SDRW2100003249.1.1.244.lab,61,D:\20_AUDIO\03_wav\individual\2021\SDRW2100003249\SDRW2100003249.1.1.244.wav,True,False,exclude_source_audio_unusable
2021,SDRW2100003249,SDRW2100003249.1.1.245,no_textgrid_after_mfa,D:\20_AUDIO\03_wav\individual\2021\SDRW2100003249\SDRW2100003249.1.1.245.lab,28,D:\20_AUDIO\03_wav\individual\2021\SDRW2100003249\SDRW2100003249.1.1.245.wav,True,False,exclude_source_audio_unusable
2021,SDRW2100003249,SDRW2100003249.1.1.246,no_textgrid_after_mfa,D:\20_AUDIO\03_wav\individual\2021\SDRW2100003249\SDRW2100003249.1.1.246.lab,70,D:\20_AUDIO\03_wav\individual\2021\SDRW2100003249\SDRW2100003249.1.1.246.wav,True,False,exclude_source_audio_unusable
2021,SDRW2100003249,SDRW2100003249.1.1.247,no_textgrid_after_mfa,D:\20_AUDIO\03_wav\individual\2021\SDRW2100003249\SDRW2100003249.1.1.247.lab,61,D:\20_AUDIO\03_wav\individual\2021\SDRW2100003249\SDRW2100003249.1.1.247.wav,True,False,exclude_source_audio_unusable
2021,SDRW2100003249,SDRW2100003249.1.1.248,no_textgrid_after_mfa,D:\20_AUDIO\03_wav\individual\2021\SDRW2100003249\SDRW2100003249.1.1.248.lab,91,D:\20_AUDIO\03_wav\individual\2021\SDRW2100003249\SDRW2100003249.1.1.248.wav,True,False,exclude_source_audio_unusable
2021,SDRW2100003249,SDRW2100003249.1.1.249,no_textgrid_after_mfa,D:\20_AUDIO\03_wav\individual\2021\SDRW2100003249\SDRW2100003249.1.1.249.lab,59,D:\20_AUDIO\03_wav\individual\2021\SDRW2100003249\SDRW2100003249.1.1.249.wav,True,False,exclude_source_audio_unusable
2021,SDRW2100003249,SDRW2100003249.1.1.25,no_textgrid_after_mfa,D:\20_AUDIO\03_wav\individual\2021\SDRW2100003249\SDRW2100003249.1.1.25.lab,71,D:\20_AUDIO\03_wav\individual\2021\SDRW2100003249\SDRW2100003249.1.1.25.wav,True,False,exclude_source_audio_unusable
2021,SDRW2100003249,SDRW2100003249.1.1.250,no_textgrid_after_mfa,D:\20_AUDIO\03_wav\individual\2021\SDRW2100003249\SDRW2100003249.1.1.250.lab,70,D:\20_AUDIO\03_wav\individual\2021\SDRW2100003249\SDRW2100003249.1.1.250.wav,True,False,exclude_source_audio_unusable
2021,SDRW2100003249,SDRW2100003249.1.1.251,no_textgrid_after_mfa,D:\20_AUDIO\03_wav\individual\2021\SDRW2100003249\SDRW2100003249.1.1.251.lab,66,D:\20_AUDIO\03_wav\individual\2021\SDRW2100003249\SDRW2100003249.1.1.251.wav,True,False,exclude_source_audio_unusable
2021,SDRW2100003249,SDRW2100003249.1.1.252,no_textgrid_after_mfa,D:\20_AUDIO\03_wav\individual\2021\SDRW2100003249\SDRW2100003249.1.1.252.lab,66,D:\20_AUDIO\03_wav\individual\2021\SDRW2100003249\SDRW2100003249.1.1.252.wav,True,False,exclude_source_audio_unusable
2021,SDRW2100003249,SDRW2100003249.1.1.253,no_textgrid_after_mfa,D:\20_AUDIO\03_wav\individual\2021\SDRW2100003249\SDRW2100003249.1.1.253.lab,123,D:\20_AUDIO\03_wav\individual\2021\SDRW2100003249\SDRW2100003249.1.1.253.wav,True,False,exclude_source_audio_unusable
2021,SDRW2100003249,SDRW2100003249.1.1.254,no_textgrid_after_mfa,D:\20_AUDIO\03_wav\individual\2021\SDRW2100003249\SDRW2100003249.1.1.254.lab,84,D:\20_AUDIO\03_wav\individual\2021\SDRW2100003249\SDRW2100003249.1.1.254.wav,True,False,exclude_source_audio_unusable
2021,SDRW2100003249,SDRW2100003249.1.1.255,no_textgrid_after_mfa,D:\20_AUDIO\03_wav\individual\2021\SDRW2100003249\SDRW2100003249.1.1.255.lab,42,D:\20_AUDIO\03_wav\individual\2021\SDRW2100003249\SDRW2100003249.1.1.255.wav,True,False,exclude_source_audio_unusable
2021,SDRW2100003249,SDRW2100003249.1.1.256,no_textgrid_after_mfa,D:\20_AUDIO\03_wav\individual\2021\SDRW2100003249\SDRW2100003249.1.1.256.lab,46,D:\20_AUDIO\03_wav\individual\2021\SDRW2100003249\SDRW2100003249.1.1.256.wav,True,False,exclude_source_audio_unusable
2021,SDRW2100003249,SDRW2100003249.1.1.257,no_textgrid_after_mfa,D:\20_AUDIO\03_wav\individual\2021\SDRW2100003249\SDRW2100003249.1.1.257.lab,100,D:\20_AUDIO\03_wav\individual\2021\SDRW2100003249\SDRW2100003249.1.1.257.wav,True,False,exclude_source_audio_unusable
2021,SDRW2100003249,SDRW2100003249.1.1.258,no_textgrid_after_mfa,D:\20_AUDIO\03_wav\individual\2021\SDRW2100003249\SDRW2100003249.1.1.258.lab,30,D:\20_AUDIO\03_wav\individual\2021\SDRW2100003249\SDRW2100003249.1.1.258.wav,True,False,exclude_source_audio_unusable
2021,SDRW2100003249,SDRW2100003249.1.1.259,no_textgrid_after_mfa,D:\20_AUDIO\03_wav\individual\2021\SDRW2100003249\SDRW2100003249.1.1.259.lab,88,D:\20_AUDIO\03_wav\individual\2021\SDRW2100003249\SDRW2100003249.1.1.259.wav,True,False,exclude_source_audio_unusable
2021,SDRW2100003249,SDRW2100003249.1.1.26,no_textgrid_after_mfa,D:\20_AUDIO\03_wav\individual\2021\SDRW2100003249\SDRW2100003249.1.1.26.lab,41,D:\20_AUDIO\03_wav\individual\2021\SDRW2100003249\SDRW2100003249.1.1.26.wav,True,False,exclude_source_audio_unusable
2021,SDRW2100003249,SDRW2100003249.1.1.260,no_textgrid_after_mfa,D:\20_AUDIO\03_wav\individual\2021\SDRW2100003249\SDRW2100003249.1.1.260.lab,78,D:\20_AUDIO\03_wav\individual\2021\SDRW2100003249\SDRW2100003249.1.1.260.wav,True,False,exclude_source_audio_unusable
2021,SDRW2100003249,SDRW2100003249.1.1.261,no_textgrid_after_mfa,D:\20_AUDIO\03_wav\individual\2021\SDRW2100003249\SDRW2100003249.1.1.261.lab,48,D:\20_AUDIO\03_wav\individual\2021\SDRW2100003249\SDRW2100003249.1.1.261.wav,True,False,exclude_source_audio_unusable
2021,SDRW2100003249,SDRW2100003249.1.1.27,no_textgrid_after_mfa,D:\20_AUDIO\03_wav\individual\2021\SDRW2100003249\SDRW2100003249.1.1.27.lab,51,D:\20_AUDIO\03_wav\individual\2021\SDRW2100003249\SDRW2100003249.1.1.27.wav,True,False,exclude_source_audio_unusable
2021,SDRW2100003249,SDRW2100003249.1.1.28,no_textgrid_after_mfa,D:\20_AUDIO\03_wav\individual\2021\SDRW2100003249\SDRW2100003249.1.1.28.lab,19,D:\20_AUDIO\03_wav\individual\2021\SDRW2100003249\SDRW2100003249.1.1.28.wav,True,False,exclude_source_audio_unusable
2021,SDRW2100003249,SDRW2100003249.1.1.29,no_textgrid_after_mfa,D:\20_AUDIO\03_wav\individual\2021\SDRW2100003249\SDRW2100003249.1.1.29.lab,20,D:\20_AUDIO\03_wav\individual\2021\SDRW2100003249\SDRW2100003249.1.1.29.wav,True,False,exclude_source_audio_unusable
2021,SDRW2100003249,SDRW2100003249.1.1.3,no_textgrid_after_mfa,D:\20_AUDIO\03_wav\individual\2021\SDRW2100003249\SDRW2100003249.1.1.3.lab,79,D:\20_AUDIO\03_wav\individual\2021\SDRW2100003249\SDRW2100003249.1.1.3.wav,True,False,exclude_source_audio_unusable
2021,SDRW2100003249,SDRW2100003249.1.1.30,no_textgrid_after_mfa,D:\20_AUDIO\03_wav\individual\2021\SDRW2100003249\SDRW2100003249.1.1.30.lab,70,D:\20_AUDIO\03_wav\individual\2021\SDRW2100003249\SDRW2100003249.1.1.30.wav,True,False,exclude_source_audio_unusable
2021,SDRW2100003249,SDRW2100003249.1.1.31,no_textgrid_after_mfa,D:\20_AUDIO\03_wav\individual\2021\SDRW2100003249\SDRW2100003249.1.1.31.lab,40,D:\20_AUDIO\03_wav\individual\2021\SDRW2100003249\SDRW2100003249.1.1.31.wav,True,False,exclude_source_audio_unusable
2021,SDRW2100003249,SDRW2100003249.1.1.32,no_textgrid_after_mfa,D:\20_AUDIO\03_wav\individual\2021\SDRW2100003249\SDRW2100003249.1.1.32.lab,78,D:\20_AUDIO\03_wav\individual\2021\SDRW2100003249\SDRW2100003249.1.1.32.wav,True,False,exclude_source_audio_unusable
2021,SDRW2100003249,SDRW2100003249.1.1.33,no_textgrid_after_mfa,D:\20_AUDIO\03_wav\individual\2021\SDRW2100003249\SDRW2100003249.1.1.33.lab,26,D:\20_AUDIO\03_wav\individual\2021\SDRW2100003249\SDRW2100003249.1.1.33.wav,True,False,exclude_source_audio_unusable
2021,SDRW2100003249,SDRW2100003249.1.1.34,no_textgrid_after_mfa,D:\20_AUDIO\03_wav\individual\2021\SDRW2100003249\SDRW2100003249.1.1.34.lab,3,D:\20_AUDIO\03_wav\individual\2021\SDRW2100003249\SDRW2100003249.1.1.34.wav,True,False,exclude_source_audio_unusable
2021,SDRW2100003249,SDRW2100003249.1.1.35,no_textgrid_after_mfa,D:\20_AUDIO\03_wav\individual\2021\SDRW2100003249\SDRW2100003249.1.1.35.lab,52,D:\20_AUDIO\03_wav\individual\2021\SDRW2100003249\SDRW2100003249.1.1.35.wav,True,False,exclude_source_audio_unusable
2021,SDRW2100003249,SDRW2100003249.1.1.36,no_textgrid_after_mfa,D:\20_AUDIO\03_wav\individual\2021\SDRW2100003249\SDRW2100003249.1.1.36.lab,50,D:\20_AUDIO\03_wav\individual\2021\SDRW2100003249\SDRW2100003249.1.1.36.wav,True,False,exclude_source_audio_unusable
2021,SDRW2100003249,SDRW2100003249.1.1.37,no_textgrid_after_mfa,D:\20_AUDIO\03_wav\individual\2021\SDRW2100003249\SDRW2100003249.1.1.37.lab,46,D:\20_AUDIO\03_wav\individual\2021\SDRW2100003249\SDRW2100003249.1.1.37.wav,True,False,exclude_source_audio_unusable
2021,SDRW2100003249,SDRW2100003249.1.1.38,no_textgrid_after_mfa,D:\20_AUDIO\03_wav\individual\2021\SDRW2100003249\SDRW2100003249.1.1.38.lab,36,D:\20_AUDIO\03_wav\individual\2021\SDRW2100003249\SDRW2100003249.1.1.38.wav,True,False,exclude_source_audio_unusable
2021,SDRW2100003249,SDRW2100003249.1.1.39,no_textgrid_after_mfa,D:\20_AUDIO\03_wav\individual\2021\SDRW2100003249\SDRW2100003249.1.1.39.lab,44,D:\20_AUDIO\03_wav\individual\2021\SDRW2100003249\SDRW2100003249.1.1.39.wav,True,False,exclude_source_audio_unusable
2021,SDRW2100003249,SDRW2100003249.1.1.4,no_textgrid_after_mfa,D:\20_AUDIO\03_wav\individual\2021\SDRW2100003249\SDRW2100003249.1.1.4.lab,37,D:\20_AUDIO\03_wav\individual\2021\SDRW2100003249\SDRW2100003249.1.1.4.wav,True,False,exclude_source_audio_unusable
2021,SDRW2100003249,SDRW2100003249.1.1.40,no_textgrid_after_mfa,D:\20_AUDIO\03_wav\individual\2021\SDRW2100003249\SDRW2100003249.1.1.40.lab,51,D:\20_AUDIO\03_wav\individual\2021\SDRW2100003249\SDRW2100003249.1.1.40.wav,True,False,exclude_source_audio_unusable
2021,SDRW2100003249,SDRW2100003249.1.1.41,no_textgrid_after_mfa,D:\20_AUDIO\03_wav\individual\2021\SDRW2100003249\SDRW2100003249.1.1.41.lab,78,D:\20_AUDIO\03_wav\individual\2021\SDRW2100003249\SDRW2100003249.1.1.41.wav,True,False,exclude_source_audio_unusable
2021,SDRW2100003249,SDRW2100003249.1.1.42,no_textgrid_after_mfa,D:\20_AUDIO\03_wav\individual\2021\SDRW2100003249\SDRW2100003249.1.1.42.lab,3,D:\20_AUDIO\03_wav\individual\2021\SDRW2100003249\SDRW2100003249.1.1.42.wav,True,False,exclude_source_audio_unusable
2021,SDRW2100003249,SDRW2100003249.1.1.43,no_textgrid_after_mfa,D:\20_AUDIO\03_wav\individual\2021\SDRW2100003249\SDRW2100003249.1.1.43.lab,49,D:\20_AUDIO\03_wav\individual\2021\SDRW2100003249\SDRW2100003249.1.1.43.wav,True,False,exclude_source_audio_unusable
2021,SDRW2100003249,SDRW2100003249.1.1.44,no_textgrid_after_mfa,D:\20_AUDIO\03_wav\individual\2021\SDRW2100003249\SDRW2100003249.1.1.44.lab,37,D:\20_AUDIO\03_wav\individual\2021\SDRW2100003249\SDRW2100003249.1.1.44.wav,True,False,exclude_source_audio_unusable
2021,SDRW2100003249,SDRW2100003249.1.1.45,no_textgrid_after_mfa,D:\20_AUDIO\03_wav\individual\2021\SDRW2100003249\SDRW2100003249.1.1.45.lab,9,D:\20_AUDIO\03_wav\individual\2021\SDRW2100003249\SDRW2100003249.1.1.45.wav,True,False,exclude_source_audio_unusable
2021,SDRW2100003249,SDRW2100003249.1.1.46,no_textgrid_after_mfa,D:\20_AUDIO\03_wav\individual\2021\SDRW2100003249\SDRW2100003249.1.1.46.lab,3,D:\20_AUDIO\03_wav\individual\2021\SDRW2100003249\SDRW2100003249.1.1.46.wav,True,False,exclude_source_audio_unusable
2021,SDRW2100003249,SDRW2100003249.1.1.47,no_textgrid_after_mfa,D:\20_AUDIO\03_wav\individual\2021\SDRW2100003249\SDRW2100003249.1.1.47.lab,53,D:\20_AUDIO\03_wav\individual\2021\SDRW2100003249\SDRW2100003249.1.1.47.wav,True,False,exclude_source_audio_unusable
2021,SDRW2100003249,SDRW2100003249.1.1.48,no_textgrid_after_mfa,D:\20_AUDIO\03_wav\individual\2021\SDRW2100003249\SDRW2100003249.1.1.48.lab,68,D:\20_AUDIO\03_wav\individual\2021\SDRW2100003249\SDRW2100003249.1.1.48.wav,True,False,exclude_source_audio_unusable
2021,SDRW2100003249,SDRW2100003249.1.1.49,no_textgrid_after_mfa,D:\20_AUDIO\03_wav\individual\2021\SDRW2100003249\SDRW2100003249.1.1.49.lab,92,D:\20_AUDIO\03_wav\individual\2021\SDRW2100003249\SDRW2100003249.1.1.49.wav,True,False,exclude_source_audio_unusable
2021,SDRW2100003249,SDRW2100003249.1.1.5,no_textgrid_after_mfa,D:\20_AUDIO\03_wav\individual\2021\SDRW2100003249\SDRW2100003249.1.1.5.lab,77,D:\20_AUDIO\03_wav\individual\2021\SDRW2100003249\SDRW2100003249.1.1.5.wav,True,False,exclude_source_audio_unusable
2021,SDRW2100003249,SDRW2100003249.1.1.50,no_textgrid_after_mfa,D:\20_AUDIO\03_wav\individual\2021\SDRW2100003249\SDRW2100003249.1.1.50.lab,89,D:\20_AUDIO\03_wav\individual\2021\SDRW2100003249\SDRW2100003249.1.1.50.wav,True,False,exclude_source_audio_unusable
2021,SDRW2100003249,SDRW2100003249.1.1.51,no_textgrid_after_mfa,D:\20_AUDIO\03_wav\individual\2021\SDRW2100003249\SDRW2100003249.1.1.51.lab,23,D:\20_AUDIO\03_wav\individual\2021\SDRW2100003249\SDRW2100003249.1.1.51.wav,True,False,exclude_source_audio_unusable
2021,SDRW2100003249,SDRW2100003249.1.1.52,no_textgrid_after_mfa,D:\20_AUDIO\03_wav\individual\2021\SDRW2100003249\SDRW2100003249.1.1.52.lab,43,D:\20_AUDIO\03_wav\individual\2021\SDRW2100003249\SDRW2100003249.1.1.52.wav,True,False,exclude_source_audio_unusable
2021,SDRW2100003249,SDRW2100003249.1.1.53,no_textgrid_after_mfa,D:\20_AUDIO\03_wav\individual\2021\SDRW2100003249\SDRW2100003249.1.1.53.lab,53,D:\20_AUDIO\03_wav\individual\2021\SDRW2100003249\SDRW2100003249.1.1.53.wav,True,False,exclude_source_audio_unusable
2021,SDRW2100003249,SDRW2100003249.1.1.54,no_textgrid_after_mfa,D:\20_AUDIO\03_wav\individual\2021\SDRW2100003249\SDRW2100003249.1.1.54.lab,67,D:\20_AUDIO\03_wav\individual\2021\SDRW2100003249\SDRW2100003249.1.1.54.wav,True,False,exclude_source_audio_unusable
2021,SDRW2100003249,SDRW2100003249.1.1.55,no_textgrid_after_mfa,D:\20_AUDIO\03_wav\individual\2021\SDRW2100003249\SDRW2100003249.1.1.55.lab,51,D:\20_AUDIO\03_wav\individual\2021\SDRW2100003249\SDRW2100003249.1.1.55.wav,True,False,exclude_source_audio_unusable
2021,SDRW2100003249,SDRW2100003249.1.1.56,no_textgrid_after_mfa,D:\20_AUDIO\03_wav\individual\2021\SDRW2100003249\SDRW2100003249.1.1.56.lab,20,D:\20_AUDIO\03_wav\individual\2021\SDRW2100003249\SDRW2100003249.1.1.56.wav,True,False,exclude_source_audio_unusable
2021,SDRW2100003249,SDRW2100003249.1.1.57,no_textgrid_after_mfa,D:\20_AUDIO\03_wav\individual\2021\SDRW2100003249\SDRW2100003249.1.1.57.lab,69,D:\20_AUDIO\03_wav\individual\2021\SDRW2100003249\SDRW2100003249.1.1.57.wav,True,False,exclude_source_audio_unusable
2021,SDRW2100003249,SDRW2100003249.1.1.58,no_textgrid_after_mfa,D:\20_AUDIO\03_wav\individual\2021\SDRW2100003249\SDRW2100003249.1.1.58.lab,48,D:\20_AUDIO\03_wav\individual\2021\SDRW2100003249\SDRW2100003249.1.1.58.wav,True,False,exclude_source_audio_unusable
2021,SDRW2100003249,SDRW2100003249.1.1.59,no_textgrid_after_mfa,D:\20_AUDIO\03_wav\individual\2021\SDRW2100003249\SDRW2100003249.1.1.59.lab,35,D:\20_AUDIO\03_wav\individual\2021\SDRW2100003249\SDRW2100003249.1.1.59.wav,True,False,exclude_source_audio_unusable
2021,SDRW2100003249,SDRW2100003249.1.1.6,no_textgrid_after_mfa,D:\20_AUDIO\03_wav\individual\2021\SDRW2100003249\SDRW2100003249.1.1.6.lab,25,D:\20_AUDIO\03_wav\individual\2021\SDRW2100003249\SDRW2100003249.1.1.6.wav,True,False,exclude_source_audio_unusable
2021,SDRW2100003249,SDRW2100003249.1.1.60,no_textgrid_after_mfa,D:\20_AUDIO\03_wav\individual\2021\SDRW2100003249\SDRW2100003249.1.1.60.lab,26,D:\20_AUDIO\03_wav\individual\2021\SDRW2100003249\SDRW2100003249.1.1.60.wav,True,False,exclude_source_audio_unusable
2021,SDRW2100003249,SDRW2100003249.1.1.61,no_textgrid_after_mfa,D:\20_AUDIO\03_wav\individual\2021\SDRW2100003249\SDRW2100003249.1.1.61.lab,59,D:\20_AUDIO\03_wav\individual\2021\SDRW2100003249\SDRW2100003249.1.1.61.wav,True,False,exclude_source_audio_unusable
2021,SDRW2100003249,SDRW2100003249.1.1.62,no_textgrid_after_mfa,D:\20_AUDIO\03_wav\individual\2021\SDRW2100003249\SDRW2100003249.1.1.62.lab,40,D:\20_AUDIO\03_wav\individual\2021\SDRW2100003249\SDRW2100003249.1.1.62.wav,True,False,exclude_source_audio_unusable
2021,SDRW2100003249,SDRW2100003249.1.1.63,no_textgrid_after_mfa,D:\20_AUDIO\03_wav\individual\2021\SDRW2100003249\SDRW2100003249.1.1.63.lab,62,D:\20_AUDIO\03_wav\individual\2021\SDRW2100003249\SDRW2100003249.1.1.63.wav,True,False,exclude_source_audio_unusable
2021,SDRW2100003249,SDRW2100003249.1.1.64,no_textgrid_after_mfa,D:\20_AUDIO\03_wav\individual\2021\SDRW2100003249\SDRW2100003249.1.1.64.lab,16,D:\20_AUDIO\03_wav\individual\2021\SDRW2100003249\SDRW2100003249.1.1.64.wav,True,False,exclude_source_audio_unusable
2021,SDRW2100003249,SDRW2100003249.1.1.65,no_textgrid_after_mfa,D:\20_AUDIO\03_wav\individual\2021\SDRW2100003249\SDRW2100003249.1.1.65.lab,39,D:\20_AUDIO\03_wav\individual\2021\SDRW2100003249\SDRW2100003249.1.1.65.wav,True,False,exclude_source_audio_unusable
2021,SDRW2100003249,SDRW2100003249.1.1.66,no_textgrid_after_mfa,D:\20_AUDIO\03_wav\individual\2021\SDRW2100003249\SDRW2100003249.1.1.66.lab,31,D:\20_AUDIO\03_wav\individual\2021\SDRW2100003249\SDRW2100003249.1.1.66.wav,True,False,exclude_source_audio_unusable
2021,SDRW2100003249,SDRW2100003249.1.1.67,no_textgrid_after_mfa,D:\20_AUDIO\03_wav\individual\2021\SDRW2100003249\SDRW2100003249.1.1.67.lab,69,D:\20_AUDIO\03_wav\individual\2021\SDRW2100003249\SDRW2100003249.1.1.67.wav,True,False,exclude_source_audio_unusable
2021,SDRW2100003249,SDRW2100003249.1.1.68,no_textgrid_after_mfa,D:\20_AUDIO\03_wav\individual\2021\SDRW2100003249\SDRW2100003249.1.1.68.lab,67,D:\20_AUDIO\03_wav\individual\2021\SDRW2100003249\SDRW2100003249.1.1.68.wav,True,False,exclude_source_audio_unusable
2021,SDRW2100003249,SDRW2100003249.1.1.69,no_textgrid_after_mfa,D:\20_AUDIO\03_wav\individual\2021\SDRW2100003249\SDRW2100003249.1.1.69.lab,60,D:\20_AUDIO\03_wav\individual\2021\SDRW2100003249\SDRW2100003249.1.1.69.wav,True,False,exclude_source_audio_unusable
2021,SDRW2100003249,SDRW2100003249.1.1.7,no_textgrid_after_mfa,D:\20_AUDIO\03_wav\individual\2021\SDRW2100003249\SDRW2100003249.1.1.7.lab,20,D:\20_AUDIO\03_wav\individual\2021\SDRW2100003249\SDRW2100003249.1.1.7.wav,True,False,exclude_source_audio_unusable
2021,SDRW2100003249,SDRW2100003249.1.1.70,no_textgrid_after_mfa,D:\20_AUDIO\03_wav\individual\2021\SDRW2100003249\SDRW2100003249.1.1.70.lab,29,D:\20_AUDIO\03_wav\individual\2021\SDRW2100003249\SDRW2100003249.1.1.70.wav,True,False,exclude_source_audio_unusable
2021,SDRW2100003249,SDRW2100003249.1.1.71,no_textgrid_after_mfa,D:\20_AUDIO\03_wav\individual\2021\SDRW2100003249\SDRW2100003249.1.1.71.lab,63,D:\20_AUDIO\03_wav\individual\2021\SDRW2100003249\SDRW2100003249.1.1.71.wav,True,False,exclude_source_audio_unusable
2021,SDRW2100003249,SDRW2100003249.1.1.72,no_textgrid_after_mfa,D:\20_AUDIO\03_wav\individual\2021\SDRW2100003249\SDRW2100003249.1.1.72.lab,40,D:\20_AUDIO\03_wav\individual\2021\SDRW2100003249\SDRW2100003249.1.1.72.wav,True,False,exclude_source_audio_unusable
2021,SDRW2100003249,SDRW2100003249.1.1.74,no_textgrid_after_mfa,D:\20_AUDIO\03_wav\individual\2021\SDRW2100003249\SDRW2100003249.1.1.74.lab,30,D:\20_AUDIO\03_wav\individual\2021\SDRW2100003249\SDRW2100003249.1.1.74.wav,True,False,exclude_source_audio_unusable
2021,SDRW2100003249,SDRW2100003249.1.1.75,no_textgrid_after_mfa,D:\20_AUDIO\03_wav\individual\2021\SDRW2100003249\SDRW2100003249.1.1.75.lab,49,D:\20_AUDIO\03_wav\individual\2021\SDRW2100003249\SDRW2100003249.1.1.75.wav,True,False,exclude_source_audio_unusable
2021,SDRW2100003249,SDRW2100003249.1.1.76,no_textgrid_after_mfa,D:\20_AUDIO\03_wav\individual\2021\SDRW2100003249\SDRW2100003249.1.1.76.lab,45,D:\20_AUDIO\03_wav\individual\2021\SDRW2100003249\SDRW2100003249.1.1.76.wav,True,False,exclude_source_audio_unusable
2021,SDRW2100003249,SDRW2100003249.1.1.77,no_textgrid_after_mfa,D:\20_AUDIO\03_wav\individual\2021\SDRW2100003249\SDRW2100003249.1.1.77.lab,42,D:\20_AUDIO\03_wav\individual\2021\SDRW2100003249\SDRW2100003249.1.1.77.wav,True,False,exclude_source_audio_unusable
2021,SDRW2100003249,SDRW2100003249.1.1.78,no_textgrid_after_mfa,D:\20_AUDIO\03_wav\individual\2021\SDRW2100003249\SDRW2100003249.1.1.78.lab,26,D:\20_AUDIO\03_wav\individual\2021\SDRW2100003249\SDRW2100003249.1.1.78.wav,True,False,exclude_source_audio_unusable
2021,SDRW2100003249,SDRW2100003249.1.1.79,no_textgrid_after_mfa,D:\20_AUDIO\03_wav\individual\2021\SDRW2100003249\SDRW2100003249.1.1.79.lab,23,D:\20_AUDIO\03_wav\individual\2021\SDRW2100003249\SDRW2100003249.1.1.79.wav,True,False,exclude_source_audio_unusable
2021,SDRW2100003249,SDRW2100003249.1.1.8,no_textgrid_after_mfa,D:\20_AUDIO\03_wav\individual\2021\SDRW2100003249\SDRW2100003249.1.1.8.lab,25,D:\20_AUDIO\03_wav\individual\2021\SDRW2100003249\SDRW2100003249.1.1.8.wav,True,False,exclude_source_audio_unusable
2021,SDRW2100003249,SDRW2100003249.1.1.80,no_textgrid_after_mfa,D:\20_AUDIO\03_wav\individual\2021\SDRW2100003249\SDRW2100003249.1.1.80.lab,3,D:\20_AUDIO\03_wav\individual\2021\SDRW2100003249\SDRW2100003249.1.1.80.wav,True,False,exclude_source_audio_unusable
2021,SDRW2100003249,SDRW2100003249.1.1.81,no_textgrid_after_mfa,D:\20_AUDIO\03_wav\individual\2021\SDRW2100003249\SDRW2100003249.1.1.81.lab,72,D:\20_AUDIO\03_wav\individual\2021\SDRW2100003249\SDRW2100003249.1.1.81.wav,True,False,exclude_source_audio_unusable
2021,SDRW2100003249,SDRW2100003249.1.1.82,no_textgrid_after_mfa,D:\20_AUDIO\03_wav\individual\2021\SDRW2100003249\SDRW2100003249.1.1.82.lab,61,D:\20_AUDIO\03_wav\individual\2021\SDRW2100003249\SDRW2100003249.1.1.82.wav,True,False,exclude_source_audio_unusable
2021,SDRW2100003249,SDRW2100003249.1.1.83,no_textgrid_after_mfa,D:\20_AUDIO\03_wav\individual\2021\SDRW2100003249\SDRW2100003249.1.1.83.lab,57,D:\20_AUDIO\03_wav\individual\2021\SDRW2100003249\SDRW2100003249.1.1.83.wav,True,False,exclude_source_audio_unusable
2021,SDRW2100003249,SDRW2100003249.1.1.84,no_textgrid_after_mfa,D:\20_AUDIO\03_wav\individual\2021\SDRW2100003249\SDRW2100003249.1.1.84.lab,39,D:\20_AUDIO\03_wav\individual\2021\SDRW2100003249\SDRW2100003249.1.1.84.wav,True,False,exclude_source_audio_unusable
2021,SDRW2100003249,SDRW2100003249.1.1.85,no_textgrid_after_mfa,D:\20_AUDIO\03_wav\individual\2021\SDRW2100003249\SDRW2100003249.1.1.85.lab,79,D:\20_AUDIO\03_wav\individual\2021\SDRW2100003249\SDRW2100003249.1.1.85.wav,True,False,exclude_source_audio_unusable
2021,SDRW2100003249,SDRW2100003249.1.1.86,no_textgrid_after_mfa,D:\20_AUDIO\03_wav\individual\2021\SDRW2100003249\SDRW2100003249.1.1.86.lab,59,D:\20_AUDIO\03_wav\individual\2021\SDRW2100003249\SDRW2100003249.1.1.86.wav,True,False,exclude_source_audio_unusable
2021,SDRW2100003249,SDRW2100003249.1.1.87,no_textgrid_after_mfa,D:\20_AUDIO\03_wav\individual\2021\SDRW2100003249\SDRW2100003249.1.1.87.lab,55,D:\20_AUDIO\03_wav\individual\2021\SDRW2100003249\SDRW2100003249.1.1.87.wav,True,False,exclude_source_audio_unusable
2021,SDRW2100003249,SDRW2100003249.1.1.88,no_textgrid_after_mfa,D:\20_AUDIO\03_wav\individual\2021\SDRW2100003249\SDRW2100003249.1.1.88.lab,69,D:\20_AUDIO\03_wav\individual\2021\SDRW2100003249\SDRW2100003249.1.1.88.wav,True,False,exclude_source_audio_unusable
2021,SDRW2100003249,SDRW2100003249.1.1.89,no_textgrid_after_mfa,D:\20_AUDIO\03_wav\individual\2021\SDRW2100003249\SDRW2100003249.1.1.89.lab,48,D:\20_AUDIO\03_wav\individual\2021\SDRW2100003249\SDRW2100003249.1.1.89.wav,True,False,exclude_source_audio_unusable
2021,SDRW2100003249,SDRW2100003249.1.1.9,no_textgrid_after_mfa,D:\20_AUDIO\03_wav\individual\2021\SDRW2100003249\SDRW2100003249.1.1.9.lab,49,D:\20_AUDIO\03_wav\individual\2021\SDRW2100003249\SDRW2100003249.1.1.9.wav,True,False,exclude_source_audio_unusable
2021,SDRW2100003249,SDRW2100003249.1.1.90,no_textgrid_after_mfa,D:\20_AUDIO\03_wav\individual\2021\SDRW2100003249\SDRW2100003249.1.1.90.lab,60,D:\20_AUDIO\03_wav\individual\2021\SDRW2100003249\SDRW2100003249.1.1.90.wav,True,False,exclude_source_audio_unusable
2021,SDRW2100003249,SDRW2100003249.1.1.91,no_textgrid_after_mfa,D:\20_AUDIO\03_wav\individual\2021\SDRW2100003249\SDRW2100003249.1.1.91.lab,30,D:\20_AUDIO\03_wav\individual\2021\SDRW2100003249\SDRW2100003249.1.1.91.wav,True,False,exclude_source_audio_unusable
2021,SDRW2100003249,SDRW2100003249.1.1.92,no_textgrid_after_mfa,D:\20_AUDIO\03_wav\individual\2021\SDRW2100003249\SDRW2100003249.1.1.92.lab,3,D:\20_AUDIO\03_wav\individual\2021\SDRW2100003249\SDRW2100003249.1.1.92.wav,True,False,exclude_source_audio_unusable
2021,SDRW2100003249,SDRW2100003249.1.1.93,no_textgrid_after_mfa,D:\20_AUDIO\03_wav\individual\2021\SDRW2100003249\SDRW2100003249.1.1.93.lab,37,D:\20_AUDIO\03_wav\individual\2021\SDRW2100003249\SDRW2100003249.1.1.93.wav,True,False,exclude_source_audio_unusable
2021,SDRW2100003249,SDRW2100003249.1.1.94,no_textgrid_after_mfa,D:\20_AUDIO\03_wav\individual\2021\SDRW2100003249\SDRW2100003249.1.1.94.lab,103,D:\20_AUDIO\03_wav\individual\2021\SDRW2100003249\SDRW2100003249.1.1.94.wav,True,False,exclude_source_audio_unusable
2021,SDRW2100003249,SDRW2100003249.1.1.95,no_textgrid_after_mfa,D:\20_AUDIO\03_wav\individual\2021\SDRW2100003249\SDRW2100003249.1.1.95.lab,9,D:\20_AUDIO\03_wav\individual\2021\SDRW2100003249\SDRW2100003249.1.1.95.wav,True,False,exclude_source_audio_unusable
2021,SDRW2100003249,SDRW2100003249.1.1.96,no_textgrid_after_mfa,D:\20_AUDIO\03_wav\individual\2021\SDRW2100003249\SDRW2100003249.1.1.96.lab,46,D:\20_AUDIO\03_wav\individual\2021\SDRW2100003249\SDRW2100003249.1.1.96.wav,True,False,exclude_source_audio_unusable
2021,SDRW2100003249,SDRW2100003249.1.1.97,no_textgrid_after_mfa,D:\20_AUDIO\03_wav\individual\2021\SDRW2100003249\SDRW2100003249.1.1.97.lab,70,D:\20_AUDIO\03_wav\individual\2021\SDRW2100003249\SDRW2100003249.1.1.97.wav,True,False,exclude_source_audio_unusable
2021,SDRW2100003249,SDRW2100003249.1.1.98,no_textgrid_after_mfa,D:\20_AUDIO\03_wav\individual\2021\SDRW2100003249\SDRW2100003249.1.1.98.lab,57,D:\20_AUDIO\03_wav\individual\2021\SDRW2100003249\SDRW2100003249.1.1.98.wav,True,False,exclude_source_audio_unusable
2021,SDRW2100003249,SDRW2100003249.1.1.99,no_textgrid_after_mfa,D:\20_AUDIO\03_wav\individual\2021\SDRW2100003249\SDRW2100003249.1.1.99.lab,12,D:\20_AUDIO\03_wav\individual\2021\SDRW2100003249\SDRW2100003249.1.1.99.wav,True,False,exclude_source_audio_unusable
2021,SDRW2100003289,SDRW2100003289.1.1.139,no_textgrid_after_mfa,D:\20_AUDIO\03_wav\individual\2021\SDRW2100003289\SDRW2100003289.1.1.139.lab,81,D:\20_AUDIO\03_wav\individual\2021\SDRW2100003289\SDRW2100003289.1.1.139.wav,True,True,
2021,SDRW2100003290,SDRW2100003290.1.1.200,no_textgrid_after_mfa,D:\20_AUDIO\03_wav\individual\2021\SDRW2100003290\SDRW2100003290.1.1.200.lab,52,D:\20_AUDIO\03_wav\individual\2021\SDRW2100003290\SDRW2100003290.1.1.200.wav,True,True,
2021,SDRW2100003290,SDRW2100003290.1.1.235,no_textgrid_after_mfa,D:\20_AUDIO\03_wav\individual\2021\SDRW2100003290\SDRW2100003290.1.1.235.lab,73,D:\20_AUDIO\03_wav\individual\2021\SDRW2100003290\SDRW2100003290.1.1.235.wav,True,True,
2021,SDRW2100003290,SDRW2100003290.1.1.236,no_textgrid_after_mfa,D:\20_AUDIO\03_wav\individual\2021\SDRW2100003290\SDRW2100003290.1.1.236.lab,156,D:\20_AUDIO\03_wav\individual\2021\SDRW2100003290\SDRW2100003290.1.1.236.wav,True,True,
2021,SDRW2100003291,SDRW2100003291.1.1.165,no_textgrid_after_mfa,D:\20_AUDIO\03_wav\individual\2021\SDRW2100003291\SDRW2100003291.1.1.165.lab,96,D:\20_AUDIO\03_wav\individual\2021\SDRW2100003291\SDRW2100003291.1.1.165.wav,True,True,
2021,SDRW2100003291,SDRW2100003291.1.1.193,no_textgrid_after_mfa,D:\20_AUDIO\03_wav\individual\2021\SDRW2100003291\SDRW2100003291.1.1.193.lab,115,D:\20_AUDIO\03_wav\individual\2021\SDRW2100003291\SDRW2100003291.1.1.193.wav,True,True,
2021,SDRW2100003311,SDRW2100003311.1.1.89,no_textgrid_after_mfa,D:\20_AUDIO\03_wav\individual\2021\SDRW2100003311\SDRW2100003311.1.1.89.lab,106,D:\20_AUDIO\03_wav\individual\2021\SDRW2100003311\SDRW2100003311.1.1.89.wav,True,True,
2021,SDRW2100003312,SDRW2100003312.1.1.86,no_textgrid_after_mfa,D:\20_AUDIO\03_wav\individual\2021\SDRW2100003312\SDRW2100003312.1.1.86.lab,36,D:\20_AUDIO\03_wav\individual\2021\SDRW2100003312\SDRW2100003312.1.1.86.wav,True,True,
2021,SDRW2100003320,SDRW2100003320.1.1.260,no_textgrid_after_mfa,D:\20_AUDIO\03_wav\individual\2021\SDRW2100003320\SDRW2100003320.1.1.260.lab,86,D:\20_AUDIO\03_wav\individual\2021\SDRW2100003320\SDRW2100003320.1.1.260.wav,True,False,exclude_source_audio_unusable
2021,SDRW2100003331,SDRW2100003331.1.1.196,no_textgrid_after_mfa,D:\20_AUDIO\03_wav\individual\2021\SDRW2100003331\SDRW2100003331.1.1.196.lab,128,D:\20_AUDIO\03_wav\individual\2021\SDRW2100003331\SDRW2100003331.1.1.196.wav,True,True,
2021,SDRW2100003344,SDRW2100003344.1.1.324,no_textgrid_after_mfa,D:\20_AUDIO\03_wav\individual\2021\SDRW2100003344\SDRW2100003344.1.1.324.lab,63,D:\20_AUDIO\03_wav\individual\2021\SDRW2100003344\SDRW2100003344.1.1.324.wav,True,True,
2021,SDRW2100003346,SDRW2100003346.1.1.164,no_textgrid_after_mfa,D:\20_AUDIO\03_wav\individual\2021\SDRW2100003346\SDRW2100003346.1.1.164.lab,50,D:\20_AUDIO\03_wav\individual\2021\SDRW2100003346\SDRW2100003346.1.1.164.wav,True,True,
2021,SDRW2100003359,SDRW2100003359.1.1.98,no_textgrid_after_mfa,D:\20_AUDIO\03_wav\individual\2021\SDRW2100003359\SDRW2100003359.1.1.98.lab,49,D:\20_AUDIO\03_wav\individual\2021\SDRW2100003359\SDRW2100003359.1.1.98.wav,True,True,
2021,SDRW2100003371,SDRW2100003371.1.1.85,no_textgrid_after_mfa,D:\20_AUDIO\03_wav\individual\2021\SDRW2100003371\SDRW2100003371.1.1.85.lab,55,D:\20_AUDIO\03_wav\individual\2021\SDRW2100003371\SDRW2100003371.1.1.85.wav,True,True,
2021,SDRW2100003373,SDRW2100003373.1.1.67,no_textgrid_after_mfa,D:\20_AUDIO\03_wav\individual\2021\SDRW2100003373\SDRW2100003373.1.1.67.lab,174,D:\20_AUDIO\03_wav\individual\2021\SDRW2100003373\SDRW2100003373.1.1.67.wav,True,True,
2021,SDRW2100003394,SDRW2100003394.1.1.334,no_textgrid_after_mfa,D:\20_AUDIO\03_wav\individual\2021\SDRW2100003394\SDRW2100003394.1.1.334.lab,33,D:\20_AUDIO\03_wav\individual\2021\SDRW2100003394\SDRW2100003394.1.1.334.wav,True,False,exclude_source_audio_unusable
2021,SDRW2100003408,SDRW2100003408.1.1.131,no_textgrid_after_mfa,D:\20_AUDIO\03_wav\individual\2021\SDRW2100003408\SDRW2100003408.1.1.131.lab,71,D:\20_AUDIO\03_wav\individual\2021\SDRW2100003408\SDRW2100003408.1.1.131.wav,True,True,
2021,SDRW2100003410,SDRW2100003410.1.1.117,no_textgrid_after_mfa,D:\20_AUDIO\03_wav\individual\2021\SDRW2100003410\SDRW2100003410.1.1.117.lab,75,D:\20_AUDIO\03_wav\individual\2021\SDRW2100003410\SDRW2100003410.1.1.117.wav,True,True,
2021,SDRW2100003438,SDRW2100003438.1.1.65,no_textgrid_after_mfa,D:\20_AUDIO\03_wav\individual\2021\SDRW2100003438\SDRW2100003438.1.1.65.lab,88,D:\20_AUDIO\03_wav\individual\2021\SDRW2100003438\SDRW2100003438.1.1.65.wav,True,True,
2021,SDRW2100003450,SDRW2100003450.1.1.266,no_textgrid_after_mfa,D:\20_AUDIO\03_wav\individual\2021\SDRW2100003450\SDRW2100003450.1.1.266.lab,46,D:\20_AUDIO\03_wav\individual\2021\SDRW2100003450\SDRW2100003450.1.1.266.wav,True,False,exclude_source_audio_unusable
2021,SDRW2100003450,SDRW2100003450.1.1.267,no_textgrid_after_mfa,D:\20_AUDIO\03_wav\individual\2021\SDRW2100003450\SDRW2100003450.1.1.267.lab,46,D:\20_AUDIO\03_wav\individual\2021\SDRW2100003450\SDRW2100003450.1.1.267.wav,True,False,exclude_source_audio_unusable
2021,SDRW2100003450,SDRW2100003450.1.1.271,no_textgrid_after_mfa,D:\20_AUDIO\03_wav\individual\2021\SDRW2100003450\SDRW2100003450.1.1.271.lab,89,D:\20_AUDIO\03_wav\individual\2021\SDRW2100003450\SDRW2100003450.1.1.271.wav,True,False,exclude_source_audio_unusable
2021,SDRW2100003451,SDRW2100003451.1.1.139,no_textgrid_after_mfa,D:\20_AUDIO\03_wav\individual\2021\SDRW2100003451\SDRW2100003451.1.1.139.lab,41,D:\20_AUDIO\03_wav\individual\2021\SDRW2100003451\SDRW2100003451.1.1.139.wav,True,True,
2021,SDRW2100003481,SDRW2100003481.1.1.205,no_textgrid_after_mfa,D:\20_AUDIO\03_wav\individual\2021\SDRW2100003481\SDRW2100003481.1.1.205.lab,74,D:\20_AUDIO\03_wav\individual\2021\SDRW2100003481\SDRW2100003481.1.1.205.wav,True,True,
2021,SDRW2100003504,SDRW2100003504.1.1.173,no_textgrid_after_mfa,D:\20_AUDIO\03_wav\individual\2021\SDRW2100003504\SDRW2100003504.1.1.173.lab,54,D:\20_AUDIO\03_wav\individual\2021\SDRW2100003504\SDRW2100003504.1.1.173.wav,True,True,
2021,SDRW2100003509,SDRW2100003509.1.1.77,no_textgrid_after_mfa,D:\20_AUDIO\03_wav\individual\2021\SDRW2100003509\SDRW2100003509.1.1.77.lab,89,D:\20_AUDIO\03_wav\individual\2021\SDRW2100003509\SDRW2100003509.1.1.77.wav,True,True,
2021,SDRW2100003534,SDRW2100003534.1.1.86,no_textgrid_after_mfa,D:\20_AUDIO\03_wav\individual\2021\SDRW2100003534\SDRW2100003534.1.1.86.lab,106,D:\20_AUDIO\03_wav\individual\2021\SDRW2100003534\SDRW2100003534.1.1.86.wav,True,True,
2021,SDRW2100003535,SDRW2100003535.1.1.228,no_textgrid_after_mfa,D:\20_AUDIO\03_wav\individual\2021\SDRW2100003535\SDRW2100003535.1.1.228.lab,61,D:\20_AUDIO\03_wav\individual\2021\SDRW2100003535\SDRW2100003535.1.1.228.wav,True,True,
2021,SDRW2100003537,SDRW2100003537.1.1.267,no_textgrid_after_mfa,D:\20_AUDIO\03_wav\individual\2021\SDRW2100003537\SDRW2100003537.1.1.267.lab,79,D:\20_AUDIO\03_wav\individual\2021\SDRW2100003537\SDRW2100003537.1.1.267.wav,True,True,
2021,SDRW2100003539,SDRW2100003539.1.1.208,no_textgrid_after_mfa,D:\20_AUDIO\03_wav\individual\2021\SDRW2100003539\SDRW2100003539.1.1.208.lab,72,D:\20_AUDIO\03_wav\individual\2021\SDRW2100003539\SDRW2100003539.1.1.208.wav,True,True,
2021,SDRW2100003547,SDRW2100003547.1.1.106,no_textgrid_after_mfa,D:\20_AUDIO\03_wav\individual\2021\SDRW2100003547\SDRW2100003547.1.1.106.lab,132,D:\20_AUDIO\03_wav\individual\2021\SDRW2100003547\SDRW2100003547.1.1.106.wav,True,True,
2021,SDRW2100003575,SDRW2100003575.1.1.163,no_textgrid_after_mfa,D:\20_AUDIO\03_wav\individual\2021\SDRW2100003575\SDRW2100003575.1.1.163.lab,66,D:\20_AUDIO\03_wav\individual\2021\SDRW2100003575\SDRW2100003575.1.1.163.wav,True,True,
2021,SDRW2100003576,SDRW2100003576.1.1.280,no_textgrid_after_mfa,D:\20_AUDIO\03_wav\individual\2021\SDRW2100003576\SDRW2100003576.1.1.280.lab,99,D:\20_AUDIO\03_wav\individual\2021\SDRW2100003576\SDRW2100003576.1.1.280.wav,True,True,
2021,SDRW2100003580,SDRW2100003580.1.1.277,no_textgrid_after_mfa,D:\20_AUDIO\03_wav\individual\2021\SDRW2100003580\SDRW2100003580.1.1.277.lab,50,D:\20_AUDIO\03_wav\individual\2021\SDRW2100003580\SDRW2100003580.1.1.277.wav,True,True,
2021,SDRW2100003581,SDRW2100003581.1.1.136,no_textgrid_after_mfa,D:\20_AUDIO\03_wav\individual\2021\SDRW2100003581\SDRW2100003581.1.1.136.lab,65,D:\20_AUDIO\03_wav\individual\2021\SDRW2100003581\SDRW2100003581.1.1.136.wav,True,True,
2021,SDRW2100003585,SDRW2100003585.1.1.273,no_textgrid_after_mfa,D:\20_AUDIO\03_wav\individual\2021\SDRW2100003585\SDRW2100003585.1.1.273.lab,66,D:\20_AUDIO\03_wav\individual\2021\SDRW2100003585\SDRW2100003585.1.1.273.wav,True,True,
2021,SDRW2100003586,SDRW2100003586.1.1.22,no_textgrid_after_mfa,D:\20_AUDIO\03_wav\individual\2021\SDRW2100003586\SDRW2100003586.1.1.22.lab,49,D:\20_AUDIO\03_wav\individual\2021\SDRW2100003586\SDRW2100003586.1.1.22.wav,True,True,
2021,SDRW2100003586,SDRW2100003586.1.1.335,no_textgrid_after_mfa,D:\20_AUDIO\03_wav\individual\2021\SDRW2100003586\SDRW2100003586.1.1.335.lab,59,D:\20_AUDIO\03_wav\individual\2021\SDRW2100003586\SDRW2100003586.1.1.335.wav,True,True,
2021,SDRW2100003587,SDRW2100003587.1.1.382,no_textgrid_after_mfa,D:\20_AUDIO\03_wav\individual\2021\SDRW2100003587\SDRW2100003587.1.1.382.lab,59,D:\20_AUDIO\03_wav\individual\2021\SDRW2100003587\SDRW2100003587.1.1.382.wav,True,False,exclude_source_audio_unusable
2021,SDRW2100003588,SDRW2100003588.1.1.122,no_textgrid_after_mfa,D:\20_AUDIO\03_wav\individual\2021\SDRW2100003588\SDRW2100003588.1.1.122.lab,68,D:\20_AUDIO\03_wav\individual\2021\SDRW2100003588\SDRW2100003588.1.1.122.wav,True,False,exclude_source_audio_unusable
2021,SDRW2100003590,SDRW2100003590.1.1.16,no_textgrid_after_mfa,D:\20_AUDIO\03_wav\individual\2021\SDRW2100003590\SDRW2100003590.1.1.16.lab,39,D:\20_AUDIO\03_wav\individual\2021\SDRW2100003590\SDRW2100003590.1.1.16.wav,True,True,
2021,SDRW2100003590,SDRW2100003590.1.1.192,no_textgrid_after_mfa,D:\20_AUDIO\03_wav\individual\2021\SDRW2100003590\SDRW2100003590.1.1.192.lab,59,D:\20_AUDIO\03_wav\individual\2021\SDRW2100003590\SDRW2100003590.1.1.192.wav,True,True,
2021,SDRW2100003680,SDRW2100003680.1.1.33,no_textgrid_after_mfa,D:\20_AUDIO\03_wav\individual\2021\SDRW2100003680\SDRW2100003680.1.1.33.lab,116,D:\20_AUDIO\03_wav\individual\2021\SDRW2100003680\SDRW2100003680.1.1.33.wav,True,True,
2021,SDRW2100003710,SDRW2100003710.1.1.276,no_textgrid_after_mfa,D:\20_AUDIO\03_wav\individual\2021\SDRW2100003710\SDRW2100003710.1.1.276.lab,9,D:\20_AUDIO\03_wav\individual\2021\SDRW2100003710\SDRW2100003710.1.1.276.wav,True,False,exclude_source_audio_unusable
2021,SDRW2100003710,SDRW2100003710.1.1.277,no_textgrid_after_mfa,D:\20_AUDIO\03_wav\individual\2021\SDRW2100003710\SDRW2100003710.1.1.277.lab,88,D:\20_AUDIO\03_wav\individual\2021\SDRW2100003710\SDRW2100003710.1.1.277.wav,True,True,
2021,SDRW2100003746,SDRW2100003746.1.1.108,no_textgrid_after_mfa,D:\20_AUDIO\03_wav\individual\2021\SDRW2100003746\SDRW2100003746.1.1.108.lab,32,D:\20_AUDIO\03_wav\individual\2021\SDRW2100003746\SDRW2100003746.1.1.108.wav,True,True,
2021,SDRW2100003746,SDRW2100003746.1.1.302,no_textgrid_after_mfa,D:\20_AUDIO\03_wav\individual\2021\SDRW2100003746\SDRW2100003746.1.1.302.lab,57,D:\20_AUDIO\03_wav\individual\2021\SDRW2100003746\SDRW2100003746.1.1.302.wav,True,True,
2021,SDRW2100003747,SDRW2100003747.1.1.281,no_textgrid_after_mfa,D:\20_AUDIO\03_wav\individual\2021\SDRW2100003747\SDRW2100003747.1.1.281.lab,79,D:\20_AUDIO\03_wav\individual\2021\SDRW2100003747\SDRW2100003747.1.1.281.wav,True,True,
2021,SDRW2100003748,SDRW2100003748.1.1.213,no_textgrid_after_mfa,D:\20_AUDIO\03_wav\individual\2021\SDRW2100003748\SDRW2100003748.1.1.213.lab,43,D:\20_AUDIO\03_wav\individual\2021\SDRW2100003748\SDRW2100003748.1.1.213.wav,True,True,
2021,SDRW2100003760,SDRW2100003760.1.1.317,no_textgrid_after_mfa,D:\20_AUDIO\03_wav\individual\2021\SDRW2100003760\SDRW2100003760.1.1.317.lab,38,D:\20_AUDIO\03_wav\individual\2021\SDRW2100003760\SDRW2100003760.1.1.317.wav,True,True,
2021,SDRW2100003760,SDRW2100003760.1.1.318,no_textgrid_after_mfa,D:\20_AUDIO\03_wav\individual\2021\SDRW2100003760\SDRW2100003760.1.1.318.lab,31,D:\20_AUDIO\03_wav\individual\2021\SDRW2100003760\SDRW2100003760.1.1.318.wav,True,True,
2021,SDRW2100003768,SDRW2100003768.1.1.136,no_textgrid_after_mfa,D:\20_AUDIO\03_wav\individual\2021\SDRW2100003768\SDRW2100003768.1.1.136.lab,105,D:\20_AUDIO\03_wav\individual\2021\SDRW2100003768\SDRW2100003768.1.1.136.wav,True,True,
2021,SDRW2100003790,SDRW2100003790.1.1.206,no_textgrid_after_mfa,D:\20_AUDIO\03_wav\individual\2021\SDRW2100003790\SDRW2100003790.1.1.206.lab,96,D:\20_AUDIO\03_wav\individual\2021\SDRW2100003790\SDRW2100003790.1.1.206.wav,True,True,
2021,SDRW2100003806,SDRW2100003806.1.1.239,no_textgrid_after_mfa,D:\20_AUDIO\03_wav\individual\2021\SDRW2100003806\SDRW2100003806.1.1.239.lab,100,D:\20_AUDIO\03_wav\individual\2021\SDRW2100003806\SDRW2100003806.1.1.239.wav,True,True,
2021,SDRW2100003815,SDRW2100003815.1.1.311,no_textgrid_after_mfa,D:\20_AUDIO\03_wav\individual\2021\SDRW2100003815\SDRW2100003815.1.1.311.lab,79,D:\20_AUDIO\03_wav\individual\2021\SDRW2100003815\SDRW2100003815.1.1.311.wav,True,True,
2021,SDRW2100003828,SDRW2100003828.1.1.240,no_textgrid_after_mfa,D:\20_AUDIO\03_wav\individual\2021\SDRW2100003828\SDRW2100003828.1.1.240.lab,55,D:\20_AUDIO\03_wav\individual\2021\SDRW2100003828\SDRW2100003828.1.1.240.wav,True,False,exclude_source_audio_unusable
2021,SDRW2100003831,SDRW2100003831.1.1.60,no_textgrid_after_mfa,D:\20_AUDIO\03_wav\individual\2021\SDRW2100003831\SDRW2100003831.1.1.60.lab,56,D:\20_AUDIO\03_wav\individual\2021\SDRW2100003831\SDRW2100003831.1.1.60.wav,True,True,
2021,SDRW2100003849,SDRW2100003849.1.1.446,no_textgrid_after_mfa,D:\20_AUDIO\03_wav\individual\2021\SDRW2100003849\SDRW2100003849.1.1.446.lab,25,D:\20_AUDIO\03_wav\individual\2021\SDRW2100003849\SDRW2100003849.1.1.446.wav,True,True,
2021,SDRW2100003858,SDRW2100003858.1.1.109,no_textgrid_after_mfa,D:\20_AUDIO\03_wav\individual\2021\SDRW2100003858\SDRW2100003858.1.1.109.lab,98,D:\20_AUDIO\03_wav\individual\2021\SDRW2100003858\SDRW2100003858.1.1.109.wav,True,True,
2021,SDRW2100003858,SDRW2100003858.1.1.198,no_textgrid_after_mfa,D:\20_AUDIO\03_wav\individual\2021\SDRW2100003858\SDRW2100003858.1.1.198.lab,33,D:\20_AUDIO\03_wav\individual\2021\SDRW2100003858\SDRW2100003858.1.1.198.wav,True,True,
2021,SDRW2100003861,SDRW2100003861.1.1.30,no_textgrid_after_mfa,D:\20_AUDIO\03_wav\individual\2021\SDRW2100003861\SDRW2100003861.1.1.30.lab,137,D:\20_AUDIO\03_wav\individual\2021\SDRW2100003861\SDRW2100003861.1.1.30.wav,True,True,
2021,SDRW2100003862,SDRW2100003862.1.1.288,no_textgrid_after_mfa,D:\20_AUDIO\03_wav\individual\2021\SDRW2100003862\SDRW2100003862.1.1.288.lab,40,D:\20_AUDIO\03_wav\individual\2021\SDRW2100003862\SDRW2100003862.1.1.288.wav,True,True,
2021,SDRW2100003870,SDRW2100003870.1.1.254,no_textgrid_after_mfa,D:\20_AUDIO\03_wav\individual\2021\SDRW2100003870\SDRW2100003870.1.1.254.lab,82,D:\20_AUDIO\03_wav\individual\2021\SDRW2100003870\SDRW2100003870.1.1.254.wav,True,True,
2021,SDRW2100003933,SDRW2100003933.1.1.278,no_textgrid_after_mfa,D:\20_AUDIO\03_wav\individual\2021\SDRW2100003933\SDRW2100003933.1.1.278.lab,112,D:\20_AUDIO\03_wav\individual\2021\SDRW2100003933\SDRW2100003933.1.1.278.wav,True,True,
2021,SDRW2100003949,SDRW2100003949.1.1.131,no_textgrid_after_mfa,D:\20_AUDIO\03_wav\individual\2021\SDRW2100003949\SDRW2100003949.1.1.131.lab,57,D:\20_AUDIO\03_wav\individual\2021\SDRW2100003949\SDRW2100003949.1.1.131.wav,True,True,
2021,SDRW2100003976,SDRW2100003976.1.1.311,no_textgrid_after_mfa,D:\20_AUDIO\03_wav\individual\2021\SDRW2100003976\SDRW2100003976.1.1.311.lab,37,D:\20_AUDIO\03_wav\individual\2021\SDRW2100003976\SDRW2100003976.1.1.311.wav,True,True,
2021,SDRW2100003988,SDRW2100003988.1.1.174,no_textgrid_after_mfa,D:\20_AUDIO\03_wav\individual\2021\SDRW2100003988\SDRW2100003988.1.1.174.lab,34,D:\20_AUDIO\03_wav\individual\2021\SDRW2100003988\SDRW2100003988.1.1.174.wav,True,False,exclude_source_audio_unusable
2021,SDRW2100003988,SDRW2100003988.1.1.327,no_textgrid_after_mfa,D:\20_AUDIO\03_wav\individual\2021\SDRW2100003988\SDRW2100003988.1.1.327.lab,9,D:\20_AUDIO\03_wav\individual\2021\SDRW2100003988\SDRW2100003988.1.1.327.wav,True,False,exclude_source_audio_unusable
2021,SDRW2100004025,SDRW2100004025.1.1.14,no_textgrid_after_mfa,D:\20_AUDIO\03_wav\individual\2021\SDRW2100004025\SDRW2100004025.1.1.14.lab,65,D:\20_AUDIO\03_wav\individual\2021\SDRW2100004025\SDRW2100004025.1.1.14.wav,True,True,
2021,SDRW2100004026,SDRW2100004026.1.1.121,no_textgrid_after_mfa,D:\20_AUDIO\03_wav\individual\2021\SDRW2100004026\SDRW2100004026.1.1.121.lab,74,D:\20_AUDIO\03_wav\individual\2021\SDRW2100004026\SDRW2100004026.1.1.121.wav,True,True,
2021,SDRW2100004026,SDRW2100004026.1.1.241,no_textgrid_after_mfa,D:\20_AUDIO\03_wav\individual\2021\SDRW2100004026\SDRW2100004026.1.1.241.lab,87,D:\20_AUDIO\03_wav\individual\2021\SDRW2100004026\SDRW2100004026.1.1.241.wav,True,True,
2021,SDRW2100004041,SDRW2100004041.1.1.30,no_textgrid_after_mfa,D:\20_AUDIO\03_wav\individual\2021\SDRW2100004041\SDRW2100004041.1.1.30.lab,55,D:\20_AUDIO\03_wav\individual\2021\SDRW2100004041\SDRW2100004041.1.1.30.wav,True,True,
2021,SDRW2100004049,SDRW2100004049.1.1.114,no_textgrid_after_mfa,D:\20_AUDIO\03_wav\individual\2021\SDRW2100004049\SDRW2100004049.1.1.114.lab,68,D:\20_AUDIO\03_wav\individual\2021\SDRW2100004049\SDRW2100004049.1.1.114.wav,True,True,
2021,SDRW2100004057,SDRW2100004057.1.1.110,no_textgrid_after_mfa,D:\20_AUDIO\03_wav\individual\2021\SDRW2100004057\SDRW2100004057.1.1.110.lab,39,D:\20_AUDIO\03_wav\individual\2021\SDRW2100004057\SDRW2100004057.1.1.110.wav,True,True,
2021,SDRW2100004057,SDRW2100004057.1.1.111,no_textgrid_after_mfa,D:\20_AUDIO\03_wav\individual\2021\SDRW2100004057\SDRW2100004057.1.1.111.lab,39,D:\20_AUDIO\03_wav\individual\2021\SDRW2100004057\SDRW2100004057.1.1.111.wav,True,True,
2021,SDRW2100004057,SDRW2100004057.1.1.328,no_textgrid_after_mfa,D:\20_AUDIO\03_wav\individual\2021\SDRW2100004057\SDRW2100004057.1.1.328.lab,56,D:\20_AUDIO\03_wav\individual\2021\SDRW2100004057\SDRW2100004057.1.1.328.wav,True,True,
2021,SDRW2100004059,SDRW2100004059.1.1.203,no_textgrid_after_mfa,D:\20_AUDIO\03_wav\individual\2021\SDRW2100004059\SDRW2100004059.1.1.203.lab,100,D:\20_AUDIO\03_wav\individual\2021\SDRW2100004059\SDRW2100004059.1.1.203.wav,True,True,
2021,SDRW2100004060,SDRW2100004060.1.1.336,no_textgrid_after_mfa,D:\20_AUDIO\03_wav\individual\2021\SDRW2100004060\SDRW2100004060.1.1.336.lab,79,D:\20_AUDIO\03_wav\individual\2021\SDRW2100004060\SDRW2100004060.1.1.336.wav,True,True,
2021,SDRW2100004067,SDRW2100004067.1.1.328,no_textgrid_after_mfa,D:\20_AUDIO\03_wav\individual\2021\SDRW2100004067\SDRW2100004067.1.1.328.lab,81,D:\20_AUDIO\03_wav\individual\2021\SDRW2100004067\SDRW2100004067.1.1.328.wav,True,True,
2021,SDRW2100004075,SDRW2100004075.1.1.95,no_textgrid_after_mfa,D:\20_AUDIO\03_wav\individual\2021\SDRW2100004075\SDRW2100004075.1.1.95.lab,152,D:\20_AUDIO\03_wav\individual\2021\SDRW2100004075\SDRW2100004075.1.1.95.wav,True,True,
2021,SDRW2100004079,SDRW2100004079.1.1.141,no_textgrid_after_mfa,D:\20_AUDIO\03_wav\individual\2021\SDRW2100004079\SDRW2100004079.1.1.141.lab,68,D:\20_AUDIO\03_wav\individual\2021\SDRW2100004079\SDRW2100004079.1.1.141.wav,True,True,
2021,SDRW2100004079,SDRW2100004079.1.1.189,no_textgrid_after_mfa,D:\20_AUDIO\03_wav\individual\2021\SDRW2100004079\SDRW2100004079.1.1.189.lab,65,D:\20_AUDIO\03_wav\individual\2021\SDRW2100004079\SDRW2100004079.1.1.189.wav,True,True,
2021,SDRW2100004092,SDRW2100004092.1.1.176,no_textgrid_after_mfa,D:\20_AUDIO\03_wav\individual\2021\SDRW2100004092\SDRW2100004092.1.1.176.lab,76,D:\20_AUDIO\03_wav\individual\2021\SDRW2100004092\SDRW2100004092.1.1.176.wav,True,True,
2021,SDRW2100004093,SDRW2100004093.1.1.127,no_textgrid_after_mfa,D:\20_AUDIO\03_wav\individual\2021\SDRW2100004093\SDRW2100004093.1.1.127.lab,69,D:\20_AUDIO\03_wav\individual\2021\SDRW2100004093\SDRW2100004093.1.1.127.wav,True,True,
2021,SDRW2100004094,SDRW2100004094.1.1.239,no_textgrid_after_mfa,D:\20_AUDIO\03_wav\individual\2021\SDRW2100004094\SDRW2100004094.1.1.239.lab,58,D:\20_AUDIO\03_wav\individual\2021\SDRW2100004094\SDRW2100004094.1.1.239.wav,True,True,
2021,SDRW2100004097,SDRW2100004097.1.1.32,no_textgrid_after_mfa,D:\20_AUDIO\03_wav\individual\2021\SDRW2100004097\SDRW2100004097.1.1.32.lab,83,D:\20_AUDIO\03_wav\individual\2021\SDRW2100004097\SDRW2100004097.1.1.32.wav,True,True,
2021,SDRW2100004125,SDRW2100004125.1.1.178,no_textgrid_after_mfa,D:\20_AUDIO\03_wav\individual\2021\SDRW2100004125\SDRW2100004125.1.1.178.lab,48,D:\20_AUDIO\03_wav\individual\2021\SDRW2100004125\SDRW2100004125.1.1.178.wav,True,True,
2021,SDRW2100004133,SDRW2100004133.1.1.149,no_textgrid_after_mfa,D:\20_AUDIO\03_wav\individual\2021\SDRW2100004133\SDRW2100004133.1.1.149.lab,76,D:\20_AUDIO\03_wav\individual\2021\SDRW2100004133\SDRW2100004133.1.1.149.wav,True,True,
2021,SDRW2100004133,SDRW2100004133.1.1.151,no_textgrid_after_mfa,D:\20_AUDIO\03_wav\individual\2021\SDRW2100004133\SDRW2100004133.1.1.151.lab,61,D:\20_AUDIO\03_wav\individual\2021\SDRW2100004133\SDRW2100004133.1.1.151.wav,True,True,
2021,SDRW2100004133,SDRW2100004133.1.1.152,no_textgrid_after_mfa,D:\20_AUDIO\03_wav\individual\2021\SDRW2100004133\SDRW2100004133.1.1.152.lab,68,D:\20_AUDIO\03_wav\individual\2021\SDRW2100004133\SDRW2100004133.1.1.152.wav,True,True,
2021,SDRW2100004134,SDRW2100004134.1.1.194,no_textgrid_after_mfa,D:\20_AUDIO\03_wav\individual\2021\SDRW2100004134\SDRW2100004134.1.1.194.lab,46,D:\20_AUDIO\03_wav\individual\2021\SDRW2100004134\SDRW2100004134.1.1.194.wav,True,True,
2021,SDRW2100004134,SDRW2100004134.1.1.237,no_textgrid_after_mfa,D:\20_AUDIO\03_wav\individual\2021\SDRW2100004134\SDRW2100004134.1.1.237.lab,20,D:\20_AUDIO\03_wav\individual\2021\SDRW2100004134\SDRW2100004134.1.1.237.wav,True,True,
2021,SDRW2100004135,SDRW2100004135.1.1.107,no_textgrid_after_mfa,D:\20_AUDIO\03_wav\individual\2021\SDRW2100004135\SDRW2100004135.1.1.107.lab,44,D:\20_AUDIO\03_wav\individual\2021\SDRW2100004135\SDRW2100004135.1.1.107.wav,True,True,
2021,SDRW2100004135,SDRW2100004135.1.1.145,no_textgrid_after_mfa,D:\20_AUDIO\03_wav\individual\2021\SDRW2100004135\SDRW2100004135.1.1.145.lab,82,D:\20_AUDIO\03_wav\individual\2021\SDRW2100004135\SDRW2100004135.1.1.145.wav,True,True,
2021,SDRW2100004135,SDRW2100004135.1.1.176,no_textgrid_after_mfa,D:\20_AUDIO\03_wav\individual\2021\SDRW2100004135\SDRW2100004135.1.1.176.lab,23,D:\20_AUDIO\03_wav\individual\2021\SDRW2100004135\SDRW2100004135.1.1.176.wav,True,True,
2021,SDRW2100004135,SDRW2100004135.1.1.263,no_textgrid_after_mfa,D:\20_AUDIO\03_wav\individual\2021\SDRW2100004135\SDRW2100004135.1.1.263.lab,79,D:\20_AUDIO\03_wav\individual\2021\SDRW2100004135\SDRW2100004135.1.1.263.wav,True,True,
2021,SDRW2100004135,SDRW2100004135.1.1.283,no_textgrid_after_mfa,D:\20_AUDIO\03_wav\individual\2021\SDRW2100004135\SDRW2100004135.1.1.283.lab,60,D:\20_AUDIO\03_wav\individual\2021\SDRW2100004135\SDRW2100004135.1.1.283.wav,True,False,exclude_source_audio_unusable
2021,SDRW2100004135,SDRW2100004135.1.1.37,no_textgrid_after_mfa,D:\20_AUDIO\03_wav\individual\2021\SDRW2100004135\SDRW2100004135.1.1.37.lab,44,D:\20_AUDIO\03_wav\individual\2021\SDRW2100004135\SDRW2100004135.1.1.37.wav,True,True,
2021,SDRW2100004136,SDRW2100004136.1.1.226,no_textgrid_after_mfa,D:\20_AUDIO\03_wav\individual\2021\SDRW2100004136\SDRW2100004136.1.1.226.lab,69,D:\20_AUDIO\03_wav\individual\2021\SDRW2100004136\SDRW2100004136.1.1.226.wav,True,True,
2021,SDRW2100004136,SDRW2100004136.1.1.344,no_textgrid_after_mfa,D:\20_AUDIO\03_wav\individual\2021\SDRW2100004136\SDRW2100004136.1.1.344.lab,57,D:\20_AUDIO\03_wav\individual\2021\SDRW2100004136\SDRW2100004136.1.1.344.wav,True,True,
2021,SDRW2100004138,SDRW2100004138.1.1.229,no_textgrid_after_mfa,D:\20_AUDIO\03_wav\individual\2021\SDRW2100004138\SDRW2100004138.1.1.229.lab,49,D:\20_AUDIO\03_wav\individual\2021\SDRW2100004138\SDRW2100004138.1.1.229.wav,True,True,
2021,SDRW2100004139,SDRW2100004139.1.1.179,no_textgrid_after_mfa,D:\20_AUDIO\03_wav\individual\2021\SDRW2100004139\SDRW2100004139.1.1.179.lab,47,D:\20_AUDIO\03_wav\individual\2021\SDRW2100004139\SDRW2100004139.1.1.179.wav,True,True,
2021,SDRW2100004139,SDRW2100004139.1.1.192,no_textgrid_after_mfa,D:\20_AUDIO\03_wav\individual\2021\SDRW2100004139\SDRW2100004139.1.1.192.lab,33,D:\20_AUDIO\03_wav\individual\2021\SDRW2100004139\SDRW2100004139.1.1.192.wav,True,True,
2021,SDRW2100004139,SDRW2100004139.1.1.256,no_textgrid_after_mfa,D:\20_AUDIO\03_wav\individual\2021\SDRW2100004139\SDRW2100004139.1.1.256.lab,47,D:\20_AUDIO\03_wav\individual\2021\SDRW2100004139\SDRW2100004139.1.1.256.wav,True,True,
2021,SDRW2100004140,SDRW2100004140.1.1.124,no_textgrid_after_mfa,D:\20_AUDIO\03_wav\individual\2021\SDRW2100004140\SDRW2100004140.1.1.124.lab,34,D:\20_AUDIO\03_wav\individual\2021\SDRW2100004140\SDRW2100004140.1.1.124.wav,True,True,
2021,SDRW2100004140,SDRW2100004140.1.1.160,no_textgrid_after_mfa,D:\20_AUDIO\03_wav\individual\2021\SDRW2100004140\SDRW2100004140.1.1.160.lab,56,D:\20_AUDIO\03_wav\individual\2021\SDRW2100004140\SDRW2100004140.1.1.160.wav,True,True,
2021,SDRW2100004140,SDRW2100004140.1.1.208,no_textgrid_after_mfa,D:\20_AUDIO\03_wav\individual\2021\SDRW2100004140\SDRW2100004140.1.1.208.lab,33,D:\20_AUDIO\03_wav\individual\2021\SDRW2100004140\SDRW2100004140.1.1.208.wav,True,True,
2021,SDRW2100004140,SDRW2100004140.1.1.225,no_textgrid_after_mfa,D:\20_AUDIO\03_wav\individual\2021\SDRW2100004140\SDRW2100004140.1.1.225.lab,58,D:\20_AUDIO\03_wav\individual\2021\SDRW2100004140\SDRW2100004140.1.1.225.wav,True,True,
2021,SDRW2100004146,SDRW2100004146.1.1.228,no_textgrid_after_mfa,D:\20_AUDIO\03_wav\individual\2021\SDRW2100004146\SDRW2100004146.1.1.228.lab,18,D:\20_AUDIO\03_wav\individual\2021\SDRW2100004146\SDRW2100004146.1.1.228.wav,True,True,
2021,SDRW2100004178,SDRW2100004178.1.1.210,no_textgrid_after_mfa,D:\20_AUDIO\03_wav\individual\2021\SDRW2100004178\SDRW2100004178.1.1.210.lab,107,D:\20_AUDIO\03_wav\individual\2021\SDRW2100004178\SDRW2100004178.1.1.210.wav,True,True,
2021,SDRW2100004183,SDRW2100004183.1.1.109,no_textgrid_after_mfa,D:\20_AUDIO\03_wav\individual\2021\SDRW2100004183\SDRW2100004183.1.1.109.lab,67,D:\20_AUDIO\03_wav\individual\2021\SDRW2100004183\SDRW2100004183.1.1.109.wav,True,True,
2021,SDRW2100004201,SDRW2100004201.1.1.285,no_textgrid_after_mfa,D:\20_AUDIO\03_wav\individual\2021\SDRW2100004201\SDRW2100004201.1.1.285.lab,40,D:\20_AUDIO\03_wav\individual\2021\SDRW2100004201\SDRW2100004201.1.1.285.wav,True,True,
2021,SDRW2100004201,SDRW2100004201.1.1.287,no_textgrid_after_mfa,D:\20_AUDIO\03_wav\individual\2021\SDRW2100004201\SDRW2100004201.1.1.287.lab,61,D:\20_AUDIO\03_wav\individual\2021\SDRW2100004201\SDRW2100004201.1.1.287.wav,True,True,
2021,SDRW2100004201,SDRW2100004201.1.1.64,no_textgrid_after_mfa,D:\20_AUDIO\03_wav\individual\2021\SDRW2100004201\SDRW2100004201.1.1.64.lab,108,D:\20_AUDIO\03_wav\individual\2021\SDRW2100004201\SDRW2100004201.1.1.64.wav,True,True,
2021,SDRW2100004203,SDRW2100004203.1.1.223,no_textgrid_after_mfa,D:\20_AUDIO\03_wav\individual\2021\SDRW2100004203\SDRW2100004203.1.1.223.lab,96,D:\20_AUDIO\03_wav\individual\2021\SDRW2100004203\SDRW2100004203.1.1.223.wav,True,True,
2021,SDRW2100004203,SDRW2100004203.1.1.292,no_textgrid_after_mfa,D:\20_AUDIO\03_wav\individual\2021\SDRW2100004203\SDRW2100004203.1.1.292.lab,45,D:\20_AUDIO\03_wav\individual\2021\SDRW2100004203\SDRW2100004203.1.1.292.wav,True,True,
2021,SDRW2100004212,SDRW2100004212.1.1.136,no_textgrid_after_mfa,D:\20_AUDIO\03_wav\individual\2021\SDRW2100004212\SDRW2100004212.1.1.136.lab,155,D:\20_AUDIO\03_wav\individual\2021\SDRW2100004212\SDRW2100004212.1.1.136.wav,True,True,
2021,SDRW2100004234,SDRW2100004234.1.1.109,no_textgrid_after_mfa,D:\20_AUDIO\03_wav\individual\2021\SDRW2100004234\SDRW2100004234.1.1.109.lab,40,D:\20_AUDIO\03_wav\individual\2021\SDRW2100004234\SDRW2100004234.1.1.109.wav,True,True,
2021,SDRW2100004234,SDRW2100004234.1.1.114,no_textgrid_after_mfa,D:\20_AUDIO\03_wav\individual\2021\SDRW2100004234\SDRW2100004234.1.1.114.lab,36,D:\20_AUDIO\03_wav\individual\2021\SDRW2100004234\SDRW2100004234.1.1.114.wav,True,True,
2021,SDRW2100004234,SDRW2100004234.1.1.115,no_textgrid_after_mfa,D:\20_AUDIO\03_wav\individual\2021\SDRW2100004234\SDRW2100004234.1.1.115.lab,122,D:\20_AUDIO\03_wav\individual\2021\SDRW2100004234\SDRW2100004234.1.1.115.wav,True,False,exclude_source_audio_unusable
2021,SDRW2100004234,SDRW2100004234.1.1.124,no_textgrid_after_mfa,D:\20_AUDIO\03_wav\individual\2021\SDRW2100004234\SDRW2100004234.1.1.124.lab,103,D:\20_AUDIO\03_wav\individual\2021\SDRW2100004234\SDRW2100004234.1.1.124.wav,True,True,
2021,SDRW2100004234,SDRW2100004234.1.1.127,no_textgrid_after_mfa,D:\20_AUDIO\03_wav\individual\2021\SDRW2100004234\SDRW2100004234.1.1.127.lab,37,D:\20_AUDIO\03_wav\individual\2021\SDRW2100004234\SDRW2100004234.1.1.127.wav,True,True,
2021,SDRW2100004234,SDRW2100004234.1.1.129,no_textgrid_after_mfa,D:\20_AUDIO\03_wav\individual\2021\SDRW2100004234\SDRW2100004234.1.1.129.lab,46,D:\20_AUDIO\03_wav\individual\2021\SDRW2100004234\SDRW2100004234.1.1.129.wav,True,True,
2021,SDRW2100004234,SDRW2100004234.1.1.133,no_textgrid_after_mfa,D:\20_AUDIO\03_wav\individual\2021\SDRW2100004234\SDRW2100004234.1.1.133.lab,53,D:\20_AUDIO\03_wav\individual\2021\SDRW2100004234\SDRW2100004234.1.1.133.wav,True,True,
2021,SDRW2100004234,SDRW2100004234.1.1.134,no_textgrid_after_mfa,D:\20_AUDIO\03_wav\individual\2021\SDRW2100004234\SDRW2100004234.1.1.134.lab,64,D:\20_AUDIO\03_wav\individual\2021\SDRW2100004234\SDRW2100004234.1.1.134.wav,True,False,exclude_source_audio_unusable
2021,SDRW2100004234,SDRW2100004234.1.1.136,no_textgrid_after_mfa,D:\20_AUDIO\03_wav\individual\2021\SDRW2100004234\SDRW2100004234.1.1.136.lab,65,D:\20_AUDIO\03_wav\individual\2021\SDRW2100004234\SDRW2100004234.1.1.136.wav,True,True,
2021,SDRW2100004234,SDRW2100004234.1.1.138,no_textgrid_after_mfa,D:\20_AUDIO\03_wav\individual\2021\SDRW2100004234\SDRW2100004234.1.1.138.lab,53,D:\20_AUDIO\03_wav\individual\2021\SDRW2100004234\SDRW2100004234.1.1.138.wav,True,True,
2021,SDRW2100004234,SDRW2100004234.1.1.141,no_textgrid_after_mfa,D:\20_AUDIO\03_wav\individual\2021\SDRW2100004234\SDRW2100004234.1.1.141.lab,29,D:\20_AUDIO\03_wav\individual\2021\SDRW2100004234\SDRW2100004234.1.1.141.wav,True,True,
2021,SDRW2100004234,SDRW2100004234.1.1.142,no_textgrid_after_mfa,D:\20_AUDIO\03_wav\individual\2021\SDRW2100004234\SDRW2100004234.1.1.142.lab,27,D:\20_AUDIO\03_wav\individual\2021\SDRW2100004234\SDRW2100004234.1.1.142.wav,True,True,
2021,SDRW2100004234,SDRW2100004234.1.1.149,no_textgrid_after_mfa,D:\20_AUDIO\03_wav\individual\2021\SDRW2100004234\SDRW2100004234.1.1.149.lab,20,D:\20_AUDIO\03_wav\individual\2021\SDRW2100004234\SDRW2100004234.1.1.149.wav,True,True,
2021,SDRW2100004234,SDRW2100004234.1.1.150,no_textgrid_after_mfa,D:\20_AUDIO\03_wav\individual\2021\SDRW2100004234\SDRW2100004234.1.1.150.lab,52,D:\20_AUDIO\03_wav\individual\2021\SDRW2100004234\SDRW2100004234.1.1.150.wav,True,False,exclude_source_audio_unusable
2021,SDRW2100004234,SDRW2100004234.1.1.155,no_textgrid_after_mfa,D:\20_AUDIO\03_wav\individual\2021\SDRW2100004234\SDRW2100004234.1.1.155.lab,49,D:\20_AUDIO\03_wav\individual\2021\SDRW2100004234\SDRW2100004234.1.1.155.wav,True,True,
2021,SDRW2100004234,SDRW2100004234.1.1.158,no_textgrid_after_mfa,D:\20_AUDIO\03_wav\individual\2021\SDRW2100004234\SDRW2100004234.1.1.158.lab,53,D:\20_AUDIO\03_wav\individual\2021\SDRW2100004234\SDRW2100004234.1.1.158.wav,True,True,
2021,SDRW2100004234,SDRW2100004234.1.1.159,no_textgrid_after_mfa,D:\20_AUDIO\03_wav\individual\2021\SDRW2100004234\SDRW2100004234.1.1.159.lab,109,D:\20_AUDIO\03_wav\individual\2021\SDRW2100004234\SDRW2100004234.1.1.159.wav,True,False,exclude_source_audio_unusable
2021,SDRW2100004234,SDRW2100004234.1.1.16,no_textgrid_after_mfa,D:\20_AUDIO\03_wav\individual\2021\SDRW2100004234\SDRW2100004234.1.1.16.lab,31,D:\20_AUDIO\03_wav\individual\2021\SDRW2100004234\SDRW2100004234.1.1.16.wav,True,True,
2021,SDRW2100004234,SDRW2100004234.1.1.160,no_textgrid_after_mfa,D:\20_AUDIO\03_wav\individual\2021\SDRW2100004234\SDRW2100004234.1.1.160.lab,39,D:\20_AUDIO\03_wav\individual\2021\SDRW2100004234\SDRW2100004234.1.1.160.wav,True,True,
2021,SDRW2100004234,SDRW2100004234.1.1.161,no_textgrid_after_mfa,D:\20_AUDIO\03_wav\individual\2021\SDRW2100004234\SDRW2100004234.1.1.161.lab,72,D:\20_AUDIO\03_wav\individual\2021\SDRW2100004234\SDRW2100004234.1.1.161.wav,True,True,
2021,SDRW2100004234,SDRW2100004234.1.1.167,no_textgrid_after_mfa,D:\20_AUDIO\03_wav\individual\2021\SDRW2100004234\SDRW2100004234.1.1.167.lab,121,D:\20_AUDIO\03_wav\individual\2021\SDRW2100004234\SDRW2100004234.1.1.167.wav,True,True,
2021,SDRW2100004234,SDRW2100004234.1.1.20,no_textgrid_after_mfa,D:\20_AUDIO\03_wav\individual\2021\SDRW2100004234\SDRW2100004234.1.1.20.lab,36,D:\20_AUDIO\03_wav\individual\2021\SDRW2100004234\SDRW2100004234.1.1.20.wav,True,True,
2021,SDRW2100004234,SDRW2100004234.1.1.23,no_textgrid_after_mfa,D:\20_AUDIO\03_wav\individual\2021\SDRW2100004234\SDRW2100004234.1.1.23.lab,22,D:\20_AUDIO\03_wav\individual\2021\SDRW2100004234\SDRW2100004234.1.1.23.wav,True,True,
2021,SDRW2100004234,SDRW2100004234.1.1.27,no_textgrid_after_mfa,D:\20_AUDIO\03_wav\individual\2021\SDRW2100004234\SDRW2100004234.1.1.27.lab,46,D:\20_AUDIO\03_wav\individual\2021\SDRW2100004234\SDRW2100004234.1.1.27.wav,True,True,
2021,SDRW2100004234,SDRW2100004234.1.1.28,no_textgrid_after_mfa,D:\20_AUDIO\03_wav\individual\2021\SDRW2100004234\SDRW2100004234.1.1.28.lab,36,D:\20_AUDIO\03_wav\individual\2021\SDRW2100004234\SDRW2100004234.1.1.28.wav,True,True,
2021,SDRW2100004234,SDRW2100004234.1.1.31,no_textgrid_after_mfa,D:\20_AUDIO\03_wav\individual\2021\SDRW2100004234\SDRW2100004234.1.1.31.lab,44,D:\20_AUDIO\03_wav\individual\2021\SDRW2100004234\SDRW2100004234.1.1.31.wav,True,True,
2021,SDRW2100004234,SDRW2100004234.1.1.32,no_textgrid_after_mfa,D:\20_AUDIO\03_wav\individual\2021\SDRW2100004234\SDRW2100004234.1.1.32.lab,39,D:\20_AUDIO\03_wav\individual\2021\SDRW2100004234\SDRW2100004234.1.1.32.wav,True,True,
2021,SDRW2100004234,SDRW2100004234.1.1.38,no_textgrid_after_mfa,D:\20_AUDIO\03_wav\individual\2021\SDRW2100004234\SDRW2100004234.1.1.38.lab,33,D:\20_AUDIO\03_wav\individual\2021\SDRW2100004234\SDRW2100004234.1.1.38.wav,True,True,
2021,SDRW2100004234,SDRW2100004234.1.1.4,no_textgrid_after_mfa,D:\20_AUDIO\03_wav\individual\2021\SDRW2100004234\SDRW2100004234.1.1.4.lab,29,D:\20_AUDIO\03_wav\individual\2021\SDRW2100004234\SDRW2100004234.1.1.4.wav,True,True,
2021,SDRW2100004234,SDRW2100004234.1.1.41,no_textgrid_after_mfa,D:\20_AUDIO\03_wav\individual\2021\SDRW2100004234\SDRW2100004234.1.1.41.lab,55,D:\20_AUDIO\03_wav\individual\2021\SDRW2100004234\SDRW2100004234.1.1.41.wav,True,True,
2021,SDRW2100004234,SDRW2100004234.1.1.44,no_textgrid_after_mfa,D:\20_AUDIO\03_wav\individual\2021\SDRW2100004234\SDRW2100004234.1.1.44.lab,40,D:\20_AUDIO\03_wav\individual\2021\SDRW2100004234\SDRW2100004234.1.1.44.wav,True,True,
2021,SDRW2100004234,SDRW2100004234.1.1.49,no_textgrid_after_mfa,D:\20_AUDIO\03_wav\individual\2021\SDRW2100004234\SDRW2100004234.1.1.49.lab,59,D:\20_AUDIO\03_wav\individual\2021\SDRW2100004234\SDRW2100004234.1.1.49.wav,True,True,
2021,SDRW2100004234,SDRW2100004234.1.1.53,no_textgrid_after_mfa,D:\20_AUDIO\03_wav\individual\2021\SDRW2100004234\SDRW2100004234.1.1.53.lab,58,D:\20_AUDIO\03_wav\individual\2021\SDRW2100004234\SDRW2100004234.1.1.53.wav,True,True,
2021,SDRW2100004234,SDRW2100004234.1.1.54,no_textgrid_after_mfa,D:\20_AUDIO\03_wav\individual\2021\SDRW2100004234\SDRW2100004234.1.1.54.lab,61,D:\20_AUDIO\03_wav\individual\2021\SDRW2100004234\SDRW2100004234.1.1.54.wav,True,True,
2021,SDRW2100004234,SDRW2100004234.1.1.55,no_textgrid_after_mfa,D:\20_AUDIO\03_wav\individual\2021\SDRW2100004234\SDRW2100004234.1.1.55.lab,57,D:\20_AUDIO\03_wav\individual\2021\SDRW2100004234\SDRW2100004234.1.1.55.wav,True,True,
2021,SDRW2100004234,SDRW2100004234.1.1.57,no_textgrid_after_mfa,D:\20_AUDIO\03_wav\individual\2021\SDRW2100004234\SDRW2100004234.1.1.57.lab,64,D:\20_AUDIO\03_wav\individual\2021\SDRW2100004234\SDRW2100004234.1.1.57.wav,True,True,
2021,SDRW2100004234,SDRW2100004234.1.1.58,no_textgrid_after_mfa,D:\20_AUDIO\03_wav\individual\2021\SDRW2100004234\SDRW2100004234.1.1.58.lab,68,D:\20_AUDIO\03_wav\individual\2021\SDRW2100004234\SDRW2100004234.1.1.58.wav,True,True,
2021,SDRW2100004234,SDRW2100004234.1.1.6,no_textgrid_after_mfa,D:\20_AUDIO\03_wav\individual\2021\SDRW2100004234\SDRW2100004234.1.1.6.lab,85,D:\20_AUDIO\03_wav\individual\2021\SDRW2100004234\SDRW2100004234.1.1.6.wav,True,True,
2021,SDRW2100004234,SDRW2100004234.1.1.60,no_textgrid_after_mfa,D:\20_AUDIO\03_wav\individual\2021\SDRW2100004234\SDRW2100004234.1.1.60.lab,54,D:\20_AUDIO\03_wav\individual\2021\SDRW2100004234\SDRW2100004234.1.1.60.wav,True,True,
2021,SDRW2100004234,SDRW2100004234.1.1.61,no_textgrid_after_mfa,D:\20_AUDIO\03_wav\individual\2021\SDRW2100004234\SDRW2100004234.1.1.61.lab,75,D:\20_AUDIO\03_wav\individual\2021\SDRW2100004234\SDRW2100004234.1.1.61.wav,True,True,
2021,SDRW2100004234,SDRW2100004234.1.1.69,no_textgrid_after_mfa,D:\20_AUDIO\03_wav\individual\2021\SDRW2100004234\SDRW2100004234.1.1.69.lab,50,D:\20_AUDIO\03_wav\individual\2021\SDRW2100004234\SDRW2100004234.1.1.69.wav,True,True,
2021,SDRW2100004234,SDRW2100004234.1.1.7,no_textgrid_after_mfa,D:\20_AUDIO\03_wav\individual\2021\SDRW2100004234\SDRW2100004234.1.1.7.lab,29,D:\20_AUDIO\03_wav\individual\2021\SDRW2100004234\SDRW2100004234.1.1.7.wav,True,True,
2021,SDRW2100004234,SDRW2100004234.1.1.72,no_textgrid_after_mfa,D:\20_AUDIO\03_wav\individual\2021\SDRW2100004234\SDRW2100004234.1.1.72.lab,98,D:\20_AUDIO\03_wav\individual\2021\SDRW2100004234\SDRW2100004234.1.1.72.wav,True,False,exclude_source_audio_unusable
2021,SDRW2100004234,SDRW2100004234.1.1.81,no_textgrid_after_mfa,D:\20_AUDIO\03_wav\individual\2021\SDRW2100004234\SDRW2100004234.1.1.81.lab,97,D:\20_AUDIO\03_wav\individual\2021\SDRW2100004234\SDRW2100004234.1.1.81.wav,True,False,exclude_source_audio_unusable
2021,SDRW2100004234,SDRW2100004234.1.1.84,no_textgrid_after_mfa,D:\20_AUDIO\03_wav\individual\2021\SDRW2100004234\SDRW2100004234.1.1.84.lab,66,D:\20_AUDIO\03_wav\individual\2021\SDRW2100004234\SDRW2100004234.1.1.84.wav,True,True,
2021,SDRW2100004234,SDRW2100004234.1.1.85,no_textgrid_after_mfa,D:\20_AUDIO\03_wav\individual\2021\SDRW2100004234\SDRW2100004234.1.1.85.lab,91,D:\20_AUDIO\03_wav\individual\2021\SDRW2100004234\SDRW2100004234.1.1.85.wav,True,True,
2021,SDRW2100004234,SDRW2100004234.1.1.87,no_textgrid_after_mfa,D:\20_AUDIO\03_wav\individual\2021\SDRW2100004234\SDRW2100004234.1.1.87.lab,33,D:\20_AUDIO\03_wav\individual\2021\SDRW2100004234\SDRW2100004234.1.1.87.wav,True,True,
2021,SDRW2100004234,SDRW2100004234.1.1.88,no_textgrid_after_mfa,D:\20_AUDIO\03_wav\individual\2021\SDRW2100004234\SDRW2100004234.1.1.88.lab,57,D:\20_AUDIO\03_wav\individual\2021\SDRW2100004234\SDRW2100004234.1.1.88.wav,True,True,
2021,SDRW2100004234,SDRW2100004234.1.1.89,no_textgrid_after_mfa,D:\20_AUDIO\03_wav\individual\2021\SDRW2100004234\SDRW2100004234.1.1.89.lab,104,D:\20_AUDIO\03_wav\individual\2021\SDRW2100004234\SDRW2100004234.1.1.89.wav,True,False,exclude_source_audio_unusable
2021,SDRW2100004234,SDRW2100004234.1.1.90,no_textgrid_after_mfa,D:\20_AUDIO\03_wav\individual\2021\SDRW2100004234\SDRW2100004234.1.1.90.lab,29,D:\20_AUDIO\03_wav\individual\2021\SDRW2100004234\SDRW2100004234.1.1.90.wav,True,True,
2021,SDRW2100004234,SDRW2100004234.1.1.91,no_textgrid_after_mfa,D:\20_AUDIO\03_wav\individual\2021\SDRW2100004234\SDRW2100004234.1.1.91.lab,130,D:\20_AUDIO\03_wav\individual\2021\SDRW2100004234\SDRW2100004234.1.1.91.wav,True,True,
2021,SDRW2100004234,SDRW2100004234.1.1.93,no_textgrid_after_mfa,D:\20_AUDIO\03_wav\individual\2021\SDRW2100004234\SDRW2100004234.1.1.93.lab,91,D:\20_AUDIO\03_wav\individual\2021\SDRW2100004234\SDRW2100004234.1.1.93.wav,True,True,
2021,SDRW2100004234,SDRW2100004234.1.1.94,no_textgrid_after_mfa,D:\20_AUDIO\03_wav\individual\2021\SDRW2100004234\SDRW2100004234.1.1.94.lab,142,D:\20_AUDIO\03_wav\individual\2021\SDRW2100004234\SDRW2100004234.1.1.94.wav,True,False,exclude_source_audio_unusable
2021,SDRW2100004234,SDRW2100004234.1.1.95,no_textgrid_after_mfa,D:\20_AUDIO\03_wav\individual\2021\SDRW2100004234\SDRW2100004234.1.1.95.lab,94,D:\20_AUDIO\03_wav\individual\2021\SDRW2100004234\SDRW2100004234.1.1.95.wav,True,False,exclude_source_audio_unusable
2021,SDRW2100004234,SDRW2100004234.1.1.98,no_textgrid_after_mfa,D:\20_AUDIO\03_wav\individual\2021\SDRW2100004234\SDRW2100004234.1.1.98.lab,97,D:\20_AUDIO\03_wav\individual\2021\SDRW2100004234\SDRW2100004234.1.1.98.wav,True,True,
2021,SDRW2100004262,SDRW2100004262.1.1.256,no_textgrid_after_mfa,D:\20_AUDIO\03_wav\individual\2021\SDRW2100004262\SDRW2100004262.1.1.256.lab,156,D:\20_AUDIO\03_wav\individual\2021\SDRW2100004262\SDRW2100004262.1.1.256.wav,True,True,
2021,SDRW2100004262,SDRW2100004262.1.1.258,no_textgrid_after_mfa,D:\20_AUDIO\03_wav\individual\2021\SDRW2100004262\SDRW2100004262.1.1.258.lab,156,D:\20_AUDIO\03_wav\individual\2021\SDRW2100004262\SDRW2100004262.1.1.258.wav,True,True,
2021,SDRW2100004263,SDRW2100004263.1.1.411,no_textgrid_after_mfa,D:\20_AUDIO\03_wav\individual\2021\SDRW2100004263\SDRW2100004263.1.1.411.lab,57,D:\20_AUDIO\03_wav\individual\2021\SDRW2100004263\SDRW2100004263.1.1.411.wav,True,True,
2021,SDRW2100004264,SDRW2100004264.1.1.116,no_textgrid_after_mfa,D:\20_AUDIO\03_wav\individual\2021\SDRW2100004264\SDRW2100004264.1.1.116.lab,208,D:\20_AUDIO\03_wav\individual\2021\SDRW2100004264\SDRW2100004264.1.1.116.wav,True,True,
2021,SDRW2100004264,SDRW2100004264.1.1.117,no_textgrid_after_mfa,D:\20_AUDIO\03_wav\individual\2021\SDRW2100004264\SDRW2100004264.1.1.117.lab,208,D:\20_AUDIO\03_wav\individual\2021\SDRW2100004264\SDRW2100004264.1.1.117.wav,True,True,
2021,SDRW2100004264,SDRW2100004264.1.1.242,no_textgrid_after_mfa,D:\20_AUDIO\03_wav\individual\2021\SDRW2100004264\SDRW2100004264.1.1.242.lab,36,D:\20_AUDIO\03_wav\individual\2021\SDRW2100004264\SDRW2100004264.1.1.242.wav,True,False,exclude_source_audio_unusable
2021,SDRW2100004264,SDRW2100004264.1.1.243,no_textgrid_after_mfa,D:\20_AUDIO\03_wav\individual\2021\SDRW2100004264\SDRW2100004264.1.1.243.lab,84,D:\20_AUDIO\03_wav\individual\2021\SDRW2100004264\SDRW2100004264.1.1.243.wav,True,True,
2021,SDRW2100004264,SDRW2100004264.1.1.246,no_textgrid_after_mfa,D:\20_AUDIO\03_wav\individual\2021\SDRW2100004264\SDRW2100004264.1.1.246.lab,169,D:\20_AUDIO\03_wav\individual\2021\SDRW2100004264\SDRW2100004264.1.1.246.wav,True,False,exclude_source_audio_unusable
2021,SDRW2100004264,SDRW2100004264.1.1.286,no_textgrid_after_mfa,D:\20_AUDIO\03_wav\individual\2021\SDRW2100004264\SDRW2100004264.1.1.286.lab,30,D:\20_AUDIO\03_wav\individual\2021\SDRW2100004264\SDRW2100004264.1.1.286.wav,True,False,exclude_source_audio_unusable
2021,SDRW2100004264,SDRW2100004264.1.1.287,no_textgrid_after_mfa,D:\20_AUDIO\03_wav\individual\2021\SDRW2100004264\SDRW2100004264.1.1.287.lab,70,D:\20_AUDIO\03_wav\individual\2021\SDRW2100004264\SDRW2100004264.1.1.287.wav,True,True,
2021,SDRW2100004264,SDRW2100004264.1.1.35,no_textgrid_after_mfa,D:\20_AUDIO\03_wav\individual\2021\SDRW2100004264\SDRW2100004264.1.1.35.lab,183,D:\20_AUDIO\03_wav\individual\2021\SDRW2100004264\SDRW2100004264.1.1.35.wav,True,True,
2021,SDRW2100004264,SDRW2100004264.1.1.36,no_textgrid_after_mfa,D:\20_AUDIO\03_wav\individual\2021\SDRW2100004264\SDRW2100004264.1.1.36.lab,183,D:\20_AUDIO\03_wav\individual\2021\SDRW2100004264\SDRW2100004264.1.1.36.wav,True,True,
2021,SDRW2100004264,SDRW2100004264.1.1.371,no_textgrid_after_mfa,D:\20_AUDIO\03_wav\individual\2021\SDRW2100004264\SDRW2100004264.1.1.371.lab,3,D:\20_AUDIO\03_wav\individual\2021\SDRW2100004264\SDRW2100004264.1.1.371.wav,True,False,exclude_source_audio_unusable
2021,SDRW2100004265,SDRW2100004265.1.1.151,no_textgrid_after_mfa,D:\20_AUDIO\03_wav\individual\2021\SDRW2100004265\SDRW2100004265.1.1.151.lab,120,D:\20_AUDIO\03_wav\individual\2021\SDRW2100004265\SDRW2100004265.1.1.151.wav,True,True,
2021,SDRW2100004265,SDRW2100004265.1.1.152,no_textgrid_after_mfa,D:\20_AUDIO\03_wav\individual\2021\SDRW2100004265\SDRW2100004265.1.1.152.lab,120,D:\20_AUDIO\03_wav\individual\2021\SDRW2100004265\SDRW2100004265.1.1.152.wav,True,True,
2021,SDRW2100004266,SDRW2100004266.1.1.48,no_textgrid_after_mfa,D:\20_AUDIO\03_wav\individual\2021\SDRW2100004266\SDRW2100004266.1.1.48.lab,79,D:\20_AUDIO\03_wav\individual\2021\SDRW2100004266\SDRW2100004266.1.1.48.wav,True,True,
2021,SDRW2100004266,SDRW2100004266.1.1.50,no_textgrid_after_mfa,D:\20_AUDIO\03_wav\individual\2021\SDRW2100004266\SDRW2100004266.1.1.50.lab,79,D:\20_AUDIO\03_wav\individual\2021\SDRW2100004266\SDRW2100004266.1.1.50.wav,True,True,
2021,SDRW2100004266,SDRW2100004266.1.1.57,no_textgrid_after_mfa,D:\20_AUDIO\03_wav\individual\2021\SDRW2100004266\SDRW2100004266.1.1.57.lab,125,D:\20_AUDIO\03_wav\individual\2021\SDRW2100004266\SDRW2100004266.1.1.57.wav,True,True,
2021,SDRW2100004266,SDRW2100004266.1.1.58,no_textgrid_after_mfa,D:\20_AUDIO\03_wav\individual\2021\SDRW2100004266\SDRW2100004266.1.1.58.lab,125,D:\20_AUDIO\03_wav\individual\2021\SDRW2100004266\SDRW2100004266.1.1.58.wav,True,True,
2021,SDRW2100004272,SDRW2100004272.1.1.267,no_textgrid_after_mfa,D:\20_AUDIO\03_wav\individual\2021\SDRW2100004272\SDRW2100004272.1.1.267.lab,90,D:\20_AUDIO\03_wav\individual\2021\SDRW2100004272\SDRW2100004272.1.1.267.wav,True,True,
2021,SDRW2100004272,SDRW2100004272.1.1.270,no_textgrid_after_mfa,D:\20_AUDIO\03_wav\individual\2021\SDRW2100004272\SDRW2100004272.1.1.270.lab,77,D:\20_AUDIO\03_wav\individual\2021\SDRW2100004272\SDRW2100004272.1.1.270.wav,True,False,exclude_source_audio_unusable
2021,SDRW2100004279,SDRW2100004279.1.1.100,no_textgrid_after_mfa,D:\20_AUDIO\03_wav\individual\2021\SDRW2100004279\SDRW2100004279.1.1.100.lab,85,D:\20_AUDIO\03_wav\individual\2021\SDRW2100004279\SDRW2100004279.1.1.100.wav,True,True,
2021,SDRW2100004279,SDRW2100004279.1.1.102,no_textgrid_after_mfa,D:\20_AUDIO\03_wav\individual\2021\SDRW2100004279\SDRW2100004279.1.1.102.lab,85,D:\20_AUDIO\03_wav\individual\2021\SDRW2100004279\SDRW2100004279.1.1.102.wav,True,True,
2021,SDRW2100004285,SDRW2100004285.1.1.123,no_textgrid_after_mfa,D:\20_AUDIO\03_wav\individual\2021\SDRW2100004285\SDRW2100004285.1.1.123.lab,70,D:\20_AUDIO\03_wav\individual\2021\SDRW2100004285\SDRW2100004285.1.1.123.wav,True,True,
2021,SDRW2100004285,SDRW2100004285.1.1.45,no_textgrid_after_mfa,D:\20_AUDIO\03_wav\individual\2021\SDRW2100004285\SDRW2100004285.1.1.45.lab,51,D:\20_AUDIO\03_wav\individual\2021\SDRW2100004285\SDRW2100004285.1.1.45.wav,True,True,
2021,SDRW2100004315,SDRW2100004315.1.1.241,no_textgrid_after_mfa,D:\20_AUDIO\03_wav\individual\2021\SDRW2100004315\SDRW2100004315.1.1.241.lab,93,D:\20_AUDIO\03_wav\individual\2021\SDRW2100004315\SDRW2100004315.1.1.241.wav,True,True,
2021,SDRW2100004315,SDRW2100004315.1.1.305,no_textgrid_after_mfa,D:\20_AUDIO\03_wav\individual\2021\SDRW2100004315\SDRW2100004315.1.1.305.lab,74,D:\20_AUDIO\03_wav\individual\2021\SDRW2100004315\SDRW2100004315.1.1.305.wav,True,True,
2021,SDRW2100004315,SDRW2100004315.1.1.343,no_textgrid_after_mfa,D:\20_AUDIO\03_wav\individual\2021\SDRW2100004315\SDRW2100004315.1.1.343.lab,84,D:\20_AUDIO\03_wav\individual\2021\SDRW2100004315\SDRW2100004315.1.1.343.wav,True,True,
2021,SDRW2100004325,SDRW2100004325.1.1.327,no_textgrid_after_mfa,D:\20_AUDIO\03_wav\individual\2021\SDRW2100004325\SDRW2100004325.1.1.327.lab,33,D:\20_AUDIO\03_wav\individual\2021\SDRW2100004325\SDRW2100004325.1.1.327.wav,True,False,exclude_source_audio_unusable
2021,SDRW2100004326,SDRW2100004326.1.1.358,no_textgrid_after_mfa,D:\20_AUDIO\03_wav\individual\2021\SDRW2100004326\SDRW2100004326.1.1.358.lab,47,D:\20_AUDIO\03_wav\individual\2021\SDRW2100004326\SDRW2100004326.1.1.358.wav,True,True,
2021,SDRW2100004369,SDRW2100004369.1.1.369,no_textgrid_after_mfa,D:\20_AUDIO\03_wav\individual\2021\SDRW2100004369\SDRW2100004369.1.1.369.lab,115,D:\20_AUDIO\03_wav\individual\2021\SDRW2100004369\SDRW2100004369.1.1.369.wav,True,True,
2021,SDRW2100004375,SDRW2100004375.1.1.101,no_textgrid_after_mfa,D:\20_AUDIO\03_wav\individual\2021\SDRW2100004375\SDRW2100004375.1.1.101.lab,51,D:\20_AUDIO\03_wav\individual\2021\SDRW2100004375\SDRW2100004375.1.1.101.wav,True,True,
2021,SDRW2100004400,SDRW2100004400.1.1.115,no_textgrid_after_mfa,D:\20_AUDIO\03_wav\individual\2021\SDRW2100004400\SDRW2100004400.1.1.115.lab,54,D:\20_AUDIO\03_wav\individual\2021\SDRW2100004400\SDRW2100004400.1.1.115.wav,True,False,exclude_source_audio_unusable
2021,SDRW2100004407,SDRW2100004407.1.1.24,no_textgrid_after_mfa,D:\20_AUDIO\03_wav\individual\2021\SDRW2100004407\SDRW2100004407.1.1.24.lab,53,D:\20_AUDIO\03_wav\individual\2021\SDRW2100004407\SDRW2100004407.1.1.24.wav,True,True,
2021,SDRW2100004409,SDRW2100004409.1.1.292,no_textgrid_after_mfa,D:\20_AUDIO\03_wav\individual\2021\SDRW2100004409\SDRW2100004409.1.1.292.lab,107,D:\20_AUDIO\03_wav\individual\2021\SDRW2100004409\SDRW2100004409.1.1.292.wav,True,True,
2021,SDRW2100004415,SDRW2100004415.1.1.168,no_textgrid_after_mfa,D:\20_AUDIO\03_wav\individual\2021\SDRW2100004415\SDRW2100004415.1.1.168.lab,61,D:\20_AUDIO\03_wav\individual\2021\SDRW2100004415\SDRW2100004415.1.1.168.wav,True,True,
2021,SDRW2100004439,SDRW2100004439.1.1.238,no_textgrid_after_mfa,D:\20_AUDIO\03_wav\individual\2021\SDRW2100004439\SDRW2100004439.1.1.238.lab,51,D:\20_AUDIO\03_wav\individual\2021\SDRW2100004439\SDRW2100004439.1.1.238.wav,True,True,
2021,SDRW2100004447,SDRW2100004447.1.1.14,no_textgrid_after_mfa,D:\20_AUDIO\03_wav\individual\2021\SDRW2100004447\SDRW2100004447.1.1.14.lab,43,D:\20_AUDIO\03_wav\individual\2021\SDRW2100004447\SDRW2100004447.1.1.14.wav,True,True,
