year,input_contract_id,utt_id,reason_code,exclusion_scope,evidence_path,decision,notes
2020,7b52204cdb2119b057e5d961ecd75ab33858a3f5a1323d5018d9649e24f53840,SDRW2000000057.1.1.70,mfa_alignment_missing,alignment_and_analysis,C:\Users\ari30\research\2026_summer_research\outputs\reports\DIAG_2020_exact_id_reconciliation_after_fix.json,pending,MFA beam=10 and retry_beam=40 produced no word/phone intervals
2020,7b52204cdb2119b057e5d961ecd75ab33858a3f5a1323d5018d9649e24f53840,SDRW2000000109.1.1.149,mfa_alignment_missing,alignment_and_analysis,C:\Users\ari30\research\2026_summer_research\outputs\reports\DIAG_2020_exact_id_reconciliation_after_fix.json,pending,MFA beam=10 and retry_beam=40 produced no word/phone intervals
2020,7b52204cdb2119b057e5d961ecd75ab33858a3f5a1323d5018d9649e24f53840,SDRW2000000115.1.1.149,mfa_alignment_missing,alignment_and_analysis,C:\Users\ari30\research\2026_summer_research\outputs\reports\DIAG_2020_exact_id_reconciliation_after_fix.json,pending,MFA beam=10 and retry_beam=40 produced no word/phone intervals
2020,7b52204cdb2119b057e5d961ecd75ab33858a3f5a1323d5018d9649e24f53840,SDRW2000000120.1.1.296,mfa_alignment_missing,alignment_and_analysis,C:\Users\ari30\research\2026_summer_research\outputs\reports\DIAG_2020_exact_id_reconciliation_after_fix.json,pending,MFA beam=10 and retry_beam=40 produced no word/phone intervals
2020,7b52204cdb2119b057e5d961ecd75ab33858a3f5a1323d5018d9649e24f53840,SDRW2000000180.1.1.67,mfa_alignment_missing,alignment_and_analysis,C:\Users\ari30\research\2026_summer_research\outputs\reports\DIAG_2020_exact_id_reconciliation_after_fix.json,pending,MFA beam=10 and retry_beam=40 produced no word/phone intervals
2020,7b52204cdb2119b057e5d961ecd75ab33858a3f5a1323d5018d9649e24f53840,SDRW2000000181.1.1.179,mfa_alignment_missing,alignment_and_analysis,C:\Users\ari30\research\2026_summer_research\outputs\reports\DIAG_2020_exact_id_reconciliation_after_fix.json,pending,MFA beam=10 and retry_beam=40 produced no word/phone intervals
2020,7b52204cdb2119b057e5d961ecd75ab33858a3f5a1323d5018d9649e24f53840,SDRW2000000181.1.1.188,mfa_alignment_missing,alignment_and_analysis,C:\Users\ari30\research\2026_summer_research\outputs\reports\DIAG_2020_exact_id_reconciliation_after_fix.json,pending,MFA beam=10 and retry_beam=40 produced no word/phone intervals
2020,7b52204cdb2119b057e5d961ecd75ab33858a3f5a1323d5018d9649e24f53840,SDRW2000000181.1.1.291,mfa_alignment_missing,alignment_and_analysis,C:\Users\ari30\research\2026_summer_research\outputs\reports\DIAG_2020_exact_id_reconciliation_after_fix.json,pending,MFA beam=10 and retry_beam=40 produced no word/phone intervals
2020,7b52204cdb2119b057e5d961ecd75ab33858a3f5a1323d5018d9649e24f53840,SDRW2000000194.1.1.214,mfa_alignment_missing,alignment_and_analysis,C:\Users\ari30\research\2026_summer_research\outputs\reports\DIAG_2020_exact_id_reconciliation_after_fix.json,pending,MFA beam=10 and retry_beam=40 produced no word/phone intervals
2020,7b52204cdb2119b057e5d961ecd75ab33858a3f5a1323d5018d9649e24f53840,SDRW2000000219.1.1.112,mfa_alignment_missing,alignment_and_analysis,C:\Users\ari30\research\2026_summer_research\outputs\reports\DIAG_2020_exact_id_reconciliation_after_fix.json,pending,MFA beam=10 and retry_beam=40 produced no word/phone intervals
2020,7b52204cdb2119b057e5d961ecd75ab33858a3f5a1323d5018d9649e24f53840,SDRW2000000219.1.1.118,mfa_alignment_missing,alignment_and_analysis,C:\Users\ari30\research\2026_summer_research\outputs\reports\DIAG_2020_exact_id_reconciliation_after_fix.json,pending,MFA beam=10 and retry_beam=40 produced no word/phone intervals
2020,7b52204cdb2119b057e5d961ecd75ab33858a3f5a1323d5018d9649e24f53840,SDRW2000000219.1.1.120,mfa_alignment_missing,alignment_and_analysis,C:\Users\ari30\research\2026_summer_research\outputs\reports\DIAG_2020_exact_id_reconciliation_after_fix.json,pending,MFA beam=10 and retry_beam=40 produced no word/phone intervals
2020,7b52204cdb2119b057e5d961ecd75ab33858a3f5a1323d5018d9649e24f53840,SDRW2000000219.1.1.59,mfa_alignment_missing,alignment_and_analysis,C:\Users\ari30\research\2026_summer_research\outputs\reports\DIAG_2020_exact_id_reconciliation_after_fix.json,pending,MFA beam=10 and retry_beam=40 produced no word/phone intervals
2020,7b52204cdb2119b057e5d961ecd75ab33858a3f5a1323d5018d9649e24f53840,SDRW2000000219.1.1.84,mfa_alignment_missing,alignment_and_analysis,C:\Users\ari30\research\2026_summer_research\outputs\reports\DIAG_2020_exact_id_reconciliation_after_fix.json,pending,MFA beam=10 and retry_beam=40 produced no word/phone intervals
2020,7b52204cdb2119b057e5d961ecd75ab33858a3f5a1323d5018d9649e24f53840,SDRW2000000219.1.1.92,mfa_alignment_missing,alignment_and_analysis,C:\Users\ari30\research\2026_summer_research\outputs\reports\DIAG_2020_exact_id_reconciliation_after_fix.json,pending,MFA beam=10 and retry_beam=40 produced no word/phone intervals
2020,7b52204cdb2119b057e5d961ecd75ab33858a3f5a1323d5018d9649e24f53840,SDRW2000000257.1.1.100,mfa_alignment_missing,alignment_and_analysis,C:\Users\ari30\research\2026_summer_research\outputs\reports\DIAG_2020_exact_id_reconciliation_after_fix.json,pending,MFA beam=10 and retry_beam=40 produced no word/phone intervals
2020,7b52204cdb2119b057e5d961ecd75ab33858a3f5a1323d5018d9649e24f53840,SDRW2000000257.1.1.135,mfa_alignment_missing,alignment_and_analysis,C:\Users\ari30\research\2026_summer_research\outputs\reports\DIAG_2020_exact_id_reconciliation_after_fix.json,pending,MFA beam=10 and retry_beam=40 produced no word/phone intervals
2020,7b52204cdb2119b057e5d961ecd75ab33858a3f5a1323d5018d9649e24f53840,SDRW2000000257.1.1.137,mfa_alignment_missing,alignment_and_analysis,C:\Users\ari30\research\2026_summer_research\outputs\reports\DIAG_2020_exact_id_reconciliation_after_fix.json,pending,MFA beam=10 and retry_beam=40 produced no word/phone intervals
2020,7b52204cdb2119b057e5d961ecd75ab33858a3f5a1323d5018d9649e24f53840,SDRW2000000257.1.1.138,mfa_alignment_missing,alignment_and_analysis,C:\Users\ari30\research\2026_summer_research\outputs\reports\DIAG_2020_exact_id_reconciliation_after_fix.json,pending,MFA beam=10 and retry_beam=40 produced no word/phone intervals
2020,7b52204cdb2119b057e5d961ecd75ab33858a3f5a1323d5018d9649e24f53840,SDRW2000000257.1.1.139,mfa_alignment_missing,alignment_and_analysis,C:\Users\ari30\research\2026_summer_research\outputs\reports\DIAG_2020_exact_id_reconciliation_after_fix.json,pending,MFA beam=10 and retry_beam=40 produced no word/phone intervals
2020,7b52204cdb2119b057e5d961ecd75ab33858a3f5a1323d5018d9649e24f53840,SDRW2000000257.1.1.14,mfa_alignment_missing,alignment_and_analysis,C:\Users\ari30\research\2026_summer_research\outputs\reports\DIAG_2020_exact_id_reconciliation_after_fix.json,pending,MFA beam=10 and retry_beam=40 produced no word/phone intervals
2020,7b52204cdb2119b057e5d961ecd75ab33858a3f5a1323d5018d9649e24f53840,SDRW2000000257.1.1.144,mfa_alignment_missing,alignment_and_analysis,C:\Users\ari30\research\2026_summer_research\outputs\reports\DIAG_2020_exact_id_reconciliation_after_fix.json,pending,MFA beam=10 and retry_beam=40 produced no word/phone intervals
2020,7b52204cdb2119b057e5d961ecd75ab33858a3f5a1323d5018d9649e24f53840,SDRW2000000257.1.1.145,mfa_alignment_missing,alignment_and_analysis,C:\Users\ari30\research\2026_summer_research\outputs\reports\DIAG_2020_exact_id_reconciliation_after_fix.json,pending,MFA beam=10 and retry_beam=40 produced no word/phone intervals
2020,7b52204cdb2119b057e5d961ecd75ab33858a3f5a1323d5018d9649e24f53840,SDRW2000000257.1.1.146,mfa_alignment_missing,alignment_and_analysis,C:\Users\ari30\research\2026_summer_research\outputs\reports\DIAG_2020_exact_id_reconciliation_after_fix.json,pending,MFA beam=10 and retry_beam=40 produced no word/phone intervals
2020,7b52204cdb2119b057e5d961ecd75ab33858a3f5a1323d5018d9649e24f53840,SDRW2000000257.1.1.147,mfa_alignment_missing,alignment_and_analysis,C:\Users\ari30\research\2026_summer_research\outputs\reports\DIAG_2020_exact_id_reconciliation_after_fix.json,pending,MFA beam=10 and retry_beam=40 produced no word/phone intervals
2020,7b52204cdb2119b057e5d961ecd75ab33858a3f5a1323d5018d9649e24f53840,SDRW2000000257.1.1.149,mfa_alignment_missing,alignment_and_analysis,C:\Users\ari30\research\2026_summer_research\outputs\reports\DIAG_2020_exact_id_reconciliation_after_fix.json,pending,MFA beam=10 and retry_beam=40 produced no word/phone intervals
2020,7b52204cdb2119b057e5d961ecd75ab33858a3f5a1323d5018d9649e24f53840,SDRW2000000257.1.1.15,mfa_alignment_missing,alignment_and_analysis,C:\Users\ari30\research\2026_summer_research\outputs\reports\DIAG_2020_exact_id_reconciliation_after_fix.json,pending,MFA beam=10 and retry_beam=40 produced no word/phone intervals
2020,7b52204cdb2119b057e5d961ecd75ab33858a3f5a1323d5018d9649e24f53840,SDRW2000000257.1.1.150,mfa_alignment_missing,alignment_and_analysis,C:\Users\ari30\research\2026_summer_research\outputs\reports\DIAG_2020_exact_id_reconciliation_after_fix.json,pending,MFA beam=10 and retry_beam=40 produced no word/phone intervals
2020,7b52204cdb2119b057e5d961ecd75ab33858a3f5a1323d5018d9649e24f53840,SDRW2000000257.1.1.151,mfa_alignment_missing,alignment_and_analysis,C:\Users\ari30\research\2026_summer_research\outputs\reports\DIAG_2020_exact_id_reconciliation_after_fix.json,pending,MFA beam=10 and retry_beam=40 produced no word/phone intervals
2020,7b52204cdb2119b057e5d961ecd75ab33858a3f5a1323d5018d9649e24f53840,SDRW2000000257.1.1.152,mfa_alignment_missing,alignment_and_analysis,C:\Users\ari30\research\2026_summer_research\outputs\reports\DIAG_2020_exact_id_reconciliation_after_fix.json,pending,MFA beam=10 and retry_beam=40 produced no word/phone intervals
2020,7b52204cdb2119b057e5d961ecd75ab33858a3f5a1323d5018d9649e24f53840,SDRW2000000257.1.1.153,mfa_alignment_missing,alignment_and_analysis,C:\Users\ari30\research\2026_summer_research\outputs\reports\DIAG_2020_exact_id_reconciliation_after_fix.json,pending,MFA beam=10 and retry_beam=40 produced no word/phone intervals
2020,7b52204cdb2119b057e5d961ecd75ab33858a3f5a1323d5018d9649e24f53840,SDRW2000000257.1.1.154,mfa_alignment_missing,alignment_and_analysis,C:\Users\ari30\research\2026_summer_research\outputs\reports\DIAG_2020_exact_id_reconciliation_after_fix.json,pending,MFA beam=10 and retry_beam=40 produced no word/phone intervals
2020,7b52204cdb2119b057e5d961ecd75ab33858a3f5a1323d5018d9649e24f53840,SDRW2000000257.1.1.155,mfa_alignment_missing,alignment_and_analysis,C:\Users\ari30\research\2026_summer_research\outputs\reports\DIAG_2020_exact_id_reconciliation_after_fix.json,pending,MFA beam=10 and retry_beam=40 produced no word/phone intervals
2020,7b52204cdb2119b057e5d961ecd75ab33858a3f5a1323d5018d9649e24f53840,SDRW2000000257.1.1.156,mfa_alignment_missing,alignment_and_analysis,C:\Users\ari30\research\2026_summer_research\outputs\reports\DIAG_2020_exact_id_reconciliation_after_fix.json,pending,MFA beam=10 and retry_beam=40 produced no word/phone intervals
2020,7b52204cdb2119b057e5d961ecd75ab33858a3f5a1323d5018d9649e24f53840,SDRW2000000257.1.1.157,mfa_alignment_missing,alignment_and_analysis,C:\Users\ari30\research\2026_summer_research\outputs\reports\DIAG_2020_exact_id_reconciliation_after_fix.json,pending,MFA beam=10 and retry_beam=40 produced no word/phone intervals
2020,7b52204cdb2119b057e5d961ecd75ab33858a3f5a1323d5018d9649e24f53840,SDRW2000000257.1.1.158,mfa_alignment_missing,alignment_and_analysis,C:\Users\ari30\research\2026_summer_research\outputs\reports\DIAG_2020_exact_id_reconciliation_after_fix.json,pending,MFA beam=10 and retry_beam=40 produced no word/phone intervals
2020,7b52204cdb2119b057e5d961ecd75ab33858a3f5a1323d5018d9649e24f53840,SDRW2000000257.1.1.159,mfa_alignment_missing,alignment_and_analysis,C:\Users\ari30\research\2026_summer_research\outputs\reports\DIAG_2020_exact_id_reconciliation_after_fix.json,pending,MFA beam=10 and retry_beam=40 produced no word/phone intervals
2020,7b52204cdb2119b057e5d961ecd75ab33858a3f5a1323d5018d9649e24f53840,SDRW2000000257.1.1.16,mfa_alignment_missing,alignment_and_analysis,C:\Users\ari30\research\2026_summer_research\outputs\reports\DIAG_2020_exact_id_reconciliation_after_fix.json,pending,MFA beam=10 and retry_beam=40 produced no word/phone intervals
2020,7b52204cdb2119b057e5d961ecd75ab33858a3f5a1323d5018d9649e24f53840,SDRW2000000257.1.1.161,mfa_alignment_missing,alignment_and_analysis,C:\Users\ari30\research\2026_summer_research\outputs\reports\DIAG_2020_exact_id_reconciliation_after_fix.json,pending,MFA beam=10 and retry_beam=40 produced no word/phone intervals
2020,7b52204cdb2119b057e5d961ecd75ab33858a3f5a1323d5018d9649e24f53840,SDRW2000000257.1.1.162,mfa_alignment_missing,alignment_and_analysis,C:\Users\ari30\research\2026_summer_research\outputs\reports\DIAG_2020_exact_id_reconciliation_after_fix.json,pending,MFA beam=10 and retry_beam=40 produced no word/phone intervals
2020,7b52204cdb2119b057e5d961ecd75ab33858a3f5a1323d5018d9649e24f53840,SDRW2000000257.1.1.163,mfa_alignment_missing,alignment_and_analysis,C:\Users\ari30\research\2026_summer_research\outputs\reports\DIAG_2020_exact_id_reconciliation_after_fix.json,pending,MFA beam=10 and retry_beam=40 produced no word/phone intervals
2020,7b52204cdb2119b057e5d961ecd75ab33858a3f5a1323d5018d9649e24f53840,SDRW2000000257.1.1.164,mfa_alignment_missing,alignment_and_analysis,C:\Users\ari30\research\2026_summer_research\outputs\reports\DIAG_2020_exact_id_reconciliation_after_fix.json,pending,MFA beam=10 and retry_beam=40 produced no word/phone intervals
2020,7b52204cdb2119b057e5d961ecd75ab33858a3f5a1323d5018d9649e24f53840,SDRW2000000257.1.1.166,mfa_alignment_missing,alignment_and_analysis,C:\Users\ari30\research\2026_summer_research\outputs\reports\DIAG_2020_exact_id_reconciliation_after_fix.json,pending,MFA beam=10 and retry_beam=40 produced no word/phone intervals
2020,7b52204cdb2119b057e5d961ecd75ab33858a3f5a1323d5018d9649e24f53840,SDRW2000000257.1.1.17,mfa_alignment_missing,alignment_and_analysis,C:\Users\ari30\research\2026_summer_research\outputs\reports\DIAG_2020_exact_id_reconciliation_after_fix.json,pending,MFA beam=10 and retry_beam=40 produced no word/phone intervals
2020,7b52204cdb2119b057e5d961ecd75ab33858a3f5a1323d5018d9649e24f53840,SDRW2000000257.1.1.178,mfa_alignment_missing,alignment_and_analysis,C:\Users\ari30\research\2026_summer_research\outputs\reports\DIAG_2020_exact_id_reconciliation_after_fix.json,pending,MFA beam=10 and retry_beam=40 produced no word/phone intervals
2020,7b52204cdb2119b057e5d961ecd75ab33858a3f5a1323d5018d9649e24f53840,SDRW2000000257.1.1.18,mfa_alignment_missing,alignment_and_analysis,C:\Users\ari30\research\2026_summer_research\outputs\reports\DIAG_2020_exact_id_reconciliation_after_fix.json,pending,MFA beam=10 and retry_beam=40 produced no word/phone intervals
2020,7b52204cdb2119b057e5d961ecd75ab33858a3f5a1323d5018d9649e24f53840,SDRW2000000257.1.1.19,mfa_alignment_missing,alignment_and_analysis,C:\Users\ari30\research\2026_summer_research\outputs\reports\DIAG_2020_exact_id_reconciliation_after_fix.json,pending,MFA beam=10 and retry_beam=40 produced no word/phone intervals
2020,7b52204cdb2119b057e5d961ecd75ab33858a3f5a1323d5018d9649e24f53840,SDRW2000000257.1.1.193,mfa_alignment_missing,alignment_and_analysis,C:\Users\ari30\research\2026_summer_research\outputs\reports\DIAG_2020_exact_id_reconciliation_after_fix.json,pending,MFA beam=10 and retry_beam=40 produced no word/phone intervals
2020,7b52204cdb2119b057e5d961ecd75ab33858a3f5a1323d5018d9649e24f53840,SDRW2000000257.1.1.194,mfa_alignment_missing,alignment_and_analysis,C:\Users\ari30\research\2026_summer_research\outputs\reports\DIAG_2020_exact_id_reconciliation_after_fix.json,pending,MFA beam=10 and retry_beam=40 produced no word/phone intervals
2020,7b52204cdb2119b057e5d961ecd75ab33858a3f5a1323d5018d9649e24f53840,SDRW2000000257.1.1.195,mfa_alignment_missing,alignment_and_analysis,C:\Users\ari30\research\2026_summer_research\outputs\reports\DIAG_2020_exact_id_reconciliation_after_fix.json,pending,MFA beam=10 and retry_beam=40 produced no word/phone intervals
2020,7b52204cdb2119b057e5d961ecd75ab33858a3f5a1323d5018d9649e24f53840,SDRW2000000257.1.1.196,mfa_alignment_missing,alignment_and_analysis,C:\Users\ari30\research\2026_summer_research\outputs\reports\DIAG_2020_exact_id_reconciliation_after_fix.json,pending,MFA beam=10 and retry_beam=40 produced no word/phone intervals
2020,7b52204cdb2119b057e5d961ecd75ab33858a3f5a1323d5018d9649e24f53840,SDRW2000000257.1.1.197,mfa_alignment_missing,alignment_and_analysis,C:\Users\ari30\research\2026_summer_research\outputs\reports\DIAG_2020_exact_id_reconciliation_after_fix.json,pending,MFA beam=10 and retry_beam=40 produced no word/phone intervals
2020,7b52204cdb2119b057e5d961ecd75ab33858a3f5a1323d5018d9649e24f53840,SDRW2000000257.1.1.199,mfa_alignment_missing,alignment_and_analysis,C:\Users\ari30\research\2026_summer_research\outputs\reports\DIAG_2020_exact_id_reconciliation_after_fix.json,pending,MFA beam=10 and retry_beam=40 produced no word/phone intervals
2020,7b52204cdb2119b057e5d961ecd75ab33858a3f5a1323d5018d9649e24f53840,SDRW2000000257.1.1.20,mfa_alignment_missing,alignment_and_analysis,C:\Users\ari30\research\2026_summer_research\outputs\reports\DIAG_2020_exact_id_reconciliation_after_fix.json,pending,MFA beam=10 and retry_beam=40 produced no word/phone intervals
2020,7b52204cdb2119b057e5d961ecd75ab33858a3f5a1323d5018d9649e24f53840,SDRW2000000257.1.1.200,mfa_alignment_missing,alignment_and_analysis,C:\Users\ari30\research\2026_summer_research\outputs\reports\DIAG_2020_exact_id_reconciliation_after_fix.json,pending,MFA beam=10 and retry_beam=40 produced no word/phone intervals
2020,7b52204cdb2119b057e5d961ecd75ab33858a3f5a1323d5018d9649e24f53840,SDRW2000000257.1.1.201,mfa_alignment_missing,alignment_and_analysis,C:\Users\ari30\research\2026_summer_research\outputs\reports\DIAG_2020_exact_id_reconciliation_after_fix.json,pending,MFA beam=10 and retry_beam=40 produced no word/phone intervals
2020,7b52204cdb2119b057e5d961ecd75ab33858a3f5a1323d5018d9649e24f53840,SDRW2000000257.1.1.202,mfa_alignment_missing,alignment_and_analysis,C:\Users\ari30\research\2026_summer_research\outputs\reports\DIAG_2020_exact_id_reconciliation_after_fix.json,pending,MFA beam=10 and retry_beam=40 produced no word/phone intervals
2020,7b52204cdb2119b057e5d961ecd75ab33858a3f5a1323d5018d9649e24f53840,SDRW2000000257.1.1.203,mfa_alignment_missing,alignment_and_analysis,C:\Users\ari30\research\2026_summer_research\outputs\reports\DIAG_2020_exact_id_reconciliation_after_fix.json,pending,MFA beam=10 and retry_beam=40 produced no word/phone intervals
2020,7b52204cdb2119b057e5d961ecd75ab33858a3f5a1323d5018d9649e24f53840,SDRW2000000257.1.1.206,mfa_alignment_missing,alignment_and_analysis,C:\Users\ari30\research\2026_summer_research\outputs\reports\DIAG_2020_exact_id_reconciliation_after_fix.json,pending,MFA beam=10 and retry_beam=40 produced no word/phone intervals
2020,7b52204cdb2119b057e5d961ecd75ab33858a3f5a1323d5018d9649e24f53840,SDRW2000000257.1.1.207,mfa_alignment_missing,alignment_and_analysis,C:\Users\ari30\research\2026_summer_research\outputs\reports\DIAG_2020_exact_id_reconciliation_after_fix.json,pending,MFA beam=10 and retry_beam=40 produced no word/phone intervals
2020,7b52204cdb2119b057e5d961ecd75ab33858a3f5a1323d5018d9649e24f53840,SDRW2000000257.1.1.21,mfa_alignment_missing,alignment_and_analysis,C:\Users\ari30\research\2026_summer_research\outputs\reports\DIAG_2020_exact_id_reconciliation_after_fix.json,pending,MFA beam=10 and retry_beam=40 produced no word/phone intervals
2020,7b52204cdb2119b057e5d961ecd75ab33858a3f5a1323d5018d9649e24f53840,SDRW2000000257.1.1.210,mfa_alignment_missing,alignment_and_analysis,C:\Users\ari30\research\2026_summer_research\outputs\reports\DIAG_2020_exact_id_reconciliation_after_fix.json,pending,MFA beam=10 and retry_beam=40 produced no word/phone intervals
2020,7b52204cdb2119b057e5d961ecd75ab33858a3f5a1323d5018d9649e24f53840,SDRW2000000257.1.1.211,mfa_alignment_missing,alignment_and_analysis,C:\Users\ari30\research\2026_summer_research\outputs\reports\DIAG_2020_exact_id_reconciliation_after_fix.json,pending,MFA beam=10 and retry_beam=40 produced no word/phone intervals
2020,7b52204cdb2119b057e5d961ecd75ab33858a3f5a1323d5018d9649e24f53840,SDRW2000000257.1.1.212,mfa_alignment_missing,alignment_and_analysis,C:\Users\ari30\research\2026_summer_research\outputs\reports\DIAG_2020_exact_id_reconciliation_after_fix.json,pending,MFA beam=10 and retry_beam=40 produced no word/phone intervals
2020,7b52204cdb2119b057e5d961ecd75ab33858a3f5a1323d5018d9649e24f53840,SDRW2000000257.1.1.213,mfa_alignment_missing,alignment_and_analysis,C:\Users\ari30\research\2026_summer_research\outputs\reports\DIAG_2020_exact_id_reconciliation_after_fix.json,pending,MFA beam=10 and retry_beam=40 produced no word/phone intervals
2020,7b52204cdb2119b057e5d961ecd75ab33858a3f5a1323d5018d9649e24f53840,SDRW2000000257.1.1.214,mfa_alignment_missing,alignment_and_analysis,C:\Users\ari30\research\2026_summer_research\outputs\reports\DIAG_2020_exact_id_reconciliation_after_fix.json,pending,MFA beam=10 and retry_beam=40 produced no word/phone intervals
2020,7b52204cdb2119b057e5d961ecd75ab33858a3f5a1323d5018d9649e24f53840,SDRW2000000257.1.1.215,mfa_alignment_missing,alignment_and_analysis,C:\Users\ari30\research\2026_summer_research\outputs\reports\DIAG_2020_exact_id_reconciliation_after_fix.json,pending,MFA beam=10 and retry_beam=40 produced no word/phone intervals
2020,7b52204cdb2119b057e5d961ecd75ab33858a3f5a1323d5018d9649e24f53840,SDRW2000000257.1.1.216,mfa_alignment_missing,alignment_and_analysis,C:\Users\ari30\research\2026_summer_research\outputs\reports\DIAG_2020_exact_id_reconciliation_after_fix.json,pending,MFA beam=10 and retry_beam=40 produced no word/phone intervals
2020,7b52204cdb2119b057e5d961ecd75ab33858a3f5a1323d5018d9649e24f53840,SDRW2000000257.1.1.217,mfa_alignment_missing,alignment_and_analysis,C:\Users\ari30\research\2026_summer_research\outputs\reports\DIAG_2020_exact_id_reconciliation_after_fix.json,pending,MFA beam=10 and retry_beam=40 produced no word/phone intervals
2020,7b52204cdb2119b057e5d961ecd75ab33858a3f5a1323d5018d9649e24f53840,SDRW2000000257.1.1.218,mfa_alignment_missing,alignment_and_analysis,C:\Users\ari30\research\2026_summer_research\outputs\reports\DIAG_2020_exact_id_reconciliation_after_fix.json,pending,MFA beam=10 and retry_beam=40 produced no word/phone intervals
2020,7b52204cdb2119b057e5d961ecd75ab33858a3f5a1323d5018d9649e24f53840,SDRW2000000257.1.1.219,mfa_alignment_missing,alignment_and_analysis,C:\Users\ari30\research\2026_summer_research\outputs\reports\DIAG_2020_exact_id_reconciliation_after_fix.json,pending,MFA beam=10 and retry_beam=40 produced no word/phone intervals
2020,7b52204cdb2119b057e5d961ecd75ab33858a3f5a1323d5018d9649e24f53840,SDRW2000000257.1.1.22,mfa_alignment_missing,alignment_and_analysis,C:\Users\ari30\research\2026_summer_research\outputs\reports\DIAG_2020_exact_id_reconciliation_after_fix.json,pending,MFA beam=10 and retry_beam=40 produced no word/phone intervals
2020,7b52204cdb2119b057e5d961ecd75ab33858a3f5a1323d5018d9649e24f53840,SDRW2000000257.1.1.220,mfa_alignment_missing,alignment_and_analysis,C:\Users\ari30\research\2026_summer_research\outputs\reports\DIAG_2020_exact_id_reconciliation_after_fix.json,pending,MFA beam=10 and retry_beam=40 produced no word/phone intervals
2020,7b52204cdb2119b057e5d961ecd75ab33858a3f5a1323d5018d9649e24f53840,SDRW2000000257.1.1.221,mfa_alignment_missing,alignment_and_analysis,C:\Users\ari30\research\2026_summer_research\outputs\reports\DIAG_2020_exact_id_reconciliation_after_fix.json,pending,MFA beam=10 and retry_beam=40 produced no word/phone intervals
2020,7b52204cdb2119b057e5d961ecd75ab33858a3f5a1323d5018d9649e24f53840,SDRW2000000257.1.1.223,mfa_alignment_missing,alignment_and_analysis,C:\Users\ari30\research\2026_summer_research\outputs\reports\DIAG_2020_exact_id_reconciliation_after_fix.json,pending,MFA beam=10 and retry_beam=40 produced no word/phone intervals
2020,7b52204cdb2119b057e5d961ecd75ab33858a3f5a1323d5018d9649e24f53840,SDRW2000000257.1.1.224,mfa_alignment_missing,alignment_and_analysis,C:\Users\ari30\research\2026_summer_research\outputs\reports\DIAG_2020_exact_id_reconciliation_after_fix.json,pending,MFA beam=10 and retry_beam=40 produced no word/phone intervals
2020,7b52204cdb2119b057e5d961ecd75ab33858a3f5a1323d5018d9649e24f53840,SDRW2000000257.1.1.225,mfa_alignment_missing,alignment_and_analysis,C:\Users\ari30\research\2026_summer_research\outputs\reports\DIAG_2020_exact_id_reconciliation_after_fix.json,pending,MFA beam=10 and retry_beam=40 produced no word/phone intervals
2020,7b52204cdb2119b057e5d961ecd75ab33858a3f5a1323d5018d9649e24f53840,SDRW2000000257.1.1.226,mfa_alignment_missing,alignment_and_analysis,C:\Users\ari30\research\2026_summer_research\outputs\reports\DIAG_2020_exact_id_reconciliation_after_fix.json,pending,MFA beam=10 and retry_beam=40 produced no word/phone intervals
2020,7b52204cdb2119b057e5d961ecd75ab33858a3f5a1323d5018d9649e24f53840,SDRW2000000257.1.1.227,mfa_alignment_missing,alignment_and_analysis,C:\Users\ari30\research\2026_summer_research\outputs\reports\DIAG_2020_exact_id_reconciliation_after_fix.json,pending,MFA beam=10 and retry_beam=40 produced no word/phone intervals
2020,7b52204cdb2119b057e5d961ecd75ab33858a3f5a1323d5018d9649e24f53840,SDRW2000000257.1.1.23,mfa_alignment_missing,alignment_and_analysis,C:\Users\ari30\research\2026_summer_research\outputs\reports\DIAG_2020_exact_id_reconciliation_after_fix.json,pending,MFA beam=10 and retry_beam=40 produced no word/phone intervals
2020,7b52204cdb2119b057e5d961ecd75ab33858a3f5a1323d5018d9649e24f53840,SDRW2000000257.1.1.230,mfa_alignment_missing,alignment_and_analysis,C:\Users\ari30\research\2026_summer_research\outputs\reports\DIAG_2020_exact_id_reconciliation_after_fix.json,pending,MFA beam=10 and retry_beam=40 produced no word/phone intervals
2020,7b52204cdb2119b057e5d961ecd75ab33858a3f5a1323d5018d9649e24f53840,SDRW2000000257.1.1.231,mfa_alignment_missing,alignment_and_analysis,C:\Users\ari30\research\2026_summer_research\outputs\reports\DIAG_2020_exact_id_reconciliation_after_fix.json,pending,MFA beam=10 and retry_beam=40 produced no word/phone intervals
2020,7b52204cdb2119b057e5d961ecd75ab33858a3f5a1323d5018d9649e24f53840,SDRW2000000257.1.1.232,mfa_alignment_missing,alignment_and_analysis,C:\Users\ari30\research\2026_summer_research\outputs\reports\DIAG_2020_exact_id_reconciliation_after_fix.json,pending,MFA beam=10 and retry_beam=40 produced no word/phone intervals
2020,7b52204cdb2119b057e5d961ecd75ab33858a3f5a1323d5018d9649e24f53840,SDRW2000000257.1.1.233,mfa_alignment_missing,alignment_and_analysis,C:\Users\ari30\research\2026_summer_research\outputs\reports\DIAG_2020_exact_id_reconciliation_after_fix.json,pending,MFA beam=10 and retry_beam=40 produced no word/phone intervals
2020,7b52204cdb2119b057e5d961ecd75ab33858a3f5a1323d5018d9649e24f53840,SDRW2000000257.1.1.234,mfa_alignment_missing,alignment_and_analysis,C:\Users\ari30\research\2026_summer_research\outputs\reports\DIAG_2020_exact_id_reconciliation_after_fix.json,pending,MFA beam=10 and retry_beam=40 produced no word/phone intervals
2020,7b52204cdb2119b057e5d961ecd75ab33858a3f5a1323d5018d9649e24f53840,SDRW2000000257.1.1.235,mfa_alignment_missing,alignment_and_analysis,C:\Users\ari30\research\2026_summer_research\outputs\reports\DIAG_2020_exact_id_reconciliation_after_fix.json,pending,MFA beam=10 and retry_beam=40 produced no word/phone intervals
2020,7b52204cdb2119b057e5d961ecd75ab33858a3f5a1323d5018d9649e24f53840,SDRW2000000257.1.1.236,mfa_alignment_missing,alignment_and_analysis,C:\Users\ari30\research\2026_summer_research\outputs\reports\DIAG_2020_exact_id_reconciliation_after_fix.json,pending,MFA beam=10 and retry_beam=40 produced no word/phone intervals
2020,7b52204cdb2119b057e5d961ecd75ab33858a3f5a1323d5018d9649e24f53840,SDRW2000000257.1.1.237,mfa_alignment_missing,alignment_and_analysis,C:\Users\ari30\research\2026_summer_research\outputs\reports\DIAG_2020_exact_id_reconciliation_after_fix.json,pending,MFA beam=10 and retry_beam=40 produced no word/phone intervals
2020,7b52204cdb2119b057e5d961ecd75ab33858a3f5a1323d5018d9649e24f53840,SDRW2000000257.1.1.238,mfa_alignment_missing,alignment_and_analysis,C:\Users\ari30\research\2026_summer_research\outputs\reports\DIAG_2020_exact_id_reconciliation_after_fix.json,pending,MFA beam=10 and retry_beam=40 produced no word/phone intervals
2020,7b52204cdb2119b057e5d961ecd75ab33858a3f5a1323d5018d9649e24f53840,SDRW2000000257.1.1.241,mfa_alignment_missing,alignment_and_analysis,C:\Users\ari30\research\2026_summer_research\outputs\reports\DIAG_2020_exact_id_reconciliation_after_fix.json,pending,MFA beam=10 and retry_beam=40 produced no word/phone intervals
2020,7b52204cdb2119b057e5d961ecd75ab33858a3f5a1323d5018d9649e24f53840,SDRW2000000257.1.1.243,mfa_alignment_missing,alignment_and_analysis,C:\Users\ari30\research\2026_summer_research\outputs\reports\DIAG_2020_exact_id_reconciliation_after_fix.json,pending,MFA beam=10 and retry_beam=40 produced no word/phone intervals
2020,7b52204cdb2119b057e5d961ecd75ab33858a3f5a1323d5018d9649e24f53840,SDRW2000000257.1.1.244,mfa_alignment_missing,alignment_and_analysis,C:\Users\ari30\research\2026_summer_research\outputs\reports\DIAG_2020_exact_id_reconciliation_after_fix.json,pending,MFA beam=10 and retry_beam=40 produced no word/phone intervals
2020,7b52204cdb2119b057e5d961ecd75ab33858a3f5a1323d5018d9649e24f53840,SDRW2000000257.1.1.247,mfa_alignment_missing,alignment_and_analysis,C:\Users\ari30\research\2026_summer_research\outputs\reports\DIAG_2020_exact_id_reconciliation_after_fix.json,pending,MFA beam=10 and retry_beam=40 produced no word/phone intervals
2020,7b52204cdb2119b057e5d961ecd75ab33858a3f5a1323d5018d9649e24f53840,SDRW2000000257.1.1.25,mfa_alignment_missing,alignment_and_analysis,C:\Users\ari30\research\2026_summer_research\outputs\reports\DIAG_2020_exact_id_reconciliation_after_fix.json,pending,MFA beam=10 and retry_beam=40 produced no word/phone intervals
2020,7b52204cdb2119b057e5d961ecd75ab33858a3f5a1323d5018d9649e24f53840,SDRW2000000257.1.1.26,mfa_alignment_missing,alignment_and_analysis,C:\Users\ari30\research\2026_summer_research\outputs\reports\DIAG_2020_exact_id_reconciliation_after_fix.json,pending,MFA beam=10 and retry_beam=40 produced no word/phone intervals
2020,7b52204cdb2119b057e5d961ecd75ab33858a3f5a1323d5018d9649e24f53840,SDRW2000000257.1.1.267,mfa_alignment_missing,alignment_and_analysis,C:\Users\ari30\research\2026_summer_research\outputs\reports\DIAG_2020_exact_id_reconciliation_after_fix.json,pending,MFA beam=10 and retry_beam=40 produced no word/phone intervals
2020,7b52204cdb2119b057e5d961ecd75ab33858a3f5a1323d5018d9649e24f53840,SDRW2000000257.1.1.27,mfa_alignment_missing,alignment_and_analysis,C:\Users\ari30\research\2026_summer_research\outputs\reports\DIAG_2020_exact_id_reconciliation_after_fix.json,pending,MFA beam=10 and retry_beam=40 produced no word/phone intervals
2020,7b52204cdb2119b057e5d961ecd75ab33858a3f5a1323d5018d9649e24f53840,SDRW2000000257.1.1.28,mfa_alignment_missing,alignment_and_analysis,C:\Users\ari30\research\2026_summer_research\outputs\reports\DIAG_2020_exact_id_reconciliation_after_fix.json,pending,MFA beam=10 and retry_beam=40 produced no word/phone intervals
2020,7b52204cdb2119b057e5d961ecd75ab33858a3f5a1323d5018d9649e24f53840,SDRW2000000257.1.1.282,mfa_alignment_missing,alignment_and_analysis,C:\Users\ari30\research\2026_summer_research\outputs\reports\DIAG_2020_exact_id_reconciliation_after_fix.json,pending,MFA beam=10 and retry_beam=40 produced no word/phone intervals
2020,7b52204cdb2119b057e5d961ecd75ab33858a3f5a1323d5018d9649e24f53840,SDRW2000000257.1.1.284,mfa_alignment_missing,alignment_and_analysis,C:\Users\ari30\research\2026_summer_research\outputs\reports\DIAG_2020_exact_id_reconciliation_after_fix.json,pending,MFA beam=10 and retry_beam=40 produced no word/phone intervals
2020,7b52204cdb2119b057e5d961ecd75ab33858a3f5a1323d5018d9649e24f53840,SDRW2000000257.1.1.285,mfa_alignment_missing,alignment_and_analysis,C:\Users\ari30\research\2026_summer_research\outputs\reports\DIAG_2020_exact_id_reconciliation_after_fix.json,pending,MFA beam=10 and retry_beam=40 produced no word/phone intervals
2020,7b52204cdb2119b057e5d961ecd75ab33858a3f5a1323d5018d9649e24f53840,SDRW2000000257.1.1.286,mfa_alignment_missing,alignment_and_analysis,C:\Users\ari30\research\2026_summer_research\outputs\reports\DIAG_2020_exact_id_reconciliation_after_fix.json,pending,MFA beam=10 and retry_beam=40 produced no word/phone intervals
2020,7b52204cdb2119b057e5d961ecd75ab33858a3f5a1323d5018d9649e24f53840,SDRW2000000257.1.1.287,mfa_alignment_missing,alignment_and_analysis,C:\Users\ari30\research\2026_summer_research\outputs\reports\DIAG_2020_exact_id_reconciliation_after_fix.json,pending,MFA beam=10 and retry_beam=40 produced no word/phone intervals
2020,7b52204cdb2119b057e5d961ecd75ab33858a3f5a1323d5018d9649e24f53840,SDRW2000000257.1.1.288,mfa_alignment_missing,alignment_and_analysis,C:\Users\ari30\research\2026_summer_research\outputs\reports\DIAG_2020_exact_id_reconciliation_after_fix.json,pending,MFA beam=10 and retry_beam=40 produced no word/phone intervals
2020,7b52204cdb2119b057e5d961ecd75ab33858a3f5a1323d5018d9649e24f53840,SDRW2000000257.1.1.289,mfa_alignment_missing,alignment_and_analysis,C:\Users\ari30\research\2026_summer_research\outputs\reports\DIAG_2020_exact_id_reconciliation_after_fix.json,pending,MFA beam=10 and retry_beam=40 produced no word/phone intervals
2020,7b52204cdb2119b057e5d961ecd75ab33858a3f5a1323d5018d9649e24f53840,SDRW2000000257.1.1.29,mfa_alignment_missing,alignment_and_analysis,C:\Users\ari30\research\2026_summer_research\outputs\reports\DIAG_2020_exact_id_reconciliation_after_fix.json,pending,MFA beam=10 and retry_beam=40 produced no word/phone intervals
2020,7b52204cdb2119b057e5d961ecd75ab33858a3f5a1323d5018d9649e24f53840,SDRW2000000257.1.1.290,mfa_alignment_missing,alignment_and_analysis,C:\Users\ari30\research\2026_summer_research\outputs\reports\DIAG_2020_exact_id_reconciliation_after_fix.json,pending,MFA beam=10 and retry_beam=40 produced no word/phone intervals
2020,7b52204cdb2119b057e5d961ecd75ab33858a3f5a1323d5018d9649e24f53840,SDRW2000000257.1.1.292,mfa_alignment_missing,alignment_and_analysis,C:\Users\ari30\research\2026_summer_research\outputs\reports\DIAG_2020_exact_id_reconciliation_after_fix.json,pending,MFA beam=10 and retry_beam=40 produced no word/phone intervals
2020,7b52204cdb2119b057e5d961ecd75ab33858a3f5a1323d5018d9649e24f53840,SDRW2000000257.1.1.293,mfa_alignment_missing,alignment_and_analysis,C:\Users\ari30\research\2026_summer_research\outputs\reports\DIAG_2020_exact_id_reconciliation_after_fix.json,pending,MFA beam=10 and retry_beam=40 produced no word/phone intervals
2020,7b52204cdb2119b057e5d961ecd75ab33858a3f5a1323d5018d9649e24f53840,SDRW2000000257.1.1.294,mfa_alignment_missing,alignment_and_analysis,C:\Users\ari30\research\2026_summer_research\outputs\reports\DIAG_2020_exact_id_reconciliation_after_fix.json,pending,MFA beam=10 and retry_beam=40 produced no word/phone intervals
2020,7b52204cdb2119b057e5d961ecd75ab33858a3f5a1323d5018d9649e24f53840,SDRW2000000257.1.1.295,mfa_alignment_missing,alignment_and_analysis,C:\Users\ari30\research\2026_summer_research\outputs\reports\DIAG_2020_exact_id_reconciliation_after_fix.json,pending,MFA beam=10 and retry_beam=40 produced no word/phone intervals
2020,7b52204cdb2119b057e5d961ecd75ab33858a3f5a1323d5018d9649e24f53840,SDRW2000000257.1.1.296,mfa_alignment_missing,alignment_and_analysis,C:\Users\ari30\research\2026_summer_research\outputs\reports\DIAG_2020_exact_id_reconciliation_after_fix.json,pending,MFA beam=10 and retry_beam=40 produced no word/phone intervals
2020,7b52204cdb2119b057e5d961ecd75ab33858a3f5a1323d5018d9649e24f53840,SDRW2000000257.1.1.30,mfa_alignment_missing,alignment_and_analysis,C:\Users\ari30\research\2026_summer_research\outputs\reports\DIAG_2020_exact_id_reconciliation_after_fix.json,pending,MFA beam=10 and retry_beam=40 produced no word/phone intervals
2020,7b52204cdb2119b057e5d961ecd75ab33858a3f5a1323d5018d9649e24f53840,SDRW2000000257.1.1.300,mfa_alignment_missing,alignment_and_analysis,C:\Users\ari30\research\2026_summer_research\outputs\reports\DIAG_2020_exact_id_reconciliation_after_fix.json,pending,MFA beam=10 and retry_beam=40 produced no word/phone intervals
2020,7b52204cdb2119b057e5d961ecd75ab33858a3f5a1323d5018d9649e24f53840,SDRW2000000257.1.1.301,mfa_alignment_missing,alignment_and_analysis,C:\Users\ari30\research\2026_summer_research\outputs\reports\DIAG_2020_exact_id_reconciliation_after_fix.json,pending,MFA beam=10 and retry_beam=40 produced no word/phone intervals
2020,7b52204cdb2119b057e5d961ecd75ab33858a3f5a1323d5018d9649e24f53840,SDRW2000000257.1.1.302,mfa_alignment_missing,alignment_and_analysis,C:\Users\ari30\research\2026_summer_research\outputs\reports\DIAG_2020_exact_id_reconciliation_after_fix.json,pending,MFA beam=10 and retry_beam=40 produced no word/phone intervals
2020,7b52204cdb2119b057e5d961ecd75ab33858a3f5a1323d5018d9649e24f53840,SDRW2000000257.1.1.303,mfa_alignment_missing,alignment_and_analysis,C:\Users\ari30\research\2026_summer_research\outputs\reports\DIAG_2020_exact_id_reconciliation_after_fix.json,pending,MFA beam=10 and retry_beam=40 produced no word/phone intervals
2020,7b52204cdb2119b057e5d961ecd75ab33858a3f5a1323d5018d9649e24f53840,SDRW2000000257.1.1.304,mfa_alignment_missing,alignment_and_analysis,C:\Users\ari30\research\2026_summer_research\outputs\reports\DIAG_2020_exact_id_reconciliation_after_fix.json,pending,MFA beam=10 and retry_beam=40 produced no word/phone intervals
2020,7b52204cdb2119b057e5d961ecd75ab33858a3f5a1323d5018d9649e24f53840,SDRW2000000257.1.1.306,mfa_alignment_missing,alignment_and_analysis,C:\Users\ari30\research\2026_summer_research\outputs\reports\DIAG_2020_exact_id_reconciliation_after_fix.json,pending,MFA beam=10 and retry_beam=40 produced no word/phone intervals
2020,7b52204cdb2119b057e5d961ecd75ab33858a3f5a1323d5018d9649e24f53840,SDRW2000000257.1.1.32,mfa_alignment_missing,alignment_and_analysis,C:\Users\ari30\research\2026_summer_research\outputs\reports\DIAG_2020_exact_id_reconciliation_after_fix.json,pending,MFA beam=10 and retry_beam=40 produced no word/phone intervals
2020,7b52204cdb2119b057e5d961ecd75ab33858a3f5a1323d5018d9649e24f53840,SDRW2000000257.1.1.33,mfa_alignment_missing,alignment_and_analysis,C:\Users\ari30\research\2026_summer_research\outputs\reports\DIAG_2020_exact_id_reconciliation_after_fix.json,pending,MFA beam=10 and retry_beam=40 produced no word/phone intervals
2020,7b52204cdb2119b057e5d961ecd75ab33858a3f5a1323d5018d9649e24f53840,SDRW2000000257.1.1.334,mfa_alignment_missing,alignment_and_analysis,C:\Users\ari30\research\2026_summer_research\outputs\reports\DIAG_2020_exact_id_reconciliation_after_fix.json,pending,MFA beam=10 and retry_beam=40 produced no word/phone intervals
2020,7b52204cdb2119b057e5d961ecd75ab33858a3f5a1323d5018d9649e24f53840,SDRW2000000257.1.1.336,mfa_alignment_missing,alignment_and_analysis,C:\Users\ari30\research\2026_summer_research\outputs\reports\DIAG_2020_exact_id_reconciliation_after_fix.json,pending,MFA beam=10 and retry_beam=40 produced no word/phone intervals
2020,7b52204cdb2119b057e5d961ecd75ab33858a3f5a1323d5018d9649e24f53840,SDRW2000000257.1.1.337,mfa_alignment_missing,alignment_and_analysis,C:\Users\ari30\research\2026_summer_research\outputs\reports\DIAG_2020_exact_id_reconciliation_after_fix.json,pending,MFA beam=10 and retry_beam=40 produced no word/phone intervals
2020,7b52204cdb2119b057e5d961ecd75ab33858a3f5a1323d5018d9649e24f53840,SDRW2000000257.1.1.338,mfa_alignment_missing,alignment_and_analysis,C:\Users\ari30\research\2026_summer_research\outputs\reports\DIAG_2020_exact_id_reconciliation_after_fix.json,pending,MFA beam=10 and retry_beam=40 produced no word/phone intervals
2020,7b52204cdb2119b057e5d961ecd75ab33858a3f5a1323d5018d9649e24f53840,SDRW2000000257.1.1.339,mfa_alignment_missing,alignment_and_analysis,C:\Users\ari30\research\2026_summer_research\outputs\reports\DIAG_2020_exact_id_reconciliation_after_fix.json,pending,MFA beam=10 and retry_beam=40 produced no word/phone intervals
2020,7b52204cdb2119b057e5d961ecd75ab33858a3f5a1323d5018d9649e24f53840,SDRW2000000257.1.1.34,mfa_alignment_missing,alignment_and_analysis,C:\Users\ari30\research\2026_summer_research\outputs\reports\DIAG_2020_exact_id_reconciliation_after_fix.json,pending,MFA beam=10 and retry_beam=40 produced no word/phone intervals
2020,7b52204cdb2119b057e5d961ecd75ab33858a3f5a1323d5018d9649e24f53840,SDRW2000000257.1.1.340,mfa_alignment_missing,alignment_and_analysis,C:\Users\ari30\research\2026_summer_research\outputs\reports\DIAG_2020_exact_id_reconciliation_after_fix.json,pending,MFA beam=10 and retry_beam=40 produced no word/phone intervals
2020,7b52204cdb2119b057e5d961ecd75ab33858a3f5a1323d5018d9649e24f53840,SDRW2000000257.1.1.341,mfa_alignment_missing,alignment_and_analysis,C:\Users\ari30\research\2026_summer_research\outputs\reports\DIAG_2020_exact_id_reconciliation_after_fix.json,pending,MFA beam=10 and retry_beam=40 produced no word/phone intervals
2020,7b52204cdb2119b057e5d961ecd75ab33858a3f5a1323d5018d9649e24f53840,SDRW2000000257.1.1.342,mfa_alignment_missing,alignment_and_analysis,C:\Users\ari30\research\2026_summer_research\outputs\reports\DIAG_2020_exact_id_reconciliation_after_fix.json,pending,MFA beam=10 and retry_beam=40 produced no word/phone intervals
2020,7b52204cdb2119b057e5d961ecd75ab33858a3f5a1323d5018d9649e24f53840,SDRW2000000257.1.1.343,mfa_alignment_missing,alignment_and_analysis,C:\Users\ari30\research\2026_summer_research\outputs\reports\DIAG_2020_exact_id_reconciliation_after_fix.json,pending,MFA beam=10 and retry_beam=40 produced no word/phone intervals
2020,7b52204cdb2119b057e5d961ecd75ab33858a3f5a1323d5018d9649e24f53840,SDRW2000000257.1.1.344,mfa_alignment_missing,alignment_and_analysis,C:\Users\ari30\research\2026_summer_research\outputs\reports\DIAG_2020_exact_id_reconciliation_after_fix.json,pending,MFA beam=10 and retry_beam=40 produced no word/phone intervals
2020,7b52204cdb2119b057e5d961ecd75ab33858a3f5a1323d5018d9649e24f53840,SDRW2000000257.1.1.345,mfa_alignment_missing,alignment_and_analysis,C:\Users\ari30\research\2026_summer_research\outputs\reports\DIAG_2020_exact_id_reconciliation_after_fix.json,pending,MFA beam=10 and retry_beam=40 produced no word/phone intervals
2020,7b52204cdb2119b057e5d961ecd75ab33858a3f5a1323d5018d9649e24f53840,SDRW2000000257.1.1.346,mfa_alignment_missing,alignment_and_analysis,C:\Users\ari30\research\2026_summer_research\outputs\reports\DIAG_2020_exact_id_reconciliation_after_fix.json,pending,MFA beam=10 and retry_beam=40 produced no word/phone intervals
2020,7b52204cdb2119b057e5d961ecd75ab33858a3f5a1323d5018d9649e24f53840,SDRW2000000257.1.1.347,mfa_alignment_missing,alignment_and_analysis,C:\Users\ari30\research\2026_summer_research\outputs\reports\DIAG_2020_exact_id_reconciliation_after_fix.json,pending,MFA beam=10 and retry_beam=40 produced no word/phone intervals
2020,7b52204cdb2119b057e5d961ecd75ab33858a3f5a1323d5018d9649e24f53840,SDRW2000000257.1.1.348,mfa_alignment_missing,alignment_and_analysis,C:\Users\ari30\research\2026_summer_research\outputs\reports\DIAG_2020_exact_id_reconciliation_after_fix.json,pending,MFA beam=10 and retry_beam=40 produced no word/phone intervals
2020,7b52204cdb2119b057e5d961ecd75ab33858a3f5a1323d5018d9649e24f53840,SDRW2000000257.1.1.349,mfa_alignment_missing,alignment_and_analysis,C:\Users\ari30\research\2026_summer_research\outputs\reports\DIAG_2020_exact_id_reconciliation_after_fix.json,pending,MFA beam=10 and retry_beam=40 produced no word/phone intervals
2020,7b52204cdb2119b057e5d961ecd75ab33858a3f5a1323d5018d9649e24f53840,SDRW2000000257.1.1.35,mfa_alignment_missing,alignment_and_analysis,C:\Users\ari30\research\2026_summer_research\outputs\reports\DIAG_2020_exact_id_reconciliation_after_fix.json,pending,MFA beam=10 and retry_beam=40 produced no word/phone intervals
2020,7b52204cdb2119b057e5d961ecd75ab33858a3f5a1323d5018d9649e24f53840,SDRW2000000257.1.1.350,mfa_alignment_missing,alignment_and_analysis,C:\Users\ari30\research\2026_summer_research\outputs\reports\DIAG_2020_exact_id_reconciliation_after_fix.json,pending,MFA beam=10 and retry_beam=40 produced no word/phone intervals
2020,7b52204cdb2119b057e5d961ecd75ab33858a3f5a1323d5018d9649e24f53840,SDRW2000000257.1.1.351,mfa_alignment_missing,alignment_and_analysis,C:\Users\ari30\research\2026_summer_research\outputs\reports\DIAG_2020_exact_id_reconciliation_after_fix.json,pending,MFA beam=10 and retry_beam=40 produced no word/phone intervals
2020,7b52204cdb2119b057e5d961ecd75ab33858a3f5a1323d5018d9649e24f53840,SDRW2000000257.1.1.352,mfa_alignment_missing,alignment_and_analysis,C:\Users\ari30\research\2026_summer_research\outputs\reports\DIAG_2020_exact_id_reconciliation_after_fix.json,pending,MFA beam=10 and retry_beam=40 produced no word/phone intervals
2020,7b52204cdb2119b057e5d961ecd75ab33858a3f5a1323d5018d9649e24f53840,SDRW2000000257.1.1.354,mfa_alignment_missing,alignment_and_analysis,C:\Users\ari30\research\2026_summer_research\outputs\reports\DIAG_2020_exact_id_reconciliation_after_fix.json,pending,MFA beam=10 and retry_beam=40 produced no word/phone intervals
2020,7b52204cdb2119b057e5d961ecd75ab33858a3f5a1323d5018d9649e24f53840,SDRW2000000257.1.1.355,mfa_alignment_missing,alignment_and_analysis,C:\Users\ari30\research\2026_summer_research\outputs\reports\DIAG_2020_exact_id_reconciliation_after_fix.json,pending,MFA beam=10 and retry_beam=40 produced no word/phone intervals
2020,7b52204cdb2119b057e5d961ecd75ab33858a3f5a1323d5018d9649e24f53840,SDRW2000000257.1.1.356,mfa_alignment_missing,alignment_and_analysis,C:\Users\ari30\research\2026_summer_research\outputs\reports\DIAG_2020_exact_id_reconciliation_after_fix.json,pending,MFA beam=10 and retry_beam=40 produced no word/phone intervals
2020,7b52204cdb2119b057e5d961ecd75ab33858a3f5a1323d5018d9649e24f53840,SDRW2000000257.1.1.357,mfa_alignment_missing,alignment_and_analysis,C:\Users\ari30\research\2026_summer_research\outputs\reports\DIAG_2020_exact_id_reconciliation_after_fix.json,pending,MFA beam=10 and retry_beam=40 produced no word/phone intervals
2020,7b52204cdb2119b057e5d961ecd75ab33858a3f5a1323d5018d9649e24f53840,SDRW2000000257.1.1.37,mfa_alignment_missing,alignment_and_analysis,C:\Users\ari30\research\2026_summer_research\outputs\reports\DIAG_2020_exact_id_reconciliation_after_fix.json,pending,MFA beam=10 and retry_beam=40 produced no word/phone intervals
2020,7b52204cdb2119b057e5d961ecd75ab33858a3f5a1323d5018d9649e24f53840,SDRW2000000257.1.1.377,mfa_alignment_missing,alignment_and_analysis,C:\Users\ari30\research\2026_summer_research\outputs\reports\DIAG_2020_exact_id_reconciliation_after_fix.json,pending,MFA beam=10 and retry_beam=40 produced no word/phone intervals
2020,7b52204cdb2119b057e5d961ecd75ab33858a3f5a1323d5018d9649e24f53840,SDRW2000000257.1.1.382,mfa_alignment_missing,alignment_and_analysis,C:\Users\ari30\research\2026_summer_research\outputs\reports\DIAG_2020_exact_id_reconciliation_after_fix.json,pending,MFA beam=10 and retry_beam=40 produced no word/phone intervals
2020,7b52204cdb2119b057e5d961ecd75ab33858a3f5a1323d5018d9649e24f53840,SDRW2000000257.1.1.39,mfa_alignment_missing,alignment_and_analysis,C:\Users\ari30\research\2026_summer_research\outputs\reports\DIAG_2020_exact_id_reconciliation_after_fix.json,pending,MFA beam=10 and retry_beam=40 produced no word/phone intervals
2020,7b52204cdb2119b057e5d961ecd75ab33858a3f5a1323d5018d9649e24f53840,SDRW2000000257.1.1.395,mfa_alignment_missing,alignment_and_analysis,C:\Users\ari30\research\2026_summer_research\outputs\reports\DIAG_2020_exact_id_reconciliation_after_fix.json,pending,MFA beam=10 and retry_beam=40 produced no word/phone intervals
2020,7b52204cdb2119b057e5d961ecd75ab33858a3f5a1323d5018d9649e24f53840,SDRW2000000257.1.1.396,mfa_alignment_missing,alignment_and_analysis,C:\Users\ari30\research\2026_summer_research\outputs\reports\DIAG_2020_exact_id_reconciliation_after_fix.json,pending,MFA beam=10 and retry_beam=40 produced no word/phone intervals
2020,7b52204cdb2119b057e5d961ecd75ab33858a3f5a1323d5018d9649e24f53840,SDRW2000000257.1.1.397,mfa_alignment_missing,alignment_and_analysis,C:\Users\ari30\research\2026_summer_research\outputs\reports\DIAG_2020_exact_id_reconciliation_after_fix.json,pending,MFA beam=10 and retry_beam=40 produced no word/phone intervals
2020,7b52204cdb2119b057e5d961ecd75ab33858a3f5a1323d5018d9649e24f53840,SDRW2000000257.1.1.398,mfa_alignment_missing,alignment_and_analysis,C:\Users\ari30\research\2026_summer_research\outputs\reports\DIAG_2020_exact_id_reconciliation_after_fix.json,pending,MFA beam=10 and retry_beam=40 produced no word/phone intervals
2020,7b52204cdb2119b057e5d961ecd75ab33858a3f5a1323d5018d9649e24f53840,SDRW2000000257.1.1.399,mfa_alignment_missing,alignment_and_analysis,C:\Users\ari30\research\2026_summer_research\outputs\reports\DIAG_2020_exact_id_reconciliation_after_fix.json,pending,MFA beam=10 and retry_beam=40 produced no word/phone intervals
2020,7b52204cdb2119b057e5d961ecd75ab33858a3f5a1323d5018d9649e24f53840,SDRW2000000257.1.1.400,mfa_alignment_missing,alignment_and_analysis,C:\Users\ari30\research\2026_summer_research\outputs\reports\DIAG_2020_exact_id_reconciliation_after_fix.json,pending,MFA beam=10 and retry_beam=40 produced no word/phone intervals
2020,7b52204cdb2119b057e5d961ecd75ab33858a3f5a1323d5018d9649e24f53840,SDRW2000000257.1.1.401,mfa_alignment_missing,alignment_and_analysis,C:\Users\ari30\research\2026_summer_research\outputs\reports\DIAG_2020_exact_id_reconciliation_after_fix.json,pending,MFA beam=10 and retry_beam=40 produced no word/phone intervals
2020,7b52204cdb2119b057e5d961ecd75ab33858a3f5a1323d5018d9649e24f53840,SDRW2000000257.1.1.402,mfa_alignment_missing,alignment_and_analysis,C:\Users\ari30\research\2026_summer_research\outputs\reports\DIAG_2020_exact_id_reconciliation_after_fix.json,pending,MFA beam=10 and retry_beam=40 produced no word/phone intervals
2020,7b52204cdb2119b057e5d961ecd75ab33858a3f5a1323d5018d9649e24f53840,SDRW2000000257.1.1.403,mfa_alignment_missing,alignment_and_analysis,C:\Users\ari30\research\2026_summer_research\outputs\reports\DIAG_2020_exact_id_reconciliation_after_fix.json,pending,MFA beam=10 and retry_beam=40 produced no word/phone intervals
2020,7b52204cdb2119b057e5d961ecd75ab33858a3f5a1323d5018d9649e24f53840,SDRW2000000257.1.1.404,mfa_alignment_missing,alignment_and_analysis,C:\Users\ari30\research\2026_summer_research\outputs\reports\DIAG_2020_exact_id_reconciliation_after_fix.json,pending,MFA beam=10 and retry_beam=40 produced no word/phone intervals
2020,7b52204cdb2119b057e5d961ecd75ab33858a3f5a1323d5018d9649e24f53840,SDRW2000000257.1.1.405,mfa_alignment_missing,alignment_and_analysis,C:\Users\ari30\research\2026_summer_research\outputs\reports\DIAG_2020_exact_id_reconciliation_after_fix.json,pending,MFA beam=10 and retry_beam=40 produced no word/phone intervals
2020,7b52204cdb2119b057e5d961ecd75ab33858a3f5a1323d5018d9649e24f53840,SDRW2000000257.1.1.406,mfa_alignment_missing,alignment_and_analysis,C:\Users\ari30\research\2026_summer_research\outputs\reports\DIAG_2020_exact_id_reconciliation_after_fix.json,pending,MFA beam=10 and retry_beam=40 produced no word/phone intervals
2020,7b52204cdb2119b057e5d961ecd75ab33858a3f5a1323d5018d9649e24f53840,SDRW2000000257.1.1.407,mfa_alignment_missing,alignment_and_analysis,C:\Users\ari30\research\2026_summer_research\outputs\reports\DIAG_2020_exact_id_reconciliation_after_fix.json,pending,MFA beam=10 and retry_beam=40 produced no word/phone intervals
2020,7b52204cdb2119b057e5d961ecd75ab33858a3f5a1323d5018d9649e24f53840,SDRW2000000257.1.1.408,mfa_alignment_missing,alignment_and_analysis,C:\Users\ari30\research\2026_summer_research\outputs\reports\DIAG_2020_exact_id_reconciliation_after_fix.json,pending,MFA beam=10 and retry_beam=40 produced no word/phone intervals
2020,7b52204cdb2119b057e5d961ecd75ab33858a3f5a1323d5018d9649e24f53840,SDRW2000000257.1.1.410,mfa_alignment_missing,alignment_and_analysis,C:\Users\ari30\research\2026_summer_research\outputs\reports\DIAG_2020_exact_id_reconciliation_after_fix.json,pending,MFA beam=10 and retry_beam=40 produced no word/phone intervals
2020,7b52204cdb2119b057e5d961ecd75ab33858a3f5a1323d5018d9649e24f53840,SDRW2000000257.1.1.412,mfa_alignment_missing,alignment_and_analysis,C:\Users\ari30\research\2026_summer_research\outputs\reports\DIAG_2020_exact_id_reconciliation_after_fix.json,pending,MFA beam=10 and retry_beam=40 produced no word/phone intervals
2020,7b52204cdb2119b057e5d961ecd75ab33858a3f5a1323d5018d9649e24f53840,SDRW2000000257.1.1.413,mfa_alignment_missing,alignment_and_analysis,C:\Users\ari30\research\2026_summer_research\outputs\reports\DIAG_2020_exact_id_reconciliation_after_fix.json,pending,MFA beam=10 and retry_beam=40 produced no word/phone intervals
2020,7b52204cdb2119b057e5d961ecd75ab33858a3f5a1323d5018d9649e24f53840,SDRW2000000257.1.1.415,mfa_alignment_missing,alignment_and_analysis,C:\Users\ari30\research\2026_summer_research\outputs\reports\DIAG_2020_exact_id_reconciliation_after_fix.json,pending,MFA beam=10 and retry_beam=40 produced no word/phone intervals
2020,7b52204cdb2119b057e5d961ecd75ab33858a3f5a1323d5018d9649e24f53840,SDRW2000000257.1.1.416,mfa_alignment_missing,alignment_and_analysis,C:\Users\ari30\research\2026_summer_research\outputs\reports\DIAG_2020_exact_id_reconciliation_after_fix.json,pending,MFA beam=10 and retry_beam=40 produced no word/phone intervals
2020,7b52204cdb2119b057e5d961ecd75ab33858a3f5a1323d5018d9649e24f53840,SDRW2000000257.1.1.417,mfa_alignment_missing,alignment_and_analysis,C:\Users\ari30\research\2026_summer_research\outputs\reports\DIAG_2020_exact_id_reconciliation_after_fix.json,pending,MFA beam=10 and retry_beam=40 produced no word/phone intervals
2020,7b52204cdb2119b057e5d961ecd75ab33858a3f5a1323d5018d9649e24f53840,SDRW2000000257.1.1.418,mfa_alignment_missing,alignment_and_analysis,C:\Users\ari30\research\2026_summer_research\outputs\reports\DIAG_2020_exact_id_reconciliation_after_fix.json,pending,MFA beam=10 and retry_beam=40 produced no word/phone intervals
2020,7b52204cdb2119b057e5d961ecd75ab33858a3f5a1323d5018d9649e24f53840,SDRW2000000257.1.1.419,mfa_alignment_missing,alignment_and_analysis,C:\Users\ari30\research\2026_summer_research\outputs\reports\DIAG_2020_exact_id_reconciliation_after_fix.json,pending,MFA beam=10 and retry_beam=40 produced no word/phone intervals
2020,7b52204cdb2119b057e5d961ecd75ab33858a3f5a1323d5018d9649e24f53840,SDRW2000000257.1.1.420,mfa_alignment_missing,alignment_and_analysis,C:\Users\ari30\research\2026_summer_research\outputs\reports\DIAG_2020_exact_id_reconciliation_after_fix.json,pending,MFA beam=10 and retry_beam=40 produced no word/phone intervals
2020,7b52204cdb2119b057e5d961ecd75ab33858a3f5a1323d5018d9649e24f53840,SDRW2000000257.1.1.421,mfa_alignment_missing,alignment_and_analysis,C:\Users\ari30\research\2026_summer_research\outputs\reports\DIAG_2020_exact_id_reconciliation_after_fix.json,pending,MFA beam=10 and retry_beam=40 produced no word/phone intervals
2020,7b52204cdb2119b057e5d961ecd75ab33858a3f5a1323d5018d9649e24f53840,SDRW2000000257.1.1.424,mfa_alignment_missing,alignment_and_analysis,C:\Users\ari30\research\2026_summer_research\outputs\reports\DIAG_2020_exact_id_reconciliation_after_fix.json,pending,MFA beam=10 and retry_beam=40 produced no word/phone intervals
2020,7b52204cdb2119b057e5d961ecd75ab33858a3f5a1323d5018d9649e24f53840,SDRW2000000257.1.1.425,mfa_alignment_missing,alignment_and_analysis,C:\Users\ari30\research\2026_summer_research\outputs\reports\DIAG_2020_exact_id_reconciliation_after_fix.json,pending,MFA beam=10 and retry_beam=40 produced no word/phone intervals
2020,7b52204cdb2119b057e5d961ecd75ab33858a3f5a1323d5018d9649e24f53840,SDRW2000000257.1.1.426,mfa_alignment_missing,alignment_and_analysis,C:\Users\ari30\research\2026_summer_research\outputs\reports\DIAG_2020_exact_id_reconciliation_after_fix.json,pending,MFA beam=10 and retry_beam=40 produced no word/phone intervals
2020,7b52204cdb2119b057e5d961ecd75ab33858a3f5a1323d5018d9649e24f53840,SDRW2000000257.1.1.427,mfa_alignment_missing,alignment_and_analysis,C:\Users\ari30\research\2026_summer_research\outputs\reports\DIAG_2020_exact_id_reconciliation_after_fix.json,pending,MFA beam=10 and retry_beam=40 produced no word/phone intervals
2020,7b52204cdb2119b057e5d961ecd75ab33858a3f5a1323d5018d9649e24f53840,SDRW2000000257.1.1.429,mfa_alignment_missing,alignment_and_analysis,C:\Users\ari30\research\2026_summer_research\outputs\reports\DIAG_2020_exact_id_reconciliation_after_fix.json,pending,MFA beam=10 and retry_beam=40 produced no word/phone intervals
2020,7b52204cdb2119b057e5d961ecd75ab33858a3f5a1323d5018d9649e24f53840,SDRW2000000257.1.1.430,mfa_alignment_missing,alignment_and_analysis,C:\Users\ari30\research\2026_summer_research\outputs\reports\DIAG_2020_exact_id_reconciliation_after_fix.json,pending,MFA beam=10 and retry_beam=40 produced no word/phone intervals
2020,7b52204cdb2119b057e5d961ecd75ab33858a3f5a1323d5018d9649e24f53840,SDRW2000000257.1.1.431,mfa_alignment_missing,alignment_and_analysis,C:\Users\ari30\research\2026_summer_research\outputs\reports\DIAG_2020_exact_id_reconciliation_after_fix.json,pending,MFA beam=10 and retry_beam=40 produced no word/phone intervals
2020,7b52204cdb2119b057e5d961ecd75ab33858a3f5a1323d5018d9649e24f53840,SDRW2000000257.1.1.5,mfa_alignment_missing,alignment_and_analysis,C:\Users\ari30\research\2026_summer_research\outputs\reports\DIAG_2020_exact_id_reconciliation_after_fix.json,pending,MFA beam=10 and retry_beam=40 produced no word/phone intervals
2020,7b52204cdb2119b057e5d961ecd75ab33858a3f5a1323d5018d9649e24f53840,SDRW2000000257.1.1.6,mfa_alignment_missing,alignment_and_analysis,C:\Users\ari30\research\2026_summer_research\outputs\reports\DIAG_2020_exact_id_reconciliation_after_fix.json,pending,MFA beam=10 and retry_beam=40 produced no word/phone intervals
2020,7b52204cdb2119b057e5d961ecd75ab33858a3f5a1323d5018d9649e24f53840,SDRW2000000257.1.1.64,mfa_alignment_missing,alignment_and_analysis,C:\Users\ari30\research\2026_summer_research\outputs\reports\DIAG_2020_exact_id_reconciliation_after_fix.json,pending,MFA beam=10 and retry_beam=40 produced no word/phone intervals
2020,7b52204cdb2119b057e5d961ecd75ab33858a3f5a1323d5018d9649e24f53840,SDRW2000000257.1.1.65,mfa_alignment_missing,alignment_and_analysis,C:\Users\ari30\research\2026_summer_research\outputs\reports\DIAG_2020_exact_id_reconciliation_after_fix.json,pending,MFA beam=10 and retry_beam=40 produced no word/phone intervals
2020,7b52204cdb2119b057e5d961ecd75ab33858a3f5a1323d5018d9649e24f53840,SDRW2000000257.1.1.66,mfa_alignment_missing,alignment_and_analysis,C:\Users\ari30\research\2026_summer_research\outputs\reports\DIAG_2020_exact_id_reconciliation_after_fix.json,pending,MFA beam=10 and retry_beam=40 produced no word/phone intervals
2020,7b52204cdb2119b057e5d961ecd75ab33858a3f5a1323d5018d9649e24f53840,SDRW2000000257.1.1.67,mfa_alignment_missing,alignment_and_analysis,C:\Users\ari30\research\2026_summer_research\outputs\reports\DIAG_2020_exact_id_reconciliation_after_fix.json,pending,MFA beam=10 and retry_beam=40 produced no word/phone intervals
2020,7b52204cdb2119b057e5d961ecd75ab33858a3f5a1323d5018d9649e24f53840,SDRW2000000257.1.1.68,mfa_alignment_missing,alignment_and_analysis,C:\Users\ari30\research\2026_summer_research\outputs\reports\DIAG_2020_exact_id_reconciliation_after_fix.json,pending,MFA beam=10 and retry_beam=40 produced no word/phone intervals
2020,7b52204cdb2119b057e5d961ecd75ab33858a3f5a1323d5018d9649e24f53840,SDRW2000000257.1.1.7,mfa_alignment_missing,alignment_and_analysis,C:\Users\ari30\research\2026_summer_research\outputs\reports\DIAG_2020_exact_id_reconciliation_after_fix.json,pending,MFA beam=10 and retry_beam=40 produced no word/phone intervals
2020,7b52204cdb2119b057e5d961ecd75ab33858a3f5a1323d5018d9649e24f53840,SDRW2000000257.1.1.70,mfa_alignment_missing,alignment_and_analysis,C:\Users\ari30\research\2026_summer_research\outputs\reports\DIAG_2020_exact_id_reconciliation_after_fix.json,pending,MFA beam=10 and retry_beam=40 produced no word/phone intervals
2020,7b52204cdb2119b057e5d961ecd75ab33858a3f5a1323d5018d9649e24f53840,SDRW2000000257.1.1.71,mfa_alignment_missing,alignment_and_analysis,C:\Users\ari30\research\2026_summer_research\outputs\reports\DIAG_2020_exact_id_reconciliation_after_fix.json,pending,MFA beam=10 and retry_beam=40 produced no word/phone intervals
2020,7b52204cdb2119b057e5d961ecd75ab33858a3f5a1323d5018d9649e24f53840,SDRW2000000257.1.1.72,mfa_alignment_missing,alignment_and_analysis,C:\Users\ari30\research\2026_summer_research\outputs\reports\DIAG_2020_exact_id_reconciliation_after_fix.json,pending,MFA beam=10 and retry_beam=40 produced no word/phone intervals
2020,7b52204cdb2119b057e5d961ecd75ab33858a3f5a1323d5018d9649e24f53840,SDRW2000000257.1.1.73,mfa_alignment_missing,alignment_and_analysis,C:\Users\ari30\research\2026_summer_research\outputs\reports\DIAG_2020_exact_id_reconciliation_after_fix.json,pending,MFA beam=10 and retry_beam=40 produced no word/phone intervals
2020,7b52204cdb2119b057e5d961ecd75ab33858a3f5a1323d5018d9649e24f53840,SDRW2000000257.1.1.74,mfa_alignment_missing,alignment_and_analysis,C:\Users\ari30\research\2026_summer_research\outputs\reports\DIAG_2020_exact_id_reconciliation_after_fix.json,pending,MFA beam=10 and retry_beam=40 produced no word/phone intervals
2020,7b52204cdb2119b057e5d961ecd75ab33858a3f5a1323d5018d9649e24f53840,SDRW2000000257.1.1.76,mfa_alignment_missing,alignment_and_analysis,C:\Users\ari30\research\2026_summer_research\outputs\reports\DIAG_2020_exact_id_reconciliation_after_fix.json,pending,MFA beam=10 and retry_beam=40 produced no word/phone intervals
2020,7b52204cdb2119b057e5d961ecd75ab33858a3f5a1323d5018d9649e24f53840,SDRW2000000257.1.1.77,mfa_alignment_missing,alignment_and_analysis,C:\Users\ari30\research\2026_summer_research\outputs\reports\DIAG_2020_exact_id_reconciliation_after_fix.json,pending,MFA beam=10 and retry_beam=40 produced no word/phone intervals
2020,7b52204cdb2119b057e5d961ecd75ab33858a3f5a1323d5018d9649e24f53840,SDRW2000000257.1.1.78,mfa_alignment_missing,alignment_and_analysis,C:\Users\ari30\research\2026_summer_research\outputs\reports\DIAG_2020_exact_id_reconciliation_after_fix.json,pending,MFA beam=10 and retry_beam=40 produced no word/phone intervals
2020,7b52204cdb2119b057e5d961ecd75ab33858a3f5a1323d5018d9649e24f53840,SDRW2000000257.1.1.79,mfa_alignment_missing,alignment_and_analysis,C:\Users\ari30\research\2026_summer_research\outputs\reports\DIAG_2020_exact_id_reconciliation_after_fix.json,pending,MFA beam=10 and retry_beam=40 produced no word/phone intervals
2020,7b52204cdb2119b057e5d961ecd75ab33858a3f5a1323d5018d9649e24f53840,SDRW2000000257.1.1.8,mfa_alignment_missing,alignment_and_analysis,C:\Users\ari30\research\2026_summer_research\outputs\reports\DIAG_2020_exact_id_reconciliation_after_fix.json,pending,MFA beam=10 and retry_beam=40 produced no word/phone intervals
2020,7b52204cdb2119b057e5d961ecd75ab33858a3f5a1323d5018d9649e24f53840,SDRW2000000257.1.1.80,mfa_alignment_missing,alignment_and_analysis,C:\Users\ari30\research\2026_summer_research\outputs\reports\DIAG_2020_exact_id_reconciliation_after_fix.json,pending,MFA beam=10 and retry_beam=40 produced no word/phone intervals
2020,7b52204cdb2119b057e5d961ecd75ab33858a3f5a1323d5018d9649e24f53840,SDRW2000000257.1.1.81,mfa_alignment_missing,alignment_and_analysis,C:\Users\ari30\research\2026_summer_research\outputs\reports\DIAG_2020_exact_id_reconciliation_after_fix.json,pending,MFA beam=10 and retry_beam=40 produced no word/phone intervals
2020,7b52204cdb2119b057e5d961ecd75ab33858a3f5a1323d5018d9649e24f53840,SDRW2000000257.1.1.82,mfa_alignment_missing,alignment_and_analysis,C:\Users\ari30\research\2026_summer_research\outputs\reports\DIAG_2020_exact_id_reconciliation_after_fix.json,pending,MFA beam=10 and retry_beam=40 produced no word/phone intervals
2020,7b52204cdb2119b057e5d961ecd75ab33858a3f5a1323d5018d9649e24f53840,SDRW2000000257.1.1.83,mfa_alignment_missing,alignment_and_analysis,C:\Users\ari30\research\2026_summer_research\outputs\reports\DIAG_2020_exact_id_reconciliation_after_fix.json,pending,MFA beam=10 and retry_beam=40 produced no word/phone intervals
2020,7b52204cdb2119b057e5d961ecd75ab33858a3f5a1323d5018d9649e24f53840,SDRW2000000257.1.1.84,mfa_alignment_missing,alignment_and_analysis,C:\Users\ari30\research\2026_summer_research\outputs\reports\DIAG_2020_exact_id_reconciliation_after_fix.json,pending,MFA beam=10 and retry_beam=40 produced no word/phone intervals
2020,7b52204cdb2119b057e5d961ecd75ab33858a3f5a1323d5018d9649e24f53840,SDRW2000000257.1.1.85,mfa_alignment_missing,alignment_and_analysis,C:\Users\ari30\research\2026_summer_research\outputs\reports\DIAG_2020_exact_id_reconciliation_after_fix.json,pending,MFA beam=10 and retry_beam=40 produced no word/phone intervals
2020,7b52204cdb2119b057e5d961ecd75ab33858a3f5a1323d5018d9649e24f53840,SDRW2000000257.1.1.86,mfa_alignment_missing,alignment_and_analysis,C:\Users\ari30\research\2026_summer_research\outputs\reports\DIAG_2020_exact_id_reconciliation_after_fix.json,pending,MFA beam=10 and retry_beam=40 produced no word/phone intervals
2020,7b52204cdb2119b057e5d961ecd75ab33858a3f5a1323d5018d9649e24f53840,SDRW2000000257.1.1.87,mfa_alignment_missing,alignment_and_analysis,C:\Users\ari30\research\2026_summer_research\outputs\reports\DIAG_2020_exact_id_reconciliation_after_fix.json,pending,MFA beam=10 and retry_beam=40 produced no word/phone intervals
2020,7b52204cdb2119b057e5d961ecd75ab33858a3f5a1323d5018d9649e24f53840,SDRW2000000257.1.1.89,mfa_alignment_missing,alignment_and_analysis,C:\Users\ari30\research\2026_summer_research\outputs\reports\DIAG_2020_exact_id_reconciliation_after_fix.json,pending,MFA beam=10 and retry_beam=40 produced no word/phone intervals
2020,7b52204cdb2119b057e5d961ecd75ab33858a3f5a1323d5018d9649e24f53840,SDRW2000000257.1.1.9,mfa_alignment_missing,alignment_and_analysis,C:\Users\ari30\research\2026_summer_research\outputs\reports\DIAG_2020_exact_id_reconciliation_after_fix.json,pending,MFA beam=10 and retry_beam=40 produced no word/phone intervals
2020,7b52204cdb2119b057e5d961ecd75ab33858a3f5a1323d5018d9649e24f53840,SDRW2000000257.1.1.90,mfa_alignment_missing,alignment_and_analysis,C:\Users\ari30\research\2026_summer_research\outputs\reports\DIAG_2020_exact_id_reconciliation_after_fix.json,pending,MFA beam=10 and retry_beam=40 produced no word/phone intervals
2020,7b52204cdb2119b057e5d961ecd75ab33858a3f5a1323d5018d9649e24f53840,SDRW2000000257.1.1.91,mfa_alignment_missing,alignment_and_analysis,C:\Users\ari30\research\2026_summer_research\outputs\reports\DIAG_2020_exact_id_reconciliation_after_fix.json,pending,MFA beam=10 and retry_beam=40 produced no word/phone intervals
2020,7b52204cdb2119b057e5d961ecd75ab33858a3f5a1323d5018d9649e24f53840,SDRW2000000257.1.1.92,mfa_alignment_missing,alignment_and_analysis,C:\Users\ari30\research\2026_summer_research\outputs\reports\DIAG_2020_exact_id_reconciliation_after_fix.json,pending,MFA beam=10 and retry_beam=40 produced no word/phone intervals
2020,7b52204cdb2119b057e5d961ecd75ab33858a3f5a1323d5018d9649e24f53840,SDRW2000000257.1.1.93,mfa_alignment_missing,alignment_and_analysis,C:\Users\ari30\research\2026_summer_research\outputs\reports\DIAG_2020_exact_id_reconciliation_after_fix.json,pending,MFA beam=10 and retry_beam=40 produced no word/phone intervals
2020,7b52204cdb2119b057e5d961ecd75ab33858a3f5a1323d5018d9649e24f53840,SDRW2000000257.1.1.94,mfa_alignment_missing,alignment_and_analysis,C:\Users\ari30\research\2026_summer_research\outputs\reports\DIAG_2020_exact_id_reconciliation_after_fix.json,pending,MFA beam=10 and retry_beam=40 produced no word/phone intervals
2020,7b52204cdb2119b057e5d961ecd75ab33858a3f5a1323d5018d9649e24f53840,SDRW2000000257.1.1.96,mfa_alignment_missing,alignment_and_analysis,C:\Users\ari30\research\2026_summer_research\outputs\reports\DIAG_2020_exact_id_reconciliation_after_fix.json,pending,MFA beam=10 and retry_beam=40 produced no word/phone intervals
2020,7b52204cdb2119b057e5d961ecd75ab33858a3f5a1323d5018d9649e24f53840,SDRW2000000257.1.1.97,mfa_alignment_missing,alignment_and_analysis,C:\Users\ari30\research\2026_summer_research\outputs\reports\DIAG_2020_exact_id_reconciliation_after_fix.json,pending,MFA beam=10 and retry_beam=40 produced no word/phone intervals
2020,7b52204cdb2119b057e5d961ecd75ab33858a3f5a1323d5018d9649e24f53840,SDRW2000000285.1.1.101,mfa_alignment_missing,alignment_and_analysis,C:\Users\ari30\research\2026_summer_research\outputs\reports\DIAG_2020_exact_id_reconciliation_after_fix.json,pending,MFA beam=10 and retry_beam=40 produced no word/phone intervals
2020,7b52204cdb2119b057e5d961ecd75ab33858a3f5a1323d5018d9649e24f53840,SDRW2000000309.1.1.81,mfa_alignment_missing,alignment_and_analysis,C:\Users\ari30\research\2026_summer_research\outputs\reports\DIAG_2020_exact_id_reconciliation_after_fix.json,pending,MFA beam=10 and retry_beam=40 produced no word/phone intervals
2020,7b52204cdb2119b057e5d961ecd75ab33858a3f5a1323d5018d9649e24f53840,SDRW2000000336.1.1.86,mfa_alignment_missing,alignment_and_analysis,C:\Users\ari30\research\2026_summer_research\outputs\reports\DIAG_2020_exact_id_reconciliation_after_fix.json,pending,MFA beam=10 and retry_beam=40 produced no word/phone intervals
2020,7b52204cdb2119b057e5d961ecd75ab33858a3f5a1323d5018d9649e24f53840,SDRW2000000350.1.1.35,mfa_alignment_missing,alignment_and_analysis,C:\Users\ari30\research\2026_summer_research\outputs\reports\DIAG_2020_exact_id_reconciliation_after_fix.json,pending,MFA beam=10 and retry_beam=40 produced no word/phone intervals
2020,7b52204cdb2119b057e5d961ecd75ab33858a3f5a1323d5018d9649e24f53840,SDRW2000000467.1.1.90,mfa_alignment_missing,alignment_and_analysis,C:\Users\ari30\research\2026_summer_research\outputs\reports\DIAG_2020_exact_id_reconciliation_after_fix.json,pending,MFA beam=10 and retry_beam=40 produced no word/phone intervals
2020,7b52204cdb2119b057e5d961ecd75ab33858a3f5a1323d5018d9649e24f53840,SDRW2000000509.1.1.252,mfa_alignment_missing,alignment_and_analysis,C:\Users\ari30\research\2026_summer_research\outputs\reports\DIAG_2020_exact_id_reconciliation_after_fix.json,pending,MFA beam=10 and retry_beam=40 produced no word/phone intervals
2020,7b52204cdb2119b057e5d961ecd75ab33858a3f5a1323d5018d9649e24f53840,SDRW2000000514.1.1.169,mfa_alignment_missing,alignment_and_analysis,C:\Users\ari30\research\2026_summer_research\outputs\reports\DIAG_2020_exact_id_reconciliation_after_fix.json,pending,MFA beam=10 and retry_beam=40 produced no word/phone intervals
2020,7b52204cdb2119b057e5d961ecd75ab33858a3f5a1323d5018d9649e24f53840,SDRW2000000514.1.1.181,mfa_alignment_missing,alignment_and_analysis,C:\Users\ari30\research\2026_summer_research\outputs\reports\DIAG_2020_exact_id_reconciliation_after_fix.json,pending,MFA beam=10 and retry_beam=40 produced no word/phone intervals
2020,7b52204cdb2119b057e5d961ecd75ab33858a3f5a1323d5018d9649e24f53840,SDRW2000000514.1.1.182,mfa_alignment_missing,alignment_and_analysis,C:\Users\ari30\research\2026_summer_research\outputs\reports\DIAG_2020_exact_id_reconciliation_after_fix.json,pending,MFA beam=10 and retry_beam=40 produced no word/phone intervals
2020,7b52204cdb2119b057e5d961ecd75ab33858a3f5a1323d5018d9649e24f53840,SDRW2000000514.1.1.184,mfa_alignment_missing,alignment_and_analysis,C:\Users\ari30\research\2026_summer_research\outputs\reports\DIAG_2020_exact_id_reconciliation_after_fix.json,pending,MFA beam=10 and retry_beam=40 produced no word/phone intervals
2020,7b52204cdb2119b057e5d961ecd75ab33858a3f5a1323d5018d9649e24f53840,SDRW2000000514.1.1.185,mfa_alignment_missing,alignment_and_analysis,C:\Users\ari30\research\2026_summer_research\outputs\reports\DIAG_2020_exact_id_reconciliation_after_fix.json,pending,MFA beam=10 and retry_beam=40 produced no word/phone intervals
2020,7b52204cdb2119b057e5d961ecd75ab33858a3f5a1323d5018d9649e24f53840,SDRW2000000514.1.1.189,mfa_alignment_missing,alignment_and_analysis,C:\Users\ari30\research\2026_summer_research\outputs\reports\DIAG_2020_exact_id_reconciliation_after_fix.json,pending,MFA beam=10 and retry_beam=40 produced no word/phone intervals
2020,7b52204cdb2119b057e5d961ecd75ab33858a3f5a1323d5018d9649e24f53840,SDRW2000000514.1.1.193,mfa_alignment_missing,alignment_and_analysis,C:\Users\ari30\research\2026_summer_research\outputs\reports\DIAG_2020_exact_id_reconciliation_after_fix.json,pending,MFA beam=10 and retry_beam=40 produced no word/phone intervals
2020,7b52204cdb2119b057e5d961ecd75ab33858a3f5a1323d5018d9649e24f53840,SDRW2000000514.1.1.196,mfa_alignment_missing,alignment_and_analysis,C:\Users\ari30\research\2026_summer_research\outputs\reports\DIAG_2020_exact_id_reconciliation_after_fix.json,pending,MFA beam=10 and retry_beam=40 produced no word/phone intervals
2020,7b52204cdb2119b057e5d961ecd75ab33858a3f5a1323d5018d9649e24f53840,SDRW2000000514.1.1.201,mfa_alignment_missing,alignment_and_analysis,C:\Users\ari30\research\2026_summer_research\outputs\reports\DIAG_2020_exact_id_reconciliation_after_fix.json,pending,MFA beam=10 and retry_beam=40 produced no word/phone intervals
2020,7b52204cdb2119b057e5d961ecd75ab33858a3f5a1323d5018d9649e24f53840,SDRW2000000514.1.1.209,mfa_alignment_missing,alignment_and_analysis,C:\Users\ari30\research\2026_summer_research\outputs\reports\DIAG_2020_exact_id_reconciliation_after_fix.json,pending,MFA beam=10 and retry_beam=40 produced no word/phone intervals
2020,7b52204cdb2119b057e5d961ecd75ab33858a3f5a1323d5018d9649e24f53840,SDRW2000000514.1.1.223,mfa_alignment_missing,alignment_and_analysis,C:\Users\ari30\research\2026_summer_research\outputs\reports\DIAG_2020_exact_id_reconciliation_after_fix.json,pending,MFA beam=10 and retry_beam=40 produced no word/phone intervals
2020,7b52204cdb2119b057e5d961ecd75ab33858a3f5a1323d5018d9649e24f53840,SDRW2000000514.1.1.237,mfa_alignment_missing,alignment_and_analysis,C:\Users\ari30\research\2026_summer_research\outputs\reports\DIAG_2020_exact_id_reconciliation_after_fix.json,pending,MFA beam=10 and retry_beam=40 produced no word/phone intervals
2020,7b52204cdb2119b057e5d961ecd75ab33858a3f5a1323d5018d9649e24f53840,SDRW2000000514.1.1.241,mfa_alignment_missing,alignment_and_analysis,C:\Users\ari30\research\2026_summer_research\outputs\reports\DIAG_2020_exact_id_reconciliation_after_fix.json,pending,MFA beam=10 and retry_beam=40 produced no word/phone intervals
2020,7b52204cdb2119b057e5d961ecd75ab33858a3f5a1323d5018d9649e24f53840,SDRW2000000514.1.1.244,mfa_alignment_missing,alignment_and_analysis,C:\Users\ari30\research\2026_summer_research\outputs\reports\DIAG_2020_exact_id_reconciliation_after_fix.json,pending,MFA beam=10 and retry_beam=40 produced no word/phone intervals
2020,7b52204cdb2119b057e5d961ecd75ab33858a3f5a1323d5018d9649e24f53840,SDRW2000000514.1.1.264,mfa_alignment_missing,alignment_and_analysis,C:\Users\ari30\research\2026_summer_research\outputs\reports\DIAG_2020_exact_id_reconciliation_after_fix.json,pending,MFA beam=10 and retry_beam=40 produced no word/phone intervals
2020,7b52204cdb2119b057e5d961ecd75ab33858a3f5a1323d5018d9649e24f53840,SDRW2000000514.1.1.272,mfa_alignment_missing,alignment_and_analysis,C:\Users\ari30\research\2026_summer_research\outputs\reports\DIAG_2020_exact_id_reconciliation_after_fix.json,pending,MFA beam=10 and retry_beam=40 produced no word/phone intervals
2020,7b52204cdb2119b057e5d961ecd75ab33858a3f5a1323d5018d9649e24f53840,SDRW2000000514.1.1.275,mfa_alignment_missing,alignment_and_analysis,C:\Users\ari30\research\2026_summer_research\outputs\reports\DIAG_2020_exact_id_reconciliation_after_fix.json,pending,MFA beam=10 and retry_beam=40 produced no word/phone intervals
2020,7b52204cdb2119b057e5d961ecd75ab33858a3f5a1323d5018d9649e24f53840,SDRW2000000514.1.1.283,mfa_alignment_missing,alignment_and_analysis,C:\Users\ari30\research\2026_summer_research\outputs\reports\DIAG_2020_exact_id_reconciliation_after_fix.json,pending,MFA beam=10 and retry_beam=40 produced no word/phone intervals
2020,7b52204cdb2119b057e5d961ecd75ab33858a3f5a1323d5018d9649e24f53840,SDRW2000000514.1.1.284,mfa_alignment_missing,alignment_and_analysis,C:\Users\ari30\research\2026_summer_research\outputs\reports\DIAG_2020_exact_id_reconciliation_after_fix.json,pending,MFA beam=10 and retry_beam=40 produced no word/phone intervals
2020,7b52204cdb2119b057e5d961ecd75ab33858a3f5a1323d5018d9649e24f53840,SDRW2000000514.1.1.292,mfa_alignment_missing,alignment_and_analysis,C:\Users\ari30\research\2026_summer_research\outputs\reports\DIAG_2020_exact_id_reconciliation_after_fix.json,pending,MFA beam=10 and retry_beam=40 produced no word/phone intervals
2020,7b52204cdb2119b057e5d961ecd75ab33858a3f5a1323d5018d9649e24f53840,SDRW2000000514.1.1.295,mfa_alignment_missing,alignment_and_analysis,C:\Users\ari30\research\2026_summer_research\outputs\reports\DIAG_2020_exact_id_reconciliation_after_fix.json,pending,MFA beam=10 and retry_beam=40 produced no word/phone intervals
2020,7b52204cdb2119b057e5d961ecd75ab33858a3f5a1323d5018d9649e24f53840,SDRW2000000514.1.1.296,mfa_alignment_missing,alignment_and_analysis,C:\Users\ari30\research\2026_summer_research\outputs\reports\DIAG_2020_exact_id_reconciliation_after_fix.json,pending,MFA beam=10 and retry_beam=40 produced no word/phone intervals
2020,7b52204cdb2119b057e5d961ecd75ab33858a3f5a1323d5018d9649e24f53840,SDRW2000000514.1.1.297,mfa_alignment_missing,alignment_and_analysis,C:\Users\ari30\research\2026_summer_research\outputs\reports\DIAG_2020_exact_id_reconciliation_after_fix.json,pending,MFA beam=10 and retry_beam=40 produced no word/phone intervals
2020,7b52204cdb2119b057e5d961ecd75ab33858a3f5a1323d5018d9649e24f53840,SDRW2000000514.1.1.298,mfa_alignment_missing,alignment_and_analysis,C:\Users\ari30\research\2026_summer_research\outputs\reports\DIAG_2020_exact_id_reconciliation_after_fix.json,pending,MFA beam=10 and retry_beam=40 produced no word/phone intervals
2020,7b52204cdb2119b057e5d961ecd75ab33858a3f5a1323d5018d9649e24f53840,SDRW2000000514.1.1.300,mfa_alignment_missing,alignment_and_analysis,C:\Users\ari30\research\2026_summer_research\outputs\reports\DIAG_2020_exact_id_reconciliation_after_fix.json,pending,MFA beam=10 and retry_beam=40 produced no word/phone intervals
2020,7b52204cdb2119b057e5d961ecd75ab33858a3f5a1323d5018d9649e24f53840,SDRW2000000514.1.1.301,mfa_alignment_missing,alignment_and_analysis,C:\Users\ari30\research\2026_summer_research\outputs\reports\DIAG_2020_exact_id_reconciliation_after_fix.json,pending,MFA beam=10 and retry_beam=40 produced no word/phone intervals
2020,7b52204cdb2119b057e5d961ecd75ab33858a3f5a1323d5018d9649e24f53840,SDRW2000000514.1.1.304,mfa_alignment_missing,alignment_and_analysis,C:\Users\ari30\research\2026_summer_research\outputs\reports\DIAG_2020_exact_id_reconciliation_after_fix.json,pending,MFA beam=10 and retry_beam=40 produced no word/phone intervals
2020,7b52204cdb2119b057e5d961ecd75ab33858a3f5a1323d5018d9649e24f53840,SDRW2000000514.1.1.309,mfa_alignment_missing,alignment_and_analysis,C:\Users\ari30\research\2026_summer_research\outputs\reports\DIAG_2020_exact_id_reconciliation_after_fix.json,pending,MFA beam=10 and retry_beam=40 produced no word/phone intervals
2020,7b52204cdb2119b057e5d961ecd75ab33858a3f5a1323d5018d9649e24f53840,SDRW2000000541.1.1.162,mfa_alignment_missing,alignment_and_analysis,C:\Users\ari30\research\2026_summer_research\outputs\reports\DIAG_2020_exact_id_reconciliation_after_fix.json,pending,MFA beam=10 and retry_beam=40 produced no word/phone intervals
2020,7b52204cdb2119b057e5d961ecd75ab33858a3f5a1323d5018d9649e24f53840,SDRW2000000541.1.1.87,mfa_alignment_missing,alignment_and_analysis,C:\Users\ari30\research\2026_summer_research\outputs\reports\DIAG_2020_exact_id_reconciliation_after_fix.json,pending,MFA beam=10 and retry_beam=40 produced no word/phone intervals
2020,7b52204cdb2119b057e5d961ecd75ab33858a3f5a1323d5018d9649e24f53840,SDRW2000000551.1.1.167,mfa_alignment_missing,alignment_and_analysis,C:\Users\ari30\research\2026_summer_research\outputs\reports\DIAG_2020_exact_id_reconciliation_after_fix.json,pending,MFA beam=10 and retry_beam=40 produced no word/phone intervals
2020,7b52204cdb2119b057e5d961ecd75ab33858a3f5a1323d5018d9649e24f53840,SDRW2000000596.1.1.319,mfa_alignment_missing,alignment_and_analysis,C:\Users\ari30\research\2026_summer_research\outputs\reports\DIAG_2020_exact_id_reconciliation_after_fix.json,pending,MFA beam=10 and retry_beam=40 produced no word/phone intervals
2020,7b52204cdb2119b057e5d961ecd75ab33858a3f5a1323d5018d9649e24f53840,SDRW2000000599.1.1.349,mfa_alignment_missing,alignment_and_analysis,C:\Users\ari30\research\2026_summer_research\outputs\reports\DIAG_2020_exact_id_reconciliation_after_fix.json,pending,MFA beam=10 and retry_beam=40 produced no word/phone intervals
2020,7b52204cdb2119b057e5d961ecd75ab33858a3f5a1323d5018d9649e24f53840,SDRW2000000601.1.1.21,mfa_alignment_missing,alignment_and_analysis,C:\Users\ari30\research\2026_summer_research\outputs\reports\DIAG_2020_exact_id_reconciliation_after_fix.json,pending,MFA beam=10 and retry_beam=40 produced no word/phone intervals
2020,7b52204cdb2119b057e5d961ecd75ab33858a3f5a1323d5018d9649e24f53840,SDRW2000000658.1.1.278,mfa_alignment_missing,alignment_and_analysis,C:\Users\ari30\research\2026_summer_research\outputs\reports\DIAG_2020_exact_id_reconciliation_after_fix.json,pending,MFA beam=10 and retry_beam=40 produced no word/phone intervals
2020,7b52204cdb2119b057e5d961ecd75ab33858a3f5a1323d5018d9649e24f53840,SDRW2000000665.1.1.20,mfa_alignment_missing,alignment_and_analysis,C:\Users\ari30\research\2026_summer_research\outputs\reports\DIAG_2020_exact_id_reconciliation_after_fix.json,pending,MFA beam=10 and retry_beam=40 produced no word/phone intervals
2020,7b52204cdb2119b057e5d961ecd75ab33858a3f5a1323d5018d9649e24f53840,SDRW2000000683.1.1.172,mfa_alignment_missing,alignment_and_analysis,C:\Users\ari30\research\2026_summer_research\outputs\reports\DIAG_2020_exact_id_reconciliation_after_fix.json,pending,MFA beam=10 and retry_beam=40 produced no word/phone intervals
2020,7b52204cdb2119b057e5d961ecd75ab33858a3f5a1323d5018d9649e24f53840,SDRW2000000684.1.1.239,mfa_alignment_missing,alignment_and_analysis,C:\Users\ari30\research\2026_summer_research\outputs\reports\DIAG_2020_exact_id_reconciliation_after_fix.json,pending,MFA beam=10 and retry_beam=40 produced no word/phone intervals
2020,7b52204cdb2119b057e5d961ecd75ab33858a3f5a1323d5018d9649e24f53840,SDRW2000000720.1.1.328,mfa_alignment_missing,alignment_and_analysis,C:\Users\ari30\research\2026_summer_research\outputs\reports\DIAG_2020_exact_id_reconciliation_after_fix.json,pending,MFA beam=10 and retry_beam=40 produced no word/phone intervals
2020,7b52204cdb2119b057e5d961ecd75ab33858a3f5a1323d5018d9649e24f53840,SDRW2000000766.1.1.43,mfa_alignment_missing,alignment_and_analysis,C:\Users\ari30\research\2026_summer_research\outputs\reports\DIAG_2020_exact_id_reconciliation_after_fix.json,pending,MFA beam=10 and retry_beam=40 produced no word/phone intervals
2020,7b52204cdb2119b057e5d961ecd75ab33858a3f5a1323d5018d9649e24f53840,SDRW2000000783.1.1.8,mfa_alignment_missing,alignment_and_analysis,C:\Users\ari30\research\2026_summer_research\outputs\reports\DIAG_2020_exact_id_reconciliation_after_fix.json,pending,MFA beam=10 and retry_beam=40 produced no word/phone intervals
2020,7b52204cdb2119b057e5d961ecd75ab33858a3f5a1323d5018d9649e24f53840,SDRW2000000860.1.1.305,mfa_alignment_missing,alignment_and_analysis,C:\Users\ari30\research\2026_summer_research\outputs\reports\DIAG_2020_exact_id_reconciliation_after_fix.json,pending,MFA beam=10 and retry_beam=40 produced no word/phone intervals
2020,7b52204cdb2119b057e5d961ecd75ab33858a3f5a1323d5018d9649e24f53840,SDRW2000000902.1.1.277,mfa_alignment_missing,alignment_and_analysis,C:\Users\ari30\research\2026_summer_research\outputs\reports\DIAG_2020_exact_id_reconciliation_after_fix.json,pending,MFA beam=10 and retry_beam=40 produced no word/phone intervals
2020,7b52204cdb2119b057e5d961ecd75ab33858a3f5a1323d5018d9649e24f53840,SDRW2000000952.1.1.186,mfa_alignment_missing,alignment_and_analysis,C:\Users\ari30\research\2026_summer_research\outputs\reports\DIAG_2020_exact_id_reconciliation_after_fix.json,pending,MFA beam=10 and retry_beam=40 produced no word/phone intervals
2020,7b52204cdb2119b057e5d961ecd75ab33858a3f5a1323d5018d9649e24f53840,SDRW2000000966.1.1.100,mfa_alignment_missing,alignment_and_analysis,C:\Users\ari30\research\2026_summer_research\outputs\reports\DIAG_2020_exact_id_reconciliation_after_fix.json,pending,MFA beam=10 and retry_beam=40 produced no word/phone intervals
2020,7b52204cdb2119b057e5d961ecd75ab33858a3f5a1323d5018d9649e24f53840,SDRW2000000989.1.1.395,mfa_alignment_missing,alignment_and_analysis,C:\Users\ari30\research\2026_summer_research\outputs\reports\DIAG_2020_exact_id_reconciliation_after_fix.json,pending,MFA beam=10 and retry_beam=40 produced no word/phone intervals
2020,7b52204cdb2119b057e5d961ecd75ab33858a3f5a1323d5018d9649e24f53840,SDRW2000001008.1.1.285,mfa_alignment_missing,alignment_and_analysis,C:\Users\ari30\research\2026_summer_research\outputs\reports\DIAG_2020_exact_id_reconciliation_after_fix.json,pending,MFA beam=10 and retry_beam=40 produced no word/phone intervals
2020,7b52204cdb2119b057e5d961ecd75ab33858a3f5a1323d5018d9649e24f53840,SDRW2000001063.1.1.219,mfa_alignment_missing,alignment_and_analysis,C:\Users\ari30\research\2026_summer_research\outputs\reports\DIAG_2020_exact_id_reconciliation_after_fix.json,pending,MFA beam=10 and retry_beam=40 produced no word/phone intervals
2020,7b52204cdb2119b057e5d961ecd75ab33858a3f5a1323d5018d9649e24f53840,SDRW2000001069.1.1.365,mfa_alignment_missing,alignment_and_analysis,C:\Users\ari30\research\2026_summer_research\outputs\reports\DIAG_2020_exact_id_reconciliation_after_fix.json,pending,MFA beam=10 and retry_beam=40 produced no word/phone intervals
2020,7b52204cdb2119b057e5d961ecd75ab33858a3f5a1323d5018d9649e24f53840,SDRW2000001095.1.1.67,mfa_alignment_missing,alignment_and_analysis,C:\Users\ari30\research\2026_summer_research\outputs\reports\DIAG_2020_exact_id_reconciliation_after_fix.json,pending,MFA beam=10 and retry_beam=40 produced no word/phone intervals
2020,7b52204cdb2119b057e5d961ecd75ab33858a3f5a1323d5018d9649e24f53840,SDRW2000001095.1.1.83,mfa_alignment_missing,alignment_and_analysis,C:\Users\ari30\research\2026_summer_research\outputs\reports\DIAG_2020_exact_id_reconciliation_after_fix.json,pending,MFA beam=10 and retry_beam=40 produced no word/phone intervals
2020,7b52204cdb2119b057e5d961ecd75ab33858a3f5a1323d5018d9649e24f53840,SDRW2000001136.1.1.112,mfa_alignment_missing,alignment_and_analysis,C:\Users\ari30\research\2026_summer_research\outputs\reports\DIAG_2020_exact_id_reconciliation_after_fix.json,pending,MFA beam=10 and retry_beam=40 produced no word/phone intervals
2020,7b52204cdb2119b057e5d961ecd75ab33858a3f5a1323d5018d9649e24f53840,SDRW2000001148.1.1.256,mfa_alignment_missing,alignment_and_analysis,C:\Users\ari30\research\2026_summer_research\outputs\reports\DIAG_2020_exact_id_reconciliation_after_fix.json,pending,MFA beam=10 and retry_beam=40 produced no word/phone intervals
2020,7b52204cdb2119b057e5d961ecd75ab33858a3f5a1323d5018d9649e24f53840,SDRW2000001166.1.1.346,mfa_alignment_missing,alignment_and_analysis,C:\Users\ari30\research\2026_summer_research\outputs\reports\DIAG_2020_exact_id_reconciliation_after_fix.json,pending,MFA beam=10 and retry_beam=40 produced no word/phone intervals
2020,7b52204cdb2119b057e5d961ecd75ab33858a3f5a1323d5018d9649e24f53840,SDRW2000001207.1.1.284,mfa_alignment_missing,alignment_and_analysis,C:\Users\ari30\research\2026_summer_research\outputs\reports\DIAG_2020_exact_id_reconciliation_after_fix.json,pending,MFA beam=10 and retry_beam=40 produced no word/phone intervals
2020,7b52204cdb2119b057e5d961ecd75ab33858a3f5a1323d5018d9649e24f53840,SDRW2000001244.1.1.74,mfa_alignment_missing,alignment_and_analysis,C:\Users\ari30\research\2026_summer_research\outputs\reports\DIAG_2020_exact_id_reconciliation_after_fix.json,pending,MFA beam=10 and retry_beam=40 produced no word/phone intervals
2020,7b52204cdb2119b057e5d961ecd75ab33858a3f5a1323d5018d9649e24f53840,SDRW2000001269.1.1.256,mfa_alignment_missing,alignment_and_analysis,C:\Users\ari30\research\2026_summer_research\outputs\reports\DIAG_2020_exact_id_reconciliation_after_fix.json,pending,MFA beam=10 and retry_beam=40 produced no word/phone intervals
2020,7b52204cdb2119b057e5d961ecd75ab33858a3f5a1323d5018d9649e24f53840,SDRW2000001407.1.1.335,mfa_alignment_missing,alignment_and_analysis,C:\Users\ari30\research\2026_summer_research\outputs\reports\DIAG_2020_exact_id_reconciliation_after_fix.json,pending,MFA beam=10 and retry_beam=40 produced no word/phone intervals
2020,7b52204cdb2119b057e5d961ecd75ab33858a3f5a1323d5018d9649e24f53840,SDRW2000001407.1.1.417,mfa_alignment_missing,alignment_and_analysis,C:\Users\ari30\research\2026_summer_research\outputs\reports\DIAG_2020_exact_id_reconciliation_after_fix.json,pending,MFA beam=10 and retry_beam=40 produced no word/phone intervals
2020,7b52204cdb2119b057e5d961ecd75ab33858a3f5a1323d5018d9649e24f53840,SDRW2000001419.1.1.193,mfa_alignment_missing,alignment_and_analysis,C:\Users\ari30\research\2026_summer_research\outputs\reports\DIAG_2020_exact_id_reconciliation_after_fix.json,pending,MFA beam=10 and retry_beam=40 produced no word/phone intervals
2020,7b52204cdb2119b057e5d961ecd75ab33858a3f5a1323d5018d9649e24f53840,SDRW2000001419.1.1.54,mfa_alignment_missing,alignment_and_analysis,C:\Users\ari30\research\2026_summer_research\outputs\reports\DIAG_2020_exact_id_reconciliation_after_fix.json,pending,MFA beam=10 and retry_beam=40 produced no word/phone intervals
2020,7b52204cdb2119b057e5d961ecd75ab33858a3f5a1323d5018d9649e24f53840,SDRW2000001445.1.1.149,mfa_alignment_missing,alignment_and_analysis,C:\Users\ari30\research\2026_summer_research\outputs\reports\DIAG_2020_exact_id_reconciliation_after_fix.json,pending,MFA beam=10 and retry_beam=40 produced no word/phone intervals
2020,7b52204cdb2119b057e5d961ecd75ab33858a3f5a1323d5018d9649e24f53840,SDRW2000001445.1.1.155,mfa_alignment_missing,alignment_and_analysis,C:\Users\ari30\research\2026_summer_research\outputs\reports\DIAG_2020_exact_id_reconciliation_after_fix.json,pending,MFA beam=10 and retry_beam=40 produced no word/phone intervals
2020,7b52204cdb2119b057e5d961ecd75ab33858a3f5a1323d5018d9649e24f53840,SDRW2000001466.1.1.192,mfa_alignment_missing,alignment_and_analysis,C:\Users\ari30\research\2026_summer_research\outputs\reports\DIAG_2020_exact_id_reconciliation_after_fix.json,pending,MFA beam=10 and retry_beam=40 produced no word/phone intervals
2020,7b52204cdb2119b057e5d961ecd75ab33858a3f5a1323d5018d9649e24f53840,SDRW2000001470.1.1.48,mfa_alignment_missing,alignment_and_analysis,C:\Users\ari30\research\2026_summer_research\outputs\reports\DIAG_2020_exact_id_reconciliation_after_fix.json,pending,MFA beam=10 and retry_beam=40 produced no word/phone intervals
2020,7b52204cdb2119b057e5d961ecd75ab33858a3f5a1323d5018d9649e24f53840,SDRW2000001535.1.1.265,mfa_alignment_missing,alignment_and_analysis,C:\Users\ari30\research\2026_summer_research\outputs\reports\DIAG_2020_exact_id_reconciliation_after_fix.json,pending,MFA beam=10 and retry_beam=40 produced no word/phone intervals
2020,7b52204cdb2119b057e5d961ecd75ab33858a3f5a1323d5018d9649e24f53840,SDRW2000001565.1.1.111,mfa_alignment_missing,alignment_and_analysis,C:\Users\ari30\research\2026_summer_research\outputs\reports\DIAG_2020_exact_id_reconciliation_after_fix.json,pending,MFA beam=10 and retry_beam=40 produced no word/phone intervals
2020,7b52204cdb2119b057e5d961ecd75ab33858a3f5a1323d5018d9649e24f53840,SDRW2000001580.1.1.129,mfa_alignment_missing,alignment_and_analysis,C:\Users\ari30\research\2026_summer_research\outputs\reports\DIAG_2020_exact_id_reconciliation_after_fix.json,pending,MFA beam=10 and retry_beam=40 produced no word/phone intervals
2020,7b52204cdb2119b057e5d961ecd75ab33858a3f5a1323d5018d9649e24f53840,SDRW2000001612.1.1.402,mfa_alignment_missing,alignment_and_analysis,C:\Users\ari30\research\2026_summer_research\outputs\reports\DIAG_2020_exact_id_reconciliation_after_fix.json,pending,MFA beam=10 and retry_beam=40 produced no word/phone intervals
2020,7b52204cdb2119b057e5d961ecd75ab33858a3f5a1323d5018d9649e24f53840,SDRW2000001613.1.1.217,mfa_alignment_missing,alignment_and_analysis,C:\Users\ari30\research\2026_summer_research\outputs\reports\DIAG_2020_exact_id_reconciliation_after_fix.json,pending,MFA beam=10 and retry_beam=40 produced no word/phone intervals
2020,7b52204cdb2119b057e5d961ecd75ab33858a3f5a1323d5018d9649e24f53840,SDRW2000001613.1.1.98,mfa_alignment_missing,alignment_and_analysis,C:\Users\ari30\research\2026_summer_research\outputs\reports\DIAG_2020_exact_id_reconciliation_after_fix.json,pending,MFA beam=10 and retry_beam=40 produced no word/phone intervals
2020,7b52204cdb2119b057e5d961ecd75ab33858a3f5a1323d5018d9649e24f53840,SDRW2000001626.1.1.156,mfa_alignment_missing,alignment_and_analysis,C:\Users\ari30\research\2026_summer_research\outputs\reports\DIAG_2020_exact_id_reconciliation_after_fix.json,pending,MFA beam=10 and retry_beam=40 produced no word/phone intervals
2020,7b52204cdb2119b057e5d961ecd75ab33858a3f5a1323d5018d9649e24f53840,SDRW2000001672.1.1.347,mfa_alignment_missing,alignment_and_analysis,C:\Users\ari30\research\2026_summer_research\outputs\reports\DIAG_2020_exact_id_reconciliation_after_fix.json,pending,MFA beam=10 and retry_beam=40 produced no word/phone intervals
2020,7b52204cdb2119b057e5d961ecd75ab33858a3f5a1323d5018d9649e24f53840,SDRW2000001683.1.1.33,mfa_alignment_missing,alignment_and_analysis,C:\Users\ari30\research\2026_summer_research\outputs\reports\DIAG_2020_exact_id_reconciliation_after_fix.json,pending,MFA beam=10 and retry_beam=40 produced no word/phone intervals
2020,7b52204cdb2119b057e5d961ecd75ab33858a3f5a1323d5018d9649e24f53840,SDRW2000001685.1.1.212,mfa_alignment_missing,alignment_and_analysis,C:\Users\ari30\research\2026_summer_research\outputs\reports\DIAG_2020_exact_id_reconciliation_after_fix.json,pending,MFA beam=10 and retry_beam=40 produced no word/phone intervals
2020,7b52204cdb2119b057e5d961ecd75ab33858a3f5a1323d5018d9649e24f53840,SDRW2000001685.1.1.296,mfa_alignment_missing,alignment_and_analysis,C:\Users\ari30\research\2026_summer_research\outputs\reports\DIAG_2020_exact_id_reconciliation_after_fix.json,pending,MFA beam=10 and retry_beam=40 produced no word/phone intervals
2020,7b52204cdb2119b057e5d961ecd75ab33858a3f5a1323d5018d9649e24f53840,SDRW2000001694.1.1.183,mfa_alignment_missing,alignment_and_analysis,C:\Users\ari30\research\2026_summer_research\outputs\reports\DIAG_2020_exact_id_reconciliation_after_fix.json,pending,MFA beam=10 and retry_beam=40 produced no word/phone intervals
2020,7b52204cdb2119b057e5d961ecd75ab33858a3f5a1323d5018d9649e24f53840,SDRW2000001694.1.1.312,mfa_alignment_missing,alignment_and_analysis,C:\Users\ari30\research\2026_summer_research\outputs\reports\DIAG_2020_exact_id_reconciliation_after_fix.json,pending,MFA beam=10 and retry_beam=40 produced no word/phone intervals
2020,7b52204cdb2119b057e5d961ecd75ab33858a3f5a1323d5018d9649e24f53840,SDRW2000001694.1.1.403,mfa_alignment_missing,alignment_and_analysis,C:\Users\ari30\research\2026_summer_research\outputs\reports\DIAG_2020_exact_id_reconciliation_after_fix.json,pending,MFA beam=10 and retry_beam=40 produced no word/phone intervals
2020,7b52204cdb2119b057e5d961ecd75ab33858a3f5a1323d5018d9649e24f53840,SDRW2000001699.1.1.15,mfa_alignment_missing,alignment_and_analysis,C:\Users\ari30\research\2026_summer_research\outputs\reports\DIAG_2020_exact_id_reconciliation_after_fix.json,pending,MFA beam=10 and retry_beam=40 produced no word/phone intervals
2020,7b52204cdb2119b057e5d961ecd75ab33858a3f5a1323d5018d9649e24f53840,SDRW2000001708.1.1.267,mfa_alignment_missing,alignment_and_analysis,C:\Users\ari30\research\2026_summer_research\outputs\reports\DIAG_2020_exact_id_reconciliation_after_fix.json,pending,MFA beam=10 and retry_beam=40 produced no word/phone intervals
2020,7b52204cdb2119b057e5d961ecd75ab33858a3f5a1323d5018d9649e24f53840,SDRW2000001718.1.1.126,mfa_alignment_missing,alignment_and_analysis,C:\Users\ari30\research\2026_summer_research\outputs\reports\DIAG_2020_exact_id_reconciliation_after_fix.json,pending,MFA beam=10 and retry_beam=40 produced no word/phone intervals
2020,7b52204cdb2119b057e5d961ecd75ab33858a3f5a1323d5018d9649e24f53840,SDRW2000001724.1.1.109,mfa_alignment_missing,alignment_and_analysis,C:\Users\ari30\research\2026_summer_research\outputs\reports\DIAG_2020_exact_id_reconciliation_after_fix.json,pending,MFA beam=10 and retry_beam=40 produced no word/phone intervals
2020,7b52204cdb2119b057e5d961ecd75ab33858a3f5a1323d5018d9649e24f53840,SDRW2000001732.1.1.29,mfa_alignment_missing,alignment_and_analysis,C:\Users\ari30\research\2026_summer_research\outputs\reports\DIAG_2020_exact_id_reconciliation_after_fix.json,pending,MFA beam=10 and retry_beam=40 produced no word/phone intervals
2020,7b52204cdb2119b057e5d961ecd75ab33858a3f5a1323d5018d9649e24f53840,SDRW2000001739.1.1.281,mfa_alignment_missing,alignment_and_analysis,C:\Users\ari30\research\2026_summer_research\outputs\reports\DIAG_2020_exact_id_reconciliation_after_fix.json,pending,MFA beam=10 and retry_beam=40 produced no word/phone intervals
2020,7b52204cdb2119b057e5d961ecd75ab33858a3f5a1323d5018d9649e24f53840,SDRW2000001823.1.1.198,mfa_alignment_missing,alignment_and_analysis,C:\Users\ari30\research\2026_summer_research\outputs\reports\DIAG_2020_exact_id_reconciliation_after_fix.json,pending,MFA beam=10 and retry_beam=40 produced no word/phone intervals
2020,7b52204cdb2119b057e5d961ecd75ab33858a3f5a1323d5018d9649e24f53840,SDRW2000001823.1.1.316,mfa_alignment_missing,alignment_and_analysis,C:\Users\ari30\research\2026_summer_research\outputs\reports\DIAG_2020_exact_id_reconciliation_after_fix.json,pending,MFA beam=10 and retry_beam=40 produced no word/phone intervals
2020,7b52204cdb2119b057e5d961ecd75ab33858a3f5a1323d5018d9649e24f53840,SDRW2000001846.1.1.283,mfa_alignment_missing,alignment_and_analysis,C:\Users\ari30\research\2026_summer_research\outputs\reports\DIAG_2020_exact_id_reconciliation_after_fix.json,pending,MFA beam=10 and retry_beam=40 produced no word/phone intervals
2020,7b52204cdb2119b057e5d961ecd75ab33858a3f5a1323d5018d9649e24f53840,SDRW2000001859.1.1.367,mfa_alignment_missing,alignment_and_analysis,C:\Users\ari30\research\2026_summer_research\outputs\reports\DIAG_2020_exact_id_reconciliation_after_fix.json,pending,MFA beam=10 and retry_beam=40 produced no word/phone intervals
2020,7b52204cdb2119b057e5d961ecd75ab33858a3f5a1323d5018d9649e24f53840,SDRW2000001967.1.1.106,mfa_alignment_missing,alignment_and_analysis,C:\Users\ari30\research\2026_summer_research\outputs\reports\DIAG_2020_exact_id_reconciliation_after_fix.json,pending,MFA beam=10 and retry_beam=40 produced no word/phone intervals
2020,7b52204cdb2119b057e5d961ecd75ab33858a3f5a1323d5018d9649e24f53840,SDRW2000001987.1.1.205,mfa_alignment_missing,alignment_and_analysis,C:\Users\ari30\research\2026_summer_research\outputs\reports\DIAG_2020_exact_id_reconciliation_after_fix.json,pending,MFA beam=10 and retry_beam=40 produced no word/phone intervals
2020,7b52204cdb2119b057e5d961ecd75ab33858a3f5a1323d5018d9649e24f53840,SDRW2000001988.1.1.162,mfa_alignment_missing,alignment_and_analysis,C:\Users\ari30\research\2026_summer_research\outputs\reports\DIAG_2020_exact_id_reconciliation_after_fix.json,pending,MFA beam=10 and retry_beam=40 produced no word/phone intervals
2020,7b52204cdb2119b057e5d961ecd75ab33858a3f5a1323d5018d9649e24f53840,SDRW2000001988.1.1.202,mfa_alignment_missing,alignment_and_analysis,C:\Users\ari30\research\2026_summer_research\outputs\reports\DIAG_2020_exact_id_reconciliation_after_fix.json,pending,MFA beam=10 and retry_beam=40 produced no word/phone intervals
2020,7b52204cdb2119b057e5d961ecd75ab33858a3f5a1323d5018d9649e24f53840,SDRW2000002008.1.1.400,mfa_alignment_missing,alignment_and_analysis,C:\Users\ari30\research\2026_summer_research\outputs\reports\DIAG_2020_exact_id_reconciliation_after_fix.json,pending,MFA beam=10 and retry_beam=40 produced no word/phone intervals
2020,7b52204cdb2119b057e5d961ecd75ab33858a3f5a1323d5018d9649e24f53840,SDRW2000002013.1.1.396,mfa_alignment_missing,alignment_and_analysis,C:\Users\ari30\research\2026_summer_research\outputs\reports\DIAG_2020_exact_id_reconciliation_after_fix.json,pending,MFA beam=10 and retry_beam=40 produced no word/phone intervals
2020,7b52204cdb2119b057e5d961ecd75ab33858a3f5a1323d5018d9649e24f53840,SDRW2000002099.1.1.105,mfa_alignment_missing,alignment_and_analysis,C:\Users\ari30\research\2026_summer_research\outputs\reports\DIAG_2020_exact_id_reconciliation_after_fix.json,pending,MFA beam=10 and retry_beam=40 produced no word/phone intervals
2020,7b52204cdb2119b057e5d961ecd75ab33858a3f5a1323d5018d9649e24f53840,SDRW2000002118.1.1.113,mfa_alignment_missing,alignment_and_analysis,C:\Users\ari30\research\2026_summer_research\outputs\reports\DIAG_2020_exact_id_reconciliation_after_fix.json,pending,MFA beam=10 and retry_beam=40 produced no word/phone intervals
2020,7b52204cdb2119b057e5d961ecd75ab33858a3f5a1323d5018d9649e24f53840,SDRW2000002164.1.1.123,mfa_alignment_missing,alignment_and_analysis,C:\Users\ari30\research\2026_summer_research\outputs\reports\DIAG_2020_exact_id_reconciliation_after_fix.json,pending,MFA beam=10 and retry_beam=40 produced no word/phone intervals
2020,7b52204cdb2119b057e5d961ecd75ab33858a3f5a1323d5018d9649e24f53840,SDRW2000002164.1.1.160,mfa_alignment_missing,alignment_and_analysis,C:\Users\ari30\research\2026_summer_research\outputs\reports\DIAG_2020_exact_id_reconciliation_after_fix.json,pending,MFA beam=10 and retry_beam=40 produced no word/phone intervals
2020,7b52204cdb2119b057e5d961ecd75ab33858a3f5a1323d5018d9649e24f53840,SDRW2000002164.1.1.208,mfa_alignment_missing,alignment_and_analysis,C:\Users\ari30\research\2026_summer_research\outputs\reports\DIAG_2020_exact_id_reconciliation_after_fix.json,pending,MFA beam=10 and retry_beam=40 produced no word/phone intervals
2020,7b52204cdb2119b057e5d961ecd75ab33858a3f5a1323d5018d9649e24f53840,SDRW2000002164.1.1.213,mfa_alignment_missing,alignment_and_analysis,C:\Users\ari30\research\2026_summer_research\outputs\reports\DIAG_2020_exact_id_reconciliation_after_fix.json,pending,MFA beam=10 and retry_beam=40 produced no word/phone intervals
2020,7b52204cdb2119b057e5d961ecd75ab33858a3f5a1323d5018d9649e24f53840,SDRW2000002164.1.1.242,mfa_alignment_missing,alignment_and_analysis,C:\Users\ari30\research\2026_summer_research\outputs\reports\DIAG_2020_exact_id_reconciliation_after_fix.json,pending,MFA beam=10 and retry_beam=40 produced no word/phone intervals
2020,7b52204cdb2119b057e5d961ecd75ab33858a3f5a1323d5018d9649e24f53840,SDRW2000002164.1.1.272,mfa_alignment_missing,alignment_and_analysis,C:\Users\ari30\research\2026_summer_research\outputs\reports\DIAG_2020_exact_id_reconciliation_after_fix.json,pending,MFA beam=10 and retry_beam=40 produced no word/phone intervals
2020,7b52204cdb2119b057e5d961ecd75ab33858a3f5a1323d5018d9649e24f53840,SDRW2000002164.1.1.275,mfa_alignment_missing,alignment_and_analysis,C:\Users\ari30\research\2026_summer_research\outputs\reports\DIAG_2020_exact_id_reconciliation_after_fix.json,pending,MFA beam=10 and retry_beam=40 produced no word/phone intervals
2020,7b52204cdb2119b057e5d961ecd75ab33858a3f5a1323d5018d9649e24f53840,SDRW2000002164.1.1.383,mfa_alignment_missing,alignment_and_analysis,C:\Users\ari30\research\2026_summer_research\outputs\reports\DIAG_2020_exact_id_reconciliation_after_fix.json,pending,MFA beam=10 and retry_beam=40 produced no word/phone intervals
2020,7b52204cdb2119b057e5d961ecd75ab33858a3f5a1323d5018d9649e24f53840,SDRW2000002164.1.1.397,mfa_alignment_missing,alignment_and_analysis,C:\Users\ari30\research\2026_summer_research\outputs\reports\DIAG_2020_exact_id_reconciliation_after_fix.json,pending,MFA beam=10 and retry_beam=40 produced no word/phone intervals
2020,7b52204cdb2119b057e5d961ecd75ab33858a3f5a1323d5018d9649e24f53840,SDRW2000002165.1.1.139,mfa_alignment_missing,alignment_and_analysis,C:\Users\ari30\research\2026_summer_research\outputs\reports\DIAG_2020_exact_id_reconciliation_after_fix.json,pending,MFA beam=10 and retry_beam=40 produced no word/phone intervals
2020,7b52204cdb2119b057e5d961ecd75ab33858a3f5a1323d5018d9649e24f53840,SDRW2000002165.1.1.145,mfa_alignment_missing,alignment_and_analysis,C:\Users\ari30\research\2026_summer_research\outputs\reports\DIAG_2020_exact_id_reconciliation_after_fix.json,pending,MFA beam=10 and retry_beam=40 produced no word/phone intervals
2020,7b52204cdb2119b057e5d961ecd75ab33858a3f5a1323d5018d9649e24f53840,SDRW2000002165.1.1.163,mfa_alignment_missing,alignment_and_analysis,C:\Users\ari30\research\2026_summer_research\outputs\reports\DIAG_2020_exact_id_reconciliation_after_fix.json,pending,MFA beam=10 and retry_beam=40 produced no word/phone intervals
2020,7b52204cdb2119b057e5d961ecd75ab33858a3f5a1323d5018d9649e24f53840,SDRW2000002165.1.1.219,mfa_alignment_missing,alignment_and_analysis,C:\Users\ari30\research\2026_summer_research\outputs\reports\DIAG_2020_exact_id_reconciliation_after_fix.json,pending,MFA beam=10 and retry_beam=40 produced no word/phone intervals
2020,7b52204cdb2119b057e5d961ecd75ab33858a3f5a1323d5018d9649e24f53840,SDRW2000002165.1.1.222,mfa_alignment_missing,alignment_and_analysis,C:\Users\ari30\research\2026_summer_research\outputs\reports\DIAG_2020_exact_id_reconciliation_after_fix.json,pending,MFA beam=10 and retry_beam=40 produced no word/phone intervals
2020,7b52204cdb2119b057e5d961ecd75ab33858a3f5a1323d5018d9649e24f53840,SDRW2000002165.1.1.223,mfa_alignment_missing,alignment_and_analysis,C:\Users\ari30\research\2026_summer_research\outputs\reports\DIAG_2020_exact_id_reconciliation_after_fix.json,pending,MFA beam=10 and retry_beam=40 produced no word/phone intervals
2020,7b52204cdb2119b057e5d961ecd75ab33858a3f5a1323d5018d9649e24f53840,SDRW2000002165.1.1.231,mfa_alignment_missing,alignment_and_analysis,C:\Users\ari30\research\2026_summer_research\outputs\reports\DIAG_2020_exact_id_reconciliation_after_fix.json,pending,MFA beam=10 and retry_beam=40 produced no word/phone intervals
2020,7b52204cdb2119b057e5d961ecd75ab33858a3f5a1323d5018d9649e24f53840,SDRW2000002165.1.1.232,mfa_alignment_missing,alignment_and_analysis,C:\Users\ari30\research\2026_summer_research\outputs\reports\DIAG_2020_exact_id_reconciliation_after_fix.json,pending,MFA beam=10 and retry_beam=40 produced no word/phone intervals
2020,7b52204cdb2119b057e5d961ecd75ab33858a3f5a1323d5018d9649e24f53840,SDRW2000002165.1.1.239,mfa_alignment_missing,alignment_and_analysis,C:\Users\ari30\research\2026_summer_research\outputs\reports\DIAG_2020_exact_id_reconciliation_after_fix.json,pending,MFA beam=10 and retry_beam=40 produced no word/phone intervals
2020,7b52204cdb2119b057e5d961ecd75ab33858a3f5a1323d5018d9649e24f53840,SDRW2000002165.1.1.240,mfa_alignment_missing,alignment_and_analysis,C:\Users\ari30\research\2026_summer_research\outputs\reports\DIAG_2020_exact_id_reconciliation_after_fix.json,pending,MFA beam=10 and retry_beam=40 produced no word/phone intervals
2020,7b52204cdb2119b057e5d961ecd75ab33858a3f5a1323d5018d9649e24f53840,SDRW2000002165.1.1.250,mfa_alignment_missing,alignment_and_analysis,C:\Users\ari30\research\2026_summer_research\outputs\reports\DIAG_2020_exact_id_reconciliation_after_fix.json,pending,MFA beam=10 and retry_beam=40 produced no word/phone intervals
2020,7b52204cdb2119b057e5d961ecd75ab33858a3f5a1323d5018d9649e24f53840,SDRW2000002165.1.1.264,mfa_alignment_missing,alignment_and_analysis,C:\Users\ari30\research\2026_summer_research\outputs\reports\DIAG_2020_exact_id_reconciliation_after_fix.json,pending,MFA beam=10 and retry_beam=40 produced no word/phone intervals
2020,7b52204cdb2119b057e5d961ecd75ab33858a3f5a1323d5018d9649e24f53840,SDRW2000002165.1.1.302,mfa_alignment_missing,alignment_and_analysis,C:\Users\ari30\research\2026_summer_research\outputs\reports\DIAG_2020_exact_id_reconciliation_after_fix.json,pending,MFA beam=10 and retry_beam=40 produced no word/phone intervals
2020,7b52204cdb2119b057e5d961ecd75ab33858a3f5a1323d5018d9649e24f53840,SDRW2000002165.1.1.322,mfa_alignment_missing,alignment_and_analysis,C:\Users\ari30\research\2026_summer_research\outputs\reports\DIAG_2020_exact_id_reconciliation_after_fix.json,pending,MFA beam=10 and retry_beam=40 produced no word/phone intervals
2020,7b52204cdb2119b057e5d961ecd75ab33858a3f5a1323d5018d9649e24f53840,SDRW2000002165.1.1.325,mfa_alignment_missing,alignment_and_analysis,C:\Users\ari30\research\2026_summer_research\outputs\reports\DIAG_2020_exact_id_reconciliation_after_fix.json,pending,MFA beam=10 and retry_beam=40 produced no word/phone intervals
2020,7b52204cdb2119b057e5d961ecd75ab33858a3f5a1323d5018d9649e24f53840,SDRW2000002165.1.1.414,mfa_alignment_missing,alignment_and_analysis,C:\Users\ari30\research\2026_summer_research\outputs\reports\DIAG_2020_exact_id_reconciliation_after_fix.json,pending,MFA beam=10 and retry_beam=40 produced no word/phone intervals
2020,7b52204cdb2119b057e5d961ecd75ab33858a3f5a1323d5018d9649e24f53840,SDRW2000002165.1.1.86,mfa_alignment_missing,alignment_and_analysis,C:\Users\ari30\research\2026_summer_research\outputs\reports\DIAG_2020_exact_id_reconciliation_after_fix.json,pending,MFA beam=10 and retry_beam=40 produced no word/phone intervals
2020,7b52204cdb2119b057e5d961ecd75ab33858a3f5a1323d5018d9649e24f53840,SDRW2000002167.1.1.304,mfa_alignment_missing,alignment_and_analysis,C:\Users\ari30\research\2026_summer_research\outputs\reports\DIAG_2020_exact_id_reconciliation_after_fix.json,pending,MFA beam=10 and retry_beam=40 produced no word/phone intervals
2020,7b52204cdb2119b057e5d961ecd75ab33858a3f5a1323d5018d9649e24f53840,SDRW2000002171.1.1.324,mfa_alignment_missing,alignment_and_analysis,C:\Users\ari30\research\2026_summer_research\outputs\reports\DIAG_2020_exact_id_reconciliation_after_fix.json,pending,MFA beam=10 and retry_beam=40 produced no word/phone intervals
2020,7b52204cdb2119b057e5d961ecd75ab33858a3f5a1323d5018d9649e24f53840,SDRW2000002171.1.1.86,mfa_alignment_missing,alignment_and_analysis,C:\Users\ari30\research\2026_summer_research\outputs\reports\DIAG_2020_exact_id_reconciliation_after_fix.json,pending,MFA beam=10 and retry_beam=40 produced no word/phone intervals
2020,7b52204cdb2119b057e5d961ecd75ab33858a3f5a1323d5018d9649e24f53840,SDRW2000002180.1.1.155,mfa_alignment_missing,alignment_and_analysis,C:\Users\ari30\research\2026_summer_research\outputs\reports\DIAG_2020_exact_id_reconciliation_after_fix.json,pending,MFA beam=10 and retry_beam=40 produced no word/phone intervals
2020,7b52204cdb2119b057e5d961ecd75ab33858a3f5a1323d5018d9649e24f53840,SDRW2000002180.1.1.167,mfa_alignment_missing,alignment_and_analysis,C:\Users\ari30\research\2026_summer_research\outputs\reports\DIAG_2020_exact_id_reconciliation_after_fix.json,pending,MFA beam=10 and retry_beam=40 produced no word/phone intervals
2020,7b52204cdb2119b057e5d961ecd75ab33858a3f5a1323d5018d9649e24f53840,SDRW2000002180.1.1.334,mfa_alignment_missing,alignment_and_analysis,C:\Users\ari30\research\2026_summer_research\outputs\reports\DIAG_2020_exact_id_reconciliation_after_fix.json,pending,MFA beam=10 and retry_beam=40 produced no word/phone intervals
2020,7b52204cdb2119b057e5d961ecd75ab33858a3f5a1323d5018d9649e24f53840,SDRW2000002183.1.1.200,mfa_alignment_missing,alignment_and_analysis,C:\Users\ari30\research\2026_summer_research\outputs\reports\DIAG_2020_exact_id_reconciliation_after_fix.json,pending,MFA beam=10 and retry_beam=40 produced no word/phone intervals
2020,7b52204cdb2119b057e5d961ecd75ab33858a3f5a1323d5018d9649e24f53840,SDRW2000002183.1.1.295,mfa_alignment_missing,alignment_and_analysis,C:\Users\ari30\research\2026_summer_research\outputs\reports\DIAG_2020_exact_id_reconciliation_after_fix.json,pending,MFA beam=10 and retry_beam=40 produced no word/phone intervals
2020,7b52204cdb2119b057e5d961ecd75ab33858a3f5a1323d5018d9649e24f53840,SDRW2000002187.1.1.317,mfa_alignment_missing,alignment_and_analysis,C:\Users\ari30\research\2026_summer_research\outputs\reports\DIAG_2020_exact_id_reconciliation_after_fix.json,pending,MFA beam=10 and retry_beam=40 produced no word/phone intervals
2020,7b52204cdb2119b057e5d961ecd75ab33858a3f5a1323d5018d9649e24f53840,SDRW2000002187.1.1.4,mfa_alignment_missing,alignment_and_analysis,C:\Users\ari30\research\2026_summer_research\outputs\reports\DIAG_2020_exact_id_reconciliation_after_fix.json,pending,MFA beam=10 and retry_beam=40 produced no word/phone intervals
2020,7b52204cdb2119b057e5d961ecd75ab33858a3f5a1323d5018d9649e24f53840,SDRW2000002187.1.1.54,mfa_alignment_missing,alignment_and_analysis,C:\Users\ari30\research\2026_summer_research\outputs\reports\DIAG_2020_exact_id_reconciliation_after_fix.json,pending,MFA beam=10 and retry_beam=40 produced no word/phone intervals
2020,7b52204cdb2119b057e5d961ecd75ab33858a3f5a1323d5018d9649e24f53840,SDRW2000002210.1.1.101,mfa_alignment_missing,alignment_and_analysis,C:\Users\ari30\research\2026_summer_research\outputs\reports\DIAG_2020_exact_id_reconciliation_after_fix.json,pending,MFA beam=10 and retry_beam=40 produced no word/phone intervals
2020,7b52204cdb2119b057e5d961ecd75ab33858a3f5a1323d5018d9649e24f53840,SDRW2000002210.1.1.157,mfa_alignment_missing,alignment_and_analysis,C:\Users\ari30\research\2026_summer_research\outputs\reports\DIAG_2020_exact_id_reconciliation_after_fix.json,pending,MFA beam=10 and retry_beam=40 produced no word/phone intervals
2020,7b52204cdb2119b057e5d961ecd75ab33858a3f5a1323d5018d9649e24f53840,SDRW2000002210.1.1.199,mfa_alignment_missing,alignment_and_analysis,C:\Users\ari30\research\2026_summer_research\outputs\reports\DIAG_2020_exact_id_reconciliation_after_fix.json,pending,MFA beam=10 and retry_beam=40 produced no word/phone intervals
2020,7b52204cdb2119b057e5d961ecd75ab33858a3f5a1323d5018d9649e24f53840,SDRW2000002210.1.1.24,mfa_alignment_missing,alignment_and_analysis,C:\Users\ari30\research\2026_summer_research\outputs\reports\DIAG_2020_exact_id_reconciliation_after_fix.json,pending,MFA beam=10 and retry_beam=40 produced no word/phone intervals
2020,7b52204cdb2119b057e5d961ecd75ab33858a3f5a1323d5018d9649e24f53840,SDRW2000002210.1.1.312,mfa_alignment_missing,alignment_and_analysis,C:\Users\ari30\research\2026_summer_research\outputs\reports\DIAG_2020_exact_id_reconciliation_after_fix.json,pending,MFA beam=10 and retry_beam=40 produced no word/phone intervals
2020,7b52204cdb2119b057e5d961ecd75ab33858a3f5a1323d5018d9649e24f53840,SDRW2000002210.1.1.448,mfa_alignment_missing,alignment_and_analysis,C:\Users\ari30\research\2026_summer_research\outputs\reports\DIAG_2020_exact_id_reconciliation_after_fix.json,pending,MFA beam=10 and retry_beam=40 produced no word/phone intervals
2020,7b52204cdb2119b057e5d961ecd75ab33858a3f5a1323d5018d9649e24f53840,SDRW2000002210.1.1.462,mfa_alignment_missing,alignment_and_analysis,C:\Users\ari30\research\2026_summer_research\outputs\reports\DIAG_2020_exact_id_reconciliation_after_fix.json,pending,MFA beam=10 and retry_beam=40 produced no word/phone intervals
2020,7b52204cdb2119b057e5d961ecd75ab33858a3f5a1323d5018d9649e24f53840,SDRW2000002210.1.1.67,mfa_alignment_missing,alignment_and_analysis,C:\Users\ari30\research\2026_summer_research\outputs\reports\DIAG_2020_exact_id_reconciliation_after_fix.json,pending,MFA beam=10 and retry_beam=40 produced no word/phone intervals
