review_order,year,utt_id,session_id,duration_sec,num_frames,normalized_text,job_id,ignored_by_mfa,word_interval_present,phone_interval_present,alignment_log_likelihood,reason_code,recommended_scope,evidence
1,2025,SARW2500000012.1.1.97,SARW2500000012,3.207813,321,그러니까 쉽게 말해서 약간 임시 열쇠 같은 거 임시 카드 키 같은 걸 줘 가지고,1,False,False,False,,mfa_alignment_missing,alignment_and_analysis,D:\mfa_eojeol\r3\common_pron_mfa_r3_20260809\markers\ALIGN_DONE_2025.json
2,2025,SARW2500000015.1.1.18,SARW2500000015,6.853313,685,빛이 물체에 닿으면 빛은 물체에 흡수되거나 부딪혀 반사되거나 뚫고 투과하는 세 가지에 반응을 보입니다,3,False,False,False,,mfa_alignment_missing,alignment_and_analysis,D:\mfa_eojeol\r3\common_pron_mfa_r3_20260809\markers\ALIGN_DONE_2025.json
3,2025,SARW2500000024.1.1.91,SARW2500000024,4.431375,443,당면이 처음에 뜨거운 물에 넣어 놨기 때문에 자 어느 정도 불어 있어요,3,False,False,False,,mfa_alignment_missing,alignment_and_analysis,D:\mfa_eojeol\r3\common_pron_mfa_r3_20260809\markers\ALIGN_DONE_2025.json
4,2025,SARW2500000024.1.1.92,SARW2500000024,3.559125,356,물기를 머금고 있기 때문에 당면이 부드러워질 겁니다,3,False,False,False,,mfa_alignment_missing,alignment_and_analysis,D:\mfa_eojeol\r3\common_pron_mfa_r3_20260809\markers\ALIGN_DONE_2025.json
5,2025,SARW2500000058.1.1.55,SARW2500000058,3.889937,389,기존 강과 이 폭포를 연결하는 게 자연스러울 것 같네요,2,False,False,False,,mfa_alignment_missing,alignment_and_analysis,D:\mfa_eojeol\r3\common_pron_mfa_r3_20260809\markers\ALIGN_DONE_2025.json
6,2025,SARW2500000058.1.1.78,SARW2500000058,3.510937,351,그래서 느낌으로 먼저 자리를 잡아 주는 게 좋아요,2,False,False,False,,mfa_alignment_missing,alignment_and_analysis,D:\mfa_eojeol\r3\common_pron_mfa_r3_20260809\markers\ALIGN_DONE_2025.json
7,2025,SARW2500000083.1.1.79,SARW2500000083,4.128438,413,바닐라아이스크림을 먹다 보니까 갑자기 떠오른 메뉴가 하나 있습니다,4,False,False,False,,mfa_alignment_missing,alignment_and_analysis,D:\mfa_eojeol\r3\common_pron_mfa_r3_20260809\markers\ALIGN_DONE_2025.json
8,2025,SARW2500000086.1.1.33,SARW2500000086,8.429937,843,네 여러분 물론 이게 지금 한 번 실험을 한 거다 보니까 확정 짓기는 어렵지만 지금 실험한 결과와 이론을 토대로 좀 간단하게 설명을 드려 볼게요,2,False,False,False,,mfa_alignment_missing,alignment_and_analysis,D:\mfa_eojeol\r3\common_pron_mfa_r3_20260809\markers\ALIGN_DONE_2025.json
9,2025,SARW2500000130.1.1.28,SARW2500000130,3.316688,332,아 왜 너랑 잘 어울리는데 둘이 사귀어 봐 막 이런 식으로,3,False,False,False,,mfa_alignment_missing,alignment_and_analysis,D:\mfa_eojeol\r3\common_pron_mfa_r3_20260809\markers\ALIGN_DONE_2025.json
10,2025,SARW2500000136.1.1.101,SARW2500000136,1.85275,185,그럼 한 이십 분 정도 될 거예요,4,False,False,False,,mfa_alignment_missing,alignment_and_analysis,D:\mfa_eojeol\r3\common_pron_mfa_r3_20260809\markers\ALIGN_DONE_2025.json
11,2025,SARW2500000136.1.1.160,SARW2500000136,2.559,256,처음에는 특정된 단어를 따라 하실 필요 없어요,4,False,False,False,,mfa_alignment_missing,alignment_and_analysis,D:\mfa_eojeol\r3\common_pron_mfa_r3_20260809\markers\ALIGN_DONE_2025.json
12,2025,SARW2500000170.1.1.209,SARW2500000170,9.574625,957,그리고 무엇보다도 손흥민 선수가 올 시즌 엄청난 활약을 펼쳐서 토트넘이든 다른 팀이든 무슨 협상을 하든 항상 갑의 위치에 섰으면 좋겠습니다,2,False,False,False,,mfa_alignment_missing,alignment_and_analysis,D:\mfa_eojeol\r3\common_pron_mfa_r3_20260809\markers\ALIGN_DONE_2025.json
13,2025,SARW2500000222.1.1.10,SARW2500000222,1.217812,122,귀여워,1,False,False,False,,mfa_alignment_missing,alignment_and_analysis,D:\mfa_eojeol\r3\common_pron_mfa_r3_20260809\markers\ALIGN_DONE_2025.json
14,2025,SARW2500000222.1.1.71,SARW2500000222,1.762625,176,꿀떡아 엄마 간다,1,False,False,False,,mfa_alignment_missing,alignment_and_analysis,D:\mfa_eojeol\r3\common_pron_mfa_r3_20260809\markers\ALIGN_DONE_2025.json
15,2025,SARW2500000222.1.1.74,SARW2500000222,3.993875,399,아고 신나네 신나 어이 귀여워,1,False,False,False,,mfa_alignment_missing,alignment_and_analysis,D:\mfa_eojeol\r3\common_pron_mfa_r3_20260809\markers\ALIGN_DONE_2025.json
16,2025,SARW2500000222.1.1.9,SARW2500000222,2.8485,285,내가 제일 오빠라고 해,1,False,False,False,,mfa_alignment_missing,alignment_and_analysis,D:\mfa_eojeol\r3\common_pron_mfa_r3_20260809\markers\ALIGN_DONE_2025.json
17,2025,SARW2500000273.1.1.114,SARW2500000273,2.304375,230,수능 개념 여기서 마치겠습니다,3,False,False,False,,mfa_alignment_missing,alignment_and_analysis,D:\mfa_eojeol\r3\common_pron_mfa_r3_20260809\markers\ALIGN_DONE_2025.json
18,2025,SARW2500000275.1.1.172,SARW2500000275,2.243375,224,이 팔 차 개헌 이거 지키겠다는 거예요,2,False,False,False,,mfa_alignment_missing,alignment_and_analysis,D:\mfa_eojeol\r3\common_pron_mfa_r3_20260809\markers\ALIGN_DONE_2025.json
19,2025,SARW2500000330.1.1.136,SARW2500000330,3.209875,321,그래서 저는 서점에 가서 쪼그려 앉아 가지고 봤습니다,4,False,False,False,,mfa_alignment_missing,alignment_and_analysis,D:\mfa_eojeol\r3\common_pron_mfa_r3_20260809\markers\ALIGN_DONE_2025.json
20,2025,SARW2500000330.1.1.55,SARW2500000330,2.096563,210,저랑 너무 비슷한 생각 있더라고요,4,False,False,False,,mfa_alignment_missing,alignment_and_analysis,D:\mfa_eojeol\r3\common_pron_mfa_r3_20260809\markers\ALIGN_DONE_2025.json
21,2025,SARW2500000664.1.1.99,SARW2500000664,1.644937,164,담에 또 뵙도록 하겠습니다,4,False,False,False,,mfa_alignment_missing,alignment_and_analysis,D:\mfa_eojeol\r3\common_pron_mfa_r3_20260809\markers\ALIGN_DONE_2025.json
22,2025,SARW2500000666.1.1.168,SARW2500000666,1.681188,168,다음에 또 뵙도록 하겠습니다,2,False,False,False,,mfa_alignment_missing,alignment_and_analysis,D:\mfa_eojeol\r3\common_pron_mfa_r3_20260809\markers\ALIGN_DONE_2025.json
23,2025,SARW2500000666.1.1.24,SARW2500000666,4.909813,491,가격도 굉장히 저렴해 가지고 여러분들께서 구매하시는 데 한번 참고하시면 좋을 거 같습니다,2,False,False,False,,mfa_alignment_missing,alignment_and_analysis,D:\mfa_eojeol\r3\common_pron_mfa_r3_20260809\markers\ALIGN_DONE_2025.json
24,2025,SARW2500000667.1.1.105,SARW2500000667,4.471438,447,이 제품도 뭔가 포인트 주기 좋을 셔츠여 가지고 제가 한번 넣어 봤습니다,4,False,False,False,,mfa_alignment_missing,alignment_and_analysis,D:\mfa_eojeol\r3\common_pron_mfa_r3_20260809\markers\ALIGN_DONE_2025.json
25,2025,SARW2500000731.1.1.152,SARW2500000731,2.269,227,제가 이따가 좀 정보 좀 여쭤볼게요,2,False,False,False,,mfa_alignment_missing,alignment_and_analysis,D:\mfa_eojeol\r3\common_pron_mfa_r3_20260809\markers\ALIGN_DONE_2025.json
26,2025,SARW2500000731.1.1.56,SARW2500000731,4.02,402,그냥 그러니까 맛있다는 건 다 먹은 느낌인 거예요,2,False,False,False,,mfa_alignment_missing,alignment_and_analysis,D:\mfa_eojeol\r3\common_pron_mfa_r3_20260809\markers\ALIGN_DONE_2025.json
27,2025,SARW2500000735.1.1.30,SARW2500000735,3.99075,399,이게 현실적으로 말이 안 되는 경우가 많죠 여러분 생각해 보세요,1,False,False,False,,mfa_alignment_missing,alignment_and_analysis,D:\mfa_eojeol\r3\common_pron_mfa_r3_20260809\markers\ALIGN_DONE_2025.json
28,2025,SDRW2500000005.1.1.136,SDRW2500000005,2.111937,211,운전도 직접 하시는 거죠,1,False,False,False,,mfa_alignment_missing,alignment_and_analysis,D:\mfa_eojeol\r3\common_pron_mfa_r3_20260809\markers\ALIGN_DONE_2025.json
29,2025,SDRW2500000005.1.1.179,SDRW2500000005,2.892,289,그러면 저렴할 때 지금 가야겠네요,1,False,False,False,,mfa_alignment_missing,alignment_and_analysis,D:\mfa_eojeol\r3\common_pron_mfa_r3_20260809\markers\ALIGN_DONE_2025.json
30,2025,SDRW2500000007.1.1.130,SDRW2500000007,1.810437,181,아침 드셨어요,1,False,False,False,,mfa_alignment_missing,alignment_and_analysis,D:\mfa_eojeol\r3\common_pron_mfa_r3_20260809\markers\ALIGN_DONE_2025.json
31,2025,SDRW2500000007.1.1.212,SDRW2500000007,3.226,323,진짜 신림동 스윙스네요,1,False,False,False,,mfa_alignment_missing,alignment_and_analysis,D:\mfa_eojeol\r3\common_pron_mfa_r3_20260809\markers\ALIGN_DONE_2025.json
32,2025,SDRW2500000007.1.1.235,SDRW2500000007,3.796625,380,어 재밌네요 오늘 대화,1,False,False,False,,mfa_alignment_missing,alignment_and_analysis,D:\mfa_eojeol\r3\common_pron_mfa_r3_20260809\markers\ALIGN_DONE_2025.json
33,2025,SDRW2500000008.1.1.263,SDRW2500000008,2.153375,215,거긴 스타죠 스타,4,False,False,False,,mfa_alignment_missing,alignment_and_analysis,D:\mfa_eojeol\r3\common_pron_mfa_r3_20260809\markers\ALIGN_DONE_2025.json
34,2025,SDRW2500000008.1.1.264,SDRW2500000008,3.6345,363,약간 김수현 닮았어요 얼굴이,4,False,False,False,,mfa_alignment_missing,alignment_and_analysis,D:\mfa_eojeol\r3\common_pron_mfa_r3_20260809\markers\ALIGN_DONE_2025.json
35,2025,SDRW2500000008.1.1.265,SDRW2500000008,2.41175,241,저만 그렇게 생각할 수도 있습니다,4,False,False,False,,mfa_alignment_missing,alignment_and_analysis,D:\mfa_eojeol\r3\common_pron_mfa_r3_20260809\markers\ALIGN_DONE_2025.json
36,2025,SDRW2500000008.1.1.266,SDRW2500000008,3.092812,309,그냥 제가 좋아해서 그렇게 보이나 봐요,4,False,False,False,,mfa_alignment_missing,alignment_and_analysis,D:\mfa_eojeol\r3\common_pron_mfa_r3_20260809\markers\ALIGN_DONE_2025.json
37,2025,SDRW2500000008.1.1.267,SDRW2500000008,2.27325,227,콩깍지가 좀 심한 편이긴 해요,4,False,False,False,,mfa_alignment_missing,alignment_and_analysis,D:\mfa_eojeol\r3\common_pron_mfa_r3_20260809\markers\ALIGN_DONE_2025.json
38,2025,SDRW2500000008.1.1.61,SDRW2500000008,5.964437,596,하나도 못 구해 가지고 지금 아마 지금 당분간은 휴덕의 시기를 가질 거 같습니다,4,False,False,False,,mfa_alignment_missing,alignment_and_analysis,D:\mfa_eojeol\r3\common_pron_mfa_r3_20260809\markers\ALIGN_DONE_2025.json
39,2025,SDRW2500000008.1.1.62,SDRW2500000008,6.303312,630,저는 제가 좋아한 건 아니긴 한데 제 친구가 엑소를 좋아했어요,4,False,False,False,,mfa_alignment_missing,alignment_and_analysis,D:\mfa_eojeol\r3\common_pron_mfa_r3_20260809\markers\ALIGN_DONE_2025.json
40,2025,SDRW2500000008.1.1.63,SDRW2500000008,0.905625,91,근데,4,False,False,False,,mfa_alignment_missing,alignment_and_analysis,D:\mfa_eojeol\r3\common_pron_mfa_r3_20260809\markers\ALIGN_DONE_2025.json
41,2025,SDRW2500000009.1.1.127,SDRW2500000009,1.155125,116,그쵸,1,False,False,False,,mfa_alignment_missing,alignment_and_analysis,D:\mfa_eojeol\r3\common_pron_mfa_r3_20260809\markers\ALIGN_DONE_2025.json
42,2025,SDRW2500000010.1.1.105,SDRW2500000010,1.450625,145,아이폰이라고 하셨나요,2,False,False,False,,mfa_alignment_missing,alignment_and_analysis,D:\mfa_eojeol\r3\common_pron_mfa_r3_20260809\markers\ALIGN_DONE_2025.json
43,2025,SDRW2500000010.1.1.119,SDRW2500000010,4.275563,428,비슷하게 사용을 할 수 있는 제품을 많이 구매하는 거 같습니다,2,False,False,False,,mfa_alignment_missing,alignment_and_analysis,D:\mfa_eojeol\r3\common_pron_mfa_r3_20260809\markers\ALIGN_DONE_2025.json
44,2025,SDRW2500000023.1.1.238,SDRW2500000023,1.431188,143,어 네,1,False,False,False,,mfa_alignment_missing,alignment_and_analysis,D:\mfa_eojeol\r3\common_pron_mfa_r3_20260809\markers\ALIGN_DONE_2025.json
45,2025,SDRW2500000032.1.1.206,SDRW2500000032,7.025313,703,뭐 그런 부분들 약간 계획이 바뀌는 부분을 뭐 좀 생각을 해서 준비를 하시는 편이신가요,1,False,False,False,,mfa_alignment_missing,alignment_and_analysis,D:\mfa_eojeol\r3\common_pron_mfa_r3_20260809\markers\ALIGN_DONE_2025.json
46,2025,SDRW2500000048.1.1.198,SDRW2500000048,0.628563,63,네,2,False,False,False,,mfa_alignment_missing,alignment_and_analysis,D:\mfa_eojeol\r3\common_pron_mfa_r3_20260809\markers\ALIGN_DONE_2025.json
47,2025,SDRW2500000049.1.1.149,SDRW2500000049,0.743375,74,네,3,False,False,False,,mfa_alignment_missing,alignment_and_analysis,D:\mfa_eojeol\r3\common_pron_mfa_r3_20260809\markers\ALIGN_DONE_2025.json
48,2025,SDRW2500000049.1.1.182,SDRW2500000049,2.15975,216,뭐 마음에 드세요,3,False,False,False,,mfa_alignment_missing,alignment_and_analysis,D:\mfa_eojeol\r3\common_pron_mfa_r3_20260809\markers\ALIGN_DONE_2025.json
49,2025,SDRW2500000050.1.1.159,SDRW2500000050,4.468063,447,혹시 이제 앞으로 또 가고 싶은 여행지 있으세요,4,False,False,False,,mfa_alignment_missing,alignment_and_analysis,D:\mfa_eojeol\r3\common_pron_mfa_r3_20260809\markers\ALIGN_DONE_2025.json
50,2025,SDRW2500000050.1.1.94,SDRW2500000050,5.7185,572,혹시 선택하실 때 뭐 호텔이나 펜션 어디를 좀 선호하세요,4,False,False,False,,mfa_alignment_missing,alignment_and_analysis,D:\mfa_eojeol\r3\common_pron_mfa_r3_20260809\markers\ALIGN_DONE_2025.json
51,2025,SDRW2500000051.1.1.165,SDRW2500000051,3.261813,326,조미료 그러면 많이 사용하시죠,4,False,False,False,,mfa_alignment_missing,alignment_and_analysis,D:\mfa_eojeol\r3\common_pron_mfa_r3_20260809\markers\ALIGN_DONE_2025.json
52,2025,SDRW2500000052.1.1.121,SDRW2500000052,2.710875,271,지금도 하고 계세요 혹시,1,False,False,False,,mfa_alignment_missing,alignment_and_analysis,D:\mfa_eojeol\r3\common_pron_mfa_r3_20260809\markers\ALIGN_DONE_2025.json
53,2025,SDRW2500000052.1.1.126,SDRW2500000052,1.414375,141,혹시 하고 계세요,1,False,False,False,,mfa_alignment_missing,alignment_and_analysis,D:\mfa_eojeol\r3\common_pron_mfa_r3_20260809\markers\ALIGN_DONE_2025.json
54,2025,SDRW2500000052.1.1.144,SDRW2500000052,2.888375,289,저는 원래 운동을 안 좋아하는데,1,False,False,False,,mfa_alignment_missing,alignment_and_analysis,D:\mfa_eojeol\r3\common_pron_mfa_r3_20260809\markers\ALIGN_DONE_2025.json
55,2025,SDRW2500000052.1.1.204,SDRW2500000052,3.709,371,그럼 혹시 만약에 하시면 어떤 거 하실 거예요,1,False,False,False,,mfa_alignment_missing,alignment_and_analysis,D:\mfa_eojeol\r3\common_pron_mfa_r3_20260809\markers\ALIGN_DONE_2025.json
56,2025,SDRW2500000052.1.1.256,SDRW2500000052,1.607125,161,그럼 지금 빼신 거예요,1,False,False,False,,mfa_alignment_missing,alignment_and_analysis,D:\mfa_eojeol\r3\common_pron_mfa_r3_20260809\markers\ALIGN_DONE_2025.json
57,2025,SDRW2500000052.1.1.258,SDRW2500000052,1.78975,179,몇 개 남으신 거예요,1,False,False,False,,mfa_alignment_missing,alignment_and_analysis,D:\mfa_eojeol\r3\common_pron_mfa_r3_20260809\markers\ALIGN_DONE_2025.json
58,2025,SDRW2500000052.1.1.260,SDRW2500000052,1.680937,168,아 네 개 남으신 거예요,1,False,False,False,,mfa_alignment_missing,alignment_and_analysis,D:\mfa_eojeol\r3\common_pron_mfa_r3_20260809\markers\ALIGN_DONE_2025.json
59,2025,SDRW2500000053.1.1.109,SDRW2500000053,6.965687,697,좀 그런 게 어 요즘 시대에는 확실히 음식을 만들기에 좀 좋은 거 같다라는 생각이 드는 거 같습니다,2,False,False,False,,mfa_alignment_missing,alignment_and_analysis,D:\mfa_eojeol\r3\common_pron_mfa_r3_20260809\markers\ALIGN_DONE_2025.json
60,2025,SDRW2500000053.1.1.149,SDRW2500000053,1.888937,189,감사합니다,2,False,False,False,,mfa_alignment_missing,alignment_and_analysis,D:\mfa_eojeol\r3\common_pron_mfa_r3_20260809\markers\ALIGN_DONE_2025.json
61,2025,SDRW2500000054.1.1.110,SDRW2500000054,7.870938,787,그래도 어 어 어렸을 때부터 가끔 쪼금 그래도 어느 정도 정기적으로는 여기저기 갔다 왔던 것 같습니다,4,False,False,False,,mfa_alignment_missing,alignment_and_analysis,D:\mfa_eojeol\r3\common_pron_mfa_r3_20260809\markers\ALIGN_DONE_2025.json
62,2025,SDRW2500000054.1.1.112,SDRW2500000054,6.923,692,태국 태국도 가 봤었고 유럽도 한 번 정도 갔었던 기억이 나네요,4,False,False,False,,mfa_alignment_missing,alignment_and_analysis,D:\mfa_eojeol\r3\common_pron_mfa_r3_20260809\markers\ALIGN_DONE_2025.json
63,2025,SDRW2500000054.1.1.118,SDRW2500000054,4.614687,461,아니면 어떤 그 가족 행사나 이런 것 때문에 가야 되는 경우도 있었고요,4,False,False,False,,mfa_alignment_missing,alignment_and_analysis,D:\mfa_eojeol\r3\common_pron_mfa_r3_20260809\markers\ALIGN_DONE_2025.json
64,2025,SDRW2500000054.1.1.128,SDRW2500000054,2.811375,281,저 그 미국의 시애틀 쪽에 있었거든요,4,False,False,False,,mfa_alignment_missing,alignment_and_analysis,D:\mfa_eojeol\r3\common_pron_mfa_r3_20260809\markers\ALIGN_DONE_2025.json
65,2025,SDRW2500000054.1.1.131,SDRW2500000054,3.333687,333,어 기억이 쪼금 더 선명하게 남아 있는 거 같습니다,4,False,False,False,,mfa_alignment_missing,alignment_and_analysis,D:\mfa_eojeol\r3\common_pron_mfa_r3_20260809\markers\ALIGN_DONE_2025.json
66,2025,SDRW2500000054.1.1.135,SDRW2500000054,3.890625,389,또 어떤 그 날씨에 대한 게 굉장히 기억이 남는 거 같습니다,4,False,False,False,,mfa_alignment_missing,alignment_and_analysis,D:\mfa_eojeol\r3\common_pron_mfa_r3_20260809\markers\ALIGN_DONE_2025.json
67,2025,SDRW2500000054.1.1.141,SDRW2500000054,2.800312,280,이제 악어들이 무는 걸 실제로 본다든가,4,False,False,False,,mfa_alignment_missing,alignment_and_analysis,D:\mfa_eojeol\r3\common_pron_mfa_r3_20260809\markers\ALIGN_DONE_2025.json
68,2025,SDRW2500000054.1.1.161,SDRW2500000054,2.1205,212,이제 태국 갔을 때였던 거 같고요,4,False,False,False,,mfa_alignment_missing,alignment_and_analysis,D:\mfa_eojeol\r3\common_pron_mfa_r3_20260809\markers\ALIGN_DONE_2025.json
69,2025,SDRW2500000054.1.1.165,SDRW2500000054,4.7065,471,주의가 그때가 아마 제 기억으로는 한 십이월에서 일월 넘어가는 그 시점이었을 거예요,4,False,False,False,,mfa_alignment_missing,alignment_and_analysis,D:\mfa_eojeol\r3\common_pron_mfa_r3_20260809\markers\ALIGN_DONE_2025.json
70,2025,SDRW2500000054.1.1.175,SDRW2500000054,2.564812,256,쉬면서 돌아다녔던 기억이 있습니다,4,False,False,False,,mfa_alignment_missing,alignment_and_analysis,D:\mfa_eojeol\r3\common_pron_mfa_r3_20260809\markers\ALIGN_DONE_2025.json
71,2025,SDRW2500000054.1.1.181,SDRW2500000054,3.28,328,그 숙소 같은 경우는 그 뭐 정보를 어떻게 찾아보세요,4,False,False,False,,mfa_alignment_missing,alignment_and_analysis,D:\mfa_eojeol\r3\common_pron_mfa_r3_20260809\markers\ALIGN_DONE_2025.json
72,2025,SDRW2500000054.1.1.182,SDRW2500000054,4.138937,414,아니면 숙소를 따로 정해 주는 사람이 이 있나요,4,False,False,False,,mfa_alignment_missing,alignment_and_analysis,D:\mfa_eojeol\r3\common_pron_mfa_r3_20260809\markers\ALIGN_DONE_2025.json
73,2025,SDRW2500000054.1.1.19,SDRW2500000054,2.969,297,그래서 그런 게 되게 음 기억에 남는 것 같고,4,False,False,False,,mfa_alignment_missing,alignment_and_analysis,D:\mfa_eojeol\r3\common_pron_mfa_r3_20260809\markers\ALIGN_DONE_2025.json
74,2025,SDRW2500000054.1.1.42,SDRW2500000054,4.7115,471,안타깝게도 이제 그 동해안이 좀 인접해 있잖아요,4,False,False,False,,mfa_alignment_missing,alignment_and_analysis,D:\mfa_eojeol\r3\common_pron_mfa_r3_20260809\markers\ALIGN_DONE_2025.json
75,2025,SDRW2500000054.1.1.49,SDRW2500000054,5.370687,537,이제 또 특히 강원도의 감자전이 약간 특색 있게 기억이 나면서,4,False,False,False,,mfa_alignment_missing,alignment_and_analysis,D:\mfa_eojeol\r3\common_pron_mfa_r3_20260809\markers\ALIGN_DONE_2025.json
76,2025,SDRW2500000054.1.1.64,SDRW2500000054,6.308125,631,일 년에 한 번이라도 가족과 한번 여행을 다녀오는 게 좋다고 생각해서 그렇게 하려는 거 같고 그게 아니면,4,False,False,False,,mfa_alignment_missing,alignment_and_analysis,D:\mfa_eojeol\r3\common_pron_mfa_r3_20260809\markers\ALIGN_DONE_2025.json
77,2025,SDRW2500000054.1.1.71,SDRW2500000054,4.97,497,근데 여행의 목적이 어느 여 어떤 거냐에 따라서 좀 다른 거 같긴 해요,4,False,False,False,,mfa_alignment_missing,alignment_and_analysis,D:\mfa_eojeol\r3\common_pron_mfa_r3_20260809\markers\ALIGN_DONE_2025.json
78,2025,SDRW2500000054.1.1.85,SDRW2500000054,4.186125,419,그런 부분에서는 가족 여행이 훨씬 좋았던 것 같습니다,4,False,False,False,,mfa_alignment_missing,alignment_and_analysis,D:\mfa_eojeol\r3\common_pron_mfa_r3_20260809\markers\ALIGN_DONE_2025.json
79,2025,SDRW2500000055.1.1.221,SDRW2500000055,5.331,533,약간 전보다는 확실히 찾 덜 찾아보게 되는 거 같습니다,2,False,False,False,,mfa_alignment_missing,alignment_and_analysis,D:\mfa_eojeol\r3\common_pron_mfa_r3_20260809\markers\ALIGN_DONE_2025.json
80,2025,SDRW2500000059.1.1.98,SDRW2500000059,5.373375,537,아니면 또 여태까지 해 보신 운동 중에 어떤 게 가장 재밌으셨는지 말씀해 줄 수 있나요,1,False,False,False,,mfa_alignment_missing,alignment_and_analysis,D:\mfa_eojeol\r3\common_pron_mfa_r3_20260809\markers\ALIGN_DONE_2025.json
81,2025,SDRW2500000067.1.1.108,SDRW2500000067,0.941562,94,사실,4,False,False,False,,mfa_alignment_missing,alignment_and_analysis,D:\mfa_eojeol\r3\common_pron_mfa_r3_20260809\markers\ALIGN_DONE_2025.json
82,2025,SDRW2500000067.1.1.208,SDRW2500000067,1.0955,110,아니,4,False,False,False,,mfa_alignment_missing,alignment_and_analysis,D:\mfa_eojeol\r3\common_pron_mfa_r3_20260809\markers\ALIGN_DONE_2025.json
83,2025,SDRW2500000067.1.1.307,SDRW2500000067,6.214125,621,그냥 안 맞아도 해야겠다라는 생각을 하게 된 거는 친구들 때문인 거 같아,4,False,False,False,,mfa_alignment_missing,alignment_and_analysis,D:\mfa_eojeol\r3\common_pron_mfa_r3_20260809\markers\ALIGN_DONE_2025.json
84,2025,SDRW2500000067.1.1.320,SDRW2500000067,0.951937,95,이학,4,False,False,False,,mfa_alignment_missing,alignment_and_analysis,D:\mfa_eojeol\r3\common_pron_mfa_r3_20260809\markers\ALIGN_DONE_2025.json
85,2025,SDRW2500000068.1.1.133,SDRW2500000068,0.904875,90,음 그,3,False,False,False,,mfa_alignment_missing,alignment_and_analysis,D:\mfa_eojeol\r3\common_pron_mfa_r3_20260809\markers\ALIGN_DONE_2025.json
86,2025,SDRW2500000068.1.1.18,SDRW2500000068,0.76375,76,으흠,3,False,False,False,,mfa_alignment_missing,alignment_and_analysis,D:\mfa_eojeol\r3\common_pron_mfa_r3_20260809\markers\ALIGN_DONE_2025.json
87,2025,SDRW2500000068.1.1.225,SDRW2500000068,1.138813,114,맞아,3,False,False,False,,mfa_alignment_missing,alignment_and_analysis,D:\mfa_eojeol\r3\common_pron_mfa_r3_20260809\markers\ALIGN_DONE_2025.json
88,2025,SDRW2500000068.1.1.328,SDRW2500000068,1.219437,122,알겠어,3,False,False,False,,mfa_alignment_missing,alignment_and_analysis,D:\mfa_eojeol\r3\common_pron_mfa_r3_20260809\markers\ALIGN_DONE_2025.json
89,2025,SDRW2500000069.1.1.315,SDRW2500000069,4.905687,491,그러면 내가 이번 여름에는 꼭 수영을 한번 해 봐야겠어,3,False,False,False,,mfa_alignment_missing,alignment_and_analysis,D:\mfa_eojeol\r3\common_pron_mfa_r3_20260809\markers\ALIGN_DONE_2025.json
90,2025,SDRW2500000069.1.1.378,SDRW2500000069,1.349187,135,홀수,3,False,False,False,,mfa_alignment_missing,alignment_and_analysis,D:\mfa_eojeol\r3\common_pron_mfa_r3_20260809\markers\ALIGN_DONE_2025.json
91,2025,SDRW2500000069.1.1.40,SDRW2500000069,0.764563,76,그래,3,False,False,False,,mfa_alignment_missing,alignment_and_analysis,D:\mfa_eojeol\r3\common_pron_mfa_r3_20260809\markers\ALIGN_DONE_2025.json
92,2025,SDRW2500000112.1.1.88,SDRW2500000112,2.6775,268,오늘 저녁 고르셨나요,3,False,False,False,,mfa_alignment_missing,alignment_and_analysis,D:\mfa_eojeol\r3\common_pron_mfa_r3_20260809\markers\ALIGN_DONE_2025.json
93,2025,SDRW2500000113.1.1.231,SDRW2500000113,4.486187,449,혹시 건강을 위해서 그럼 드시는 건강 보조 식품이나,3,False,False,False,,mfa_alignment_missing,alignment_and_analysis,D:\mfa_eojeol\r3\common_pron_mfa_r3_20260809\markers\ALIGN_DONE_2025.json
94,2025,SDRW2500000113.1.1.232,SDRW2500000113,3.606813,361,뭐 영양제 같은 뭐 유산균 같은 거 있으세요,3,False,False,False,,mfa_alignment_missing,alignment_and_analysis,D:\mfa_eojeol\r3\common_pron_mfa_r3_20260809\markers\ALIGN_DONE_2025.json
95,2025,SDRW2500000116.1.1.24,SDRW2500000116,2.346,235,밀 키트 사용해 본 적 있으십니까,1,False,False,False,,mfa_alignment_missing,alignment_and_analysis,D:\mfa_eojeol\r3\common_pron_mfa_r3_20260809\markers\ALIGN_DONE_2025.json
96,2025,SDRW2500000117.1.1.212,SDRW2500000117,1.220312,122,저는 삼 박 사 일을 다녀왔는데,2,False,False,False,,mfa_alignment_missing,alignment_and_analysis,D:\mfa_eojeol\r3\common_pron_mfa_r3_20260809\markers\ALIGN_DONE_2025.json
97,2025,SDRW2500000130.1.1.141,SDRW2500000130,1.631875,163,수학여행은,4,False,False,False,,mfa_alignment_missing,alignment_and_analysis,D:\mfa_eojeol\r3\common_pron_mfa_r3_20260809\markers\ALIGN_DONE_2025.json
98,2025,SDRW2500000130.1.1.183,SDRW2500000130,1.40875,141,좋았던 기억 하면,4,False,False,False,,mfa_alignment_missing,alignment_and_analysis,D:\mfa_eojeol\r3\common_pron_mfa_r3_20260809\markers\ALIGN_DONE_2025.json
99,2025,SDRW2500000130.1.1.69,SDRW2500000130,4.754313,475,이제 그런 생각이 있었어요 예 선생님은 어떠세요,4,False,False,False,,mfa_alignment_missing,alignment_and_analysis,D:\mfa_eojeol\r3\common_pron_mfa_r3_20260809\markers\ALIGN_DONE_2025.json
100,2025,SDRW2500000131.1.1.182,SDRW2500000131,2.463875,246,오늘 저녁 메뉴는,4,False,False,False,,mfa_alignment_missing,alignment_and_analysis,D:\mfa_eojeol\r3\common_pron_mfa_r3_20260809\markers\ALIGN_DONE_2025.json
101,2025,SDRW2500000132.1.1.190,SDRW2500000132,1.663312,166,선생님은 어떠십니까,4,False,False,False,,mfa_alignment_missing,alignment_and_analysis,D:\mfa_eojeol\r3\common_pron_mfa_r3_20260809\markers\ALIGN_DONE_2025.json
102,2025,SDRW2500000132.1.1.220,SDRW2500000132,2.11775,212,선생님은 어떠십니까,4,False,False,False,,mfa_alignment_missing,alignment_and_analysis,D:\mfa_eojeol\r3\common_pron_mfa_r3_20260809\markers\ALIGN_DONE_2025.json
103,2025,SDRW2500000132.1.1.29,SDRW2500000132,2.375625,238,선생님은 있으세요 다이어트 경험이,4,False,False,False,,mfa_alignment_missing,alignment_and_analysis,D:\mfa_eojeol\r3\common_pron_mfa_r3_20260809\markers\ALIGN_DONE_2025.json
104,2025,SDRW2500000132.1.1.36,SDRW2500000132,4.588938,459,그렇게 해서 한번 뺐던 기억 있습니다 선생님은 어떠세요,4,False,False,False,,mfa_alignment_missing,alignment_and_analysis,D:\mfa_eojeol\r3\common_pron_mfa_r3_20260809\markers\ALIGN_DONE_2025.json
105,2025,SDRW2500000133.1.1.12,SDRW2500000133,1.769937,177,선생님은 어떻게 생각하시나요,4,False,False,False,,mfa_alignment_missing,alignment_and_analysis,D:\mfa_eojeol\r3\common_pron_mfa_r3_20260809\markers\ALIGN_DONE_2025.json
106,2025,SDRW2500000133.1.1.209,SDRW2500000133,2.273188,227,어떠세요,4,False,False,False,,mfa_alignment_missing,alignment_and_analysis,D:\mfa_eojeol\r3\common_pron_mfa_r3_20260809\markers\ALIGN_DONE_2025.json
107,2025,SDRW2500000137.1.1.137,SDRW2500000137,1.651938,165,저는,3,False,False,False,,mfa_alignment_missing,alignment_and_analysis,D:\mfa_eojeol\r3\common_pron_mfa_r3_20260809\markers\ALIGN_DONE_2025.json
108,2025,SDRW2500000147.1.1.163,SDRW2500000147,1.316125,132,근데 다만 그 제주도 간 거는 성인 이후에 가족여행이라서,4,False,False,False,,mfa_alignment_missing,alignment_and_analysis,D:\mfa_eojeol\r3\common_pron_mfa_r3_20260809\markers\ALIGN_DONE_2025.json
109,2025,SDRW2500000154.1.1.211,SDRW2500000154,2.119,212,잘하고 계시네요,4,False,False,False,,mfa_alignment_missing,alignment_and_analysis,D:\mfa_eojeol\r3\common_pron_mfa_r3_20260809\markers\ALIGN_DONE_2025.json
110,2025,SDRW2500000154.1.1.25,SDRW2500000154,1.27025,127,네,4,False,False,False,,mfa_alignment_missing,alignment_and_analysis,D:\mfa_eojeol\r3\common_pron_mfa_r3_20260809\markers\ALIGN_DONE_2025.json
111,2025,SDRW2500000154.1.1.41,SDRW2500000154,1.165687,117,네,4,False,False,False,,mfa_alignment_missing,alignment_and_analysis,D:\mfa_eojeol\r3\common_pron_mfa_r3_20260809\markers\ALIGN_DONE_2025.json
112,2025,SDRW2500000155.1.1.117,SDRW2500000155,1.42675,143,그거 먹었어요,1,False,False,False,,mfa_alignment_missing,alignment_and_analysis,D:\mfa_eojeol\r3\common_pron_mfa_r3_20260809\markers\ALIGN_DONE_2025.json
113,2025,SDRW2500000155.1.1.135,SDRW2500000155,1.551187,155,음 근데,1,False,False,False,,mfa_alignment_missing,alignment_and_analysis,D:\mfa_eojeol\r3\common_pron_mfa_r3_20260809\markers\ALIGN_DONE_2025.json
114,2025,SDRW2500000155.1.1.189,SDRW2500000155,0.75525,76,전,1,False,False,False,,mfa_alignment_missing,alignment_and_analysis,D:\mfa_eojeol\r3\common_pron_mfa_r3_20260809\markers\ALIGN_DONE_2025.json
115,2025,SDRW2500000155.1.1.224,SDRW2500000155,0.974375,97,어디,1,False,False,False,,mfa_alignment_missing,alignment_and_analysis,D:\mfa_eojeol\r3\common_pron_mfa_r3_20260809\markers\ALIGN_DONE_2025.json
116,2025,SDRW2500000155.1.1.91,SDRW2500000155,1.281,128,예 예 예,1,False,False,False,,mfa_alignment_missing,alignment_and_analysis,D:\mfa_eojeol\r3\common_pron_mfa_r3_20260809\markers\ALIGN_DONE_2025.json
117,2025,SDRW2500000156.1.1.115,SDRW2500000156,1.953188,195,위치는 어딘데요,2,False,False,False,,mfa_alignment_missing,alignment_and_analysis,D:\mfa_eojeol\r3\common_pron_mfa_r3_20260809\markers\ALIGN_DONE_2025.json
118,2025,SDRW2500000160.1.1.139,SDRW2500000160,1.605,161,네 맞습니다,4,False,False,False,,mfa_alignment_missing,alignment_and_analysis,D:\mfa_eojeol\r3\common_pron_mfa_r3_20260809\markers\ALIGN_DONE_2025.json
119,2025,SDRW2500000162.1.1.175,SDRW2500000162,1.840688,184,감사합니다,1,False,False,False,,mfa_alignment_missing,alignment_and_analysis,D:\mfa_eojeol\r3\common_pron_mfa_r3_20260809\markers\ALIGN_DONE_2025.json
120,2025,SDRW2500000164.1.1.106,SDRW2500000164,0.993,99,네,2,False,False,False,,mfa_alignment_missing,alignment_and_analysis,D:\mfa_eojeol\r3\common_pron_mfa_r3_20260809\markers\ALIGN_DONE_2025.json
121,2025,SDRW2500000164.1.1.165,SDRW2500000164,1.393938,139,네,2,False,False,False,,mfa_alignment_missing,alignment_and_analysis,D:\mfa_eojeol\r3\common_pron_mfa_r3_20260809\markers\ALIGN_DONE_2025.json
122,2025,SDRW2500000164.1.1.180,SDRW2500000164,1.428438,143,삼시 세끼요,2,False,False,False,,mfa_alignment_missing,alignment_and_analysis,D:\mfa_eojeol\r3\common_pron_mfa_r3_20260809\markers\ALIGN_DONE_2025.json
123,2025,SDRW2500000166.1.1.107,SDRW2500000166,2.63375,263,제가 나중에 꼭 한번 먹어 볼게요,2,False,False,False,,mfa_alignment_missing,alignment_and_analysis,D:\mfa_eojeol\r3\common_pron_mfa_r3_20260809\markers\ALIGN_DONE_2025.json
124,2025,SDRW2500000166.1.1.14,SDRW2500000166,1.9505,195,그래서 날씬하신가 봐요,2,False,False,False,,mfa_alignment_missing,alignment_and_analysis,D:\mfa_eojeol\r3\common_pron_mfa_r3_20260809\markers\ALIGN_DONE_2025.json
125,2025,SDRW2500000166.1.1.190,SDRW2500000166,3.3025,330,음 좋습니다 너무,2,False,False,False,,mfa_alignment_missing,alignment_and_analysis,D:\mfa_eojeol\r3\common_pron_mfa_r3_20260809\markers\ALIGN_DONE_2025.json
126,2025,SDRW2500000166.1.1.33,SDRW2500000166,3.750938,375,집에서는 어 주이 요리하세요,2,False,False,False,,mfa_alignment_missing,alignment_and_analysis,D:\mfa_eojeol\r3\common_pron_mfa_r3_20260809\markers\ALIGN_DONE_2025.json
127,2025,SDRW2500000166.1.1.61,SDRW2500000166,3.200938,320,아 삼겹살 좋지요 맛있겠네요,2,False,False,False,,mfa_alignment_missing,alignment_and_analysis,D:\mfa_eojeol\r3\common_pron_mfa_r3_20260809\markers\ALIGN_DONE_2025.json
128,2025,SDRW2500000168.1.1.16,SDRW2500000168,0.801375,80,네,1,False,False,False,,mfa_alignment_missing,alignment_and_analysis,D:\mfa_eojeol\r3\common_pron_mfa_r3_20260809\markers\ALIGN_DONE_2025.json
129,2025,SDRW2500000177.1.1.183,SDRW2500000177,0.700875,70,네,1,False,False,False,,mfa_alignment_missing,alignment_and_analysis,D:\mfa_eojeol\r3\common_pron_mfa_r3_20260809\markers\ALIGN_DONE_2025.json
130,2025,SDRW2500000177.1.1.218,SDRW2500000177,4.649438,465,아 아 아 그런 거 그런 거 응 응 응 아까 그렇게,1,False,False,False,,mfa_alignment_missing,alignment_and_analysis,D:\mfa_eojeol\r3\common_pron_mfa_r3_20260809\markers\ALIGN_DONE_2025.json
131,2025,SDRW2500000177.1.1.219,SDRW2500000177,1.413063,141,예 예,1,False,False,False,,mfa_alignment_missing,alignment_and_analysis,D:\mfa_eojeol\r3\common_pron_mfa_r3_20260809\markers\ALIGN_DONE_2025.json
132,2025,SDRW2500000177.1.1.239,SDRW2500000177,2.076375,208,그렇죠,1,False,False,False,,mfa_alignment_missing,alignment_and_analysis,D:\mfa_eojeol\r3\common_pron_mfa_r3_20260809\markers\ALIGN_DONE_2025.json
133,2025,SDRW2500000177.1.1.244,SDRW2500000177,2.464875,246,맞아요 네,1,False,False,False,,mfa_alignment_missing,alignment_and_analysis,D:\mfa_eojeol\r3\common_pron_mfa_r3_20260809\markers\ALIGN_DONE_2025.json
134,2025,SDRW2500000177.1.1.31,SDRW2500000177,1.657812,166,어 김치찌개,1,False,False,False,,mfa_alignment_missing,alignment_and_analysis,D:\mfa_eojeol\r3\common_pron_mfa_r3_20260809\markers\ALIGN_DONE_2025.json
135,2025,SDRW2500000185.1.1.91,SDRW2500000185,1.774625,177,어 우선,3,False,False,False,,mfa_alignment_missing,alignment_and_analysis,D:\mfa_eojeol\r3\common_pron_mfa_r3_20260809\markers\ALIGN_DONE_2025.json
136,2025,SDRW2500000188.1.1.145,SDRW2500000188,8.823875,882,그거에 준하는 노력 되게 옆에서 진짜 많이 도와주셨어 가지고 그분이 정말 기억에 많이 남습니다,2,False,False,False,,mfa_alignment_missing,alignment_and_analysis,D:\mfa_eojeol\r3\common_pron_mfa_r3_20260809\markers\ALIGN_DONE_2025.json
137,2025,SDRW2500000197.1.1.52,SDRW2500000197,7.989937,799,어 혹시 선생님은 일상생활에서 실천할 수 있는 환경 보호 방법에 대해서 생각하고 계신 게 있으신가요,4,False,False,False,,mfa_alignment_missing,alignment_and_analysis,D:\mfa_eojeol\r3\common_pron_mfa_r3_20260809\markers\ALIGN_DONE_2025.json
138,2025,SDRW2500000199.1.1.170,SDRW2500000199,1.309813,131,맞아요,3,False,False,False,,mfa_alignment_missing,alignment_and_analysis,D:\mfa_eojeol\r3\common_pron_mfa_r3_20260809\markers\ALIGN_DONE_2025.json
139,2025,SDRW2500000199.1.1.188,SDRW2500000199,2.285,229,음 그러니깐,3,False,False,False,,mfa_alignment_missing,alignment_and_analysis,D:\mfa_eojeol\r3\common_pron_mfa_r3_20260809\markers\ALIGN_DONE_2025.json
140,2025,SDRW2500000199.1.1.214,SDRW2500000199,1.15375,115,저는,3,False,False,False,,mfa_alignment_missing,alignment_and_analysis,D:\mfa_eojeol\r3\common_pron_mfa_r3_20260809\markers\ALIGN_DONE_2025.json
141,2025,SDRW2500000199.1.1.241,SDRW2500000199,1.355125,136,그렇죠,3,False,False,False,,mfa_alignment_missing,alignment_and_analysis,D:\mfa_eojeol\r3\common_pron_mfa_r3_20260809\markers\ALIGN_DONE_2025.json
142,2025,SDRW2500000199.1.1.65,SDRW2500000199,2.004563,200,언니 몇 분하고,3,False,False,False,,mfa_alignment_missing,alignment_and_analysis,D:\mfa_eojeol\r3\common_pron_mfa_r3_20260809\markers\ALIGN_DONE_2025.json
143,2025,SDRW2500000199.1.1.68,SDRW2500000199,2.960375,296,그러면 네 며 네 명이 가네요,3,False,False,False,,mfa_alignment_missing,alignment_and_analysis,D:\mfa_eojeol\r3\common_pron_mfa_r3_20260809\markers\ALIGN_DONE_2025.json
144,2025,SDRW2500000199.1.1.69,SDRW2500000199,2.057,206,행복하겠습니다,3,False,False,False,,mfa_alignment_missing,alignment_and_analysis,D:\mfa_eojeol\r3\common_pron_mfa_r3_20260809\markers\ALIGN_DONE_2025.json
145,2025,SDRW2500000200.1.1.188,SDRW2500000200,1.8655,187,네 감사합니다,1,False,False,False,,mfa_alignment_missing,alignment_and_analysis,D:\mfa_eojeol\r3\common_pron_mfa_r3_20260809\markers\ALIGN_DONE_2025.json
146,2025,SDRW2500000200.1.1.228,SDRW2500000200,1.533375,153,분야 분야 해요,1,False,False,False,,mfa_alignment_missing,alignment_and_analysis,D:\mfa_eojeol\r3\common_pron_mfa_r3_20260809\markers\ALIGN_DONE_2025.json
147,2025,SDRW2500000200.1.1.286,SDRW2500000200,6.103625,610,그래요 한번 물어봐 주셔요 그러면 인제 이 어 어느 정도 알 수 있을 거 같으니까,1,False,False,False,,mfa_alignment_missing,alignment_and_analysis,D:\mfa_eojeol\r3\common_pron_mfa_r3_20260809\markers\ALIGN_DONE_2025.json
148,2025,SDRW2500000201.1.1.185,SDRW2500000201,2.14,214,그거는 잘 모르겠어요 뭐,4,False,False,False,,mfa_alignment_missing,alignment_and_analysis,D:\mfa_eojeol\r3\common_pron_mfa_r3_20260809\markers\ALIGN_DONE_2025.json
149,2025,SDRW2500000201.1.1.186,SDRW2500000201,1.5155,152,잘 모르겠지만,4,False,False,False,,mfa_alignment_missing,alignment_and_analysis,D:\mfa_eojeol\r3\common_pron_mfa_r3_20260809\markers\ALIGN_DONE_2025.json
150,2025,SDRW2500000201.1.1.221,SDRW2500000201,1.464312,146,신림동,4,False,False,False,,mfa_alignment_missing,alignment_and_analysis,D:\mfa_eojeol\r3\common_pron_mfa_r3_20260809\markers\ALIGN_DONE_2025.json
151,2025,SDRW2500000201.1.1.299,SDRW2500000201,1.407687,141,추천해 줘요,4,False,False,False,,mfa_alignment_missing,alignment_and_analysis,D:\mfa_eojeol\r3\common_pron_mfa_r3_20260809\markers\ALIGN_DONE_2025.json
152,2025,SDRW2500000201.1.1.71,SDRW2500000201,1.3565,136,집에서 해 보세요,4,False,False,False,,mfa_alignment_missing,alignment_and_analysis,D:\mfa_eojeol\r3\common_pron_mfa_r3_20260809\markers\ALIGN_DONE_2025.json
153,2025,SDRW2500000201.1.1.89,SDRW2500000201,2.375563,238,그런 식으로 하고 뭐 인제 생선은,4,False,False,False,,mfa_alignment_missing,alignment_and_analysis,D:\mfa_eojeol\r3\common_pron_mfa_r3_20260809\markers\ALIGN_DONE_2025.json
154,2025,SDRW2500000212.1.1.106,SDRW2500000212,1.5815,158,음 몰랐어,1,False,False,False,,mfa_alignment_missing,alignment_and_analysis,D:\mfa_eojeol\r3\common_pron_mfa_r3_20260809\markers\ALIGN_DONE_2025.json
155,2025,SDRW2500000212.1.1.136,SDRW2500000212,5.427625,543,나는 그 경양식 돈까쓰 이런 이런 거 한 번도 안 먹어 봤어,1,False,False,False,,mfa_alignment_missing,alignment_and_analysis,D:\mfa_eojeol\r3\common_pron_mfa_r3_20260809\markers\ALIGN_DONE_2025.json
156,2025,SDRW2500000212.1.1.229,SDRW2500000212,1.811813,181,음 그래,1,False,False,False,,mfa_alignment_missing,alignment_and_analysis,D:\mfa_eojeol\r3\common_pron_mfa_r3_20260809\markers\ALIGN_DONE_2025.json
157,2025,SDRW2500000212.1.1.30,SDRW2500000212,1.872375,187,어 그렇게 하자,1,False,False,False,,mfa_alignment_missing,alignment_and_analysis,D:\mfa_eojeol\r3\common_pron_mfa_r3_20260809\markers\ALIGN_DONE_2025.json
158,2025,SDRW2500000212.1.1.88,SDRW2500000212,1.844188,184,어떡할래,1,False,False,False,,mfa_alignment_missing,alignment_and_analysis,D:\mfa_eojeol\r3\common_pron_mfa_r3_20260809\markers\ALIGN_DONE_2025.json
159,2025,SDRW2500000213.1.1.70,SDRW2500000213,0.732938,73,너,3,False,False,False,,mfa_alignment_missing,alignment_and_analysis,D:\mfa_eojeol\r3\common_pron_mfa_r3_20260809\markers\ALIGN_DONE_2025.json
160,2025,SDRW2500000214.1.1.74,SDRW2500000214,2.481,248,응 맞아,2,False,False,False,,mfa_alignment_missing,alignment_and_analysis,D:\mfa_eojeol\r3\common_pron_mfa_r3_20260809\markers\ALIGN_DONE_2025.json
161,2025,SDRW2500000214.1.1.78,SDRW2500000214,0.956375,96,맞아요,2,False,False,False,,mfa_alignment_missing,alignment_and_analysis,D:\mfa_eojeol\r3\common_pron_mfa_r3_20260809\markers\ALIGN_DONE_2025.json
162,2025,SDRW2500000222.1.1.121,SDRW2500000222,1.411312,141,저는,3,False,False,False,,mfa_alignment_missing,alignment_and_analysis,D:\mfa_eojeol\r3\common_pron_mfa_r3_20260809\markers\ALIGN_DONE_2025.json
163,2025,SDRW2500000224.1.1.29,SDRW2500000224,2.167,217,아 요즘,2,False,False,False,,mfa_alignment_missing,alignment_and_analysis,D:\mfa_eojeol\r3\common_pron_mfa_r3_20260809\markers\ALIGN_DONE_2025.json
164,2025,SDRW2500000224.1.1.30,SDRW2500000224,1.897125,190,예능 뭐 이렇게,2,False,False,False,,mfa_alignment_missing,alignment_and_analysis,D:\mfa_eojeol\r3\common_pron_mfa_r3_20260809\markers\ALIGN_DONE_2025.json
165,2025,SDRW2500000231.1.1.110,SDRW2500000231,3.287,329,저도 너무 동감하는 입장인데,4,False,False,False,,mfa_alignment_missing,alignment_and_analysis,D:\mfa_eojeol\r3\common_pron_mfa_r3_20260809\markers\ALIGN_DONE_2025.json
166,2025,SDRW2500000231.1.1.111,SDRW2500000231,2.612625,261,저도 사람 많은 걸 정말 싫어하고,4,False,False,False,,mfa_alignment_missing,alignment_and_analysis,D:\mfa_eojeol\r3\common_pron_mfa_r3_20260809\markers\ALIGN_DONE_2025.json
167,2025,SDRW2500000233.1.1.36,SDRW2500000233,0.777312,78,네,4,False,False,False,,mfa_alignment_missing,alignment_and_analysis,D:\mfa_eojeol\r3\common_pron_mfa_r3_20260809\markers\ALIGN_DONE_2025.json
168,2025,SDRW2500000235.1.1.210,SDRW2500000235,3.802313,380,혹시 일하면서 힘든 업무가 있으셨어요,4,False,False,False,,mfa_alignment_missing,alignment_and_analysis,D:\mfa_eojeol\r3\common_pron_mfa_r3_20260809\markers\ALIGN_DONE_2025.json
169,2025,SDRW2500000246.1.1.178,SDRW2500000246,2.50075,250,안 좋은 경험은,2,False,False,False,,mfa_alignment_missing,alignment_and_analysis,D:\mfa_eojeol\r3\common_pron_mfa_r3_20260809\markers\ALIGN_DONE_2025.json
170,2025,SDRW2500000246.1.1.230,SDRW2500000246,1.841625,184,어 가 봤죠,2,False,False,False,,mfa_alignment_missing,alignment_and_analysis,D:\mfa_eojeol\r3\common_pron_mfa_r3_20260809\markers\ALIGN_DONE_2025.json
171,2025,SDRW2500000246.1.1.231,SDRW2500000246,1.8855,189,여기에서 가깝고,2,False,False,False,,mfa_alignment_missing,alignment_and_analysis,D:\mfa_eojeol\r3\common_pron_mfa_r3_20260809\markers\ALIGN_DONE_2025.json
172,2025,SDRW2500000247.1.1.147,SDRW2500000247,1.789875,179,소울 푸드요,4,False,False,False,,mfa_alignment_missing,alignment_and_analysis,D:\mfa_eojeol\r3\common_pron_mfa_r3_20260809\markers\ALIGN_DONE_2025.json
173,2025,SDRW2500000247.1.1.148,SDRW2500000247,2.152687,215,글쎄요 딱히 뭐,4,False,False,False,,mfa_alignment_missing,alignment_and_analysis,D:\mfa_eojeol\r3\common_pron_mfa_r3_20260809\markers\ALIGN_DONE_2025.json
174,2025,SDRW2500000247.1.1.149,SDRW2500000247,3.259438,326,소울 푸드는 없는 거 같아요,4,False,False,False,,mfa_alignment_missing,alignment_and_analysis,D:\mfa_eojeol\r3\common_pron_mfa_r3_20260809\markers\ALIGN_DONE_2025.json
175,2025,SDRW2500000247.1.1.150,SDRW2500000247,2.84975,285,선생님께선 소울 푸드가 어떤 게 있으세요,4,False,False,False,,mfa_alignment_missing,alignment_and_analysis,D:\mfa_eojeol\r3\common_pron_mfa_r3_20260809\markers\ALIGN_DONE_2025.json
176,2025,SDRW2500000247.1.1.228,SDRW2500000247,1.336,134,저는,4,False,False,False,,mfa_alignment_missing,alignment_and_analysis,D:\mfa_eojeol\r3\common_pron_mfa_r3_20260809\markers\ALIGN_DONE_2025.json
177,2025,SDRW2500000249.1.1.198,SDRW2500000249,3.210812,321,옛날에 오디션 프로그램,2,False,False,False,,mfa_alignment_missing,alignment_and_analysis,D:\mfa_eojeol\r3\common_pron_mfa_r3_20260809\markers\ALIGN_DONE_2025.json
178,2025,SDRW2500000249.1.1.199,SDRW2500000249,3.226,323,뭐 했을까요 저 기억이 잘 안 나서,2,False,False,False,,mfa_alignment_missing,alignment_and_analysis,D:\mfa_eojeol\r3\common_pron_mfa_r3_20260809\markers\ALIGN_DONE_2025.json
179,2025,SDRW2500000249.1.1.200,SDRW2500000249,1.801688,180,오디션 프로그램,2,False,False,False,,mfa_alignment_missing,alignment_and_analysis,D:\mfa_eojeol\r3\common_pron_mfa_r3_20260809\markers\ALIGN_DONE_2025.json
180,2025,SDRW2500000249.1.1.201,SDRW2500000249,1.782188,178,잘 모르겠어요 저도,2,False,False,False,,mfa_alignment_missing,alignment_and_analysis,D:\mfa_eojeol\r3\common_pron_mfa_r3_20260809\markers\ALIGN_DONE_2025.json
181,2025,SDRW2500000249.1.1.202,SDRW2500000249,2.02675,203,있었나요 혹시,2,False,False,False,,mfa_alignment_missing,alignment_and_analysis,D:\mfa_eojeol\r3\common_pron_mfa_r3_20260809\markers\ALIGN_DONE_2025.json
182,2025,SDRW2500000253.1.1.88,SDRW2500000253,2.722812,272,선생님께서는 인공지능에 대해서 어떻게 생각하시나요,3,False,False,False,,mfa_alignment_missing,alignment_and_analysis,D:\mfa_eojeol\r3\common_pron_mfa_r3_20260809\markers\ALIGN_DONE_2025.json
183,2025,SDRW2500000257.1.1.188,SDRW2500000257,7.35825,736,그럼 유럽 갔다 오셨을 때 뭐 예술 작품이나 미술 이런 것도 많이 보셨나요,3,False,False,False,,mfa_alignment_missing,alignment_and_analysis,D:\mfa_eojeol\r3\common_pron_mfa_r3_20260809\markers\ALIGN_DONE_2025.json
184,2025,SDRW2500000260.1.1.36,SDRW2500000260,2.50425,250,그래서 그냥 일부러 알약으로 먹어요,3,False,False,False,,mfa_alignment_missing,alignment_and_analysis,D:\mfa_eojeol\r3\common_pron_mfa_r3_20260809\markers\ALIGN_DONE_2025.json
185,2025,SDRW2500000262.1.1.179,SDRW2500000262,2.82125,282,아뇨 저도 잘 모르는데,2,False,False,False,,mfa_alignment_missing,alignment_and_analysis,D:\mfa_eojeol\r3\common_pron_mfa_r3_20260809\markers\ALIGN_DONE_2025.json
186,2025,SDRW2500000262.1.1.180,SDRW2500000262,1.212125,121,이게,2,False,False,False,,mfa_alignment_missing,alignment_and_analysis,D:\mfa_eojeol\r3\common_pron_mfa_r3_20260809\markers\ALIGN_DONE_2025.json
187,2025,SDRW2500000262.1.1.186,SDRW2500000262,2.6005,260,네 저는 그런,2,False,False,False,,mfa_alignment_missing,alignment_and_analysis,D:\mfa_eojeol\r3\common_pron_mfa_r3_20260809\markers\ALIGN_DONE_2025.json
188,2025,SDRW2500000273.1.1.188,SDRW2500000273,3.834812,383,어 연락 주면 너무 나는 고마울 거 같아,2,False,False,False,,mfa_alignment_missing,alignment_and_analysis,D:\mfa_eojeol\r3\common_pron_mfa_r3_20260809\markers\ALIGN_DONE_2025.json
189,2025,SDRW2500000273.1.1.189,SDRW2500000273,5.281375,528,일단 상황이 되든 안 되든 연락을 주면 나한텐 너무 고마울 거 같아,2,False,False,False,,mfa_alignment_missing,alignment_and_analysis,D:\mfa_eojeol\r3\common_pron_mfa_r3_20260809\markers\ALIGN_DONE_2025.json
190,2025,SDRW2500000273.1.1.44,SDRW2500000273,4.209062,421,그때는 나도 무슨 정신이었는지 모르겠는데,2,False,False,False,,mfa_alignment_missing,alignment_and_analysis,D:\mfa_eojeol\r3\common_pron_mfa_r3_20260809\markers\ALIGN_DONE_2025.json
191,2025,SDRW2500000273.1.1.45,SDRW2500000273,7.911562,791,그냥 운동하는 게 그냥 일 마치고 내가 내 삶의 낙이었고 그 스트레스 해소였던 거 같아,2,False,False,False,,mfa_alignment_missing,alignment_and_analysis,D:\mfa_eojeol\r3\common_pron_mfa_r3_20260809\markers\ALIGN_DONE_2025.json
192,2025,SDRW2500000273.1.1.46,SDRW2500000273,4.366437,437,그래서 운동하는 게 되게 되게 재밌었고,2,False,False,False,,mfa_alignment_missing,alignment_and_analysis,D:\mfa_eojeol\r3\common_pron_mfa_r3_20260809\markers\ALIGN_DONE_2025.json
193,2025,SDRW2500000273.1.1.47,SDRW2500000273,7.5855,759,운동도 이제 쪼끔 정적인 것보다는 쪼끔 활동적인 거를 하 선호를 해서 이제,2,False,False,False,,mfa_alignment_missing,alignment_and_analysis,D:\mfa_eojeol\r3\common_pron_mfa_r3_20260809\markers\ALIGN_DONE_2025.json
194,2025,SDRW2500000273.1.1.50,SDRW2500000273,2.93925,294,그로 인해서 이제 내 이제,2,False,False,False,,mfa_alignment_missing,alignment_and_analysis,D:\mfa_eojeol\r3\common_pron_mfa_r3_20260809\markers\ALIGN_DONE_2025.json
195,2025,SDRW2500000273.1.1.51,SDRW2500000273,4.854438,485,몸무게라든지 내 몸이라든지 그런 것도 되게 쪼끔,2,False,False,False,,mfa_alignment_missing,alignment_and_analysis,D:\mfa_eojeol\r3\common_pron_mfa_r3_20260809\markers\ALIGN_DONE_2025.json
196,2025,SDRW2500000273.1.1.52,SDRW2500000273,2.623937,262,내가 원하는 이제,2,False,False,False,,mfa_alignment_missing,alignment_and_analysis,D:\mfa_eojeol\r3\common_pron_mfa_r3_20260809\markers\ALIGN_DONE_2025.json
197,2025,SDRW2500000273.1.1.53,SDRW2500000273,5.611,561,그런 몸이 되다 보니까 내 스스로 자신감도 많이 생겼었고 그랬던 거 같아,2,False,False,False,,mfa_alignment_missing,alignment_and_analysis,D:\mfa_eojeol\r3\common_pron_mfa_r3_20260809\markers\ALIGN_DONE_2025.json
198,2025,SDRW2500000273.1.1.54,SDRW2500000273,1.691563,169,근데 지금은 이제,2,False,False,False,,mfa_alignment_missing,alignment_and_analysis,D:\mfa_eojeol\r3\common_pron_mfa_r3_20260809\markers\ALIGN_DONE_2025.json
199,2025,SDRW2500000273.1.1.55,SDRW2500000273,3.801563,380,나도 운동 안 한 지 짐 한 오 년 정도 돼 가니까,2,False,False,False,,mfa_alignment_missing,alignment_and_analysis,D:\mfa_eojeol\r3\common_pron_mfa_r3_20260809\markers\ALIGN_DONE_2025.json
200,2025,SDRW2500000273.1.1.56,SDRW2500000273,2.503687,250,너무 지금 힘들어,2,False,False,False,,mfa_alignment_missing,alignment_and_analysis,D:\mfa_eojeol\r3\common_pron_mfa_r3_20260809\markers\ALIGN_DONE_2025.json
201,2025,SDRW2500000273.1.1.57,SDRW2500000273,5.282563,528,그때 이제 무슨 체력이었는지 모르겠는데 그때는 그렇게 운동하고 또 놀러도 가고,2,False,False,False,,mfa_alignment_missing,alignment_and_analysis,D:\mfa_eojeol\r3\common_pron_mfa_r3_20260809\markers\ALIGN_DONE_2025.json
202,2025,SDRW2500000273.1.1.58,SDRW2500000273,2.354812,235,또 술도 많이 마시고 이랬는데,2,False,False,False,,mfa_alignment_missing,alignment_and_analysis,D:\mfa_eojeol\r3\common_pron_mfa_r3_20260809\markers\ALIGN_DONE_2025.json
203,2025,SDRW2500000273.1.1.59,SDRW2500000273,9.981875,998,지금은 걸어 다니는 것도 솔직히 쪼끔 버겁고 그래서 요즘은 쪼끔 운동을 해야겠다 그런 생각을 많이 하고 있거든,2,False,False,False,,mfa_alignment_missing,alignment_and_analysis,D:\mfa_eojeol\r3\common_pron_mfa_r3_20260809\markers\ALIGN_DONE_2025.json
204,2025,SDRW2500000273.1.1.60,SDRW2500000273,8.434625,843,근데 만약에 이제 내가 뭐 나 이처럼 가이드를 한다면 나 이 체력으로는 진짜 지금 일 못 할 거 같아,2,False,False,False,,mfa_alignment_missing,alignment_and_analysis,D:\mfa_eojeol\r3\common_pron_mfa_r3_20260809\markers\ALIGN_DONE_2025.json
205,2025,SDRW2500000273.1.1.61,SDRW2500000273,5.860437,586,뭐 그럼 내가 일을 하기 다시 하기 위해서라도 쪼끔 체력 비축을 위해서 다시 운동은 쪼끔,2,False,False,False,,mfa_alignment_missing,alignment_and_analysis,D:\mfa_eojeol\r3\common_pron_mfa_r3_20260809\markers\ALIGN_DONE_2025.json
206,2025,SDRW2500000273.1.1.62,SDRW2500000273,3.904562,390,해야 될 것 같다고 생각하는데 이는 어때,2,False,False,False,,mfa_alignment_missing,alignment_and_analysis,D:\mfa_eojeol\r3\common_pron_mfa_r3_20260809\markers\ALIGN_DONE_2025.json
207,2025,SDRW2500000277.1.1.2,SDRW2500000277,3.822437,382,혹시 선생님께서는 이번 여름에 여행 계획이 있나요,1,False,False,False,,mfa_alignment_missing,alignment_and_analysis,D:\mfa_eojeol\r3\common_pron_mfa_r3_20260809\markers\ALIGN_DONE_2025.json
208,2025,SDRW2500000277.1.1.219,SDRW2500000277,3.4855,349,예 그 여행지가 있으신가요,1,False,False,False,,mfa_alignment_missing,alignment_and_analysis,D:\mfa_eojeol\r3\common_pron_mfa_r3_20260809\markers\ALIGN_DONE_2025.json
209,2025,SDRW2500000284.1.1.205,SDRW2500000284,7.330938,733,다른 다이소 구매했었던 좋았던 물건이 있으시면 혹시 한번 말씀해 주실 수 있나요,3,False,False,False,,mfa_alignment_missing,alignment_and_analysis,D:\mfa_eojeol\r3\common_pron_mfa_r3_20260809\markers\ALIGN_DONE_2025.json
210,2025,SDRW2500000284.1.1.70,SDRW2500000284,1.1255,113,저요,3,False,False,False,,mfa_alignment_missing,alignment_and_analysis,D:\mfa_eojeol\r3\common_pron_mfa_r3_20260809\markers\ALIGN_DONE_2025.json
211,2025,SDRW2500000285.1.1.1,SDRW2500000285,3.687875,369,요즘 좋아하시는 아이돌 있을까요,2,False,False,False,,mfa_alignment_missing,alignment_and_analysis,D:\mfa_eojeol\r3\common_pron_mfa_r3_20260809\markers\ALIGN_DONE_2025.json
212,2025,SDRW2500000285.1.1.66,SDRW2500000285,0.626875,63,네,2,False,False,False,,mfa_alignment_missing,alignment_and_analysis,D:\mfa_eojeol\r3\common_pron_mfa_r3_20260809\markers\ALIGN_DONE_2025.json
213,2025,SDRW2500000287.1.1.89,SDRW2500000287,1.980875,198,아니 없어요,3,False,False,False,,mfa_alignment_missing,alignment_and_analysis,D:\mfa_eojeol\r3\common_pron_mfa_r3_20260809\markers\ALIGN_DONE_2025.json
214,2025,SDRW2500000287.1.1.90,SDRW2500000287,1.2645,126,그 없어요,3,False,False,False,,mfa_alignment_missing,alignment_and_analysis,D:\mfa_eojeol\r3\common_pron_mfa_r3_20260809\markers\ALIGN_DONE_2025.json
215,2025,SDRW2500000302.1.1.50,SDRW2500000302,2.9985,300,저는 영양제를 먹지 않습니다,3,False,False,False,,mfa_alignment_missing,alignment_and_analysis,D:\mfa_eojeol\r3\common_pron_mfa_r3_20260809\markers\ALIGN_DONE_2025.json
216,2025,SDRW2500000302.1.1.52,SDRW2500000302,2.012938,201,먹어 본 적이 없습니다,3,False,False,False,,mfa_alignment_missing,alignment_and_analysis,D:\mfa_eojeol\r3\common_pron_mfa_r3_20260809\markers\ALIGN_DONE_2025.json
217,2025,SDRW2500000306.1.1.49,SDRW2500000306,1.498563,150,선생님은 어떠세요,4,False,False,False,,mfa_alignment_missing,alignment_and_analysis,D:\mfa_eojeol\r3\common_pron_mfa_r3_20260809\markers\ALIGN_DONE_2025.json
218,2025,SDRW2500000306.1.1.71,SDRW2500000306,1.701812,170,아 네,4,False,False,False,,mfa_alignment_missing,alignment_and_analysis,D:\mfa_eojeol\r3\common_pron_mfa_r3_20260809\markers\ALIGN_DONE_2025.json
219,2025,SDRW2500000310.1.1.100,SDRW2500000310,1.011562,101,혹시 저,2,False,False,False,,mfa_alignment_missing,alignment_and_analysis,D:\mfa_eojeol\r3\common_pron_mfa_r3_20260809\markers\ALIGN_DONE_2025.json
220,2025,SDRW2500000310.1.1.33,SDRW2500000310,2.288125,229,선생님은 어떻게 생각하세요,2,False,False,False,,mfa_alignment_missing,alignment_and_analysis,D:\mfa_eojeol\r3\common_pron_mfa_r3_20260809\markers\ALIGN_DONE_2025.json
221,2025,SDRW2500000317.1.1.169,SDRW2500000317,1.190313,119,좋습니다,4,False,False,False,,mfa_alignment_missing,alignment_and_analysis,D:\mfa_eojeol\r3\common_pron_mfa_r3_20260809\markers\ALIGN_DONE_2025.json
222,2025,SDRW2500000319.1.1.250,SDRW2500000319,6.93575,694,혹시 그 물품 포장이라든가 너무 부실하게 오지는 않아요,4,False,False,False,,mfa_alignment_missing,alignment_and_analysis,D:\mfa_eojeol\r3\common_pron_mfa_r3_20260809\markers\ALIGN_DONE_2025.json
223,2025,SDRW2500000320.1.1.219,SDRW2500000320,1.338188,134,네 맞아요,1,False,False,False,,mfa_alignment_missing,alignment_and_analysis,D:\mfa_eojeol\r3\common_pron_mfa_r3_20260809\markers\ALIGN_DONE_2025.json
224,2025,SDRW2500000320.1.1.221,SDRW2500000320,0.920937,92,네,1,False,False,False,,mfa_alignment_missing,alignment_and_analysis,D:\mfa_eojeol\r3\common_pron_mfa_r3_20260809\markers\ALIGN_DONE_2025.json
225,2025,SDRW2500000324.1.1.137,SDRW2500000324,7.717688,772,제가 지금 대외 활동을 하고 있는 게 구단이어서 구단 쪽으로 가지 않을까 생각하고 있어요,2,False,False,False,,mfa_alignment_missing,alignment_and_analysis,D:\mfa_eojeol\r3\common_pron_mfa_r3_20260809\markers\ALIGN_DONE_2025.json
226,2025,SDRW2500000324.1.1.18,SDRW2500000324,2.18425,218,저는 그,2,False,False,False,,mfa_alignment_missing,alignment_and_analysis,D:\mfa_eojeol\r3\common_pron_mfa_r3_20260809\markers\ALIGN_DONE_2025.json
227,2025,SDRW2500000325.1.1.199,SDRW2500000325,2.0885,209,아 그렇군요,2,False,False,False,,mfa_alignment_missing,alignment_and_analysis,D:\mfa_eojeol\r3\common_pron_mfa_r3_20260809\markers\ALIGN_DONE_2025.json
228,2025,SDRW2500000334.1.1.6,SDRW2500000334,1.10175,110,예,2,False,False,False,,mfa_alignment_missing,alignment_and_analysis,D:\mfa_eojeol\r3\common_pron_mfa_r3_20260809\markers\ALIGN_DONE_2025.json
229,2025,SDRW2500000338.1.1.25,SDRW2500000338,6.5175,652,음 아무리 맛있는 맛집이라고 해도 한 두 시간 기다려서 들어가면,2,False,False,False,,mfa_alignment_missing,alignment_and_analysis,D:\mfa_eojeol\r3\common_pron_mfa_r3_20260809\markers\ALIGN_DONE_2025.json
230,2025,SDRW2500000338.1.1.27,SDRW2500000338,5.47125,547,어 예전에는 아예 그런 맛집을 잘 안 다녔던 것 같습니다,2,False,False,False,,mfa_alignment_missing,alignment_and_analysis,D:\mfa_eojeol\r3\common_pron_mfa_r3_20260809\markers\ALIGN_DONE_2025.json
231,2025,SDRW2500000338.1.1.29,SDRW2500000338,3.651375,365,미리 인제 거기를 가겠다 이렇게 마음을 먹으며,2,False,False,False,,mfa_alignment_missing,alignment_and_analysis,D:\mfa_eojeol\r3\common_pron_mfa_r3_20260809\markers\ALIGN_DONE_2025.json
232,2025,SDRW2500000338.1.1.30,SDRW2500000338,4.795375,480,이제 일정을 생각함으로써 어 미리 예약을 잡아 놓고,2,False,False,False,,mfa_alignment_missing,alignment_and_analysis,D:\mfa_eojeol\r3\common_pron_mfa_r3_20260809\markers\ALIGN_DONE_2025.json
233,2025,SDRW2500000338.1.1.31,SDRW2500000338,4.735062,474,그 시간에 이제 내가 원래 하고자 했던 걸 다른 걸 하면서,2,False,False,False,,mfa_alignment_missing,alignment_and_analysis,D:\mfa_eojeol\r3\common_pron_mfa_r3_20260809\markers\ALIGN_DONE_2025.json
234,2025,SDRW2500000340.1.1.98,SDRW2500000340,0.817312,82,아니,2,False,False,False,,mfa_alignment_missing,alignment_and_analysis,D:\mfa_eojeol\r3\common_pron_mfa_r3_20260809\markers\ALIGN_DONE_2025.json
235,2025,SDRW2500000343.1.1.104,SDRW2500000343,1.017375,102,너,4,False,False,False,,mfa_alignment_missing,alignment_and_analysis,D:\mfa_eojeol\r3\common_pron_mfa_r3_20260809\markers\ALIGN_DONE_2025.json
236,2025,SDRW2500000343.1.1.198,SDRW2500000343,1.242375,124,나는,4,False,False,False,,mfa_alignment_missing,alignment_and_analysis,D:\mfa_eojeol\r3\common_pron_mfa_r3_20260809\markers\ALIGN_DONE_2025.json
237,2025,SDRW2500000349.1.1.12,SDRW2500000349,3.1185,312,그러면은 알바를 한다고 했잖아,3,False,False,False,,mfa_alignment_missing,alignment_and_analysis,D:\mfa_eojeol\r3\common_pron_mfa_r3_20260809\markers\ALIGN_DONE_2025.json
238,2025,SDRW2500000349.1.1.13,SDRW2500000349,3.444313,344,알바에서 힘들었던 점이 있어,3,False,False,False,,mfa_alignment_missing,alignment_and_analysis,D:\mfa_eojeol\r3\common_pron_mfa_r3_20260809\markers\ALIGN_DONE_2025.json
239,2025,SDRW2500000349.1.1.136,SDRW2500000349,2.794313,279,이런 건 어떻게 생각해,3,False,False,False,,mfa_alignment_missing,alignment_and_analysis,D:\mfa_eojeol\r3\common_pron_mfa_r3_20260809\markers\ALIGN_DONE_2025.json
240,2025,SDRW2500000349.1.1.152,SDRW2500000349,4.807938,481,알바에서 경험했던 것 중에 좋았던 경험이 있어,3,False,False,False,,mfa_alignment_missing,alignment_and_analysis,D:\mfa_eojeol\r3\common_pron_mfa_r3_20260809\markers\ALIGN_DONE_2025.json
241,2025,SDRW2500000349.1.1.179,SDRW2500000349,2.978,298,그러면 사교육 관련해서,3,False,False,False,,mfa_alignment_missing,alignment_and_analysis,D:\mfa_eojeol\r3\common_pron_mfa_r3_20260809\markers\ALIGN_DONE_2025.json
242,2025,SDRW2500000349.1.1.180,SDRW2500000349,4.373125,437,학원이나 과외를 경험해 본 적이 있어,3,False,False,False,,mfa_alignment_missing,alignment_and_analysis,D:\mfa_eojeol\r3\common_pron_mfa_r3_20260809\markers\ALIGN_DONE_2025.json
243,2025,SDRW2500000349.1.1.205,SDRW2500000349,1.674375,167,다들 다양하네,3,False,False,False,,mfa_alignment_missing,alignment_and_analysis,D:\mfa_eojeol\r3\common_pron_mfa_r3_20260809\markers\ALIGN_DONE_2025.json
244,2025,SDRW2500000349.1.1.206,SDRW2500000349,4.425625,443,그럼 학창 시절 때 좋아하던 선생님은 있었어,3,False,False,False,,mfa_alignment_missing,alignment_and_analysis,D:\mfa_eojeol\r3\common_pron_mfa_r3_20260809\markers\ALIGN_DONE_2025.json
245,2025,SDRW2500000349.1.1.29,SDRW2500000349,1.5195,152,있니,3,False,False,False,,mfa_alignment_missing,alignment_and_analysis,D:\mfa_eojeol\r3\common_pron_mfa_r3_20260809\markers\ALIGN_DONE_2025.json
246,2025,SDRW2500000349.1.1.38,SDRW2500000349,6.311813,631,과거에 다녔던 학창 시절 중에 좋았던 기억이 있어,3,False,False,False,,mfa_alignment_missing,alignment_and_analysis,D:\mfa_eojeol\r3\common_pron_mfa_r3_20260809\markers\ALIGN_DONE_2025.json
247,2025,SDRW2500000354.1.1.73,SDRW2500000354,3.965937,397,저도 아직은 다행히 없는데요,1,False,False,False,,mfa_alignment_missing,alignment_and_analysis,D:\mfa_eojeol\r3\common_pron_mfa_r3_20260809\markers\ALIGN_DONE_2025.json
248,2025,SDRW2500000354.1.1.75,SDRW2500000354,3.920437,392,어 선생님은 입원한 적이 있으세요,1,False,False,False,,mfa_alignment_missing,alignment_and_analysis,D:\mfa_eojeol\r3\common_pron_mfa_r3_20260809\markers\ALIGN_DONE_2025.json
249,2025,SDRW2500000356.1.1.138,SDRW2500000356,6.289313,629,어 여름에는 이제 물가 가서 그렇게 놀다 오고 그리고 이제 아이들이 있으니까 좀 뭐 레포츠를 할 수 있는 그런 것도 찾아서 다니고 그랬던 거 같은데,1,False,False,False,,mfa_alignment_missing,alignment_and_analysis,D:\mfa_eojeol\r3\common_pron_mfa_r3_20260809\markers\ALIGN_DONE_2025.json
250,2025,SDRW2500000358.1.1.196,SDRW2500000358,1.7955,180,어 네 갔습니다,1,False,False,False,,mfa_alignment_missing,alignment_and_analysis,D:\mfa_eojeol\r3\common_pron_mfa_r3_20260809\markers\ALIGN_DONE_2025.json
251,2025,SDRW2500000358.1.1.26,SDRW2500000358,2.253375,225,혹시 좋아하시는 음식 있으실까요,1,False,False,False,,mfa_alignment_missing,alignment_and_analysis,D:\mfa_eojeol\r3\common_pron_mfa_r3_20260809\markers\ALIGN_DONE_2025.json
252,2025,SDRW2500000363.1.1.235,SDRW2500000363,1.972125,197,사 박 육 일,2,False,False,False,,mfa_alignment_missing,alignment_and_analysis,D:\mfa_eojeol\r3\common_pron_mfa_r3_20260809\markers\ALIGN_DONE_2025.json
253,2025,SDRW2500000363.1.1.86,SDRW2500000363,2.659438,266,엄마 나 슬퍼졌어,2,False,False,False,,mfa_alignment_missing,alignment_and_analysis,D:\mfa_eojeol\r3\common_pron_mfa_r3_20260809\markers\ALIGN_DONE_2025.json
254,2025,SDRW2500000363.1.1.89,SDRW2500000363,1.910125,191,여행 못 가잖아,2,False,False,False,,mfa_alignment_missing,alignment_and_analysis,D:\mfa_eojeol\r3\common_pron_mfa_r3_20260809\markers\ALIGN_DONE_2025.json
255,2025,SDRW2500000363.1.1.92,SDRW2500000363,1.04425,104,시월,2,False,False,False,,mfa_alignment_missing,alignment_and_analysis,D:\mfa_eojeol\r3\common_pron_mfa_r3_20260809\markers\ALIGN_DONE_2025.json
256,2025,SDRW2500000364.1.1.117,SDRW2500000364,1.852125,185,맛있었어,3,False,False,False,,mfa_alignment_missing,alignment_and_analysis,D:\mfa_eojeol\r3\common_pron_mfa_r3_20260809\markers\ALIGN_DONE_2025.json
257,2025,SDRW2500000364.1.1.14,SDRW2500000364,0.75375,75,굉장히 뭐랄까,3,False,False,False,,mfa_alignment_missing,alignment_and_analysis,D:\mfa_eojeol\r3\common_pron_mfa_r3_20260809\markers\ALIGN_DONE_2025.json
258,2025,SDRW2500000364.1.1.141,SDRW2500000364,1.281688,128,아니,3,False,False,False,,mfa_alignment_missing,alignment_and_analysis,D:\mfa_eojeol\r3\common_pron_mfa_r3_20260809\markers\ALIGN_DONE_2025.json
259,2025,SDRW2500000364.1.1.231,SDRW2500000364,2.69575,270,그래서 결론이 뭐야 어디 가야 돼,3,False,False,False,,mfa_alignment_missing,alignment_and_analysis,D:\mfa_eojeol\r3\common_pron_mfa_r3_20260809\markers\ALIGN_DONE_2025.json
260,2025,SDRW2500000364.1.1.234,SDRW2500000364,2.621375,262,쿠우쿠우 가면 안 되나,3,False,False,False,,mfa_alignment_missing,alignment_and_analysis,D:\mfa_eojeol\r3\common_pron_mfa_r3_20260809\markers\ALIGN_DONE_2025.json
261,2025,SDRW2500000364.1.1.26,SDRW2500000364,2.399938,240,저는 치킨을 어 가족 사 인분 해서 먹기에는,3,False,False,False,,mfa_alignment_missing,alignment_and_analysis,D:\mfa_eojeol\r3\common_pron_mfa_r3_20260809\markers\ALIGN_DONE_2025.json
262,2025,SDRW2500000364.1.1.67,SDRW2500000364,1.543375,154,두 시간,3,False,False,False,,mfa_alignment_missing,alignment_and_analysis,D:\mfa_eojeol\r3\common_pron_mfa_r3_20260809\markers\ALIGN_DONE_2025.json
263,2025,SDRW2500000365.1.1.35,SDRW2500000365,1.938813,194,마인크래프트 얘기하는 거야,3,False,False,False,,mfa_alignment_missing,alignment_and_analysis,D:\mfa_eojeol\r3\common_pron_mfa_r3_20260809\markers\ALIGN_DONE_2025.json
264,2025,SDRW2500000366.1.1.5,SDRW2500000366,3.220687,322,예쁜 옷 입고 싶어 가지고 하고 있어,2,False,False,False,,mfa_alignment_missing,alignment_and_analysis,D:\mfa_eojeol\r3\common_pron_mfa_r3_20260809\markers\ALIGN_DONE_2025.json
265,2025,SDRW2500000366.1.1.60,SDRW2500000366,1.48825,149,맞지,2,False,False,False,,mfa_alignment_missing,alignment_and_analysis,D:\mfa_eojeol\r3\common_pron_mfa_r3_20260809\markers\ALIGN_DONE_2025.json
266,2025,SDRW2500000368.1.1.43,SDRW2500000368,1.788312,179,졸리비,3,False,False,False,,mfa_alignment_missing,alignment_and_analysis,D:\mfa_eojeol\r3\common_pron_mfa_r3_20260809\markers\ALIGN_DONE_2025.json
267,2025,SDRW2500000369.1.1.110,SDRW2500000369,3.576188,358,나는 등산화,1,False,False,False,,mfa_alignment_missing,alignment_and_analysis,D:\mfa_eojeol\r3\common_pron_mfa_r3_20260809\markers\ALIGN_DONE_2025.json
268,2025,SDRW2500000369.1.1.396,SDRW2500000369,1.152813,115,맞아,1,False,False,False,,mfa_alignment_missing,alignment_and_analysis,D:\mfa_eojeol\r3\common_pron_mfa_r3_20260809\markers\ALIGN_DONE_2025.json
269,2025,SDRW2500000369.1.1.99,SDRW2500000369,1.9905,199,빨간색 있잖아,1,False,False,False,,mfa_alignment_missing,alignment_and_analysis,D:\mfa_eojeol\r3\common_pron_mfa_r3_20260809\markers\ALIGN_DONE_2025.json
270,2025,SDRW2500000370.1.1.154,SDRW2500000370,3.228625,323,뭐 초밥도 가끔씩 드시나요,1,False,False,False,,mfa_alignment_missing,alignment_and_analysis,D:\mfa_eojeol\r3\common_pron_mfa_r3_20260809\markers\ALIGN_DONE_2025.json
271,2025,SDRW2500000370.1.1.6,SDRW2500000370,3.181062,318,음 배달 음식은 어떤 메뉴로 드셨어요,1,False,False,False,,mfa_alignment_missing,alignment_and_analysis,D:\mfa_eojeol\r3\common_pron_mfa_r3_20260809\markers\ALIGN_DONE_2025.json
272,2025,SDRW2500000372.1.1.147,SDRW2500000372,1.0115,101,온라인,2,False,False,False,,mfa_alignment_missing,alignment_and_analysis,D:\mfa_eojeol\r3\common_pron_mfa_r3_20260809\markers\ALIGN_DONE_2025.json
273,2025,SDRW2500000374.1.1.126,SDRW2500000374,3.247125,325,선생님은 어떤 음식을 주로 만드시나요,3,False,False,False,,mfa_alignment_missing,alignment_and_analysis,D:\mfa_eojeol\r3\common_pron_mfa_r3_20260809\markers\ALIGN_DONE_2025.json
274,2025,SDRW2500000381.1.1.102,SDRW2500000381,8.305125,831,그래서 그렇게 해 가지고 예전에 타지에서 온 친구한테 친구 데리고 횟집을 갔던 적이 있고요,3,False,False,False,,mfa_alignment_missing,alignment_and_analysis,D:\mfa_eojeol\r3\common_pron_mfa_r3_20260809\markers\ALIGN_DONE_2025.json
275,2025,SDRW2500000381.1.1.106,SDRW2500000381,4.927375,493,저는 좀 걸리면 좋다 이 정도인 거 같아요,3,False,False,False,,mfa_alignment_missing,alignment_and_analysis,D:\mfa_eojeol\r3\common_pron_mfa_r3_20260809\markers\ALIGN_DONE_2025.json
276,2025,SDRW2500000381.1.1.113,SDRW2500000381,6.253188,625,음 이제 밖에서 외식하거나 하실 때 따로 찾으시는 방법이 있으신가요,3,False,False,False,,mfa_alignment_missing,alignment_and_analysis,D:\mfa_eojeol\r3\common_pron_mfa_r3_20260809\markers\ALIGN_DONE_2025.json
277,2025,SDRW2500000381.1.1.15,SDRW2500000381,2.359062,236,근데 또 생각을 해 보니까,3,False,False,False,,mfa_alignment_missing,alignment_and_analysis,D:\mfa_eojeol\r3\common_pron_mfa_r3_20260809\markers\ALIGN_DONE_2025.json
278,2025,SDRW2500000381.1.1.16,SDRW2500000381,5.740188,574,평소에 차를 좋아하는데 민트 차는 또 뜨겁게도 잘 마시거든요,3,False,False,False,,mfa_alignment_missing,alignment_and_analysis,D:\mfa_eojeol\r3\common_pron_mfa_r3_20260809\markers\ALIGN_DONE_2025.json
279,2025,SDRW2500000381.1.1.17,SDRW2500000381,3.409562,341,약간 탕약 같은 느낌으로 마시긴 하는데,3,False,False,False,,mfa_alignment_missing,alignment_and_analysis,D:\mfa_eojeol\r3\common_pron_mfa_r3_20260809\markers\ALIGN_DONE_2025.json
280,2025,SDRW2500000381.1.1.199,SDRW2500000381,4.960938,496,몇 년 전에 엄마가 짬뽕을 만드신 적이 있거든요,3,False,False,False,,mfa_alignment_missing,alignment_and_analysis,D:\mfa_eojeol\r3\common_pron_mfa_r3_20260809\markers\ALIGN_DONE_2025.json
281,2025,SDRW2500000381.1.1.2,SDRW2500000381,6.08875,609,보통 호불호 음식 호불호 하면 딱 떠오르는 게 민트초코더라구요 이게 몇 년 전에,3,False,False,False,,mfa_alignment_missing,alignment_and_analysis,D:\mfa_eojeol\r3\common_pron_mfa_r3_20260809\markers\ALIGN_DONE_2025.json
282,2025,SDRW2500000381.1.1.20,SDRW2500000381,3.272187,327,민트 자체에 대해서는 좋아하는 편인데,3,False,False,False,,mfa_alignment_missing,alignment_and_analysis,D:\mfa_eojeol\r3\common_pron_mfa_r3_20260809\markers\ALIGN_DONE_2025.json
283,2025,SDRW2500000381.1.1.200,SDRW2500000381,6.709062,671,그때 이제 그냥 국물이랑 모든 걸 다 면은 산 걸 쓰셨는데,3,False,False,False,,mfa_alignment_missing,alignment_and_analysis,D:\mfa_eojeol\r3\common_pron_mfa_r3_20260809\markers\ALIGN_DONE_2025.json
284,2025,SDRW2500000381.1.1.201,SDRW2500000381,3.833625,383,면 말고는 다 이제 직접 맛을 내셔서,3,False,False,False,,mfa_alignment_missing,alignment_and_analysis,D:\mfa_eojeol\r3\common_pron_mfa_r3_20260809\markers\ALIGN_DONE_2025.json
285,2025,SDRW2500000381.1.1.202,SDRW2500000381,4.772875,477,그 하셨던 적이 있는데 그게 되게 맛있었어요,3,False,False,False,,mfa_alignment_missing,alignment_and_analysis,D:\mfa_eojeol\r3\common_pron_mfa_r3_20260809\markers\ALIGN_DONE_2025.json
286,2025,SDRW2500000381.1.1.205,SDRW2500000381,6.736625,674,그래가지고 만들어 주셨는데 그게 되게 맛있었던 기억이 있습니다,3,False,False,False,,mfa_alignment_missing,alignment_and_analysis,D:\mfa_eojeol\r3\common_pron_mfa_r3_20260809\markers\ALIGN_DONE_2025.json
287,2025,SDRW2500000381.1.1.206,SDRW2500000381,4.798312,480,사실 가족들이랑 같이 살아도 제가 요리를 할 수도 있는데,3,False,False,False,,mfa_alignment_missing,alignment_and_analysis,D:\mfa_eojeol\r3\common_pron_mfa_r3_20260809\markers\ALIGN_DONE_2025.json
288,2025,SDRW2500000381.1.1.21,SDRW2500000381,5.495,550,이게 민트초코로 가면서 어떤 바리에이션이 생기면은,3,False,False,False,,mfa_alignment_missing,alignment_and_analysis,D:\mfa_eojeol\r3\common_pron_mfa_r3_20260809\markers\ALIGN_DONE_2025.json
289,2025,SDRW2500000381.1.1.212,SDRW2500000381,3.076687,308,요새는 또 밀키트 같은 게 잘 나오니까,3,False,False,False,,mfa_alignment_missing,alignment_and_analysis,D:\mfa_eojeol\r3\common_pron_mfa_r3_20260809\markers\ALIGN_DONE_2025.json
290,2025,SDRW2500000381.1.1.214,SDRW2500000381,4.697625,470,사서 뭐 만약에 가족들한테 제가 뭔가를 해 줘야 한다면,3,False,False,False,,mfa_alignment_missing,alignment_and_analysis,D:\mfa_eojeol\r3\common_pron_mfa_r3_20260809\markers\ALIGN_DONE_2025.json
291,2025,SDRW2500000381.1.1.3,SDRW2500000381,5.332813,533,되게 거의 무슨 밈처럼 그게 돌았던 기억이 나는데,3,False,False,False,,mfa_alignment_missing,alignment_and_analysis,D:\mfa_eojeol\r3\common_pron_mfa_r3_20260809\markers\ALIGN_DONE_2025.json
292,2025,SDRW2500000381.1.1.5,SDRW2500000381,3.219313,322,근데 이게 개인적으로 생각을 해 봤을 때 되게 애매한 게,3,False,False,False,,mfa_alignment_missing,alignment_and_analysis,D:\mfa_eojeol\r3\common_pron_mfa_r3_20260809\markers\ALIGN_DONE_2025.json
293,2025,SDRW2500000381.1.1.6,SDRW2500000381,1.986438,199,차가운 건 좋아해요,3,False,False,False,,mfa_alignment_missing,alignment_and_analysis,D:\mfa_eojeol\r3\common_pron_mfa_r3_20260809\markers\ALIGN_DONE_2025.json
294,2025,SDRW2500000381.1.1.91,SDRW2500000381,2.495812,250,일단 인터넷에 검색을 해 보고,3,False,False,False,,mfa_alignment_missing,alignment_and_analysis,D:\mfa_eojeol\r3\common_pron_mfa_r3_20260809\markers\ALIGN_DONE_2025.json
295,2025,SDRW2500000381.1.1.92,SDRW2500000381,3.271187,327,그러니까 그냥 처음에는 지도 앱을 펴 가지고,3,False,False,False,,mfa_alignment_missing,alignment_and_analysis,D:\mfa_eojeol\r3\common_pron_mfa_r3_20260809\markers\ALIGN_DONE_2025.json
296,2025,SDRW2500000381.1.1.94,SDRW2500000381,2.594813,259,그러면은 그런 식으로 검색을 해서,3,False,False,False,,mfa_alignment_missing,alignment_and_analysis,D:\mfa_eojeol\r3\common_pron_mfa_r3_20260809\markers\ALIGN_DONE_2025.json
297,2025,SDRW2500000381.1.1.96,SDRW2500000381,7.782438,778,그 다음에는 이제 그걸 가지고 인터넷에 따로 검색을 또 해 보고 그런 식인 거 같고,3,False,False,False,,mfa_alignment_missing,alignment_and_analysis,D:\mfa_eojeol\r3\common_pron_mfa_r3_20260809\markers\ALIGN_DONE_2025.json
298,2025,SDRW2500000381.1.1.98,SDRW2500000381,4.73525,474,어른들이 좋아하시는 메뉴 같은 거를 먹게 되면,3,False,False,False,,mfa_alignment_missing,alignment_and_analysis,D:\mfa_eojeol\r3\common_pron_mfa_r3_20260809\markers\ALIGN_DONE_2025.json
299,2025,SDRW2500000381.1.1.99,SDRW2500000381,7.883188,788,그 뭐 횟집을 간다든가 좀 그런 데를 갈 일이 생기면 일단 어른들한테 여쭤보게 되는 거 같아요,3,False,False,False,,mfa_alignment_missing,alignment_and_analysis,D:\mfa_eojeol\r3\common_pron_mfa_r3_20260809\markers\ALIGN_DONE_2025.json
300,2025,SDRW2500000382.1.1.160,SDRW2500000382,1.783,178,굉장히 기억에 남는데 굉장히 기억에 남는데,2,False,False,False,,mfa_alignment_missing,alignment_and_analysis,D:\mfa_eojeol\r3\common_pron_mfa_r3_20260809\markers\ALIGN_DONE_2025.json
301,2025,SDRW2500000389.1.1.75,SDRW2500000389,14.746187,1475,그럼 어떡할 거야,3,False,False,False,,mfa_alignment_missing,alignment_and_analysis,D:\mfa_eojeol\r3\common_pron_mfa_r3_20260809\markers\ALIGN_DONE_2025.json
302,2025,SDRW2500000389.1.1.81,SDRW2500000389,1.423812,142,없어,3,False,False,False,,mfa_alignment_missing,alignment_and_analysis,D:\mfa_eojeol\r3\common_pron_mfa_r3_20260809\markers\ALIGN_DONE_2025.json
303,2025,SDRW2500000394.1.1.8,SDRW2500000394,5.406438,541,혹시 추천할 만한 건강 제품을 보조 식품을 알고 있을까요 선생님,1,False,False,False,,mfa_alignment_missing,alignment_and_analysis,D:\mfa_eojeol\r3\common_pron_mfa_r3_20260809\markers\ALIGN_DONE_2025.json
304,2025,SDRW2500000395.1.1.177,SDRW2500000395,0.967125,97,그래,3,False,False,False,,mfa_alignment_missing,alignment_and_analysis,D:\mfa_eojeol\r3\common_pron_mfa_r3_20260809\markers\ALIGN_DONE_2025.json
305,2025,SDRW2500000395.1.1.314,SDRW2500000395,3.547687,355,잘 기억이 안 나서 나중에 다시 한번 찾아보도록 할게,3,False,False,False,,mfa_alignment_missing,alignment_and_analysis,D:\mfa_eojeol\r3\common_pron_mfa_r3_20260809\markers\ALIGN_DONE_2025.json
306,2025,SDRW2500000395.1.1.77,SDRW2500000395,1.473188,147,그렇겠지,3,False,False,False,,mfa_alignment_missing,alignment_and_analysis,D:\mfa_eojeol\r3\common_pron_mfa_r3_20260809\markers\ALIGN_DONE_2025.json
307,2025,SDRW2500000408.1.1.105,SDRW2500000408,2.065437,207,저는 어,2,False,False,False,,mfa_alignment_missing,alignment_and_analysis,D:\mfa_eojeol\r3\common_pron_mfa_r3_20260809\markers\ALIGN_DONE_2025.json
308,2025,SDRW2500000422.1.1.305,SDRW2500000422,1.115,112,빵이요,2,False,False,False,,mfa_alignment_missing,alignment_and_analysis,D:\mfa_eojeol\r3\common_pron_mfa_r3_20260809\markers\ALIGN_DONE_2025.json
309,2025,SDRW2500000422.1.1.306,SDRW2500000422,1.129375,113,네,2,False,False,False,,mfa_alignment_missing,alignment_and_analysis,D:\mfa_eojeol\r3\common_pron_mfa_r3_20260809\markers\ALIGN_DONE_2025.json
310,2025,SDRW2500000423.1.1.24,SDRW2500000423,3.221125,322,선생님은 최근에 여행 어디 다녀오셨나요,4,False,False,False,,mfa_alignment_missing,alignment_and_analysis,D:\mfa_eojeol\r3\common_pron_mfa_r3_20260809\markers\ALIGN_DONE_2025.json
311,2025,SDRW2500000423.1.1.327,SDRW2500000423,2.125563,213,대만은 어떠세요,4,False,False,False,,mfa_alignment_missing,alignment_and_analysis,D:\mfa_eojeol\r3\common_pron_mfa_r3_20260809\markers\ALIGN_DONE_2025.json
312,2025,SDRW2500000423.1.1.328,SDRW2500000423,2.3885,239,대만 다녀오셨다고 들었는데,4,False,False,False,,mfa_alignment_missing,alignment_and_analysis,D:\mfa_eojeol\r3\common_pron_mfa_r3_20260809\markers\ALIGN_DONE_2025.json
313,2025,SDRW2500000423.1.1.329,SDRW2500000423,4.213938,421,대만 갔다 왔다고 들었는데 대만은 좀 어떠세요,4,False,False,False,,mfa_alignment_missing,alignment_and_analysis,D:\mfa_eojeol\r3\common_pron_mfa_r3_20260809\markers\ALIGN_DONE_2025.json
314,2025,SDRW2500000434.1.1.192,SDRW2500000434,3.639937,364,다이어트할 때 비건을 시작하는 거 같습니다,4,False,False,False,,mfa_alignment_missing,alignment_and_analysis,D:\mfa_eojeol\r3\common_pron_mfa_r3_20260809\markers\ALIGN_DONE_2025.json
315,2025,SDRW2500000439.1.1.181,SDRW2500000439,0.84325,84,네,2,False,False,False,,mfa_alignment_missing,alignment_and_analysis,D:\mfa_eojeol\r3\common_pron_mfa_r3_20260809\markers\ALIGN_DONE_2025.json
316,2025,SDRW2500000441.1.1.87,SDRW2500000441,2.685875,269,그 메뉴 중에 샤부샤부도 있어요,2,False,False,False,,mfa_alignment_missing,alignment_and_analysis,D:\mfa_eojeol\r3\common_pron_mfa_r3_20260809\markers\ALIGN_DONE_2025.json
317,2025,SDRW2500000445.1.1.109,SDRW2500000445,1.10975,111,다이소,1,False,False,False,,mfa_alignment_missing,alignment_and_analysis,D:\mfa_eojeol\r3\common_pron_mfa_r3_20260809\markers\ALIGN_DONE_2025.json
318,2025,SDRW2500000458.1.1.211,SDRW2500000458,3.383313,338,혹시 어떤 여행을 쪼끔 선호하시는 편이세요,3,False,False,False,,mfa_alignment_missing,alignment_and_analysis,D:\mfa_eojeol\r3\common_pron_mfa_r3_20260809\markers\ALIGN_DONE_2025.json
319,2025,SDRW2500000459.1.1.198,SDRW2500000459,0.8625,86,막 그랬던 기억도 있는데,1,False,False,False,,mfa_alignment_missing,alignment_and_analysis,D:\mfa_eojeol\r3\common_pron_mfa_r3_20260809\markers\ALIGN_DONE_2025.json
320,2025,SDRW2500000482.1.1.138,SDRW2500000482,5.107,511,정서적인 부분을 포함하는 것이 아닌가 그런 생각을 좀 해 봅니다,1,False,False,False,,mfa_alignment_missing,alignment_and_analysis,D:\mfa_eojeol\r3\common_pron_mfa_r3_20260809\markers\ALIGN_DONE_2025.json
321,2025,SDRW2500000482.1.1.183,SDRW2500000482,3.620125,362,좀 그런 생각은 안 하 안 드시는지 좀 질문드리고 싶네요,1,False,False,False,,mfa_alignment_missing,alignment_and_analysis,D:\mfa_eojeol\r3\common_pron_mfa_r3_20260809\markers\ALIGN_DONE_2025.json
322,2025,SDRW2500000482.1.1.79,SDRW2500000482,2.371875,237,선생님은 어떠세요,1,False,False,False,,mfa_alignment_missing,alignment_and_analysis,D:\mfa_eojeol\r3\common_pron_mfa_r3_20260809\markers\ALIGN_DONE_2025.json
323,2025,SDRW2500000484.1.1.120,SDRW2500000484,0.895188,90,네,1,False,False,False,,mfa_alignment_missing,alignment_and_analysis,D:\mfa_eojeol\r3\common_pron_mfa_r3_20260809\markers\ALIGN_DONE_2025.json
324,2025,SDRW2500000484.1.1.81,SDRW2500000484,2.820937,282,혹시 다이어트에 대해선 좀 어떻게 생각하시나요,1,False,False,False,,mfa_alignment_missing,alignment_and_analysis,D:\mfa_eojeol\r3\common_pron_mfa_r3_20260809\markers\ALIGN_DONE_2025.json
325,2025,SDRW2500000485.1.1.189,SDRW2500000485,0.9035,90,예,4,False,False,False,,mfa_alignment_missing,alignment_and_analysis,D:\mfa_eojeol\r3\common_pron_mfa_r3_20260809\markers\ALIGN_DONE_2025.json
326,2025,SDRW2500000485.1.1.195,SDRW2500000485,1.08675,109,네,4,False,False,False,,mfa_alignment_missing,alignment_and_analysis,D:\mfa_eojeol\r3\common_pron_mfa_r3_20260809\markers\ALIGN_DONE_2025.json
327,2025,SDRW2500000488.1.1.231,SDRW2500000488,2.133062,213,안 먹어 안 먹어 안 먹어 난 안 먹어,4,False,False,False,,mfa_alignment_missing,alignment_and_analysis,D:\mfa_eojeol\r3\common_pron_mfa_r3_20260809\markers\ALIGN_DONE_2025.json
328,2025,SDRW2500000498.1.1.194,SDRW2500000498,3.847625,385,혹시 질문이 뭐였는지 다시 한번 말씀해 주실시겠습니까,2,False,False,False,,mfa_alignment_missing,alignment_and_analysis,D:\mfa_eojeol\r3\common_pron_mfa_r3_20260809\markers\ALIGN_DONE_2025.json
329,2025,SDRW2500000502.1.1.131,SDRW2500000502,0.710812,71,네,2,False,False,False,,mfa_alignment_missing,alignment_and_analysis,D:\mfa_eojeol\r3\common_pron_mfa_r3_20260809\markers\ALIGN_DONE_2025.json
330,2025,SDRW2500000504.1.1.162,SDRW2500000504,3.84175,384,어 스트릿 스 스 뭐였지,1,False,False,False,,mfa_alignment_missing,alignment_and_analysis,D:\mfa_eojeol\r3\common_pron_mfa_r3_20260809\markers\ALIGN_DONE_2025.json
331,2025,SDRW2500000505.1.1.104,SDRW2500000505,1.882313,188,어렸을 아 네,1,False,False,False,,mfa_alignment_missing,alignment_and_analysis,D:\mfa_eojeol\r3\common_pron_mfa_r3_20260809\markers\ALIGN_DONE_2025.json
332,2025,SDRW2500000510.1.1.6,SDRW2500000510,3.260063,326,네 그걸 제일 좋아하는데 어떤 거 좋아하세요,4,False,False,False,,mfa_alignment_missing,alignment_and_analysis,D:\mfa_eojeol\r3\common_pron_mfa_r3_20260809\markers\ALIGN_DONE_2025.json
333,2025,SDRW2500000518.1.1.123,SDRW2500000518,0.901062,90,네,2,False,False,False,,mfa_alignment_missing,alignment_and_analysis,D:\mfa_eojeol\r3\common_pron_mfa_r3_20260809\markers\ALIGN_DONE_2025.json
334,2025,SDRW2500000518.1.1.145,SDRW2500000518,0.847375,85,네,2,False,False,False,,mfa_alignment_missing,alignment_and_analysis,D:\mfa_eojeol\r3\common_pron_mfa_r3_20260809\markers\ALIGN_DONE_2025.json
335,2025,SDRW2500000518.1.1.168,SDRW2500000518,0.867188,87,네,2,False,False,False,,mfa_alignment_missing,alignment_and_analysis,D:\mfa_eojeol\r3\common_pron_mfa_r3_20260809\markers\ALIGN_DONE_2025.json
336,2025,SDRW2500000518.1.1.172,SDRW2500000518,0.763687,76,네,2,False,False,False,,mfa_alignment_missing,alignment_and_analysis,D:\mfa_eojeol\r3\common_pron_mfa_r3_20260809\markers\ALIGN_DONE_2025.json
337,2025,SDRW2500000518.1.1.19,SDRW2500000518,0.701937,70,네,2,False,False,False,,mfa_alignment_missing,alignment_and_analysis,D:\mfa_eojeol\r3\common_pron_mfa_r3_20260809\markers\ALIGN_DONE_2025.json
338,2025,SDRW2500000518.1.1.78,SDRW2500000518,1.48875,149,아 네네,2,False,False,False,,mfa_alignment_missing,alignment_and_analysis,D:\mfa_eojeol\r3\common_pron_mfa_r3_20260809\markers\ALIGN_DONE_2025.json
339,2025,SDRW2500000520.1.1.11,SDRW2500000520,6.438438,644,아마 제가 가장 문제로 뽑는 거는 환경 오염이지 않을까 생각이 드네요,2,False,False,False,,mfa_alignment_missing,alignment_and_analysis,D:\mfa_eojeol\r3\common_pron_mfa_r3_20260809\markers\ALIGN_DONE_2025.json
340,2025,SDRW2500000530.1.1.261,SDRW2500000530,1.229625,123,응 맞아,3,False,False,False,,mfa_alignment_missing,alignment_and_analysis,D:\mfa_eojeol\r3\common_pron_mfa_r3_20260809\markers\ALIGN_DONE_2025.json
341,2025,SDRW2500000534.1.1.54,SDRW2500000534,0.666937,67,네,4,False,False,False,,mfa_alignment_missing,alignment_and_analysis,D:\mfa_eojeol\r3\common_pron_mfa_r3_20260809\markers\ALIGN_DONE_2025.json
342,2025,SDRW2500000535.1.1.79,SDRW2500000535,1.207188,121,저는,1,False,False,False,,mfa_alignment_missing,alignment_and_analysis,D:\mfa_eojeol\r3\common_pron_mfa_r3_20260809\markers\ALIGN_DONE_2025.json
343,2025,SDRW2500000564.1.1.6,SDRW2500000564,1.114812,111,네,3,False,False,False,,mfa_alignment_missing,alignment_and_analysis,D:\mfa_eojeol\r3\common_pron_mfa_r3_20260809\markers\ALIGN_DONE_2025.json
344,2025,SDRW2500000564.1.1.64,SDRW2500000564,1.153875,115,맞아요,3,False,False,False,,mfa_alignment_missing,alignment_and_analysis,D:\mfa_eojeol\r3\common_pron_mfa_r3_20260809\markers\ALIGN_DONE_2025.json
345,2025,SDRW2500000564.1.1.67,SDRW2500000564,1.493937,149,저는,3,False,False,False,,mfa_alignment_missing,alignment_and_analysis,D:\mfa_eojeol\r3\common_pron_mfa_r3_20260809\markers\ALIGN_DONE_2025.json
346,2025,SDRW2500000575.1.1.259,SDRW2500000575,4.677,468,선생님은 혹시 좋아하셨던 과목이 뭐가 있었을까요 그냥 짧게만 얘기해 주시면 될 거 같아요,3,False,False,False,,mfa_alignment_missing,alignment_and_analysis,D:\mfa_eojeol\r3\common_pron_mfa_r3_20260809\markers\ALIGN_DONE_2025.json
347,2025,SDRW2500000583.1.1.37,SDRW2500000583,3.274,327,그래서 그 선생님은 아직도 기억이 있습니다,1,False,False,False,,mfa_alignment_missing,alignment_and_analysis,D:\mfa_eojeol\r3\common_pron_mfa_r3_20260809\markers\ALIGN_DONE_2025.json
348,2025,SDRW2500000584.1.1.152,SDRW2500000584,3.274,327,저는 두 가지 다 하는 거 같아요,1,False,False,False,,mfa_alignment_missing,alignment_and_analysis,D:\mfa_eojeol\r3\common_pron_mfa_r3_20260809\markers\ALIGN_DONE_2025.json
349,2025,SDRW2500000584.1.1.16,SDRW2500000584,2.139562,214,선생님 있으세요,1,False,False,False,,mfa_alignment_missing,alignment_and_analysis,D:\mfa_eojeol\r3\common_pron_mfa_r3_20260809\markers\ALIGN_DONE_2025.json
350,2025,SDRW2500000592.1.1.124,SDRW2500000592,6.031813,603,제가 토 일 둘 다 중국집 알바를 하고 있어 가지고 저는 알바를 일단 오전에 갔다가 오후에 이제 오는 그런 일들을 하고 있는데,1,False,False,False,,mfa_alignment_missing,alignment_and_analysis,D:\mfa_eojeol\r3\common_pron_mfa_r3_20260809\markers\ALIGN_DONE_2025.json
351,2025,SDRW2500000594.1.1.124,SDRW2500000594,5.679688,568,아 저는 드라마보다는 영화를 좀 많이 보는 편이라서 최근에 뭐 유명한 드라마나 이런 거는 봤을 리가 만무하고 제,2,False,False,False,,mfa_alignment_missing,alignment_and_analysis,D:\mfa_eojeol\r3\common_pron_mfa_r3_20260809\markers\ALIGN_DONE_2025.json
352,2025,SDRW2500000596.1.1.106,SDRW2500000596,1.03525,104,혹시 혹시 그럼 건강 검진은 주기적으로 받으시나요,2,False,False,False,,mfa_alignment_missing,alignment_and_analysis,D:\mfa_eojeol\r3\common_pron_mfa_r3_20260809\markers\ALIGN_DONE_2025.json
353,2025,SDRW2500000605.1.1.183,SDRW2500000605,6.888187,689,혹시 그 부분에 대해서도 혹시 뭐 하시고 싶은 얘기가 있으시면 각 짧게 들어 볼까요,1,False,False,False,,mfa_alignment_missing,alignment_and_analysis,D:\mfa_eojeol\r3\common_pron_mfa_r3_20260809\markers\ALIGN_DONE_2025.json
354,2025,SDRW2500000608.1.1.129,SDRW2500000608,1.331687,133,저는,3,False,False,False,,mfa_alignment_missing,alignment_and_analysis,D:\mfa_eojeol\r3\common_pron_mfa_r3_20260809\markers\ALIGN_DONE_2025.json
355,2025,SDRW2500000617.1.1.131,SDRW2500000617,1.124187,112,뭐,3,False,False,False,,mfa_alignment_missing,alignment_and_analysis,D:\mfa_eojeol\r3\common_pron_mfa_r3_20260809\markers\ALIGN_DONE_2025.json
356,2025,SDRW2500000617.1.1.154,SDRW2500000617,1.121563,112,더,3,False,False,False,,mfa_alignment_missing,alignment_and_analysis,D:\mfa_eojeol\r3\common_pron_mfa_r3_20260809\markers\ALIGN_DONE_2025.json
357,2025,SDRW2500000618.1.1.39,SDRW2500000618,1.211625,121,겨울에도요,1,False,False,False,,mfa_alignment_missing,alignment_and_analysis,D:\mfa_eojeol\r3\common_pron_mfa_r3_20260809\markers\ALIGN_DONE_2025.json
358,2025,SDRW2500000619.1.1.126,SDRW2500000619,3.023687,302,배송 말씀하시는 거죠 까다롭다는 게,4,False,False,False,,mfa_alignment_missing,alignment_and_analysis,D:\mfa_eojeol\r3\common_pron_mfa_r3_20260809\markers\ALIGN_DONE_2025.json
359,2025,SDRW2500000619.1.1.140,SDRW2500000619,1.071813,107,그래서,4,False,False,False,,mfa_alignment_missing,alignment_and_analysis,D:\mfa_eojeol\r3\common_pron_mfa_r3_20260809\markers\ALIGN_DONE_2025.json
360,2025,SDRW2500000619.1.1.176,SDRW2500000619,1.221375,122,한번,4,False,False,False,,mfa_alignment_missing,alignment_and_analysis,D:\mfa_eojeol\r3\common_pron_mfa_r3_20260809\markers\ALIGN_DONE_2025.json
361,2025,SDRW2500000620.1.1.147,SDRW2500000620,3.769875,377,일본 사람들만 좀 덜 매우니까 먹는 편이더라고요,4,False,False,False,,mfa_alignment_missing,alignment_and_analysis,D:\mfa_eojeol\r3\common_pron_mfa_r3_20260809\markers\ALIGN_DONE_2025.json
362,2025,SDRW2500000620.1.1.151,SDRW2500000620,0.982625,98,네,4,False,False,False,,mfa_alignment_missing,alignment_and_analysis,D:\mfa_eojeol\r3\common_pron_mfa_r3_20260809\markers\ALIGN_DONE_2025.json
363,2025,SDRW2500000620.1.1.161,SDRW2500000620,0.907687,91,네,4,False,False,False,,mfa_alignment_missing,alignment_and_analysis,D:\mfa_eojeol\r3\common_pron_mfa_r3_20260809\markers\ALIGN_DONE_2025.json
364,2025,SDRW2500000620.1.1.254,SDRW2500000620,7.397687,740,그냥 국물 라면 먹을 때는 이미 국물 라면머만으로도 제가 만든 게 자극적이어서 따로 다른 거를 먹진 않는 편인 거 같아,4,False,False,False,,mfa_alignment_missing,alignment_and_analysis,D:\mfa_eojeol\r3\common_pron_mfa_r3_20260809\markers\ALIGN_DONE_2025.json
365,2025,SDRW2500000635.1.1.229,SDRW2500000635,2.922813,292,파슬리 가루 말씀하시는 거 아니에요,4,False,False,False,,mfa_alignment_missing,alignment_and_analysis,D:\mfa_eojeol\r3\common_pron_mfa_r3_20260809\markers\ALIGN_DONE_2025.json
366,2025,SDRW2500000636.1.1.34,SDRW2500000636,3.533125,353,네 두 분이 스페인을 다녀오셨다니까,3,False,False,False,,mfa_alignment_missing,alignment_and_analysis,D:\mfa_eojeol\r3\common_pron_mfa_r3_20260809\markers\ALIGN_DONE_2025.json
367,2025,SDRW2500000636.1.1.35,SDRW2500000636,5.3,530,또 궁금해서 이 스페인에는 뭐 이렇게 주로 어떤 음식을 파나요,3,False,False,False,,mfa_alignment_missing,alignment_and_analysis,D:\mfa_eojeol\r3\common_pron_mfa_r3_20260809\markers\ALIGN_DONE_2025.json
368,2025,SDRW2500000647.1.1.91,SDRW2500000647,4.818625,482,인천이나 그런 가까운 여행지 어디 가 보셨는지,1,False,False,False,,mfa_alignment_missing,alignment_and_analysis,D:\mfa_eojeol\r3\common_pron_mfa_r3_20260809\markers\ALIGN_DONE_2025.json
369,2025,SDRW2500000654.1.1.121,SDRW2500000654,3.062312,306,아 근데 제가 느끼는 게,4,False,False,False,,mfa_alignment_missing,alignment_and_analysis,D:\mfa_eojeol\r3\common_pron_mfa_r3_20260809\markers\ALIGN_DONE_2025.json
370,2025,SDRW2500000681.1.1.101,SDRW2500000681,1.589875,159,아우 저는,1,False,False,False,,mfa_alignment_missing,alignment_and_analysis,D:\mfa_eojeol\r3\common_pron_mfa_r3_20260809\markers\ALIGN_DONE_2025.json
371,2025,SDRW2500000695.1.1.107,SDRW2500000695,1.5695,157,주사 맞으셨어요,2,False,False,False,,mfa_alignment_missing,alignment_and_analysis,D:\mfa_eojeol\r3\common_pron_mfa_r3_20260809\markers\ALIGN_DONE_2025.json
372,2025,SDRW2500000712.1.1.248,SDRW2500000712,2.912875,291,타이레놀을 많이 맹신하는 편입니다,4,False,False,False,,mfa_alignment_missing,alignment_and_analysis,D:\mfa_eojeol\r3\common_pron_mfa_r3_20260809\markers\ALIGN_DONE_2025.json
373,2025,SDRW2500000712.1.1.76,SDRW2500000712,3.0725,307,저는 주변에,4,False,False,False,,mfa_alignment_missing,alignment_and_analysis,D:\mfa_eojeol\r3\common_pron_mfa_r3_20260809\markers\ALIGN_DONE_2025.json
374,2025,SDRW2500000719.1.1.235,SDRW2500000719,3.594,359,맞아요 그 꾸준함이 제일 힘든 거 같아요 그,1,False,False,False,,mfa_alignment_missing,alignment_and_analysis,D:\mfa_eojeol\r3\common_pron_mfa_r3_20260809\markers\ALIGN_DONE_2025.json
375,2025,SDRW2500000719.1.1.38,SDRW2500000719,1.532437,153,아 저도,1,False,False,False,,mfa_alignment_missing,alignment_and_analysis,D:\mfa_eojeol\r3\common_pron_mfa_r3_20260809\markers\ALIGN_DONE_2025.json
376,2025,SDRW2500000729.1.1.178,SDRW2500000729,0.87175,87,아니요,3,False,False,False,,mfa_alignment_missing,alignment_and_analysis,D:\mfa_eojeol\r3\common_pron_mfa_r3_20260809\markers\ALIGN_DONE_2025.json
377,2025,SDRW2500000742.1.1.104,SDRW2500000742,5.525563,553,경기는 이제 못 보고 경기장만 이제 안에 둘러보고 왔었는데,3,False,False,False,,mfa_alignment_missing,alignment_and_analysis,D:\mfa_eojeol\r3\common_pron_mfa_r3_20260809\markers\ALIGN_DONE_2025.json
378,2025,SDRW2500000742.1.1.14,SDRW2500000742,1.210562,121,아 그리고 또 후쿠오카는 음식이 맛있거든요,3,False,False,False,,mfa_alignment_missing,alignment_and_analysis,D:\mfa_eojeol\r3\common_pron_mfa_r3_20260809\markers\ALIGN_DONE_2025.json
379,2025,SDRW2500000742.1.1.140,SDRW2500000742,1.526625,153,질문이 뭐였죠,3,False,False,False,,mfa_alignment_missing,alignment_and_analysis,D:\mfa_eojeol\r3\common_pron_mfa_r3_20260809\markers\ALIGN_DONE_2025.json
380,2025,SDRW2500000742.1.1.33,SDRW2500000742,5.0015,500,뭐 그런 얘기를 많이 들었는데 저 같은 경우에는 되게 입맛에 잘 맞더라고요,3,False,False,False,,mfa_alignment_missing,alignment_and_analysis,D:\mfa_eojeol\r3\common_pron_mfa_r3_20260809\markers\ALIGN_DONE_2025.json
381,2025,SDRW2500000742.1.1.84,SDRW2500000742,8.361625,836,저도 선생님처럼 좀 음식이라든지 술이라든지 약간 먹으러 여행 가는 느낌이라서 저도,3,False,False,False,,mfa_alignment_missing,alignment_and_analysis,D:\mfa_eojeol\r3\common_pron_mfa_r3_20260809\markers\ALIGN_DONE_2025.json
382,2025,SDRW2500000742.1.1.87,SDRW2500000742,7.63425,763,저도 한 번도 안 가 보셨다니까 딱히 명소 같은 데는 추천은 제가 드릴 게 없는 거 같고,3,False,False,False,,mfa_alignment_missing,alignment_and_analysis,D:\mfa_eojeol\r3\common_pron_mfa_r3_20260809\markers\ALIGN_DONE_2025.json
383,2025,SDRW2500000763.1.1.155,SDRW2500000763,7.168812,717,트 이 이 형이 사고만 안 쳤으면 지금 잘 유지되지 않았을까 하는 안타까움이 있긴 합니다,3,False,False,False,,mfa_alignment_missing,alignment_and_analysis,D:\mfa_eojeol\r3\common_pron_mfa_r3_20260809\markers\ALIGN_DONE_2025.json
384,2025,SDRW2500000764.1.1.179,SDRW2500000764,0.677375,68,네,1,False,False,False,,mfa_alignment_missing,alignment_and_analysis,D:\mfa_eojeol\r3\common_pron_mfa_r3_20260809\markers\ALIGN_DONE_2025.json
385,2025,SDRW2500000764.1.1.198,SDRW2500000764,0.732437,73,네,1,False,False,False,,mfa_alignment_missing,alignment_and_analysis,D:\mfa_eojeol\r3\common_pron_mfa_r3_20260809\markers\ALIGN_DONE_2025.json
386,2025,SDRW2500000771.1.1.107,SDRW2500000771,4.157625,416,다른 분들은 어떠신지 생각 공유해 주시면 좋을 거 같습니다,4,False,False,False,,mfa_alignment_missing,alignment_and_analysis,D:\mfa_eojeol\r3\common_pron_mfa_r3_20260809\markers\ALIGN_DONE_2025.json
387,2025,SDRW2500000806.1.1.18,SDRW2500000806,1.419687,142,그러니,2,False,False,False,,mfa_alignment_missing,alignment_and_analysis,D:\mfa_eojeol\r3\common_pron_mfa_r3_20260809\markers\ALIGN_DONE_2025.json
388,2025,SDRW2500000818.1.1.163,SDRW2500000818,2.861,286,혹시 자주 듣는 노래 있으신가요,1,False,False,False,,mfa_alignment_missing,alignment_and_analysis,D:\mfa_eojeol\r3\common_pron_mfa_r3_20260809\markers\ALIGN_DONE_2025.json
389,2025,SDRW2500000820.1.1.104,SDRW2500000820,1.5025,150,저는,4,False,False,False,,mfa_alignment_missing,alignment_and_analysis,D:\mfa_eojeol\r3\common_pron_mfa_r3_20260809\markers\ALIGN_DONE_2025.json
390,2025,SDRW2500000820.1.1.150,SDRW2500000820,1.686562,169,저는,4,False,False,False,,mfa_alignment_missing,alignment_and_analysis,D:\mfa_eojeol\r3\common_pron_mfa_r3_20260809\markers\ALIGN_DONE_2025.json
391,2025,SDRW2500000824.1.1.216,SDRW2500000824,0.931063,93,네,3,False,False,False,,mfa_alignment_missing,alignment_and_analysis,D:\mfa_eojeol\r3\common_pron_mfa_r3_20260809\markers\ALIGN_DONE_2025.json
392,2025,SDRW2500000844.1.1.21,SDRW2500000844,1.331438,133,딥시크,1,False,False,False,,mfa_alignment_missing,alignment_and_analysis,D:\mfa_eojeol\r3\common_pron_mfa_r3_20260809\markers\ALIGN_DONE_2025.json
393,2025,SDRW2500000844.1.1.90,SDRW2500000844,1.68825,169,인텔리전스,1,False,False,False,,mfa_alignment_missing,alignment_and_analysis,D:\mfa_eojeol\r3\common_pron_mfa_r3_20260809\markers\ALIGN_DONE_2025.json
394,2025,SDRW2500000872.1.1.115,SDRW2500000872,2.213375,221,음 그랬던 거 같아요,3,False,False,False,,mfa_alignment_missing,alignment_and_analysis,D:\mfa_eojeol\r3\common_pron_mfa_r3_20260809\markers\ALIGN_DONE_2025.json
395,2025,SDRW2500000872.1.1.141,SDRW2500000872,4.340813,434,아니 본인이 저기 뭐야 저 치죠 뭐,3,False,False,False,,mfa_alignment_missing,alignment_and_analysis,D:\mfa_eojeol\r3\common_pron_mfa_r3_20260809\markers\ALIGN_DONE_2025.json
396,2025,SDRW2500000875.1.1.119,SDRW2500000875,1.190875,119,네 도쿄,2,False,False,False,,mfa_alignment_missing,alignment_and_analysis,D:\mfa_eojeol\r3\common_pron_mfa_r3_20260809\markers\ALIGN_DONE_2025.json
397,2025,SDRW2500000877.1.1.24,SDRW2500000877,1.295625,130,아들은,4,False,False,False,,mfa_alignment_missing,alignment_and_analysis,D:\mfa_eojeol\r3\common_pron_mfa_r3_20260809\markers\ALIGN_DONE_2025.json
398,2025,SDRW2500000878.1.1.114,SDRW2500000878,1.423312,142,맞습니다,3,False,False,False,,mfa_alignment_missing,alignment_and_analysis,D:\mfa_eojeol\r3\common_pron_mfa_r3_20260809\markers\ALIGN_DONE_2025.json
399,2025,SDRW2500000882.1.1.187,SDRW2500000882,5.603,560,아 선생님은 아까 보니까 자제분이 있으신 거 같은데,2,False,False,False,,mfa_alignment_missing,alignment_and_analysis,D:\mfa_eojeol\r3\common_pron_mfa_r3_20260809\markers\ALIGN_DONE_2025.json
400,2025,SDRW2500000893.1.1.138,SDRW2500000893,2.037937,204,아 저는,3,False,False,False,,mfa_alignment_missing,alignment_and_analysis,D:\mfa_eojeol\r3\common_pron_mfa_r3_20260809\markers\ALIGN_DONE_2025.json
401,2025,SDRW2500000898.1.1.87,SDRW2500000898,1.63375,163,네,1,False,False,False,,mfa_alignment_missing,alignment_and_analysis,D:\mfa_eojeol\r3\common_pron_mfa_r3_20260809\markers\ALIGN_DONE_2025.json
402,2025,SDRW2500000903.1.1.147,SDRW2500000903,0.8275,83,네,1,False,False,False,,mfa_alignment_missing,alignment_and_analysis,D:\mfa_eojeol\r3\common_pron_mfa_r3_20260809\markers\ALIGN_DONE_2025.json
403,2025,SDRW2500000904.1.1.167,SDRW2500000904,1.065125,107,네,4,False,False,False,,mfa_alignment_missing,alignment_and_analysis,D:\mfa_eojeol\r3\common_pron_mfa_r3_20260809\markers\ALIGN_DONE_2025.json
404,2025,SDRW2500000917.1.1.152,SDRW2500000917,4.216125,422,뭐 이렇게 활용도를 많이 쓰지 못해서 그렇게 되는 거 같죠,3,False,False,False,,mfa_alignment_missing,alignment_and_analysis,D:\mfa_eojeol\r3\common_pron_mfa_r3_20260809\markers\ALIGN_DONE_2025.json
405,2025,SDRW2500000930.1.1.73,SDRW2500000930,3.286313,329,어 뭐 있으신가요 네,4,False,False,False,,mfa_alignment_missing,alignment_and_analysis,D:\mfa_eojeol\r3\common_pron_mfa_r3_20260809\markers\ALIGN_DONE_2025.json
406,2025,SDRW2500000933.1.1.100,SDRW2500000933,4.618,462,투자를 어느 하는 종목이나 뭐 그런 게 있으신가요,2,False,False,False,,mfa_alignment_missing,alignment_and_analysis,D:\mfa_eojeol\r3\common_pron_mfa_r3_20260809\markers\ALIGN_DONE_2025.json
407,2025,SDRW2500000936.1.1.138,SDRW2500000936,3.526937,353,그런 것들 중에 좀 가장 만족하는 서비스는 어떤 게 있어,2,False,False,False,,mfa_alignment_missing,alignment_and_analysis,D:\mfa_eojeol\r3\common_pron_mfa_r3_20260809\markers\ALIGN_DONE_2025.json
408,2025,SDRW2500000943.1.1.187,SDRW2500000943,4.822875,482,소비를 해서 행복함을 어 얻는 거는,2,False,False,False,,mfa_alignment_missing,alignment_and_analysis,D:\mfa_eojeol\r3\common_pron_mfa_r3_20260809\markers\ALIGN_DONE_2025.json
409,2025,SDRW2500000944.1.1.42,SDRW2500000944,0.9885,99,네,2,False,False,False,,mfa_alignment_missing,alignment_and_analysis,D:\mfa_eojeol\r3\common_pron_mfa_r3_20260809\markers\ALIGN_DONE_2025.json
410,2025,SDRW2500000944.1.1.44,SDRW2500000944,1.948875,195,맞아요 네,2,False,False,False,,mfa_alignment_missing,alignment_and_analysis,D:\mfa_eojeol\r3\common_pron_mfa_r3_20260809\markers\ALIGN_DONE_2025.json
411,2025,SDRW2500000944.1.1.59,SDRW2500000944,1.080938,108,네,2,False,False,False,,mfa_alignment_missing,alignment_and_analysis,D:\mfa_eojeol\r3\common_pron_mfa_r3_20260809\markers\ALIGN_DONE_2025.json
412,2025,SDRW2500000944.1.1.62,SDRW2500000944,1.171,117,네,2,False,False,False,,mfa_alignment_missing,alignment_and_analysis,D:\mfa_eojeol\r3\common_pron_mfa_r3_20260809\markers\ALIGN_DONE_2025.json
413,2025,SDRW2500000945.1.1.23,SDRW2500000945,1.085875,109,예,3,False,False,False,,mfa_alignment_missing,alignment_and_analysis,D:\mfa_eojeol\r3\common_pron_mfa_r3_20260809\markers\ALIGN_DONE_2025.json
414,2025,SDRW2500000949.1.1.86,SDRW2500000949,2.339313,234,많아요 그런 게,4,False,False,False,,mfa_alignment_missing,alignment_and_analysis,D:\mfa_eojeol\r3\common_pron_mfa_r3_20260809\markers\ALIGN_DONE_2025.json
415,2025,SDRW2500000954.1.1.2,SDRW2500000954,1.369687,137,있지,3,False,False,False,,mfa_alignment_missing,alignment_and_analysis,D:\mfa_eojeol\r3\common_pron_mfa_r3_20260809\markers\ALIGN_DONE_2025.json
416,2025,SDRW2500000956.1.1.158,SDRW2500000956,0.832562,83,네,1,False,False,False,,mfa_alignment_missing,alignment_and_analysis,D:\mfa_eojeol\r3\common_pron_mfa_r3_20260809\markers\ALIGN_DONE_2025.json
417,2025,SDRW2500000957.1.1.143,SDRW2500000957,1.00925,101,궁금,4,False,False,False,,mfa_alignment_missing,alignment_and_analysis,D:\mfa_eojeol\r3\common_pron_mfa_r3_20260809\markers\ALIGN_DONE_2025.json
418,2025,SDRW2500000960.1.1.102,SDRW2500000960,2.634812,263,그 혹시 좋아하는 아이돌 있으세요,2,False,False,False,,mfa_alignment_missing,alignment_and_analysis,D:\mfa_eojeol\r3\common_pron_mfa_r3_20260809\markers\ALIGN_DONE_2025.json
419,2025,SDRW2500000966.1.1.180,SDRW2500000966,2.94,294,어느 브랜든지 알 수 있을까요,1,False,False,False,,mfa_alignment_missing,alignment_and_analysis,D:\mfa_eojeol\r3\common_pron_mfa_r3_20260809\markers\ALIGN_DONE_2025.json
420,2025,SDRW2500000966.1.1.188,SDRW2500000966,3.742313,374,상당히 고가일 거 같은 생각이 드네요,1,False,False,False,,mfa_alignment_missing,alignment_and_analysis,D:\mfa_eojeol\r3\common_pron_mfa_r3_20260809\markers\ALIGN_DONE_2025.json
421,2025,SDRW2500000977.1.1.229,SDRW2500000977,5.564938,556,그러면 이제 아기가 좀 컸으니까 회사 생활을 다시 하실 수 있으실 거 같아요,1,False,False,False,,mfa_alignment_missing,alignment_and_analysis,D:\mfa_eojeol\r3\common_pron_mfa_r3_20260809\markers\ALIGN_DONE_2025.json
422,2025,SDRW2500000982.1.1.15,SDRW2500000982,2.9645,296,선생님은 혹시 어떻게 하고 있나요,2,False,False,False,,mfa_alignment_missing,alignment_and_analysis,D:\mfa_eojeol\r3\common_pron_mfa_r3_20260809\markers\ALIGN_DONE_2025.json
423,2025,SDRW2500001034.1.1.144,SDRW2500001034,3.146125,315,뭔가 판매해 보신 적도 있어요,3,False,False,False,,mfa_alignment_missing,alignment_and_analysis,D:\mfa_eojeol\r3\common_pron_mfa_r3_20260809\markers\ALIGN_DONE_2025.json
424,2025,SDRW2500001034.1.1.64,SDRW2500001034,1.112625,111,네,3,False,False,False,,mfa_alignment_missing,alignment_and_analysis,D:\mfa_eojeol\r3\common_pron_mfa_r3_20260809\markers\ALIGN_DONE_2025.json
425,2025,SDRW2500001035.1.1.141,SDRW2500001035,3.932875,393,저는 코로나 이후에 배달 음식을,3,False,False,False,,mfa_alignment_missing,alignment_and_analysis,D:\mfa_eojeol\r3\common_pron_mfa_r3_20260809\markers\ALIGN_DONE_2025.json
426,2025,SDRW2500001036.1.1.258,SDRW2500001036,1.775813,178,독립을 위해,3,False,False,False,,mfa_alignment_missing,alignment_and_analysis,D:\mfa_eojeol\r3\common_pron_mfa_r3_20260809\markers\ALIGN_DONE_2025.json
427,2025,SDRW2500001036.1.1.72,SDRW2500001036,2.37625,238,엄,3,False,False,False,,mfa_alignment_missing,alignment_and_analysis,D:\mfa_eojeol\r3\common_pron_mfa_r3_20260809\markers\ALIGN_DONE_2025.json
428,2025,SDRW2500001041.1.1.1,SDRW2500001041,1.18975,119,네,1,False,False,False,,mfa_alignment_missing,alignment_and_analysis,D:\mfa_eojeol\r3\common_pron_mfa_r3_20260809\markers\ALIGN_DONE_2025.json
429,2025,SDRW2500001041.1.1.168,SDRW2500001041,0.782937,78,네,1,False,False,False,,mfa_alignment_missing,alignment_and_analysis,D:\mfa_eojeol\r3\common_pron_mfa_r3_20260809\markers\ALIGN_DONE_2025.json
430,2025,SDRW2500001041.1.1.59,SDRW2500001041,0.948187,95,네,1,False,False,False,,mfa_alignment_missing,alignment_and_analysis,D:\mfa_eojeol\r3\common_pron_mfa_r3_20260809\markers\ALIGN_DONE_2025.json
431,2025,SDRW2500001042.1.1.137,SDRW2500001042,0.922,92,네,1,False,False,False,,mfa_alignment_missing,alignment_and_analysis,D:\mfa_eojeol\r3\common_pron_mfa_r3_20260809\markers\ALIGN_DONE_2025.json
432,2025,SDRW2500001042.1.1.92,SDRW2500001042,2.34825,235,저는 그러니까,1,False,False,False,,mfa_alignment_missing,alignment_and_analysis,D:\mfa_eojeol\r3\common_pron_mfa_r3_20260809\markers\ALIGN_DONE_2025.json
433,2025,SDRW2500001043.1.1.162,SDRW2500001043,3.014063,301,네 저는 그 포인트,4,False,False,False,,mfa_alignment_missing,alignment_and_analysis,D:\mfa_eojeol\r3\common_pron_mfa_r3_20260809\markers\ALIGN_DONE_2025.json
434,2025,SDRW2500001043.1.1.163,SDRW2500001043,3.947875,395,출석이나 뭐 그런 거 많이 이용하는 편이에요 그래서,4,False,False,False,,mfa_alignment_missing,alignment_and_analysis,D:\mfa_eojeol\r3\common_pron_mfa_r3_20260809\markers\ALIGN_DONE_2025.json
435,2025,SDRW2500001065.1.1.198,SDRW2500001065,1.1865,119,음,2,False,False,False,,mfa_alignment_missing,alignment_and_analysis,D:\mfa_eojeol\r3\common_pron_mfa_r3_20260809\markers\ALIGN_DONE_2025.json
436,2025,SDRW2500001090.1.1.68,SDRW2500001090,3.785438,379,미워해도 그 미운 마음이 금방 가시고 가시는데 며느리는 남의 자식이라,1,False,False,False,,mfa_alignment_missing,alignment_and_analysis,D:\mfa_eojeol\r3\common_pron_mfa_r3_20260809\markers\ALIGN_DONE_2025.json
437,2025,SDRW2500001101.1.1.28,SDRW2500001101,5.132062,513,새로운 기술 에이아이 외에 새로운 기술이 뭐 있는지 혹시 아실까요,4,False,False,False,,mfa_alignment_missing,alignment_and_analysis,D:\mfa_eojeol\r3\common_pron_mfa_r3_20260809\markers\ALIGN_DONE_2025.json
438,2025,SDRW2500001125.1.1.168,SDRW2500001125,6.997562,700,어느 부분에서 활용할 수 있을까라는 그 측면에서는 어떻게 생각하시는지 선생님의 의견이 궁금합니다,4,False,False,False,,mfa_alignment_missing,alignment_and_analysis,D:\mfa_eojeol\r3\common_pron_mfa_r3_20260809\markers\ALIGN_DONE_2025.json
439,2025,SDRW2500001138.1.1.124,SDRW2500001138,0.864062,86,네,1,False,False,False,,mfa_alignment_missing,alignment_and_analysis,D:\mfa_eojeol\r3\common_pron_mfa_r3_20260809\markers\ALIGN_DONE_2025.json
440,2025,SDRW2500001150.1.1.43,SDRW2500001150,1.588625,159,저는 이제,2,False,False,False,,mfa_alignment_missing,alignment_and_analysis,D:\mfa_eojeol\r3\common_pron_mfa_r3_20260809\markers\ALIGN_DONE_2025.json
441,2025,SDRW2500001169.1.1.198,SDRW2500001169,1.396437,140,그렇구나,3,False,False,False,,mfa_alignment_missing,alignment_and_analysis,D:\mfa_eojeol\r3\common_pron_mfa_r3_20260809\markers\ALIGN_DONE_2025.json
442,2025,SDRW2500001172.1.1.4,SDRW2500001172,7.62425,762,나는 강아지나 고양이 키워 보고 싶어 그중에서도 고양이를 더 키우고 싶은 거 같아,4,False,False,False,,mfa_alignment_missing,alignment_and_analysis,D:\mfa_eojeol\r3\common_pron_mfa_r3_20260809\markers\ALIGN_DONE_2025.json
443,2025,SDRW2500001181.1.1.217,SDRW2500001181,1.22675,123,네 그쵸,1,False,False,False,,mfa_alignment_missing,alignment_and_analysis,D:\mfa_eojeol\r3\common_pron_mfa_r3_20260809\markers\ALIGN_DONE_2025.json
444,2025,SDRW2500001182.1.1.70,SDRW2500001182,1.194063,119,그래,1,False,False,False,,mfa_alignment_missing,alignment_and_analysis,D:\mfa_eojeol\r3\common_pron_mfa_r3_20260809\markers\ALIGN_DONE_2025.json
445,2025,SDRW2500001182.1.1.71,SDRW2500001182,1.22125,122,아들은,1,False,False,False,,mfa_alignment_missing,alignment_and_analysis,D:\mfa_eojeol\r3\common_pron_mfa_r3_20260809\markers\ALIGN_DONE_2025.json
446,2025,SDRW2500001191.1.1.148,SDRW2500001191,1.361813,136,생각하고 있어요,2,False,False,False,,mfa_alignment_missing,alignment_and_analysis,D:\mfa_eojeol\r3\common_pron_mfa_r3_20260809\markers\ALIGN_DONE_2025.json
447,2025,SDRW2500001195.1.1.190,SDRW2500001195,1.342375,134,추천해,2,False,False,False,,mfa_alignment_missing,alignment_and_analysis,D:\mfa_eojeol\r3\common_pron_mfa_r3_20260809\markers\ALIGN_DONE_2025.json
448,2025,SDRW2500001208.1.1.56,SDRW2500001208,1.1705,117,네,1,False,False,False,,mfa_alignment_missing,alignment_and_analysis,D:\mfa_eojeol\r3\common_pron_mfa_r3_20260809\markers\ALIGN_DONE_2025.json
449,2025,SDRW2500001233.1.1.19,SDRW2500001233,5.29125,529,혹시 당근 예전에 유행했었는데 당근도 많이 하시는지 궁금하네요,3,False,False,False,,mfa_alignment_missing,alignment_and_analysis,D:\mfa_eojeol\r3\common_pron_mfa_r3_20260809\markers\ALIGN_DONE_2025.json
450,2025,SDRW2500001242.1.1.119,SDRW2500001242,6.230562,623,그 저기 뭐야 그 효과를 볼 수 있는 그런 업종이 굉장히 좀 중요한 거 같아요 그래서,4,False,False,False,,mfa_alignment_missing,alignment_and_analysis,D:\mfa_eojeol\r3\common_pron_mfa_r3_20260809\markers\ALIGN_DONE_2025.json
451,2025,SDRW2500001250.1.1.173,SDRW2500001250,2.816875,282,예 맞으 맞는 거 같아요 저도,3,False,False,False,,mfa_alignment_missing,alignment_and_analysis,D:\mfa_eojeol\r3\common_pron_mfa_r3_20260809\markers\ALIGN_DONE_2025.json
452,2025,SDRW2500001257.1.1.51,SDRW2500001257,1.315,132,네 맞아요,1,False,False,False,,mfa_alignment_missing,alignment_and_analysis,D:\mfa_eojeol\r3\common_pron_mfa_r3_20260809\markers\ALIGN_DONE_2025.json
453,2025,SDRW2500001269.1.1.134,SDRW2500001269,0.678813,68,네,1,False,False,False,,mfa_alignment_missing,alignment_and_analysis,D:\mfa_eojeol\r3\common_pron_mfa_r3_20260809\markers\ALIGN_DONE_2025.json
454,2025,SDRW2500001271.1.1.188,SDRW2500001271,0.75325,75,네,3,False,False,False,,mfa_alignment_missing,alignment_and_analysis,D:\mfa_eojeol\r3\common_pron_mfa_r3_20260809\markers\ALIGN_DONE_2025.json
455,2025,SDRW2500001278.1.1.196,SDRW2500001278,1.462125,146,교복 뭐,1,False,False,False,,mfa_alignment_missing,alignment_and_analysis,D:\mfa_eojeol\r3\common_pron_mfa_r3_20260809\markers\ALIGN_DONE_2025.json
456,2025,SDRW2500001278.1.1.198,SDRW2500001278,2.56025,256,그래서 뭐 음,1,False,False,False,,mfa_alignment_missing,alignment_and_analysis,D:\mfa_eojeol\r3\common_pron_mfa_r3_20260809\markers\ALIGN_DONE_2025.json
457,2025,SDRW2500001280.1.1.96,SDRW2500001280,3.40725,341,싼 거는 고기밖에 없는 거 같아,4,False,False,False,,mfa_alignment_missing,alignment_and_analysis,D:\mfa_eojeol\r3\common_pron_mfa_r3_20260809\markers\ALIGN_DONE_2025.json
458,2025,SDRW2500001287.1.1.117,SDRW2500001287,0.930312,93,네,2,False,False,False,,mfa_alignment_missing,alignment_and_analysis,D:\mfa_eojeol\r3\common_pron_mfa_r3_20260809\markers\ALIGN_DONE_2025.json
459,2025,SDRW2500001306.1.1.14,SDRW2500001306,3.468938,347,옆의 선생님은 요즘 어떻게 옷차림하고 다니세요,2,False,False,False,,mfa_alignment_missing,alignment_and_analysis,D:\mfa_eojeol\r3\common_pron_mfa_r3_20260809\markers\ALIGN_DONE_2025.json
460,2025,SDRW2500001311.1.1.153,SDRW2500001311,5.691313,569,걸 이야기해 보자면은 또 그런 마 그런 문화생활 즐기는 본인만의 방법이 좀 있으 있으신가요,3,False,False,False,,mfa_alignment_missing,alignment_and_analysis,D:\mfa_eojeol\r3\common_pron_mfa_r3_20260809\markers\ALIGN_DONE_2025.json
461,2025,SDRW2500001311.1.1.27,SDRW2500001311,0.792937,79,네,3,False,False,False,,mfa_alignment_missing,alignment_and_analysis,D:\mfa_eojeol\r3\common_pron_mfa_r3_20260809\markers\ALIGN_DONE_2025.json
462,2025,SDRW2500001313.1.1.149,SDRW2500001313,2.313438,231,서울에서 들어와도 호환되는 거예요,2,False,False,False,,mfa_alignment_missing,alignment_and_analysis,D:\mfa_eojeol\r3\common_pron_mfa_r3_20260809\markers\ALIGN_DONE_2025.json
463,2025,SDRW2500001329.1.1.169,SDRW2500001329,3.126625,313,앞의 선생님 혹시 어떤 거가 있을까요,4,False,False,False,,mfa_alignment_missing,alignment_and_analysis,D:\mfa_eojeol\r3\common_pron_mfa_r3_20260809\markers\ALIGN_DONE_2025.json
464,2025,SDRW2500001346.1.1.136,SDRW2500001346,5.770688,577,어 예전에 비해 너무 비싸진 거 어 예전에 비해 비싸진 거,3,False,False,False,,mfa_alignment_missing,alignment_and_analysis,D:\mfa_eojeol\r3\common_pron_mfa_r3_20260809\markers\ALIGN_DONE_2025.json
465,2025,SDRW2500001348.1.1.192,SDRW2500001348,0.971688,97,네,1,False,False,False,,mfa_alignment_missing,alignment_and_analysis,D:\mfa_eojeol\r3\common_pron_mfa_r3_20260809\markers\ALIGN_DONE_2025.json
466,2025,SDRW2500001349.1.1.138,SDRW2500001349,0.9335,93,네,3,False,False,False,,mfa_alignment_missing,alignment_and_analysis,D:\mfa_eojeol\r3\common_pron_mfa_r3_20260809\markers\ALIGN_DONE_2025.json
467,2025,SDRW2500001349.1.1.54,SDRW2500001349,7.809938,781,그 되게 다양한 걸 많이 하는데 그냥 약간 예능 같은 느낌 아이돌이 하는 예능 그런 느낌이에요,3,False,False,False,,mfa_alignment_missing,alignment_and_analysis,D:\mfa_eojeol\r3\common_pron_mfa_r3_20260809\markers\ALIGN_DONE_2025.json
468,2025,SDRW2500001349.1.1.94,SDRW2500001349,4.690062,469,길어서 엄두가 안 나니까 그냥 중국 드라마 요약본만 보고 끝나고 그래요,3,False,False,False,,mfa_alignment_missing,alignment_and_analysis,D:\mfa_eojeol\r3\common_pron_mfa_r3_20260809\markers\ALIGN_DONE_2025.json
469,2025,SDRW2500001359.1.1.255,SDRW2500001359,1.117875,112,여쭤보고 싶어요,3,False,False,False,,mfa_alignment_missing,alignment_and_analysis,D:\mfa_eojeol\r3\common_pron_mfa_r3_20260809\markers\ALIGN_DONE_2025.json
470,2025,SDRW2500001360.1.1.165,SDRW2500001360,0.8225,82,저는,2,False,False,False,,mfa_alignment_missing,alignment_and_analysis,D:\mfa_eojeol\r3\common_pron_mfa_r3_20260809\markers\ALIGN_DONE_2025.json
471,2025,SDRW2500001375.1.1.147,SDRW2500001375,1.549313,155,있을 거 같나요,4,False,False,False,,mfa_alignment_missing,alignment_and_analysis,D:\mfa_eojeol\r3\common_pron_mfa_r3_20260809\markers\ALIGN_DONE_2025.json
472,2025,SDRW2500001376.1.1.86,SDRW2500001376,1.895875,190,혹시 경험 있으신가요,2,False,False,False,,mfa_alignment_missing,alignment_and_analysis,D:\mfa_eojeol\r3\common_pron_mfa_r3_20260809\markers\ALIGN_DONE_2025.json
473,2025,SDRW2500001380.1.1.181,SDRW2500001380,4.06075,406,어떤 특병 특정 장면을 집기에는 어려울 거 같습니다,3,False,False,False,,mfa_alignment_missing,alignment_and_analysis,D:\mfa_eojeol\r3\common_pron_mfa_r3_20260809\markers\ALIGN_DONE_2025.json
474,2025,SDRW2500001381.1.1.103,SDRW2500001381,2.93925,294,아 원래 청주 사시는 게 아니에요 그럼,2,False,False,False,,mfa_alignment_missing,alignment_and_analysis,D:\mfa_eojeol\r3\common_pron_mfa_r3_20260809\markers\ALIGN_DONE_2025.json
475,2025,SDRW2500001381.1.1.112,SDRW2500001381,1.379875,138,가톨릭 병원,2,False,False,False,,mfa_alignment_missing,alignment_and_analysis,D:\mfa_eojeol\r3\common_pron_mfa_r3_20260809\markers\ALIGN_DONE_2025.json
476,2025,SDRW2500001381.1.1.113,SDRW2500001381,2.055,206,여기 청주 성모 병원,2,False,False,False,,mfa_alignment_missing,alignment_and_analysis,D:\mfa_eojeol\r3\common_pron_mfa_r3_20260809\markers\ALIGN_DONE_2025.json
477,2025,SDRW2500001381.1.1.115,SDRW2500001381,2.907188,291,거기서 했던 경험이 있습니다,2,False,False,False,,mfa_alignment_missing,alignment_and_analysis,D:\mfa_eojeol\r3\common_pron_mfa_r3_20260809\markers\ALIGN_DONE_2025.json
478,2025,SDRW2500001381.1.1.117,SDRW2500001381,4.7325,473,아니요 그때는 고 고등학 어릴 때 한 거라 그렇진 않은데,2,False,False,False,,mfa_alignment_missing,alignment_and_analysis,D:\mfa_eojeol\r3\common_pron_mfa_r3_20260809\markers\ALIGN_DONE_2025.json
479,2025,SDRW2500001381.1.1.194,SDRW2500001381,1.67275,167,근데 저는,2,False,False,False,,mfa_alignment_missing,alignment_and_analysis,D:\mfa_eojeol\r3\common_pron_mfa_r3_20260809\markers\ALIGN_DONE_2025.json
480,2025,SDRW2500001381.1.1.231,SDRW2500001381,4.635375,464,이렇게 해서 총 아침저녁 사이클로 돌아가는 걸로 알고 있습니다,2,False,False,False,,mfa_alignment_missing,alignment_and_analysis,D:\mfa_eojeol\r3\common_pron_mfa_r3_20260809\markers\ALIGN_DONE_2025.json
481,2025,SDRW2500001381.1.1.62,SDRW2500001381,6.05275,605,저는 좀 막 속이 자주 쓰리고 이래서 위내시경만 몇 번 해 봤는데,2,False,False,False,,mfa_alignment_missing,alignment_and_analysis,D:\mfa_eojeol\r3\common_pron_mfa_r3_20260809\markers\ALIGN_DONE_2025.json
482,2025,SDRW2500001382.1.1.153,SDRW2500001382,1.399,140,정신적으로도,3,False,False,False,,mfa_alignment_missing,alignment_and_analysis,D:\mfa_eojeol\r3\common_pron_mfa_r3_20260809\markers\ALIGN_DONE_2025.json
483,2025,SDRW2500001382.1.1.41,SDRW2500001382,2.768125,277,그리고 그 혹시 카프리썬이라고 혹시 아세요,3,False,False,False,,mfa_alignment_missing,alignment_and_analysis,D:\mfa_eojeol\r3\common_pron_mfa_r3_20260809\markers\ALIGN_DONE_2025.json
484,2025,SDRW2500001382.1.1.72,SDRW2500001382,1.6975,170,진짜 본 지 오래된 거 같아요,3,False,False,False,,mfa_alignment_missing,alignment_and_analysis,D:\mfa_eojeol\r3\common_pron_mfa_r3_20260809\markers\ALIGN_DONE_2025.json
485,2025,SDRW2500001393.1.1.67,SDRW2500001393,1.246063,125,네,3,False,False,False,,mfa_alignment_missing,alignment_and_analysis,D:\mfa_eojeol\r3\common_pron_mfa_r3_20260809\markers\ALIGN_DONE_2025.json
486,2025,SDRW2500001396.1.1.136,SDRW2500001396,1.025625,103,네,3,False,False,False,,mfa_alignment_missing,alignment_and_analysis,D:\mfa_eojeol\r3\common_pron_mfa_r3_20260809\markers\ALIGN_DONE_2025.json
487,2025,SDRW2500001403.1.1.175,SDRW2500001403,1.205,121,많지,3,False,False,False,,mfa_alignment_missing,alignment_and_analysis,D:\mfa_eojeol\r3\common_pron_mfa_r3_20260809\markers\ALIGN_DONE_2025.json
488,2025,SDRW2500001410.1.1.4,SDRW2500001410,6.672313,667,그래서 혹시 선생님은 그런 브이로그에 대해서 어떻게 생각하시는지 궁금합니다,1,False,False,False,,mfa_alignment_missing,alignment_and_analysis,D:\mfa_eojeol\r3\common_pron_mfa_r3_20260809\markers\ALIGN_DONE_2025.json
489,2025,SDRW2500001418.1.1.273,SDRW2500001418,1.262812,126,강원도에 농장 있고,2,False,False,False,,mfa_alignment_missing,alignment_and_analysis,D:\mfa_eojeol\r3\common_pron_mfa_r3_20260809\markers\ALIGN_DONE_2025.json
490,2025,SDRW2500001437.1.1.100,SDRW2500001437,6.888625,689,그 문화생활을 이제 하시면은 주로 어떤 거를 하시는지 그게 궁금합니다,2,False,False,False,,mfa_alignment_missing,alignment_and_analysis,D:\mfa_eojeol\r3\common_pron_mfa_r3_20260809\markers\ALIGN_DONE_2025.json
491,2025,SDRW2500001437.1.1.114,SDRW2500001437,1.11375,111,있으신가요,2,False,False,False,,mfa_alignment_missing,alignment_and_analysis,D:\mfa_eojeol\r3\common_pron_mfa_r3_20260809\markers\ALIGN_DONE_2025.json
492,2025,SDRW2500001444.1.1.65,SDRW2500001444,6.578938,658,저는 아까 말했듯이 단 지금의 담임 선생님이십니다,2,False,False,False,,mfa_alignment_missing,alignment_and_analysis,D:\mfa_eojeol\r3\common_pron_mfa_r3_20260809\markers\ALIGN_DONE_2025.json
493,2025,SDRW2500001444.1.1.66,SDRW2500001444,6.22475,622,선생님은 가장 좋았던 선생님 중에 어떤 선생님 가장 좋으신가요,2,False,False,False,,mfa_alignment_missing,alignment_and_analysis,D:\mfa_eojeol\r3\common_pron_mfa_r3_20260809\markers\ALIGN_DONE_2025.json
494,2025,SDRW2500001445.1.1.268,SDRW2500001445,3.12175,312,만약 제가 정말 정말 갖고 싶었던 그런 거라면 인터넷이나 또는 다른 곳을 뒤져 보면서 찾아요,4,False,False,False,,mfa_alignment_missing,alignment_and_analysis,D:\mfa_eojeol\r3\common_pron_mfa_r3_20260809\markers\ALIGN_DONE_2025.json
495,2025,SDRW2500001449.1.1.121,SDRW2500001449,1.287937,129,네,1,False,False,False,,mfa_alignment_missing,alignment_and_analysis,D:\mfa_eojeol\r3\common_pron_mfa_r3_20260809\markers\ALIGN_DONE_2025.json
496,2025,SDRW2500001463.1.1.152,SDRW2500001463,0.724,72,더우니까 반팔,1,False,False,False,,mfa_alignment_missing,alignment_and_analysis,D:\mfa_eojeol\r3\common_pron_mfa_r3_20260809\markers\ALIGN_DONE_2025.json
497,2025,SDRW2500001463.1.1.22,SDRW2500001463,0.629875,63,음 혼자 그러니까,1,False,False,False,,mfa_alignment_missing,alignment_and_analysis,D:\mfa_eojeol\r3\common_pron_mfa_r3_20260809\markers\ALIGN_DONE_2025.json
498,2025,SDRW2500001467.1.1.99,SDRW2500001467,0.831063,83,네,2,False,False,False,,mfa_alignment_missing,alignment_and_analysis,D:\mfa_eojeol\r3\common_pron_mfa_r3_20260809\markers\ALIGN_DONE_2025.json
499,2025,SDRW2500001468.1.1.210,SDRW2500001468,0.985875,99,네,4,False,False,False,,mfa_alignment_missing,alignment_and_analysis,D:\mfa_eojeol\r3\common_pron_mfa_r3_20260809\markers\ALIGN_DONE_2025.json
500,2025,SDRW2500001468.1.1.41,SDRW2500001468,1.925188,193,음 그리고,4,False,False,False,,mfa_alignment_missing,alignment_and_analysis,D:\mfa_eojeol\r3\common_pron_mfa_r3_20260809\markers\ALIGN_DONE_2025.json
501,2025,SDRW2500001471.1.1.110,SDRW2500001471,0.981563,98,그래,1,False,False,False,,mfa_alignment_missing,alignment_and_analysis,D:\mfa_eojeol\r3\common_pron_mfa_r3_20260809\markers\ALIGN_DONE_2025.json
502,2025,SDRW2500001471.1.1.56,SDRW2500001471,2.525875,253,그거 뭐 세상을 구하는 얘기지,1,False,False,False,,mfa_alignment_missing,alignment_and_analysis,D:\mfa_eojeol\r3\common_pron_mfa_r3_20260809\markers\ALIGN_DONE_2025.json
503,2025,SDRW2500001501.1.1.1,SDRW2500001501,1.984875,198,요사이 건강,4,False,False,False,,mfa_alignment_missing,alignment_and_analysis,D:\mfa_eojeol\r3\common_pron_mfa_r3_20260809\markers\ALIGN_DONE_2025.json
504,2025,SDRW2500001501.1.1.100,SDRW2500001501,1.512375,151,그렇게 해 가지고,4,False,False,False,,mfa_alignment_missing,alignment_and_analysis,D:\mfa_eojeol\r3\common_pron_mfa_r3_20260809\markers\ALIGN_DONE_2025.json
505,2025,SDRW2500001501.1.1.103,SDRW2500001501,2.7975,280,보훈 병원은 우리나라에서 최고 큰 병원이지만은,4,False,False,False,,mfa_alignment_missing,alignment_and_analysis,D:\mfa_eojeol\r3\common_pron_mfa_r3_20260809\markers\ALIGN_DONE_2025.json
506,2025,SDRW2500001501.1.1.104,SDRW2500001501,2.217563,222,원체 사람 숫자가 많아 가지고,4,False,False,False,,mfa_alignment_missing,alignment_and_analysis,D:\mfa_eojeol\r3\common_pron_mfa_r3_20260809\markers\ALIGN_DONE_2025.json
507,2025,SDRW2500001501.1.1.106,SDRW2500001501,1.644187,164,아무래도 수술하고 하는 게,4,False,False,False,,mfa_alignment_missing,alignment_and_analysis,D:\mfa_eojeol\r3\common_pron_mfa_r3_20260809\markers\ALIGN_DONE_2025.json
508,2025,SDRW2500001501.1.1.107,SDRW2500001501,1.913563,191,전문성이 좀 떨어지는 거 같아요,4,False,False,False,,mfa_alignment_missing,alignment_and_analysis,D:\mfa_eojeol\r3\common_pron_mfa_r3_20260809\markers\ALIGN_DONE_2025.json
509,2025,SDRW2500001501.1.1.108,SDRW2500001501,3.438438,344,그래서 요 강남에 있는 최고 권위 있는 병원에,4,False,False,False,,mfa_alignment_missing,alignment_and_analysis,D:\mfa_eojeol\r3\common_pron_mfa_r3_20260809\markers\ALIGN_DONE_2025.json
510,2025,SDRW2500001501.1.1.109,SDRW2500001501,1.506063,151,거기다가 의뢰해 가지고,4,False,False,False,,mfa_alignment_missing,alignment_and_analysis,D:\mfa_eojeol\r3\common_pron_mfa_r3_20260809\markers\ALIGN_DONE_2025.json
511,2025,SDRW2500001501.1.1.110,SDRW2500001501,1.4245,142,처음에 갔더니,4,False,False,False,,mfa_alignment_missing,alignment_and_analysis,D:\mfa_eojeol\r3\common_pron_mfa_r3_20260809\markers\ALIGN_DONE_2025.json
512,2025,SDRW2500001501.1.1.111,SDRW2500001501,2.877562,288,바로 수술 들어가자고 하는 거 수술은 완전히 뭐 그건,4,False,False,False,,mfa_alignment_missing,alignment_and_analysis,D:\mfa_eojeol\r3\common_pron_mfa_r3_20260809\markers\ALIGN_DONE_2025.json
513,2025,SDRW2500001501.1.1.113,SDRW2500001501,1.7985,180,일단 시술을 한번 해 보고,4,False,False,False,,mfa_alignment_missing,alignment_and_analysis,D:\mfa_eojeol\r3\common_pron_mfa_r3_20260809\markers\ALIGN_DONE_2025.json
514,2025,SDRW2500001501.1.1.114,SDRW2500001501,2.028437,203,하자 해서 시술을 처음에 했더니,4,False,False,False,,mfa_alignment_missing,alignment_and_analysis,D:\mfa_eojeol\r3\common_pron_mfa_r3_20260809\markers\ALIGN_DONE_2025.json
515,2025,SDRW2500001501.1.1.115,SDRW2500001501,4.396625,440,한 몇 개월 동안은 아주 뭐 아픈 데 없이 좋아요 그냥,4,False,False,False,,mfa_alignment_missing,alignment_and_analysis,D:\mfa_eojeol\r3\common_pron_mfa_r3_20260809\markers\ALIGN_DONE_2025.json
516,2025,SDRW2500001501.1.1.116,SDRW2500001501,4.611438,461,근데 이게 완전히 육 개월 지나고 나니까 또 다시 원워치 되는 거야,4,False,False,False,,mfa_alignment_missing,alignment_and_analysis,D:\mfa_eojeol\r3\common_pron_mfa_r3_20260809\markers\ALIGN_DONE_2025.json
517,2025,SDRW2500001501.1.1.117,SDRW2500001501,2.0215,202,그래서 결국은 나중에 거기서,4,False,False,False,,mfa_alignment_missing,alignment_and_analysis,D:\mfa_eojeol\r3\common_pron_mfa_r3_20260809\markers\ALIGN_DONE_2025.json
518,2025,SDRW2500001501.1.1.118,SDRW2500001501,1.822375,182,가서 수술까지 하고,4,False,False,False,,mfa_alignment_missing,alignment_and_analysis,D:\mfa_eojeol\r3\common_pron_mfa_r3_20260809\markers\ALIGN_DONE_2025.json
519,2025,SDRW2500001501.1.1.119,SDRW2500001501,3.268438,327,그래서 지금은 통증을 면하고 지금은 잘 지내고 있는데,4,False,False,False,,mfa_alignment_missing,alignment_and_analysis,D:\mfa_eojeol\r3\common_pron_mfa_r3_20260809\markers\ALIGN_DONE_2025.json
520,2025,SDRW2500001501.1.1.120,SDRW2500001501,2.14375,214,뭐 친구는 그런 게 없어요 지금 경험이,4,False,False,False,,mfa_alignment_missing,alignment_and_analysis,D:\mfa_eojeol\r3\common_pron_mfa_r3_20260809\markers\ALIGN_DONE_2025.json
521,2025,SDRW2500001501.1.1.129,SDRW2500001501,2.775875,278,큰 병원 와서 입원핸 적은 한 번도 읎었어,4,False,False,False,,mfa_alignment_missing,alignment_and_analysis,D:\mfa_eojeol\r3\common_pron_mfa_r3_20260809\markers\ALIGN_DONE_2025.json
522,2025,SDRW2500001501.1.1.133,SDRW2500001501,3.355563,336,그저 덕을 보고 있는 게 아니냐는 생각을 가지고 있는데,4,False,False,False,,mfa_alignment_missing,alignment_and_analysis,D:\mfa_eojeol\r3\common_pron_mfa_r3_20260809\markers\ALIGN_DONE_2025.json
523,2025,SDRW2500001501.1.1.136,SDRW2500001501,7.696625,770,에 경제력보다도 내 건강을 더 위주로 하는 것이 현명한 방법이 아니겠냐는 생각을 가지고,4,False,False,False,,mfa_alignment_missing,alignment_and_analysis,D:\mfa_eojeol\r3\common_pron_mfa_r3_20260809\markers\ALIGN_DONE_2025.json
524,2025,SDRW2500001501.1.1.141,SDRW2500001501,5.203688,520,좌우지간 뭐 고마운 이야긴데 이 건강이 자기 뭐 마음과 뜻대로 되는 건 아니고,4,False,False,False,,mfa_alignment_missing,alignment_and_analysis,D:\mfa_eojeol\r3\common_pron_mfa_r3_20260809\markers\ALIGN_DONE_2025.json
525,2025,SDRW2500001501.1.1.142,SDRW2500001501,2.700563,270,진짜 나이 한 살 두 살 먹어가믄 서로,4,False,False,False,,mfa_alignment_missing,alignment_and_analysis,D:\mfa_eojeol\r3\common_pron_mfa_r3_20260809\markers\ALIGN_DONE_2025.json
526,2025,SDRW2500001501.1.1.143,SDRW2500001501,3.226812,323,밤새 안녕이라고 뭐 어떻게 언제 어떻게 될지 몰라요,4,False,False,False,,mfa_alignment_missing,alignment_and_analysis,D:\mfa_eojeol\r3\common_pron_mfa_r3_20260809\markers\ALIGN_DONE_2025.json
527,2025,SDRW2500001501.1.1.144,SDRW2500001501,1.1895,119,그래서 완전히,4,False,False,False,,mfa_alignment_missing,alignment_and_analysis,D:\mfa_eojeol\r3\common_pron_mfa_r3_20260809\markers\ALIGN_DONE_2025.json
528,2025,SDRW2500001501.1.1.145,SDRW2500001501,3.364813,336,우리가 젊을 땐 그렇게 완전히 뭐야 가족을 위해서 뭐,4,False,False,False,,mfa_alignment_missing,alignment_and_analysis,D:\mfa_eojeol\r3\common_pron_mfa_r3_20260809\markers\ALIGN_DONE_2025.json
529,2025,SDRW2500001501.1.1.146,SDRW2500001501,1.986438,199,진짜 몸 바쳐 고생하고,4,False,False,False,,mfa_alignment_missing,alignment_and_analysis,D:\mfa_eojeol\r3\common_pron_mfa_r3_20260809\markers\ALIGN_DONE_2025.json
530,2025,SDRW2500001501.1.1.147,SDRW2500001501,2.6275,263,그렇게 했는데 지금 나이 먹음으로써,4,False,False,False,,mfa_alignment_missing,alignment_and_analysis,D:\mfa_eojeol\r3\common_pron_mfa_r3_20260809\markers\ALIGN_DONE_2025.json
531,2025,SDRW2500001501.1.1.148,SDRW2500001501,2.415625,242,인제 자기 몸도 직접 챙기고,4,False,False,False,,mfa_alignment_missing,alignment_and_analysis,D:\mfa_eojeol\r3\common_pron_mfa_r3_20260809\markers\ALIGN_DONE_2025.json
532,2025,SDRW2500001501.1.1.150,SDRW2500001501,3.135687,314,자식들에게 아무리 물려줘 봤자 돈이 뭐 필요 없어요 그거,4,False,False,False,,mfa_alignment_missing,alignment_and_analysis,D:\mfa_eojeol\r3\common_pron_mfa_r3_20260809\markers\ALIGN_DONE_2025.json
533,2025,SDRW2500001501.1.1.151,SDRW2500001501,5.3235,532,내 자신이 살아 있을 때 건강하게 사는 게 그게 최고의,4,False,False,False,,mfa_alignment_missing,alignment_and_analysis,D:\mfa_eojeol\r3\common_pron_mfa_r3_20260809\markers\ALIGN_DONE_2025.json
534,2025,SDRW2500001501.1.1.153,SDRW2500001501,2.9045,290,그 젊을 때 너무 몸을 혹사하고 저거 한 것도,4,False,False,False,,mfa_alignment_missing,alignment_and_analysis,D:\mfa_eojeol\r3\common_pron_mfa_r3_20260809\markers\ALIGN_DONE_2025.json
535,2025,SDRW2500001501.1.1.154,SDRW2500001501,2.932437,293,이 늙어서 좀 휴유증이 많이 있는 것 같아요,4,False,False,False,,mfa_alignment_missing,alignment_and_analysis,D:\mfa_eojeol\r3\common_pron_mfa_r3_20260809\markers\ALIGN_DONE_2025.json
536,2025,SDRW2500001501.1.1.155,SDRW2500001501,1.858437,186,나 같은 경우엔,4,False,False,False,,mfa_alignment_missing,alignment_and_analysis,D:\mfa_eojeol\r3\common_pron_mfa_r3_20260809\markers\ALIGN_DONE_2025.json
537,2025,SDRW2500001501.1.1.156,SDRW2500001501,2.619187,262,남의 나라 월남전에 전쟁터에 가 가지고,4,False,False,False,,mfa_alignment_missing,alignment_and_analysis,D:\mfa_eojeol\r3\common_pron_mfa_r3_20260809\markers\ALIGN_DONE_2025.json
538,2025,SDRW2500001501.1.1.157,SDRW2500001501,3.5675,357,그 뭐야 십 몇 개월 동안 그 더운 데 헤매다 보니까,4,False,False,False,,mfa_alignment_missing,alignment_and_analysis,D:\mfa_eojeol\r3\common_pron_mfa_r3_20260809\markers\ALIGN_DONE_2025.json
539,2025,SDRW2500001501.1.1.158,SDRW2500001501,2.4845,248,완전히 젊을 때 체력이 다 빠져 가지고,4,False,False,False,,mfa_alignment_missing,alignment_and_analysis,D:\mfa_eojeol\r3\common_pron_mfa_r3_20260809\markers\ALIGN_DONE_2025.json
540,2025,SDRW2500001501.1.1.159,SDRW2500001501,2.141938,214,요새 그 후유증도 많이 있는 거 같아요,4,False,False,False,,mfa_alignment_missing,alignment_and_analysis,D:\mfa_eojeol\r3\common_pron_mfa_r3_20260809\markers\ALIGN_DONE_2025.json
541,2025,SDRW2500001501.1.1.160,SDRW2500001501,3.519563,352,그래서 앞으로 좌우지간 뭐 건강을 더 열심히 챙기고,4,False,False,False,,mfa_alignment_missing,alignment_and_analysis,D:\mfa_eojeol\r3\common_pron_mfa_r3_20260809\markers\ALIGN_DONE_2025.json
542,2025,SDRW2500001501.1.1.161,SDRW2500001501,2.258563,226,운동 열심히 하고,4,False,False,False,,mfa_alignment_missing,alignment_and_analysis,D:\mfa_eojeol\r3\common_pron_mfa_r3_20260809\markers\ALIGN_DONE_2025.json
543,2025,SDRW2500001501.1.1.162,SDRW2500001501,3.19175,319,끝나는 날까지 건강하게 잘 살아 봅시다,4,False,False,False,,mfa_alignment_missing,alignment_and_analysis,D:\mfa_eojeol\r3\common_pron_mfa_r3_20260809\markers\ALIGN_DONE_2025.json
544,2025,SDRW2500001501.1.1.18,SDRW2500001501,3.681125,368,물론 보조 식품도 좋은데 내 생각은,4,False,False,False,,mfa_alignment_missing,alignment_and_analysis,D:\mfa_eojeol\r3\common_pron_mfa_r3_20260809\markers\ALIGN_DONE_2025.json
545,2025,SDRW2500001501.1.1.181,SDRW2500001501,2.985438,299,어른들 하는 얘기가 맨날 자식을 위해서 그냥 뭐,4,False,False,False,,mfa_alignment_missing,alignment_and_analysis,D:\mfa_eojeol\r3\common_pron_mfa_r3_20260809\markers\ALIGN_DONE_2025.json
546,2025,SDRW2500001501.1.1.183,SDRW2500001501,5.8195,582,자식한테 물려주려고 그렇게 애쓰고 하는 게 그게 요새 생각해 보면 아무 소용이 없는 거 같아요 지금,4,False,False,False,,mfa_alignment_missing,alignment_and_analysis,D:\mfa_eojeol\r3\common_pron_mfa_r3_20260809\markers\ALIGN_DONE_2025.json
547,2025,SDRW2500001501.1.1.184,SDRW2500001501,2.4135,241,시대가 그렇게 변하고 하니까 자식들이,4,False,False,False,,mfa_alignment_missing,alignment_and_analysis,D:\mfa_eojeol\r3\common_pron_mfa_r3_20260809\markers\ALIGN_DONE_2025.json
548,2025,SDRW2500001501.1.1.185,SDRW2500001501,1.746375,175,아무리 물려줘도,4,False,False,False,,mfa_alignment_missing,alignment_and_analysis,D:\mfa_eojeol\r3\common_pron_mfa_r3_20260809\markers\ALIGN_DONE_2025.json
549,2025,SDRW2500001501.1.1.187,SDRW2500001501,4.866125,487,단지 내 자신 내 가족 내 완전히,4,False,False,False,,mfa_alignment_missing,alignment_and_analysis,D:\mfa_eojeol\r3\common_pron_mfa_r3_20260809\markers\ALIGN_DONE_2025.json
550,2025,SDRW2500001501.1.1.19,SDRW2500001501,5.0005,500,차라리 남의 그 뭐야 이야기한다고 다 따라 먹을 게 아니고,4,False,False,False,,mfa_alignment_missing,alignment_and_analysis,D:\mfa_eojeol\r3\common_pron_mfa_r3_20260809\markers\ALIGN_DONE_2025.json
551,2025,SDRW2500001501.1.1.190,SDRW2500001501,3.364438,336,생을 마감하는 게 그게 제일 좋은 방법인 거 같아요,4,False,False,False,,mfa_alignment_missing,alignment_and_analysis,D:\mfa_eojeol\r3\common_pron_mfa_r3_20260809\markers\ALIGN_DONE_2025.json
552,2025,SDRW2500001501.1.1.191,SDRW2500001501,1.663563,166,앞으로 건강하게 삽시다,4,False,False,False,,mfa_alignment_missing,alignment_and_analysis,D:\mfa_eojeol\r3\common_pron_mfa_r3_20260809\markers\ALIGN_DONE_2025.json
553,2025,SDRW2500001501.1.1.195,SDRW2500001501,2.567563,257,나이 먹으면 정신 건강을 위해서,4,False,False,False,,mfa_alignment_missing,alignment_and_analysis,D:\mfa_eojeol\r3\common_pron_mfa_r3_20260809\markers\ALIGN_DONE_2025.json
554,2025,SDRW2500001501.1.1.196,SDRW2500001501,3.391625,339,정신에 좀 많이 쓸 수 있는 그런 그 뭐야,4,False,False,False,,mfa_alignment_missing,alignment_and_analysis,D:\mfa_eojeol\r3\common_pron_mfa_r3_20260809\markers\ALIGN_DONE_2025.json
555,2025,SDRW2500001501.1.1.197,SDRW2500001501,2.17225,217,그거 오락을 많이 하든지,4,False,False,False,,mfa_alignment_missing,alignment_and_analysis,D:\mfa_eojeol\r3\common_pron_mfa_r3_20260809\markers\ALIGN_DONE_2025.json
556,2025,SDRW2500001501.1.1.198,SDRW2500001501,2.392688,239,좀 하라고 하는데 난 저 같은 경우에는,4,False,False,False,,mfa_alignment_missing,alignment_and_analysis,D:\mfa_eojeol\r3\common_pron_mfa_r3_20260809\markers\ALIGN_DONE_2025.json
557,2025,SDRW2500001501.1.1.199,SDRW2500001501,3.239625,324,그 바둑을 잘 두지는 못하지만은,4,False,False,False,,mfa_alignment_missing,alignment_and_analysis,D:\mfa_eojeol\r3\common_pron_mfa_r3_20260809\markers\ALIGN_DONE_2025.json
558,2025,SDRW2500001501.1.1.20,SDRW2500001501,1.540437,154,자기 자신이 생각해서,4,False,False,False,,mfa_alignment_missing,alignment_and_analysis,D:\mfa_eojeol\r3\common_pron_mfa_r3_20260809\markers\ALIGN_DONE_2025.json
559,2025,SDRW2500001501.1.1.200,SDRW2500001501,1.657437,166,바둑에 취미 있어요,4,False,False,False,,mfa_alignment_missing,alignment_and_analysis,D:\mfa_eojeol\r3\common_pron_mfa_r3_20260809\markers\ALIGN_DONE_2025.json
560,2025,SDRW2500001501.1.1.201,SDRW2500001501,3.844,384,옛날 바둑 같은 경우에는 시골에서 어른들,4,False,False,False,,mfa_alignment_missing,alignment_and_analysis,D:\mfa_eojeol\r3\common_pron_mfa_r3_20260809\markers\ALIGN_DONE_2025.json
561,2025,SDRW2500001501.1.1.202,SDRW2500001501,3.86825,387,그 바둑 두는 데 어깨 너머로 배워 가지고 정식으로 배운 건 아니고,4,False,False,False,,mfa_alignment_missing,alignment_and_analysis,D:\mfa_eojeol\r3\common_pron_mfa_r3_20260809\markers\ALIGN_DONE_2025.json
562,2025,SDRW2500001501.1.1.203,SDRW2500001501,3.204687,320,그래도 그걸로 완전히 뭐 뜨면 그렇게 재밌고,4,False,False,False,,mfa_alignment_missing,alignment_and_analysis,D:\mfa_eojeol\r3\common_pron_mfa_r3_20260809\markers\ALIGN_DONE_2025.json
563,2025,SDRW2500001501.1.1.204,SDRW2500001501,3.1715,317,시골에 돈 따먹기 뭐 돈 놓고 하는 것도 아니고,4,False,False,False,,mfa_alignment_missing,alignment_and_analysis,D:\mfa_eojeol\r3\common_pron_mfa_r3_20260809\markers\ALIGN_DONE_2025.json
564,2025,SDRW2500001501.1.1.206,SDRW2500001501,1.210063,121,그게 아주 좋더라고,4,False,False,False,,mfa_alignment_missing,alignment_and_analysis,D:\mfa_eojeol\r3\common_pron_mfa_r3_20260809\markers\ALIGN_DONE_2025.json
565,2025,SDRW2500001501.1.1.209,SDRW2500001501,5.922562,592,정신 건강을 위해선 그 바둑이나 장기 그걸 많이 많이 신경 쓰고 두다 보면은,4,False,False,False,,mfa_alignment_missing,alignment_and_analysis,D:\mfa_eojeol\r3\common_pron_mfa_r3_20260809\markers\ALIGN_DONE_2025.json
566,2025,SDRW2500001501.1.1.21,SDRW2500001501,1.981437,198,차라리 운동을 더 열심히 하고,4,False,False,False,,mfa_alignment_missing,alignment_and_analysis,D:\mfa_eojeol\r3\common_pron_mfa_r3_20260809\markers\ALIGN_DONE_2025.json
567,2025,SDRW2500001501.1.1.210,SDRW2500001501,3.244937,324,그 뭐 치매 예방도 되고 뭐 그런 이야기가 많이 있어요,4,False,False,False,,mfa_alignment_missing,alignment_and_analysis,D:\mfa_eojeol\r3\common_pron_mfa_r3_20260809\markers\ALIGN_DONE_2025.json
568,2025,SDRW2500001501.1.1.211,SDRW2500001501,3.413625,341,그래서 나는 지금 바둑을 최아소한 아침에 일어나면,4,False,False,False,,mfa_alignment_missing,alignment_and_analysis,D:\mfa_eojeol\r3\common_pron_mfa_r3_20260809\markers\ALIGN_DONE_2025.json
569,2025,SDRW2500001501.1.1.214,SDRW2500001501,2.346625,235,인터넷 바둑을 두 두고 있어요,4,False,False,False,,mfa_alignment_missing,alignment_and_analysis,D:\mfa_eojeol\r3\common_pron_mfa_r3_20260809\markers\ALIGN_DONE_2025.json
570,2025,SDRW2500001501.1.1.215,SDRW2500001501,1.858688,186,둬 보니까 시간도 잘 가고,4,False,False,False,,mfa_alignment_missing,alignment_and_analysis,D:\mfa_eojeol\r3\common_pron_mfa_r3_20260809\markers\ALIGN_DONE_2025.json
571,2025,SDRW2500001501.1.1.217,SDRW2500001501,1.960438,196,그 친구는 뭐 뭘 하고 있어요 지금,4,False,False,False,,mfa_alignment_missing,alignment_and_analysis,D:\mfa_eojeol\r3\common_pron_mfa_r3_20260809\markers\ALIGN_DONE_2025.json
572,2025,SDRW2500001501.1.1.22,SDRW2500001501,1.702625,170,하는 게 더 보약이지,4,False,False,False,,mfa_alignment_missing,alignment_and_analysis,D:\mfa_eojeol\r3\common_pron_mfa_r3_20260809\markers\ALIGN_DONE_2025.json
573,2025,SDRW2500001501.1.1.227,SDRW2500001501,5.392875,539,옛날에는 당구는 좀 좋지 않은 이미지가 있지만 지금은 좋은 스포츠가 당구야,4,False,False,False,,mfa_alignment_missing,alignment_and_analysis,D:\mfa_eojeol\r3\common_pron_mfa_r3_20260809\markers\ALIGN_DONE_2025.json
574,2025,SDRW2500001501.1.1.229,SDRW2500001501,5.889563,589,앞만 보고 그래 살다 보니까 그거는 생각할 겨를이 없어요 지금에 와서는 좀 후회가 많이 생기는데,4,False,False,False,,mfa_alignment_missing,alignment_and_analysis,D:\mfa_eojeol\r3\common_pron_mfa_r3_20260809\markers\ALIGN_DONE_2025.json
575,2025,SDRW2500001501.1.1.23,SDRW2500001501,2.634438,263,약만 가지고 괜히 그거 먹어 가지고 한다곤,4,False,False,False,,mfa_alignment_missing,alignment_and_analysis,D:\mfa_eojeol\r3\common_pron_mfa_r3_20260809\markers\ALIGN_DONE_2025.json
576,2025,SDRW2500001501.1.1.235,SDRW2500001501,2.478687,248,뭐를 찾아서 하느냐가 중요인 거야,4,False,False,False,,mfa_alignment_missing,alignment_and_analysis,D:\mfa_eojeol\r3\common_pron_mfa_r3_20260809\markers\ALIGN_DONE_2025.json
577,2025,SDRW2500001501.1.1.24,SDRW2500001501,2.652625,265,그게 몸에 차라리 더 나쁠 거 같아요,4,False,False,False,,mfa_alignment_missing,alignment_and_analysis,D:\mfa_eojeol\r3\common_pron_mfa_r3_20260809\markers\ALIGN_DONE_2025.json
578,2025,SDRW2500001501.1.1.249,SDRW2500001501,4.060937,406,근데 장기 뭐 제가 생각할 때 장기나 바둑,4,False,False,False,,mfa_alignment_missing,alignment_and_analysis,D:\mfa_eojeol\r3\common_pron_mfa_r3_20260809\markers\ALIGN_DONE_2025.json
579,2025,SDRW2500001501.1.1.25,SDRW2500001501,2.1995,220,그래서 우리가 앞으로 건강하게 살려면은,4,False,False,False,,mfa_alignment_missing,alignment_and_analysis,D:\mfa_eojeol\r3\common_pron_mfa_r3_20260809\markers\ALIGN_DONE_2025.json
580,2025,SDRW2500001501.1.1.250,SDRW2500001501,4.306687,431,이거 인제 고수들은 보통 머리가 그 비상한 거 아니야 지금,4,False,False,False,,mfa_alignment_missing,alignment_and_analysis,D:\mfa_eojeol\r3\common_pron_mfa_r3_20260809\markers\ALIGN_DONE_2025.json
581,2025,SDRW2500001501.1.1.251,SDRW2500001501,1.604062,160,아이큐가 엄청 높고,4,False,False,False,,mfa_alignment_missing,alignment_and_analysis,D:\mfa_eojeol\r3\common_pron_mfa_r3_20260809\markers\ALIGN_DONE_2025.json
582,2025,SDRW2500001501.1.1.252,SDRW2500001501,3.91925,392,내가 어떤 뭐 진짜 꼬마들도 보면 완전히,4,False,False,False,,mfa_alignment_missing,alignment_and_analysis,D:\mfa_eojeol\r3\common_pron_mfa_r3_20260809\markers\ALIGN_DONE_2025.json
583,2025,SDRW2500001501.1.1.253,SDRW2500001501,3.041062,304,진짜 천재 같이 완전히 그렇게 취급하는데,4,False,False,False,,mfa_alignment_missing,alignment_and_analysis,D:\mfa_eojeol\r3\common_pron_mfa_r3_20260809\markers\ALIGN_DONE_2025.json
584,2025,SDRW2500001501.1.1.254,SDRW2500001501,5.651063,565,보통 머리 그 누구 말마따나 쪼끔 뭐 안 돌아가는 사람은 그 잘 두지를 못할 거 같아요 지금,4,False,False,False,,mfa_alignment_missing,alignment_and_analysis,D:\mfa_eojeol\r3\common_pron_mfa_r3_20260809\markers\ALIGN_DONE_2025.json
585,2025,SDRW2500001501.1.1.255,SDRW2500001501,5.152063,515,보통 뭐 앞으로 뭐 몇 수십 수 앞을 머릿속에 다 입력 시켜 가지고 하기 때문에,4,False,False,False,,mfa_alignment_missing,alignment_and_analysis,D:\mfa_eojeol\r3\common_pron_mfa_r3_20260809\markers\ALIGN_DONE_2025.json
586,2025,SDRW2500001501.1.1.256,SDRW2500001501,6.075312,608,국제적으로 노는 뭐 우리나라 이제 구 단 그 고수들은 진짜 내가 보 판단해 천재야,4,False,False,False,,mfa_alignment_missing,alignment_and_analysis,D:\mfa_eojeol\r3\common_pron_mfa_r3_20260809\markers\ALIGN_DONE_2025.json
587,2025,SDRW2500001501.1.1.257,SDRW2500001501,1.4025,140,장기도 마찬가지야,4,False,False,False,,mfa_alignment_missing,alignment_and_analysis,D:\mfa_eojeol\r3\common_pron_mfa_r3_20260809\markers\ALIGN_DONE_2025.json
588,2025,SDRW2500001501.1.1.258,SDRW2500001501,3.039,304,장기도 열 수 스무 수 앞을 내다보고 하기 때문에,4,False,False,False,,mfa_alignment_missing,alignment_and_analysis,D:\mfa_eojeol\r3\common_pron_mfa_r3_20260809\markers\ALIGN_DONE_2025.json
589,2025,SDRW2500001501.1.1.259,SDRW2500001501,1.535,154,이건 보통 사람이,4,False,False,False,,mfa_alignment_missing,alignment_and_analysis,D:\mfa_eojeol\r3\common_pron_mfa_r3_20260809\markers\ALIGN_DONE_2025.json
590,2025,SDRW2500001501.1.1.26,SDRW2500001501,2.8835,288,운동을 좀 열심히 하고 아침 좀 일찍 일어나서,4,False,False,False,,mfa_alignment_missing,alignment_and_analysis,D:\mfa_eojeol\r3\common_pron_mfa_r3_20260809\markers\ALIGN_DONE_2025.json
591,2025,SDRW2500001501.1.1.260,SDRW2500001501,3.277125,328,그 할 수 없 없는 그런 뭐 머리를 갖고 있는 거지 그건,4,False,False,False,,mfa_alignment_missing,alignment_and_analysis,D:\mfa_eojeol\r3\common_pron_mfa_r3_20260809\markers\ALIGN_DONE_2025.json
592,2025,SDRW2500001501.1.1.261,SDRW2500001501,2.312,231,그러니 그렇게 머릿속을 자꾸 쓰다 보면,4,False,False,False,,mfa_alignment_missing,alignment_and_analysis,D:\mfa_eojeol\r3\common_pron_mfa_r3_20260809\markers\ALIGN_DONE_2025.json
593,2025,SDRW2500001501.1.1.262,SDRW2500001501,2.400625,240,기 취미 같은 거는 옆에 오지도 못할 거고,4,False,False,False,,mfa_alignment_missing,alignment_and_analysis,D:\mfa_eojeol\r3\common_pron_mfa_r3_20260809\markers\ALIGN_DONE_2025.json
594,2025,SDRW2500001501.1.1.263,SDRW2500001501,2.566,257,아주 그 취미 생활 좋은 좋은 거 같아요 그게,4,False,False,False,,mfa_alignment_missing,alignment_and_analysis,D:\mfa_eojeol\r3\common_pron_mfa_r3_20260809\markers\ALIGN_DONE_2025.json
595,2025,SDRW2500001501.1.1.267,SDRW2500001501,4.561438,456,그래서 그 전에는 그 장길 둬두 뭐 세 수 네 수 다섯 수까지 내다봤는데 지끔은,4,False,False,False,,mfa_alignment_missing,alignment_and_analysis,D:\mfa_eojeol\r3\common_pron_mfa_r3_20260809\markers\ALIGN_DONE_2025.json
596,2025,SDRW2500001501.1.1.269,SDRW2500001501,4.34575,435,나보고 나보고도 못 두는 사람하고 장기를 두니까 내가 이기는 거지,4,False,False,False,,mfa_alignment_missing,alignment_and_analysis,D:\mfa_eojeol\r3\common_pron_mfa_r3_20260809\markers\ALIGN_DONE_2025.json
597,2025,SDRW2500001501.1.1.27,SDRW2500001501,1.2865,129,조깅도 하고,4,False,False,False,,mfa_alignment_missing,alignment_and_analysis,D:\mfa_eojeol\r3\common_pron_mfa_r3_20260809\markers\ALIGN_DONE_2025.json
598,2025,SDRW2500001501.1.1.3,SDRW2500001501,3.732625,373,내가 생각할 땐 건강 보조 식품보다는 차라리,4,False,False,False,,mfa_alignment_missing,alignment_and_analysis,D:\mfa_eojeol\r3\common_pron_mfa_r3_20260809\markers\ALIGN_DONE_2025.json
599,2025,SDRW2500001501.1.1.38,SDRW2500001501,1.797313,180,도저히 안 되고 해서,4,False,False,False,,mfa_alignment_missing,alignment_and_analysis,D:\mfa_eojeol\r3\common_pron_mfa_r3_20260809\markers\ALIGN_DONE_2025.json
600,2025,SDRW2500001501.1.1.4,SDRW2500001501,3.442063,344,그 뭐야 보양식 같은 거 염소나 이런 걸 잡아서,4,False,False,False,,mfa_alignment_missing,alignment_and_analysis,D:\mfa_eojeol\r3\common_pron_mfa_r3_20260809\markers\ALIGN_DONE_2025.json
601,2025,SDRW2500001501.1.1.40,SDRW2500001501,1.406813,141,사 개월 만에,4,False,False,False,,mfa_alignment_missing,alignment_and_analysis,D:\mfa_eojeol\r3\common_pron_mfa_r3_20260809\markers\ALIGN_DONE_2025.json
602,2025,SDRW2500001501.1.1.41,SDRW2500001501,2.31075,231,약 타러 보훈 병원에 갔다 왔는데,4,False,False,False,,mfa_alignment_missing,alignment_and_analysis,D:\mfa_eojeol\r3\common_pron_mfa_r3_20260809\markers\ALIGN_DONE_2025.json
603,2025,SDRW2500001501.1.1.42,SDRW2500001501,3.354687,335,이거 날이 가면 갈수록 약이 자꾸 숫자가 늘어나고,4,False,False,False,,mfa_alignment_missing,alignment_and_analysis,D:\mfa_eojeol\r3\common_pron_mfa_r3_20260809\markers\ALIGN_DONE_2025.json
604,2025,SDRW2500001501.1.1.44,SDRW2500001501,1.792687,179,그거 뭐 보훈 병원에 가면,4,False,False,False,,mfa_alignment_missing,alignment_and_analysis,D:\mfa_eojeol\r3\common_pron_mfa_r3_20260809\markers\ALIGN_DONE_2025.json
605,2025,SDRW2500001501.1.1.47,SDRW2500001501,3.934563,393,그 뭐 한 번에 모아 모아 놓으면은 웬만한 가방에 하나고,4,False,False,False,,mfa_alignment_missing,alignment_and_analysis,D:\mfa_eojeol\r3\common_pron_mfa_r3_20260809\markers\ALIGN_DONE_2025.json
606,2025,SDRW2500001501.1.1.48,SDRW2500001501,2.801563,280,갈 때마다 자꾸 약이 숫자가 하나 둘 늘어나고,4,False,False,False,,mfa_alignment_missing,alignment_and_analysis,D:\mfa_eojeol\r3\common_pron_mfa_r3_20260809\markers\ALIGN_DONE_2025.json
607,2025,SDRW2500001501.1.1.49,SDRW2500001501,1.32525,133,지금은 현재 혈압,4,False,False,False,,mfa_alignment_missing,alignment_and_analysis,D:\mfa_eojeol\r3\common_pron_mfa_r3_20260809\markers\ALIGN_DONE_2025.json
608,2025,SDRW2500001501.1.1.5,SDRW2500001501,1.018563,102,그걸 많이,4,False,False,False,,mfa_alignment_missing,alignment_and_analysis,D:\mfa_eojeol\r3\common_pron_mfa_r3_20260809\markers\ALIGN_DONE_2025.json
609,2025,SDRW2500001501.1.1.51,SDRW2500001501,3.3645,336,가니까 뭐 영양제도 하나 넣어 주고 뭐 자꾸 넣어 주더라고,4,False,False,False,,mfa_alignment_missing,alignment_and_analysis,D:\mfa_eojeol\r3\common_pron_mfa_r3_20260809\markers\ALIGN_DONE_2025.json
610,2025,SDRW2500001501.1.1.52,SDRW2500001501,1.991625,199,그것도 많이 먹는 게 좋은 건지,4,False,False,False,,mfa_alignment_missing,alignment_and_analysis,D:\mfa_eojeol\r3\common_pron_mfa_r3_20260809\markers\ALIGN_DONE_2025.json
611,2025,SDRW2500001501.1.1.53,SDRW2500001501,1.018375,102,모르겠어요,4,False,False,False,,mfa_alignment_missing,alignment_and_analysis,D:\mfa_eojeol\r3\common_pron_mfa_r3_20260809\markers\ALIGN_DONE_2025.json
612,2025,SDRW2500001501.1.1.54,SDRW2500001501,1.994188,199,박사님은 무슨 약 먹는 게 있어요,4,False,False,False,,mfa_alignment_missing,alignment_and_analysis,D:\mfa_eojeol\r3\common_pron_mfa_r3_20260809\markers\ALIGN_DONE_2025.json
613,2025,SDRW2500001501.1.1.6,SDRW2500001501,1.573312,157,잘 다려 가지고,4,False,False,False,,mfa_alignment_missing,alignment_and_analysis,D:\mfa_eojeol\r3\common_pron_mfa_r3_20260809\markers\ALIGN_DONE_2025.json
614,2025,SDRW2500001501.1.1.66,SDRW2500001501,5.066875,507,근데 체중 좀 조절할라고 헬쓰에 그 한 달 돈 쫌 줘가면서 한다고 하는데,4,False,False,False,,mfa_alignment_missing,alignment_and_analysis,D:\mfa_eojeol\r3\common_pron_mfa_r3_20260809\markers\ALIGN_DONE_2025.json
615,2025,SDRW2500001501.1.1.67,SDRW2500001501,1.824812,182,체중은 맨날 그모양이야,4,False,False,False,,mfa_alignment_missing,alignment_and_analysis,D:\mfa_eojeol\r3\common_pron_mfa_r3_20260809\markers\ALIGN_DONE_2025.json
616,2025,SDRW2500001501.1.1.69,SDRW2500001501,2.194375,219,이 먹는 걸 좀 조절해야 되는지,4,False,False,False,,mfa_alignment_missing,alignment_and_analysis,D:\mfa_eojeol\r3\common_pron_mfa_r3_20260809\markers\ALIGN_DONE_2025.json
617,2025,SDRW2500001501.1.1.7,SDRW2500001501,3.807375,381,자기 혼자 잘 챙겨 먹으면 그게 더 영양식이고,4,False,False,False,,mfa_alignment_missing,alignment_and_analysis,D:\mfa_eojeol\r3\common_pron_mfa_r3_20260809\markers\ALIGN_DONE_2025.json
618,2025,SDRW2500001501.1.1.71,SDRW2500001501,1.540625,154,그래서 완전히 뭐 나는,4,False,False,False,,mfa_alignment_missing,alignment_and_analysis,D:\mfa_eojeol\r3\common_pron_mfa_r3_20260809\markers\ALIGN_DONE_2025.json
619,2025,SDRW2500001501.1.1.72,SDRW2500001501,2.788813,279,내 생각엔 먹는 걸 차라리 반을 쭐이든지,4,False,False,False,,mfa_alignment_missing,alignment_and_analysis,D:\mfa_eojeol\r3\common_pron_mfa_r3_20260809\markers\ALIGN_DONE_2025.json
620,2025,SDRW2500001501.1.1.74,SDRW2500001501,2.392562,239,좌우지간 체중 관리 이것도 좀 문제인 거 같아요,4,False,False,False,,mfa_alignment_missing,alignment_and_analysis,D:\mfa_eojeol\r3\common_pron_mfa_r3_20260809\markers\ALIGN_DONE_2025.json
621,2025,SDRW2500001501.1.1.84,SDRW2500001501,6.003438,600,둘이서 친구랑 나랑 둘이서 이거를 하고 있는 것이 그래도 제일 현명한 방법일 거 같아,4,False,False,False,,mfa_alignment_missing,alignment_and_analysis,D:\mfa_eojeol\r3\common_pron_mfa_r3_20260809\markers\ALIGN_DONE_2025.json
622,2025,SDRW2500001501.1.1.87,SDRW2500001501,2.523,252,난 한때 그래도 뭐 건강하다고,4,False,False,False,,mfa_alignment_missing,alignment_and_analysis,D:\mfa_eojeol\r3\common_pron_mfa_r3_20260809\markers\ALIGN_DONE_2025.json
623,2025,SDRW2500001501.1.1.88,SDRW2500001501,2.124563,212,자부심 느끼고 있었는데,4,False,False,False,,mfa_alignment_missing,alignment_and_analysis,D:\mfa_eojeol\r3\common_pron_mfa_r3_20260809\markers\ALIGN_DONE_2025.json
624,2025,SDRW2500001501.1.1.89,SDRW2500001501,2.117375,212,갑자기 허리가 아프고 해서,4,False,False,False,,mfa_alignment_missing,alignment_and_analysis,D:\mfa_eojeol\r3\common_pron_mfa_r3_20260809\markers\ALIGN_DONE_2025.json
625,2025,SDRW2500001501.1.1.9,SDRW2500001501,1.670438,167,박 사장 생각은 어때요,4,False,False,False,,mfa_alignment_missing,alignment_and_analysis,D:\mfa_eojeol\r3\common_pron_mfa_r3_20260809\markers\ALIGN_DONE_2025.json
626,2025,SDRW2500001501.1.1.90,SDRW2500001501,4.7405,474,처음에는 뭐 한방 병원에 가서 침도 맞고 뭐 하다가,4,False,False,False,,mfa_alignment_missing,alignment_and_analysis,D:\mfa_eojeol\r3\common_pron_mfa_r3_20260809\markers\ALIGN_DONE_2025.json
627,2025,SDRW2500001501.1.1.92,SDRW2500001501,2.632875,263,큰 병원으로 좀 살살 옮겨 보라 해 가지고,4,False,False,False,,mfa_alignment_missing,alignment_and_analysis,D:\mfa_eojeol\r3\common_pron_mfa_r3_20260809\markers\ALIGN_DONE_2025.json
628,2025,SDRW2500001501.1.1.93,SDRW2500001501,3.918188,392,정형외과가 몇 번 다녔고 주사도 몇 번 마 맞고,4,False,False,False,,mfa_alignment_missing,alignment_and_analysis,D:\mfa_eojeol\r3\common_pron_mfa_r3_20260809\markers\ALIGN_DONE_2025.json
629,2025,SDRW2500001501.1.1.94,SDRW2500001501,3.5755,358,그렇게 해도 이게 쉽게 남 말만 듣고 안 되더라고,4,False,False,False,,mfa_alignment_missing,alignment_and_analysis,D:\mfa_eojeol\r3\common_pron_mfa_r3_20260809\markers\ALIGN_DONE_2025.json
630,2025,SDRW2500001501.1.1.95,SDRW2500001501,1.265187,127,그 결국은 이제,4,False,False,False,,mfa_alignment_missing,alignment_and_analysis,D:\mfa_eojeol\r3\common_pron_mfa_r3_20260809\markers\ALIGN_DONE_2025.json
631,2025,SDRW2500001501.1.1.97,SDRW2500001501,1.596375,160,지금 검사 결과,4,False,False,False,,mfa_alignment_missing,alignment_and_analysis,D:\mfa_eojeol\r3\common_pron_mfa_r3_20260809\markers\ALIGN_DONE_2025.json
632,2025,SDRW2500001501.1.1.98,SDRW2500001501,5.793563,579,허리 수술까지 하라고 그렇게 판정이 나와서 일단 수술하는 게 최후 마지막 보루니까,4,False,False,False,,mfa_alignment_missing,alignment_and_analysis,D:\mfa_eojeol\r3\common_pron_mfa_r3_20260809\markers\ALIGN_DONE_2025.json
633,2025,SDRW2500001501.1.1.99,SDRW2500001501,1.61575,162,일단 수술은 보류하자,4,False,False,False,,mfa_alignment_missing,alignment_and_analysis,D:\mfa_eojeol\r3\common_pron_mfa_r3_20260809\markers\ALIGN_DONE_2025.json
634,2025,SDRW2500001513.1.1.74,SDRW2500001513,3.625375,363,옷에 대해서 신경 쓰는 시간이 어느 정도 걸리세요,4,False,False,False,,mfa_alignment_missing,alignment_and_analysis,D:\mfa_eojeol\r3\common_pron_mfa_r3_20260809\markers\ALIGN_DONE_2025.json
635,2025,SDRW2500001513.1.1.83,SDRW2500001513,7.918563,792,오십 분이면 그 머리부터 발끝까지의 뭔가 어떤 부분들을 쫙 그 체크하고 뭐 일케 모니터링을 하시는 건가요,4,False,False,False,,mfa_alignment_missing,alignment_and_analysis,D:\mfa_eojeol\r3\common_pron_mfa_r3_20260809\markers\ALIGN_DONE_2025.json
636,2025,SDRW2500001514.1.1.105,SDRW2500001514,5.009,501,혹시 그러면 영화나 이런 거에서 내 인생 영화다 할 만한 거 있으세요,3,False,False,False,,mfa_alignment_missing,alignment_and_analysis,D:\mfa_eojeol\r3\common_pron_mfa_r3_20260809\markers\ALIGN_DONE_2025.json
637,2025,SDRW2500001514.1.1.128,SDRW2500001514,2.168938,217,그걸 보시기를 꼭 추천드릴게요,3,False,False,False,,mfa_alignment_missing,alignment_and_analysis,D:\mfa_eojeol\r3\common_pron_mfa_r3_20260809\markers\ALIGN_DONE_2025.json
638,2025,SDRW2500001514.1.1.28,SDRW2500001514,1.559937,156,네 맞습니다,3,False,False,False,,mfa_alignment_missing,alignment_and_analysis,D:\mfa_eojeol\r3\common_pron_mfa_r3_20260809\markers\ALIGN_DONE_2025.json
639,2025,SDRW2500001515.1.1.2,SDRW2500001515,6.823062,682,요새 뭐 그 물가 때문에 내 생활에서의 어떤 패턴이나 이런 게 변화된 게 있으신가요,4,False,False,False,,mfa_alignment_missing,alignment_and_analysis,D:\mfa_eojeol\r3\common_pron_mfa_r3_20260809\markers\ALIGN_DONE_2025.json
640,2025,SDRW2500001516.1.1.30,SDRW2500001516,2.678937,268,이제 우리는 잠을 자면 안 되는 거야,1,False,False,False,,mfa_alignment_missing,alignment_and_analysis,D:\mfa_eojeol\r3\common_pron_mfa_r3_20260809\markers\ALIGN_DONE_2025.json
641,2025,SDRW2500001520.1.1.133,SDRW2500001520,2.038875,204,음 음,4,False,False,False,,mfa_alignment_missing,alignment_and_analysis,D:\mfa_eojeol\r3\common_pron_mfa_r3_20260809\markers\ALIGN_DONE_2025.json
642,2025,SDRW2500001520.1.1.192,SDRW2500001520,2.378563,238,생각을 듣다 보니까 좀 그런 부분이 많은 거 같네요,4,False,False,False,,mfa_alignment_missing,alignment_and_analysis,D:\mfa_eojeol\r3\common_pron_mfa_r3_20260809\markers\ALIGN_DONE_2025.json
643,2025,SDRW2500001520.1.1.193,SDRW2500001520,1.212125,121,맞습니다,4,False,False,False,,mfa_alignment_missing,alignment_and_analysis,D:\mfa_eojeol\r3\common_pron_mfa_r3_20260809\markers\ALIGN_DONE_2025.json
644,2025,SDRW2500001520.1.1.210,SDRW2500001520,0.845688,85,예 예,4,False,False,False,,mfa_alignment_missing,alignment_and_analysis,D:\mfa_eojeol\r3\common_pron_mfa_r3_20260809\markers\ALIGN_DONE_2025.json
645,2025,SDRW2500001520.1.1.212,SDRW2500001520,1.48825,149,네 네,4,False,False,False,,mfa_alignment_missing,alignment_and_analysis,D:\mfa_eojeol\r3\common_pron_mfa_r3_20260809\markers\ALIGN_DONE_2025.json
646,2025,SDRW2500001522.1.1.68,SDRW2500001522,1.45275,145,어 네,4,False,False,False,,mfa_alignment_missing,alignment_and_analysis,D:\mfa_eojeol\r3\common_pron_mfa_r3_20260809\markers\ALIGN_DONE_2025.json
647,2025,SDRW2500001533.1.1.251,SDRW2500001533,3.395062,340,뭐 이건 가격이 좀 내려간 거 같다 뭐 요런 게 좀 있으신가요,1,False,False,False,,mfa_alignment_missing,alignment_and_analysis,D:\mfa_eojeol\r3\common_pron_mfa_r3_20260809\markers\ALIGN_DONE_2025.json
648,2025,SDRW2500001541.1.1.156,SDRW2500001541,2.735562,274,어 저는,3,False,False,False,,mfa_alignment_missing,alignment_and_analysis,D:\mfa_eojeol\r3\common_pron_mfa_r3_20260809\markers\ALIGN_DONE_2025.json
649,2025,SDRW2500001541.1.1.191,SDRW2500001541,1.603312,160,네 너무 신기해요,3,False,False,False,,mfa_alignment_missing,alignment_and_analysis,D:\mfa_eojeol\r3\common_pron_mfa_r3_20260809\markers\ALIGN_DONE_2025.json
650,2025,SDRW2500001541.1.1.198,SDRW2500001541,1.045375,105,맞아요,3,False,False,False,,mfa_alignment_missing,alignment_and_analysis,D:\mfa_eojeol\r3\common_pron_mfa_r3_20260809\markers\ALIGN_DONE_2025.json
651,2025,SDRW2500001541.1.1.96,SDRW2500001541,0.86875,87,네,3,False,False,False,,mfa_alignment_missing,alignment_and_analysis,D:\mfa_eojeol\r3\common_pron_mfa_r3_20260809\markers\ALIGN_DONE_2025.json
652,2025,SDRW2500001542.1.1.106,SDRW2500001542,1.581187,158,기후 동행 카드,3,False,False,False,,mfa_alignment_missing,alignment_and_analysis,D:\mfa_eojeol\r3\common_pron_mfa_r3_20260809\markers\ALIGN_DONE_2025.json
653,2025,SDRW2500001542.1.1.126,SDRW2500001542,1.211937,121,청년이,3,False,False,False,,mfa_alignment_missing,alignment_and_analysis,D:\mfa_eojeol\r3\common_pron_mfa_r3_20260809\markers\ALIGN_DONE_2025.json
654,2025,SDRW2500001556.1.1.20,SDRW2500001556,2.599875,260,앞으로 영화 산업은 어떻게 돼 갈 거 같나요,3,False,False,False,,mfa_alignment_missing,alignment_and_analysis,D:\mfa_eojeol\r3\common_pron_mfa_r3_20260809\markers\ALIGN_DONE_2025.json
655,2025,SDRW2500001558.1.1.33,SDRW2500001558,2.143438,214,몰라 엄마가 사다 준 거라,2,False,False,False,,mfa_alignment_missing,alignment_and_analysis,D:\mfa_eojeol\r3\common_pron_mfa_r3_20260809\markers\ALIGN_DONE_2025.json
656,2025,SDRW2500001559.1.1.209,SDRW2500001559,0.98725,99,안 봤지,2,False,False,False,,mfa_alignment_missing,alignment_and_analysis,D:\mfa_eojeol\r3\common_pron_mfa_r3_20260809\markers\ALIGN_DONE_2025.json
657,2025,SDRW2500001559.1.1.81,SDRW2500001559,0.925937,93,몰라,2,False,False,False,,mfa_alignment_missing,alignment_and_analysis,D:\mfa_eojeol\r3\common_pron_mfa_r3_20260809\markers\ALIGN_DONE_2025.json
658,2025,SDRW2500001567.1.1.38,SDRW2500001567,1.412062,141,주말에,1,False,False,False,,mfa_alignment_missing,alignment_and_analysis,D:\mfa_eojeol\r3\common_pron_mfa_r3_20260809\markers\ALIGN_DONE_2025.json
659,2025,SDRW2500001568.1.1.14,SDRW2500001568,2.253563,225,담임 선생님은,4,False,False,False,,mfa_alignment_missing,alignment_and_analysis,D:\mfa_eojeol\r3\common_pron_mfa_r3_20260809\markers\ALIGN_DONE_2025.json
660,2025,SDRW2500001568.1.1.231,SDRW2500001568,1.137375,114,아니,4,False,False,False,,mfa_alignment_missing,alignment_and_analysis,D:\mfa_eojeol\r3\common_pron_mfa_r3_20260809\markers\ALIGN_DONE_2025.json
661,2025,SDRW2500001608.1.1.23,SDRW2500001608,1.644375,164,재밌는 거 같아,1,False,False,False,,mfa_alignment_missing,alignment_and_analysis,D:\mfa_eojeol\r3\common_pron_mfa_r3_20260809\markers\ALIGN_DONE_2025.json
662,2025,SDRW2500001608.1.1.88,SDRW2500001608,5.504937,550,그래도 또 보면은 그런 거 있잖아 그러니까 마 이런 스타일로 그려 줘 저런 스타일로 그려 줘 했을 때 되게,1,False,False,False,,mfa_alignment_missing,alignment_and_analysis,D:\mfa_eojeol\r3\common_pron_mfa_r3_20260809\markers\ALIGN_DONE_2025.json
663,2025,SDRW2500001611.1.1.224,SDRW2500001611,4.80975,481,이러다 보니까 아무래도 전자기기 쪽에 그런 좀 후회했던 경험이 있었던 거 같네요,1,False,False,False,,mfa_alignment_missing,alignment_and_analysis,D:\mfa_eojeol\r3\common_pron_mfa_r3_20260809\markers\ALIGN_DONE_2025.json
664,2025,SDRW2500001644.1.1.156,SDRW2500001644,1.02175,102,청양,4,False,False,False,,mfa_alignment_missing,alignment_and_analysis,D:\mfa_eojeol\r3\common_pron_mfa_r3_20260809\markers\ALIGN_DONE_2025.json
665,2025,SDRW2500001647.1.1.79,SDRW2500001647,6.954625,695,이 배우가 왜 좋은지 왜 매력적인지 한번 간단하게 한 번만 말씀해 주시면 감사하겠습니다,4,False,False,False,,mfa_alignment_missing,alignment_and_analysis,D:\mfa_eojeol\r3\common_pron_mfa_r3_20260809\markers\ALIGN_DONE_2025.json
666,2025,SDRW2500001680.1.1.10,SDRW2500001680,1.102562,110,흑점,3,False,False,False,,mfa_alignment_missing,alignment_and_analysis,D:\mfa_eojeol\r3\common_pron_mfa_r3_20260809\markers\ALIGN_DONE_2025.json
667,2025,SDRW2500001688.1.1.20,SDRW2500001688,1.26575,127,맞아,2,False,False,False,,mfa_alignment_missing,alignment_and_analysis,D:\mfa_eojeol\r3\common_pron_mfa_r3_20260809\markers\ALIGN_DONE_2025.json
668,2025,SDRW2500001688.1.1.53,SDRW2500001688,2.311812,231,유명해지고 있는 거 같아,2,False,False,False,,mfa_alignment_missing,alignment_and_analysis,D:\mfa_eojeol\r3\common_pron_mfa_r3_20260809\markers\ALIGN_DONE_2025.json
669,2025,SDRW2500001688.1.1.58,SDRW2500001688,1.263125,126,너는,2,False,False,False,,mfa_alignment_missing,alignment_and_analysis,D:\mfa_eojeol\r3\common_pron_mfa_r3_20260809\markers\ALIGN_DONE_2025.json
670,2025,SDRW2500001693.1.1.163,SDRW2500001693,0.925562,93,응,4,False,False,False,,mfa_alignment_missing,alignment_and_analysis,D:\mfa_eojeol\r3\common_pron_mfa_r3_20260809\markers\ALIGN_DONE_2025.json
671,2025,SDRW2500001694.1.1.169,SDRW2500001694,1.094062,109,아니,1,False,False,False,,mfa_alignment_missing,alignment_and_analysis,D:\mfa_eojeol\r3\common_pron_mfa_r3_20260809\markers\ALIGN_DONE_2025.json
672,2025,SDRW2500001694.1.1.97,SDRW2500001694,6.891687,689,근데 몬스테라라는 식물을 줬는데 그게 잘 자라고 그랬었던 거 같아,1,False,False,False,,mfa_alignment_missing,alignment_and_analysis,D:\mfa_eojeol\r3\common_pron_mfa_r3_20260809\markers\ALIGN_DONE_2025.json
673,2025,SDRW2500001695.1.1.140,SDRW2500001695,0.792375,79,너는,4,False,False,False,,mfa_alignment_missing,alignment_and_analysis,D:\mfa_eojeol\r3\common_pron_mfa_r3_20260809\markers\ALIGN_DONE_2025.json
674,2025,SDRW2500001695.1.1.52,SDRW2500001695,7.283625,728,나는 세대 간 소통을 더 원활하게 하기 위해서는 그냥,4,False,False,False,,mfa_alignment_missing,alignment_and_analysis,D:\mfa_eojeol\r3\common_pron_mfa_r3_20260809\markers\ALIGN_DONE_2025.json
675,2025,SDRW2500001708.1.1.172,SDRW2500001708,2.901813,290,옷 뭐 가서 사 인터넷 사 어떻게 해,1,False,False,False,,mfa_alignment_missing,alignment_and_analysis,D:\mfa_eojeol\r3\common_pron_mfa_r3_20260809\markers\ALIGN_DONE_2025.json
676,2025,SDRW2500001708.1.1.231,SDRW2500001708,2.178688,218,난 솔직히 잘 모르겠거든,1,False,False,False,,mfa_alignment_missing,alignment_and_analysis,D:\mfa_eojeol\r3\common_pron_mfa_r3_20260809\markers\ALIGN_DONE_2025.json
677,2025,SDRW2500001710.1.1.36,SDRW2500001710,1.891375,189,먹는 거까지 다 포함해서,2,False,False,False,,mfa_alignment_missing,alignment_and_analysis,D:\mfa_eojeol\r3\common_pron_mfa_r3_20260809\markers\ALIGN_DONE_2025.json
678,2025,SDRW2500001717.1.1.109,SDRW2500001717,0.741375,74,네,3,False,False,False,,mfa_alignment_missing,alignment_and_analysis,D:\mfa_eojeol\r3\common_pron_mfa_r3_20260809\markers\ALIGN_DONE_2025.json
679,2025,SDRW2500001717.1.1.113,SDRW2500001717,3.658125,366,어떤 점에서 추천해 주고 싶은지 혹시 네,3,False,False,False,,mfa_alignment_missing,alignment_and_analysis,D:\mfa_eojeol\r3\common_pron_mfa_r3_20260809\markers\ALIGN_DONE_2025.json
680,2025,SDRW2500001717.1.1.115,SDRW2500001717,0.841812,84,네,3,False,False,False,,mfa_alignment_missing,alignment_and_analysis,D:\mfa_eojeol\r3\common_pron_mfa_r3_20260809\markers\ALIGN_DONE_2025.json
681,2025,SDRW2500001717.1.1.127,SDRW2500001717,6.175937,618,굉장히 재밌게 봤던 그래서 옆에서 보면서 네 그런 기억이 났습 나네요,3,False,False,False,,mfa_alignment_missing,alignment_and_analysis,D:\mfa_eojeol\r3\common_pron_mfa_r3_20260809\markers\ALIGN_DONE_2025.json
682,2025,SDRW2500001717.1.1.142,SDRW2500001717,2.600938,260,했었던 음 그런 기억이 나네요,3,False,False,False,,mfa_alignment_missing,alignment_and_analysis,D:\mfa_eojeol\r3\common_pron_mfa_r3_20260809\markers\ALIGN_DONE_2025.json
683,2025,SDRW2500001717.1.1.83,SDRW2500001717,0.703875,70,네,3,False,False,False,,mfa_alignment_missing,alignment_and_analysis,D:\mfa_eojeol\r3\common_pron_mfa_r3_20260809\markers\ALIGN_DONE_2025.json
684,2025,SDRW2500001717.1.1.98,SDRW2500001717,0.685562,69,네,3,False,False,False,,mfa_alignment_missing,alignment_and_analysis,D:\mfa_eojeol\r3\common_pron_mfa_r3_20260809\markers\ALIGN_DONE_2025.json
685,2025,SDRW2500001718.1.1.134,SDRW2500001718,1.7575,176,가족들은 뭐래요,2,False,False,False,,mfa_alignment_missing,alignment_and_analysis,D:\mfa_eojeol\r3\common_pron_mfa_r3_20260809\markers\ALIGN_DONE_2025.json
686,2025,SDRW2500001718.1.1.303,SDRW2500001718,0.900312,90,그러면,2,False,False,False,,mfa_alignment_missing,alignment_and_analysis,D:\mfa_eojeol\r3\common_pron_mfa_r3_20260809\markers\ALIGN_DONE_2025.json
687,2025,SDRW2500001742.1.1.135,SDRW2500001742,6.415687,642,외출했다 돌아오면 이 즈 손 씻는 습관은 생활이 돼 있어서 그런 부분은 나는 그것도 좋다고 생각,3,False,False,False,,mfa_alignment_missing,alignment_and_analysis,D:\mfa_eojeol\r3\common_pron_mfa_r3_20260809\markers\ALIGN_DONE_2025.json
688,2025,SDRW2500001745.1.1.153,SDRW2500001745,1.242563,124,쿠쿠,1,False,False,False,,mfa_alignment_missing,alignment_and_analysis,D:\mfa_eojeol\r3\common_pron_mfa_r3_20260809\markers\ALIGN_DONE_2025.json
689,2025,SDRW2500001762.1.1.114,SDRW2500001762,1.250438,125,모르지,1,False,False,False,,mfa_alignment_missing,alignment_and_analysis,D:\mfa_eojeol\r3\common_pron_mfa_r3_20260809\markers\ALIGN_DONE_2025.json
690,2025,SDRW2500001762.1.1.88,SDRW2500001762,1.262312,126,너는,1,False,False,False,,mfa_alignment_missing,alignment_and_analysis,D:\mfa_eojeol\r3\common_pron_mfa_r3_20260809\markers\ALIGN_DONE_2025.json
691,2025,SDRW2500001767.1.1.134,SDRW2500001767,1.029813,103,네,3,False,False,False,,mfa_alignment_missing,alignment_and_analysis,D:\mfa_eojeol\r3\common_pron_mfa_r3_20260809\markers\ALIGN_DONE_2025.json
692,2025,SDRW2500001776.1.1.106,SDRW2500001776,0.913937,91,이거는,3,False,False,False,,mfa_alignment_missing,alignment_and_analysis,D:\mfa_eojeol\r3\common_pron_mfa_r3_20260809\markers\ALIGN_DONE_2025.json
693,2025,SDRW2500001776.1.1.144,SDRW2500001776,0.734812,73,왜,3,False,False,False,,mfa_alignment_missing,alignment_and_analysis,D:\mfa_eojeol\r3\common_pron_mfa_r3_20260809\markers\ALIGN_DONE_2025.json
694,2025,SDRW2500001776.1.1.232,SDRW2500001776,5.066687,507,그 정도는 이십 대 때 그 정도는 이지 이지 그 정도는,3,False,False,False,,mfa_alignment_missing,alignment_and_analysis,D:\mfa_eojeol\r3\common_pron_mfa_r3_20260809\markers\ALIGN_DONE_2025.json
695,2025,SDRW2500001787.1.1.12,SDRW2500001787,3.935938,394,우리 흔히 얘기해서 직장이 그런 쪽이다 보니까 다양한 음식들을 접할 수가 있어요,1,False,False,False,,mfa_alignment_missing,alignment_and_analysis,D:\mfa_eojeol\r3\common_pron_mfa_r3_20260809\markers\ALIGN_DONE_2025.json
696,2025,SDRW2500001861.1.1.27,SDRW2500001861,3.263313,326,영화 프로그램이란 게 어떤 느낌 말씀하시는 걸까요,1,False,False,False,,mfa_alignment_missing,alignment_and_analysis,D:\mfa_eojeol\r3\common_pron_mfa_r3_20260809\markers\ALIGN_DONE_2025.json
697,2025,SDRW2500001861.1.1.59,SDRW2500001861,3.355812,336,어제 같은 경우에는 타짜를 오랜만에 다시 봤는데 너무 재밌더라고요,1,False,False,False,,mfa_alignment_missing,alignment_and_analysis,D:\mfa_eojeol\r3\common_pron_mfa_r3_20260809\markers\ALIGN_DONE_2025.json
698,2025,SDRW2500001864.1.1.207,SDRW2500001864,1.118562,112,많지,2,False,False,False,,mfa_alignment_missing,alignment_and_analysis,D:\mfa_eojeol\r3\common_pron_mfa_r3_20260809\markers\ALIGN_DONE_2025.json
699,2025,SDRW2500001891.1.1.80,SDRW2500001891,6.819937,682,맞아 그거 인스타에서 되게 인생 영화 추천하면서 많이 떠서 봤던 거 같아,4,False,False,False,,mfa_alignment_missing,alignment_and_analysis,D:\mfa_eojeol\r3\common_pron_mfa_r3_20260809\markers\ALIGN_DONE_2025.json
700,2025,SDRW2500001892.1.1.35,SDRW2500001892,1.344937,134,있지,2,False,False,False,,mfa_alignment_missing,alignment_and_analysis,D:\mfa_eojeol\r3\common_pron_mfa_r3_20260809\markers\ALIGN_DONE_2025.json
701,2025,SDRW2500001895.1.1.196,SDRW2500001895,1.093625,109,그렇지,2,False,False,False,,mfa_alignment_missing,alignment_and_analysis,D:\mfa_eojeol\r3\common_pron_mfa_r3_20260809\markers\ALIGN_DONE_2025.json
702,2025,SDRW2500001895.1.1.200,SDRW2500001895,1.391125,139,음 그렇지,2,False,False,False,,mfa_alignment_missing,alignment_and_analysis,D:\mfa_eojeol\r3\common_pron_mfa_r3_20260809\markers\ALIGN_DONE_2025.json
703,2025,SDRW2500001899.1.1.11,SDRW2500001899,0.8745,87,네,3,False,False,False,,mfa_alignment_missing,alignment_and_analysis,D:\mfa_eojeol\r3\common_pron_mfa_r3_20260809\markers\ALIGN_DONE_2025.json
704,2025,SDRW2500001899.1.1.133,SDRW2500001899,1.085938,109,네,3,False,False,False,,mfa_alignment_missing,alignment_and_analysis,D:\mfa_eojeol\r3\common_pron_mfa_r3_20260809\markers\ALIGN_DONE_2025.json
705,2025,SDRW2500001899.1.1.97,SDRW2500001899,2.279625,228,그리고 음,3,False,False,False,,mfa_alignment_missing,alignment_and_analysis,D:\mfa_eojeol\r3\common_pron_mfa_r3_20260809\markers\ALIGN_DONE_2025.json
706,2025,SDRW2500001900.1.1.21,SDRW2500001900,0.863625,86,네,3,False,False,False,,mfa_alignment_missing,alignment_and_analysis,D:\mfa_eojeol\r3\common_pron_mfa_r3_20260809\markers\ALIGN_DONE_2025.json
707,2025,SDRW2500001905.1.1.12,SDRW2500001905,0.946313,95,네,4,False,False,False,,mfa_alignment_missing,alignment_and_analysis,D:\mfa_eojeol\r3\common_pron_mfa_r3_20260809\markers\ALIGN_DONE_2025.json
708,2025,SDRW2500001905.1.1.179,SDRW2500001905,0.870125,87,네,4,False,False,False,,mfa_alignment_missing,alignment_and_analysis,D:\mfa_eojeol\r3\common_pron_mfa_r3_20260809\markers\ALIGN_DONE_2025.json
709,2025,SDRW2500001906.1.1.63,SDRW2500001906,7.653313,765,아 그 저도 봤어요 그 뭐 바람으로 이용해서 날아다니는 그런 거 보긴 했습니다,4,False,False,False,,mfa_alignment_missing,alignment_and_analysis,D:\mfa_eojeol\r3\common_pron_mfa_r3_20260809\markers\ALIGN_DONE_2025.json
710,2025,SDRW2500001906.1.1.64,SDRW2500001906,0.9255,93,음,4,False,False,False,,mfa_alignment_missing,alignment_and_analysis,D:\mfa_eojeol\r3\common_pron_mfa_r3_20260809\markers\ALIGN_DONE_2025.json
711,2025,SDRW2500001906.1.1.82,SDRW2500001906,3.110063,311,일상생활에서 달라진 점은,4,False,False,False,,mfa_alignment_missing,alignment_and_analysis,D:\mfa_eojeol\r3\common_pron_mfa_r3_20260809\markers\ALIGN_DONE_2025.json
712,2025,SDRW2500001907.1.1.100,SDRW2500001907,0.889062,89,응,4,False,False,False,,mfa_alignment_missing,alignment_and_analysis,D:\mfa_eojeol\r3\common_pron_mfa_r3_20260809\markers\ALIGN_DONE_2025.json
713,2025,SDRW2500001944.1.1.14,SDRW2500001944,2.95775,296,어떤 기회가 있어서 이제 마트에 가게 되면은 또 어 거기서 또 이 고르는 재미나 그런 것들이 있더라고요 그래서,3,False,False,False,,mfa_alignment_missing,alignment_and_analysis,D:\mfa_eojeol\r3\common_pron_mfa_r3_20260809\markers\ALIGN_DONE_2025.json
714,2025,SDRW2500001982.1.1.12,SDRW2500001982,1.280938,128,너는 어떤 거 같아,1,False,False,False,,mfa_alignment_missing,alignment_and_analysis,D:\mfa_eojeol\r3\common_pron_mfa_r3_20260809\markers\ALIGN_DONE_2025.json
715,2025,SDRW2500001982.1.1.204,SDRW2500001982,1.014125,101,근데 나는,1,False,False,False,,mfa_alignment_missing,alignment_and_analysis,D:\mfa_eojeol\r3\common_pron_mfa_r3_20260809\markers\ALIGN_DONE_2025.json
716,2025,SDRW2500001984.1.1.127,SDRW2500001984,0.956937,96,음,2,False,False,False,,mfa_alignment_missing,alignment_and_analysis,D:\mfa_eojeol\r3\common_pron_mfa_r3_20260809\markers\ALIGN_DONE_2025.json
717,2025,SDRW2500001989.1.1.213,SDRW2500001989,3.975812,398,자신의 시간 취미 생활 이런 거를 투자하는 데 더 행복감을 느끼는 거라고 생각을 해서,1,False,False,False,,mfa_alignment_missing,alignment_and_analysis,D:\mfa_eojeol\r3\common_pron_mfa_r3_20260809\markers\ALIGN_DONE_2025.json
718,2025,SDRW2500002076.1.1.199,SDRW2500002076,6.45675,646,그런 추석이나 설날에 큰 돈을 받을 때마다 이제 몇 십만 원씩은 무조건 저축하는 편이야,1,False,False,False,,mfa_alignment_missing,alignment_and_analysis,D:\mfa_eojeol\r3\common_pron_mfa_r3_20260809\markers\ALIGN_DONE_2025.json
719,2025,SDRW2500002124.1.1.120,SDRW2500002124,10.835187,1084,근데 또 이제 돗자리를 펴 놓고 있는데 드론이 이렇게 머리 위로 바로 와 가지고 음식을 바로 배달해 준다면 소비자도 편할 거 같고 그 배달 그것도 하기 좋을 거 같은데,4,False,False,False,,mfa_alignment_missing,alignment_and_analysis,D:\mfa_eojeol\r3\common_pron_mfa_r3_20260809\markers\ALIGN_DONE_2025.json
720,2025,SDRW2500002142.1.1.15,SDRW2500002142,8.577563,858,화가 났는데 그래도 한 다음에 배 까 뒤집은 다음에 꼬리 살랑살랑 흔들면서 만져 달라고 하면은 또 귀여워 가지고 참고 그래 가지고 그랬던 기억이 있어,2,False,False,False,,mfa_alignment_missing,alignment_and_analysis,D:\mfa_eojeol\r3\common_pron_mfa_r3_20260809\markers\ALIGN_DONE_2025.json
721,2025,SDRW2500002279.1.1.6,SDRW2500002279,3.343313,334,편한 거 같아 일단은 편해서 나는 응 맛도 맛이지만,2,False,False,False,,mfa_alignment_missing,alignment_and_analysis,D:\mfa_eojeol\r3\common_pron_mfa_r3_20260809\markers\ALIGN_DONE_2025.json
722,2025,SDRW2500002279.1.1.7,SDRW2500002279,5.030062,503,편해서 시간도 단축되고 해서 그런 것들이 음 좋아하는 거 같아,2,False,False,False,,mfa_alignment_missing,alignment_and_analysis,D:\mfa_eojeol\r3\common_pron_mfa_r3_20260809\markers\ALIGN_DONE_2025.json
723,2025,SDRW2500002305.1.1.1,SDRW2500002305,4.433313,443,아니 그래 가지고 내가 어제 몸에 안 좋은데 너무 맛있는 걸 먹었어,4,False,False,False,,mfa_alignment_missing,alignment_and_analysis,D:\mfa_eojeol\r3\common_pron_mfa_r3_20260809\markers\ALIGN_DONE_2025.json
724,2025,SDRW2500002305.1.1.101,SDRW2500002305,2.387563,239,아니 그러니까 탑동이라도 해 말아,4,False,False,False,,mfa_alignment_missing,alignment_and_analysis,D:\mfa_eojeol\r3\common_pron_mfa_r3_20260809\markers\ALIGN_DONE_2025.json
725,2025,SDRW2500002305.1.1.103,SDRW2500002305,0.9705,97,할까 말까,4,False,False,False,,mfa_alignment_missing,alignment_and_analysis,D:\mfa_eojeol\r3\common_pron_mfa_r3_20260809\markers\ALIGN_DONE_2025.json
726,2025,SDRW2500002305.1.1.104,SDRW2500002305,6.34625,635,아 진짜 한 시간은 못 해 왜냐면 내가 한 시간을 해 아침에 해안 거기를,4,False,False,False,,mfa_alignment_missing,alignment_and_analysis,D:\mfa_eojeol\r3\common_pron_mfa_r3_20260809\markers\ALIGN_DONE_2025.json
727,2025,SDRW2500002305.1.1.108,SDRW2500002305,1.834313,183,그 우레탄 길만 간다는 거지,4,False,False,False,,mfa_alignment_missing,alignment_and_analysis,D:\mfa_eojeol\r3\common_pron_mfa_r3_20260809\markers\ALIGN_DONE_2025.json
728,2025,SDRW2500002305.1.1.11,SDRW2500002305,0.975063,98,빠빠라기,4,False,False,False,,mfa_alignment_missing,alignment_and_analysis,D:\mfa_eojeol\r3\common_pron_mfa_r3_20260809\markers\ALIGN_DONE_2025.json
729,2025,SDRW2500002305.1.1.117,SDRW2500002305,2.051,205,아니 나도 그렇겐 안 달려,4,False,False,False,,mfa_alignment_missing,alignment_and_analysis,D:\mfa_eojeol\r3\common_pron_mfa_r3_20260809\markers\ALIGN_DONE_2025.json
730,2025,SDRW2500002305.1.1.12,SDRW2500002305,0.79925,80,그게 뭐야,4,False,False,False,,mfa_alignment_missing,alignment_and_analysis,D:\mfa_eojeol\r3\common_pron_mfa_r3_20260809\markers\ALIGN_DONE_2025.json
731,2025,SDRW2500002305.1.1.125,SDRW2500002305,0.904563,90,아니야,4,False,False,False,,mfa_alignment_missing,alignment_and_analysis,D:\mfa_eojeol\r3\common_pron_mfa_r3_20260809\markers\ALIGN_DONE_2025.json
732,2025,SDRW2500002305.1.1.135,SDRW2500002305,2.182562,218,우선 그 뭐지,4,False,False,False,,mfa_alignment_missing,alignment_and_analysis,D:\mfa_eojeol\r3\common_pron_mfa_r3_20260809\markers\ALIGN_DONE_2025.json
733,2025,SDRW2500002305.1.1.138,SDRW2500002305,5.769188,577,나 그래서 뛸 수 있을 때 최대한 아침에 뛰는 걸 하고 그 나는 스트레칭하니까 집에 와서,4,False,False,False,,mfa_alignment_missing,alignment_and_analysis,D:\mfa_eojeol\r3\common_pron_mfa_r3_20260809\markers\ALIGN_DONE_2025.json
734,2025,SDRW2500002305.1.1.139,SDRW2500002305,6.56225,656,그것까지 하고 그다음에 십일월부터 다시 헬스장을 끊던지 아니면 홈트를 하던지,4,False,False,False,,mfa_alignment_missing,alignment_and_analysis,D:\mfa_eojeol\r3\common_pron_mfa_r3_20260809\markers\ALIGN_DONE_2025.json
735,2025,SDRW2500002305.1.1.14,SDRW2500002305,3.405625,341,아 그 뭐야 그냥 달라 제주도 음식이라 달라,4,False,False,False,,mfa_alignment_missing,alignment_and_analysis,D:\mfa_eojeol\r3\common_pron_mfa_r3_20260809\markers\ALIGN_DONE_2025.json
736,2025,SDRW2500002305.1.1.140,SDRW2500002305,5.141312,514,이제 깨백수가 되기 때문에 온몸 맨몸으로 운동해야 돼,4,False,False,False,,mfa_alignment_missing,alignment_and_analysis,D:\mfa_eojeol\r3\common_pron_mfa_r3_20260809\markers\ALIGN_DONE_2025.json
737,2025,SDRW2500002305.1.1.143,SDRW2500002305,3.515938,352,행사하는 거 지켜보다가 싸지면 해야지,4,False,False,False,,mfa_alignment_missing,alignment_and_analysis,D:\mfa_eojeol\r3\common_pron_mfa_r3_20260809\markers\ALIGN_DONE_2025.json
738,2025,SDRW2500002305.1.1.149,SDRW2500002305,3.150437,315,까 그 구 개월에 오십구만 원이면 또,4,False,False,False,,mfa_alignment_missing,alignment_and_analysis,D:\mfa_eojeol\r3\common_pron_mfa_r3_20260809\markers\ALIGN_DONE_2025.json
739,2025,SDRW2500002305.1.1.150,SDRW2500002305,6.375375,638,근데 그게 나 결국은 꾀가 나 가지고 계속 그 뭐냐 계속 근력을 안 해,4,False,False,False,,mfa_alignment_missing,alignment_and_analysis,D:\mfa_eojeol\r3\common_pron_mfa_r3_20260809\markers\ALIGN_DONE_2025.json
740,2025,SDRW2500002305.1.1.157,SDRW2500002305,3.580687,358,그래 가지고 웬만하면 돈을 아껴야겠다,4,False,False,False,,mfa_alignment_missing,alignment_and_analysis,D:\mfa_eojeol\r3\common_pron_mfa_r3_20260809\markers\ALIGN_DONE_2025.json
741,2025,SDRW2500002305.1.1.162,SDRW2500002305,4.6215,462,야 너희 집에서 시청이랑 일하는 데서 시청이랑 다 애매해,4,False,False,False,,mfa_alignment_missing,alignment_and_analysis,D:\mfa_eojeol\r3\common_pron_mfa_r3_20260809\markers\ALIGN_DONE_2025.json
742,2025,SDRW2500002305.1.1.163,SDRW2500002305,3.424937,342,뭐라도 코 앞에 하나 있어야지 아니야 차라리 그,4,False,False,False,,mfa_alignment_missing,alignment_and_analysis,D:\mfa_eojeol\r3\common_pron_mfa_r3_20260809\markers\ALIGN_DONE_2025.json
743,2025,SDRW2500002305.1.1.168,SDRW2500002305,4.091563,409,하여튼 하나라도 가까워라 또 기부하러 가지 말고,4,False,False,False,,mfa_alignment_missing,alignment_and_analysis,D:\mfa_eojeol\r3\common_pron_mfa_r3_20260809\markers\ALIGN_DONE_2025.json
744,2025,SDRW2500002305.1.1.170,SDRW2500002305,4.488437,449,야 올리브오일이 한 스푼에 백 키로칼로리나 되는 거 너 알았냐,4,False,False,False,,mfa_alignment_missing,alignment_and_analysis,D:\mfa_eojeol\r3\common_pron_mfa_r3_20260809\markers\ALIGN_DONE_2025.json
745,2025,SDRW2500002305.1.1.174,SDRW2500002305,4.546812,455,아 그래도 한 스푼에 백 키로칼로리는 거 아니야 그 공깃밥 반 공기야,4,False,False,False,,mfa_alignment_missing,alignment_and_analysis,D:\mfa_eojeol\r3\common_pron_mfa_r3_20260809\markers\ALIGN_DONE_2025.json
746,2025,SDRW2500002305.1.1.178,SDRW2500002305,4.014,401,샐러드 먹을 때 또 올리브오일에 레몬 넣고 그러면 겹쳐,4,False,False,False,,mfa_alignment_missing,alignment_and_analysis,D:\mfa_eojeol\r3\common_pron_mfa_r3_20260809\markers\ALIGN_DONE_2025.json
747,2025,SDRW2500002305.1.1.18,SDRW2500002305,2.827875,283,그냥 캔 옥수수 저 캔 과일 들어간 거지,4,False,False,False,,mfa_alignment_missing,alignment_and_analysis,D:\mfa_eojeol\r3\common_pron_mfa_r3_20260809\markers\ALIGN_DONE_2025.json
748,2025,SDRW2500002305.1.1.183,SDRW2500002305,4.429938,443,일 번 미온수 유산균 그다음이 올레샷 아니야 소금물,4,False,False,False,,mfa_alignment_missing,alignment_and_analysis,D:\mfa_eojeol\r3\common_pron_mfa_r3_20260809\markers\ALIGN_DONE_2025.json
749,2025,SDRW2500002305.1.1.197,SDRW2500002305,5.502875,550,아 근데 나는 원래 나 뭐 항산화 오메가 어쩌고 해 가지고 들기름 먹었었잖아,4,False,False,False,,mfa_alignment_missing,alignment_and_analysis,D:\mfa_eojeol\r3\common_pron_mfa_r3_20260809\markers\ALIGN_DONE_2025.json
750,2025,SDRW2500002305.1.1.198,SDRW2500002305,3.032313,303,나 올레샷으로 바꾸면서 들기름을 안 먹는 거거든,4,False,False,False,,mfa_alignment_missing,alignment_and_analysis,D:\mfa_eojeol\r3\common_pron_mfa_r3_20260809\markers\ALIGN_DONE_2025.json
751,2025,SDRW2500002305.1.1.199,SDRW2500002305,6.8305,683,근데 나 뭐 그게 안색이 바뀌었다든 뭐 그 왜 그르 오메가 먹는 이유가 그런 거 있지 않나 그런 거 잘 모르겠어,4,False,False,False,,mfa_alignment_missing,alignment_and_analysis,D:\mfa_eojeol\r3\common_pron_mfa_r3_20260809\markers\ALIGN_DONE_2025.json
752,2025,SDRW2500002305.1.1.207,SDRW2500002305,2.731375,273,근데 나 솔직히 말하면 화장실,4,False,False,False,,mfa_alignment_missing,alignment_and_analysis,D:\mfa_eojeol\r3\common_pron_mfa_r3_20260809\markers\ALIGN_DONE_2025.json
753,2025,SDRW2500002305.1.1.209,SDRW2500002305,1.670125,167,되게 잘 가진 않아,4,False,False,False,,mfa_alignment_missing,alignment_and_analysis,D:\mfa_eojeol\r3\common_pron_mfa_r3_20260809\markers\ALIGN_DONE_2025.json
754,2025,SDRW2500002305.1.1.212,SDRW2500002305,9.2565,926,나 그래서 내 지금 신진대사율이랑 다 다 어떻게 체크업해 보고 싶어 왜냐하면 나 있잖아 먹는 양이랑 운동하는 거에 비해 뱃살 지방은 진짜 안 빠져,4,False,False,False,,mfa_alignment_missing,alignment_and_analysis,D:\mfa_eojeol\r3\common_pron_mfa_r3_20260809\markers\ALIGN_DONE_2025.json
755,2025,SDRW2500002305.1.1.213,SDRW2500002305,5.576125,558,어디 가서 뱃살 지방 땜에 걱정된다고 하기에는 정상 범위 안인데,4,False,False,False,,mfa_alignment_missing,alignment_and_analysis,D:\mfa_eojeol\r3\common_pron_mfa_r3_20260809\markers\ALIGN_DONE_2025.json
756,2025,SDRW2500002305.1.1.214,SDRW2500002305,3.339187,334,내가 신경 쓰는 거 치고는 줄지 않았어,4,False,False,False,,mfa_alignment_missing,alignment_and_analysis,D:\mfa_eojeol\r3\common_pron_mfa_r3_20260809\markers\ALIGN_DONE_2025.json
757,2025,SDRW2500002305.1.1.215,SDRW2500002305,8.697625,870,근데 또 그렇게 치면 인제 술 먹지 마라 나오면 인제 할 말 없어지면서 아마 그 당인가 당이 문젠가 약간 이렇긴 한데,4,False,False,False,,mfa_alignment_missing,alignment_and_analysis,D:\mfa_eojeol\r3\common_pron_mfa_r3_20260809\markers\ALIGN_DONE_2025.json
758,2025,SDRW2500002305.1.1.220,SDRW2500002305,3.393813,339,근데 당을 진짜 안 먹 나 밥을,4,False,False,False,,mfa_alignment_missing,alignment_and_analysis,D:\mfa_eojeol\r3\common_pron_mfa_r3_20260809\markers\ALIGN_DONE_2025.json
759,2025,SDRW2500002305.1.1.223,SDRW2500002305,3.81425,381,근데 양념에 다 당이 들어가 있는 게 문제고,4,False,False,False,,mfa_alignment_missing,alignment_and_analysis,D:\mfa_eojeol\r3\common_pron_mfa_r3_20260809\markers\ALIGN_DONE_2025.json
760,2025,SDRW2500002305.1.1.226,SDRW2500002305,2.16,216,아무튼 그렇다,4,False,False,False,,mfa_alignment_missing,alignment_and_analysis,D:\mfa_eojeol\r3\common_pron_mfa_r3_20260809\markers\ALIGN_DONE_2025.json
761,2025,SDRW2500002305.1.1.227,SDRW2500002305,3.533937,353,다이어트를 영원히 하고 있는데 영원히 짜증 난다 내가 봤을 때,4,False,False,False,,mfa_alignment_missing,alignment_and_analysis,D:\mfa_eojeol\r3\common_pron_mfa_r3_20260809\markers\ALIGN_DONE_2025.json
762,2025,SDRW2500002305.1.1.228,SDRW2500002305,5.101687,510,진짜 싹센다 빡세게 했을 때밖에는 살이 확 빠진 게 없는 거 같아,4,False,False,False,,mfa_alignment_missing,alignment_and_analysis,D:\mfa_eojeol\r3\common_pron_mfa_r3_20260809\markers\ALIGN_DONE_2025.json
763,2025,SDRW2500002305.1.1.231,SDRW2500002305,4.732812,473,아니야 근데 지끔 한 일에서 이 키로 정도가 야금야금 올라와서,4,False,False,False,,mfa_alignment_missing,alignment_and_analysis,D:\mfa_eojeol\r3\common_pron_mfa_r3_20260809\markers\ALIGN_DONE_2025.json
764,2025,SDRW2500002305.1.1.233,SDRW2500002305,3.820875,382,여기서 쪼끔씩 또 쪼끔씩 늘어나면 이게 인제,4,False,False,False,,mfa_alignment_missing,alignment_and_analysis,D:\mfa_eojeol\r3\common_pron_mfa_r3_20260809\markers\ALIGN_DONE_2025.json
765,2025,SDRW2500002305.1.1.235,SDRW2500002305,6.102563,610,서 이번 구월 안에 다시 오십이까지 내려가야지 그래도 유지라고 할 수 있으 거 같고,4,False,False,False,,mfa_alignment_missing,alignment_and_analysis,D:\mfa_eojeol\r3\common_pron_mfa_r3_20260809\markers\ALIGN_DONE_2025.json
766,2025,SDRW2500002305.1.1.236,SDRW2500002305,3.364813,336,여기서 잘못하면 다시 요단강 건너는 거야,4,False,False,False,,mfa_alignment_missing,alignment_and_analysis,D:\mfa_eojeol\r3\common_pron_mfa_r3_20260809\markers\ALIGN_DONE_2025.json
767,2025,SDRW2500002305.1.1.239,SDRW2500002305,4.51625,452,아까 봐 봐 올리브오일 한 숟갈이 백 키로칼로리랬잖아,4,False,False,False,,mfa_alignment_missing,alignment_and_analysis,D:\mfa_eojeol\r3\common_pron_mfa_r3_20260809\markers\ALIGN_DONE_2025.json
768,2025,SDRW2500002305.1.1.240,SDRW2500002305,3.542,354,근데 내가 겁나 아침에 한 시간 달리잖아,4,False,False,False,,mfa_alignment_missing,alignment_and_analysis,D:\mfa_eojeol\r3\common_pron_mfa_r3_20260809\markers\ALIGN_DONE_2025.json
769,2025,SDRW2500002305.1.1.242,SDRW2500002305,4.157813,416,올리브오일 한 모금 먹는 데는 일 초가 안 걸려,4,False,False,False,,mfa_alignment_missing,alignment_and_analysis,D:\mfa_eojeol\r3\common_pron_mfa_r3_20260809\markers\ALIGN_DONE_2025.json
770,2025,SDRW2500002305.1.1.244,SDRW2500002305,2.81525,282,근데 운동은 한 시간 했는데 삼백 칼로리야,4,False,False,False,,mfa_alignment_missing,alignment_and_analysis,D:\mfa_eojeol\r3\common_pron_mfa_r3_20260809\markers\ALIGN_DONE_2025.json
771,2025,SDRW2500002305.1.1.245,SDRW2500002305,3.815875,382,아예 처음부터 수지 타산이 안 맞는 게 다이어트인 거야,4,False,False,False,,mfa_alignment_missing,alignment_and_analysis,D:\mfa_eojeol\r3\common_pron_mfa_r3_20260809\markers\ALIGN_DONE_2025.json
772,2025,SDRW2500002305.1.1.247,SDRW2500002305,3.114313,311,근데 그걸 내가 지금 이 고생을 내가 왜 해야 되는지 모르겠어,4,False,False,False,,mfa_alignment_missing,alignment_and_analysis,D:\mfa_eojeol\r3\common_pron_mfa_r3_20260809\markers\ALIGN_DONE_2025.json
773,2025,SDRW2500002305.1.1.248,SDRW2500002305,5.918812,592,그래 가지고 내가 요즘에 그거 다시 칼로리 그것 땜에 파스타 뭐 그거 있어 카카오에서 만든 거,4,False,False,False,,mfa_alignment_missing,alignment_and_analysis,D:\mfa_eojeol\r3\common_pron_mfa_r3_20260809\markers\ALIGN_DONE_2025.json
774,2025,SDRW2500002305.1.1.25,SDRW2500002305,4.94,494,근데 옥수수만 짠맛이지 딴 소스가 짠맛은 아니지,4,False,False,False,,mfa_alignment_missing,alignment_and_analysis,D:\mfa_eojeol\r3\common_pron_mfa_r3_20260809\markers\ALIGN_DONE_2025.json
775,2025,SDRW2500002305.1.1.253,SDRW2500002305,3.742437,374,고객 센터에 전화해서 틀리 어 뭐 이렇게 물어봤거든,4,False,False,False,,mfa_alignment_missing,alignment_and_analysis,D:\mfa_eojeol\r3\common_pron_mfa_r3_20260809\markers\ALIGN_DONE_2025.json
776,2025,SDRW2500002305.1.1.254,SDRW2500002305,5.357812,536,근데 그 시에스들은 이 애플이 잘되거나 못 되거나 관심이 없잖아,4,False,False,False,,mfa_alignment_missing,alignment_and_analysis,D:\mfa_eojeol\r3\common_pron_mfa_r3_20260809\markers\ALIGN_DONE_2025.json
777,2025,SDRW2500002305.1.1.29,SDRW2500002305,3.306687,331,그게 그거 뭐냐 우유 갈아서 만든 우유 빙수야 아니,4,False,False,False,,mfa_alignment_missing,alignment_and_analysis,D:\mfa_eojeol\r3\common_pron_mfa_r3_20260809\markers\ALIGN_DONE_2025.json
778,2025,SDRW2500002305.1.1.3,SDRW2500002305,4.159688,416,그 육십계치킨에서 쯔란 윙봉이라고 나왔다,4,False,False,False,,mfa_alignment_missing,alignment_and_analysis,D:\mfa_eojeol\r3\common_pron_mfa_r3_20260809\markers\ALIGN_DONE_2025.json
779,2025,SDRW2500002305.1.1.31,SDRW2500002305,1.335875,134,그럼 더 더 비싸,4,False,False,False,,mfa_alignment_missing,alignment_and_analysis,D:\mfa_eojeol\r3\common_pron_mfa_r3_20260809\markers\ALIGN_DONE_2025.json
780,2025,SDRW2500002305.1.1.35,SDRW2500002305,4.157312,416,나 요즘 뱃살이 너무 안 빠져 가지고 나 매일 아침에 맨날 러닝해,4,False,False,False,,mfa_alignment_missing,alignment_and_analysis,D:\mfa_eojeol\r3\common_pron_mfa_r3_20260809\markers\ALIGN_DONE_2025.json
781,2025,SDRW2500002305.1.1.39,SDRW2500002305,1.041625,104,응 탑동,4,False,False,False,,mfa_alignment_missing,alignment_and_analysis,D:\mfa_eojeol\r3\common_pron_mfa_r3_20260809\markers\ALIGN_DONE_2025.json
782,2025,SDRW2500002305.1.1.42,SDRW2500002305,4.72125,472,근데 왜 땀도 많이 나는데 몸무게가 계속 그대롤까,4,False,False,False,,mfa_alignment_missing,alignment_and_analysis,D:\mfa_eojeol\r3\common_pron_mfa_r3_20260809\markers\ALIGN_DONE_2025.json
783,2025,SDRW2500002305.1.1.45,SDRW2500002305,1.570188,157,인터벌로 했어,4,False,False,False,,mfa_alignment_missing,alignment_and_analysis,D:\mfa_eojeol\r3\common_pron_mfa_r3_20260809\markers\ALIGN_DONE_2025.json
784,2025,SDRW2500002305.1.1.46,SDRW2500002305,3.904125,390,왜냐하면 인터벌할 수밖에 없어 왜냐하면 계속 못 뛰어 힘들어서,4,False,False,False,,mfa_alignment_missing,alignment_and_analysis,D:\mfa_eojeol\r3\common_pron_mfa_r3_20260809\markers\ALIGN_DONE_2025.json
785,2025,SDRW2500002305.1.1.48,SDRW2500002305,3.810062,381,어 땀은 진짜 많이 나는데 체지방이 안 떨어져,4,False,False,False,,mfa_alignment_missing,alignment_and_analysis,D:\mfa_eojeol\r3\common_pron_mfa_r3_20260809\markers\ALIGN_DONE_2025.json
786,2025,SDRW2500002305.1.1.5,SDRW2500002305,2.908313,291,그래서 정말 게 눈 감추듯이 먹었는데,4,False,False,False,,mfa_alignment_missing,alignment_and_analysis,D:\mfa_eojeol\r3\common_pron_mfa_r3_20260809\markers\ALIGN_DONE_2025.json
787,2025,SDRW2500002305.1.1.50,SDRW2500002305,4.933937,493,나 운동하는 거에머랑 먹는 걸 생각하면 정말 쭉쭉 빠져야 되거든,4,False,False,False,,mfa_alignment_missing,alignment_and_analysis,D:\mfa_eojeol\r3\common_pron_mfa_r3_20260809\markers\ALIGN_DONE_2025.json
788,2025,SDRW2500002305.1.1.55,SDRW2500002305,1.565313,157,호르몬 짜증나,4,False,False,False,,mfa_alignment_missing,alignment_and_analysis,D:\mfa_eojeol\r3\common_pron_mfa_r3_20260809\markers\ALIGN_DONE_2025.json
789,2025,SDRW2500002305.1.1.57,SDRW2500002305,6.37425,637,아무 이유 없어 그냥 아무리 생각해도 그냥 아무 이유가 없는 걸로 봐서 호르몬일 거 같아 어,4,False,False,False,,mfa_alignment_missing,alignment_and_analysis,D:\mfa_eojeol\r3\common_pron_mfa_r3_20260809\markers\ALIGN_DONE_2025.json
790,2025,SDRW2500002305.1.1.6,SDRW2500002305,4.907375,491,약간 그 양고기의 쯔란 땜에 중독성이 있어서 계속 생각나,4,False,False,False,,mfa_alignment_missing,alignment_and_analysis,D:\mfa_eojeol\r3\common_pron_mfa_r3_20260809\markers\ALIGN_DONE_2025.json
791,2025,SDRW2500002305.1.1.61,SDRW2500002305,2.812,281,온 세상 사람 호르몬 다 가 다 갖고 있거든,4,False,False,False,,mfa_alignment_missing,alignment_and_analysis,D:\mfa_eojeol\r3\common_pron_mfa_r3_20260809\markers\ALIGN_DONE_2025.json
792,2025,SDRW2500002305.1.1.64,SDRW2500002305,3.152625,315,치킨은 맛있었지만 기분은 안 좋았다,4,False,False,False,,mfa_alignment_missing,alignment_and_analysis,D:\mfa_eojeol\r3\common_pron_mfa_r3_20260809\markers\ALIGN_DONE_2025.json
793,2025,SDRW2500002305.1.1.66,SDRW2500002305,2.536625,254,아니야 진짜 맛있었다밖에 없어,4,False,False,False,,mfa_alignment_missing,alignment_and_analysis,D:\mfa_eojeol\r3\common_pron_mfa_r3_20260809\markers\ALIGN_DONE_2025.json
794,2025,SDRW2500002305.1.1.67,SDRW2500002305,8.601812,860,그래서 서울에서나 먹지 나 원래 배민은 혼자 안 시키잖아 제주도에서 안 시켰잖아 근데 다시는 시키지 않으리라 마음을 먹었어,4,False,False,False,,mfa_alignment_missing,alignment_and_analysis,D:\mfa_eojeol\r3\common_pron_mfa_r3_20260809\markers\ALIGN_DONE_2025.json
795,2025,SDRW2500002305.1.1.68,SDRW2500002305,4.234438,423,아 한 네 명이 넘어가면 시켜서 맛만 보는 건 할 수 있어,4,False,False,False,,mfa_alignment_missing,alignment_and_analysis,D:\mfa_eojeol\r3\common_pron_mfa_r3_20260809\markers\ALIGN_DONE_2025.json
796,2025,SDRW2500002305.1.1.74,SDRW2500002305,4.975062,498,약간 교촌에 교촌의 매운맛에서 쯔란이 들어간 맛이라니까,4,False,False,False,,mfa_alignment_missing,alignment_and_analysis,D:\mfa_eojeol\r3\common_pron_mfa_r3_20260809\markers\ALIGN_DONE_2025.json
797,2025,SDRW2500002305.1.1.8,SDRW2500002305,4.017625,402,어 나 배달 음식 진짜 배민 자체를 몇 년 만에 켠 거 같아,4,False,False,False,,mfa_alignment_missing,alignment_and_analysis,D:\mfa_eojeol\r3\common_pron_mfa_r3_20260809\markers\ALIGN_DONE_2025.json
798,2025,SDRW2500002305.1.1.93,SDRW2500002305,5.735625,574,야 근데 삼양에 러닝 거기가 거기도 아 해안가 약간 언덕에 거기,4,False,False,False,,mfa_alignment_missing,alignment_and_analysis,D:\mfa_eojeol\r3\common_pron_mfa_r3_20260809\markers\ALIGN_DONE_2025.json
799,2025,SDRW2500002313.1.1.21,SDRW2500002313,2.9955,300,그 그렇게 보는 거랑 스마트폰으로 보는 거랑,2,False,False,False,,mfa_alignment_missing,alignment_and_analysis,D:\mfa_eojeol\r3\common_pron_mfa_r3_20260809\markers\ALIGN_DONE_2025.json
800,2025,SDRW2500002317.1.1.54,SDRW2500002317,5.352125,535,왜 저렇게 행동을 할까 막 이런 부분들이 저는 너무 속상해 가지구 인제 그랬었는데 한 번씩 그 선생님이 생각나요,1,False,False,False,,mfa_alignment_missing,alignment_and_analysis,D:\mfa_eojeol\r3\common_pron_mfa_r3_20260809\markers\ALIGN_DONE_2025.json
801,2025,SDRW2500002364.1.1.129,SDRW2500002364,1.000188,100,맞죠,2,False,False,False,,mfa_alignment_missing,alignment_and_analysis,D:\mfa_eojeol\r3\common_pron_mfa_r3_20260809\markers\ALIGN_DONE_2025.json
802,2025,SDRW2500002364.1.1.87,SDRW2500002364,1.4205,142,맞아요,2,False,False,False,,mfa_alignment_missing,alignment_and_analysis,D:\mfa_eojeol\r3\common_pron_mfa_r3_20260809\markers\ALIGN_DONE_2025.json
